solid 
 facet normal -6.830030e-01 -1.836260e-01 -7.069572e-01
   outer loop
     vertex  2.524163e+02  7.367505e+01  2.089650e+01
     vertex  2.518877e+02  7.564116e+01  2.089650e+01
     vertex  2.524145e+02  7.579935e+01  2.034650e+01
   endloop
 endfacet
 facet normal -6.830030e-01 -1.836260e-01 -7.069572e-01
   outer loop
     vertex  2.529514e+02  7.380234e+01  2.034650e+01
     vertex  2.524163e+02  7.367505e+01  2.089650e+01
     vertex  2.524145e+02  7.579935e+01  2.034650e+01
   endloop
 endfacet
 facet normal -6.925243e-01 -1.436023e-01 -7.069572e-01
   outer loop
     vertex  2.533712e+02  7.177749e+01  2.034650e+01
     vertex  2.528297e+02  7.168153e+01  2.089650e+01
     vertex  2.524163e+02  7.367505e+01  2.089650e+01
   endloop
 endfacet
 facet normal -6.925243e-01 -1.436023e-01 -7.069572e-01
   outer loop
     vertex  2.533712e+02  7.177749e+01  2.034650e+01
     vertex  2.524163e+02  7.367505e+01  2.089650e+01
     vertex  2.529514e+02  7.380234e+01  2.034650e+01
   endloop
 endfacet
 facet normal -6.997024e-01 -1.030926e-01 -7.069572e-01
   outer loop
     vertex  2.531264e+02  6.966734e+01  2.089650e+01
     vertex  2.528297e+02  7.168153e+01  2.089650e+01
     vertex  2.533712e+02  7.177749e+01  2.034650e+01
   endloop
 endfacet
 facet normal -6.997024e-01 -1.030926e-01 -7.069572e-01
   outer loop
     vertex  2.536727e+02  6.973165e+01  2.034650e+01
     vertex  2.531264e+02  6.966734e+01  2.089650e+01
     vertex  2.533712e+02  7.177749e+01  2.034650e+01
   endloop
 endfacet
 facet normal  4.009557e-01 -9.160974e-01 -1.622680e-16
   outer loop
     vertex  1.726449e+02  8.222856e+01 -6.003504e+00
     vertex  1.721812e+02  8.202558e+01 -1.600350e+01
     vertex  1.726449e+02  8.222856e+01 -1.600350e+01
   endloop
 endfacet
 facet normal  4.009557e-01 -9.160974e-01  1.139585e-15
   outer loop
     vertex  1.721812e+02  8.202558e+01 -6.003504e+00
     vertex  1.721812e+02  8.202558e+01 -1.600350e+01
     vertex  1.726449e+02  8.222856e+01 -6.003504e+00
   endloop
 endfacet
 facet normal  6.085412e-01 -7.935223e-01  3.459156e-15
   outer loop
     vertex  1.717794e+02  8.171750e+01 -6.003504e+00
     vertex  1.717794e+02  8.171750e+01 -1.600350e+01
     vertex  1.721812e+02  8.202558e+01 -1.600350e+01
   endloop
 endfacet
 facet normal  7.807604e-01 -6.248306e-01  4.438109e-15
   outer loop
     vertex  1.717794e+02  8.171750e+01 -6.003504e+00
     vertex  1.714631e+02  8.132224e+01 -1.600350e+01
     vertex  1.717794e+02  8.171750e+01 -1.600350e+01
   endloop
 endfacet
 facet normal  6.085412e-01 -7.935223e-01  1.729741e-15
   outer loop
     vertex  1.717794e+02  8.171750e+01 -6.003504e+00
     vertex  1.721812e+02  8.202558e+01 -1.600350e+01
     vertex  1.721812e+02  8.202558e+01 -6.003504e+00
   endloop
 endfacet
 facet normal  7.807604e-01 -6.248306e-01  3.550171e-15
   outer loop
     vertex  1.714631e+02  8.132224e+01 -6.003504e+00
     vertex  1.714631e+02  8.132224e+01 -1.600350e+01
     vertex  1.717794e+02  8.171750e+01 -6.003504e+00
   endloop
 endfacet
 facet normal  9.076046e-01 -4.198259e-01  4.562527e-15
   outer loop
     vertex  1.712506e+02  8.086276e+01 -6.003504e+00
     vertex  1.712506e+02  8.086276e+01 -1.600350e+01
     vertex  1.714631e+02  8.132224e+01 -1.600350e+01
   endloop
 endfacet
 facet normal  9.076046e-01 -4.198259e-01  4.561472e-15
   outer loop
     vertex  1.712506e+02  8.086276e+01 -6.003504e+00
     vertex  1.714631e+02  8.132224e+01 -1.600350e+01
     vertex  1.714631e+02  8.132224e+01 -6.003504e+00
   endloop
 endfacet
 facet normal  9.817022e-01 -1.904225e-01  5.039118e-15
   outer loop
     vertex  1.711542e+02  8.036577e+01 -6.003504e+00
     vertex  1.711542e+02  8.036577e+01 -1.600350e+01
     vertex  1.712506e+02  8.086276e+01 -1.600350e+01
   endloop
 endfacet
 facet normal  9.987468e-01  5.004751e-02  5.819462e-15
   outer loop
     vertex  1.711542e+02  8.036577e+01 -6.003504e+00
     vertex  1.711795e+02  7.986015e+01 -1.600350e+01
     vertex  1.711542e+02  8.036577e+01 -1.600350e+01
   endloop
 endfacet
 facet normal  9.817022e-01 -1.904225e-01  5.309839e-15
   outer loop
     vertex  1.711542e+02  8.036577e+01 -6.003504e+00
     vertex  1.712506e+02  8.086276e+01 -1.600350e+01
     vertex  1.712506e+02  8.086276e+01 -6.003504e+00
   endloop
 endfacet
 facet normal  9.987468e-01  5.004751e-02  8.658071e-15
   outer loop
     vertex  1.711795e+02  7.986015e+01 -6.003504e+00
     vertex  1.711795e+02  7.986015e+01 -1.600350e+01
     vertex  1.711542e+02  8.036577e+01 -6.003504e+00
   endloop
 endfacet
 facet normal  9.577479e-01  2.876090e-01  2.722083e-15
   outer loop
     vertex  1.713251e+02  7.937528e+01 -6.003504e+00
     vertex  1.713251e+02  7.937528e+01 -1.600350e+01
     vertex  1.711795e+02  7.986015e+01 -1.600350e+01
   endloop
 endfacet
 facet normal  9.577479e-01  2.876090e-01  8.983140e-15
   outer loop
     vertex  1.713251e+02  7.937528e+01 -6.003504e+00
     vertex  1.711795e+02  7.986015e+01 -1.600350e+01
     vertex  1.711795e+02  7.986015e+01 -6.003504e+00
   endloop
 endfacet
 facet normal  8.610882e-01  5.084557e-01  6.339837e-15
   outer loop
     vertex  1.715825e+02  7.893936e+01 -6.003504e+00
     vertex  1.715825e+02  7.893936e+01 -1.600350e+01
     vertex  1.713251e+02  7.937528e+01 -1.600350e+01
   endloop
 endfacet
 facet normal  8.610882e-01  5.084557e-01  2.447954e-15
   outer loop
     vertex  1.715825e+02  7.893936e+01 -6.003504e+00
     vertex  1.713251e+02  7.937528e+01 -1.600350e+01
     vertex  1.713251e+02  7.937528e+01 -6.003504e+00
   endloop
 endfacet
 facet normal  7.143851e-01  6.997528e-01  2.030405e-15
   outer loop
     vertex  1.719368e+02  7.857770e+01 -6.003504e+00
     vertex  1.719368e+02  7.857770e+01 -1.600350e+01
     vertex  1.715825e+02  7.893936e+01 -1.600350e+01
   endloop
 endfacet
 facet normal  7.143851e-01  6.997528e-01  6.047240e-15
   outer loop
     vertex  1.719368e+02  7.857770e+01 -6.003504e+00
     vertex  1.715825e+02  7.893936e+01 -1.600350e+01
     vertex  1.715825e+02  7.893936e+01 -6.003504e+00
   endloop
 endfacet
 facet normal  5.261646e-01  8.503828e-01  2.703916e-15
   outer loop
     vertex  1.723673e+02  7.831132e+01 -6.003504e+00
     vertex  1.723673e+02  7.831132e+01 -1.600350e+01
     vertex  1.719368e+02  7.857770e+01 -1.600350e+01
   endloop
 endfacet
 facet normal  5.261646e-01  8.503828e-01  1.496733e-15
   outer loop
     vertex  1.723673e+02  7.831132e+01 -6.003504e+00
     vertex  1.719368e+02  7.857770e+01 -1.600350e+01
     vertex  1.719368e+02  7.857770e+01 -6.003504e+00
   endloop
 endfacet
 facet normal  3.073653e-01  9.515916e-01  4.451755e-15
   outer loop
     vertex  1.728490e+02  7.815572e+01 -6.003504e+00
     vertex  1.728490e+02  7.815572e+01 -1.600350e+01
     vertex  1.723673e+02  7.831132e+01 -1.600350e+01
   endloop
 endfacet
 facet normal  7.070302e-02  9.974974e-01  3.236958e-15
   outer loop
     vertex  1.728490e+02  7.815572e+01 -6.003504e+00
     vertex  1.733540e+02  7.811992e+01 -1.600350e+01
     vertex  1.728490e+02  7.815572e+01 -1.600350e+01
   endloop
 endfacet
 facet normal  3.073653e-01  9.515916e-01  2.225911e-15
   outer loop
     vertex  1.728490e+02  7.815572e+01 -6.003504e+00
     vertex  1.723673e+02  7.831132e+01 -1.600350e+01
     vertex  1.723673e+02  7.831132e+01 -6.003504e+00
   endloop
 endfacet
 facet normal  7.070302e-02  9.974974e-01  1.819429e-15
   outer loop
     vertex  1.733540e+02  7.811992e+01 -6.003504e+00
     vertex  1.733540e+02  7.811992e+01 -1.600350e+01
     vertex  1.728490e+02  7.815572e+01 -6.003504e+00
   endloop
 endfacet
 facet normal -1.700682e-01  9.854323e-01  4.336575e-16
   outer loop
     vertex  1.738529e+02  7.820602e+01 -6.003504e+00
     vertex  1.738529e+02  7.820602e+01 -1.600350e+01
     vertex  1.733540e+02  7.811992e+01 -1.600350e+01
   endloop
 endfacet
 facet normal -1.700682e-01  9.854323e-01  4.331206e-16
   outer loop
     vertex  1.738529e+02  7.820602e+01 -6.003504e+00
     vertex  1.733540e+02  7.811992e+01 -1.600350e+01
     vertex  1.733540e+02  7.811992e+01 -6.003504e+00
   endloop
 endfacet
 facet normal  4.009557e-01 -9.160974e-01  9.773168e-16
   outer loop
     vertex  1.556370e+02  6.063423e+01 -6.003504e+00
     vertex  1.550849e+02  6.039258e+01 -1.600350e+01
     vertex  1.556370e+02  6.063423e+01 -1.600350e+01
   endloop
 endfacet
 facet normal  4.009557e-01 -9.160974e-01  3.263904e-16
   outer loop
     vertex  1.550849e+02  6.039258e+01 -6.003504e+00
     vertex  1.550849e+02  6.039258e+01 -1.600350e+01
     vertex  1.556370e+02  6.063423e+01 -6.003504e+00
   endloop
 endfacet
 facet normal  6.085412e-01 -7.935223e-01  3.808348e-17
   outer loop
     vertex  1.546067e+02  6.002583e+01 -6.003504e+00
     vertex  1.546067e+02  6.002583e+01 -1.600350e+01
     vertex  1.550849e+02  6.039258e+01 -1.600350e+01
   endloop
 endfacet
 facet normal  7.807604e-01 -6.248306e-01  8.871480e-16
   outer loop
     vertex  1.546067e+02  6.002583e+01 -6.003504e+00
     vertex  1.542301e+02  5.955528e+01 -1.600350e+01
     vertex  1.546067e+02  6.002583e+01 -1.600350e+01
   endloop
 endfacet
 facet normal  6.085412e-01 -7.935223e-01  1.768448e-15
   outer loop
     vertex  1.546067e+02  6.002583e+01 -6.003504e+00
     vertex  1.550849e+02  6.039258e+01 -1.600350e+01
     vertex  1.550849e+02  6.039258e+01 -6.003504e+00
   endloop
 endfacet
 facet normal  7.807604e-01 -6.248306e-01  3.550171e-15
   outer loop
     vertex  1.542301e+02  5.955528e+01 -6.003504e+00
     vertex  1.542301e+02  5.955528e+01 -1.600350e+01
     vertex  1.546067e+02  6.002583e+01 -6.003504e+00
   endloop
 endfacet
 facet normal  9.076046e-01 -4.198259e-01  4.562527e-15
   outer loop
     vertex  1.539771e+02  5.900828e+01 -6.003504e+00
     vertex  1.539771e+02  5.900828e+01 -1.600350e+01
     vertex  1.542301e+02  5.955528e+01 -1.600350e+01
   endloop
 endfacet
 facet normal  9.076046e-01 -4.198259e-01  4.559279e-15
   outer loop
     vertex  1.539771e+02  5.900828e+01 -6.003504e+00
     vertex  1.542301e+02  5.955528e+01 -1.600350e+01
     vertex  1.542301e+02  5.955528e+01 -6.003504e+00
   endloop
 endfacet
 facet normal  9.817022e-01 -1.904225e-01  2.519559e-15
   outer loop
     vertex  1.538623e+02  5.841662e+01 -6.003504e+00
     vertex  1.538623e+02  5.841662e+01 -1.600350e+01
     vertex  1.539771e+02  5.900828e+01 -1.600350e+01
   endloop
 endfacet
 facet normal  9.987468e-01  5.004751e-02  2.909731e-15
   outer loop
     vertex  1.538623e+02  5.841662e+01 -6.003504e+00
     vertex  1.538925e+02  5.781469e+01 -1.600350e+01
     vertex  1.538623e+02  5.841662e+01 -1.600350e+01
   endloop
 endfacet
 facet normal  9.817022e-01 -1.904225e-01  5.309949e-15
   outer loop
     vertex  1.538623e+02  5.841662e+01 -6.003504e+00
     vertex  1.539771e+02  5.900828e+01 -1.600350e+01
     vertex  1.539771e+02  5.900828e+01 -6.003504e+00
   endloop
 endfacet
 facet normal  9.987468e-01  5.004751e-02  5.748340e-15
   outer loop
     vertex  1.538925e+02  5.781469e+01 -6.003504e+00
     vertex  1.538925e+02  5.781469e+01 -1.600350e+01
     vertex  1.538623e+02  5.841662e+01 -6.003504e+00
   endloop
 endfacet
 facet normal  9.577479e-01  2.876090e-01  1.150141e-14
   outer loop
     vertex  1.540658e+02  5.723747e+01 -6.003504e+00
     vertex  1.540658e+02  5.723747e+01 -1.600350e+01
     vertex  1.538925e+02  5.781469e+01 -1.600350e+01
   endloop
 endfacet
 facet normal  9.577479e-01  2.876090e-01  5.853378e-15
   outer loop
     vertex  1.540658e+02  5.723747e+01 -6.003504e+00
     vertex  1.538925e+02  5.781469e+01 -1.600350e+01
     vertex  1.538925e+02  5.781469e+01 -6.003504e+00
   endloop
 endfacet
 facet normal  8.610882e-01  5.084557e-01  5.617279e-15
   outer loop
     vertex  1.543723e+02  5.671851e+01 -6.003504e+00
     vertex  1.543723e+02  5.671851e+01 -1.600350e+01
     vertex  1.540658e+02  5.723747e+01 -1.600350e+01
   endloop
 endfacet
 facet normal  8.610882e-01  5.084557e-01  1.087319e-14
   outer loop
     vertex  1.543723e+02  5.671851e+01 -6.003504e+00
     vertex  1.540658e+02  5.723747e+01 -1.600350e+01
     vertex  1.540658e+02  5.723747e+01 -6.003504e+00
   endloop
 endfacet
 facet normal  7.143851e-01  6.997528e-01  4.558013e-15
   outer loop
     vertex  1.547940e+02  5.628796e+01 -6.003504e+00
     vertex  1.547940e+02  5.628796e+01 -1.600350e+01
     vertex  1.543723e+02  5.671851e+01 -1.600350e+01
   endloop
 endfacet
 facet normal  7.143851e-01  6.997528e-01  5.052050e-15
   outer loop
     vertex  1.547940e+02  5.628796e+01 -6.003504e+00
     vertex  1.543723e+02  5.671851e+01 -1.600350e+01
     vertex  1.543723e+02  5.671851e+01 -6.003504e+00
   endloop
 endfacet
 facet normal  5.261646e-01  8.503828e-01  4.199366e-15
   outer loop
     vertex  1.553065e+02  5.597085e+01 -6.003504e+00
     vertex  1.553065e+02  5.597085e+01 -1.600350e+01
     vertex  1.547940e+02  5.628796e+01 -1.600350e+01
   endloop
 endfacet
 facet normal  5.261646e-01  8.503828e-01  3.596765e-15
   outer loop
     vertex  1.553065e+02  5.597085e+01 -6.003504e+00
     vertex  1.547940e+02  5.628796e+01 -1.600350e+01
     vertex  1.547940e+02  5.628796e+01 -6.003504e+00
   endloop
 endfacet
 facet normal  3.073653e-01  9.515916e-01  2.423316e-15
   outer loop
     vertex  1.558800e+02  5.578561e+01 -6.003504e+00
     vertex  1.558800e+02  5.578561e+01 -1.600350e+01
     vertex  1.553065e+02  5.597085e+01 -1.600350e+01
   endloop
 endfacet
 facet normal  7.070302e-02  9.974974e-01  1.110665e-15
   outer loop
     vertex  1.558800e+02  5.578561e+01 -6.003504e+00
     vertex  1.564812e+02  5.574300e+01 -1.600350e+01
     vertex  1.558800e+02  5.578561e+01 -1.600350e+01
   endloop
 endfacet
 facet normal  3.073653e-01  9.515916e-01  3.099389e-15
   outer loop
     vertex  1.558800e+02  5.578561e+01 -6.003504e+00
     vertex  1.553065e+02  5.597085e+01 -1.600350e+01
     vertex  1.553065e+02  5.597085e+01 -6.003504e+00
   endloop
 endfacet
 facet normal  7.070302e-02  9.974974e-01  1.819429e-15
   outer loop
     vertex  1.564812e+02  5.574300e+01 -6.003504e+00
     vertex  1.564812e+02  5.574300e+01 -1.600350e+01
     vertex  1.558800e+02  5.578561e+01 -6.003504e+00
   endloop
 endfacet
 facet normal -1.700682e-01  9.854323e-01  4.336575e-16
   outer loop
     vertex  1.570751e+02  5.584549e+01 -6.003504e+00
     vertex  1.570751e+02  5.584549e+01 -1.600350e+01
     vertex  1.564812e+02  5.574300e+01 -1.600350e+01
   endloop
 endfacet
 facet normal -1.700682e-01  9.854323e-01  4.329013e-16
   outer loop
     vertex  1.570751e+02  5.584549e+01 -6.003504e+00
     vertex  1.564812e+02  5.574300e+01 -1.600350e+01
     vertex  1.564812e+02  5.574300e+01 -6.003504e+00
   endloop
 endfacet
 facet normal  4.009557e-01 -9.160974e-01  3.263904e-16
   outer loop
     vertex  1.650777e+02  4.136565e+01 -6.003504e+00
     vertex  1.647244e+02  4.121099e+01 -1.600350e+01
     vertex  1.650777e+02  4.136565e+01 -1.600350e+01
   endloop
 endfacet
 facet normal  4.009557e-01 -9.160974e-01  3.263904e-16
   outer loop
     vertex  1.647244e+02  4.121099e+01 -6.003504e+00
     vertex  1.647244e+02  4.121099e+01 -1.600350e+01
     vertex  1.650777e+02  4.136565e+01 -6.003504e+00
   endloop
 endfacet
 facet normal  6.085412e-01 -7.935223e-01  2.331493e-15
   outer loop
     vertex  1.644183e+02  4.097627e+01 -6.003504e+00
     vertex  1.644183e+02  4.097627e+01 -1.600350e+01
     vertex  1.647244e+02  4.121099e+01 -1.600350e+01
   endloop
 endfacet
 facet normal  7.807604e-01 -6.248306e-01  3.550171e-15
   outer loop
     vertex  1.644183e+02  4.097627e+01 -6.003504e+00
     vertex  1.641773e+02  4.067511e+01 -1.600350e+01
     vertex  1.644183e+02  4.097627e+01 -1.600350e+01
   endloop
 endfacet
 facet normal  6.085412e-01 -7.935223e-01  1.766577e-15
   outer loop
     vertex  1.644183e+02  4.097627e+01 -6.003504e+00
     vertex  1.647244e+02  4.121099e+01 -1.600350e+01
     vertex  1.647244e+02  4.121099e+01 -6.003504e+00
   endloop
 endfacet
 facet normal  7.807604e-01 -6.248306e-01  3.106203e-15
   outer loop
     vertex  1.641773e+02  4.067511e+01 -6.003504e+00
     vertex  1.641773e+02  4.067511e+01 -1.600350e+01
     vertex  1.644183e+02  4.097627e+01 -6.003504e+00
   endloop
 endfacet
 facet normal  9.076046e-01 -4.198259e-01  4.562527e-15
   outer loop
     vertex  1.640154e+02  4.032504e+01 -6.003504e+00
     vertex  1.640154e+02  4.032504e+01 -1.600350e+01
     vertex  1.641773e+02  4.067511e+01 -1.600350e+01
   endloop
 endfacet
 facet normal  9.076046e-01 -4.198259e-01  4.263531e-15
   outer loop
     vertex  1.640154e+02  4.032504e+01 -6.003504e+00
     vertex  1.641773e+02  4.067511e+01 -1.600350e+01
     vertex  1.641773e+02  4.067511e+01 -6.003504e+00
   endloop
 endfacet
 facet normal  9.817022e-01 -1.904225e-01  2.519559e-15
   outer loop
     vertex  1.639419e+02  3.994638e+01 -6.003504e+00
     vertex  1.639419e+02  3.994638e+01 -1.600350e+01
     vertex  1.640154e+02  4.032504e+01 -1.600350e+01
   endloop
 endfacet
 facet normal  9.987468e-01  5.004751e-02  2.909731e-15
   outer loop
     vertex  1.639419e+02  3.994638e+01 -6.003504e+00
     vertex  1.639612e+02  3.956114e+01 -1.600350e+01
     vertex  1.639419e+02  3.994638e+01 -1.600350e+01
   endloop
 endfacet
 facet normal  9.817022e-01 -1.904225e-01  5.309625e-15
   outer loop
     vertex  1.639419e+02  3.994638e+01 -6.003504e+00
     vertex  1.640154e+02  4.032504e+01 -1.600350e+01
     vertex  1.640154e+02  4.032504e+01 -6.003504e+00
   endloop
 endfacet
 facet normal  9.987468e-01  5.004751e-02  8.658071e-15
   outer loop
     vertex  1.639612e+02  3.956114e+01 -6.003504e+00
     vertex  1.639612e+02  3.956114e+01 -1.600350e+01
     vertex  1.639419e+02  3.994638e+01 -6.003504e+00
   endloop
 endfacet
 facet normal  9.577479e-01  2.876090e-01  6.057242e-15
   outer loop
     vertex  1.640722e+02  3.919172e+01 -6.003504e+00
     vertex  1.640722e+02  3.919172e+01 -1.600350e+01
     vertex  1.639612e+02  3.956114e+01 -1.600350e+01
   endloop
 endfacet
 facet normal  9.577479e-01  2.876090e-01  8.983997e-15
   outer loop
     vertex  1.640722e+02  3.919172e+01 -6.003504e+00
     vertex  1.639612e+02  3.956114e+01 -1.600350e+01
     vertex  1.639612e+02  3.956114e+01 -6.003504e+00
   endloop
 endfacet
 facet normal  8.610882e-01  5.084557e-01  5.617279e-15
   outer loop
     vertex  1.642683e+02  3.885959e+01 -6.003504e+00
     vertex  1.642683e+02  3.885959e+01 -1.600350e+01
     vertex  1.640722e+02  3.919172e+01 -1.600350e+01
   endloop
 endfacet
 facet normal  8.610882e-01  5.084557e-01  5.979737e-15
   outer loop
     vertex  1.642683e+02  3.885959e+01 -6.003504e+00
     vertex  1.640722e+02  3.919172e+01 -1.600350e+01
     vertex  1.640722e+02  3.919172e+01 -6.003504e+00
   endloop
 endfacet
 facet normal  7.143851e-01  6.997528e-01  4.558013e-15
   outer loop
     vertex  1.645382e+02  3.858403e+01 -6.003504e+00
     vertex  1.645382e+02  3.858403e+01 -1.600350e+01
     vertex  1.642683e+02  3.885959e+01 -1.600350e+01
   endloop
 endfacet
 facet normal  7.143851e-01  6.997528e-01  5.055072e-15
   outer loop
     vertex  1.645382e+02  3.858403e+01 -6.003504e+00
     vertex  1.642683e+02  3.885959e+01 -1.600350e+01
     vertex  1.642683e+02  3.885959e+01 -6.003504e+00
   endloop
 endfacet
 facet normal  5.261646e-01  8.503828e-01  2.099683e-15
   outer loop
     vertex  1.648662e+02  3.838108e+01 -6.003504e+00
     vertex  1.648662e+02  3.838108e+01 -1.600350e+01
     vertex  1.645382e+02  3.858403e+01 -1.600350e+01
   endloop
 endfacet
 facet normal  5.261646e-01  8.503828e-01  3.594318e-15
   outer loop
     vertex  1.648662e+02  3.838108e+01 -6.003504e+00
     vertex  1.645382e+02  3.858403e+01 -1.600350e+01
     vertex  1.645382e+02  3.858403e+01 -6.003504e+00
   endloop
 endfacet
 facet normal  3.073653e-01  9.515916e-01  5.325340e-15
   outer loop
     vertex  1.652332e+02  3.826253e+01 -6.003504e+00
     vertex  1.652332e+02  3.826253e+01 -1.600350e+01
     vertex  1.648662e+02  3.838108e+01 -1.600350e+01
   endloop
 endfacet
 facet normal  7.070302e-02  9.974974e-01  3.437908e-15
   outer loop
     vertex  1.652332e+02  3.826253e+01 -6.003504e+00
     vertex  1.656180e+02  3.823526e+01 -1.600350e+01
     vertex  1.652332e+02  3.826253e+01 -1.600350e+01
   endloop
 endfacet
 facet normal  3.073653e-01  9.515916e-01  1.550702e-15
   outer loop
     vertex  1.652332e+02  3.826253e+01 -6.003504e+00
     vertex  1.648662e+02  3.838108e+01 -1.600350e+01
     vertex  1.648662e+02  3.838108e+01 -6.003504e+00
   endloop
 endfacet
 facet normal  7.070302e-02  9.974974e-01  2.729144e-15
   outer loop
     vertex  1.656180e+02  3.823526e+01 -6.003504e+00
     vertex  1.656180e+02  3.823526e+01 -1.600350e+01
     vertex  1.652332e+02  3.826253e+01 -6.003504e+00
   endloop
 endfacet
 facet normal -1.700682e-01  9.854323e-01 -7.498973e-16
   outer loop
     vertex  1.659981e+02  3.830085e+01 -6.003504e+00
     vertex  1.659981e+02  3.830085e+01 -1.600350e+01
     vertex  1.656180e+02  3.823526e+01 -1.600350e+01
   endloop
 endfacet
 facet normal -1.700682e-01  9.854323e-01  6.503233e-16
   outer loop
     vertex  1.659981e+02  3.830085e+01 -6.003504e+00
     vertex  1.656180e+02  3.823526e+01 -1.600350e+01
     vertex  1.656180e+02  3.823526e+01 -6.003504e+00
   endloop
 endfacet
 facet normal  4.009557e-01 -9.160974e-01  3.263904e-16
   outer loop
     vertex  1.718286e+02  4.804965e+01 -6.003504e+00
     vertex  1.714753e+02  4.789499e+01 -1.600350e+01
     vertex  1.718286e+02  4.804965e+01 -1.600350e+01
   endloop
 endfacet
 facet normal  4.009557e-01 -9.160974e-01  9.773168e-16
   outer loop
     vertex  1.714753e+02  4.789499e+01 -6.003504e+00
     vertex  1.714753e+02  4.789499e+01 -1.600350e+01
     vertex  1.718286e+02  4.804965e+01 -6.003504e+00
   endloop
 endfacet
 facet normal  6.085412e-01 -7.935223e-01  2.895325e-15
   outer loop
     vertex  1.711692e+02  4.766027e+01 -6.003504e+00
     vertex  1.711692e+02  4.766027e+01 -1.600350e+01
     vertex  1.714753e+02  4.789499e+01 -1.600350e+01
   endloop
 endfacet
 facet normal  7.807604e-01 -6.248306e-01  3.994140e-15
   outer loop
     vertex  1.711692e+02  4.766027e+01 -6.003504e+00
     vertex  1.709282e+02  4.735912e+01 -1.600350e+01
     vertex  1.711692e+02  4.766027e+01 -1.600350e+01
   endloop
 endfacet
 facet normal  6.085412e-01 -7.935223e-01  2.331450e-15
   outer loop
     vertex  1.711692e+02  4.766027e+01 -6.003504e+00
     vertex  1.714753e+02  4.789499e+01 -1.600350e+01
     vertex  1.714753e+02  4.789499e+01 -6.003504e+00
   endloop
 endfacet
 facet normal  7.807604e-01 -6.248306e-01  3.106203e-15
   outer loop
     vertex  1.709282e+02  4.735912e+01 -6.003504e+00
     vertex  1.709282e+02  4.735912e+01 -1.600350e+01
     vertex  1.711692e+02  4.766027e+01 -6.003504e+00
   endloop
 endfacet
 facet normal  9.076046e-01 -4.198259e-01  4.264222e-15
   outer loop
     vertex  1.707662e+02  4.700904e+01 -6.003504e+00
     vertex  1.707662e+02  4.700904e+01 -1.600350e+01
     vertex  1.709282e+02  4.735912e+01 -1.600350e+01
   endloop
 endfacet
 facet normal  9.076046e-01 -4.198259e-01  4.263531e-15
   outer loop
     vertex  1.707662e+02  4.700904e+01 -6.003504e+00
     vertex  1.709282e+02  4.735912e+01 -1.600350e+01
     vertex  1.709282e+02  4.735912e+01 -6.003504e+00
   endloop
 endfacet
 facet normal  9.817022e-01 -1.904225e-01  5.309724e-15
   outer loop
     vertex  1.706928e+02  4.663038e+01 -6.003504e+00
     vertex  1.706928e+02  4.663038e+01 -1.600350e+01
     vertex  1.707662e+02  4.700904e+01 -1.600350e+01
   endloop
 endfacet
 facet normal  9.987468e-01  5.004751e-02  5.748340e-15
   outer loop
     vertex  1.706928e+02  4.663038e+01 -6.003504e+00
     vertex  1.707121e+02  4.624514e+01 -1.600350e+01
     vertex  1.706928e+02  4.663038e+01 -1.600350e+01
   endloop
 endfacet
 facet normal  9.817022e-01 -1.904225e-01  5.173803e-15
   outer loop
     vertex  1.706928e+02  4.663038e+01 -6.003504e+00
     vertex  1.707662e+02  4.700904e+01 -1.600350e+01
     vertex  1.707662e+02  4.700904e+01 -6.003504e+00
   endloop
 endfacet
 facet normal  9.987468e-01  5.004751e-02  5.748340e-15
   outer loop
     vertex  1.707121e+02  4.624514e+01 -6.003504e+00
     vertex  1.707121e+02  4.624514e+01 -1.600350e+01
     vertex  1.706928e+02  4.663038e+01 -6.003504e+00
   endloop
 endfacet
 facet normal  9.577479e-01  2.876090e-01  6.057242e-15
   outer loop
     vertex  1.708230e+02  4.587572e+01 -6.003504e+00
     vertex  1.708230e+02  4.587572e+01 -1.600350e+01
     vertex  1.707121e+02  4.624514e+01 -1.600350e+01
   endloop
 endfacet
 facet normal  9.577479e-01  2.876090e-01  5.853810e-15
   outer loop
     vertex  1.708230e+02  4.587572e+01 -6.003504e+00
     vertex  1.707121e+02  4.624514e+01 -1.600350e+01
     vertex  1.707121e+02  4.624514e+01 -6.003504e+00
   endloop
 endfacet
 facet normal  8.610882e-01  5.084557e-01  5.617279e-15
   outer loop
     vertex  1.710191e+02  4.554359e+01 -6.003504e+00
     vertex  1.710191e+02  4.554359e+01 -1.600350e+01
     vertex  1.708230e+02  4.587572e+01 -1.600350e+01
   endloop
 endfacet
 facet normal  8.610882e-01  5.084557e-01  5.976139e-15
   outer loop
     vertex  1.710191e+02  4.554359e+01 -6.003504e+00
     vertex  1.708230e+02  4.587572e+01 -1.600350e+01
     vertex  1.708230e+02  4.587572e+01 -6.003504e+00
   endloop
 endfacet
 facet normal  7.143851e-01  6.997528e-01  5.552422e-15
   outer loop
     vertex  1.712891e+02  4.526804e+01 -6.003504e+00
     vertex  1.712891e+02  4.526804e+01 -1.600350e+01
     vertex  1.710191e+02  4.554359e+01 -1.600350e+01
   endloop
 endfacet
 facet normal  7.143851e-01  6.997528e-01  5.055072e-15
   outer loop
     vertex  1.712891e+02  4.526804e+01 -6.003504e+00
     vertex  1.710191e+02  4.554359e+01 -1.600350e+01
     vertex  1.710191e+02  4.554359e+01 -6.003504e+00
   endloop
 endfacet
 facet normal  5.261646e-01  8.503828e-01  4.199366e-15
   outer loop
     vertex  1.716171e+02  4.506509e+01 -6.003504e+00
     vertex  1.716171e+02  4.506509e+01 -1.600350e+01
     vertex  1.712891e+02  4.526804e+01 -1.600350e+01
   endloop
 endfacet
 facet normal  5.261646e-01  8.503828e-01  4.803218e-15
   outer loop
     vertex  1.716171e+02  4.506509e+01 -6.003504e+00
     vertex  1.712891e+02  4.526804e+01 -1.600350e+01
     vertex  1.712891e+02  4.526804e+01 -6.003504e+00
   endloop
 endfacet
 facet normal  3.073653e-01  9.515916e-01  3.775609e-15
   outer loop
     vertex  1.719841e+02  4.494653e+01 -6.003504e+00
     vertex  1.719841e+02  4.494653e+01 -1.600350e+01
     vertex  1.716171e+02  4.506509e+01 -1.600350e+01
   endloop
 endfacet
 facet normal  7.070302e-02  9.974974e-01  2.528194e-15
   outer loop
     vertex  1.719841e+02  4.494653e+01 -6.003504e+00
     vertex  1.723689e+02  4.491926e+01 -1.600350e+01
     vertex  1.719841e+02  4.494653e+01 -1.600350e+01
   endloop
 endfacet
 facet normal  3.073653e-01  9.515916e-01  3.099605e-15
   outer loop
     vertex  1.719841e+02  4.494653e+01 -6.003504e+00
     vertex  1.716171e+02  4.506509e+01 -1.600350e+01
     vertex  1.716171e+02  4.506509e+01 -6.003504e+00
   endloop
 endfacet
 facet normal  7.070302e-02  9.974974e-01  7.087645e-16
   outer loop
     vertex  1.723689e+02  4.491926e+01 -6.003504e+00
     vertex  1.723689e+02  4.491926e+01 -1.600350e+01
     vertex  1.719841e+02  4.494653e+01 -6.003504e+00
   endloop
 endfacet
 facet normal -1.700682e-01  9.854323e-01  4.336575e-16
   outer loop
     vertex  1.727490e+02  4.498486e+01 -6.003504e+00
     vertex  1.727490e+02  4.498486e+01 -1.600350e+01
     vertex  1.723689e+02  4.491926e+01 -1.600350e+01
   endloop
 endfacet
 facet normal -1.700682e-01  9.854323e-01  6.997947e-16
   outer loop
     vertex  1.727490e+02  4.498486e+01 -6.003504e+00
     vertex  1.723689e+02  4.491926e+01 -1.600350e+01
     vertex  1.723689e+02  4.491926e+01 -6.003504e+00
   endloop
 endfacet
 facet normal -1.700682e-01  9.854323e-01  1.614857e-15
   outer loop
     vertex  1.327197e+02  2.870382e+01 -1.600350e+01
     vertex  1.353329e+02  2.915481e+01 -9.003504e+00
     vertex  1.353329e+02  2.915481e+01 -1.600350e+01
   endloop
 endfacet
 facet normal -1.700682e-01  9.854323e-01 -1.071282e-15
   outer loop
     vertex  1.327197e+02  2.870382e+01 -1.600350e+01
     vertex  1.327197e+02  2.870382e+01 -9.003504e+00
     vertex  1.353329e+02  2.915481e+01 -9.003504e+00
   endloop
 endfacet
 facet normal  7.070302e-02  9.974974e-01  2.886256e-15
   outer loop
     vertex  1.300746e+02  2.889132e+01 -1.600350e+01
     vertex  1.300746e+02  2.889132e+01 -9.003504e+00
     vertex  1.327197e+02  2.870382e+01 -9.003504e+00
   endloop
 endfacet
 facet normal  3.073653e-01  9.515916e-01  5.675781e-15
   outer loop
     vertex  1.300746e+02  2.889132e+01 -1.600350e+01
     vertex  1.275511e+02  2.970639e+01 -9.003504e+00
     vertex  1.300746e+02  2.889132e+01 -9.003504e+00
   endloop
 endfacet
 facet normal  7.070302e-02  9.974974e-01  1.875028e-15
   outer loop
     vertex  1.300746e+02  2.889132e+01 -1.600350e+01
     vertex  1.327197e+02  2.870382e+01 -9.003504e+00
     vertex  1.327197e+02  2.870382e+01 -1.600350e+01
   endloop
 endfacet
 facet normal  3.073653e-01  9.515916e-01  3.179825e-15
   outer loop
     vertex  1.275511e+02  2.970639e+01 -1.600350e+01
     vertex  1.275511e+02  2.970639e+01 -9.003504e+00
     vertex  1.300746e+02  2.889132e+01 -1.600350e+01
   endloop
 endfacet
 facet normal  5.261646e-01  8.503828e-01  4.067725e-15
   outer loop
     vertex  1.252961e+02  3.110168e+01 -1.600350e+01
     vertex  1.252961e+02  3.110168e+01 -9.003504e+00
     vertex  1.275511e+02  2.970639e+01 -9.003504e+00
   endloop
 endfacet
 facet normal  7.143851e-01  6.997528e-01  5.061159e-15
   outer loop
     vertex  1.252961e+02  3.110168e+01 -1.600350e+01
     vertex  1.234405e+02  3.299609e+01 -9.003504e+00
     vertex  1.252961e+02  3.110168e+01 -9.003504e+00
   endloop
 endfacet
 facet normal  5.261646e-01  8.503828e-01  3.851733e-15
   outer loop
     vertex  1.252961e+02  3.110168e+01 -1.600350e+01
     vertex  1.275511e+02  2.970639e+01 -9.003504e+00
     vertex  1.275511e+02  2.970639e+01 -1.600350e+01
   endloop
 endfacet
 facet normal  7.143851e-01  6.997528e-01  7.221739e-15
   outer loop
     vertex  1.234405e+02  3.299609e+01 -1.600350e+01
     vertex  1.234405e+02  3.299609e+01 -9.003504e+00
     vertex  1.252961e+02  3.110168e+01 -1.600350e+01
   endloop
 endfacet
 facet normal  8.610882e-01  5.084557e-01  8.540797e-15
   outer loop
     vertex  1.220921e+02  3.527953e+01 -1.600350e+01
     vertex  1.220921e+02  3.527953e+01 -9.003504e+00
     vertex  1.234405e+02  3.299609e+01 -9.003504e+00
   endloop
 endfacet
 facet normal  8.610882e-01  5.084557e-01  8.038399e-15
   outer loop
     vertex  1.220921e+02  3.527953e+01 -1.600350e+01
     vertex  1.234405e+02  3.299609e+01 -9.003504e+00
     vertex  1.234405e+02  3.299609e+01 -1.600350e+01
   endloop
 endfacet
 facet normal  9.577479e-01  2.876090e-01  5.833036e-15
   outer loop
     vertex  1.213295e+02  3.781929e+01 -1.600350e+01
     vertex  1.213295e+02  3.781929e+01 -9.003504e+00
     vertex  1.220921e+02  3.527953e+01 -9.003504e+00
   endloop
 endfacet
 facet normal  9.577479e-01  2.876090e-01  8.660418e-15
   outer loop
     vertex  1.213295e+02  3.781929e+01 -1.600350e+01
     vertex  1.220921e+02  3.527953e+01 -9.003504e+00
     vertex  1.220921e+02  3.527953e+01 -1.600350e+01
   endloop
 endfacet
 facet normal  9.987468e-01  5.004751e-02  8.211915e-15
   outer loop
     vertex  1.211967e+02  4.046777e+01 -1.600350e+01
     vertex  1.211967e+02  4.046777e+01 -9.003504e+00
     vertex  1.213295e+02  3.781929e+01 -9.003504e+00
   endloop
 endfacet
 facet normal  9.817022e-01 -1.904225e-01  7.585321e-15
   outer loop
     vertex  1.211967e+02  4.046777e+01 -1.600350e+01
     vertex  1.217017e+02  4.307106e+01 -9.003504e+00
     vertex  1.211967e+02  4.046777e+01 -9.003504e+00
   endloop
 endfacet
 facet normal  9.987468e-01  5.004751e-02  6.082628e-15
   outer loop
     vertex  1.211967e+02  4.046777e+01 -1.600350e+01
     vertex  1.213295e+02  3.781929e+01 -9.003504e+00
     vertex  1.213295e+02  3.781929e+01 -1.600350e+01
   endloop
 endfacet
 facet normal  9.817022e-01 -1.904225e-01  5.399055e-15
   outer loop
     vertex  1.217017e+02  4.307106e+01 -1.600350e+01
     vertex  1.217017e+02  4.307106e+01 -9.003504e+00
     vertex  1.211967e+02  4.046777e+01 -1.600350e+01
   endloop
 endfacet
 facet normal  9.076046e-01 -4.198259e-01  8.360443e-15
   outer loop
     vertex  1.228150e+02  4.547785e+01 -1.600350e+01
     vertex  1.228150e+02  4.547785e+01 -9.003504e+00
     vertex  1.217017e+02  4.307106e+01 -9.003504e+00
   endloop
 endfacet
 facet normal  7.807604e-01 -6.248306e-01  6.656712e-15
   outer loop
     vertex  1.228150e+02  4.547785e+01 -1.600350e+01
     vertex  1.244719e+02  4.754828e+01 -9.003504e+00
     vertex  1.228150e+02  4.547785e+01 -9.003504e+00
   endloop
 endfacet
 facet normal  9.076046e-01 -4.198259e-01  4.258437e-15
   outer loop
     vertex  1.228150e+02  4.547785e+01 -1.600350e+01
     vertex  1.217017e+02  4.307106e+01 -9.003504e+00
     vertex  1.217017e+02  4.307106e+01 -1.600350e+01
   endloop
 endfacet
 facet normal  7.807604e-01 -6.248306e-01  3.486634e-15
   outer loop
     vertex  1.244719e+02  4.754828e+01 -1.600350e+01
     vertex  1.244719e+02  4.754828e+01 -9.003504e+00
     vertex  1.228150e+02  4.547785e+01 -1.600350e+01
   endloop
 endfacet
 facet normal  6.085412e-01 -7.935223e-01  4.843443e-16
   outer loop
     vertex  1.265762e+02  4.916201e+01 -1.600350e+01
     vertex  1.265762e+02  4.916201e+01 -9.003504e+00
     vertex  1.244719e+02  4.754828e+01 -9.003504e+00
   endloop
 endfacet
 facet normal  6.085412e-01 -7.935223e-01  2.105295e-15
   outer loop
     vertex  1.265762e+02  4.916201e+01 -1.600350e+01
     vertex  1.244719e+02  4.754828e+01 -9.003504e+00
     vertex  1.244719e+02  4.754828e+01 -1.600350e+01
   endloop
 endfacet
 facet normal  4.009557e-01 -9.160974e-01  2.094250e-15
   outer loop
     vertex  1.290055e+02  5.022527e+01 -1.600350e+01
     vertex  1.290055e+02  5.022527e+01 -9.003504e+00
     vertex  1.265762e+02  4.916201e+01 -9.003504e+00
   endloop
 endfacet
 facet normal  4.009557e-01 -9.160974e-01 -1.267962e-15
   outer loop
     vertex  1.290055e+02  5.022527e+01 -1.600350e+01
     vertex  1.265762e+02  4.916201e+01 -9.003504e+00
     vertex  1.265762e+02  4.916201e+01 -1.600350e+01
   endloop
 endfacet
 facet normal -3.930343e-01  9.195238e-01 -9.296110e-16
   outer loop
     vertex  9.691936e+01  2.545093e+00 -6.003504e+00
     vertex  9.640459e+01  2.325064e+00 -1.600350e+01
     vertex  9.640459e+01  2.325064e+00 -6.003504e+00
   endloop
 endfacet
 facet normal -3.930343e-01  9.195238e-01 -9.274194e-16
   outer loop
     vertex  9.691936e+01  2.545093e+00 -6.003504e+00
     vertex  9.691936e+01  2.545093e+00 -1.600350e+01
     vertex  9.640459e+01  2.325064e+00 -1.600350e+01
   endloop
 endfacet
 facet normal -5.877934e-01  8.090111e-01 -2.191545e-15
   outer loop
     vertex  9.737226e+01  2.874153e+00 -6.003504e+00
     vertex  9.737226e+01  2.874153e+00 -1.600350e+01
     vertex  9.691936e+01  2.545093e+00 -1.600350e+01
   endloop
 endfacet
 facet normal -7.530781e-01  6.579311e-01 -3.345777e-15
   outer loop
     vertex  9.737226e+01  2.874153e+00 -6.003504e+00
     vertex  9.774058e+01  3.295743e+00 -1.600350e+01
     vertex  9.737226e+01  2.874153e+00 -1.600350e+01
   endloop
 endfacet
 facet normal -5.877934e-01  8.090111e-01 -2.191403e-15
   outer loop
     vertex  9.737226e+01  2.874153e+00 -6.003504e+00
     vertex  9.691936e+01  2.545093e+00 -1.600350e+01
     vertex  9.691936e+01  2.545093e+00 -6.003504e+00
   endloop
 endfacet
 facet normal -7.530781e-01  6.579311e-01 -3.345777e-15
   outer loop
     vertex  9.774058e+01  3.295743e+00 -6.003504e+00
     vertex  9.774058e+01  3.295743e+00 -1.600350e+01
     vertex  9.737226e+01  2.874153e+00 -6.003504e+00
   endloop
 endfacet
 facet normal -8.806003e-01  4.738598e-01 -4.332238e-15
   outer loop
     vertex  9.800586e+01  3.788723e+00 -6.003504e+00
     vertex  9.800586e+01  3.788723e+00 -1.600350e+01
     vertex  9.774058e+01  3.295743e+00 -1.600350e+01
   endloop
 endfacet
 facet normal -8.806003e-01  4.738598e-01 -4.333227e-15
   outer loop
     vertex  9.800586e+01  3.788723e+00 -6.003504e+00
     vertex  9.774058e+01  3.295743e+00 -1.600350e+01
     vertex  9.774058e+01  3.295743e+00 -6.003504e+00
   endloop
 endfacet
 facet normal -9.639655e-01  2.660271e-01 -5.101462e-15
   outer loop
     vertex  9.815479e+01  4.328372e+00 -6.003504e+00
     vertex  9.815479e+01  4.328372e+00 -1.600350e+01
     vertex  9.800586e+01  3.788723e+00 -1.600350e+01
   endloop
 endfacet
 facet normal -9.989935e-01  4.485476e-02 -5.614878e-15
   outer loop
     vertex  9.815479e+01  4.328372e+00 -6.003504e+00
     vertex  9.817990e+01  4.887631e+00 -1.600350e+01
     vertex  9.815479e+01  4.328372e+00 -1.600350e+01
   endloop
 endfacet
 facet normal -9.639655e-01  2.660271e-01 -5.101705e-15
   outer loop
     vertex  9.815479e+01  4.328372e+00 -6.003504e+00
     vertex  9.800586e+01  3.788723e+00 -1.600350e+01
     vertex  9.800586e+01  3.788723e+00 -6.003504e+00
   endloop
 endfacet
 facet normal -9.989935e-01  4.485476e-02 -2.839310e-15
   outer loop
     vertex  9.817990e+01  4.887631e+00 -6.003504e+00
     vertex  9.817990e+01  4.887631e+00 -1.600350e+01
     vertex  9.815479e+01  4.328372e+00 -6.003504e+00
   endloop
 endfacet
 facet normal -9.839278e-01 -1.785668e-01 -5.846741e-15
   outer loop
     vertex  9.807993e+01  5.438456e+00 -6.003504e+00
     vertex  9.807993e+01  5.438456e+00 -1.600350e+01
     vertex  9.817990e+01  4.887631e+00 -1.600350e+01
   endloop
 endfacet
 facet normal -9.839278e-01 -1.785668e-01 -2.797509e-15
   outer loop
     vertex  9.807993e+01  5.438456e+00 -6.003504e+00
     vertex  9.817990e+01  4.887631e+00 -1.600350e+01
     vertex  9.817990e+01  4.887631e+00 -6.003504e+00
   endloop
 endfacet
 facet normal -3.930343e-01  9.195238e-01 -9.271320e-16
   outer loop
     vertex  1.679740e+02  6.147078e+01 -6.003504e+00
     vertex  1.674592e+02  6.125075e+01 -1.600350e+01
     vertex  1.674592e+02  6.125075e+01 -6.003504e+00
   endloop
 endfacet
 facet normal -3.930343e-01  9.195238e-01 -2.234141e-15
   outer loop
     vertex  1.679740e+02  6.147078e+01 -6.003504e+00
     vertex  1.679740e+02  6.147078e+01 -1.600350e+01
     vertex  1.674592e+02  6.125075e+01 -1.600350e+01
   endloop
 endfacet
 facet normal -5.877934e-01  8.090111e-01 -1.616708e-15
   outer loop
     vertex  1.684269e+02  6.179984e+01 -6.003504e+00
     vertex  1.684269e+02  6.179984e+01 -1.600350e+01
     vertex  1.679740e+02  6.147078e+01 -1.600350e+01
   endloop
 endfacet
 facet normal -7.530781e-01  6.579311e-01 -2.878289e-15
   outer loop
     vertex  1.684269e+02  6.179984e+01 -6.003504e+00
     vertex  1.687952e+02  6.222143e+01 -1.600350e+01
     vertex  1.684269e+02  6.179984e+01 -1.600350e+01
   endloop
 endfacet
 facet normal -5.877934e-01  8.090111e-01 -3.341642e-15
   outer loop
     vertex  1.684269e+02  6.179984e+01 -6.003504e+00
     vertex  1.679740e+02  6.147078e+01 -1.600350e+01
     vertex  1.679740e+02  6.147078e+01 -6.003504e+00
   endloop
 endfacet
 facet normal -7.530781e-01  6.579311e-01 -2.878289e-15
   outer loop
     vertex  1.687952e+02  6.222143e+01 -6.003504e+00
     vertex  1.687952e+02  6.222143e+01 -1.600350e+01
     vertex  1.684269e+02  6.179984e+01 -6.003504e+00
   endloop
 endfacet
 facet normal -8.806003e-01  4.738598e-01 -6.835055e-15
   outer loop
     vertex  1.690605e+02  6.271441e+01 -6.003504e+00
     vertex  1.690605e+02  6.271441e+01 -1.600350e+01
     vertex  1.687952e+02  6.222143e+01 -1.600350e+01
   endloop
 endfacet
 facet normal -8.806003e-01  4.738598e-01 -3.996088e-15
   outer loop
     vertex  1.690605e+02  6.271441e+01 -6.003504e+00
     vertex  1.687952e+02  6.222143e+01 -1.600350e+01
     vertex  1.687952e+02  6.222143e+01 -6.003504e+00
   endloop
 endfacet
 facet normal -9.639655e-01  2.660271e-01 -4.912439e-15
   outer loop
     vertex  1.692094e+02  6.325406e+01 -6.003504e+00
     vertex  1.692094e+02  6.325406e+01 -1.600350e+01
     vertex  1.690605e+02  6.271441e+01 -1.600350e+01
   endloop
 endfacet
 facet normal -9.989935e-01  4.485476e-02 -5.583007e-15
   outer loop
     vertex  1.692094e+02  6.325406e+01 -6.003504e+00
     vertex  1.692345e+02  6.381332e+01 -1.600350e+01
     vertex  1.692094e+02  6.325406e+01 -1.600350e+01
   endloop
 endfacet
 facet normal -9.639655e-01  2.660271e-01 -7.840959e-15
   outer loop
     vertex  1.692094e+02  6.325406e+01 -6.003504e+00
     vertex  1.690605e+02  6.271441e+01 -1.600350e+01
     vertex  1.690605e+02  6.271441e+01 -6.003504e+00
   endloop
 endfacet
 facet normal -9.989935e-01  4.485476e-02 -5.614878e-15
   outer loop
     vertex  1.692345e+02  6.381332e+01 -6.003504e+00
     vertex  1.692345e+02  6.381332e+01 -1.600350e+01
     vertex  1.692094e+02  6.325406e+01 -6.003504e+00
   endloop
 endfacet
 facet normal -9.839278e-01 -1.785668e-01 -6.100499e-15
   outer loop
     vertex  1.691346e+02  6.436414e+01 -6.003504e+00
     vertex  1.691346e+02  6.436414e+01 -1.600350e+01
     vertex  1.692345e+02  6.381332e+01 -1.600350e+01
   endloop
 endfacet
 facet normal -9.839278e-01 -1.785668e-01 -5.847873e-15
   outer loop
     vertex  1.691346e+02  6.436414e+01 -6.003504e+00
     vertex  1.692345e+02  6.381332e+01 -1.600350e+01
     vertex  1.692345e+02  6.381332e+01 -6.003504e+00
   endloop
 endfacet
 facet normal -3.930343e-01  9.195238e-01 -9.271320e-16
   outer loop
     vertex  1.789031e+02  2.507636e+01 -6.003504e+00
     vertex  1.783884e+02  2.485633e+01 -1.600350e+01
     vertex  1.783884e+02  2.485633e+01 -6.003504e+00
   endloop
 endfacet
 facet normal -3.930343e-01  9.195238e-01 -9.274194e-16
   outer loop
     vertex  1.789031e+02  2.507636e+01 -6.003504e+00
     vertex  1.789031e+02  2.507636e+01 -1.600350e+01
     vertex  1.783884e+02  2.485633e+01 -1.600350e+01
   endloop
 endfacet
 facet normal -5.877934e-01  8.090111e-01 -2.191545e-15
   outer loop
     vertex  1.793560e+02  2.540542e+01 -6.003504e+00
     vertex  1.793560e+02  2.540542e+01 -1.600350e+01
     vertex  1.789031e+02  2.507636e+01 -1.600350e+01
   endloop
 endfacet
 facet normal -7.530781e-01  6.579311e-01 -3.345777e-15
   outer loop
     vertex  1.793560e+02  2.540542e+01 -6.003504e+00
     vertex  1.797244e+02  2.582701e+01 -1.600350e+01
     vertex  1.793560e+02  2.540542e+01 -1.600350e+01
   endloop
 endfacet
 facet normal -5.877934e-01  8.090111e-01 -2.191403e-15
   outer loop
     vertex  1.793560e+02  2.540542e+01 -6.003504e+00
     vertex  1.789031e+02  2.507636e+01 -1.600350e+01
     vertex  1.789031e+02  2.507636e+01 -6.003504e+00
   endloop
 endfacet
 facet normal -7.530781e-01  6.579311e-01 -3.345777e-15
   outer loop
     vertex  1.797244e+02  2.582701e+01 -6.003504e+00
     vertex  1.797244e+02  2.582701e+01 -1.600350e+01
     vertex  1.793560e+02  2.540542e+01 -6.003504e+00
   endloop
 endfacet
 facet normal -8.806003e-01  4.738598e-01 -4.668936e-15
   outer loop
     vertex  1.799897e+02  2.631999e+01 -6.003504e+00
     vertex  1.799897e+02  2.631999e+01 -1.600350e+01
     vertex  1.797244e+02  2.582701e+01 -1.600350e+01
   endloop
 endfacet
 facet normal -8.806003e-01  4.738598e-01 -4.333227e-15
   outer loop
     vertex  1.799897e+02  2.631999e+01 -6.003504e+00
     vertex  1.797244e+02  2.582701e+01 -1.600350e+01
     vertex  1.797244e+02  2.582701e+01 -6.003504e+00
   endloop
 endfacet
 facet normal -9.639655e-01  2.660271e-01 -2.361708e-15
   outer loop
     vertex  1.801386e+02  2.685964e+01 -6.003504e+00
     vertex  1.801386e+02  2.685964e+01 -1.600350e+01
     vertex  1.799897e+02  2.631999e+01 -1.600350e+01
   endloop
 endfacet
 facet normal -9.989935e-01  4.485476e-02 -2.775568e-15
   outer loop
     vertex  1.801386e+02  2.685964e+01 -6.003504e+00
     vertex  1.801637e+02  2.741890e+01 -1.600350e+01
     vertex  1.801386e+02  2.685964e+01 -1.600350e+01
   endloop
 endfacet
 facet normal -9.639655e-01  2.660271e-01 -5.292585e-15
   outer loop
     vertex  1.801386e+02  2.685964e+01 -6.003504e+00
     vertex  1.799897e+02  2.631999e+01 -1.600350e+01
     vertex  1.799897e+02  2.631999e+01 -6.003504e+00
   endloop
 endfacet
 facet normal -9.989935e-01  4.485476e-02 -5.614878e-15
   outer loop
     vertex  1.801637e+02  2.741890e+01 -6.003504e+00
     vertex  1.801637e+02  2.741890e+01 -1.600350e+01
     vertex  1.801386e+02  2.685964e+01 -6.003504e+00
   endloop
 endfacet
 facet normal -9.839278e-01 -1.785668e-01 -8.896990e-15
   outer loop
     vertex  1.800637e+02  2.796972e+01 -6.003504e+00
     vertex  1.800637e+02  2.796972e+01 -1.600350e+01
     vertex  1.801637e+02  2.741890e+01 -1.600350e+01
   endloop
 endfacet
 facet normal -9.839278e-01 -1.785668e-01 -5.846633e-15
   outer loop
     vertex  1.800637e+02  2.796972e+01 -6.003504e+00
     vertex  1.801637e+02  2.741890e+01 -1.600350e+01
     vertex  1.801637e+02  2.741890e+01 -6.003504e+00
   endloop
 endfacet
 facet normal -3.930343e-01  9.195238e-01 -9.271320e-16
   outer loop
     vertex  8.656543e+01  3.702402e+01 -6.003504e+00
     vertex  8.605066e+01  3.680399e+01 -1.600350e+01
     vertex  8.605066e+01  3.680399e+01 -6.003504e+00
   endloop
 endfacet
 facet normal -3.930343e-01  9.195238e-01 -9.274194e-16
   outer loop
     vertex  8.656543e+01  3.702402e+01 -6.003504e+00
     vertex  8.656543e+01  3.702402e+01 -1.600350e+01
     vertex  8.605066e+01  3.680399e+01 -1.600350e+01
   endloop
 endfacet
 facet normal -5.877934e-01  8.090111e-01 -2.191545e-15
   outer loop
     vertex  8.701833e+01  3.735308e+01 -6.003504e+00
     vertex  8.701833e+01  3.735308e+01 -1.600350e+01
     vertex  8.656543e+01  3.702402e+01 -1.600350e+01
   endloop
 endfacet
 facet normal -7.530781e-01  6.579311e-01 -3.345777e-15
   outer loop
     vertex  8.701833e+01  3.735308e+01 -6.003504e+00
     vertex  8.738666e+01  3.777467e+01 -1.600350e+01
     vertex  8.701833e+01  3.735308e+01 -1.600350e+01
   endloop
 endfacet
 facet normal -5.877934e-01  8.090111e-01 -2.191403e-15
   outer loop
     vertex  8.701833e+01  3.735308e+01 -6.003504e+00
     vertex  8.656543e+01  3.702402e+01 -1.600350e+01
     vertex  8.656543e+01  3.702402e+01 -6.003504e+00
   endloop
 endfacet
 facet normal -7.530781e-01  6.579311e-01 -2.878289e-15
   outer loop
     vertex  8.738666e+01  3.777467e+01 -6.003504e+00
     vertex  8.738666e+01  3.777467e+01 -1.600350e+01
     vertex  8.701833e+01  3.735308e+01 -6.003504e+00
   endloop
 endfacet
 facet normal -8.806003e-01  4.738598e-01 -4.332238e-15
   outer loop
     vertex  8.765194e+01  3.826765e+01 -6.003504e+00
     vertex  8.765194e+01  3.826765e+01 -1.600350e+01
     vertex  8.738666e+01  3.777467e+01 -1.600350e+01
   endloop
 endfacet
 facet normal -9.639655e-01  2.660271e-01 -5.101462e-15
   outer loop
     vertex  8.765194e+01  3.826765e+01 -6.003504e+00
     vertex  8.780086e+01  3.880730e+01 -1.600350e+01
     vertex  8.765194e+01  3.826765e+01 -1.600350e+01
   endloop
 endfacet
 facet normal -8.806003e-01  4.738598e-01 -3.996088e-15
   outer loop
     vertex  8.765194e+01  3.826765e+01 -6.003504e+00
     vertex  8.738666e+01  3.777467e+01 -1.600350e+01
     vertex  8.738666e+01  3.777467e+01 -6.003504e+00
   endloop
 endfacet
 facet normal -9.639655e-01  2.660271e-01 -2.361708e-15
   outer loop
     vertex  8.780086e+01  3.880730e+01 -6.003504e+00
     vertex  8.780086e+01  3.880730e+01 -1.600350e+01
     vertex  8.765194e+01  3.826765e+01 -6.003504e+00
   endloop
 endfacet
 facet normal -9.989935e-01  4.485476e-02 -5.646749e-15
   outer loop
     vertex  8.782597e+01  3.936656e+01 -6.003504e+00
     vertex  8.782597e+01  3.936656e+01 -1.600350e+01
     vertex  8.780086e+01  3.880730e+01 -1.600350e+01
   endloop
 endfacet
 facet normal -9.989935e-01  4.485476e-02 -2.775818e-15
   outer loop
     vertex  8.782597e+01  3.936656e+01 -6.003504e+00
     vertex  8.780086e+01  3.880730e+01 -1.600350e+01
     vertex  8.780086e+01  3.880730e+01 -6.003504e+00
   endloop
 endfacet
 facet normal -9.839278e-01 -1.785668e-01 -3.050250e-15
   outer loop
     vertex  8.772601e+01  3.991738e+01 -6.003504e+00
     vertex  8.772601e+01  3.991738e+01 -1.600350e+01
     vertex  8.782597e+01  3.936656e+01 -1.600350e+01
   endloop
 endfacet
 facet normal -9.839278e-01 -1.785668e-01 -5.720206e-15
   outer loop
     vertex  8.772601e+01  3.991738e+01 -6.003504e+00
     vertex  8.782597e+01  3.936656e+01 -1.600350e+01
     vertex  8.782597e+01  3.936656e+01 -6.003504e+00
   endloop
 endfacet
 facet normal -1.700682e-01  9.854323e-01  3.110095e-16
   outer loop
     vertex  1.327197e+02  2.870382e+01 -7.003504e+00
     vertex  1.353329e+02  2.915481e+01 -3.504140e-03
     vertex  1.353329e+02  2.915481e+01 -7.003504e+00
   endloop
 endfacet
 facet normal -1.700682e-01  9.854323e-01 -6.905186e-16
   outer loop
     vertex  1.327197e+02  2.870382e+01 -7.003504e+00
     vertex  1.327197e+02  2.870382e+01 -3.504140e-03
     vertex  1.353329e+02  2.915481e+01 -3.504140e-03
   endloop
 endfacet
 facet normal  7.070302e-02  9.974974e-01 -0.000000e+00
   outer loop
     vertex  1.300746e+02  2.889132e+01 -7.003504e+00
     vertex  1.300746e+02  2.889132e+01 -3.504140e-03
     vertex  1.327197e+02  2.870382e+01 -3.504140e-03
   endloop
 endfacet
 facet normal  7.070302e-02  9.974974e-01  2.870857e-16
   outer loop
     vertex  1.300746e+02  2.889132e+01 -7.003504e+00
     vertex  1.327197e+02  2.870382e+01 -3.504140e-03
     vertex  1.327197e+02  2.870382e+01 -7.003504e+00
   endloop
 endfacet
 facet normal  5.261646e-01  8.503828e-01  2.136357e-15
   outer loop
     vertex  1.275511e+02  2.970639e+01 -7.003504e+00
     vertex  1.252961e+02  3.110168e+01 -3.504140e-03
     vertex  1.275511e+02  2.970639e+01 -3.504140e-03
   endloop
 endfacet
 facet normal  3.073653e-01  9.515916e-01  1.247978e-15
   outer loop
     vertex  1.275511e+02  2.970639e+01 -7.003504e+00
     vertex  1.275511e+02  2.970639e+01 -3.504140e-03
     vertex  1.300746e+02  2.889132e+01 -3.504140e-03
   endloop
 endfacet
 facet normal  3.073653e-01  9.515916e-01  0.000000e+00
   outer loop
     vertex  1.275511e+02  2.970639e+01 -7.003504e+00
     vertex  1.300746e+02  2.889132e+01 -3.504140e-03
     vertex  1.300746e+02  2.889132e+01 -7.003504e+00
   endloop
 endfacet
 facet normal  5.261646e-01  8.503828e-01  2.999547e-15
   outer loop
     vertex  1.252961e+02  3.110168e+01 -7.003504e+00
     vertex  1.252961e+02  3.110168e+01 -3.504140e-03
     vertex  1.275511e+02  2.970639e+01 -7.003504e+00
   endloop
 endfacet
 facet normal  7.143851e-01  6.997528e-01  1.450289e-15
   outer loop
     vertex  1.234405e+02  3.299609e+01 -7.003504e+00
     vertex  1.234405e+02  3.299609e+01 -3.504140e-03
     vertex  1.252961e+02  3.110168e+01 -3.504140e-03
   endloop
 endfacet
 facet normal  7.143851e-01  6.997528e-01  3.612495e-15
   outer loop
     vertex  1.234405e+02  3.299609e+01 -7.003504e+00
     vertex  1.252961e+02  3.110168e+01 -3.504140e-03
     vertex  1.252961e+02  3.110168e+01 -7.003504e+00
   endloop
 endfacet
 facet normal  9.577479e-01  2.876090e-01  2.236286e-15
   outer loop
     vertex  1.220921e+02  3.527953e+01 -7.003504e+00
     vertex  1.213295e+02  3.781929e+01 -3.504140e-03
     vertex  1.220921e+02  3.527953e+01 -3.504140e-03
   endloop
 endfacet
 facet normal  8.610882e-01  5.084557e-01  2.264228e-15
   outer loop
     vertex  1.220921e+02  3.527953e+01 -7.003504e+00
     vertex  1.220921e+02  3.527953e+01 -3.504140e-03
     vertex  1.234405e+02  3.299609e+01 -3.504140e-03
   endloop
 endfacet
 facet normal  8.610882e-01  5.084557e-01  1.746438e-15
   outer loop
     vertex  1.220921e+02  3.527953e+01 -7.003504e+00
     vertex  1.234405e+02  3.299609e+01 -3.504140e-03
     vertex  1.234405e+02  3.299609e+01 -7.003504e+00
   endloop
 endfacet
 facet normal  9.987468e-01  5.004751e-02  2.078379e-15
   outer loop
     vertex  1.213295e+02  3.781929e+01 -7.003504e+00
     vertex  1.211967e+02  4.046777e+01 -3.504140e-03
     vertex  1.213295e+02  3.781929e+01 -3.504140e-03
   endloop
 endfacet
 facet normal  9.577479e-01  2.876090e-01  2.236286e-15
   outer loop
     vertex  1.213295e+02  3.781929e+01 -7.003504e+00
     vertex  1.213295e+02  3.781929e+01 -3.504140e-03
     vertex  1.220921e+02  3.527953e+01 -7.003504e+00
   endloop
 endfacet
 facet normal  9.987468e-01  5.004751e-02  2.027578e-15
   outer loop
     vertex  1.211967e+02  4.046777e+01 -7.003504e+00
     vertex  1.211967e+02  4.046777e+01 -3.504140e-03
     vertex  1.213295e+02  3.781929e+01 -7.003504e+00
   endloop
 endfacet
 facet normal  9.817022e-01 -1.904225e-01  3.599370e-15
   outer loop
     vertex  1.217017e+02  4.307106e+01 -7.003504e+00
     vertex  1.217017e+02  4.307106e+01 -3.504140e-03
     vertex  1.211967e+02  4.046777e+01 -3.504140e-03
   endloop
 endfacet
 facet normal  9.817022e-01 -1.904225e-01  1.997638e-15
   outer loop
     vertex  1.217017e+02  4.307106e+01 -7.003504e+00
     vertex  1.211967e+02  4.046777e+01 -3.504140e-03
     vertex  1.211967e+02  4.046777e+01 -7.003504e+00
   endloop
 endfacet
 facet normal  9.076046e-01 -4.198259e-01  6.091746e-15
   outer loop
     vertex  1.228150e+02  4.547785e+01 -7.003504e+00
     vertex  1.228150e+02  4.547785e+01 -3.504140e-03
     vertex  1.217017e+02  4.307106e+01 -3.504140e-03
   endloop
 endfacet
 facet normal  9.076046e-01 -4.198259e-01  2.846933e-15
   outer loop
     vertex  1.228150e+02  4.547785e+01 -7.003504e+00
     vertex  1.217017e+02  4.307106e+01 -3.504140e-03
     vertex  1.217017e+02  4.307106e+01 -7.003504e+00
   endloop
 endfacet
 facet normal  7.807604e-01 -6.248306e-01  3.170078e-15
   outer loop
     vertex  1.244719e+02  4.754828e+01 -7.003504e+00
     vertex  1.244719e+02  4.754828e+01 -3.504140e-03
     vertex  1.228150e+02  4.547785e+01 -3.504140e-03
   endloop
 endfacet
 facet normal  7.807604e-01 -6.248306e-01  4.449828e-15
   outer loop
     vertex  1.244719e+02  4.754828e+01 -7.003504e+00
     vertex  1.228150e+02  4.547785e+01 -3.504140e-03
     vertex  1.228150e+02  4.547785e+01 -7.003504e+00
   endloop
 endfacet
 facet normal  4.009557e-01 -9.160974e-01  6.980834e-16
   outer loop
     vertex  1.265762e+02  4.916201e+01 -7.003504e+00
     vertex  1.290055e+02  5.022527e+01 -3.504140e-03
     vertex  1.265762e+02  4.916201e+01 -3.504140e-03
   endloop
 endfacet
 facet normal  6.085412e-01 -7.935223e-01  1.665352e-15
   outer loop
     vertex  1.265762e+02  4.916201e+01 -7.003504e+00
     vertex  1.265762e+02  4.916201e+01 -3.504140e-03
     vertex  1.244719e+02  4.754828e+01 -3.504140e-03
   endloop
 endfacet
 facet normal  6.085412e-01 -7.935223e-01  2.464152e-15
   outer loop
     vertex  1.265762e+02  4.916201e+01 -7.003504e+00
     vertex  1.244719e+02  4.754828e+01 -3.504140e-03
     vertex  1.244719e+02  4.754828e+01 -7.003504e+00
   endloop
 endfacet
 facet normal  4.009557e-01 -9.160974e-01  1.396167e-15
   outer loop
     vertex  1.290055e+02  5.022527e+01 -7.003504e+00
     vertex  1.290055e+02  5.022527e+01 -3.504140e-03
     vertex  1.265762e+02  4.916201e+01 -7.003504e+00
   endloop
 endfacet
 facet normal -1.700682e-01  9.854323e-01  7.227625e-16
   outer loop
     vertex  1.314685e+02  5.367250e+01 -6.003504e+00
     vertex  1.281427e+02  5.309851e+01 -3.504140e-03
     vertex  1.314685e+02  5.367250e+01 -3.504140e-03
   endloop
 endfacet
 facet normal -1.700682e-01  9.854323e-01 -3.223733e-15
   outer loop
     vertex  1.314685e+02  5.367250e+01 -6.003504e+00
     vertex  1.281427e+02  5.309851e+01 -6.003504e+00
     vertex  1.281427e+02  5.309851e+01 -3.504140e-03
   endloop
 endfacet
 facet normal  7.070302e-02  9.974974e-01  1.851108e-15
   outer loop
     vertex  1.348351e+02  5.343387e+01 -6.003504e+00
     vertex  1.314685e+02  5.367250e+01 -3.504140e-03
     vertex  1.348351e+02  5.343387e+01 -3.504140e-03
   endloop
 endfacet
 facet normal  7.070302e-02  9.974974e-01  3.031844e-15
   outer loop
     vertex  1.348351e+02  5.343387e+01 -6.003504e+00
     vertex  1.314685e+02  5.367250e+01 -6.003504e+00
     vertex  1.314685e+02  5.367250e+01 -3.504140e-03
   endloop
 endfacet
 facet normal  3.073653e-01  9.515916e-01  1.455974e-15
   outer loop
     vertex  1.380468e+02  5.239650e+01 -6.003504e+00
     vertex  1.348351e+02  5.343387e+01 -3.504140e-03
     vertex  1.380468e+02  5.239650e+01 -3.504140e-03
   endloop
 endfacet
 facet normal  3.073653e-01  9.515916e-01  4.057079e-15
   outer loop
     vertex  1.380468e+02  5.239650e+01 -6.003504e+00
     vertex  1.348351e+02  5.343387e+01 -6.003504e+00
     vertex  1.348351e+02  5.343387e+01 -3.504140e-03
   endloop
 endfacet
 facet normal  5.261646e-01  8.503828e-01 -0.000000e+00
   outer loop
     vertex  1.409168e+02  5.062069e+01 -6.003504e+00
     vertex  1.380468e+02  5.239650e+01 -3.504140e-03
     vertex  1.409168e+02  5.062069e+01 -3.504140e-03
   endloop
 endfacet
 facet normal  5.261646e-01  8.503828e-01  2.500038e-15
   outer loop
     vertex  1.409168e+02  5.062069e+01 -6.003504e+00
     vertex  1.380468e+02  5.239650e+01 -6.003504e+00
     vertex  1.380468e+02  5.239650e+01 -3.504140e-03
   endloop
 endfacet
 facet normal  7.143851e-01  6.997528e-01  3.384008e-15
   outer loop
     vertex  1.432785e+02  4.820962e+01 -6.003504e+00
     vertex  1.409168e+02  5.062069e+01 -3.504140e-03
     vertex  1.432785e+02  4.820962e+01 -3.504140e-03
   endloop
 endfacet
 facet normal  7.143851e-01  6.997528e-01  0.000000e+00
   outer loop
     vertex  1.432785e+02  4.820962e+01 -6.003504e+00
     vertex  1.409168e+02  5.062069e+01 -6.003504e+00
     vertex  1.409168e+02  5.062069e+01 -3.504140e-03
   endloop
 endfacet
 facet normal  8.610882e-01  5.084557e-01  4.681065e-15
   outer loop
     vertex  1.449946e+02  4.530342e+01 -6.003504e+00
     vertex  1.432785e+02  4.820962e+01 -3.504140e-03
     vertex  1.449946e+02  4.530342e+01 -3.504140e-03
   endloop
 endfacet
 facet normal  8.610882e-01  5.084557e-01  4.079009e-15
   outer loop
     vertex  1.449946e+02  4.530342e+01 -6.003504e+00
     vertex  1.432785e+02  4.820962e+01 -6.003504e+00
     vertex  1.432785e+02  4.820962e+01 -3.504140e-03
   endloop
 endfacet
 facet normal  9.577479e-01  2.876090e-01  5.218000e-15
   outer loop
     vertex  1.459653e+02  4.207100e+01 -6.003504e+00
     vertex  1.449946e+02  4.530342e+01 -3.504140e-03
     vertex  1.459653e+02  4.207100e+01 -3.504140e-03
   endloop
 endfacet
 facet normal  9.577479e-01  2.876090e-01  4.890425e-15
   outer loop
     vertex  1.459653e+02  4.207100e+01 -6.003504e+00
     vertex  1.449946e+02  4.530342e+01 -6.003504e+00
     vertex  1.449946e+02  4.530342e+01 -3.504140e-03
   endloop
 endfacet
 facet normal  9.817022e-01 -1.904225e-01  4.650276e-15
   outer loop
     vertex  1.461342e+02  3.870020e+01 -6.003504e+00
     vertex  1.461342e+02  3.870020e+01 -3.504140e-03
     vertex  1.454915e+02  3.538693e+01 -3.504140e-03
   endloop
 endfacet
 facet normal  9.987468e-01  5.004751e-02  4.731015e-15
   outer loop
     vertex  1.461342e+02  3.870020e+01 -6.003504e+00
     vertex  1.459653e+02  4.207100e+01 -3.504140e-03
     vertex  1.461342e+02  3.870020e+01 -3.504140e-03
   endloop
 endfacet
 facet normal  9.987468e-01  5.004751e-02  4.846564e-15
   outer loop
     vertex  1.461342e+02  3.870020e+01 -6.003504e+00
     vertex  1.459653e+02  4.207100e+01 -6.003504e+00
     vertex  1.459653e+02  4.207100e+01 -3.504140e-03
   endloop
 endfacet
 facet normal  9.817022e-01 -1.904225e-01  4.199265e-15
   outer loop
     vertex  1.454915e+02  3.538693e+01 -6.003504e+00
     vertex  1.461342e+02  3.870020e+01 -6.003504e+00
     vertex  1.454915e+02  3.538693e+01 -3.504140e-03
   endloop
 endfacet
 facet normal  7.807604e-01 -6.248306e-01  3.698424e-15
   outer loop
     vertex  1.440746e+02  3.232374e+01 -6.003504e+00
     vertex  1.440746e+02  3.232374e+01 -3.504140e-03
     vertex  1.419658e+02  2.968865e+01 -3.504140e-03
   endloop
 endfacet
 facet normal  9.076046e-01 -4.198259e-01  4.299279e-15
   outer loop
     vertex  1.440746e+02  3.232374e+01 -6.003504e+00
     vertex  1.454915e+02  3.538693e+01 -3.504140e-03
     vertex  1.440746e+02  3.232374e+01 -3.504140e-03
   endloop
 endfacet
 facet normal  9.076046e-01 -4.198259e-01  3.289523e-15
   outer loop
     vertex  1.440746e+02  3.232374e+01 -6.003504e+00
     vertex  1.454915e+02  3.538693e+01 -6.003504e+00
     vertex  1.454915e+02  3.538693e+01 -3.504140e-03
   endloop
 endfacet
 facet normal  7.807604e-01 -6.248306e-01 -7.399480e-16
   outer loop
     vertex  1.419658e+02  2.968865e+01 -6.003504e+00
     vertex  1.440746e+02  3.232374e+01 -6.003504e+00
     vertex  1.419658e+02  2.968865e+01 -3.504140e-03
   endloop
 endfacet
 facet normal  6.085412e-01 -7.935223e-01  1.003192e-15
   outer loop
     vertex  1.392876e+02  2.763481e+01 -6.003504e+00
     vertex  1.419658e+02  2.968865e+01 -3.504140e-03
     vertex  1.392876e+02  2.763481e+01 -3.504140e-03
   endloop
 endfacet
 facet normal  6.085412e-01 -7.935223e-01 -9.210665e-16
   outer loop
     vertex  1.392876e+02  2.763481e+01 -6.003504e+00
     vertex  1.419658e+02  2.968865e+01 -6.003504e+00
     vertex  1.419658e+02  2.968865e+01 -3.504140e-03
   endloop
 endfacet
 facet normal  4.009557e-01 -9.160974e-01  5.697924e-15
   outer loop
     vertex  1.361957e+02  2.628157e+01 -6.003504e+00
     vertex  1.392876e+02  2.763481e+01 -3.504140e-03
     vertex  1.361957e+02  2.628157e+01 -3.504140e-03
   endloop
 endfacet
 facet normal  4.009557e-01 -9.160974e-01 -2.631619e-16
   outer loop
     vertex  1.361957e+02  2.628157e+01 -6.003504e+00
     vertex  1.392876e+02  2.763481e+01 -6.003504e+00
     vertex  1.392876e+02  2.763481e+01 -3.504140e-03
   endloop
 endfacet
 facet normal  4.009557e-01 -9.160974e-01 -2.005043e-16
   outer loop
     vertex  2.076890e+02  8.365770e+01 -6.003504e+00
     vertex  2.123267e+02  8.568755e+01 -1.300350e+01
     vertex  2.123267e+02  8.568755e+01 -6.003504e+00
   endloop
 endfacet
 facet normal  4.009557e-01 -9.160974e-01  1.396167e-15
   outer loop
     vertex  2.076890e+02  8.365770e+01 -6.003504e+00
     vertex  2.076890e+02  8.365770e+01 -1.300350e+01
     vertex  2.123267e+02  8.568755e+01 -1.300350e+01
   endloop
 endfacet
 facet normal  6.085412e-01 -7.935223e-01  0.000000e+00
   outer loop
     vertex  2.036717e+02  8.057694e+01 -6.003504e+00
     vertex  2.036717e+02  8.057694e+01 -1.300350e+01
     vertex  2.076890e+02  8.365770e+01 -1.300350e+01
   endloop
 endfacet
 facet normal  7.807604e-01 -6.248306e-01  0.000000e+00
   outer loop
     vertex  2.036717e+02  8.057694e+01 -6.003504e+00
     vertex  2.005085e+02  7.662430e+01 -1.300350e+01
     vertex  2.036717e+02  8.057694e+01 -1.300350e+01
   endloop
 endfacet
 facet normal  6.085412e-01 -7.935223e-01  3.308321e-15
   outer loop
     vertex  2.036717e+02  8.057694e+01 -6.003504e+00
     vertex  2.076890e+02  8.365770e+01 -1.300350e+01
     vertex  2.076890e+02  8.365770e+01 -6.003504e+00
   endloop
 endfacet
 facet normal  7.807604e-01 -6.248306e-01  3.170078e-15
   outer loop
     vertex  2.005085e+02  7.662430e+01 -6.003504e+00
     vertex  2.005085e+02  7.662430e+01 -1.300350e+01
     vertex  2.036717e+02  8.057694e+01 -6.003504e+00
   endloop
 endfacet
 facet normal  9.076046e-01 -4.198259e-01 -8.522979e-16
   outer loop
     vertex  1.983831e+02  7.202952e+01 -6.003504e+00
     vertex  1.983831e+02  7.202952e+01 -1.300350e+01
     vertex  2.005085e+02  7.662430e+01 -1.300350e+01
   endloop
 endfacet
 facet normal  9.817022e-01 -1.904225e-01 -3.865810e-16
   outer loop
     vertex  1.983831e+02  7.202952e+01 -6.003504e+00
     vertex  1.974191e+02  6.705961e+01 -1.300350e+01
     vertex  1.983831e+02  7.202952e+01 -1.300350e+01
   endloop
 endfacet
 facet normal  9.076046e-01 -4.198259e-01  3.659203e-15
   outer loop
     vertex  1.983831e+02  7.202952e+01 -6.003504e+00
     vertex  2.005085e+02  7.662430e+01 -1.300350e+01
     vertex  2.005085e+02  7.662430e+01 -6.003504e+00
   endloop
 endfacet
 facet normal  9.817022e-01 -1.904225e-01  3.599370e-15
   outer loop
     vertex  1.974191e+02  6.705961e+01 -6.003504e+00
     vertex  1.974191e+02  6.705961e+01 -1.300350e+01
     vertex  1.983831e+02  7.202952e+01 -6.003504e+00
   endloop
 endfacet
 facet normal  9.987468e-01  5.004751e-02  4.156759e-15
   outer loop
     vertex  1.976724e+02  6.200342e+01 -6.003504e+00
     vertex  1.976724e+02  6.200342e+01 -1.300350e+01
     vertex  1.974191e+02  6.705961e+01 -1.300350e+01
   endloop
 endfacet
 facet normal  9.987468e-01  5.004751e-02  4.154198e-15
   outer loop
     vertex  1.976724e+02  6.200342e+01 -6.003504e+00
     vertex  1.974191e+02  6.705961e+01 -1.300350e+01
     vertex  1.974191e+02  6.705961e+01 -6.003504e+00
   endloop
 endfacet
 facet normal  9.577479e-01  2.876090e-01  8.069322e-15
   outer loop
     vertex  1.991285e+02  5.715478e+01 -6.003504e+00
     vertex  1.991285e+02  5.715478e+01 -1.300350e+01
     vertex  1.976724e+02  6.200342e+01 -1.300350e+01
   endloop
 endfacet
 facet normal  9.577479e-01  2.876090e-01  4.486283e-15
   outer loop
     vertex  1.991285e+02  5.715478e+01 -6.003504e+00
     vertex  1.976724e+02  6.200342e+01 -1.300350e+01
     vertex  1.976724e+02  6.200342e+01 -6.003504e+00
   endloop
 endfacet
 facet normal  8.610882e-01  5.084557e-01  1.032227e-15
   outer loop
     vertex  2.017026e+02  5.279548e+01 -6.003504e+00
     vertex  2.017026e+02  5.279548e+01 -1.300350e+01
     vertex  1.991285e+02  5.715478e+01 -1.300350e+01
   endloop
 endfacet
 facet normal  7.143851e-01  6.997528e-01  1.420584e-15
   outer loop
     vertex  2.017026e+02  5.279548e+01 -6.003504e+00
     vertex  2.052451e+02  4.917888e+01 -1.300350e+01
     vertex  2.017026e+02  5.279548e+01 -1.300350e+01
   endloop
 endfacet
 facet normal  8.610882e-01  5.084557e-01  7.468784e-15
   outer loop
     vertex  2.017026e+02  5.279548e+01 -6.003504e+00
     vertex  1.991285e+02  5.715478e+01 -1.300350e+01
     vertex  1.991285e+02  5.715478e+01 -6.003504e+00
   endloop
 endfacet
 facet normal  7.143851e-01  6.997528e-01  3.610870e-15
   outer loop
     vertex  2.052451e+02  4.917888e+01 -6.003504e+00
     vertex  2.052451e+02  4.917888e+01 -1.300350e+01
     vertex  2.017026e+02  5.279548e+01 -6.003504e+00
   endloop
 endfacet
 facet normal  5.261646e-01  8.503828e-01  2.136357e-15
   outer loop
     vertex  2.095502e+02  4.651515e+01 -6.003504e+00
     vertex  2.095502e+02  4.651515e+01 -1.300350e+01
     vertex  2.052451e+02  4.917888e+01 -1.300350e+01
   endloop
 endfacet
 facet normal  3.073653e-01  9.515916e-01  1.247978e-15
   outer loop
     vertex  2.095502e+02  4.651515e+01 -6.003504e+00
     vertex  2.143677e+02  4.495910e+01 -1.300350e+01
     vertex  2.095502e+02  4.651515e+01 -1.300350e+01
   endloop
 endfacet
 facet normal  5.261646e-01  8.503828e-01  3.007564e-15
   outer loop
     vertex  2.095502e+02  4.651515e+01 -6.003504e+00
     vertex  2.052451e+02  4.917888e+01 -1.300350e+01
     vertex  2.052451e+02  4.917888e+01 -6.003504e+00
   endloop
 endfacet
 facet normal  3.073653e-01  9.515916e-01  3.179825e-15
   outer loop
     vertex  2.143677e+02  4.495910e+01 -6.003504e+00
     vertex  2.143677e+02  4.495910e+01 -1.300350e+01
     vertex  2.095502e+02  4.651515e+01 -6.003504e+00
   endloop
 endfacet
 facet normal  7.070302e-02  9.974974e-01  1.299592e-15
   outer loop
     vertex  2.194175e+02  4.460117e+01 -6.003504e+00
     vertex  2.194175e+02  4.460117e+01 -1.300350e+01
     vertex  2.143677e+02  4.495910e+01 -1.300350e+01
   endloop
 endfacet
 facet normal  7.070302e-02  9.974974e-01  2.312065e-15
   outer loop
     vertex  2.194175e+02  4.460117e+01 -6.003504e+00
     vertex  2.143677e+02  4.495910e+01 -1.300350e+01
     vertex  2.143677e+02  4.495910e+01 -6.003504e+00
   endloop
 endfacet
 facet normal -1.700682e-01  9.854323e-01  1.310029e-15
   outer loop
     vertex  2.244063e+02  4.546214e+01 -6.003504e+00
     vertex  2.244063e+02  4.546214e+01 -1.300350e+01
     vertex  2.194175e+02  4.460117e+01 -1.300350e+01
   endloop
 endfacet
 facet normal -1.700682e-01  9.854323e-01  3.007564e-16
   outer loop
     vertex  2.244063e+02  4.546214e+01 -6.003504e+00
     vertex  2.194175e+02  4.460117e+01 -1.300350e+01
     vertex  2.194175e+02  4.460117e+01 -6.003504e+00
   endloop
 endfacet
 facet normal  2.855120e-01 -9.507649e-01  1.205367e-01
   outer loop
     vertex  6.600231e+01 -4.219525e+00  1.788624e+01
     vertex  7.364298e+01 -1.847686e+00  1.849650e+01
     vertex  6.598100e+01 -4.148558e+00  1.849650e+01
   endloop
 endfacet
 facet normal  2.855120e-01 -9.507649e-01  1.205367e-01
   outer loop
     vertex  6.600231e+01 -4.219525e+00  1.788624e+01
     vertex  7.366429e+01 -1.918653e+00  1.788624e+01
     vertex  7.364298e+01 -1.847686e+00  1.849650e+01
   endloop
 endfacet
 facet normal  2.689191e-01 -8.955099e-01  3.546049e-01
   outer loop
     vertex  6.606500e+01 -4.428303e+00  1.731145e+01
     vertex  7.372699e+01 -2.127432e+00  1.731145e+01
     vertex  7.366429e+01 -1.918653e+00  1.788624e+01
   endloop
 endfacet
 facet normal  2.689191e-01 -8.955099e-01  3.546049e-01
   outer loop
     vertex  6.606500e+01 -4.428303e+00  1.731145e+01
     vertex  7.366429e+01 -1.918653e+00  1.788624e+01
     vertex  6.600231e+01 -4.219525e+00  1.788624e+01
   endloop
 endfacet
 facet normal  2.366976e-01 -7.882111e-01  5.680647e-01
   outer loop
     vertex  6.616544e+01 -4.762759e+00  1.680553e+01
     vertex  7.382742e+01 -2.461887e+00  1.680553e+01
     vertex  7.372699e+01 -2.127432e+00  1.731145e+01
   endloop
 endfacet
 facet normal  2.366976e-01 -7.882111e-01  5.680647e-01
   outer loop
     vertex  6.616544e+01 -4.762759e+00  1.680553e+01
     vertex  7.372699e+01 -2.127432e+00  1.731145e+01
     vertex  6.606500e+01 -4.428303e+00  1.731145e+01
   endloop
 endfacet
 facet normal  1.907200e-01 -6.351043e-01  7.485107e-01
   outer loop
     vertex  6.629778e+01 -5.203455e+00  1.639789e+01
     vertex  7.395976e+01 -2.902583e+00  1.639789e+01
     vertex  7.382742e+01 -2.461887e+00  1.680553e+01
   endloop
 endfacet
 facet normal  1.907200e-01 -6.351043e-01  7.485107e-01
   outer loop
     vertex  6.629778e+01 -5.203455e+00  1.639789e+01
     vertex  7.382742e+01 -2.461887e+00  1.680553e+01
     vertex  6.616544e+01 -4.762759e+00  1.680553e+01
   endloop
 endfacet
 facet normal  1.336586e-01 -4.450876e-01  8.854560e-01
   outer loop
     vertex  6.645433e+01 -5.724778e+00  1.611220e+01
     vertex  7.411632e+01 -3.423907e+00  1.611220e+01
     vertex  7.395976e+01 -2.902583e+00  1.639789e+01
   endloop
 endfacet
 facet normal  1.336586e-01 -4.450876e-01  8.854560e-01
   outer loop
     vertex  6.645433e+01 -5.724778e+00  1.611220e+01
     vertex  7.395976e+01 -2.902583e+00  1.639789e+01
     vertex  6.629778e+01 -5.203455e+00  1.639789e+01
   endloop
 endfacet
 facet normal  6.882934e-02 -2.292041e-01  9.709418e-01
   outer loop
     vertex  6.662600e+01 -6.296433e+00  1.596509e+01
     vertex  7.428798e+01 -3.995561e+00  1.596509e+01
     vertex  7.411632e+01 -3.423907e+00  1.611220e+01
   endloop
 endfacet
 facet normal  6.882934e-02 -2.292041e-01  9.709418e-01
   outer loop
     vertex  6.662600e+01 -6.296433e+00  1.596509e+01
     vertex  7.411632e+01 -3.423907e+00  1.611220e+01
     vertex  6.645433e+01 -5.724778e+00  1.611220e+01
   endloop
 endfacet
 facet normal -3.867070e-15 -7.195469e-15  1.000000e+00
   outer loop
     vertex  6.680280e+01 -6.885196e+00  1.596509e+01
     vertex  7.446479e+01 -4.584324e+00  1.596509e+01
     vertex  7.428798e+01 -3.995561e+00  1.596509e+01
   endloop
 endfacet
 facet normal -5.954557e-15 -1.788137e-15  1.000000e+00
   outer loop
     vertex  6.680280e+01 -6.885196e+00  1.596509e+01
     vertex  7.428798e+01 -3.995561e+00  1.596509e+01
     vertex  6.662600e+01 -6.296433e+00  1.596509e+01
   endloop
 endfacet
 facet normal -6.882934e-02  2.292041e-01  9.709418e-01
   outer loop
     vertex  6.697447e+01 -7.456851e+00  1.611220e+01
     vertex  7.463645e+01 -5.155979e+00  1.611220e+01
     vertex  7.446479e+01 -4.584324e+00  1.596509e+01
   endloop
 endfacet
 facet normal -6.882934e-02  2.292041e-01  9.709418e-01
   outer loop
     vertex  6.697447e+01 -7.456851e+00  1.611220e+01
     vertex  7.446479e+01 -4.584324e+00  1.596509e+01
     vertex  6.680280e+01 -6.885196e+00  1.596509e+01
   endloop
 endfacet
 facet normal -1.336586e-01  4.450876e-01  8.854560e-01
   outer loop
     vertex  6.713102e+01 -7.978175e+00  1.639789e+01
     vertex  7.479300e+01 -5.677303e+00  1.639789e+01
     vertex  7.463645e+01 -5.155979e+00  1.611220e+01
   endloop
 endfacet
 facet normal -1.336586e-01  4.450876e-01  8.854560e-01
   outer loop
     vertex  6.713102e+01 -7.978175e+00  1.639789e+01
     vertex  7.463645e+01 -5.155979e+00  1.611220e+01
     vertex  6.697447e+01 -7.456851e+00  1.611220e+01
   endloop
 endfacet
 facet normal -1.907200e-01  6.351043e-01  7.485107e-01
   outer loop
     vertex  6.726336e+01 -8.418871e+00  1.680553e+01
     vertex  7.492534e+01 -6.117999e+00  1.680553e+01
     vertex  7.479300e+01 -5.677303e+00  1.639789e+01
   endloop
 endfacet
 facet normal -1.907200e-01  6.351043e-01  7.485107e-01
   outer loop
     vertex  6.726336e+01 -8.418871e+00  1.680553e+01
     vertex  7.479300e+01 -5.677303e+00  1.639789e+01
     vertex  6.713102e+01 -7.978175e+00  1.639789e+01
   endloop
 endfacet
 facet normal -2.366976e-01  7.882111e-01  5.680647e-01
   outer loop
     vertex  6.736380e+01 -8.753326e+00  1.731145e+01
     vertex  7.502578e+01 -6.452454e+00  1.731145e+01
     vertex  7.492534e+01 -6.117999e+00  1.680553e+01
   endloop
 endfacet
 facet normal -2.366976e-01  7.882111e-01  5.680647e-01
   outer loop
     vertex  6.736380e+01 -8.753326e+00  1.731145e+01
     vertex  7.492534e+01 -6.117999e+00  1.680553e+01
     vertex  6.726336e+01 -8.418871e+00  1.680553e+01
   endloop
 endfacet
 facet normal -2.689191e-01  8.955099e-01  3.546049e-01
   outer loop
     vertex  6.742649e+01 -8.962104e+00  1.788624e+01
     vertex  7.508847e+01 -6.661233e+00  1.788624e+01
     vertex  7.502578e+01 -6.452454e+00  1.731145e+01
   endloop
 endfacet
 facet normal -2.689191e-01  8.955099e-01  3.546049e-01
   outer loop
     vertex  6.742649e+01 -8.962104e+00  1.788624e+01
     vertex  7.502578e+01 -6.452454e+00  1.731145e+01
     vertex  6.736380e+01 -8.753326e+00  1.731145e+01
   endloop
 endfacet
 facet normal -2.855120e-01  9.507649e-01  1.205367e-01
   outer loop
     vertex  6.744780e+01 -9.033072e+00  1.849650e+01
     vertex  7.510979e+01 -6.732200e+00  1.849650e+01
     vertex  7.508847e+01 -6.661233e+00  1.788624e+01
   endloop
 endfacet
 facet normal -2.855120e-01  9.507649e-01  1.205367e-01
   outer loop
     vertex  6.744780e+01 -9.033072e+00  1.849650e+01
     vertex  7.508847e+01 -6.661233e+00  1.788624e+01
     vertex  6.742649e+01 -8.962104e+00  1.788624e+01
   endloop
 endfacet
 facet normal  2.855120e-01 -9.507649e-01  1.205367e-01
   outer loop
     vertex  6.600231e+01 -4.219525e+00 -1.137591e-01
     vertex  7.364298e+01 -1.847686e+00  4.964959e-01
     vertex  6.598100e+01 -4.148558e+00  4.964959e-01
   endloop
 endfacet
 facet normal  2.855120e-01 -9.507649e-01  1.205367e-01
   outer loop
     vertex  6.600231e+01 -4.219525e+00 -1.137591e-01
     vertex  7.366429e+01 -1.918653e+00 -1.137591e-01
     vertex  7.364298e+01 -1.847686e+00  4.964959e-01
   endloop
 endfacet
 facet normal  2.689191e-01 -8.955099e-01  3.546049e-01
   outer loop
     vertex  6.606500e+01 -4.428303e+00 -6.885482e-01
     vertex  7.372699e+01 -2.127432e+00 -6.885482e-01
     vertex  7.366429e+01 -1.918653e+00 -1.137591e-01
   endloop
 endfacet
 facet normal  2.689191e-01 -8.955099e-01  3.546049e-01
   outer loop
     vertex  6.606500e+01 -4.428303e+00 -6.885482e-01
     vertex  7.366429e+01 -1.918653e+00 -1.137591e-01
     vertex  6.600231e+01 -4.219525e+00 -1.137591e-01
   endloop
 endfacet
 facet normal  2.366976e-01 -7.882111e-01  5.680647e-01
   outer loop
     vertex  6.616544e+01 -4.762759e+00 -1.194467e+00
     vertex  7.382742e+01 -2.461887e+00 -1.194467e+00
     vertex  7.372699e+01 -2.127432e+00 -6.885482e-01
   endloop
 endfacet
 facet normal  2.366976e-01 -7.882111e-01  5.680647e-01
   outer loop
     vertex  6.616544e+01 -4.762759e+00 -1.194467e+00
     vertex  7.372699e+01 -2.127432e+00 -6.885482e-01
     vertex  6.606500e+01 -4.428303e+00 -6.885482e-01
   endloop
 endfacet
 facet normal  1.907200e-01 -6.351043e-01  7.485107e-01
   outer loop
     vertex  6.629778e+01 -5.203455e+00 -1.602113e+00
     vertex  7.395976e+01 -2.902583e+00 -1.602113e+00
     vertex  7.382742e+01 -2.461887e+00 -1.194467e+00
   endloop
 endfacet
 facet normal  1.907200e-01 -6.351043e-01  7.485107e-01
   outer loop
     vertex  6.629778e+01 -5.203455e+00 -1.602113e+00
     vertex  7.382742e+01 -2.461887e+00 -1.194467e+00
     vertex  6.616544e+01 -4.762759e+00 -1.194467e+00
   endloop
 endfacet
 facet normal  1.336586e-01 -4.450876e-01  8.854560e-01
   outer loop
     vertex  6.645433e+01 -5.724778e+00 -1.887796e+00
     vertex  7.411632e+01 -3.423907e+00 -1.887796e+00
     vertex  7.395976e+01 -2.902583e+00 -1.602113e+00
   endloop
 endfacet
 facet normal  1.336586e-01 -4.450876e-01  8.854560e-01
   outer loop
     vertex  6.645433e+01 -5.724778e+00 -1.887796e+00
     vertex  7.395976e+01 -2.902583e+00 -1.602113e+00
     vertex  6.629778e+01 -5.203455e+00 -1.602113e+00
   endloop
 endfacet
 facet normal  6.882934e-02 -2.292041e-01  9.709418e-01
   outer loop
     vertex  6.662600e+01 -6.296433e+00 -2.034912e+00
     vertex  7.428798e+01 -3.995561e+00 -2.034912e+00
     vertex  7.411632e+01 -3.423907e+00 -1.887796e+00
   endloop
 endfacet
 facet normal  6.882934e-02 -2.292041e-01  9.709418e-01
   outer loop
     vertex  6.662600e+01 -6.296433e+00 -2.034912e+00
     vertex  7.411632e+01 -3.423907e+00 -1.887796e+00
     vertex  6.645433e+01 -5.724778e+00 -1.887796e+00
   endloop
 endfacet
 facet normal -5.529232e-15 -1.660413e-15  1.000000e+00
   outer loop
     vertex  6.680280e+01 -6.885196e+00 -2.034912e+00
     vertex  7.446479e+01 -4.584324e+00 -2.034912e+00
     vertex  7.428798e+01 -3.995561e+00 -2.034912e+00
   endloop
 endfacet
 facet normal -5.529232e-15 -1.660413e-15  1.000000e+00
   outer loop
     vertex  6.680280e+01 -6.885196e+00 -2.034912e+00
     vertex  7.428798e+01 -3.995561e+00 -2.034912e+00
     vertex  6.662600e+01 -6.296433e+00 -2.034912e+00
   endloop
 endfacet
 facet normal -6.882934e-02  2.292041e-01  9.709418e-01
   outer loop
     vertex  6.697447e+01 -7.456851e+00 -1.887796e+00
     vertex  7.463645e+01 -5.155979e+00 -1.887796e+00
     vertex  7.446479e+01 -4.584324e+00 -2.034912e+00
   endloop
 endfacet
 facet normal -6.882934e-02  2.292041e-01  9.709418e-01
   outer loop
     vertex  6.697447e+01 -7.456851e+00 -1.887796e+00
     vertex  7.446479e+01 -4.584324e+00 -2.034912e+00
     vertex  6.680280e+01 -6.885196e+00 -2.034912e+00
   endloop
 endfacet
 facet normal -1.336586e-01  4.450876e-01  8.854560e-01
   outer loop
     vertex  6.713102e+01 -7.978175e+00 -1.602113e+00
     vertex  7.479300e+01 -5.677303e+00 -1.602113e+00
     vertex  7.463645e+01 -5.155979e+00 -1.887796e+00
   endloop
 endfacet
 facet normal -1.336586e-01  4.450876e-01  8.854560e-01
   outer loop
     vertex  6.713102e+01 -7.978175e+00 -1.602113e+00
     vertex  7.463645e+01 -5.155979e+00 -1.887796e+00
     vertex  6.697447e+01 -7.456851e+00 -1.887796e+00
   endloop
 endfacet
 facet normal -1.907200e-01  6.351043e-01  7.485107e-01
   outer loop
     vertex  6.726336e+01 -8.418871e+00 -1.194467e+00
     vertex  7.492534e+01 -6.117999e+00 -1.194467e+00
     vertex  7.479300e+01 -5.677303e+00 -1.602113e+00
   endloop
 endfacet
 facet normal -1.907200e-01  6.351043e-01  7.485107e-01
   outer loop
     vertex  6.726336e+01 -8.418871e+00 -1.194467e+00
     vertex  7.479300e+01 -5.677303e+00 -1.602113e+00
     vertex  6.713102e+01 -7.978175e+00 -1.602113e+00
   endloop
 endfacet
 facet normal -2.366976e-01  7.882111e-01  5.680647e-01
   outer loop
     vertex  6.736380e+01 -8.753326e+00 -6.885482e-01
     vertex  7.502578e+01 -6.452454e+00 -6.885482e-01
     vertex  7.492534e+01 -6.117999e+00 -1.194467e+00
   endloop
 endfacet
 facet normal -2.366976e-01  7.882111e-01  5.680647e-01
   outer loop
     vertex  6.736380e+01 -8.753326e+00 -6.885482e-01
     vertex  7.492534e+01 -6.117999e+00 -1.194467e+00
     vertex  6.726336e+01 -8.418871e+00 -1.194467e+00
   endloop
 endfacet
 facet normal -2.689191e-01  8.955099e-01  3.546049e-01
   outer loop
     vertex  6.742649e+01 -8.962104e+00 -1.137591e-01
     vertex  7.508847e+01 -6.661233e+00 -1.137591e-01
     vertex  7.502578e+01 -6.452454e+00 -6.885482e-01
   endloop
 endfacet
 facet normal -2.689191e-01  8.955099e-01  3.546049e-01
   outer loop
     vertex  6.742649e+01 -8.962104e+00 -1.137591e-01
     vertex  7.502578e+01 -6.452454e+00 -6.885482e-01
     vertex  6.736380e+01 -8.753326e+00 -6.885482e-01
   endloop
 endfacet
 facet normal -2.855120e-01  9.507649e-01  1.205367e-01
   outer loop
     vertex  6.744780e+01 -9.033072e+00  4.964959e-01
     vertex  7.510979e+01 -6.732200e+00  4.964959e-01
     vertex  7.508847e+01 -6.661233e+00 -1.137591e-01
   endloop
 endfacet
 facet normal -2.855120e-01  9.507649e-01  1.205367e-01
   outer loop
     vertex  6.744780e+01 -9.033072e+00  4.964959e-01
     vertex  7.508847e+01 -6.661233e+00 -1.137591e-01
     vertex  6.742649e+01 -8.962104e+00 -1.137591e-01
   endloop
 endfacet
 facet normal  2.855120e-01 -9.507649e-01  1.205367e-01
   outer loop
     vertex  5.133425e+01  4.462562e+01 -1.137591e-01
     vertex  5.897492e+01  4.699746e+01  4.964959e-01
     vertex  5.131294e+01  4.469659e+01  4.964959e-01
   endloop
 endfacet
 facet normal  2.855120e-01 -9.507649e-01  1.205367e-01
   outer loop
     vertex  5.133425e+01  4.462562e+01 -1.137591e-01
     vertex  5.899623e+01  4.692649e+01 -1.137591e-01
     vertex  5.897492e+01  4.699746e+01  4.964959e-01
   endloop
 endfacet
 facet normal  2.689191e-01 -8.955099e-01  3.546049e-01
   outer loop
     vertex  5.139695e+01  4.441684e+01 -6.885482e-01
     vertex  5.905893e+01  4.671771e+01 -6.885482e-01
     vertex  5.899623e+01  4.692649e+01 -1.137591e-01
   endloop
 endfacet
 facet normal  2.689191e-01 -8.955099e-01  3.546049e-01
   outer loop
     vertex  5.139695e+01  4.441684e+01 -6.885482e-01
     vertex  5.899623e+01  4.692649e+01 -1.137591e-01
     vertex  5.133425e+01  4.462562e+01 -1.137591e-01
   endloop
 endfacet
 facet normal  2.366976e-01 -7.882111e-01  5.680647e-01
   outer loop
     vertex  5.149738e+01  4.408238e+01 -1.194467e+00
     vertex  5.915937e+01  4.638326e+01 -1.194467e+00
     vertex  5.905893e+01  4.671771e+01 -6.885482e-01
   endloop
 endfacet
 facet normal  2.366976e-01 -7.882111e-01  5.680647e-01
   outer loop
     vertex  5.149738e+01  4.408238e+01 -1.194467e+00
     vertex  5.905893e+01  4.671771e+01 -6.885482e-01
     vertex  5.139695e+01  4.441684e+01 -6.885482e-01
   endloop
 endfacet
 facet normal  1.907200e-01 -6.351043e-01  7.485107e-01
   outer loop
     vertex  5.162972e+01  4.364169e+01 -1.602113e+00
     vertex  5.929170e+01  4.594256e+01 -1.602113e+00
     vertex  5.915937e+01  4.638326e+01 -1.194467e+00
   endloop
 endfacet
 facet normal  1.907200e-01 -6.351043e-01  7.485107e-01
   outer loop
     vertex  5.162972e+01  4.364169e+01 -1.602113e+00
     vertex  5.915937e+01  4.638326e+01 -1.194467e+00
     vertex  5.149738e+01  4.408238e+01 -1.194467e+00
   endloop
 endfacet
 facet normal  1.336586e-01 -4.450876e-01  8.854560e-01
   outer loop
     vertex  5.178627e+01  4.312037e+01 -1.887796e+00
     vertex  5.944826e+01  4.542124e+01 -1.887796e+00
     vertex  5.929170e+01  4.594256e+01 -1.602113e+00
   endloop
 endfacet
 facet normal  1.336586e-01 -4.450876e-01  8.854560e-01
   outer loop
     vertex  5.178627e+01  4.312037e+01 -1.887796e+00
     vertex  5.929170e+01  4.594256e+01 -1.602113e+00
     vertex  5.162972e+01  4.364169e+01 -1.602113e+00
   endloop
 endfacet
 facet normal  6.882934e-02 -2.292041e-01  9.709418e-01
   outer loop
     vertex  5.195794e+01  4.254871e+01 -2.034912e+00
     vertex  5.961992e+01  4.484958e+01 -2.034912e+00
     vertex  5.944826e+01  4.542124e+01 -1.887796e+00
   endloop
 endfacet
 facet normal  6.882934e-02 -2.292041e-01  9.709418e-01
   outer loop
     vertex  5.195794e+01  4.254871e+01 -2.034912e+00
     vertex  5.944826e+01  4.542124e+01 -1.887796e+00
     vertex  5.178627e+01  4.312037e+01 -1.887796e+00
   endloop
 endfacet
 facet normal -5.529232e-15 -1.660413e-15  1.000000e+00
   outer loop
     vertex  5.213474e+01  4.195995e+01 -2.034912e+00
     vertex  5.979673e+01  4.426082e+01 -2.034912e+00
     vertex  5.961992e+01  4.484958e+01 -2.034912e+00
   endloop
 endfacet
 facet normal -5.529232e-15 -1.660413e-15  1.000000e+00
   outer loop
     vertex  5.213474e+01  4.195995e+01 -2.034912e+00
     vertex  5.961992e+01  4.484958e+01 -2.034912e+00
     vertex  5.195794e+01  4.254871e+01 -2.034912e+00
   endloop
 endfacet
 facet normal -6.882934e-02  2.292041e-01  9.709418e-01
   outer loop
     vertex  5.230641e+01  4.138829e+01 -1.887796e+00
     vertex  5.996839e+01  4.368916e+01 -1.887796e+00
     vertex  5.979673e+01  4.426082e+01 -2.034912e+00
   endloop
 endfacet
 facet normal -6.882934e-02  2.292041e-01  9.709418e-01
   outer loop
     vertex  5.230641e+01  4.138829e+01 -1.887796e+00
     vertex  5.979673e+01  4.426082e+01 -2.034912e+00
     vertex  5.213474e+01  4.195995e+01 -2.034912e+00
   endloop
 endfacet
 facet normal -1.336586e-01  4.450876e-01  8.854560e-01
   outer loop
     vertex  5.246296e+01  4.086697e+01 -1.602113e+00
     vertex  6.012495e+01  4.316784e+01 -1.602113e+00
     vertex  5.996839e+01  4.368916e+01 -1.887796e+00
   endloop
 endfacet
 facet normal -1.336586e-01  4.450876e-01  8.854560e-01
   outer loop
     vertex  5.246296e+01  4.086697e+01 -1.602113e+00
     vertex  5.996839e+01  4.368916e+01 -1.887796e+00
     vertex  5.230641e+01  4.138829e+01 -1.887796e+00
   endloop
 endfacet
 facet normal -1.907200e-01  6.351043e-01  7.485107e-01
   outer loop
     vertex  5.259530e+01  4.042627e+01 -1.194467e+00
     vertex  6.025729e+01  4.272715e+01 -1.194467e+00
     vertex  6.012495e+01  4.316784e+01 -1.602113e+00
   endloop
 endfacet
 facet normal -1.907200e-01  6.351043e-01  7.485107e-01
   outer loop
     vertex  5.259530e+01  4.042627e+01 -1.194467e+00
     vertex  6.012495e+01  4.316784e+01 -1.602113e+00
     vertex  5.246296e+01  4.086697e+01 -1.602113e+00
   endloop
 endfacet
 facet normal -2.366976e-01  7.882111e-01  5.680647e-01
   outer loop
     vertex  5.269574e+01  4.009182e+01 -6.885482e-01
     vertex  6.035772e+01  4.239269e+01 -6.885482e-01
     vertex  6.025729e+01  4.272715e+01 -1.194467e+00
   endloop
 endfacet
 facet normal -2.366976e-01  7.882111e-01  5.680647e-01
   outer loop
     vertex  5.269574e+01  4.009182e+01 -6.885482e-01
     vertex  6.025729e+01  4.272715e+01 -1.194467e+00
     vertex  5.259530e+01  4.042627e+01 -1.194467e+00
   endloop
 endfacet
 facet normal -2.689191e-01  8.955099e-01  3.546049e-01
   outer loop
     vertex  5.275843e+01  3.988304e+01 -1.137591e-01
     vertex  6.042042e+01  4.218391e+01 -1.137591e-01
     vertex  6.035772e+01  4.239269e+01 -6.885482e-01
   endloop
 endfacet
 facet normal -2.689191e-01  8.955099e-01  3.546049e-01
   outer loop
     vertex  5.275843e+01  3.988304e+01 -1.137591e-01
     vertex  6.035772e+01  4.239269e+01 -6.885482e-01
     vertex  5.269574e+01  4.009182e+01 -6.885482e-01
   endloop
 endfacet
 facet normal -2.855120e-01  9.507649e-01  1.205367e-01
   outer loop
     vertex  5.277974e+01  3.981207e+01  4.964959e-01
     vertex  6.044173e+01  4.211294e+01  4.964959e-01
     vertex  6.042042e+01  4.218391e+01 -1.137591e-01
   endloop
 endfacet
 facet normal -2.855120e-01  9.507649e-01  1.205367e-01
   outer loop
     vertex  5.277974e+01  3.981207e+01  4.964959e-01
     vertex  6.042042e+01  4.218391e+01 -1.137591e-01
     vertex  5.275843e+01  3.988304e+01 -1.137591e-01
   endloop
 endfacet
 facet normal  2.855120e-01 -9.507649e-01  1.205367e-01
   outer loop
     vertex  5.133425e+01  4.462562e+01  1.788624e+01
     vertex  5.897492e+01  4.699746e+01  1.849650e+01
     vertex  5.131294e+01  4.469659e+01  1.849650e+01
   endloop
 endfacet
 facet normal  2.855120e-01 -9.507649e-01  1.205367e-01
   outer loop
     vertex  5.133425e+01  4.462562e+01  1.788624e+01
     vertex  5.899623e+01  4.692649e+01  1.788624e+01
     vertex  5.897492e+01  4.699746e+01  1.849650e+01
   endloop
 endfacet
 facet normal  2.689191e-01 -8.955099e-01  3.546049e-01
   outer loop
     vertex  5.139695e+01  4.441684e+01  1.731145e+01
     vertex  5.905893e+01  4.671771e+01  1.731145e+01
     vertex  5.899623e+01  4.692649e+01  1.788624e+01
   endloop
 endfacet
 facet normal  2.689191e-01 -8.955099e-01  3.546049e-01
   outer loop
     vertex  5.139695e+01  4.441684e+01  1.731145e+01
     vertex  5.899623e+01  4.692649e+01  1.788624e+01
     vertex  5.133425e+01  4.462562e+01  1.788624e+01
   endloop
 endfacet
 facet normal  2.366976e-01 -7.882111e-01  5.680647e-01
   outer loop
     vertex  5.149738e+01  4.408238e+01  1.680553e+01
     vertex  5.915937e+01  4.638326e+01  1.680553e+01
     vertex  5.905893e+01  4.671771e+01  1.731145e+01
   endloop
 endfacet
 facet normal  2.366976e-01 -7.882111e-01  5.680647e-01
   outer loop
     vertex  5.149738e+01  4.408238e+01  1.680553e+01
     vertex  5.905893e+01  4.671771e+01  1.731145e+01
     vertex  5.139695e+01  4.441684e+01  1.731145e+01
   endloop
 endfacet
 facet normal  1.907200e-01 -6.351043e-01  7.485107e-01
   outer loop
     vertex  5.162972e+01  4.364169e+01  1.639789e+01
     vertex  5.929170e+01  4.594256e+01  1.639789e+01
     vertex  5.915937e+01  4.638326e+01  1.680553e+01
   endloop
 endfacet
 facet normal  1.907200e-01 -6.351043e-01  7.485107e-01
   outer loop
     vertex  5.162972e+01  4.364169e+01  1.639789e+01
     vertex  5.915937e+01  4.638326e+01  1.680553e+01
     vertex  5.149738e+01  4.408238e+01  1.680553e+01
   endloop
 endfacet
 facet normal  1.336586e-01 -4.450876e-01  8.854560e-01
   outer loop
     vertex  5.178627e+01  4.312037e+01  1.611220e+01
     vertex  5.944826e+01  4.542124e+01  1.611220e+01
     vertex  5.929170e+01  4.594256e+01  1.639789e+01
   endloop
 endfacet
 facet normal  1.336586e-01 -4.450876e-01  8.854560e-01
   outer loop
     vertex  5.178627e+01  4.312037e+01  1.611220e+01
     vertex  5.929170e+01  4.594256e+01  1.639789e+01
     vertex  5.162972e+01  4.364169e+01  1.639789e+01
   endloop
 endfacet
 facet normal  6.882934e-02 -2.292041e-01  9.709418e-01
   outer loop
     vertex  5.195794e+01  4.254871e+01  1.596509e+01
     vertex  5.961992e+01  4.484958e+01  1.596509e+01
     vertex  5.944826e+01  4.542124e+01  1.611220e+01
   endloop
 endfacet
 facet normal  6.882934e-02 -2.292041e-01  9.709418e-01
   outer loop
     vertex  5.195794e+01  4.254871e+01  1.596509e+01
     vertex  5.944826e+01  4.542124e+01  1.611220e+01
     vertex  5.178627e+01  4.312037e+01  1.611220e+01
   endloop
 endfacet
 facet normal -5.529232e-15 -1.660413e-15  1.000000e+00
   outer loop
     vertex  5.213474e+01  4.195995e+01  1.596509e+01
     vertex  5.979673e+01  4.426082e+01  1.596509e+01
     vertex  5.961992e+01  4.484958e+01  1.596509e+01
   endloop
 endfacet
 facet normal -5.529232e-15 -1.660413e-15  1.000000e+00
   outer loop
     vertex  5.213474e+01  4.195995e+01  1.596509e+01
     vertex  5.961992e+01  4.484958e+01  1.596509e+01
     vertex  5.195794e+01  4.254871e+01  1.596509e+01
   endloop
 endfacet
 facet normal -6.882934e-02  2.292041e-01  9.709418e-01
   outer loop
     vertex  5.230641e+01  4.138829e+01  1.611220e+01
     vertex  5.996839e+01  4.368916e+01  1.611220e+01
     vertex  5.979673e+01  4.426082e+01  1.596509e+01
   endloop
 endfacet
 facet normal -6.882934e-02  2.292041e-01  9.709418e-01
   outer loop
     vertex  5.230641e+01  4.138829e+01  1.611220e+01
     vertex  5.979673e+01  4.426082e+01  1.596509e+01
     vertex  5.213474e+01  4.195995e+01  1.596509e+01
   endloop
 endfacet
 facet normal -1.336586e-01  4.450876e-01  8.854560e-01
   outer loop
     vertex  5.246296e+01  4.086697e+01  1.639789e+01
     vertex  6.012495e+01  4.316784e+01  1.639789e+01
     vertex  5.996839e+01  4.368916e+01  1.611220e+01
   endloop
 endfacet
 facet normal -1.336586e-01  4.450876e-01  8.854560e-01
   outer loop
     vertex  5.246296e+01  4.086697e+01  1.639789e+01
     vertex  5.996839e+01  4.368916e+01  1.611220e+01
     vertex  5.230641e+01  4.138829e+01  1.611220e+01
   endloop
 endfacet
 facet normal -1.907200e-01  6.351043e-01  7.485107e-01
   outer loop
     vertex  5.259530e+01  4.042627e+01  1.680553e+01
     vertex  6.025729e+01  4.272715e+01  1.680553e+01
     vertex  6.012495e+01  4.316784e+01  1.639789e+01
   endloop
 endfacet
 facet normal -1.907200e-01  6.351043e-01  7.485107e-01
   outer loop
     vertex  5.259530e+01  4.042627e+01  1.680553e+01
     vertex  6.012495e+01  4.316784e+01  1.639789e+01
     vertex  5.246296e+01  4.086697e+01  1.639789e+01
   endloop
 endfacet
 facet normal -2.366976e-01  7.882111e-01  5.680647e-01
   outer loop
     vertex  5.269574e+01  4.009182e+01  1.731145e+01
     vertex  6.035772e+01  4.239269e+01  1.731145e+01
     vertex  6.025729e+01  4.272715e+01  1.680553e+01
   endloop
 endfacet
 facet normal -2.366976e-01  7.882111e-01  5.680647e-01
   outer loop
     vertex  5.269574e+01  4.009182e+01  1.731145e+01
     vertex  6.025729e+01  4.272715e+01  1.680553e+01
     vertex  5.259530e+01  4.042627e+01  1.680553e+01
   endloop
 endfacet
 facet normal -2.689191e-01  8.955099e-01  3.546049e-01
   outer loop
     vertex  5.275843e+01  3.988304e+01  1.788624e+01
     vertex  6.042042e+01  4.218391e+01  1.788624e+01
     vertex  6.035772e+01  4.239269e+01  1.731145e+01
   endloop
 endfacet
 facet normal -2.689191e-01  8.955099e-01  3.546049e-01
   outer loop
     vertex  5.275843e+01  3.988304e+01  1.788624e+01
     vertex  6.035772e+01  4.239269e+01  1.731145e+01
     vertex  5.269574e+01  4.009182e+01  1.731145e+01
   endloop
 endfacet
 facet normal -2.855120e-01  9.507649e-01  1.205367e-01
   outer loop
     vertex  5.277974e+01  3.981207e+01  1.849650e+01
     vertex  6.044173e+01  4.211294e+01  1.849650e+01
     vertex  6.042042e+01  4.218391e+01  1.788624e+01
   endloop
 endfacet
 facet normal -2.855120e-01  9.507649e-01  1.205367e-01
   outer loop
     vertex  5.277974e+01  3.981207e+01  1.849650e+01
     vertex  6.042042e+01  4.218391e+01  1.788624e+01
     vertex  5.275843e+01  3.988304e+01  1.788624e+01
   endloop
 endfacet
 facet normal  4.009557e-01 -9.160974e-01  3.257723e-15
   outer loop
     vertex  2.133334e+02  8.233544e+01 -1.300350e+01
     vertex  2.094686e+02  8.064389e+01 -1.600350e+01
     vertex  2.133334e+02  8.233544e+01 -1.600350e+01
   endloop
 endfacet
 facet normal  6.085412e-01 -7.935223e-01  2.538899e-16
   outer loop
     vertex  2.094686e+02  8.064389e+01 -1.300350e+01
     vertex  2.061209e+02  7.807659e+01 -1.600350e+01
     vertex  2.094686e+02  8.064389e+01 -1.600350e+01
   endloop
 endfacet
 facet normal  4.009557e-01 -9.160974e-01 -5.421296e-15
   outer loop
     vertex  2.094686e+02  8.064389e+01 -1.300350e+01
     vertex  2.094686e+02  8.064389e+01 -1.600350e+01
     vertex  2.133334e+02  8.233544e+01 -1.300350e+01
   endloop
 endfacet
 facet normal  7.807604e-01 -6.248306e-01  5.914320e-15
   outer loop
     vertex  2.061209e+02  7.807659e+01 -1.300350e+01
     vertex  2.034848e+02  7.478273e+01 -1.600350e+01
     vertex  2.061209e+02  7.807659e+01 -1.600350e+01
   endloop
 endfacet
 facet normal  6.085412e-01 -7.935223e-01  2.538899e-16
   outer loop
     vertex  2.061209e+02  7.807659e+01 -1.300350e+01
     vertex  2.061209e+02  7.807659e+01 -1.600350e+01
     vertex  2.094686e+02  8.064389e+01 -1.300350e+01
   endloop
 endfacet
 facet normal  9.076046e-01 -4.198259e-01  4.621168e-15
   outer loop
     vertex  2.034848e+02  7.478273e+01 -1.300350e+01
     vertex  2.017137e+02  7.095374e+01 -1.600350e+01
     vertex  2.034848e+02  7.478273e+01 -1.600350e+01
   endloop
 endfacet
 facet normal  7.807604e-01 -6.248306e-01  1.477264e-15
   outer loop
     vertex  2.034848e+02  7.478273e+01 -1.300350e+01
     vertex  2.034848e+02  7.478273e+01 -1.600350e+01
     vertex  2.061209e+02  7.807659e+01 -1.300350e+01
   endloop
 endfacet
 facet normal  9.076046e-01 -4.198259e-01  4.621168e-15
   outer loop
     vertex  2.017137e+02  7.095374e+01 -1.300350e+01
     vertex  2.017137e+02  7.095374e+01 -1.600350e+01
     vertex  2.034848e+02  7.478273e+01 -1.300350e+01
   endloop
 endfacet
 facet normal  9.817022e-01 -1.904225e-01  7.496507e-15
   outer loop
     vertex  2.009103e+02  6.681215e+01 -1.300350e+01
     vertex  2.009103e+02  6.681215e+01 -1.600350e+01
     vertex  2.017137e+02  7.095374e+01 -1.600350e+01
   endloop
 endfacet
 facet normal  9.987468e-01  5.004751e-02  9.936176e-15
   outer loop
     vertex  2.009103e+02  6.681215e+01 -1.300350e+01
     vertex  2.011215e+02  6.259865e+01 -1.600350e+01
     vertex  2.009103e+02  6.681215e+01 -1.600350e+01
   endloop
 endfacet
 facet normal  9.817022e-01 -1.904225e-01  7.508885e-15
   outer loop
     vertex  2.009103e+02  6.681215e+01 -1.300350e+01
     vertex  2.017137e+02  7.095374e+01 -1.600350e+01
     vertex  2.017137e+02  7.095374e+01 -1.300350e+01
   endloop
 endfacet
 facet normal  9.577479e-01  2.876090e-01  2.223439e-14
   outer loop
     vertex  2.011215e+02  6.259865e+01 -1.300350e+01
     vertex  2.023348e+02  5.855812e+01 -1.600350e+01
     vertex  2.011215e+02  6.259865e+01 -1.600350e+01
   endloop
 endfacet
 facet normal  9.987468e-01  5.004751e-02  1.963528e-14
   outer loop
     vertex  2.011215e+02  6.259865e+01 -1.300350e+01
     vertex  2.011215e+02  6.259865e+01 -1.600350e+01
     vertex  2.009103e+02  6.681215e+01 -1.300350e+01
   endloop
 endfacet
 facet normal  8.610882e-01  5.084557e-01  6.021325e-15
   outer loop
     vertex  2.023348e+02  5.855812e+01 -1.300350e+01
     vertex  2.044799e+02  5.492538e+01 -1.600350e+01
     vertex  2.023348e+02  5.855812e+01 -1.600350e+01
   endloop
 endfacet
 facet normal  9.577479e-01  2.876090e-01  3.405975e-15
   outer loop
     vertex  2.023348e+02  5.855812e+01 -1.300350e+01
     vertex  2.023348e+02  5.855812e+01 -1.600350e+01
     vertex  2.011215e+02  6.259865e+01 -1.300350e+01
   endloop
 endfacet
 facet normal  8.610882e-01  5.084557e-01  1.417919e-14
   outer loop
     vertex  2.044799e+02  5.492538e+01 -1.300350e+01
     vertex  2.044799e+02  5.492538e+01 -1.600350e+01
     vertex  2.023348e+02  5.855812e+01 -1.300350e+01
   endloop
 endfacet
 facet normal  7.143851e-01  6.997528e-01  8.286737e-15
   outer loop
     vertex  2.074320e+02  5.191154e+01 -1.300350e+01
     vertex  2.074320e+02  5.191154e+01 -1.600350e+01
     vertex  2.044799e+02  5.492538e+01 -1.600350e+01
   endloop
 endfacet
 facet normal  7.143851e-01  6.997528e-01  1.515812e-14
   outer loop
     vertex  2.074320e+02  5.191154e+01 -1.300350e+01
     vertex  2.044799e+02  5.492538e+01 -1.600350e+01
     vertex  2.044799e+02  5.492538e+01 -1.300350e+01
   endloop
 endfacet
 facet normal  5.261646e-01  8.503828e-01  5.085723e-15
   outer loop
     vertex  2.110196e+02  4.969177e+01 -1.300350e+01
     vertex  2.110196e+02  4.969177e+01 -1.600350e+01
     vertex  2.074320e+02  5.191154e+01 -1.600350e+01
   endloop
 endfacet
 facet normal  3.073653e-01  9.515916e-01  8.357160e-15
   outer loop
     vertex  2.110196e+02  4.969177e+01 -1.300350e+01
     vertex  2.150341e+02  4.839506e+01 -1.600350e+01
     vertex  2.110196e+02  4.969177e+01 -1.600350e+01
   endloop
 endfacet
 facet normal  5.261646e-01  8.503828e-01  1.010542e-14
   outer loop
     vertex  2.110196e+02  4.969177e+01 -1.300350e+01
     vertex  2.074320e+02  5.191154e+01 -1.600350e+01
     vertex  2.074320e+02  5.191154e+01 -1.300350e+01
   endloop
 endfacet
 facet normal  7.070302e-02  9.974974e-01  7.087645e-15
   outer loop
     vertex  2.150341e+02  4.839506e+01 -1.300350e+01
     vertex  2.192424e+02  4.809678e+01 -1.600350e+01
     vertex  2.150341e+02  4.839506e+01 -1.600350e+01
   endloop
 endfacet
 facet normal  3.073653e-01  9.515916e-01  6.761465e-15
   outer loop
     vertex  2.150341e+02  4.839506e+01 -1.300350e+01
     vertex  2.150341e+02  4.839506e+01 -1.600350e+01
     vertex  2.110196e+02  4.969177e+01 -1.300350e+01
   endloop
 endfacet
 facet normal  7.070302e-02  9.974974e-01 -6.698336e-16
   outer loop
     vertex  2.192424e+02  4.809678e+01 -1.300350e+01
     vertex  2.192424e+02  4.809678e+01 -1.600350e+01
     vertex  2.150341e+02  4.839506e+01 -1.300350e+01
   endloop
 endfacet
 facet normal -1.700682e-01  9.854323e-01  2.333973e-15
   outer loop
     vertex  2.233997e+02  4.881426e+01 -1.300350e+01
     vertex  2.233997e+02  4.881426e+01 -1.600350e+01
     vertex  2.192424e+02  4.809678e+01 -1.600350e+01
   endloop
 endfacet
 facet normal -1.700682e-01  9.854323e-01  1.614059e-15
   outer loop
     vertex  2.233997e+02  4.881426e+01 -1.300350e+01
     vertex  2.192424e+02  4.809678e+01 -1.600350e+01
     vertex  2.192424e+02  4.809678e+01 -1.300350e+01
   endloop
 endfacet
 facet normal  4.009557e-01 -9.160974e-01  8.952556e-15
   outer loop
     vertex  1.301559e+02  4.639428e+01 -7.003504e+00
     vertex  1.286100e+02  4.571766e+01 -9.003504e+00
     vertex  1.301559e+02  4.639428e+01 -9.003504e+00
   endloop
 endfacet
 facet normal  6.085412e-01 -7.935223e-01  5.828733e-15
   outer loop
     vertex  1.286100e+02  4.571766e+01 -7.003504e+00
     vertex  1.272709e+02  4.469074e+01 -9.003504e+00
     vertex  1.286100e+02  4.571766e+01 -9.003504e+00
   endloop
 endfacet
 facet normal  4.009557e-01 -9.160974e-01  2.443292e-15
   outer loop
     vertex  1.286100e+02  4.571766e+01 -7.003504e+00
     vertex  1.286100e+02  4.571766e+01 -9.003504e+00
     vertex  1.301559e+02  4.639428e+01 -7.003504e+00
   endloop
 endfacet
 facet normal  7.807604e-01 -6.248306e-01  1.107948e-15
   outer loop
     vertex  1.272709e+02  4.469074e+01 -7.003504e+00
     vertex  1.262165e+02  4.337319e+01 -9.003504e+00
     vertex  1.272709e+02  4.469074e+01 -9.003504e+00
   endloop
 endfacet
 facet normal  6.085412e-01 -7.935223e-01 -1.314370e-15
   outer loop
     vertex  1.272709e+02  4.469074e+01 -7.003504e+00
     vertex  1.272709e+02  4.469074e+01 -9.003504e+00
     vertex  1.286100e+02  4.571766e+01 -7.003504e+00
   endloop
 endfacet
 facet normal  9.076046e-01 -4.198259e-01 -4.957398e-15
   outer loop
     vertex  1.262165e+02  4.337319e+01 -7.003504e+00
     vertex  1.255081e+02  4.184160e+01 -9.003504e+00
     vertex  1.262165e+02  4.337319e+01 -9.003504e+00
   endloop
 endfacet
 facet normal  7.807604e-01 -6.248306e-01 -3.327792e-15
   outer loop
     vertex  1.262165e+02  4.337319e+01 -7.003504e+00
     vertex  1.262165e+02  4.337319e+01 -9.003504e+00
     vertex  1.272709e+02  4.469074e+01 -7.003504e+00
   endloop
 endfacet
 facet normal  9.076046e-01 -4.198259e-01  4.957398e-15
   outer loop
     vertex  1.255081e+02  4.184160e+01 -7.003504e+00
     vertex  1.255081e+02  4.184160e+01 -9.003504e+00
     vertex  1.262165e+02  4.337319e+01 -7.003504e+00
   endloop
 endfacet
 facet normal  9.817022e-01 -1.904225e-01 -6.975414e-15
   outer loop
     vertex  1.251867e+02  4.018496e+01 -7.003504e+00
     vertex  1.251867e+02  4.018496e+01 -9.003504e+00
     vertex  1.255081e+02  4.184160e+01 -9.003504e+00
   endloop
 endfacet
 facet normal  9.987468e-01  5.004751e-02 -7.096523e-15
   outer loop
     vertex  1.251867e+02  4.018496e+01 -7.003504e+00
     vertex  1.252712e+02  3.849956e+01 -9.003504e+00
     vertex  1.251867e+02  4.018496e+01 -9.003504e+00
   endloop
 endfacet
 facet normal  9.817022e-01 -1.904225e-01  6.282990e-15
   outer loop
     vertex  1.251867e+02  4.018496e+01 -7.003504e+00
     vertex  1.255081e+02  4.184160e+01 -9.003504e+00
     vertex  1.255081e+02  4.184160e+01 -7.003504e+00
   endloop
 endfacet
 facet normal  9.987468e-01  5.004751e-02  7.096523e-15
   outer loop
     vertex  1.252712e+02  3.849956e+01 -7.003504e+00
     vertex  1.252712e+02  3.849956e+01 -9.003504e+00
     vertex  1.251867e+02  4.018496e+01 -7.003504e+00
   endloop
 endfacet
 facet normal  9.577479e-01  2.876090e-01 -6.805208e-15
   outer loop
     vertex  1.257565e+02  3.688335e+01 -7.003504e+00
     vertex  1.257565e+02  3.688335e+01 -9.003504e+00
     vertex  1.252712e+02  3.849956e+01 -9.003504e+00
   endloop
 endfacet
 facet normal  8.610882e-01  5.084557e-01 -6.118399e-15
   outer loop
     vertex  1.257565e+02  3.688335e+01 -7.003504e+00
     vertex  1.266146e+02  3.543025e+01 -9.003504e+00
     vertex  1.257565e+02  3.688335e+01 -9.003504e+00
   endloop
 endfacet
 facet normal  9.577479e-01  2.876090e-01  6.809313e-15
   outer loop
     vertex  1.257565e+02  3.688335e+01 -7.003504e+00
     vertex  1.252712e+02  3.849956e+01 -9.003504e+00
     vertex  1.252712e+02  3.849956e+01 -7.003504e+00
   endloop
 endfacet
 facet normal  8.610882e-01  5.084557e-01 -6.118399e-15
   outer loop
     vertex  1.266146e+02  3.543025e+01 -7.003504e+00
     vertex  1.266146e+02  3.543025e+01 -9.003504e+00
     vertex  1.257565e+02  3.688335e+01 -7.003504e+00
   endloop
 endfacet
 facet normal  7.143851e-01  6.997528e-01 -2.589990e-15
   outer loop
     vertex  1.277954e+02  3.422472e+01 -7.003504e+00
     vertex  1.277954e+02  3.422472e+01 -9.003504e+00
     vertex  1.266146e+02  3.543025e+01 -9.003504e+00
   endloop
 endfacet
 facet normal  7.143851e-01  6.997528e-01 -5.065866e-15
   outer loop
     vertex  1.277954e+02  3.422472e+01 -7.003504e+00
     vertex  1.266146e+02  3.543025e+01 -9.003504e+00
     vertex  1.266146e+02  3.543025e+01 -7.003504e+00
   endloop
 endfacet
 facet normal  5.261646e-01  8.503828e-01  3.021166e-15
   outer loop
     vertex  1.292304e+02  3.333681e+01 -7.003504e+00
     vertex  1.292304e+02  3.333681e+01 -9.003504e+00
     vertex  1.277954e+02  3.422472e+01 -9.003504e+00
   endloop
 endfacet
 facet normal  5.261646e-01  8.503828e-01 -7.236951e-16
   outer loop
     vertex  1.292304e+02  3.333681e+01 -7.003504e+00
     vertex  1.277954e+02  3.422472e+01 -9.003504e+00
     vertex  1.277954e+02  3.422472e+01 -7.003504e+00
   endloop
 endfacet
 facet normal  3.073653e-01  9.515916e-01 -4.367923e-15
   outer loop
     vertex  1.308363e+02  3.281812e+01 -7.003504e+00
     vertex  1.308363e+02  3.281812e+01 -9.003504e+00
     vertex  1.292304e+02  3.333681e+01 -9.003504e+00
   endloop
 endfacet
 facet normal  7.070302e-02  9.974974e-01 -1.004750e-15
   outer loop
     vertex  1.308363e+02  3.281812e+01 -7.003504e+00
     vertex  1.325195e+02  3.269881e+01 -9.003504e+00
     vertex  1.308363e+02  3.281812e+01 -9.003504e+00
   endloop
 endfacet
 facet normal  3.073653e-01  9.515916e-01  3.388209e-15
   outer loop
     vertex  1.308363e+02  3.281812e+01 -7.003504e+00
     vertex  1.292304e+02  3.333681e+01 -9.003504e+00
     vertex  1.292304e+02  3.333681e+01 -7.003504e+00
   endloop
 endfacet
 facet normal  7.070302e-02  9.974974e-01  0.000000e+00
   outer loop
     vertex  1.325195e+02  3.269881e+01 -7.003504e+00
     vertex  1.325195e+02  3.269881e+01 -9.003504e+00
     vertex  1.308363e+02  3.281812e+01 -7.003504e+00
   endloop
 endfacet
 facet normal -1.700682e-01  9.854323e-01  1.084144e-15
   outer loop
     vertex  1.341825e+02  3.298580e+01 -7.003504e+00
     vertex  1.341825e+02  3.298580e+01 -9.003504e+00
     vertex  1.325195e+02  3.269881e+01 -9.003504e+00
   endloop
 endfacet
 facet normal -1.700682e-01  9.854323e-01  0.000000e+00
   outer loop
     vertex  1.341825e+02  3.298580e+01 -7.003504e+00
     vertex  1.325195e+02  3.269881e+01 -9.003504e+00
     vertex  1.325195e+02  3.269881e+01 -7.003504e+00
   endloop
 endfacet
 facet normal -4.009557e-01  9.160974e-01 -2.443292e-15
   outer loop
     vertex  1.341825e+02  3.298580e+01 -7.003504e+00
     vertex  1.357284e+02  3.366242e+01 -9.003504e+00
     vertex  1.341825e+02  3.298580e+01 -9.003504e+00
   endloop
 endfacet
 facet normal -6.085412e-01  7.935223e-01  5.828733e-15
   outer loop
     vertex  1.357284e+02  3.366242e+01 -7.003504e+00
     vertex  1.370675e+02  3.468934e+01 -9.003504e+00
     vertex  1.357284e+02  3.366242e+01 -9.003504e+00
   endloop
 endfacet
 facet normal -4.009557e-01  9.160974e-01  2.443292e-15
   outer loop
     vertex  1.357284e+02  3.366242e+01 -7.003504e+00
     vertex  1.357284e+02  3.366242e+01 -9.003504e+00
     vertex  1.341825e+02  3.298580e+01 -7.003504e+00
   endloop
 endfacet
 facet normal -7.807604e-01  6.248306e-01  1.331117e-14
   outer loop
     vertex  1.370675e+02  3.468934e+01 -7.003504e+00
     vertex  1.381219e+02  3.600689e+01 -9.003504e+00
     vertex  1.370675e+02  3.468934e+01 -9.003504e+00
   endloop
 endfacet
 facet normal -6.085412e-01  7.935223e-01  6.019150e-15
   outer loop
     vertex  1.370675e+02  3.468934e+01 -7.003504e+00
     vertex  1.370675e+02  3.468934e+01 -9.003504e+00
     vertex  1.357284e+02  3.366242e+01 -7.003504e+00
   endloop
 endfacet
 facet normal -9.076046e-01  4.198259e-01 -1.588088e-14
   outer loop
     vertex  1.381219e+02  3.600689e+01 -7.003504e+00
     vertex  1.388304e+02  3.753848e+01 -9.003504e+00
     vertex  1.381219e+02  3.600689e+01 -9.003504e+00
   endloop
 endfacet
 facet normal -7.807604e-01  6.248306e-01 -1.553496e-14
   outer loop
     vertex  1.381219e+02  3.600689e+01 -7.003504e+00
     vertex  1.381219e+02  3.600689e+01 -9.003504e+00
     vertex  1.370675e+02  3.468934e+01 -7.003504e+00
   endloop
 endfacet
 facet normal -9.817022e-01  1.904225e-01  2.519559e-14
   outer loop
     vertex  1.388304e+02  3.753848e+01 -7.003504e+00
     vertex  1.391517e+02  3.919512e+01 -9.003504e+00
     vertex  1.388304e+02  3.753848e+01 -9.003504e+00
   endloop
 endfacet
 facet normal -9.076046e-01  4.198259e-01  1.982959e-14
   outer loop
     vertex  1.388304e+02  3.753848e+01 -7.003504e+00
     vertex  1.388304e+02  3.753848e+01 -9.003504e+00
     vertex  1.381219e+02  3.600689e+01 -7.003504e+00
   endloop
 endfacet
 facet normal -9.987468e-01 -5.004751e-02  3.556090e-16
   outer loop
     vertex  1.391517e+02  3.919512e+01 -7.003504e+00
     vertex  1.390672e+02  4.088052e+01 -9.003504e+00
     vertex  1.391517e+02  3.919512e+01 -9.003504e+00
   endloop
 endfacet
 facet normal -9.817022e-01  1.904225e-01 -1.353034e-15
   outer loop
     vertex  1.391517e+02  3.919512e+01 -7.003504e+00
     vertex  1.391517e+02  3.919512e+01 -9.003504e+00
     vertex  1.388304e+02  3.753848e+01 -7.003504e+00
   endloop
 endfacet
 facet normal -9.577479e-01 -2.876090e-01  3.130800e-14
   outer loop
     vertex  1.390672e+02  4.088052e+01 -7.003504e+00
     vertex  1.385819e+02  4.249673e+01 -9.003504e+00
     vertex  1.390672e+02  4.088052e+01 -9.003504e+00
   endloop
 endfacet
 facet normal -9.987468e-01 -5.004751e-02  2.909731e-14
   outer loop
     vertex  1.390672e+02  4.088052e+01 -7.003504e+00
     vertex  1.390672e+02  4.088052e+01 -9.003504e+00
     vertex  1.391517e+02  3.919512e+01 -7.003504e+00
   endloop
 endfacet
 facet normal -8.610882e-01 -5.084557e-01  3.612795e-15
   outer loop
     vertex  1.385819e+02  4.249673e+01 -7.003504e+00
     vertex  1.377239e+02  4.394983e+01 -9.003504e+00
     vertex  1.385819e+02  4.249673e+01 -9.003504e+00
   endloop
 endfacet
 facet normal -9.577479e-01 -2.876090e-01  2.043585e-15
   outer loop
     vertex  1.385819e+02  4.249673e+01 -7.003504e+00
     vertex  1.385819e+02  4.249673e+01 -9.003504e+00
     vertex  1.390672e+02  4.088052e+01 -7.003504e+00
   endloop
 endfacet
 facet normal -8.610882e-01 -5.084557e-01  3.612795e-15
   outer loop
     vertex  1.377239e+02  4.394983e+01 -7.003504e+00
     vertex  1.377239e+02  4.394983e+01 -9.003504e+00
     vertex  1.385819e+02  4.249673e+01 -7.003504e+00
   endloop
 endfacet
 facet normal -7.143851e-01 -6.997528e-01 -1.533200e-14
   outer loop
     vertex  1.365430e+02  4.515536e+01 -7.003504e+00
     vertex  1.365430e+02  4.515536e+01 -9.003504e+00
     vertex  1.377239e+02  4.394983e+01 -9.003504e+00
   endloop
 endfacet
 facet normal -5.261646e-01 -8.503828e-01 -8.912164e-15
   outer loop
     vertex  1.365430e+02  4.515536e+01 -7.003504e+00
     vertex  1.351080e+02  4.604327e+01 -9.003504e+00
     vertex  1.365430e+02  4.515536e+01 -9.003504e+00
   endloop
 endfacet
 facet normal -7.143851e-01 -6.997528e-01  4.934285e-15
   outer loop
     vertex  1.365430e+02  4.515536e+01 -7.003504e+00
     vertex  1.377239e+02  4.394983e+01 -9.003504e+00
     vertex  1.377239e+02  4.394983e+01 -7.003504e+00
   endloop
 endfacet
 facet normal -5.261646e-01 -8.503828e-01  6.042333e-15
   outer loop
     vertex  1.351080e+02  4.604327e+01 -7.003504e+00
     vertex  1.351080e+02  4.604327e+01 -9.003504e+00
     vertex  1.365430e+02  4.515536e+01 -7.003504e+00
   endloop
 endfacet
 facet normal -3.073653e-01 -9.515916e-01 -4.367923e-15
   outer loop
     vertex  1.335022e+02  4.656196e+01 -7.003504e+00
     vertex  1.335022e+02  4.656196e+01 -9.003504e+00
     vertex  1.351080e+02  4.604327e+01 -9.003504e+00
   endloop
 endfacet
 facet normal -7.070302e-02 -9.974974e-01 -1.004750e-15
   outer loop
     vertex  1.335022e+02  4.656196e+01 -7.003504e+00
     vertex  1.318189e+02  4.668127e+01 -9.003504e+00
     vertex  1.335022e+02  4.656196e+01 -9.003504e+00
   endloop
 endfacet
 facet normal -3.073653e-01 -9.515916e-01  6.776418e-15
   outer loop
     vertex  1.335022e+02  4.656196e+01 -7.003504e+00
     vertex  1.351080e+02  4.604327e+01 -9.003504e+00
     vertex  1.351080e+02  4.604327e+01 -7.003504e+00
   endloop
 endfacet
 facet normal  1.700682e-01 -9.854323e-01  0.000000e+00
   outer loop
     vertex  1.318189e+02  4.668127e+01 -7.003504e+00
     vertex  1.301559e+02  4.639428e+01 -9.003504e+00
     vertex  1.318189e+02  4.668127e+01 -9.003504e+00
   endloop
 endfacet
 facet normal -7.070302e-02 -9.974974e-01 -0.000000e+00
   outer loop
     vertex  1.318189e+02  4.668127e+01 -7.003504e+00
     vertex  1.318189e+02  4.668127e+01 -9.003504e+00
     vertex  1.335022e+02  4.656196e+01 -7.003504e+00
   endloop
 endfacet
 facet normal  1.700682e-01 -9.854323e-01  5.917774e-15
   outer loop
     vertex  1.301559e+02  4.639428e+01 -7.003504e+00
     vertex  1.301559e+02  4.639428e+01 -9.003504e+00
     vertex  1.318189e+02  4.668127e+01 -7.003504e+00
   endloop
 endfacet
 facet normal -2.876090e-01  9.577479e-01 -3.523751e-15
   outer loop
     vertex  2.284328e+02  3.205367e+01  2.599650e+01
     vertex  2.265173e+02  3.147845e+01  1.859650e+01
     vertex  2.265173e+02  3.147845e+01  2.089650e+01
   endloop
 endfacet
 facet normal -2.876090e-01  9.577479e-01 -5.121601e-16
   outer loop
     vertex  2.284328e+02  3.205367e+01  2.599650e+01
     vertex  2.284328e+02  3.205367e+01 -6.003504e+00
     vertex  2.265173e+02  3.147845e+01  1.859650e+01
   endloop
 endfacet
 facet normal -2.876090e-01  9.577479e-01  6.739565e-16
   outer loop
     vertex  2.150244e+02  2.802715e+01  1.859650e+01
     vertex  2.265173e+02  3.147845e+01  1.859650e+01
     vertex  2.284328e+02  3.205367e+01 -6.003504e+00
   endloop
 endfacet
 facet normal -2.876090e-01  9.577479e-01 -4.179663e-15
   outer loop
     vertex  2.150244e+02  2.802715e+01  2.089650e+01
     vertex  2.284328e+02  3.205367e+01  2.599650e+01
     vertex  2.265173e+02  3.147845e+01  2.089650e+01
   endloop
 endfacet
 facet normal -2.876090e-01  9.577479e-01 -7.109871e-16
   outer loop
     vertex  1.652215e+02  1.307148e+01  1.859650e+01
     vertex  2.150244e+02  2.802715e+01  1.859650e+01
     vertex  2.284328e+02  3.205367e+01 -6.003504e+00
   endloop
 endfacet
 facet normal -2.876090e-01  9.577479e-01  5.703353e-15
   outer loop
     vertex  1.652215e+02  1.307148e+01  2.089650e+01
     vertex  2.150244e+02  2.802715e+01  2.089650e+01
     vertex  2.150244e+02  2.802715e+01  1.859650e+01
   endloop
 endfacet
 facet normal -2.876090e-01  9.577479e-01 -3.554060e-15
   outer loop
     vertex  1.652215e+02  1.307148e+01  2.089650e+01
     vertex  2.150244e+02  2.802715e+01  1.859650e+01
     vertex  1.652215e+02  1.307148e+01  1.859650e+01
   endloop
 endfacet
 facet normal -2.876090e-01  9.577479e-01  4.236298e-15
   outer loop
     vertex  1.537285e+02  9.620171e+00  1.859650e+01
     vertex  1.652215e+02  1.307148e+01  1.859650e+01
     vertex  2.284328e+02  3.205367e+01 -6.003504e+00
   endloop
 endfacet
 facet normal -2.876090e-01  9.577479e-01  1.901118e-15
   outer loop
     vertex  1.039256e+02 -5.335497e+00  1.859650e+01
     vertex  1.537285e+02  9.620171e+00  2.089650e+01
     vertex  1.537285e+02  9.620171e+00  1.859650e+01
   endloop
 endfacet
 facet normal -2.876090e-01  9.577479e-01 -7.694603e-15
   outer loop
     vertex  1.039256e+02 -5.335497e+00  2.089650e+01
     vertex  1.537285e+02  9.620171e+00  2.089650e+01
     vertex  1.039256e+02 -5.335497e+00  1.859650e+01
   endloop
 endfacet
 facet normal -2.876090e-01  9.577479e-01 -7.109871e-16
   outer loop
     vertex  7.710867e+01 -1.338855e+01 -6.003504e+00
     vertex  1.039256e+02 -5.335497e+00  1.859650e+01
     vertex  1.537285e+02  9.620171e+00  1.859650e+01
   endloop
 endfacet
 facet normal -2.876090e-01  9.577479e-01 -3.509936e-16
   outer loop
     vertex  7.710867e+01 -1.338855e+01 -6.003504e+00
     vertex  1.537285e+02  9.620171e+00  1.859650e+01
     vertex  2.284328e+02  3.205367e+01 -6.003504e+00
   endloop
 endfacet
 facet normal -2.876090e-01  9.577479e-01  2.166289e-16
   outer loop
     vertex  9.243264e+01 -8.786804e+00  1.859650e+01
     vertex  1.039256e+02 -5.335497e+00  1.859650e+01
     vertex  7.710867e+01 -1.338855e+01 -6.003504e+00
   endloop
 endfacet
 facet normal -2.876090e-01  9.577479e-01 -8.359326e-15
   outer loop
     vertex  7.710867e+01 -1.338855e+01  2.599650e+01
     vertex  1.039256e+02 -5.335497e+00  2.089650e+01
     vertex  9.243264e+01 -8.786804e+00  2.089650e+01
   endloop
 endfacet
 facet normal -2.876090e-01  9.577479e-01  0.000000e+00
   outer loop
     vertex  7.710867e+01 -1.338855e+01  2.599650e+01
     vertex  9.243264e+01 -8.786804e+00  2.089650e+01
     vertex  9.243264e+01 -8.786804e+00  1.859650e+01
   endloop
 endfacet
 facet normal -2.876090e-01  9.577479e-01 -4.265894e-16
   outer loop
     vertex  7.710867e+01 -1.338855e+01  2.599650e+01
     vertex  9.243264e+01 -8.786804e+00  1.859650e+01
     vertex  7.710867e+01 -1.338855e+01 -6.003504e+00
   endloop
 endfacet
 facet normal -2.876090e-01  9.577479e-01 -3.386056e-15
   outer loop
     vertex  7.710867e+01 -1.338855e+01  2.599650e+01
     vertex  2.284328e+02  3.205367e+01  2.599650e+01
     vertex  2.150244e+02  2.802715e+01  2.089650e+01
   endloop
 endfacet
 facet normal -2.876090e-01  9.577479e-01 -1.714734e-15
   outer loop
     vertex  7.710867e+01 -1.338855e+01  2.599650e+01
     vertex  2.150244e+02  2.802715e+01  2.089650e+01
     vertex  1.652215e+02  1.307148e+01  2.089650e+01
   endloop
 endfacet
 facet normal -2.876090e-01  9.577479e-01  3.715256e-15
   outer loop
     vertex  7.710867e+01 -1.338855e+01  2.599650e+01
     vertex  1.652215e+02  1.307148e+01  2.089650e+01
     vertex  1.537285e+02  9.620171e+00  2.089650e+01
   endloop
 endfacet
 facet normal -2.876090e-01  9.577479e-01  6.858934e-15
   outer loop
     vertex  7.710867e+01 -1.338855e+01  2.599650e+01
     vertex  1.537285e+02  9.620171e+00  2.089650e+01
     vertex  1.039256e+02 -5.335497e+00  2.089650e+01
   endloop
 endfacet
 facet normal  2.876090e-01 -9.577479e-01  4.163336e-16
   outer loop
     vertex  7.230001e+01  5.825555e+01  1.859650e+01
     vertex  5.697604e+01  5.365381e+01  2.599650e+01
     vertex  5.697604e+01  5.365381e+01 -6.003504e+00
   endloop
 endfacet
 facet normal  2.876090e-01 -9.577479e-01  0.000000e+00
   outer loop
     vertex  7.230001e+01  5.825555e+01  2.089650e+01
     vertex  5.697604e+01  5.365381e+01  2.599650e+01
     vertex  7.230001e+01  5.825555e+01  1.859650e+01
   endloop
 endfacet
 facet normal  2.876090e-01 -9.577479e-01  3.369783e-16
   outer loop
     vertex  8.379298e+01  6.170686e+01  1.859650e+01
     vertex  7.230001e+01  5.825555e+01  1.859650e+01
     vertex  5.697604e+01  5.365381e+01 -6.003504e+00
   endloop
 endfacet
 facet normal  2.876090e-01 -9.577479e-01  3.250849e-15
   outer loop
     vertex  8.379298e+01  6.170686e+01  2.089650e+01
     vertex  5.697604e+01  5.365381e+01  2.599650e+01
     vertex  7.230001e+01  5.825555e+01  2.089650e+01
   endloop
 endfacet
 facet normal  2.876090e-01 -9.577479e-01 -5.332403e-16
   outer loop
     vertex  1.335959e+02  7.666252e+01  1.859650e+01
     vertex  8.379298e+01  6.170686e+01  1.859650e+01
     vertex  5.697604e+01  5.365381e+01 -6.003504e+00
   endloop
 endfacet
 facet normal  2.876090e-01 -9.577479e-01  2.851677e-15
   outer loop
     vertex  1.335959e+02  7.666252e+01  2.089650e+01
     vertex  8.379298e+01  6.170686e+01  2.089650e+01
     vertex  8.379298e+01  6.170686e+01  1.859650e+01
   endloop
 endfacet
 facet normal  2.876090e-01 -9.577479e-01  0.000000e+00
   outer loop
     vertex  1.335959e+02  7.666252e+01  2.089650e+01
     vertex  8.379298e+01  6.170686e+01  1.859650e+01
     vertex  1.335959e+02  7.666252e+01  1.859650e+01
   endloop
 endfacet
 facet normal  2.876090e-01 -9.577479e-01 -3.080944e-15
   outer loop
     vertex  2.083002e+02  9.909603e+01 -6.003504e+00
     vertex  1.450888e+02  8.011383e+01  1.859650e+01
     vertex  1.335959e+02  7.666252e+01  1.859650e+01
   endloop
 endfacet
 facet normal  2.876090e-01 -9.577479e-01  7.019873e-16
   outer loop
     vertex  2.083002e+02  9.909603e+01 -6.003504e+00
     vertex  1.335959e+02  7.666252e+01  1.859650e+01
     vertex  5.697604e+01  5.365381e+01 -6.003504e+00
   endloop
 endfacet
 facet normal  2.876090e-01 -9.577479e-01 -1.555284e-16
   outer loop
     vertex  1.948917e+02  9.506950e+01  1.859650e+01
     vertex  1.450888e+02  8.011383e+01  1.859650e+01
     vertex  2.083002e+02  9.909603e+01 -6.003504e+00
   endloop
 endfacet
 facet normal  2.876090e-01 -9.577479e-01  9.505588e-15
   outer loop
     vertex  1.948917e+02  9.506950e+01  2.089650e+01
     vertex  1.450888e+02  8.011383e+01  2.089650e+01
     vertex  1.450888e+02  8.011383e+01  1.859650e+01
   endloop
 endfacet
 facet normal  2.876090e-01 -9.577479e-01  3.554060e-15
   outer loop
     vertex  1.948917e+02  9.506950e+01  2.089650e+01
     vertex  1.450888e+02  8.011383e+01  1.859650e+01
     vertex  1.948917e+02  9.506950e+01  1.859650e+01
   endloop
 endfacet
 facet normal  2.876090e-01 -9.577479e-01 -6.438692e-16
   outer loop
     vertex  2.063847e+02  9.852081e+01  1.859650e+01
     vertex  1.948917e+02  9.506950e+01  1.859650e+01
     vertex  2.083002e+02  9.909603e+01 -6.003504e+00
   endloop
 endfacet
 facet normal  2.876090e-01 -9.577479e-01  4.498943e-16
   outer loop
     vertex  2.083002e+02  9.909603e+01  2.599650e+01
     vertex  1.948917e+02  9.506950e+01  2.089650e+01
     vertex  2.063847e+02  9.852081e+01  2.089650e+01
   endloop
 endfacet
 facet normal  2.876090e-01 -9.577479e-01  3.523751e-15
   outer loop
     vertex  2.083002e+02  9.909603e+01  2.599650e+01
     vertex  2.063847e+02  9.852081e+01  2.089650e+01
     vertex  2.063847e+02  9.852081e+01  1.859650e+01
   endloop
 endfacet
 facet normal  2.876090e-01 -9.577479e-01 -1.686135e-16
   outer loop
     vertex  2.083002e+02  9.909603e+01  2.599650e+01
     vertex  2.063847e+02  9.852081e+01  1.859650e+01
     vertex  2.083002e+02  9.909603e+01 -6.003504e+00
   endloop
 endfacet
 facet normal  2.876090e-01 -9.577479e-01  1.128685e-15
   outer loop
     vertex  2.083002e+02  9.909603e+01  2.599650e+01
     vertex  5.697604e+01  5.365381e+01  2.599650e+01
     vertex  8.379298e+01  6.170686e+01  2.089650e+01
   endloop
 endfacet
 facet normal  2.876090e-01 -9.577479e-01 -8.573668e-15
   outer loop
     vertex  2.083002e+02  9.909603e+01  2.599650e+01
     vertex  8.379298e+01  6.170686e+01  2.089650e+01
     vertex  1.335959e+02  7.666252e+01  2.089650e+01
   endloop
 endfacet
 facet normal  2.876090e-01 -9.577479e-01 -1.486102e-14
   outer loop
     vertex  2.083002e+02  9.909603e+01  2.599650e+01
     vertex  1.335959e+02  7.666252e+01  2.089650e+01
     vertex  1.450888e+02  8.011383e+01  2.089650e+01
   endloop
 endfacet
 facet normal  2.876090e-01 -9.577479e-01 -1.178879e-15
   outer loop
     vertex  2.083002e+02  9.909603e+01  2.599650e+01
     vertex  1.450888e+02  8.011383e+01  2.089650e+01
     vertex  1.948917e+02  9.506950e+01  2.089650e+01
   endloop
 endfacet
 facet normal -4.009557e-01  9.160974e-01  2.169755e-15
   outer loop
     vertex  2.233997e+02  4.881426e+01 -1.300350e+01
     vertex  2.272645e+02  5.050581e+01 -1.600350e+01
     vertex  2.233997e+02  4.881426e+01 -1.600350e+01
   endloop
 endfacet
 facet normal -6.085412e-01  7.935223e-01 -3.758877e-15
   outer loop
     vertex  2.272645e+02  5.050581e+01 -1.300350e+01
     vertex  2.306122e+02  5.307311e+01 -1.600350e+01
     vertex  2.272645e+02  5.050581e+01 -1.600350e+01
   endloop
 endfacet
 facet normal -4.009557e-01  9.160974e-01 -4.339509e-15
   outer loop
     vertex  2.272645e+02  5.050581e+01 -1.300350e+01
     vertex  2.272645e+02  5.050581e+01 -1.600350e+01
     vertex  2.233997e+02  4.881426e+01 -1.300350e+01
   endloop
 endfacet
 facet normal -7.807604e-01  6.248306e-01 -2.959792e-15
   outer loop
     vertex  2.306122e+02  5.307311e+01 -1.300350e+01
     vertex  2.332482e+02  5.636697e+01 -1.600350e+01
     vertex  2.306122e+02  5.307311e+01 -1.600350e+01
   endloop
 endfacet
 facet normal -6.085412e-01  7.935223e-01 -3.758877e-15
   outer loop
     vertex  2.306122e+02  5.307311e+01 -1.300350e+01
     vertex  2.306122e+02  5.307311e+01 -1.600350e+01
     vertex  2.272645e+02  5.050581e+01 -1.300350e+01
   endloop
 endfacet
 facet normal -9.076046e-01  4.198259e-01 -1.257595e-14
   outer loop
     vertex  2.332482e+02  5.636697e+01 -1.300350e+01
     vertex  2.350194e+02  6.019596e+01 -1.600350e+01
     vertex  2.332482e+02  5.636697e+01 -1.600350e+01
   endloop
 endfacet
 facet normal -7.807604e-01  6.248306e-01 -1.331643e-14
   outer loop
     vertex  2.332482e+02  5.636697e+01 -1.300350e+01
     vertex  2.332482e+02  5.636697e+01 -1.600350e+01
     vertex  2.306122e+02  5.307311e+01 -1.300350e+01
   endloop
 endfacet
 facet normal -9.817022e-01  1.904225e-01 -1.065359e-14
   outer loop
     vertex  2.350194e+02  6.019596e+01 -1.300350e+01
     vertex  2.358227e+02  6.433755e+01 -1.600350e+01
     vertex  2.350194e+02  6.019596e+01 -1.600350e+01
   endloop
 endfacet
 facet normal -9.076046e-01  4.198259e-01 -1.158160e-14
   outer loop
     vertex  2.350194e+02  6.019596e+01 -1.300350e+01
     vertex  2.350194e+02  6.019596e+01 -1.600350e+01
     vertex  2.332482e+02  5.636697e+01 -1.300350e+01
   endloop
 endfacet
 facet normal -9.987468e-01 -5.004751e-02 -9.224958e-15
   outer loop
     vertex  2.358227e+02  6.433755e+01 -1.300350e+01
     vertex  2.356116e+02  6.855104e+01 -1.600350e+01
     vertex  2.358227e+02  6.433755e+01 -1.600350e+01
   endloop
 endfacet
 facet normal -9.817022e-01  1.904225e-01 -1.020257e-14
   outer loop
     vertex  2.358227e+02  6.433755e+01 -1.300350e+01
     vertex  2.358227e+02  6.433755e+01 -1.600350e+01
     vertex  2.350194e+02  6.019596e+01 -1.300350e+01
   endloop
 endfacet
 facet normal -9.577479e-01 -2.876090e-01 -4.986441e-15
   outer loop
     vertex  2.356116e+02  6.855104e+01 -1.300350e+01
     vertex  2.343982e+02  7.259157e+01 -1.600350e+01
     vertex  2.356116e+02  6.855104e+01 -1.600350e+01
   endloop
 endfacet
 facet normal -9.987468e-01 -5.004751e-02 -8.750813e-15
   outer loop
     vertex  2.356116e+02  6.855104e+01 -1.300350e+01
     vertex  2.356116e+02  6.855104e+01 -1.600350e+01
     vertex  2.358227e+02  6.433755e+01 -1.300350e+01
   endloop
 endfacet
 facet normal -9.577479e-01 -2.876090e-01 -7.711221e-15
   outer loop
     vertex  2.343982e+02  7.259157e+01 -1.300350e+01
     vertex  2.343982e+02  7.259157e+01 -1.600350e+01
     vertex  2.356116e+02  6.855104e+01 -1.300350e+01
   endloop
 endfacet
 facet normal -8.610882e-01 -5.084557e-01 -1.056640e-14
   outer loop
     vertex  2.322532e+02  7.622432e+01 -1.300350e+01
     vertex  2.322532e+02  7.622432e+01 -1.600350e+01
     vertex  2.343982e+02  7.259157e+01 -1.600350e+01
   endloop
 endfacet
 facet normal -7.143851e-01 -6.997528e-01 -1.008271e-14
   outer loop
     vertex  2.322532e+02  7.622432e+01 -1.300350e+01
     vertex  2.293011e+02  7.923816e+01 -1.600350e+01
     vertex  2.322532e+02  7.622432e+01 -1.600350e+01
   endloop
 endfacet
 facet normal -8.610882e-01 -5.084557e-01 -5.754473e-15
   outer loop
     vertex  2.322532e+02  7.622432e+01 -1.300350e+01
     vertex  2.343982e+02  7.259157e+01 -1.600350e+01
     vertex  2.343982e+02  7.259157e+01 -1.300350e+01
   endloop
 endfacet
 facet normal -7.143851e-01 -6.997528e-01 -3.453320e-15
   outer loop
     vertex  2.293011e+02  7.923816e+01 -1.300350e+01
     vertex  2.293011e+02  7.923816e+01 -1.600350e+01
     vertex  2.322532e+02  7.622432e+01 -1.300350e+01
   endloop
 endfacet
 facet normal -5.261646e-01 -8.503828e-01 -5.941442e-15
   outer loop
     vertex  2.257135e+02  8.145793e+01 -1.300350e+01
     vertex  2.257135e+02  8.145793e+01 -1.600350e+01
     vertex  2.293011e+02  7.923816e+01 -1.600350e+01
   endloop
 endfacet
 facet normal -5.261646e-01 -8.503828e-01 -9.824710e-16
   outer loop
     vertex  2.257135e+02  8.145793e+01 -1.300350e+01
     vertex  2.293011e+02  7.923816e+01 -1.600350e+01
     vertex  2.293011e+02  7.923816e+01 -1.300350e+01
   endloop
 endfacet
 facet normal -3.073653e-01 -9.515916e-01 -7.419592e-15
   outer loop
     vertex  2.216989e+02  8.275464e+01 -1.300350e+01
     vertex  2.216989e+02  8.275464e+01 -1.600350e+01
     vertex  2.257135e+02  8.145793e+01 -1.600350e+01
   endloop
 endfacet
 facet normal -7.070302e-02 -9.974974e-01 -5.394930e-15
   outer loop
     vertex  2.216989e+02  8.275464e+01 -1.300350e+01
     vertex  2.174907e+02  8.305292e+01 -1.600350e+01
     vertex  2.216989e+02  8.275464e+01 -1.600350e+01
   endloop
 endfacet
 facet normal -3.073653e-01 -9.515916e-01 -1.333353e-15
   outer loop
     vertex  2.216989e+02  8.275464e+01 -1.300350e+01
     vertex  2.257135e+02  8.145793e+01 -1.600350e+01
     vertex  2.257135e+02  8.145793e+01 -1.300350e+01
   endloop
 endfacet
 facet normal -7.070302e-02 -9.974974e-01 -6.064764e-15
   outer loop
     vertex  2.174907e+02  8.305292e+01 -1.300350e+01
     vertex  2.174907e+02  8.305292e+01 -1.600350e+01
     vertex  2.216989e+02  8.275464e+01 -1.300350e+01
   endloop
 endfacet
 facet normal  1.700682e-01 -9.854323e-01 -1.445525e-15
   outer loop
     vertex  2.133334e+02  8.233544e+01 -1.300350e+01
     vertex  2.133334e+02  8.233544e+01 -1.600350e+01
     vertex  2.174907e+02  8.305292e+01 -1.600350e+01
   endloop
 endfacet
 facet normal  1.700682e-01 -9.854323e-01 -1.438618e-15
   outer loop
     vertex  2.133334e+02  8.233544e+01 -1.300350e+01
     vertex  2.174907e+02  8.305292e+01 -1.600350e+01
     vertex  2.174907e+02  8.305292e+01 -1.300350e+01
   endloop
 endfacet
 facet normal -1.700682e-01  9.854323e-01 -3.598795e-17
   outer loop
     vertex  2.164147e+02  1.045260e+02 -1.600350e+01
     vertex  2.071498e+02  1.029270e+02 -1.600350e+01
     vertex  2.071498e+02  1.029270e+02  2.599650e+01
   endloop
 endfacet
 facet normal -1.700682e-01  9.854323e-01  4.130071e-16
   outer loop
     vertex  2.164147e+02  1.045260e+02 -1.600350e+01
     vertex  2.071498e+02  1.029270e+02  2.599650e+01
     vertex  2.164147e+02  1.045260e+02  2.599650e+01
   endloop
 endfacet
 facet normal  7.070302e-02  9.974974e-01  2.165987e-15
   outer loop
     vertex  2.257930e+02  1.038612e+02 -1.600350e+01
     vertex  2.164147e+02  1.045260e+02  2.599650e+01
     vertex  2.257930e+02  1.038612e+02  2.599650e+01
   endloop
 endfacet
 facet normal  7.070302e-02  9.974974e-01  1.731920e-15
   outer loop
     vertex  2.257930e+02  1.038612e+02 -1.600350e+01
     vertex  2.164147e+02  1.045260e+02 -1.600350e+01
     vertex  2.164147e+02  1.045260e+02  2.599650e+01
   endloop
 endfacet
 facet normal  5.261646e-01  8.503828e-01  4.287126e-15
   outer loop
     vertex  2.347397e+02  1.009714e+02 -1.600350e+01
     vertex  2.347397e+02  1.009714e+02  2.599650e+01
     vertex  2.427349e+02  9.602450e+01  2.599650e+01
   endloop
 endfacet
 facet normal  3.073653e-01  9.515916e-01  3.273843e-15
   outer loop
     vertex  2.347397e+02  1.009714e+02 -1.600350e+01
     vertex  2.257930e+02  1.038612e+02  2.599650e+01
     vertex  2.347397e+02  1.009714e+02  2.599650e+01
   endloop
 endfacet
 facet normal  3.073653e-01  9.515916e-01  3.688765e-15
   outer loop
     vertex  2.347397e+02  1.009714e+02 -1.600350e+01
     vertex  2.257930e+02  1.038612e+02 -1.600350e+01
     vertex  2.257930e+02  1.038612e+02  2.599650e+01
   endloop
 endfacet
 facet normal  7.143851e-01  6.997528e-01  5.297923e-15
   outer loop
     vertex  2.427349e+02  9.602450e+01 -1.600350e+01
     vertex  2.427349e+02  9.602450e+01  2.599650e+01
     vertex  2.493139e+02  8.930795e+01  2.599650e+01
   endloop
 endfacet
 facet normal  5.261646e-01  8.503828e-01  4.355456e-15
   outer loop
     vertex  2.427349e+02  9.602450e+01 -1.600350e+01
     vertex  2.347397e+02  1.009714e+02 -1.600350e+01
     vertex  2.427349e+02  9.602450e+01  2.599650e+01
   endloop
 endfacet
 facet normal  7.143851e-01  6.997528e-01  4.814493e-15
   outer loop
     vertex  2.493139e+02  8.930795e+01 -1.600350e+01
     vertex  2.427349e+02  9.602450e+01 -1.600350e+01
     vertex  2.493139e+02  8.930795e+01  2.599650e+01
   endloop
 endfacet
 facet normal  9.577479e-01  2.876090e-01  5.476861e-15
   outer loop
     vertex  2.540943e+02  8.121212e+01 -1.600350e+01
     vertex  2.540943e+02  8.121212e+01  2.599650e+01
     vertex  2.567984e+02  7.220751e+01  2.599650e+01
   endloop
 endfacet
 facet normal  8.610882e-01  5.084557e-01  5.177751e-15
   outer loop
     vertex  2.540943e+02  8.121212e+01 -1.600350e+01
     vertex  2.493139e+02  8.930795e+01  2.599650e+01
     vertex  2.540943e+02  8.121212e+01  2.599650e+01
   endloop
 endfacet
 facet normal  8.610882e-01  5.084557e-01  5.344210e-15
   outer loop
     vertex  2.540943e+02  8.121212e+01 -1.600350e+01
     vertex  2.493139e+02  8.930795e+01 -1.600350e+01
     vertex  2.493139e+02  8.930795e+01  2.599650e+01
   endloop
 endfacet
 facet normal  9.577479e-01  2.876090e-01  5.671488e-15
   outer loop
     vertex  2.567984e+02  7.220751e+01 -1.600350e+01
     vertex  2.540943e+02  8.121212e+01 -1.600350e+01
     vertex  2.567984e+02  7.220751e+01  2.599650e+01
   endloop
 endfacet
 facet normal  9.817022e-01 -1.904225e-01  3.792660e-15
   outer loop
     vertex  2.572689e+02  6.281743e+01 -1.600350e+01
     vertex  2.572689e+02  6.281743e+01  2.599650e+01
     vertex  2.554786e+02  5.358760e+01  2.599650e+01
   endloop
 endfacet
 facet normal  9.987468e-01  5.004751e-02  4.105957e-15
   outer loop
     vertex  2.572689e+02  6.281743e+01 -1.600350e+01
     vertex  2.567984e+02  7.220751e+01  2.599650e+01
     vertex  2.572689e+02  6.281743e+01  2.599650e+01
   endloop
 endfacet
 facet normal  9.987468e-01  5.004751e-02  5.492661e-15
   outer loop
     vertex  2.572689e+02  6.281743e+01 -1.600350e+01
     vertex  2.567984e+02  7.220751e+01 -1.600350e+01
     vertex  2.567984e+02  7.220751e+01  2.599650e+01
   endloop
 endfacet
 facet normal  9.076046e-01 -4.198259e-01  4.959446e-15
   outer loop
     vertex  2.554786e+02  5.358760e+01 -1.600350e+01
     vertex  2.554786e+02  5.358760e+01  2.599650e+01
     vertex  2.515315e+02  4.505443e+01  2.599650e+01
   endloop
 endfacet
 facet normal  9.817022e-01 -1.904225e-01  5.721205e-15
   outer loop
     vertex  2.554786e+02  5.358760e+01 -1.600350e+01
     vertex  2.572689e+02  6.281743e+01 -1.600350e+01
     vertex  2.554786e+02  5.358760e+01  2.599650e+01
   endloop
 endfacet
 facet normal  9.076046e-01 -4.198259e-01  4.345263e-15
   outer loop
     vertex  2.515315e+02  4.505443e+01 -1.600350e+01
     vertex  2.554786e+02  5.358760e+01 -1.600350e+01
     vertex  2.515315e+02  4.505443e+01  2.599650e+01
   endloop
 endfacet
 facet normal  7.807604e-01 -6.248306e-01  4.120688e-15
   outer loop
     vertex  2.456569e+02  3.771383e+01 -1.600350e+01
     vertex  2.515315e+02  4.505443e+01  2.599650e+01
     vertex  2.456569e+02  3.771383e+01  2.599650e+01
   endloop
 endfacet
 facet normal  7.807604e-01 -6.248306e-01  3.382867e-15
   outer loop
     vertex  2.456569e+02  3.771383e+01 -1.600350e+01
     vertex  2.515315e+02  4.505443e+01 -1.600350e+01
     vertex  2.515315e+02  4.505443e+01  2.599650e+01
   endloop
 endfacet
 facet normal  6.085412e-01 -7.935223e-01  1.674420e-15
   outer loop
     vertex  2.381963e+02  3.199241e+01 -1.600350e+01
     vertex  2.456569e+02  3.771383e+01  2.599650e+01
     vertex  2.381963e+02  3.199241e+01  2.599650e+01
   endloop
 endfacet
 facet normal  6.085412e-01 -7.935223e-01  2.645114e-15
   outer loop
     vertex  2.381963e+02  3.199241e+01 -1.600350e+01
     vertex  2.456569e+02  3.771383e+01 -1.600350e+01
     vertex  2.456569e+02  3.771383e+01  2.599650e+01
   endloop
 endfacet
 facet normal  4.009557e-01 -9.160974e-01  5.821777e-16
   outer loop
     vertex  2.295833e+02  2.822268e+01 -1.600350e+01
     vertex  2.381963e+02  3.199241e+01  2.599650e+01
     vertex  2.295833e+02  2.822268e+01  2.599650e+01
   endloop
 endfacet
 facet normal  4.009557e-01 -9.160974e-01  5.038313e-16
   outer loop
     vertex  2.295833e+02  2.822268e+01 -1.600350e+01
     vertex  2.381963e+02  3.199241e+01 -1.600350e+01
     vertex  2.381963e+02  3.199241e+01  2.599650e+01
   endloop
 endfacet
 facet normal -2.876090e-01  9.577479e-01 -1.304496e-16
   outer loop
     vertex  2.071498e+02  1.029270e+02 -1.600350e+01
     vertex  4.816362e+01  5.518393e+01 -1.600350e+01
     vertex  4.816362e+01  5.518393e+01  2.599650e+01
   endloop
 endfacet
 facet normal -2.876090e-01  9.577479e-01 -7.794715e-16
   outer loop
     vertex  2.071498e+02  1.029270e+02  2.599650e+01
     vertex  2.071498e+02  1.029270e+02 -1.600350e+01
     vertex  4.816362e+01  5.518393e+01  2.599650e+01
   endloop
 endfacet
 facet normal -9.577479e-01 -2.876090e-01 -1.025620e-14
   outer loop
     vertex  6.713102e+01 -7.978175e+00 -1.602113e+00
     vertex  7.059712e+01 -1.952041e+01 -1.600350e+01
     vertex  6.726336e+01 -8.418871e+00 -1.194467e+00
   endloop
 endfacet
 facet normal -9.577479e-01 -2.876090e-01  6.820859e-15
   outer loop
     vertex  6.736380e+01 -8.753326e+00 -6.885482e-01
     vertex  6.726336e+01 -8.418871e+00 -1.194467e+00
     vertex  7.059712e+01 -1.952041e+01 -1.600350e+01
   endloop
 endfacet
 facet normal -9.577479e-01 -2.876090e-01  3.715869e-14
   outer loop
     vertex  6.697447e+01 -7.456851e+00 -1.887796e+00
     vertex  7.059712e+01 -1.952041e+01 -1.600350e+01
     vertex  6.713102e+01 -7.978175e+00 -1.602113e+00
   endloop
 endfacet
 facet normal -9.577479e-01 -2.876090e-01 -1.641491e-14
   outer loop
     vertex  6.742649e+01 -8.962104e+00 -1.137591e-01
     vertex  6.736380e+01 -8.753326e+00 -6.885482e-01
     vertex  7.059712e+01 -1.952041e+01 -1.600350e+01
   endloop
 endfacet
 facet normal -9.577479e-01 -2.876090e-01 -1.019669e-14
   outer loop
     vertex  6.680280e+01 -6.885196e+00 -2.034912e+00
     vertex  7.059712e+01 -1.952041e+01 -1.600350e+01
     vertex  6.697447e+01 -7.456851e+00 -1.887796e+00
   endloop
 endfacet
 facet normal -9.577479e-01 -2.876090e-01  1.326173e-14
   outer loop
     vertex  6.744780e+01 -9.033072e+00  4.964959e-01
     vertex  6.742649e+01 -8.962104e+00 -1.137591e-01
     vertex  7.059712e+01 -1.952041e+01 -1.600350e+01
   endloop
 endfacet
 facet normal -9.577479e-01 -2.876090e-01 -1.920131e-14
   outer loop
     vertex  6.742649e+01 -8.962104e+00  1.106751e+00
     vertex  6.744780e+01 -9.033072e+00  4.964959e-01
     vertex  7.059712e+01 -1.952041e+01 -1.600350e+01
   endloop
 endfacet
 facet normal -9.577479e-01 -2.876090e-01 -2.548408e-14
   outer loop
     vertex  6.505725e+01 -1.072461e+00 -3.551692e+00
     vertex  6.662600e+01 -6.296433e+00 -2.034912e+00
     vertex  6.645433e+01 -5.724778e+00 -1.887796e+00
   endloop
 endfacet
 facet normal -9.577479e-01 -2.876090e-01 -2.031617e-14
   outer loop
     vertex  6.500261e+01 -8.904790e-01 -3.741702e+00
     vertex  6.680280e+01 -6.885196e+00 -2.034912e+00
     vertex  6.662600e+01 -6.296433e+00 -2.034912e+00
   endloop
 endfacet
 facet normal -9.577479e-01 -2.876090e-01 -1.261291e-15
   outer loop
     vertex  6.500261e+01 -8.904790e-01 -3.741702e+00
     vertex  6.662600e+01 -6.296433e+00 -2.034912e+00
     vertex  6.505725e+01 -1.072461e+00 -3.551692e+00
   endloop
 endfacet
 facet normal -9.577479e-01 -2.876090e-01 -2.753750e-14
   outer loop
     vertex  6.509837e+01 -1.209385e+00 -3.324165e+00
     vertex  6.645433e+01 -5.724778e+00 -1.887796e+00
     vertex  6.629778e+01 -5.203455e+00 -1.602113e+00
   endloop
 endfacet
 facet normal -9.577479e-01 -2.876090e-01  1.305620e-13
   outer loop
     vertex  6.509837e+01 -1.209385e+00 -3.324165e+00
     vertex  6.505725e+01 -1.072461e+00 -3.551692e+00
     vertex  6.645433e+01 -5.724778e+00 -1.887796e+00
   endloop
 endfacet
 facet normal -9.577479e-01 -2.876090e-01 -1.563013e-14
   outer loop
     vertex  6.493717e+01 -6.725652e-01 -3.884667e+00
     vertex  7.059712e+01 -1.952041e+01 -1.600350e+01
     vertex  6.680280e+01 -6.885196e+00 -2.034912e+00
   endloop
 endfacet
 facet normal -9.577479e-01 -2.876090e-01 -1.378733e-13
   outer loop
     vertex  6.493717e+01 -6.725652e-01 -3.884667e+00
     vertex  6.680280e+01 -6.885196e+00 -2.034912e+00
     vertex  6.500261e+01 -8.904790e-01 -3.741702e+00
   endloop
 endfacet
 facet normal -9.577479e-01 -2.876090e-01 -1.553572e-13
   outer loop
     vertex  6.512390e+01 -1.294386e+00 -3.070529e+00
     vertex  6.509837e+01 -1.209385e+00 -3.324165e+00
     vertex  6.629778e+01 -5.203455e+00 -1.602113e+00
   endloop
 endfacet
 facet normal -9.577479e-01 -2.876090e-01  3.768056e-14
   outer loop
     vertex  6.486422e+01 -4.296465e-01 -3.973418e+00
     vertex  7.059712e+01 -1.952041e+01 -1.600350e+01
     vertex  6.493717e+01 -6.725652e-01 -3.884667e+00
   endloop
 endfacet
 facet normal -9.577479e-01 -2.876090e-01 -2.458070e-14
   outer loop
     vertex  6.478742e+01 -1.739038e-01 -4.003504e+00
     vertex  7.059712e+01 -1.952041e+01 -1.600350e+01
     vertex  6.486422e+01 -4.296465e-01 -3.973418e+00
   endloop
 endfacet
 facet normal -9.577479e-01 -2.876090e-01  6.017849e-14
   outer loop
     vertex  6.513255e+01 -1.323201e+00 -2.803504e+00
     vertex  6.606500e+01 -4.428303e+00 -6.885482e-01
     vertex  6.600231e+01 -4.219525e+00 -1.137591e-01
   endloop
 endfacet
 facet normal -9.577479e-01 -2.876090e-01 -5.693937e-14
   outer loop
     vertex  6.513255e+01 -1.323201e+00 -2.803504e+00
     vertex  6.616544e+01 -4.762759e+00 -1.194467e+00
     vertex  6.606500e+01 -4.428303e+00 -6.885482e-01
   endloop
 endfacet
 facet normal -9.577479e-01 -2.876090e-01  6.769049e-14
   outer loop
     vertex  6.513255e+01 -1.323201e+00 -2.803504e+00
     vertex  6.629778e+01 -5.203455e+00 -1.602113e+00
     vertex  6.616544e+01 -4.762759e+00 -1.194467e+00
   endloop
 endfacet
 facet normal -9.577479e-01 -2.876090e-01 -1.523029e-13
   outer loop
     vertex  6.513255e+01 -1.323201e+00 -2.803504e+00
     vertex  6.512390e+01 -1.294386e+00 -3.070529e+00
     vertex  6.629778e+01 -5.203455e+00 -1.602113e+00
   endloop
 endfacet
 facet normal -9.577479e-01 -2.876090e-01 -1.385216e-14
   outer loop
     vertex  6.598100e+01 -4.148558e+00  4.964959e-01
     vertex  6.513255e+01 -1.323201e+00 -2.803504e+00
     vertex  6.600231e+01 -4.219525e+00 -1.137591e-01
   endloop
 endfacet
 facet normal -9.577479e-01 -2.876090e-01  1.820664e-14
   outer loop
     vertex  6.600231e+01 -4.219525e+00  1.106751e+00
     vertex  6.513255e+01 -1.323201e+00 -2.803504e+00
     vertex  6.598100e+01 -4.148558e+00  4.964959e-01
   endloop
 endfacet
 facet normal -9.577479e-01 -2.876090e-01 -5.122936e-14
   outer loop
     vertex  6.606500e+01 -4.428303e+00  1.681540e+00
     vertex  6.513255e+01 -1.323201e+00 -2.803504e+00
     vertex  6.600231e+01 -4.219525e+00  1.106751e+00
   endloop
 endfacet
 facet normal -9.577479e-01 -2.876090e-01  9.665426e-15
   outer loop
     vertex  7.059712e+01 -1.952041e+01  2.599650e+01
     vertex  6.736380e+01 -8.753326e+00  1.681540e+00
     vertex  6.742649e+01 -8.962104e+00  1.106751e+00
   endloop
 endfacet
 facet normal -9.577479e-01 -2.876090e-01 -5.574175e-15
   outer loop
     vertex  7.059712e+01 -1.952041e+01  2.599650e+01
     vertex  6.742649e+01 -8.962104e+00  1.106751e+00
     vertex  7.059712e+01 -1.952041e+01 -1.600350e+01
   endloop
 endfacet
 facet normal -9.577479e-01 -2.876090e-01 -1.582538e-15
   outer loop
     vertex  6.726336e+01 -8.418871e+00  1.680553e+01
     vertex  6.726336e+01 -8.418871e+00  2.187459e+00
     vertex  6.736380e+01 -8.753326e+00  1.681540e+00
   endloop
 endfacet
 facet normal -9.577479e-01 -2.876090e-01 -1.582538e-15
   outer loop
     vertex  6.726336e+01 -8.418871e+00  1.680553e+01
     vertex  6.713102e+01 -7.978175e+00  2.595105e+00
     vertex  6.726336e+01 -8.418871e+00  2.187459e+00
   endloop
 endfacet
 facet normal -9.577479e-01 -2.876090e-01 -1.972127e-15
   outer loop
     vertex  6.713102e+01 -7.978175e+00  1.639789e+01
     vertex  6.713102e+01 -7.978175e+00  2.595105e+00
     vertex  6.726336e+01 -8.418871e+00  1.680553e+01
   endloop
 endfacet
 facet normal -9.577479e-01 -2.876090e-01 -9.492419e-15
   outer loop
     vertex  6.736380e+01 -8.753326e+00  1.731145e+01
     vertex  6.736380e+01 -8.753326e+00  1.681540e+00
     vertex  7.059712e+01 -1.952041e+01  2.599650e+01
   endloop
 endfacet
 facet normal -9.577479e-01 -2.876090e-01 -9.492419e-15
   outer loop
     vertex  6.736380e+01 -8.753326e+00  1.731145e+01
     vertex  6.726336e+01 -8.418871e+00  1.680553e+01
     vertex  6.736380e+01 -8.753326e+00  1.681540e+00
   endloop
 endfacet
 facet normal -9.577479e-01 -2.876090e-01 -1.972734e-15
   outer loop
     vertex  6.697447e+01 -7.456851e+00  1.611220e+01
     vertex  6.713102e+01 -7.978175e+00  2.595105e+00
     vertex  6.713102e+01 -7.978175e+00  1.639789e+01
   endloop
 endfacet
 facet normal -9.577479e-01 -2.876090e-01 -2.057288e-15
   outer loop
     vertex  6.697447e+01 -7.456851e+00  1.611220e+01
     vertex  6.697447e+01 -7.456851e+00  2.880787e+00
     vertex  6.713102e+01 -7.978175e+00  2.595105e+00
   endloop
 endfacet
 facet normal -9.577479e-01 -2.876090e-01 -3.110558e-14
   outer loop
     vertex  6.742649e+01 -8.962104e+00  1.788624e+01
     vertex  6.736380e+01 -8.753326e+00  1.731145e+01
     vertex  7.059712e+01 -1.952041e+01  2.599650e+01
   endloop
 endfacet
 facet normal -9.577479e-01 -2.876090e-01 -2.055972e-15
   outer loop
     vertex  6.680280e+01 -6.885196e+00  1.596509e+01
     vertex  6.697447e+01 -7.456851e+00  2.880787e+00
     vertex  6.697447e+01 -7.456851e+00  1.611220e+01
   endloop
 endfacet
 facet normal -9.577479e-01 -2.876090e-01 -1.788153e-15
   outer loop
     vertex  6.680280e+01 -6.885196e+00  1.596509e+01
     vertex  6.680280e+01 -6.885196e+00  3.027903e+00
     vertex  6.697447e+01 -7.456851e+00  2.880787e+00
   endloop
 endfacet
 facet normal -9.577479e-01 -2.876090e-01  7.448387e-14
   outer loop
     vertex  6.744780e+01 -9.033072e+00  1.849650e+01
     vertex  6.742649e+01 -8.962104e+00  1.788624e+01
     vertex  7.059712e+01 -1.952041e+01  2.599650e+01
   endloop
 endfacet
 facet normal -9.577479e-01 -2.876090e-01 -1.788607e-15
   outer loop
     vertex  6.662600e+01 -6.296433e+00  1.596509e+01
     vertex  6.680280e+01 -6.885196e+00  3.027903e+00
     vertex  6.680280e+01 -6.885196e+00  1.596509e+01
   endloop
 endfacet
 facet normal -9.577479e-01 -2.876090e-01 -2.104077e-15
   outer loop
     vertex  6.662600e+01 -6.296433e+00  1.596509e+01
     vertex  6.662600e+01 -6.296433e+00  3.027903e+00
     vertex  6.680280e+01 -6.885196e+00  3.027903e+00
   endloop
 endfacet
 facet normal -9.577479e-01 -2.876090e-01 -2.104077e-15
   outer loop
     vertex  6.662600e+01 -6.296433e+00  1.596509e+01
     vertex  6.645433e+01 -5.724778e+00  2.880787e+00
     vertex  6.662600e+01 -6.296433e+00  3.027903e+00
   endloop
 endfacet
 facet normal -9.577479e-01 -2.876090e-01 -6.304225e-14
   outer loop
     vertex  6.742649e+01 -8.962104e+00  1.910675e+01
     vertex  6.744780e+01 -9.033072e+00  1.849650e+01
     vertex  7.059712e+01 -1.952041e+01  2.599650e+01
   endloop
 endfacet
 facet normal -9.577479e-01 -2.876090e-01 -2.057288e-15
   outer loop
     vertex  6.645433e+01 -5.724778e+00  1.611220e+01
     vertex  6.645433e+01 -5.724778e+00  2.880787e+00
     vertex  6.662600e+01 -6.296433e+00  1.596509e+01
   endloop
 endfacet
 facet normal -9.577479e-01 -2.876090e-01  6.215104e-14
   outer loop
     vertex  6.736380e+01 -8.753326e+00  1.968154e+01
     vertex  6.742649e+01 -8.962104e+00  1.910675e+01
     vertex  7.059712e+01 -1.952041e+01  2.599650e+01
   endloop
 endfacet
 facet normal -9.577479e-01 -2.876090e-01 -2.057921e-15
   outer loop
     vertex  6.629778e+01 -5.203455e+00  1.639789e+01
     vertex  6.645433e+01 -5.724778e+00  2.880787e+00
     vertex  6.645433e+01 -5.724778e+00  1.611220e+01
   endloop
 endfacet
 facet normal -9.577479e-01 -2.876090e-01 -1.972127e-15
   outer loop
     vertex  6.629778e+01 -5.203455e+00  1.639789e+01
     vertex  6.629778e+01 -5.203455e+00  2.595105e+00
     vertex  6.645433e+01 -5.724778e+00  2.880787e+00
   endloop
 endfacet
 facet normal -9.577479e-01 -2.876090e-01 -1.471327e-14
   outer loop
     vertex  6.726336e+01 -8.418871e+00  2.018746e+01
     vertex  6.736380e+01 -8.753326e+00  1.968154e+01
     vertex  7.059712e+01 -1.952041e+01  2.599650e+01
   endloop
 endfacet
 facet normal -9.577479e-01 -2.876090e-01 -1.972029e-15
   outer loop
     vertex  6.616544e+01 -4.762759e+00  1.680553e+01
     vertex  6.629778e+01 -5.203455e+00  2.595105e+00
     vertex  6.629778e+01 -5.203455e+00  1.639789e+01
   endloop
 endfacet
 facet normal -9.577479e-01 -2.876090e-01 -1.862135e-15
   outer loop
     vertex  6.616544e+01 -4.762759e+00  1.680553e+01
     vertex  6.616544e+01 -4.762759e+00  2.187459e+00
     vertex  6.629778e+01 -5.203455e+00  2.595105e+00
   endloop
 endfacet
 facet normal -9.577479e-01 -2.876090e-01  8.733995e-15
   outer loop
     vertex  6.713102e+01 -7.978175e+00  2.059510e+01
     vertex  6.726336e+01 -8.418871e+00  2.018746e+01
     vertex  7.059712e+01 -1.952041e+01  2.599650e+01
   endloop
 endfacet
 facet normal -9.577479e-01 -2.876090e-01 -1.652380e-14
   outer loop
     vertex  6.697447e+01 -7.456851e+00  2.088079e+01
     vertex  6.713102e+01 -7.978175e+00  2.059510e+01
     vertex  7.059712e+01 -1.952041e+01  2.599650e+01
   endloop
 endfacet
 facet normal -9.577479e-01 -2.876090e-01 -7.150360e-15
   outer loop
     vertex  6.680280e+01 -6.885196e+00  2.102790e+01
     vertex  6.697447e+01 -7.456851e+00  2.088079e+01
     vertex  7.059712e+01 -1.952041e+01  2.599650e+01
   endloop
 endfacet
 facet normal -9.577479e-01 -2.876090e-01  2.558940e-14
   outer loop
     vertex  6.662600e+01 -6.296433e+00  2.102790e+01
     vertex  6.680280e+01 -6.885196e+00  2.102790e+01
     vertex  7.059712e+01 -1.952041e+01  2.599650e+01
   endloop
 endfacet
 facet normal -9.577479e-01 -2.876090e-01 -1.928642e-14
   outer loop
     vertex  6.513255e+01 -1.323201e+00  1.979650e+01
     vertex  6.600231e+01 -4.219525e+00  1.788624e+01
     vertex  6.598100e+01 -4.148558e+00  1.849650e+01
   endloop
 endfacet
 facet normal -9.577479e-01 -2.876090e-01  1.478276e-14
   outer loop
     vertex  6.513255e+01 -1.323201e+00  1.979650e+01
     vertex  6.606500e+01 -4.428303e+00  1.731145e+01
     vertex  6.600231e+01 -4.219525e+00  1.788624e+01
   endloop
 endfacet
 facet normal -9.577479e-01 -2.876090e-01 -2.851631e-13
   outer loop
     vertex  6.513255e+01 -1.323201e+00  1.979650e+01
     vertex  6.616544e+01 -4.762759e+00  1.680553e+01
     vertex  6.606500e+01 -4.428303e+00  1.731145e+01
   endloop
 endfacet
 facet normal -9.577479e-01 -2.876090e-01 -1.861021e-15
   outer loop
     vertex  6.513255e+01 -1.323201e+00  1.979650e+01
     vertex  6.616544e+01 -4.762759e+00  2.187459e+00
     vertex  6.616544e+01 -4.762759e+00  1.680553e+01
   endloop
 endfacet
 facet normal -9.577479e-01 -2.876090e-01 -7.054352e-14
   outer loop
     vertex  6.513255e+01 -1.323201e+00  1.979650e+01
     vertex  6.600231e+01 -4.219525e+00  1.910675e+01
     vertex  6.606500e+01 -4.428303e+00  1.968154e+01
   endloop
 endfacet
 facet normal -9.577479e-01 -2.876090e-01  6.603105e-14
   outer loop
     vertex  6.513255e+01 -1.323201e+00  1.979650e+01
     vertex  6.598100e+01 -4.148558e+00  1.849650e+01
     vertex  6.600231e+01 -4.219525e+00  1.910675e+01
   endloop
 endfacet
 facet normal -9.577479e-01 -2.876090e-01 -2.631255e-14
   outer loop
     vertex  6.513255e+01 -1.323201e+00  1.979650e+01
     vertex  6.606500e+01 -4.428303e+00  1.681540e+00
     vertex  6.616544e+01 -4.762759e+00  2.187459e+00
   endloop
 endfacet
 facet normal -9.577479e-01 -2.876090e-01 -3.794233e-15
   outer loop
     vertex  6.513255e+01 -1.323201e+00  1.979650e+01
     vertex  6.513255e+01 -1.323201e+00 -2.803504e+00
     vertex  6.606500e+01 -4.428303e+00  1.681540e+00
   endloop
 endfacet
 facet normal -9.577479e-01 -2.876090e-01  2.883359e-14
   outer loop
     vertex  6.512390e+01 -1.294386e+00  2.006352e+01
     vertex  6.513255e+01 -1.323201e+00  1.979650e+01
     vertex  6.606500e+01 -4.428303e+00  1.968154e+01
   endloop
 endfacet
 facet normal -9.577479e-01 -2.876090e-01  8.108715e-14
   outer loop
     vertex  6.509837e+01 -1.209385e+00  2.031716e+01
     vertex  6.606500e+01 -4.428303e+00  1.968154e+01
     vertex  6.616544e+01 -4.762759e+00  2.018746e+01
   endloop
 endfacet
 facet normal -9.577479e-01 -2.876090e-01  1.148873e-14
   outer loop
     vertex  6.509837e+01 -1.209385e+00  2.031716e+01
     vertex  6.512390e+01 -1.294386e+00  2.006352e+01
     vertex  6.606500e+01 -4.428303e+00  1.968154e+01
   endloop
 endfacet
 facet normal -9.577479e-01 -2.876090e-01 -1.535690e-14
   outer loop
     vertex  6.505725e+01 -1.072461e+00  2.054468e+01
     vertex  6.616544e+01 -4.762759e+00  2.018746e+01
     vertex  6.629778e+01 -5.203455e+00  2.059510e+01
   endloop
 endfacet
 facet normal -9.577479e-01 -2.876090e-01 -8.112041e-14
   outer loop
     vertex  6.505725e+01 -1.072461e+00  2.054468e+01
     vertex  6.509837e+01 -1.209385e+00  2.031716e+01
     vertex  6.616544e+01 -4.762759e+00  2.018746e+01
   endloop
 endfacet
 facet normal -9.577479e-01 -2.876090e-01  1.041078e-14
   outer loop
     vertex  6.500261e+01 -8.904790e-01  2.073469e+01
     vertex  6.505725e+01 -1.072461e+00  2.054468e+01
     vertex  6.629778e+01 -5.203455e+00  2.059510e+01
   endloop
 endfacet
 facet normal -9.577479e-01 -2.876090e-01  1.593092e-14
   outer loop
     vertex  6.493717e+01 -6.725652e-01  2.087766e+01
     vertex  6.629778e+01 -5.203455e+00  2.059510e+01
     vertex  6.645433e+01 -5.724778e+00  2.088079e+01
   endloop
 endfacet
 facet normal -9.577479e-01 -2.876090e-01  6.648142e-14
   outer loop
     vertex  6.493717e+01 -6.725652e-01  2.087766e+01
     vertex  6.500261e+01 -8.904790e-01  2.073469e+01
     vertex  6.629778e+01 -5.203455e+00  2.059510e+01
   endloop
 endfacet
 facet normal -9.577479e-01 -2.876090e-01  1.643877e-14
   outer loop
     vertex  6.486422e+01 -4.296465e-01  2.096641e+01
     vertex  6.645433e+01 -5.724778e+00  2.088079e+01
     vertex  6.662600e+01 -6.296433e+00  2.102790e+01
   endloop
 endfacet
 facet normal -9.577479e-01 -2.876090e-01 -7.114038e-14
   outer loop
     vertex  6.486422e+01 -4.296465e-01  2.096641e+01
     vertex  6.493717e+01 -6.725652e-01  2.087766e+01
     vertex  6.645433e+01 -5.724778e+00  2.088079e+01
   endloop
 endfacet
 facet normal -9.577479e-01 -2.876090e-01 -3.855640e-15
   outer loop
     vertex  6.478742e+01 -1.739038e-01  2.099650e+01
     vertex  6.662600e+01 -6.296433e+00  2.102790e+01
     vertex  7.059712e+01 -1.952041e+01  2.599650e+01
   endloop
 endfacet
 facet normal -9.577479e-01 -2.876090e-01 -1.050936e-14
   outer loop
     vertex  6.478742e+01 -1.739038e-01  2.099650e+01
     vertex  6.486422e+01 -4.296465e-01  2.096641e+01
     vertex  6.662600e+01 -6.296433e+00  2.102790e+01
   endloop
 endfacet
 facet normal -9.577479e-01 -2.876090e-01 -2.630491e-13
   outer loop
     vertex  5.246296e+01  4.086697e+01 -1.602113e+00
     vertex  5.366237e+01  3.687290e+01 -3.324165e+00
     vertex  5.363684e+01  3.695790e+01 -3.070529e+00
   endloop
 endfacet
 facet normal -9.577479e-01 -2.876090e-01  1.375982e-13
   outer loop
     vertex  5.246296e+01  4.086697e+01 -1.602113e+00
     vertex  5.363684e+01  3.695790e+01 -3.070529e+00
     vertex  5.362819e+01  3.698672e+01 -2.803504e+00
   endloop
 endfacet
 facet normal -9.577479e-01 -2.876090e-01  7.947589e-14
   outer loop
     vertex  5.246296e+01  4.086697e+01 -1.602113e+00
     vertex  5.362819e+01  3.698672e+01 -2.803504e+00
     vertex  5.259530e+01  4.042627e+01 -1.194467e+00
   endloop
 endfacet
 facet normal -9.577479e-01 -2.876090e-01 -6.720712e-14
   outer loop
     vertex  5.269574e+01  4.009182e+01 -6.885482e-01
     vertex  5.259530e+01  4.042627e+01 -1.194467e+00
     vertex  5.362819e+01  3.698672e+01 -2.803504e+00
   endloop
 endfacet
 facet normal -9.577479e-01 -2.876090e-01 -6.963305e-14
   outer loop
     vertex  5.230641e+01  4.138829e+01 -1.887796e+00
     vertex  5.370349e+01  3.673597e+01 -3.551692e+00
     vertex  5.366237e+01  3.687290e+01 -3.324165e+00
   endloop
 endfacet
 facet normal -9.577479e-01 -2.876090e-01 -1.127055e-13
   outer loop
     vertex  5.230641e+01  4.138829e+01 -1.887796e+00
     vertex  5.366237e+01  3.687290e+01 -3.324165e+00
     vertex  5.246296e+01  4.086697e+01 -1.602113e+00
   endloop
 endfacet
 facet normal -9.577479e-01 -2.876090e-01  5.748001e-14
   outer loop
     vertex  5.275843e+01  3.988304e+01 -1.137591e-01
     vertex  5.269574e+01  4.009182e+01 -6.885482e-01
     vertex  5.362819e+01  3.698672e+01 -2.803504e+00
   endloop
 endfacet
 facet normal -9.577479e-01 -2.876090e-01  1.491151e-14
   outer loop
     vertex  4.816362e+01  5.518393e+01 -1.600350e+01
     vertex  5.397332e+01  3.583742e+01 -4.003504e+00
     vertex  5.389652e+01  3.609316e+01 -3.973418e+00
   endloop
 endfacet
 facet normal -9.577479e-01 -2.876090e-01 -2.653301e-14
   outer loop
     vertex  4.816362e+01  5.518393e+01 -1.600350e+01
     vertex  5.389652e+01  3.609316e+01 -3.973418e+00
     vertex  5.382358e+01  3.633608e+01 -3.884667e+00
   endloop
 endfacet
 facet normal -9.577479e-01 -2.876090e-01 -5.669224e-15
   outer loop
     vertex  4.816362e+01  5.518393e+01 -1.600350e+01
     vertex  6.478742e+01 -1.739038e-01 -4.003504e+00
     vertex  5.397332e+01  3.583742e+01 -4.003504e+00
   endloop
 endfacet
 facet normal -9.577479e-01 -2.876090e-01 -4.615491e-15
   outer loop
     vertex  4.816362e+01  5.518393e+01 -1.600350e+01
     vertex  7.059712e+01 -1.952041e+01 -1.600350e+01
     vertex  6.478742e+01 -1.739038e-01 -4.003504e+00
   endloop
 endfacet
 facet normal -9.577479e-01 -2.876090e-01  2.136775e-14
   outer loop
     vertex  5.213474e+01  4.195995e+01 -2.034912e+00
     vertex  5.375814e+01  3.655399e+01 -3.741702e+00
     vertex  5.370349e+01  3.673597e+01 -3.551692e+00
   endloop
 endfacet
 facet normal -9.577479e-01 -2.876090e-01 -1.105177e-14
   outer loop
     vertex  5.213474e+01  4.195995e+01 -2.034912e+00
     vertex  5.370349e+01  3.673597e+01 -3.551692e+00
     vertex  5.230641e+01  4.138829e+01 -1.887796e+00
   endloop
 endfacet
 facet normal -9.577479e-01 -2.876090e-01  1.218935e-14
   outer loop
     vertex  5.277974e+01  3.981207e+01  4.964959e-01
     vertex  5.275843e+01  3.988304e+01 -1.137591e-01
     vertex  5.362819e+01  3.698672e+01 -2.803504e+00
   endloop
 endfacet
 facet normal -9.577479e-01 -2.876090e-01 -3.068589e-14
   outer loop
     vertex  5.195794e+01  4.254871e+01 -2.034912e+00
     vertex  5.375814e+01  3.655399e+01 -3.741702e+00
     vertex  5.213474e+01  4.195995e+01 -2.034912e+00
   endloop
 endfacet
 facet normal -9.577479e-01 -2.876090e-01  1.262560e-13
   outer loop
     vertex  5.195794e+01  4.254871e+01 -2.034912e+00
     vertex  5.382358e+01  3.633608e+01 -3.884667e+00
     vertex  5.375814e+01  3.655399e+01 -3.741702e+00
   endloop
 endfacet
 facet normal -9.577479e-01 -2.876090e-01 -6.239696e-15
   outer loop
     vertex  5.195794e+01  4.254871e+01 -2.034912e+00
     vertex  4.816362e+01  5.518393e+01 -1.600350e+01
     vertex  5.382358e+01  3.633608e+01 -3.884667e+00
   endloop
 endfacet
 facet normal -9.577479e-01 -2.876090e-01 -1.601667e-14
   outer loop
     vertex  5.275843e+01  3.988304e+01  1.106751e+00
     vertex  5.277974e+01  3.981207e+01  4.964959e-01
     vertex  5.362819e+01  3.698672e+01 -2.803504e+00
   endloop
 endfacet
 facet normal -9.577479e-01 -2.876090e-01 -4.320632e-15
   outer loop
     vertex  5.178627e+01  4.312037e+01 -1.887796e+00
     vertex  4.816362e+01  5.518393e+01 -1.600350e+01
     vertex  5.195794e+01  4.254871e+01 -2.034912e+00
   endloop
 endfacet
 facet normal -9.577479e-01 -2.876090e-01 -5.790328e-14
   outer loop
     vertex  5.269574e+01  4.009182e+01  1.681540e+00
     vertex  5.275843e+01  3.988304e+01  1.106751e+00
     vertex  5.362819e+01  3.698672e+01 -2.803504e+00
   endloop
 endfacet
 facet normal -9.577479e-01 -2.876090e-01 -7.616745e-15
   outer loop
     vertex  5.162972e+01  4.364169e+01 -1.602113e+00
     vertex  4.816362e+01  5.518393e+01 -1.600350e+01
     vertex  5.178627e+01  4.312037e+01 -1.887796e+00
   endloop
 endfacet
 facet normal -9.577479e-01 -2.876090e-01 -2.715103e-14
   outer loop
     vertex  5.149738e+01  4.408238e+01 -1.194467e+00
     vertex  4.816362e+01  5.518393e+01 -1.600350e+01
     vertex  5.162972e+01  4.364169e+01 -1.602113e+00
   endloop
 endfacet
 facet normal -9.577479e-01 -2.876090e-01  1.545257e-14
   outer loop
     vertex  5.139695e+01  4.441684e+01 -6.885482e-01
     vertex  4.816362e+01  5.518393e+01 -1.600350e+01
     vertex  5.149738e+01  4.408238e+01 -1.194467e+00
   endloop
 endfacet
 facet normal -9.577479e-01 -2.876090e-01 -1.868060e-14
   outer loop
     vertex  5.133425e+01  4.462562e+01 -1.137591e-01
     vertex  4.816362e+01  5.518393e+01 -1.600350e+01
     vertex  5.139695e+01  4.441684e+01 -6.885482e-01
   endloop
 endfacet
 facet normal -9.577479e-01 -2.876090e-01  2.281916e-14
   outer loop
     vertex  5.131294e+01  4.469659e+01  4.964959e-01
     vertex  4.816362e+01  5.518393e+01 -1.600350e+01
     vertex  5.133425e+01  4.462562e+01 -1.137591e-01
   endloop
 endfacet
 facet normal -9.577479e-01 -2.876090e-01 -3.304436e-14
   outer loop
     vertex  5.133425e+01  4.462562e+01  1.106751e+00
     vertex  4.816362e+01  5.518393e+01 -1.600350e+01
     vertex  5.131294e+01  4.469659e+01  4.964959e-01
   endloop
 endfacet
 facet normal -9.577479e-01 -2.876090e-01 -9.978700e-15
   outer loop
     vertex  5.362819e+01  3.698672e+01  1.979650e+01
     vertex  5.259530e+01  4.042627e+01  2.187459e+00
     vertex  5.269574e+01  4.009182e+01  1.681540e+00
   endloop
 endfacet
 facet normal -9.577479e-01 -2.876090e-01 -5.089119e-15
   outer loop
     vertex  5.362819e+01  3.698672e+01  1.979650e+01
     vertex  5.269574e+01  4.009182e+01  1.681540e+00
     vertex  5.362819e+01  3.698672e+01 -2.803504e+00
   endloop
 endfacet
 facet normal -9.577479e-01 -2.876090e-01 -3.864069e-15
   outer loop
     vertex  5.259530e+01  4.042627e+01  1.680553e+01
     vertex  5.259530e+01  4.042627e+01  2.187459e+00
     vertex  5.362819e+01  3.698672e+01  1.979650e+01
   endloop
 endfacet
 facet normal -9.577479e-01 -2.876090e-01 -3.864385e-15
   outer loop
     vertex  5.246296e+01  4.086697e+01  1.639789e+01
     vertex  5.259530e+01  4.042627e+01  2.187459e+00
     vertex  5.259530e+01  4.042627e+01  1.680553e+01
   endloop
 endfacet
 facet normal -9.577479e-01 -2.876090e-01 -5.916380e-15
   outer loop
     vertex  5.246296e+01  4.086697e+01  1.639789e+01
     vertex  5.246296e+01  4.086697e+01  2.595105e+00
     vertex  5.259530e+01  4.042627e+01  2.187459e+00
   endloop
 endfacet
 facet normal -9.577479e-01 -2.876090e-01 -3.307259e-13
   outer loop
     vertex  5.269574e+01  4.009182e+01  1.731145e+01
     vertex  5.259530e+01  4.042627e+01  1.680553e+01
     vertex  5.362819e+01  3.698672e+01  1.979650e+01
   endloop
 endfacet
 facet normal -9.577479e-01 -2.876090e-01 -5.916354e-15
   outer loop
     vertex  5.230641e+01  4.138829e+01  1.611220e+01
     vertex  5.246296e+01  4.086697e+01  2.595105e+00
     vertex  5.246296e+01  4.086697e+01  1.639789e+01
   endloop
 endfacet
 facet normal -9.577479e-01 -2.876090e-01 -4.269025e-15
   outer loop
     vertex  5.230641e+01  4.138829e+01  1.611220e+01
     vertex  5.230641e+01  4.138829e+01  2.880787e+00
     vertex  5.246296e+01  4.086697e+01  2.595105e+00
   endloop
 endfacet
 facet normal -9.577479e-01 -2.876090e-01  2.897757e-14
   outer loop
     vertex  5.275843e+01  3.988304e+01  1.788624e+01
     vertex  5.269574e+01  4.009182e+01  1.731145e+01
     vertex  5.362819e+01  3.698672e+01  1.979650e+01
   endloop
 endfacet
 facet normal -9.577479e-01 -2.876090e-01 -4.268338e-15
   outer loop
     vertex  5.213474e+01  4.195995e+01  1.596509e+01
     vertex  5.230641e+01  4.138829e+01  2.880787e+00
     vertex  5.230641e+01  4.138829e+01  1.611220e+01
   endloop
 endfacet
 facet normal -9.577479e-01 -2.876090e-01 -4.366116e-15
   outer loop
     vertex  5.213474e+01  4.195995e+01  1.596509e+01
     vertex  5.213474e+01  4.195995e+01  3.027903e+00
     vertex  5.230641e+01  4.138829e+01  2.880787e+00
   endloop
 endfacet
 facet normal -9.577479e-01 -2.876090e-01  6.520163e-14
   outer loop
     vertex  5.277974e+01  3.981207e+01  1.849650e+01
     vertex  5.275843e+01  3.988304e+01  1.788624e+01
     vertex  5.362819e+01  3.698672e+01  1.979650e+01
   endloop
 endfacet
 facet normal -9.577479e-01 -2.876090e-01 -4.367691e-15
   outer loop
     vertex  5.195794e+01  4.254871e+01  1.596509e+01
     vertex  5.213474e+01  4.195995e+01  3.027903e+00
     vertex  5.213474e+01  4.195995e+01  1.596509e+01
   endloop
 endfacet
 facet normal -9.577479e-01 -2.876090e-01 -4.366116e-15
   outer loop
     vertex  5.195794e+01  4.254871e+01  1.596509e+01
     vertex  5.195794e+01  4.254871e+01  3.027903e+00
     vertex  5.213474e+01  4.195995e+01  3.027903e+00
   endloop
 endfacet
 facet normal -9.577479e-01 -2.876090e-01 -4.366116e-15
   outer loop
     vertex  5.195794e+01  4.254871e+01  1.596509e+01
     vertex  5.178627e+01  4.312037e+01  2.880787e+00
     vertex  5.195794e+01  4.254871e+01  3.027903e+00
   endloop
 endfacet
 facet normal -9.577479e-01 -2.876090e-01 -9.878315e-15
   outer loop
     vertex  5.275843e+01  3.988304e+01  1.910675e+01
     vertex  5.277974e+01  3.981207e+01  1.849650e+01
     vertex  5.362819e+01  3.698672e+01  1.979650e+01
   endloop
 endfacet
 facet normal -9.577479e-01 -2.876090e-01 -2.520636e-15
   outer loop
     vertex  5.178627e+01  4.312037e+01  1.611220e+01
     vertex  5.178627e+01  4.312037e+01  2.880787e+00
     vertex  5.195794e+01  4.254871e+01  1.596509e+01
   endloop
 endfacet
 facet normal -9.577479e-01 -2.876090e-01 -3.811217e-14
   outer loop
     vertex  5.269574e+01  4.009182e+01  1.968154e+01
     vertex  5.362819e+01  3.698672e+01  1.979650e+01
     vertex  5.363684e+01  3.695790e+01  2.006352e+01
   endloop
 endfacet
 facet normal -9.577479e-01 -2.876090e-01 -9.483867e-15
   outer loop
     vertex  5.269574e+01  4.009182e+01  1.968154e+01
     vertex  5.363684e+01  3.695790e+01  2.006352e+01
     vertex  5.366237e+01  3.687290e+01  2.031716e+01
   endloop
 endfacet
 facet normal -9.577479e-01 -2.876090e-01 -3.043659e-14
   outer loop
     vertex  5.269574e+01  4.009182e+01  1.968154e+01
     vertex  5.275843e+01  3.988304e+01  1.910675e+01
     vertex  5.362819e+01  3.698672e+01  1.979650e+01
   endloop
 endfacet
 facet normal -9.577479e-01 -2.876090e-01 -2.520375e-15
   outer loop
     vertex  5.162972e+01  4.364169e+01  1.639789e+01
     vertex  5.178627e+01  4.312037e+01  2.880787e+00
     vertex  5.178627e+01  4.312037e+01  1.611220e+01
   endloop
 endfacet
 facet normal -9.577479e-01 -2.876090e-01 -4.388421e-15
   outer loop
     vertex  5.162972e+01  4.364169e+01  1.639789e+01
     vertex  5.162972e+01  4.364169e+01  2.595105e+00
     vertex  5.178627e+01  4.312037e+01  2.880787e+00
   endloop
 endfacet
 facet normal -9.577479e-01 -2.876090e-01  7.261504e-14
   outer loop
     vertex  5.259530e+01  4.042627e+01  2.018746e+01
     vertex  5.366237e+01  3.687290e+01  2.031716e+01
     vertex  5.370349e+01  3.673597e+01  2.054468e+01
   endloop
 endfacet
 facet normal -9.577479e-01 -2.876090e-01  3.159164e-14
   outer loop
     vertex  5.259530e+01  4.042627e+01  2.018746e+01
     vertex  5.269574e+01  4.009182e+01  1.968154e+01
     vertex  5.366237e+01  3.687290e+01  2.031716e+01
   endloop
 endfacet
 facet normal -9.577479e-01 -2.876090e-01 -3.724271e-15
   outer loop
     vertex  5.149738e+01  4.408238e+01  1.680553e+01
     vertex  5.149738e+01  4.408238e+01  2.187459e+00
     vertex  5.162972e+01  4.364169e+01  2.595105e+00
   endloop
 endfacet
 facet normal -9.577479e-01 -2.876090e-01 -4.387629e-15
   outer loop
     vertex  5.149738e+01  4.408238e+01  1.680553e+01
     vertex  5.162972e+01  4.364169e+01  2.595105e+00
     vertex  5.162972e+01  4.364169e+01  1.639789e+01
   endloop
 endfacet
 facet normal -9.577479e-01 -2.876090e-01  2.142412e-15
   outer loop
     vertex  5.246296e+01  4.086697e+01  2.059510e+01
     vertex  5.370349e+01  3.673597e+01  2.054468e+01
     vertex  5.375814e+01  3.655399e+01  2.073469e+01
   endloop
 endfacet
 facet normal -9.577479e-01 -2.876090e-01 -8.126514e-14
   outer loop
     vertex  5.246296e+01  4.086697e+01  2.059510e+01
     vertex  5.375814e+01  3.655399e+01  2.073469e+01
     vertex  5.382358e+01  3.633608e+01  2.087766e+01
   endloop
 endfacet
 facet normal -9.577479e-01 -2.876090e-01  1.407716e-14
   outer loop
     vertex  5.246296e+01  4.086697e+01  2.059510e+01
     vertex  5.259530e+01  4.042627e+01  2.018746e+01
     vertex  5.370349e+01  3.673597e+01  2.054468e+01
   endloop
 endfacet
 facet normal -9.577479e-01 -2.876090e-01 -7.358588e-15
   outer loop
     vertex  5.139695e+01  4.441684e+01  1.731145e+01
     vertex  5.139695e+01  4.441684e+01  1.681540e+00
     vertex  5.149738e+01  4.408238e+01  2.187459e+00
   endloop
 endfacet
 facet normal -9.577479e-01 -2.876090e-01 -3.724461e-15
   outer loop
     vertex  5.139695e+01  4.441684e+01  1.731145e+01
     vertex  5.149738e+01  4.408238e+01  2.187459e+00
     vertex  5.149738e+01  4.408238e+01  1.680553e+01
   endloop
 endfacet
 facet normal -9.577479e-01 -2.876090e-01  7.196897e-14
   outer loop
     vertex  5.230641e+01  4.138829e+01  2.088079e+01
     vertex  5.382358e+01  3.633608e+01  2.087766e+01
     vertex  5.389652e+01  3.609316e+01  2.096641e+01
   endloop
 endfacet
 facet normal -9.577479e-01 -2.876090e-01 -2.374887e-14
   outer loop
     vertex  5.230641e+01  4.138829e+01  2.088079e+01
     vertex  5.246296e+01  4.086697e+01  2.059510e+01
     vertex  5.382358e+01  3.633608e+01  2.087766e+01
   endloop
 endfacet
 facet normal -9.577479e-01 -2.876090e-01 -1.061999e-13
   outer loop
     vertex  5.213474e+01  4.195995e+01  2.102790e+01
     vertex  5.389652e+01  3.609316e+01  2.096641e+01
     vertex  5.397332e+01  3.583742e+01  2.099650e+01
   endloop
 endfacet
 facet normal -9.577479e-01 -2.876090e-01 -3.595982e-15
   outer loop
     vertex  5.213474e+01  4.195995e+01  2.102790e+01
     vertex  5.230641e+01  4.138829e+01  2.088079e+01
     vertex  5.389652e+01  3.609316e+01  2.096641e+01
   endloop
 endfacet
 facet normal -9.577479e-01 -2.876090e-01 -2.093678e-14
   outer loop
     vertex  4.816362e+01  5.518393e+01  2.599650e+01
     vertex  5.195794e+01  4.254871e+01  2.102790e+01
     vertex  5.213474e+01  4.195995e+01  2.102790e+01
   endloop
 endfacet
 facet normal -9.577479e-01 -2.876090e-01  0.000000e+00
   outer loop
     vertex  4.816362e+01  5.518393e+01  2.599650e+01
     vertex  5.178627e+01  4.312037e+01  2.088079e+01
     vertex  5.195794e+01  4.254871e+01  2.102790e+01
   endloop
 endfacet
 facet normal -9.577479e-01 -2.876090e-01  4.452731e-15
   outer loop
     vertex  4.816362e+01  5.518393e+01  2.599650e+01
     vertex  5.162972e+01  4.364169e+01  2.059510e+01
     vertex  5.178627e+01  4.312037e+01  2.088079e+01
   endloop
 endfacet
 facet normal -9.577479e-01 -2.876090e-01  3.169450e-14
   outer loop
     vertex  4.816362e+01  5.518393e+01  2.599650e+01
     vertex  5.149738e+01  4.408238e+01  2.018746e+01
     vertex  5.162972e+01  4.364169e+01  2.059510e+01
   endloop
 endfacet
 facet normal -9.577479e-01 -2.876090e-01 -2.700714e-14
   outer loop
     vertex  4.816362e+01  5.518393e+01  2.599650e+01
     vertex  5.139695e+01  4.441684e+01  1.968154e+01
     vertex  5.149738e+01  4.408238e+01  2.018746e+01
   endloop
 endfacet
 facet normal -9.577479e-01 -2.876090e-01  6.436060e-14
   outer loop
     vertex  4.816362e+01  5.518393e+01  2.599650e+01
     vertex  5.133425e+01  4.462562e+01  1.910675e+01
     vertex  5.139695e+01  4.441684e+01  1.968154e+01
   endloop
 endfacet
 facet normal -9.577479e-01 -2.876090e-01 -7.657103e-14
   outer loop
     vertex  4.816362e+01  5.518393e+01  2.599650e+01
     vertex  5.131294e+01  4.469659e+01  1.849650e+01
     vertex  5.133425e+01  4.462562e+01  1.910675e+01
   endloop
 endfacet
 facet normal -9.577479e-01 -2.876090e-01 -5.622832e-15
   outer loop
     vertex  4.816362e+01  5.518393e+01  2.599650e+01
     vertex  4.816362e+01  5.518393e+01 -1.600350e+01
     vertex  5.133425e+01  4.462562e+01  1.106751e+00
   endloop
 endfacet
 facet normal -9.577479e-01 -2.876090e-01  1.147769e-14
   outer loop
     vertex  4.816362e+01  5.518393e+01  2.599650e+01
     vertex  5.133425e+01  4.462562e+01  1.106751e+00
     vertex  5.139695e+01  4.441684e+01  1.681540e+00
   endloop
 endfacet
 facet normal -9.577479e-01 -2.876090e-01  9.046249e-14
   outer loop
     vertex  4.816362e+01  5.518393e+01  2.599650e+01
     vertex  5.133425e+01  4.462562e+01  1.788624e+01
     vertex  5.131294e+01  4.469659e+01  1.849650e+01
   endloop
 endfacet
 facet normal -9.577479e-01 -2.876090e-01 -1.150906e-13
   outer loop
     vertex  4.816362e+01  5.518393e+01  2.599650e+01
     vertex  5.139695e+01  4.441684e+01  1.731145e+01
     vertex  5.133425e+01  4.462562e+01  1.788624e+01
   endloop
 endfacet
 facet normal -9.577479e-01 -2.876090e-01 -1.270093e-14
   outer loop
     vertex  4.816362e+01  5.518393e+01  2.599650e+01
     vertex  5.213474e+01  4.195995e+01  2.102790e+01
     vertex  5.397332e+01  3.583742e+01  2.099650e+01
   endloop
 endfacet
 facet normal -9.577479e-01 -2.876090e-01 -7.359666e-15
   outer loop
     vertex  4.816362e+01  5.518393e+01  2.599650e+01
     vertex  5.139695e+01  4.441684e+01  1.681540e+00
     vertex  5.139695e+01  4.441684e+01  1.731145e+01
   endloop
 endfacet
 facet normal -9.577479e-01 -2.876090e-01 -6.413104e-15
   outer loop
     vertex  4.816362e+01  5.518393e+01  2.599650e+01
     vertex  6.478742e+01 -1.739038e-01  2.099650e+01
     vertex  7.059712e+01 -1.952041e+01  2.599650e+01
   endloop
 endfacet
 facet normal -9.577479e-01 -2.876090e-01 -3.930662e-15
   outer loop
     vertex  4.816362e+01  5.518393e+01  2.599650e+01
     vertex  5.397332e+01  3.583742e+01  2.099650e+01
     vertex  6.478742e+01 -1.739038e-01  2.099650e+01
   endloop
 endfacet
 facet normal  2.876090e-01 -9.577479e-01 -1.304496e-16
   outer loop
     vertex  7.059712e+01 -1.952041e+01 -1.600350e+01
     vertex  2.295833e+02  2.822268e+01 -1.600350e+01
     vertex  2.295833e+02  2.822268e+01  2.599650e+01
   endloop
 endfacet
 facet normal  2.876090e-01 -9.577479e-01  2.607868e-16
   outer loop
     vertex  7.059712e+01 -1.952041e+01  2.599650e+01
     vertex  7.059712e+01 -1.952041e+01 -1.600350e+01
     vertex  2.295833e+02  2.822268e+01  2.599650e+01
   endloop
 endfacet
 facet normal  4.926164e-15 -3.048008e-15 -1.000000e+00
   outer loop
     vertex  8.050365e+01  5.033791e+01 -1.600350e+01
     vertex  8.018654e+01  4.982540e+01 -1.600350e+01
     vertex  4.816362e+01  5.518393e+01 -1.600350e+01
   endloop
 endfacet
 facet normal  6.140875e-15  4.211191e-15 -1.000000e+00
   outer loop
     vertex  8.000129e+01  4.925189e+01 -1.600350e+01
     vertex  4.816362e+01  5.518393e+01 -1.600350e+01
     vertex  8.018654e+01  4.982540e+01 -1.600350e+01
   endloop
 endfacet
 facet normal  5.763520e-15  2.540116e-15 -1.000000e+00
   outer loop
     vertex  8.093420e+01  5.075964e+01 -1.600350e+01
     vertex  8.050365e+01  5.033791e+01 -1.600350e+01
     vertex  4.816362e+01  5.518393e+01 -1.600350e+01
   endloop
 endfacet
 facet normal  5.286426e-15 -3.747040e-16 -1.000000e+00
   outer loop
     vertex  7.995868e+01  4.865072e+01 -1.600350e+01
     vertex  4.816362e+01  5.518393e+01 -1.600350e+01
     vertex  8.000129e+01  4.925189e+01 -1.600350e+01
   endloop
 endfacet
 facet normal  5.685804e-15  1.964473e-15 -1.000000e+00
   outer loop
     vertex  8.145316e+01  5.106608e+01 -1.600350e+01
     vertex  8.093420e+01  5.075964e+01 -1.600350e+01
     vertex  4.816362e+01  5.518393e+01 -1.600350e+01
   endloop
 endfacet
 facet normal  5.560610e-15  9.596632e-16 -1.000000e+00
   outer loop
     vertex  8.006118e+01  4.805682e+01 -1.600350e+01
     vertex  4.816362e+01  5.518393e+01 -1.600350e+01
     vertex  7.995868e+01  4.865072e+01 -1.600350e+01
   endloop
 endfacet
 facet normal  5.650547e-15  1.679453e-15 -1.000000e+00
   outer loop
     vertex  8.203038e+01  5.123942e+01 -1.600350e+01
     vertex  8.145316e+01  5.106608e+01 -1.600350e+01
     vertex  4.816362e+01  5.518393e+01 -1.600350e+01
   endloop
 endfacet
 facet normal  5.767673e-15  2.685067e-15 -1.000000e+00
   outer loop
     vertex  8.263231e+01  5.126958e+01 -1.600350e+01
     vertex  8.203038e+01  5.123942e+01 -1.600350e+01
     vertex  4.816362e+01  5.518393e+01 -1.600350e+01
   endloop
 endfacet
 facet normal  5.730702e-15  1.720913e-15 -1.000000e+00
   outer loop
     vertex  8.293727e+01  3.847934e+01 -1.600350e+01
     vertex  4.816362e+01  5.518393e+01 -1.600350e+01
     vertex  8.006118e+01  4.805682e+01 -1.600350e+01
   endloop
 endfacet
 facet normal  1.999112e-15 -6.047070e-15 -1.000000e+00
   outer loop
     vertex  8.315730e+01  3.796457e+01 -1.600350e+01
     vertex  4.816362e+01  5.518393e+01 -1.600350e+01
     vertex  8.293727e+01  3.847934e+01 -1.600350e+01
   endloop
 endfacet
 facet normal  8.407908e-15  2.232437e-15 -1.000000e+00
   outer loop
     vertex  9.054046e+01  1.534648e+01 -1.600350e+01
     vertex  8.390795e+01  3.714334e+01 -1.600350e+01
     vertex  8.440093e+01  3.687806e+01 -1.600350e+01
   endloop
 endfacet
 facet normal  7.091226e-15  1.840238e-15 -1.000000e+00
   outer loop
     vertex  9.085757e+01  1.585899e+01 -1.600350e+01
     vertex  8.440093e+01  3.687806e+01 -1.600350e+01
     vertex  8.494058e+01  3.672913e+01 -1.600350e+01
   endloop
 endfacet
 facet normal  7.851676e-15  2.073833e-15 -1.000000e+00
   outer loop
     vertex  9.085757e+01  1.585899e+01 -1.600350e+01
     vertex  9.054046e+01  1.534648e+01 -1.600350e+01
     vertex  8.440093e+01  3.687806e+01 -1.600350e+01
   endloop
 endfacet
 facet normal -3.708818e-16 -4.245170e-16 -1.000000e+00
   outer loop
     vertex  9.035522e+01  1.477297e+01 -1.600350e+01
     vertex  8.348636e+01  3.751166e+01 -1.600350e+01
     vertex  8.390795e+01  3.714334e+01 -1.600350e+01
   endloop
 endfacet
 facet normal  5.196713e-16 -1.678545e-16 -1.000000e+00
   outer loop
     vertex  9.035522e+01  1.477297e+01 -1.600350e+01
     vertex  8.390795e+01  3.714334e+01 -1.600350e+01
     vertex  9.054046e+01  1.534648e+01 -1.600350e+01
   endloop
 endfacet
 facet normal  6.426507e-15  1.647418e-15 -1.000000e+00
   outer loop
     vertex  9.128812e+01  1.628072e+01 -1.600350e+01
     vertex  8.494058e+01  3.672913e+01 -1.600350e+01
     vertex  8.549984e+01  3.670402e+01 -1.600350e+01
   endloop
 endfacet
 facet normal  6.588636e-15  1.697746e-15 -1.000000e+00
   outer loop
     vertex  9.128812e+01  1.628072e+01 -1.600350e+01
     vertex  9.085757e+01  1.585899e+01 -1.600350e+01
     vertex  8.494058e+01  3.672913e+01 -1.600350e+01
   endloop
 endfacet
 facet normal  5.681125e-15  1.420684e-15 -1.000000e+00
   outer loop
     vertex  9.031261e+01  1.417179e+01 -1.600350e+01
     vertex  7.059712e+01 -1.952041e+01 -1.600350e+01
     vertex  4.816362e+01  5.518393e+01 -1.600350e+01
   endloop
 endfacet
 facet normal  5.666253e-15  1.405400e-15 -1.000000e+00
   outer loop
     vertex  9.031261e+01  1.417179e+01 -1.600350e+01
     vertex  4.816362e+01  5.518393e+01 -1.600350e+01
     vertex  8.315730e+01  3.796457e+01 -1.600350e+01
   endloop
 endfacet
 facet normal -7.013190e-16 -5.095489e-16 -1.000000e+00
   outer loop
     vertex  9.031261e+01  1.417179e+01 -1.600350e+01
     vertex  8.315730e+01  3.796457e+01 -1.600350e+01
     vertex  8.348636e+01  3.751166e+01 -1.600350e+01
   endloop
 endfacet
 facet normal  8.378462e-16 -5.938688e-17 -1.000000e+00
   outer loop
     vertex  9.031261e+01  1.417179e+01 -1.600350e+01
     vertex  8.348636e+01  3.751166e+01 -1.600350e+01
     vertex  9.035522e+01  1.477297e+01 -1.600350e+01
   endloop
 endfacet
 facet normal  6.163218e-15  1.579148e-15 -1.000000e+00
   outer loop
     vertex  9.180708e+01  1.658716e+01 -1.600350e+01
     vertex  8.549984e+01  3.670402e+01 -1.600350e+01
     vertex  8.605066e+01  3.680399e+01 -1.600350e+01
   endloop
 endfacet
 facet normal  5.952366e-15  1.513040e-15 -1.000000e+00
   outer loop
     vertex  9.180708e+01  1.658716e+01 -1.600350e+01
     vertex  9.128812e+01  1.628072e+01 -1.600350e+01
     vertex  8.549984e+01  3.670402e+01 -1.600350e+01
   endloop
 endfacet
 facet normal  1.415650e-14 -3.538807e-15 -1.000000e+00
   outer loop
     vertex  9.041510e+01  1.357789e+01 -1.600350e+01
     vertex  7.059712e+01 -1.952041e+01 -1.600350e+01
     vertex  9.031261e+01  1.417179e+01 -1.600350e+01
   endloop
 endfacet
 facet normal  5.718679e-15  1.452572e-15 -1.000000e+00
   outer loop
     vertex  9.238430e+01  1.676049e+01 -1.600350e+01
     vertex  9.180708e+01  1.658716e+01 -1.600350e+01
     vertex  8.605066e+01  3.680399e+01 -1.600350e+01
   endloop
 endfacet
 facet normal  6.213804e-15  1.609029e-15 -1.000000e+00
   outer loop
     vertex  9.238430e+01  1.676049e+01 -1.600350e+01
     vertex  8.605066e+01  3.680399e+01 -1.600350e+01
     vertex  8.656543e+01  3.702402e+01 -1.600350e+01
   endloop
 endfacet
 facet normal  2.073425e-16 -2.853764e-16 -1.000000e+00
   outer loop
     vertex  9.298623e+01  1.679066e+01 -1.600350e+01
     vertex  8.656543e+01  3.702402e+01 -1.600350e+01
     vertex  8.701833e+01  3.735308e+01 -1.600350e+01
   endloop
 endfacet
 facet normal  5.827157e-15  1.498000e-15 -1.000000e+00
   outer loop
     vertex  9.298623e+01  1.679066e+01 -1.600350e+01
     vertex  9.238430e+01  1.676049e+01 -1.600350e+01
     vertex  8.656543e+01  3.702402e+01 -1.600350e+01
   endloop
 endfacet
 facet normal  7.508988e-15  1.866669e-15 -1.000000e+00
   outer loop
     vertex  9.357789e+01  1.667589e+01 -1.600350e+01
     vertex  8.701833e+01  3.735308e+01 -1.600350e+01
     vertex  8.738666e+01  3.777467e+01 -1.600350e+01
   endloop
 endfacet
 facet normal  6.291885e-15  1.480560e-15 -1.000000e+00
   outer loop
     vertex  9.357789e+01  1.667589e+01 -1.600350e+01
     vertex  9.298623e+01  1.679066e+01 -1.600350e+01
     vertex  8.701833e+01  3.735308e+01 -1.600350e+01
   endloop
 endfacet
 facet normal  8.831520e-15  2.454283e-15 -1.000000e+00
   outer loop
     vertex  9.412488e+01  1.642287e+01 -1.600350e+01
     vertex  8.738666e+01  3.777467e+01 -1.600350e+01
     vertex  8.765194e+01  3.826765e+01 -1.600350e+01
   endloop
 endfacet
 facet normal -1.802431e-16 -3.896602e-16 -1.000000e+00
   outer loop
     vertex  9.412488e+01  1.642287e+01 -1.600350e+01
     vertex  9.357789e+01  1.667589e+01 -1.600350e+01
     vertex  8.738666e+01  3.777467e+01 -1.600350e+01
   endloop
 endfacet
 facet normal  5.079330e-15  1.896253e-15 -1.000000e+00
   outer loop
     vertex  9.329119e+01  4.000411e+00 -1.600350e+01
     vertex  7.059712e+01 -1.952041e+01 -1.600350e+01
     vertex  9.041510e+01  1.357789e+01 -1.600350e+01
   endloop
 endfacet
 facet normal  4.881944e-15  2.086701e-15 -1.000000e+00
   outer loop
     vertex  9.351122e+01  3.485641e+00 -1.600350e+01
     vertex  7.059712e+01 -1.952041e+01 -1.600350e+01
     vertex  9.329119e+01  4.000411e+00 -1.600350e+01
   endloop
 endfacet
 facet normal  8.588059e-15 -1.604601e-15 -1.000000e+00
   outer loop
     vertex  9.384028e+01  3.032739e+00 -1.600350e+01
     vertex  7.059712e+01 -1.952041e+01 -1.600350e+01
     vertex  9.351122e+01  3.485641e+00 -1.600350e+01
   endloop
 endfacet
 facet normal  3.331268e-15  3.813021e-15 -1.000000e+00
   outer loop
     vertex  9.426187e+01  2.664414e+00 -1.600350e+01
     vertex  7.059712e+01 -1.952041e+01 -1.600350e+01
     vertex  9.384028e+01  3.032739e+00 -1.600350e+01
   endloop
 endfacet
 facet normal  7.096924e-15 -2.038383e-16 -1.000000e+00
   outer loop
     vertex  9.475485e+01  2.399137e+00 -1.600350e+01
     vertex  7.059712e+01 -1.952041e+01 -1.600350e+01
     vertex  9.426187e+01  2.664414e+00 -1.600350e+01
   endloop
 endfacet
 facet normal  6.660008e-15  2.776914e-16 -1.000000e+00
   outer loop
     vertex  9.529450e+01  2.250209e+00 -1.600350e+01
     vertex  7.059712e+01 -1.952041e+01 -1.600350e+01
     vertex  9.475485e+01  2.399137e+00 -1.600350e+01
   endloop
 endfacet
 facet normal  6.379304e-15  5.961313e-16 -1.000000e+00
   outer loop
     vertex  9.585376e+01  2.225098e+00 -1.600350e+01
     vertex  7.059712e+01 -1.952041e+01 -1.600350e+01
     vertex  9.529450e+01  2.250209e+00 -1.600350e+01
   endloop
 endfacet
 facet normal  1.450401e-14 -8.840422e-15 -1.000000e+00
   outer loop
     vertex  9.640459e+01  2.325064e+00 -1.600350e+01
     vertex  7.059712e+01 -1.952041e+01 -1.600350e+01
     vertex  9.585376e+01  2.225098e+00 -1.600350e+01
   endloop
 endfacet
 facet normal -2.110250e-14  3.322383e-14 -1.000000e+00
   outer loop
     vertex  9.691936e+01  2.545093e+00 -1.600350e+01
     vertex  7.059712e+01 -1.952041e+01 -1.600350e+01
     vertex  9.640459e+01  2.325064e+00 -1.600350e+01
   endloop
 endfacet
 facet normal  5.691104e-15  2.490872e-15 -1.000000e+00
   outer loop
     vertex  1.228150e+02  4.547785e+01 -1.600350e+01
     vertex  8.484992e+01  4.949486e+01 -1.600350e+01
     vertex  8.460827e+01  5.004698e+01 -1.600350e+01
   endloop
 endfacet
 facet normal  5.620997e-15  1.828284e-15 -1.000000e+00
   outer loop
     vertex  1.217017e+02  4.307106e+01 -1.600350e+01
     vertex  8.484992e+01  4.949486e+01 -1.600350e+01
     vertex  1.228150e+02  4.547785e+01 -1.600350e+01
   endloop
 endfacet
 facet normal  5.526955e-15  1.288784e-15 -1.000000e+00
   outer loop
     vertex  1.217017e+02  4.307106e+01 -1.600350e+01
     vertex  8.772601e+01  3.991738e+01 -1.600350e+01
     vertex  8.484992e+01  4.949486e+01 -1.600350e+01
   endloop
 endfacet
 facet normal  5.483996e-15  7.590437e-16 -1.000000e+00
   outer loop
     vertex  1.244719e+02  4.754828e+01 -1.600350e+01
     vertex  1.228150e+02  4.547785e+01 -1.600350e+01
     vertex  8.460827e+01  5.004698e+01 -1.600350e+01
   endloop
 endfacet
 facet normal  5.221787e-15 -3.424168e-15 -1.000000e+00
   outer loop
     vertex  1.244719e+02  4.754828e+01 -1.600350e+01
     vertex  8.460827e+01  5.004698e+01 -1.600350e+01
     vertex  8.424151e+01  5.052522e+01 -1.600350e+01
   endloop
 endfacet
 facet normal  5.017729e-15  1.247978e-14 -1.000000e+00
   outer loop
     vertex  1.211967e+02  4.046777e+01 -1.600350e+01
     vertex  8.780086e+01  3.880730e+01 -1.600350e+01
     vertex  8.782597e+01  3.936656e+01 -1.600350e+01
   endloop
 endfacet
 facet normal  5.608804e-15 -5.431901e-15 -1.000000e+00
   outer loop
     vertex  1.211967e+02  4.046777e+01 -1.600350e+01
     vertex  8.782597e+01  3.936656e+01 -1.600350e+01
     vertex  8.772601e+01  3.991738e+01 -1.600350e+01
   endloop
 endfacet
 facet normal  5.492118e-15  1.664092e-15 -1.000000e+00
   outer loop
     vertex  1.211967e+02  4.046777e+01 -1.600350e+01
     vertex  8.772601e+01  3.991738e+01 -1.600350e+01
     vertex  1.217017e+02  4.307106e+01 -1.600350e+01
   endloop
 endfacet
 facet normal  5.587646e-15  1.520047e-15 -1.000000e+00
   outer loop
     vertex  1.265762e+02  4.916201e+01 -1.600350e+01
     vertex  1.244719e+02  4.754828e+01 -1.600350e+01
     vertex  8.424151e+01  5.052522e+01 -1.600350e+01
   endloop
 endfacet
 facet normal  5.770901e-15  7.211060e-15 -1.000000e+00
   outer loop
     vertex  1.265762e+02  4.916201e+01 -1.600350e+01
     vertex  8.424151e+01  5.052522e+01 -1.600350e+01
     vertex  8.377096e+01  5.090179e+01 -1.600350e+01
   endloop
 endfacet
 facet normal  5.624223e-15  2.818315e-16 -1.000000e+00
   outer loop
     vertex  1.213295e+02  3.781929e+01 -1.600350e+01
     vertex  8.780086e+01  3.880730e+01 -1.600350e+01
     vertex  1.211967e+02  4.046777e+01 -1.600350e+01
   endloop
 endfacet
 facet normal  5.570616e-15 -1.537332e-15 -1.000000e+00
   outer loop
     vertex  1.213295e+02  3.781929e+01 -1.600350e+01
     vertex  8.765194e+01  3.826765e+01 -1.600350e+01
     vertex  8.780086e+01  3.880730e+01 -1.600350e+01
   endloop
 endfacet
 facet normal  5.509417e-15  7.775672e-16 -1.000000e+00
   outer loop
     vertex  1.290055e+02  5.022527e+01 -1.600350e+01
     vertex  1.265762e+02  4.916201e+01 -1.600350e+01
     vertex  8.377096e+01  5.090179e+01 -1.600350e+01
   endloop
 endfacet
 facet normal  5.464470e-15 -2.227703e-15 -1.000000e+00
   outer loop
     vertex  1.290055e+02  5.022527e+01 -1.600350e+01
     vertex  8.377096e+01  5.090179e+01 -1.600350e+01
     vertex  8.322396e+01  5.115482e+01 -1.600350e+01
   endloop
 endfacet
 facet normal  5.613526e-15  1.685726e-15 -1.000000e+00
   outer loop
     vertex  1.220921e+02  3.527953e+01 -1.600350e+01
     vertex  8.765194e+01  3.826765e+01 -1.600350e+01
     vertex  1.213295e+02  3.781929e+01 -1.600350e+01
   endloop
 endfacet
 facet normal  5.597053e-15  1.495859e-15 -1.000000e+00
   outer loop
     vertex  1.220921e+02  3.527953e+01 -1.600350e+01
     vertex  9.412488e+01  1.642287e+01 -1.600350e+01
     vertex  8.765194e+01  3.826765e+01 -1.600350e+01
   endloop
 endfacet
 facet normal  4.288848e-15  3.289058e-15 -1.000000e+00
   outer loop
     vertex  1.220921e+02  3.527953e+01 -1.600350e+01
     vertex  9.496219e+01  1.556805e+01 -1.600350e+01
     vertex  9.459544e+01  1.604629e+01 -1.600350e+01
   endloop
 endfacet
 facet normal  7.037497e-15 -6.405365e-16 -1.000000e+00
   outer loop
     vertex  1.220921e+02  3.527953e+01 -1.600350e+01
     vertex  9.459544e+01  1.604629e+01 -1.600350e+01
     vertex  9.412488e+01  1.642287e+01 -1.600350e+01
   endloop
 endfacet
 facet normal  5.464564e-15  1.670857e-15 -1.000000e+00
   outer loop
     vertex  1.234405e+02  3.299609e+01 -1.600350e+01
     vertex  9.496219e+01  1.556805e+01 -1.600350e+01
     vertex  1.220921e+02  3.527953e+01 -1.600350e+01
   endloop
 endfacet
 facet normal  8.222577e-15 -2.835873e-15 -1.000000e+00
   outer loop
     vertex  1.234405e+02  3.299609e+01 -1.600350e+01
     vertex  9.520384e+01  1.501594e+01 -1.600350e+01
     vertex  9.496219e+01  1.556805e+01 -1.600350e+01
   endloop
 endfacet
 facet normal  5.422797e-15  1.560994e-15 -1.000000e+00
   outer loop
     vertex  1.252961e+02  3.110168e+01 -1.600350e+01
     vertex  9.520384e+01  1.501594e+01 -1.600350e+01
     vertex  1.234405e+02  3.299609e+01 -1.600350e+01
   endloop
 endfacet
 facet normal  5.391726e-15  1.619120e-15 -1.000000e+00
   outer loop
     vertex  1.252961e+02  3.110168e+01 -1.600350e+01
     vertex  9.807993e+01  5.438456e+00 -1.600350e+01
     vertex  9.520384e+01  1.501594e+01 -1.600350e+01
   endloop
 endfacet
 facet normal  5.594861e-15  1.403693e-15 -1.000000e+00
   outer loop
     vertex  1.275511e+02  2.970639e+01 -1.600350e+01
     vertex  9.807993e+01  5.438456e+00 -1.600350e+01
     vertex  1.252961e+02  3.110168e+01 -1.600350e+01
   endloop
 endfacet
 facet normal  5.873047e-15  1.065862e-15 -1.000000e+00
   outer loop
     vertex  1.275511e+02  2.970639e+01 -1.600350e+01
     vertex  9.817990e+01  4.887631e+00 -1.600350e+01
     vertex  9.807993e+01  5.438456e+00 -1.600350e+01
   endloop
 endfacet
 facet normal  5.947400e-15  9.778701e-16 -1.000000e+00
   outer loop
     vertex  1.300746e+02  2.889132e+01 -1.600350e+01
     vertex  9.817990e+01  4.887631e+00 -1.600350e+01
     vertex  1.275511e+02  2.970639e+01 -1.600350e+01
   endloop
 endfacet
 facet normal  6.917075e-15 -3.105763e-16 -1.000000e+00
   outer loop
     vertex  1.300746e+02  2.889132e+01 -1.600350e+01
     vertex  9.815479e+01  4.328372e+00 -1.600350e+01
     vertex  9.817990e+01  4.887631e+00 -1.600350e+01
   endloop
 endfacet
 facet normal  5.482502e-15  1.553665e-15 -1.000000e+00
   outer loop
     vertex  1.327197e+02  2.870382e+01 -1.600350e+01
     vertex  9.815479e+01  4.328372e+00 -1.600350e+01
     vertex  1.300746e+02  2.889132e+01 -1.600350e+01
   endloop
 endfacet
 facet normal  2.244363e-15  5.998898e-15 -1.000000e+00
   outer loop
     vertex  1.327197e+02  2.870382e+01 -1.600350e+01
     vertex  9.774058e+01  3.295743e+00 -1.600350e+01
     vertex  9.800586e+01  3.788723e+00 -1.600350e+01
   endloop
 endfacet
 facet normal  8.167740e-15 -2.254064e-15 -1.000000e+00
   outer loop
     vertex  1.327197e+02  2.870382e+01 -1.600350e+01
     vertex  9.800586e+01  3.788723e+00 -1.600350e+01
     vertex  9.815479e+01  4.328372e+00 -1.600350e+01
   endloop
 endfacet
 facet normal  5.075511e-15  2.101272e-15 -1.000000e+00
   outer loop
     vertex  1.353329e+02  2.915481e+01 -1.600350e+01
     vertex  9.774058e+01  3.295743e+00 -1.600350e+01
     vertex  1.327197e+02  2.870382e+01 -1.600350e+01
   endloop
 endfacet
 facet normal  5.540468e-15  1.515303e-15 -1.000000e+00
   outer loop
     vertex  1.610199e+02  7.618766e+01 -1.600350e+01
     vertex  1.290055e+02  5.022527e+01 -1.600350e+01
     vertex  8.322396e+01  5.115482e+01 -1.600350e+01
   endloop
 endfacet
 facet normal  6.805363e-15 -4.444685e-17 -1.000000e+00
   outer loop
     vertex  1.610199e+02  7.618766e+01 -1.600350e+01
     vertex  1.316187e+02  5.067626e+01 -1.600350e+01
     vertex  1.290055e+02  5.022527e+01 -1.600350e+01
   endloop
 endfacet
 facet normal  4.741532e-15  3.998199e-15 -1.000000e+00
   outer loop
     vertex  1.613370e+02  7.670017e+01 -1.600350e+01
     vertex  1.610199e+02  7.618766e+01 -1.600350e+01
     vertex  8.322396e+01  5.115482e+01 -1.600350e+01
   endloop
 endfacet
 facet normal  6.021217e-15  8.515755e-17 -1.000000e+00
   outer loop
     vertex  1.613370e+02  7.670017e+01 -1.600350e+01
     vertex  8.322396e+01  5.115482e+01 -1.600350e+01
     vertex  8.263231e+01  5.126958e+01 -1.600350e+01
   endloop
 endfacet
 facet normal  1.933578e-15  5.570153e-15 -1.000000e+00
   outer loop
     vertex  1.608346e+02  7.561415e+01 -1.600350e+01
     vertex  1.316187e+02  5.067626e+01 -1.600350e+01
     vertex  1.610199e+02  7.618766e+01 -1.600350e+01
   endloop
 endfacet
 facet normal  9.025221e-16  1.592692e-14 -1.000000e+00
   outer loop
     vertex  1.617676e+02  7.712190e+01 -1.600350e+01
     vertex  1.613370e+02  7.670017e+01 -1.600350e+01
     vertex  8.263231e+01  5.126958e+01 -1.600350e+01
   endloop
 endfacet
 facet normal  5.628577e-15  1.460227e-15 -1.000000e+00
   outer loop
     vertex  1.617676e+02  7.712190e+01 -1.600350e+01
     vertex  8.263231e+01  5.126958e+01 -1.600350e+01
     vertex  4.816362e+01  5.518393e+01 -1.600350e+01
   endloop
 endfacet
 facet normal  1.210973e-14 -3.210185e-14 -1.000000e+00
   outer loop
     vertex  1.622865e+02  7.742834e+01 -1.600350e+01
     vertex  1.617676e+02  7.712190e+01 -1.600350e+01
     vertex  4.816362e+01  5.518393e+01 -1.600350e+01
   endloop
 endfacet
 facet normal  4.150204e-15  4.575189e-15 -1.000000e+00
   outer loop
     vertex  1.539771e+02  5.900828e+01 -1.600350e+01
     vertex  1.342639e+02  5.048876e+01 -1.600350e+01
     vertex  1.542301e+02  5.955528e+01 -1.600350e+01
   endloop
 endfacet
 facet normal  6.649372e-15 -1.207614e-15 -1.000000e+00
   outer loop
     vertex  1.539771e+02  5.900828e+01 -1.600350e+01
     vertex  1.367873e+02  4.967369e+01 -1.600350e+01
     vertex  1.342639e+02  5.048876e+01 -1.600350e+01
   endloop
 endfacet
 facet normal  1.040212e-14 -7.373063e-16 -1.000000e+00
   outer loop
     vertex  1.546067e+02  6.002583e+01 -1.600350e+01
     vertex  1.608346e+02  7.561415e+01 -1.600350e+01
     vertex  1.607920e+02  7.501298e+01 -1.600350e+01
   endloop
 endfacet
 facet normal  5.721096e-15  1.132892e-15 -1.000000e+00
   outer loop
     vertex  1.546067e+02  6.002583e+01 -1.600350e+01
     vertex  1.316187e+02  5.067626e+01 -1.600350e+01
     vertex  1.608346e+02  7.561415e+01 -1.600350e+01
   endloop
 endfacet
 facet normal  4.397312e-15  4.031007e-15 -1.000000e+00
   outer loop
     vertex  1.546067e+02  6.002583e+01 -1.600350e+01
     vertex  1.542301e+02  5.955528e+01 -1.600350e+01
     vertex  1.342639e+02  5.048876e+01 -1.600350e+01
   endloop
 endfacet
 facet normal  5.492514e-15  1.694912e-15 -1.000000e+00
   outer loop
     vertex  1.546067e+02  6.002583e+01 -1.600350e+01
     vertex  1.342639e+02  5.048876e+01 -1.600350e+01
     vertex  1.316187e+02  5.067626e+01 -1.600350e+01
   endloop
 endfacet
 facet normal  5.441808e-15  1.156331e-15 -1.000000e+00
   outer loop
     vertex  1.538623e+02  5.841662e+01 -1.600350e+01
     vertex  1.390423e+02  4.827840e+01 -1.600350e+01
     vertex  1.367873e+02  4.967369e+01 -1.600350e+01
   endloop
 endfacet
 facet normal  6.699250e-15 -1.299466e-15 -1.000000e+00
   outer loop
     vertex  1.538623e+02  5.841662e+01 -1.600350e+01
     vertex  1.367873e+02  4.967369e+01 -1.600350e+01
     vertex  1.539771e+02  5.900828e+01 -1.600350e+01
   endloop
 endfacet
 facet normal  6.474911e-15  1.117455e-15 -1.000000e+00
   outer loop
     vertex  1.550849e+02  6.039258e+01 -1.600350e+01
     vertex  1.607920e+02  7.501298e+01 -1.600350e+01
     vertex  1.608945e+02  7.441907e+01 -1.600350e+01
   endloop
 endfacet
 facet normal -3.989569e-15  5.202297e-15 -1.000000e+00
   outer loop
     vertex  1.550849e+02  6.039258e+01 -1.600350e+01
     vertex  1.546067e+02  6.002583e+01 -1.600350e+01
     vertex  1.607920e+02  7.501298e+01 -1.600350e+01
   endloop
 endfacet
 facet normal  6.026263e-15  3.019779e-16 -1.000000e+00
   outer loop
     vertex  1.538925e+02  5.781469e+01 -1.600350e+01
     vertex  1.390423e+02  4.827840e+01 -1.600350e+01
     vertex  1.538623e+02  5.841662e+01 -1.600350e+01
   endloop
 endfacet
 facet normal  5.828435e-15  1.385218e-15 -1.000000e+00
   outer loop
     vertex  1.556370e+02  6.063423e+01 -1.600350e+01
     vertex  1.550849e+02  6.039258e+01 -1.600350e+01
     vertex  1.608945e+02  7.441907e+01 -1.600350e+01
   endloop
 endfacet
 facet normal  4.587248e-15  2.617925e-15 -1.000000e+00
   outer loop
     vertex  1.540658e+02  5.723747e+01 -1.600350e+01
     vertex  1.408980e+02  4.638399e+01 -1.600350e+01
     vertex  1.390423e+02  4.827840e+01 -1.600350e+01
   endloop
 endfacet
 facet normal  5.214594e-15  1.565928e-15 -1.000000e+00
   outer loop
     vertex  1.540658e+02  5.723747e+01 -1.600350e+01
     vertex  1.390423e+02  4.827840e+01 -1.600350e+01
     vertex  1.538925e+02  5.781469e+01 -1.600350e+01
   endloop
 endfacet
 facet normal  5.736879e-15  1.420138e-15 -1.000000e+00
   outer loop
     vertex  1.562309e+02  6.073673e+01 -1.600350e+01
     vertex  1.556370e+02  6.063423e+01 -1.600350e+01
     vertex  1.608945e+02  7.441907e+01 -1.600350e+01
   endloop
 endfacet
 facet normal  4.536933e-15  2.678970e-15 -1.000000e+00
   outer loop
     vertex  1.543723e+02  5.671851e+01 -1.600350e+01
     vertex  1.408980e+02  4.638399e+01 -1.600350e+01
     vertex  1.540658e+02  5.723747e+01 -1.600350e+01
   endloop
 endfacet
 facet normal  6.003826e-15  1.329150e-15 -1.000000e+00
   outer loop
     vertex  1.568321e+02  6.069412e+01 -1.600350e+01
     vertex  1.562309e+02  6.073673e+01 -1.600350e+01
     vertex  1.608945e+02  7.441907e+01 -1.600350e+01
   endloop
 endfacet
 facet normal  3.763924e-15  3.686830e-15 -1.000000e+00
   outer loop
     vertex  1.547940e+02  5.628796e+01 -1.600350e+01
     vertex  1.408980e+02  4.638399e+01 -1.600350e+01
     vertex  1.543723e+02  5.671851e+01 -1.600350e+01
   endloop
 endfacet
 facet normal  5.278888e-15  1.561219e-15 -1.000000e+00
   outer loop
     vertex  1.547940e+02  5.628796e+01 -1.600350e+01
     vertex  1.422463e+02  4.410055e+01 -1.600350e+01
     vertex  1.408980e+02  4.638399e+01 -1.600350e+01
   endloop
 endfacet
 facet normal  6.878777e-15 -8.596630e-17 -1.000000e+00
   outer loop
     vertex  1.553065e+02  5.597085e+01 -1.600350e+01
     vertex  1.422463e+02  4.410055e+01 -1.600350e+01
     vertex  1.547940e+02  5.628796e+01 -1.600350e+01
   endloop
 endfacet
 facet normal  6.353579e-15  4.918792e-16 -1.000000e+00
   outer loop
     vertex  1.558800e+02  5.578561e+01 -1.600350e+01
     vertex  1.422463e+02  4.410055e+01 -1.600350e+01
     vertex  1.553065e+02  5.597085e+01 -1.600350e+01
   endloop
 endfacet
 facet normal  5.388329e-15  1.618100e-15 -1.000000e+00
   outer loop
     vertex  1.558800e+02  5.578561e+01 -1.600350e+01
     vertex  1.430090e+02  4.156079e+01 -1.600350e+01
     vertex  1.422463e+02  4.410055e+01 -1.600350e+01
   endloop
 endfacet
 facet normal  6.068190e-15  3.273246e-16 -1.000000e+00
   outer loop
     vertex  1.714631e+02  8.132224e+01 -1.600350e+01
     vertex  1.640573e+02  7.751708e+01 -1.600350e+01
     vertex  1.634657e+02  7.763184e+01 -1.600350e+01
   endloop
 endfacet
 facet normal  8.180671e-15 -3.784090e-15 -1.000000e+00
   outer loop
     vertex  1.712506e+02  8.086276e+01 -1.600350e+01
     vertex  1.640573e+02  7.751708e+01 -1.600350e+01
     vertex  1.714631e+02  8.132224e+01 -1.600350e+01
   endloop
 endfacet
 facet normal  6.457885e-15 -8.008032e-17 -1.000000e+00
   outer loop
     vertex  1.712506e+02  8.086276e+01 -1.600350e+01
     vertex  1.646043e+02  7.726405e+01 -1.600350e+01
     vertex  1.640573e+02  7.751708e+01 -1.600350e+01
   endloop
 endfacet
 facet normal  3.284618e-15  6.359595e-15 -1.000000e+00
   outer loop
     vertex  1.717794e+02  8.171750e+01 -1.600350e+01
     vertex  1.714631e+02  8.132224e+01 -1.600350e+01
     vertex  1.634657e+02  7.763184e+01 -1.600350e+01
   endloop
 endfacet
 facet normal  5.844574e-15  1.150428e-15 -1.000000e+00
   outer loop
     vertex  1.717794e+02  8.171750e+01 -1.600350e+01
     vertex  1.634657e+02  7.763184e+01 -1.600350e+01
     vertex  1.628637e+02  7.760168e+01 -1.600350e+01
   endloop
 endfacet
 facet normal  7.167295e-15 -1.390253e-15 -1.000000e+00
   outer loop
     vertex  1.711542e+02  8.036577e+01 -1.600350e+01
     vertex  1.646043e+02  7.726405e+01 -1.600350e+01
     vertex  1.712506e+02  8.086276e+01 -1.600350e+01
   endloop
 endfacet
 facet normal  6.895995e-15 -8.173514e-16 -1.000000e+00
   outer loop
     vertex  1.711542e+02  8.036577e+01 -1.600350e+01
     vertex  1.650749e+02  7.688748e+01 -1.600350e+01
     vertex  1.646043e+02  7.726405e+01 -1.600350e+01
   endloop
 endfacet
 facet normal  2.643189e-15  8.085272e-15 -1.000000e+00
   outer loop
     vertex  1.721812e+02  8.202558e+01 -1.600350e+01
     vertex  1.717794e+02  8.171750e+01 -1.600350e+01
     vertex  1.628637e+02  7.760168e+01 -1.600350e+01
   endloop
 endfacet
 facet normal  5.591840e-15  1.874952e-15 -1.000000e+00
   outer loop
     vertex  1.721812e+02  8.202558e+01 -1.600350e+01
     vertex  1.628637e+02  7.760168e+01 -1.600350e+01
     vertex  1.622865e+02  7.742834e+01 -1.600350e+01
   endloop
 endfacet
 facet normal  2.341021e-15  7.143764e-15 -1.000000e+00
   outer loop
     vertex  1.711795e+02  7.986015e+01 -1.600350e+01
     vertex  1.650749e+02  7.688748e+01 -1.600350e+01
     vertex  1.711542e+02  8.036577e+01 -1.600350e+01
   endloop
 endfacet
 facet normal  4.237322e-15  3.249543e-15 -1.000000e+00
   outer loop
     vertex  1.711795e+02  7.986015e+01 -1.600350e+01
     vertex  1.654416e+02  7.640924e+01 -1.600350e+01
     vertex  1.650749e+02  7.688748e+01 -1.600350e+01
   endloop
 endfacet
 facet normal  5.244493e-15  1.574906e-15 -1.000000e+00
   outer loop
     vertex  1.713251e+02  7.937528e+01 -1.600350e+01
     vertex  1.654416e+02  7.640924e+01 -1.600350e+01
     vertex  1.711795e+02  7.986015e+01 -1.600350e+01
   endloop
 endfacet
 facet normal  7.819337e-15 -3.532581e-15 -1.000000e+00
   outer loop
     vertex  1.715825e+02  7.893936e+01 -1.600350e+01
     vertex  1.654416e+02  7.640924e+01 -1.600350e+01
     vertex  1.713251e+02  7.937528e+01 -1.600350e+01
   endloop
 endfacet
 facet normal  5.391611e-15  2.359790e-15 -1.000000e+00
   outer loop
     vertex  1.715825e+02  7.893936e+01 -1.600350e+01
     vertex  1.656833e+02  7.585712e+01 -1.600350e+01
     vertex  1.654416e+02  7.640924e+01 -1.600350e+01
   endloop
 endfacet
 facet normal  4.381961e-15  4.292208e-15 -1.000000e+00
   outer loop
     vertex  1.719368e+02  7.857770e+01 -1.600350e+01
     vertex  1.656833e+02  7.585712e+01 -1.600350e+01
     vertex  1.715825e+02  7.893936e+01 -1.600350e+01
   endloop
 endfacet
 facet normal  7.076231e-15 -1.900821e-15 -1.000000e+00
   outer loop
     vertex  1.723673e+02  7.831132e+01 -1.600350e+01
     vertex  1.656833e+02  7.585712e+01 -1.600350e+01
     vertex  1.719368e+02  7.857770e+01 -1.600350e+01
   endloop
 endfacet
 facet normal  5.727680e-15  1.410885e-15 -1.000000e+00
   outer loop
     vertex  1.643458e+02  6.292610e+01 -1.600350e+01
     vertex  1.568321e+02  6.069412e+01 -1.600350e+01
     vertex  1.608945e+02  7.441907e+01 -1.600350e+01
   endloop
 endfacet
 facet normal  4.291643e-15  4.203740e-15 -1.000000e+00
   outer loop
     vertex  1.643458e+02  6.292610e+01 -1.600350e+01
     vertex  1.583399e+02  5.976122e+01 -1.600350e+01
     vertex  1.579181e+02  6.019177e+01 -1.600350e+01
   endloop
 endfacet
 facet normal  6.427051e-15 -8.160429e-16 -1.000000e+00
   outer loop
     vertex  1.643458e+02  6.292610e+01 -1.600350e+01
     vertex  1.579181e+02  6.019177e+01 -1.600350e+01
     vertex  1.574056e+02  6.050888e+01 -1.600350e+01
   endloop
 endfacet
 facet normal  6.169742e-15 -7.727214e-17 -1.000000e+00
   outer loop
     vertex  1.643458e+02  6.292610e+01 -1.600350e+01
     vertex  1.574056e+02  6.050888e+01 -1.600350e+01
     vertex  1.568321e+02  6.069412e+01 -1.600350e+01
   endloop
 endfacet
 facet normal  2.985029e-15  9.241541e-15 -1.000000e+00
   outer loop
     vertex  1.728490e+02  7.815572e+01 -1.600350e+01
     vertex  1.656833e+02  7.585712e+01 -1.600350e+01
     vertex  1.723673e+02  7.831132e+01 -1.600350e+01
   endloop
 endfacet
 facet normal  5.310665e-15  2.269950e-15 -1.000000e+00
   outer loop
     vertex  1.645659e+02  6.241133e+01 -1.600350e+01
     vertex  1.583399e+02  5.976122e+01 -1.600350e+01
     vertex  1.643458e+02  6.292610e+01 -1.600350e+01
   endloop
 endfacet
 facet normal  7.344769e-15 -2.508844e-15 -1.000000e+00
   outer loop
     vertex  1.645659e+02  6.241133e+01 -1.600350e+01
     vertex  1.586463e+02  5.924225e+01 -1.600350e+01
     vertex  1.583399e+02  5.976122e+01 -1.600350e+01
   endloop
 endfacet
 facet normal  6.034943e-15  1.812276e-15 -1.000000e+00
   outer loop
     vertex  1.648949e+02  6.195843e+01 -1.600350e+01
     vertex  1.588196e+02  5.866503e+01 -1.600350e+01
     vertex  1.586463e+02  5.924225e+01 -1.600350e+01
   endloop
 endfacet
 facet normal  1.036789e-14 -8.155775e-15 -1.000000e+00
   outer loop
     vertex  1.648949e+02  6.195843e+01 -1.600350e+01
     vertex  1.586463e+02  5.924225e+01 -1.600350e+01
     vertex  1.645659e+02  6.241133e+01 -1.600350e+01
   endloop
 endfacet
 facet normal  1.103692e-15  1.090891e-14 -1.000000e+00
   outer loop
     vertex  1.653165e+02  6.159010e+01 -1.600350e+01
     vertex  1.588196e+02  5.866503e+01 -1.600350e+01
     vertex  1.648949e+02  6.195843e+01 -1.600350e+01
   endloop
 endfacet
 facet normal  3.283750e-15  6.066772e-15 -1.000000e+00
   outer loop
     vertex  1.653165e+02  6.159010e+01 -1.600350e+01
     vertex  1.588498e+02  5.806311e+01 -1.600350e+01
     vertex  1.588196e+02  5.866503e+01 -1.600350e+01
   endloop
 endfacet
 facet normal  6.901680e-15 -5.666716e-16 -1.000000e+00
   outer loop
     vertex  1.658095e+02  6.132483e+01 -1.600350e+01
     vertex  1.588498e+02  5.806311e+01 -1.600350e+01
     vertex  1.653165e+02  6.159010e+01 -1.600350e+01
   endloop
 endfacet
 facet normal  7.299694e-15 -1.415935e-15 -1.000000e+00
   outer loop
     vertex  1.658095e+02  6.132483e+01 -1.600350e+01
     vertex  1.587350e+02  5.747145e+01 -1.600350e+01
     vertex  1.588498e+02  5.806311e+01 -1.600350e+01
   endloop
 endfacet
 facet normal  3.749670e-15  4.760462e-15 -1.000000e+00
   outer loop
     vertex  1.663492e+02  6.117590e+01 -1.600350e+01
     vertex  1.584820e+02  5.692445e+01 -1.600350e+01
     vertex  1.587350e+02  5.747145e+01 -1.600350e+01
   endloop
 endfacet
 facet normal  2.195389e-15  7.955127e-15 -1.000000e+00
   outer loop
     vertex  1.663492e+02  6.117590e+01 -1.600350e+01
     vertex  1.587350e+02  5.747145e+01 -1.600350e+01
     vertex  1.658095e+02  6.132483e+01 -1.600350e+01
   endloop
 endfacet
 facet normal  7.100553e-15  9.212322e-16 -1.000000e+00
   outer loop
     vertex  1.691346e+02  6.436414e+01 -1.600350e+01
     vertex  1.728490e+02  7.815572e+01 -1.600350e+01
     vertex  1.733540e+02  7.811992e+01 -1.600350e+01
   endloop
 endfacet
 facet normal  6.954682e-15  9.659768e-16 -1.000000e+00
   outer loop
     vertex  1.691346e+02  6.436414e+01 -1.600350e+01
     vertex  1.733540e+02  7.811992e+01 -1.600350e+01
     vertex  1.738529e+02  7.820602e+01 -1.600350e+01
   endloop
 endfacet
 facet normal  7.287197e-15  8.526316e-16 -1.000000e+00
   outer loop
     vertex  1.691346e+02  6.436414e+01 -1.600350e+01
     vertex  1.738529e+02  7.820602e+01 -1.600350e+01
     vertex  1.743167e+02  7.840901e+01 -1.600350e+01
   endloop
 endfacet
 facet normal  2.087948e-14 -4.162471e-15 -1.000000e+00
   outer loop
     vertex  1.691346e+02  6.436414e+01 -1.600350e+01
     vertex  1.743167e+02  7.840901e+01 -1.600350e+01
     vertex  1.747184e+02  7.871708e+01 -1.600350e+01
   endloop
 endfacet
 facet normal  5.517188e-15  1.347675e-15 -1.000000e+00
   outer loop
     vertex  1.691346e+02  6.436414e+01 -1.600350e+01
     vertex  1.656833e+02  7.585712e+01 -1.600350e+01
     vertex  1.728490e+02  7.815572e+01 -1.600350e+01
   endloop
 endfacet
 facet normal  6.941744e-15  1.259813e-15 -1.000000e+00
   outer loop
     vertex  1.692345e+02  6.381332e+01 -1.600350e+01
     vertex  1.691346e+02  6.436414e+01 -1.600350e+01
     vertex  1.747184e+02  7.871708e+01 -1.600350e+01
   endloop
 endfacet
 facet normal  6.027558e-15  1.663975e-15 -1.000000e+00
   outer loop
     vertex  1.641773e+02  4.067511e+01 -1.600350e+01
     vertex  1.558800e+02  5.578561e+01 -1.600350e+01
     vertex  1.564812e+02  5.574300e+01 -1.600350e+01
   endloop
 endfacet
 facet normal  1.626819e-15 -7.525091e-16 -1.000000e+00
   outer loop
     vertex  1.640154e+02  4.032504e+01 -1.600350e+01
     vertex  1.558800e+02  5.578561e+01 -1.600350e+01
     vertex  1.641773e+02  4.067511e+01 -1.600350e+01
   endloop
 endfacet
 facet normal  5.661767e-15  1.370685e-15 -1.000000e+00
   outer loop
     vertex  1.640154e+02  4.032504e+01 -1.600350e+01
     vertex  1.430090e+02  4.156079e+01 -1.600350e+01
     vertex  1.558800e+02  5.578561e+01 -1.600350e+01
   endloop
 endfacet
 facet normal  1.007722e-14  3.732398e-15 -1.000000e+00
   outer loop
     vertex  1.644183e+02  4.097627e+01 -1.600350e+01
     vertex  1.641773e+02  4.067511e+01 -1.600350e+01
     vertex  1.564812e+02  5.574300e+01 -1.600350e+01
   endloop
 endfacet
 facet normal  5.740145e-15  1.401212e-15 -1.000000e+00
   outer loop
     vertex  1.644183e+02  4.097627e+01 -1.600350e+01
     vertex  1.564812e+02  5.574300e+01 -1.600350e+01
     vertex  1.570751e+02  5.584549e+01 -1.600350e+01
   endloop
 endfacet
 facet normal  5.555923e-15  1.619823e-15 -1.000000e+00
   outer loop
     vertex  1.639419e+02  3.994638e+01 -1.600350e+01
     vertex  1.431417e+02  3.891231e+01 -1.600350e+01
     vertex  1.430090e+02  4.156079e+01 -1.600350e+01
   endloop
 endfacet
 facet normal  6.063879e-15  8.206120e-15 -1.000000e+00
   outer loop
     vertex  1.639419e+02  3.994638e+01 -1.600350e+01
     vertex  1.430090e+02  4.156079e+01 -1.600350e+01
     vertex  1.640154e+02  4.032504e+01 -1.600350e+01
   endloop
 endfacet
 facet normal  5.755534e-15  1.551783e-15 -1.000000e+00
   outer loop
     vertex  1.647244e+02  4.121099e+01 -1.600350e+01
     vertex  1.570751e+02  5.584549e+01 -1.600350e+01
     vertex  1.576272e+02  5.608714e+01 -1.600350e+01
   endloop
 endfacet
 facet normal  7.973971e-16 -1.039786e-15 -1.000000e+00
   outer loop
     vertex  1.647244e+02  4.121099e+01 -1.600350e+01
     vertex  1.644183e+02  4.097627e+01 -1.600350e+01
     vertex  1.570751e+02  5.584549e+01 -1.600350e+01
   endloop
 endfacet
 facet normal  5.622445e-15  2.817424e-16 -1.000000e+00
   outer loop
     vertex  1.639612e+02  3.956114e+01 -1.600350e+01
     vertex  1.431417e+02  3.891231e+01 -1.600350e+01
     vertex  1.639419e+02  3.994638e+01 -1.600350e+01
   endloop
 endfacet
 facet normal  8.749824e-15  2.980314e-15 -1.000000e+00
   outer loop
     vertex  1.650777e+02  4.136565e+01 -1.600350e+01
     vertex  1.647244e+02  4.121099e+01 -1.600350e+01
     vertex  1.576272e+02  5.608714e+01 -1.600350e+01
   endloop
 endfacet
 facet normal  5.579390e-15  1.647164e-15 -1.000000e+00
   outer loop
     vertex  1.640722e+02  3.919172e+01 -1.600350e+01
     vertex  1.426367e+02  3.630902e+01 -1.600350e+01
     vertex  1.431417e+02  3.891231e+01 -1.600350e+01
   endloop
 endfacet
 facet normal  5.579013e-15  1.675362e-15 -1.000000e+00
   outer loop
     vertex  1.640722e+02  3.919172e+01 -1.600350e+01
     vertex  1.431417e+02  3.891231e+01 -1.600350e+01
     vertex  1.639612e+02  3.956114e+01 -1.600350e+01
   endloop
 endfacet
 facet normal  8.039496e-15 -1.664592e-14 -1.000000e+00
   outer loop
     vertex  1.642683e+02  3.885959e+01 -1.600350e+01
     vertex  1.426367e+02  3.630902e+01 -1.600350e+01
     vertex  1.640722e+02  3.919172e+01 -1.600350e+01
   endloop
 endfacet
 facet normal  6.059161e-15  1.494852e-16 -1.000000e+00
   outer loop
     vertex  1.642683e+02  3.885959e+01 -1.600350e+01
     vertex  1.415234e+02  3.390223e+01 -1.600350e+01
     vertex  1.426367e+02  3.630902e+01 -1.600350e+01
   endloop
 endfacet
 facet normal  2.704280e-15  1.554203e-14 -1.000000e+00
   outer loop
     vertex  1.645382e+02  3.858403e+01 -1.600350e+01
     vertex  1.415234e+02  3.390223e+01 -1.600350e+01
     vertex  1.642683e+02  3.885959e+01 -1.600350e+01
   endloop
 endfacet
 facet normal  4.414541e-15  7.134744e-15 -1.000000e+00
   outer loop
     vertex  1.648662e+02  3.838108e+01 -1.600350e+01
     vertex  1.415234e+02  3.390223e+01 -1.600350e+01
     vertex  1.645382e+02  3.858403e+01 -1.600350e+01
   endloop
 endfacet
 facet normal  5.276812e-15  2.640784e-15 -1.000000e+00
   outer loop
     vertex  1.648662e+02  3.838108e+01 -1.600350e+01
     vertex  1.398665e+02  3.183180e+01 -1.600350e+01
     vertex  1.415234e+02  3.390223e+01 -1.600350e+01
   endloop
 endfacet
 facet normal  2.827870e-15 -2.263101e-15 -1.000000e+00
   outer loop
     vertex  1.709282e+02  4.735912e+01 -1.600350e+01
     vertex  1.581054e+02  5.645390e+01 -1.600350e+01
     vertex  1.584820e+02  5.692445e+01 -1.600350e+01
   endloop
 endfacet
 facet normal  5.529957e-15  1.350740e-15 -1.000000e+00
   outer loop
     vertex  1.707662e+02  4.700904e+01 -1.600350e+01
     vertex  1.650777e+02  4.136565e+01 -1.600350e+01
     vertex  1.576272e+02  5.608714e+01 -1.600350e+01
   endloop
 endfacet
 facet normal  5.938908e-15  1.942629e-15 -1.000000e+00
   outer loop
     vertex  1.707662e+02  4.700904e+01 -1.600350e+01
     vertex  1.576272e+02  5.608714e+01 -1.600350e+01
     vertex  1.581054e+02  5.645390e+01 -1.600350e+01
   endloop
 endfacet
 facet normal  3.337908e-15 -1.543999e-15 -1.000000e+00
   outer loop
     vertex  1.707662e+02  4.700904e+01 -1.600350e+01
     vertex  1.581054e+02  5.645390e+01 -1.600350e+01
     vertex  1.709282e+02  4.735912e+01 -1.600350e+01
   endloop
 endfacet
 facet normal  8.441615e-15  5.041350e-15 -1.000000e+00
   outer loop
     vertex  1.711692e+02  4.766027e+01 -1.600350e+01
     vertex  1.709282e+02  4.735912e+01 -1.600350e+01
     vertex  1.584820e+02  5.692445e+01 -1.600350e+01
   endloop
 endfacet
 facet normal  6.419930e-15  1.500936e-15 -1.000000e+00
   outer loop
     vertex  1.711692e+02  4.766027e+01 -1.600350e+01
     vertex  1.663492e+02  6.117590e+01 -1.600350e+01
     vertex  1.669084e+02  6.115079e+01 -1.600350e+01
   endloop
 endfacet
 facet normal  5.657982e-15  1.229205e-15 -1.000000e+00
   outer loop
     vertex  1.711692e+02  4.766027e+01 -1.600350e+01
     vertex  1.584820e+02  5.692445e+01 -1.600350e+01
     vertex  1.663492e+02  6.117590e+01 -1.600350e+01
   endloop
 endfacet
 facet normal  8.507029e-15 -1.650124e-15 -1.000000e+00
   outer loop
     vertex  1.706928e+02  4.663038e+01 -1.600350e+01
     vertex  1.650777e+02  4.136565e+01 -1.600350e+01
     vertex  1.707662e+02  4.700904e+01 -1.600350e+01
   endloop
 endfacet
 facet normal -1.570067e-15  9.097493e-15 -1.000000e+00
   outer loop
     vertex  1.706928e+02  4.663038e+01 -1.600350e+01
     vertex  1.654578e+02  4.143125e+01 -1.600350e+01
     vertex  1.650777e+02  4.136565e+01 -1.600350e+01
   endloop
 endfacet
 facet normal  3.251605e-16 -4.240011e-16 -1.000000e+00
   outer loop
     vertex  1.714753e+02  4.789499e+01 -1.600350e+01
     vertex  1.711692e+02  4.766027e+01 -1.600350e+01
     vertex  1.669084e+02  6.115079e+01 -1.600350e+01
   endloop
 endfacet
 facet normal  6.161824e-15  1.586827e-15 -1.000000e+00
   outer loop
     vertex  1.714753e+02  4.789499e+01 -1.600350e+01
     vertex  1.669084e+02  6.115079e+01 -1.600350e+01
     vertex  1.674592e+02  6.125075e+01 -1.600350e+01
   endloop
 endfacet
 facet normal  1.583620e-14 -8.428665e-15 -1.000000e+00
   outer loop
     vertex  1.707121e+02  4.624514e+01 -1.600350e+01
     vertex  1.654578e+02  4.143125e+01 -1.600350e+01
     vertex  1.706928e+02  4.663038e+01 -1.600350e+01
   endloop
 endfacet
 facet normal  9.153359e-15 -1.134514e-15 -1.000000e+00
   outer loop
     vertex  1.707121e+02  4.624514e+01 -1.600350e+01
     vertex  1.658426e+02  4.140398e+01 -1.600350e+01
     vertex  1.654578e+02  4.143125e+01 -1.600350e+01
   endloop
 endfacet
 facet normal  8.987802e-15  2.436587e-15 -1.000000e+00
   outer loop
     vertex  1.718286e+02  4.804965e+01 -1.600350e+01
     vertex  1.714753e+02  4.789499e+01 -1.600350e+01
     vertex  1.674592e+02  6.125075e+01 -1.600350e+01
   endloop
 endfacet
 facet normal  6.247728e-15  1.529662e-15 -1.000000e+00
   outer loop
     vertex  1.718286e+02  4.804965e+01 -1.600350e+01
     vertex  1.674592e+02  6.125075e+01 -1.600350e+01
     vertex  1.679740e+02  6.147078e+01 -1.600350e+01
   endloop
 endfacet
 facet normal -1.182564e-15  9.261883e-15 -1.000000e+00
   outer loop
     vertex  1.708230e+02  4.587572e+01 -1.600350e+01
     vertex  1.658426e+02  4.140398e+01 -1.600350e+01
     vertex  1.707121e+02  4.624514e+01 -1.600350e+01
   endloop
 endfacet
 facet normal  1.612408e-14 -1.001347e-14 -1.000000e+00
   outer loop
     vertex  1.708230e+02  4.587572e+01 -1.600350e+01
     vertex  1.662096e+02  4.128542e+01 -1.600350e+01
     vertex  1.658426e+02  4.140398e+01 -1.600350e+01
   endloop
 endfacet
 facet normal  8.948945e-15  2.305463e-15 -1.000000e+00
   outer loop
     vertex  1.722087e+02  4.811525e+01 -1.600350e+01
     vertex  1.718286e+02  4.804965e+01 -1.600350e+01
     vertex  1.679740e+02  6.147078e+01 -1.600350e+01
   endloop
 endfacet
 facet normal  6.689733e-15  1.589124e-15 -1.000000e+00
   outer loop
     vertex  1.722087e+02  4.811525e+01 -1.600350e+01
     vertex  1.679740e+02  6.147078e+01 -1.600350e+01
     vertex  1.684269e+02  6.179984e+01 -1.600350e+01
   endloop
 endfacet
 facet normal  3.880696e-15  2.291475e-15 -1.000000e+00
   outer loop
     vertex  1.710191e+02  4.554359e+01 -1.600350e+01
     vertex  1.662096e+02  4.128542e+01 -1.600350e+01
     vertex  1.708230e+02  4.587572e+01 -1.600350e+01
   endloop
 endfacet
 facet normal -3.944634e-15  1.113001e-14 -1.000000e+00
   outer loop
     vertex  1.710191e+02  4.554359e+01 -1.600350e+01
     vertex  1.665376e+02  4.108247e+01 -1.600350e+01
     vertex  1.662096e+02  4.128542e+01 -1.600350e+01
   endloop
 endfacet
 facet normal -1.876921e-17 -2.648011e-16 -1.000000e+00
   outer loop
     vertex  1.725935e+02  4.808798e+01 -1.600350e+01
     vertex  1.722087e+02  4.811525e+01 -1.600350e+01
     vertex  1.684269e+02  6.179984e+01 -1.600350e+01
   endloop
 endfacet
 facet normal  7.376549e-15  1.982375e-15 -1.000000e+00
   outer loop
     vertex  1.725935e+02  4.808798e+01 -1.600350e+01
     vertex  1.684269e+02  6.179984e+01 -1.600350e+01
     vertex  1.687952e+02  6.222143e+01 -1.600350e+01
   endloop
 endfacet
 facet normal  3.612423e-15  3.538431e-15 -1.000000e+00
   outer loop
     vertex  1.712891e+02  4.526804e+01 -1.600350e+01
     vertex  1.665376e+02  4.108247e+01 -1.600350e+01
     vertex  1.710191e+02  4.554359e+01 -1.600350e+01
   endloop
 endfacet
 facet normal  3.612423e-15  3.538431e-15 -1.000000e+00
   outer loop
     vertex  1.712891e+02  4.526804e+01 -1.600350e+01
     vertex  1.668076e+02  4.080692e+01 -1.600350e+01
     vertex  1.665376e+02  4.108247e+01 -1.600350e+01
   endloop
 endfacet
 facet normal  3.002017e-16 -1.615415e-16 -1.000000e+00
   outer loop
     vertex  1.729605e+02  4.796942e+01 -1.600350e+01
     vertex  1.687952e+02  6.222143e+01 -1.600350e+01
     vertex  1.690605e+02  6.271441e+01 -1.600350e+01
   endloop
 endfacet
 facet normal  1.059927e-14  2.848450e-15 -1.000000e+00
   outer loop
     vertex  1.729605e+02  4.796942e+01 -1.600350e+01
     vertex  1.725935e+02  4.808798e+01 -1.600350e+01
     vertex  1.687952e+02  6.222143e+01 -1.600350e+01
   endloop
 endfacet
 facet normal  2.734839e-15  4.420024e-15 -1.000000e+00
   outer loop
     vertex  1.716171e+02  4.506509e+01 -1.600350e+01
     vertex  1.668076e+02  4.080692e+01 -1.600350e+01
     vertex  1.712891e+02  4.526804e+01 -1.600350e+01
   endloop
 endfacet
 facet normal  4.365783e-15  2.577909e-15 -1.000000e+00
   outer loop
     vertex  1.716171e+02  4.506509e+01 -1.600350e+01
     vertex  1.670037e+02  4.047478e+01 -1.600350e+01
     vertex  1.668076e+02  4.080692e+01 -1.600350e+01
   endloop
 endfacet
 facet normal  1.220616e-14  3.214820e-15 -1.000000e+00
   outer loop
     vertex  1.732885e+02  4.776647e+01 -1.600350e+01
     vertex  1.690605e+02  6.271441e+01 -1.600350e+01
     vertex  1.692094e+02  6.325406e+01 -1.600350e+01
   endloop
 endfacet
 facet normal -1.782530e-16 -2.880910e-16 -1.000000e+00
   outer loop
     vertex  1.732885e+02  4.776647e+01 -1.600350e+01
     vertex  1.729605e+02  4.796942e+01 -1.600350e+01
     vertex  1.690605e+02  6.271441e+01 -1.600350e+01
   endloop
 endfacet
 facet normal  9.005666e-15 -2.085302e-15 -1.000000e+00
   outer loop
     vertex  1.719841e+02  4.494653e+01 -1.600350e+01
     vertex  1.670037e+02  4.047478e+01 -1.600350e+01
     vertex  1.716171e+02  4.506509e+01 -1.600350e+01
   endloop
 endfacet
 facet normal  5.618464e-15  1.687209e-15 -1.000000e+00
   outer loop
     vertex  1.719841e+02  4.494653e+01 -1.600350e+01
     vertex  1.671146e+02  4.010536e+01 -1.600350e+01
     vertex  1.670037e+02  4.047478e+01 -1.600350e+01
   endloop
 endfacet
 facet normal  9.104805e-15 -1.819530e-15 -1.000000e+00
   outer loop
     vertex  1.723689e+02  4.491926e+01 -1.600350e+01
     vertex  1.671146e+02  4.010536e+01 -1.600350e+01
     vertex  1.719841e+02  4.494653e+01 -1.600350e+01
   endloop
 endfacet
 facet normal  7.111283e-15  3.563486e-16 -1.000000e+00
   outer loop
     vertex  1.723689e+02  4.491926e+01 -1.600350e+01
     vertex  1.671339e+02  3.972013e+01 -1.600350e+01
     vertex  1.671146e+02  4.010536e+01 -1.600350e+01
   endloop
 endfacet
 facet normal  1.110551e-14 -7.871386e-15 -1.000000e+00
   outer loop
     vertex  2.071498e+02  1.029270e+02 -1.600350e+01
     vertex  1.726449e+02  8.222856e+01 -1.600350e+01
     vertex  1.721812e+02  8.202558e+01 -1.600350e+01
   endloop
 endfacet
 facet normal  4.669467e-15  2.757229e-15 -1.000000e+00
   outer loop
     vertex  2.071498e+02  1.029270e+02 -1.600350e+01
     vertex  1.751727e+02  8.105930e+01 -1.600350e+01
     vertex  1.749153e+02  8.149523e+01 -1.600350e+01
   endloop
 endfacet
 facet normal  7.893357e-15 -2.091661e-15 -1.000000e+00
   outer loop
     vertex  2.071498e+02  1.029270e+02 -1.600350e+01
     vertex  1.749153e+02  8.149523e+01 -1.600350e+01
     vertex  1.745611e+02  8.185689e+01 -1.600350e+01
   endloop
 endfacet
 facet normal  3.198622e-15  5.169586e-15 -1.000000e+00
   outer loop
     vertex  2.071498e+02  1.029270e+02 -1.600350e+01
     vertex  1.745611e+02  8.185689e+01 -1.600350e+01
     vertex  1.741305e+02  8.212326e+01 -1.600350e+01
   endloop
 endfacet
 facet normal  7.063209e-15 -9.641942e-16 -1.000000e+00
   outer loop
     vertex  2.071498e+02  1.029270e+02 -1.600350e+01
     vertex  1.741305e+02  8.212326e+01 -1.600350e+01
     vertex  1.736488e+02  8.227887e+01 -1.600350e+01
   endloop
 endfacet
 facet normal  6.976846e-15 -8.240730e-16 -1.000000e+00
   outer loop
     vertex  2.071498e+02  1.029270e+02 -1.600350e+01
     vertex  1.736488e+02  8.227887e+01 -1.600350e+01
     vertex  1.731438e+02  8.231466e+01 -1.600350e+01
   endloop
 endfacet
 facet normal -2.578380e-15  1.494000e-14 -1.000000e+00
   outer loop
     vertex  2.071498e+02  1.029270e+02 -1.600350e+01
     vertex  1.731438e+02  8.231466e+01 -1.600350e+01
     vertex  1.726449e+02  8.222856e+01 -1.600350e+01
   endloop
 endfacet
 facet normal  2.200487e-15 -2.869380e-15 -1.000000e+00
   outer loop
     vertex  1.742499e+02  3.213126e+01 -1.600350e+01
     vertex  1.663515e+02  3.845551e+01 -1.600350e+01
     vertex  1.666575e+02  3.869024e+01 -1.600350e+01
   endloop
 endfacet
 facet normal  3.049364e-15 -1.886759e-15 -1.000000e+00
   outer loop
     vertex  1.745670e+02  3.264377e+01 -1.600350e+01
     vertex  1.742499e+02  3.213126e+01 -1.600350e+01
     vertex  1.666575e+02  3.869024e+01 -1.600350e+01
   endloop
 endfacet
 facet normal  8.382047e-15  5.089021e-15 -1.000000e+00
   outer loop
     vertex  1.745670e+02  3.264377e+01 -1.600350e+01
     vertex  1.666575e+02  3.869024e+01 -1.600350e+01
     vertex  1.668985e+02  3.899139e+01 -1.600350e+01
   endloop
 endfacet
 facet normal  8.112613e-15  4.436205e-15 -1.000000e+00
   outer loop
     vertex  1.740647e+02  3.155775e+01 -1.600350e+01
     vertex  1.659981e+02  3.830085e+01 -1.600350e+01
     vertex  1.663515e+02  3.845551e+01 -1.600350e+01
   endloop
 endfacet
 facet normal  7.514587e-15  3.767480e-15 -1.000000e+00
   outer loop
     vertex  1.740647e+02  3.155775e+01 -1.600350e+01
     vertex  1.663515e+02  3.845551e+01 -1.600350e+01
     vertex  1.742499e+02  3.213126e+01 -1.600350e+01
   endloop
 endfacet
 facet normal  6.039207e-15  2.258664e-15 -1.000000e+00
   outer loop
     vertex  1.749976e+02  3.306550e+01 -1.600350e+01
     vertex  1.745670e+02  3.264377e+01 -1.600350e+01
     vertex  1.668985e+02  3.899139e+01 -1.600350e+01
   endloop
 endfacet
 facet normal  3.277369e-15 -1.515995e-15 -1.000000e+00
   outer loop
     vertex  1.749976e+02  3.306550e+01 -1.600350e+01
     vertex  1.668985e+02  3.899139e+01 -1.600350e+01
     vertex  1.670605e+02  3.934147e+01 -1.600350e+01
   endloop
 endfacet
 facet normal  4.157885e-15 -2.947126e-16 -1.000000e+00
   outer loop
     vertex  1.740221e+02  3.095657e+01 -1.600350e+01
     vertex  1.659981e+02  3.830085e+01 -1.600350e+01
     vertex  1.740647e+02  3.155775e+01 -1.600350e+01
   endloop
 endfacet
 facet normal  8.566439e-15  4.521830e-15 -1.000000e+00
   outer loop
     vertex  1.740221e+02  3.095657e+01 -1.600350e+01
     vertex  1.656180e+02  3.823526e+01 -1.600350e+01
     vertex  1.659981e+02  3.830085e+01 -1.600350e+01
   endloop
 endfacet
 facet normal  0.000000e+00  0.000000e+00 -1.000000e+00
   outer loop
     vertex  1.755165e+02  3.337194e+01 -1.600350e+01
     vertex  1.723689e+02  4.491926e+01 -1.600350e+01
     vertex  1.727490e+02  4.498486e+01 -1.600350e+01
   endloop
 endfacet
 facet normal  5.874756e-15  1.601392e-15 -1.000000e+00
   outer loop
     vertex  1.755165e+02  3.337194e+01 -1.600350e+01
     vertex  1.671339e+02  3.972013e+01 -1.600350e+01
     vertex  1.723689e+02  4.491926e+01 -1.600350e+01
   endloop
 endfacet
 facet normal  5.832705e-15  1.715690e-15 -1.000000e+00
   outer loop
     vertex  1.755165e+02  3.337194e+01 -1.600350e+01
     vertex  1.749976e+02  3.306550e+01 -1.600350e+01
     vertex  1.670605e+02  3.934147e+01 -1.600350e+01
   endloop
 endfacet
 facet normal  4.064898e-15 -7.884755e-16 -1.000000e+00
   outer loop
     vertex  1.755165e+02  3.337194e+01 -1.600350e+01
     vertex  1.670605e+02  3.934147e+01 -1.600350e+01
     vertex  1.671339e+02  3.972013e+01 -1.600350e+01
   endloop
 endfacet
 facet normal  5.467333e-15  9.435653e-16 -1.000000e+00
   outer loop
     vertex  1.741245e+02  3.036267e+01 -1.600350e+01
     vertex  1.656180e+02  3.823526e+01 -1.600350e+01
     vertex  1.740221e+02  3.095657e+01 -1.600350e+01
   endloop
 endfacet
 facet normal -3.810362e-16 -5.375763e-15 -1.000000e+00
   outer loop
     vertex  1.741245e+02  3.036267e+01 -1.600350e+01
     vertex  1.652332e+02  3.826253e+01 -1.600350e+01
     vertex  1.656180e+02  3.823526e+01 -1.600350e+01
   endloop
 endfacet
 facet normal  9.034065e-15  2.330884e-15 -1.000000e+00
   outer loop
     vertex  1.760937e+02  3.354527e+01 -1.600350e+01
     vertex  1.727490e+02  4.498486e+01 -1.600350e+01
     vertex  1.731023e+02  4.513951e+01 -1.600350e+01
   endloop
 endfacet
 facet normal  5.743818e-15  1.368857e-15 -1.000000e+00
   outer loop
     vertex  1.760937e+02  3.354527e+01 -1.600350e+01
     vertex  1.755165e+02  3.337194e+01 -1.600350e+01
     vertex  1.727490e+02  4.498486e+01 -1.600350e+01
   endloop
 endfacet
 facet normal  1.902632e-16 -2.480984e-16 -1.000000e+00
   outer loop
     vertex  1.766957e+02  3.357544e+01 -1.600350e+01
     vertex  1.731023e+02  4.513951e+01 -1.600350e+01
     vertex  1.734084e+02  4.537424e+01 -1.600350e+01
   endloop
 endfacet
 facet normal  5.826887e-15  1.503398e-15 -1.000000e+00
   outer loop
     vertex  1.766957e+02  3.357544e+01 -1.600350e+01
     vertex  1.760937e+02  3.354527e+01 -1.600350e+01
     vertex  1.731023e+02  4.513951e+01 -1.600350e+01
   endloop
 endfacet
 facet normal  1.100784e-14  2.987636e-15 -1.000000e+00
   outer loop
     vertex  1.772873e+02  3.346067e+01 -1.600350e+01
     vertex  1.734084e+02  4.537424e+01 -1.600350e+01
     vertex  1.736494e+02  4.567539e+01 -1.600350e+01
   endloop
 endfacet
 facet normal  6.286006e-15  1.450249e-15 -1.000000e+00
   outer loop
     vertex  1.772873e+02  3.346067e+01 -1.600350e+01
     vertex  1.766957e+02  3.357544e+01 -1.600350e+01
     vertex  1.734084e+02  4.537424e+01 -1.600350e+01
   endloop
 endfacet
 facet normal  7.139647e-16 -3.302549e-16 -1.000000e+00
   outer loop
     vertex  1.778343e+02  3.320765e+01 -1.600350e+01
     vertex  1.736494e+02  4.567539e+01 -1.600350e+01
     vertex  1.738113e+02  4.602547e+01 -1.600350e+01
   endloop
 endfacet
 facet normal  7.376643e-15  1.906147e-15 -1.000000e+00
   outer loop
     vertex  1.778343e+02  3.320765e+01 -1.600350e+01
     vertex  1.772873e+02  3.346067e+01 -1.600350e+01
     vertex  1.736494e+02  4.567539e+01 -1.600350e+01
   endloop
 endfacet
 facet normal  1.855972e-14  5.782278e-15 -1.000000e+00
   outer loop
     vertex  1.783049e+02  3.283108e+01 -1.600350e+01
     vertex  1.738113e+02  4.602547e+01 -1.600350e+01
     vertex  1.738848e+02  4.640413e+01 -1.600350e+01
   endloop
 endfacet
 facet normal -5.924362e-16 -7.402819e-16 -1.000000e+00
   outer loop
     vertex  1.783049e+02  3.283108e+01 -1.600350e+01
     vertex  1.778343e+02  3.320765e+01 -1.600350e+01
     vertex  1.738113e+02  4.602547e+01 -1.600350e+01
   endloop
 endfacet
 facet normal  5.994763e-15  1.800210e-15 -1.000000e+00
   outer loop
     vertex  1.752750e+02  2.653168e+01 -1.600350e+01
     vertex  1.652332e+02  3.826253e+01 -1.600350e+01
     vertex  1.741245e+02  3.036267e+01 -1.600350e+01
   endloop
 endfacet
 facet normal  5.618276e-15  1.337355e-15 -1.000000e+00
   outer loop
     vertex  1.752750e+02  2.653168e+01 -1.600350e+01
     vertex  1.398665e+02  3.183180e+01 -1.600350e+01
     vertex  1.648662e+02  3.838108e+01 -1.600350e+01
   endloop
 endfacet
 facet normal  1.189094e-14  6.847405e-15 -1.000000e+00
   outer loop
     vertex  1.752750e+02  2.653168e+01 -1.600350e+01
     vertex  1.648662e+02  3.838108e+01 -1.600350e+01
     vertex  1.652332e+02  3.826253e+01 -1.600350e+01
   endloop
 endfacet
 facet normal  5.788440e-15  2.474167e-15 -1.000000e+00
   outer loop
     vertex  1.754950e+02  2.601691e+01 -1.600350e+01
     vertex  1.398665e+02  3.183180e+01 -1.600350e+01
     vertex  1.752750e+02  2.653168e+01 -1.600350e+01
   endloop
 endfacet
 facet normal  5.597971e-15  1.506583e-15 -1.000000e+00
   outer loop
     vertex  1.758241e+02  2.556401e+01 -1.600350e+01
     vertex  1.377622e+02  3.021807e+01 -1.600350e+01
     vertex  1.398665e+02  3.183180e+01 -1.600350e+01
   endloop
 endfacet
 facet normal  6.109050e-15  4.438579e-15 -1.000000e+00
   outer loop
     vertex  1.758241e+02  2.556401e+01 -1.600350e+01
     vertex  1.398665e+02  3.183180e+01 -1.600350e+01
     vertex  1.754950e+02  2.601691e+01 -1.600350e+01
   endloop
 endfacet
 facet normal  4.923398e-15 -4.010209e-15 -1.000000e+00
   outer loop
     vertex  1.762457e+02  2.519568e+01 -1.600350e+01
     vertex  1.377622e+02  3.021807e+01 -1.600350e+01
     vertex  1.758241e+02  2.556401e+01 -1.600350e+01
   endloop
 endfacet
 facet normal  5.539323e-15  7.092389e-16 -1.000000e+00
   outer loop
     vertex  1.762457e+02  2.519568e+01 -1.600350e+01
     vertex  1.353329e+02  2.915481e+01 -1.600350e+01
     vertex  1.377622e+02  3.021807e+01 -1.600350e+01
   endloop
 endfacet
 facet normal  5.352722e-15  2.682265e-16 -1.000000e+00
   outer loop
     vertex  2.034848e+02  7.478273e+01 -1.600350e+01
     vertex  1.753437e+02  8.006882e+01 -1.600350e+01
     vertex  1.753183e+02  8.057444e+01 -1.600350e+01
   endloop
 endfacet
 facet normal  5.646212e-15  1.695541e-15 -1.000000e+00
   outer loop
     vertex  2.034848e+02  7.478273e+01 -1.600350e+01
     vertex  1.753183e+02  8.057444e+01 -1.600350e+01
     vertex  1.751727e+02  8.105930e+01 -1.600350e+01
   endloop
 endfacet
 facet normal  4.828824e-15  4.208210e-15 -1.000000e+00
   outer loop
     vertex  1.767386e+02  2.493040e+01 -1.600350e+01
     vertex  9.737226e+01  2.874153e+00 -1.600350e+01
     vertex  9.774058e+01  3.295743e+00 -1.600350e+01
   endloop
 endfacet
 facet normal  5.090064e-15 -3.933300e-15 -1.000000e+00
   outer loop
     vertex  1.767386e+02  2.493040e+01 -1.600350e+01
     vertex  1.353329e+02  2.915481e+01 -1.600350e+01
     vertex  1.762457e+02  2.519568e+01 -1.600350e+01
   endloop
 endfacet
 facet normal  5.624339e-15  1.303421e-15 -1.000000e+00
   outer loop
     vertex  1.767386e+02  2.493040e+01 -1.600350e+01
     vertex  9.774058e+01  3.295743e+00 -1.600350e+01
     vertex  1.353329e+02  2.915481e+01 -1.600350e+01
   endloop
 endfacet
 facet normal  5.519875e-15  1.158087e-15 -1.000000e+00
   outer loop
     vertex  2.017137e+02  7.095374e+01 -1.600350e+01
     vertex  1.753437e+02  8.006882e+01 -1.600350e+01
     vertex  2.034848e+02  7.478273e+01 -1.600350e+01
   endloop
 endfacet
 facet normal  6.621341e-15  4.669257e-15 -1.000000e+00
   outer loop
     vertex  2.017137e+02  7.095374e+01 -1.600350e+01
     vertex  1.750347e+02  7.911235e+01 -1.600350e+01
     vertex  1.752473e+02  7.957182e+01 -1.600350e+01
   endloop
 endfacet
 facet normal  4.797879e-15 -9.306533e-16 -1.000000e+00
   outer loop
     vertex  2.017137e+02  7.095374e+01 -1.600350e+01
     vertex  1.752473e+02  7.957182e+01 -1.600350e+01
     vertex  1.753437e+02  8.006882e+01 -1.600350e+01
   endloop
 endfacet
 facet normal  4.814504e-15  4.170101e-15 -1.000000e+00
   outer loop
     vertex  1.772783e+02  2.478148e+01 -1.600350e+01
     vertex  9.691936e+01  2.545093e+00 -1.600350e+01
     vertex  9.737226e+01  2.874153e+00 -1.600350e+01
   endloop
 endfacet
 facet normal  2.988687e-15  1.082969e-14 -1.000000e+00
   outer loop
     vertex  1.772783e+02  2.478148e+01 -1.600350e+01
     vertex  9.737226e+01  2.874153e+00 -1.600350e+01
     vertex  1.767386e+02  2.493040e+01 -1.600350e+01
   endloop
 endfacet
 facet normal  5.694677e-15  1.914159e-15 -1.000000e+00
   outer loop
     vertex  2.061209e+02  7.807659e+01 -1.600350e+01
     vertex  2.034848e+02  7.478273e+01 -1.600350e+01
     vertex  1.751727e+02  8.105930e+01 -1.600350e+01
   endloop
 endfacet
 facet normal  5.639256e-15  1.339111e-15 -1.000000e+00
   outer loop
     vertex  2.061209e+02  7.807659e+01 -1.600350e+01
     vertex  1.751727e+02  8.105930e+01 -1.600350e+01
     vertex  2.071498e+02  1.029270e+02 -1.600350e+01
   endloop
 endfacet
 facet normal  6.298913e-15 -1.194330e-15 -1.000000e+00
   outer loop
     vertex  1.778376e+02  2.475637e+01 -1.600350e+01
     vertex  9.691936e+01  2.545093e+00 -1.600350e+01
     vertex  1.772783e+02  2.478148e+01 -1.600350e+01
   endloop
 endfacet
 facet normal  5.592582e-15  1.378914e-15 -1.000000e+00
   outer loop
     vertex  1.778376e+02  2.475637e+01 -1.600350e+01
     vertex  7.059712e+01 -1.952041e+01 -1.600350e+01
     vertex  9.691936e+01  2.545093e+00 -1.600350e+01
   endloop
 endfacet
 facet normal  4.854741e-16 -9.376742e-15 -1.000000e+00
   outer loop
     vertex  2.009103e+02  6.681215e+01 -1.600350e+01
     vertex  1.747184e+02  7.871708e+01 -1.600350e+01
     vertex  1.750347e+02  7.911235e+01 -1.600350e+01
   endloop
 endfacet
 facet normal  5.552427e-15  1.771013e-15 -1.000000e+00
   outer loop
     vertex  2.009103e+02  6.681215e+01 -1.600350e+01
     vertex  1.692345e+02  6.381332e+01 -1.600350e+01
     vertex  1.747184e+02  7.871708e+01 -1.600350e+01
   endloop
 endfacet
 facet normal  5.645545e-15  1.478366e-15 -1.000000e+00
   outer loop
     vertex  2.009103e+02  6.681215e+01 -1.600350e+01
     vertex  1.750347e+02  7.911235e+01 -1.600350e+01
     vertex  2.017137e+02  7.095374e+01 -1.600350e+01
   endloop
 endfacet
 facet normal  5.330700e-15  1.351887e-15 -1.000000e+00
   outer loop
     vertex  2.094686e+02  8.064389e+01 -1.600350e+01
     vertex  2.061209e+02  7.807659e+01 -1.600350e+01
     vertex  2.071498e+02  1.029270e+02 -1.600350e+01
   endloop
 endfacet
 facet normal  4.193345e-15  4.107455e-15 -1.000000e+00
   outer loop
     vertex  2.011215e+02  6.259865e+01 -1.600350e+01
     vertex  1.735584e+02  4.749092e+01 -1.600350e+01
     vertex  1.732885e+02  4.776647e+01 -1.600350e+01
   endloop
 endfacet
 facet normal  5.613637e-15  1.124476e-15 -1.000000e+00
   outer loop
     vertex  2.011215e+02  6.259865e+01 -1.600350e+01
     vertex  1.692345e+02  6.381332e+01 -1.600350e+01
     vertex  2.009103e+02  6.681215e+01 -1.600350e+01
   endloop
 endfacet
 facet normal  5.561290e-15 -2.497017e-16 -1.000000e+00
   outer loop
     vertex  2.011215e+02  6.259865e+01 -1.600350e+01
     vertex  1.692094e+02  6.325406e+01 -1.600350e+01
     vertex  1.692345e+02  6.381332e+01 -1.600350e+01
   endloop
 endfacet
 facet normal  5.596693e-15  1.474040e-15 -1.000000e+00
   outer loop
     vertex  2.011215e+02  6.259865e+01 -1.600350e+01
     vertex  1.732885e+02  4.776647e+01 -1.600350e+01
     vertex  1.692094e+02  6.325406e+01 -1.600350e+01
   endloop
 endfacet
 facet normal  5.820707e-15  1.402877e-15 -1.000000e+00
   outer loop
     vertex  2.133334e+02  8.233544e+01 -1.600350e+01
     vertex  2.094686e+02  8.064389e+01 -1.600350e+01
     vertex  2.071498e+02  1.029270e+02 -1.600350e+01
   endloop
 endfacet
 facet normal  5.533847e-15  1.661799e-15 -1.000000e+00
   outer loop
     vertex  2.023348e+02  5.855812e+01 -1.600350e+01
     vertex  1.735584e+02  4.749092e+01 -1.600350e+01
     vertex  2.011215e+02  6.259865e+01 -1.600350e+01
   endloop
 endfacet
 facet normal  5.439503e-15  1.633467e-15 -1.000000e+00
   outer loop
     vertex  2.023348e+02  5.855812e+01 -1.600350e+01
     vertex  1.738655e+02  4.678936e+01 -1.600350e+01
     vertex  1.737545e+02  4.715878e+01 -1.600350e+01
   endloop
 endfacet
 facet normal  8.383036e-15 -5.746523e-15 -1.000000e+00
   outer loop
     vertex  2.023348e+02  5.855812e+01 -1.600350e+01
     vertex  1.737545e+02  4.715878e+01 -1.600350e+01
     vertex  1.735584e+02  4.749092e+01 -1.600350e+01
   endloop
 endfacet
 facet normal  5.504415e-15  1.433977e-15 -1.000000e+00
   outer loop
     vertex  2.174907e+02  8.305292e+01 -1.600350e+01
     vertex  2.071498e+02  1.029270e+02 -1.600350e+01
     vertex  2.164147e+02  1.045260e+02 -1.600350e+01
   endloop
 endfacet
 facet normal  4.931381e-15  1.135815e-15 -1.000000e+00
   outer loop
     vertex  2.174907e+02  8.305292e+01 -1.600350e+01
     vertex  2.133334e+02  8.233544e+01 -1.600350e+01
     vertex  2.071498e+02  1.029270e+02 -1.600350e+01
   endloop
 endfacet
 facet normal  5.840622e-15  2.926753e-16 -1.000000e+00
   outer loop
     vertex  2.044799e+02  5.492538e+01 -1.600350e+01
     vertex  1.738848e+02  4.640413e+01 -1.600350e+01
     vertex  1.738655e+02  4.678936e+01 -1.600350e+01
   endloop
 endfacet
 facet normal  7.926175e-15 -1.350211e-15 -1.000000e+00
   outer loop
     vertex  2.044799e+02  5.492538e+01 -1.600350e+01
     vertex  1.786716e+02  3.235283e+01 -1.600350e+01
     vertex  1.783049e+02  3.283108e+01 -1.600350e+01
   endloop
 endfacet
 facet normal  5.496506e-15  1.528205e-15 -1.000000e+00
   outer loop
     vertex  2.044799e+02  5.492538e+01 -1.600350e+01
     vertex  1.783049e+02  3.283108e+01 -1.600350e+01
     vertex  1.738848e+02  4.640413e+01 -1.600350e+01
   endloop
 endfacet
 facet normal  5.564933e-15  1.330045e-15 -1.000000e+00
   outer loop
     vertex  2.044799e+02  5.492538e+01 -1.600350e+01
     vertex  1.738655e+02  4.678936e+01 -1.600350e+01
     vertex  2.023348e+02  5.855812e+01 -1.600350e+01
   endloop
 endfacet
 facet normal  6.013063e-15  1.459465e-15 -1.000000e+00
   outer loop
     vertex  2.216989e+02  8.275464e+01 -1.600350e+01
     vertex  2.174907e+02  8.305292e+01 -1.600350e+01
     vertex  2.164147e+02  1.045260e+02 -1.600350e+01
   endloop
 endfacet
 facet normal  5.781791e-15  1.403332e-15 -1.000000e+00
   outer loop
     vertex  2.216989e+02  8.275464e+01 -1.600350e+01
     vertex  2.164147e+02  1.045260e+02 -1.600350e+01
     vertex  2.257930e+02  1.038612e+02 -1.600350e+01
   endloop
 endfacet
 facet normal  5.298765e-15  1.653830e-15 -1.000000e+00
   outer loop
     vertex  2.074320e+02  5.191154e+01 -1.600350e+01
     vertex  1.786716e+02  3.235283e+01 -1.600350e+01
     vertex  2.044799e+02  5.492538e+01 -1.600350e+01
   endloop
 endfacet
 facet normal  4.950088e-15  2.166545e-15 -1.000000e+00
   outer loop
     vertex  2.074320e+02  5.191154e+01 -1.600350e+01
     vertex  1.789133e+02  3.180072e+01 -1.600350e+01
     vertex  1.786716e+02  3.235283e+01 -1.600350e+01
   endloop
 endfacet
 facet normal  5.345839e-15  1.605340e-15 -1.000000e+00
   outer loop
     vertex  2.074320e+02  5.191154e+01 -1.600350e+01
     vertex  1.800637e+02  2.796972e+01 -1.600350e+01
     vertex  1.789133e+02  3.180072e+01 -1.600350e+01
   endloop
 endfacet
 facet normal  5.616805e-15  1.407281e-15 -1.000000e+00
   outer loop
     vertex  2.257135e+02  8.145793e+01 -1.600350e+01
     vertex  2.257930e+02  1.038612e+02 -1.600350e+01
     vertex  2.347397e+02  1.009714e+02 -1.600350e+01
   endloop
 endfacet
 facet normal  5.764129e-15  1.406758e-15 -1.000000e+00
   outer loop
     vertex  2.257135e+02  8.145793e+01 -1.600350e+01
     vertex  2.216989e+02  8.275464e+01 -1.600350e+01
     vertex  2.257930e+02  1.038612e+02 -1.600350e+01
   endloop
 endfacet
 facet normal  6.782751e-15 -3.045452e-16 -1.000000e+00
   outer loop
     vertex  2.110196e+02  4.969177e+01 -1.600350e+01
     vertex  1.801386e+02  2.685964e+01 -1.600350e+01
     vertex  1.801637e+02  2.741890e+01 -1.600350e+01
   endloop
 endfacet
 facet normal  5.802752e-15  1.053105e-15 -1.000000e+00
   outer loop
     vertex  2.110196e+02  4.969177e+01 -1.600350e+01
     vertex  1.801637e+02  2.741890e+01 -1.600350e+01
     vertex  1.800637e+02  2.796972e+01 -1.600350e+01
   endloop
 endfacet
 facet normal  5.696601e-15  1.204379e-15 -1.000000e+00
   outer loop
     vertex  2.110196e+02  4.969177e+01 -1.600350e+01
     vertex  1.800637e+02  2.796972e+01 -1.600350e+01
     vertex  2.074320e+02  5.191154e+01 -1.600350e+01
   endloop
 endfacet
 facet normal  5.381620e-15  1.516069e-15 -1.000000e+00
   outer loop
     vertex  2.427349e+02  9.602450e+01 -1.600350e+01
     vertex  2.257135e+02  8.145793e+01 -1.600350e+01
     vertex  2.347397e+02  1.009714e+02 -1.600350e+01
   endloop
 endfacet
 facet normal  6.251095e-15  5.000634e-16 -1.000000e+00
   outer loop
     vertex  2.427349e+02  9.602450e+01 -1.600350e+01
     vertex  2.293011e+02  7.923816e+01 -1.600350e+01
     vertex  2.257135e+02  8.145793e+01 -1.600350e+01
   endloop
 endfacet
 facet normal  5.469323e-15  1.125704e-15 -1.000000e+00
   outer loop
     vertex  2.493139e+02  8.930795e+01 -1.600350e+01
     vertex  2.293011e+02  7.923816e+01 -1.600350e+01
     vertex  2.427349e+02  9.602450e+01 -1.600350e+01
   endloop
 endfacet
 facet normal  5.619124e-15  1.362044e-15 -1.000000e+00
   outer loop
     vertex  2.493139e+02  8.930795e+01 -1.600350e+01
     vertex  2.343982e+02  7.259157e+01 -1.600350e+01
     vertex  2.322532e+02  7.622432e+01 -1.600350e+01
   endloop
 endfacet
 facet normal  4.837696e-15  2.381006e-15 -1.000000e+00
   outer loop
     vertex  2.493139e+02  8.930795e+01 -1.600350e+01
     vertex  2.322532e+02  7.622432e+01 -1.600350e+01
     vertex  2.293011e+02  7.923816e+01 -1.600350e+01
   endloop
 endfacet
 facet normal  5.483830e-15  1.482764e-15 -1.000000e+00
   outer loop
     vertex  2.540943e+02  8.121212e+01 -1.600350e+01
     vertex  2.343982e+02  7.259157e+01 -1.600350e+01
     vertex  2.493139e+02  8.930795e+01 -1.600350e+01
   endloop
 endfacet
 facet normal  5.420383e-15  1.627726e-15 -1.000000e+00
   outer loop
     vertex  2.540943e+02  8.121212e+01 -1.600350e+01
     vertex  2.356116e+02  6.855104e+01 -1.600350e+01
     vertex  2.343982e+02  7.259157e+01 -1.600350e+01
   endloop
 endfacet
 facet normal  5.567564e-15  1.339024e-15 -1.000000e+00
   outer loop
     vertex  2.295833e+02  2.822268e+01 -1.600350e+01
     vertex  1.801386e+02  2.685964e+01 -1.600350e+01
     vertex  2.110196e+02  4.969177e+01 -1.600350e+01
   endloop
 endfacet
 facet normal  5.470274e-15  3.348556e-15 -1.000000e+00
   outer loop
     vertex  2.295833e+02  2.822268e+01 -1.600350e+01
     vertex  1.783884e+02  2.485633e+01 -1.600350e+01
     vertex  1.789031e+02  2.507636e+01 -1.600350e+01
   endloop
 endfacet
 facet normal  5.475774e-15  3.259959e-15 -1.000000e+00
   outer loop
     vertex  2.295833e+02  2.822268e+01 -1.600350e+01
     vertex  1.789031e+02  2.507636e+01 -1.600350e+01
     vertex  1.793560e+02  2.540542e+01 -1.600350e+01
   endloop
 endfacet
 facet normal  5.453182e-15  3.662736e-15 -1.000000e+00
   outer loop
     vertex  2.295833e+02  2.822268e+01 -1.600350e+01
     vertex  1.793560e+02  2.540542e+01 -1.600350e+01
     vertex  1.797244e+02  2.582701e+01 -1.600350e+01
   endloop
 endfacet
 facet normal  5.778582e-15 -3.109512e-15 -1.000000e+00
   outer loop
     vertex  2.295833e+02  2.822268e+01 -1.600350e+01
     vertex  1.797244e+02  2.582701e+01 -1.600350e+01
     vertex  1.799897e+02  2.631999e+01 -1.600350e+01
   endloop
 endfacet
 facet normal  5.464566e-15  5.075308e-15 -1.000000e+00
   outer loop
     vertex  2.295833e+02  2.822268e+01 -1.600350e+01
     vertex  1.799897e+02  2.631999e+01 -1.600350e+01
     vertex  1.801386e+02  2.685964e+01 -1.600350e+01
   endloop
 endfacet
 facet normal  5.809945e-15  1.548604e-15 -1.000000e+00
   outer loop
     vertex  2.295833e+02  2.822268e+01 -1.600350e+01
     vertex  2.110196e+02  4.969177e+01 -1.600350e+01
     vertex  2.150341e+02  4.839506e+01 -1.600350e+01
   endloop
 endfacet
 facet normal  6.030664e-15  1.707796e-15 -1.000000e+00
   outer loop
     vertex  2.295833e+02  2.822268e+01 -1.600350e+01
     vertex  2.150341e+02  4.839506e+01 -1.600350e+01
     vertex  2.192424e+02  4.809678e+01 -1.600350e+01
   endloop
 endfacet
 facet normal  4.931381e-15  1.135815e-15 -1.000000e+00
   outer loop
     vertex  2.295833e+02  2.822268e+01 -1.600350e+01
     vertex  2.192424e+02  4.809678e+01 -1.600350e+01
     vertex  2.233997e+02  4.881426e+01 -1.600350e+01
   endloop
 endfacet
 facet normal  5.820707e-15  1.402877e-15 -1.000000e+00
   outer loop
     vertex  2.295833e+02  2.822268e+01 -1.600350e+01
     vertex  2.233997e+02  4.881426e+01 -1.600350e+01
     vertex  2.272645e+02  5.050581e+01 -1.600350e+01
   endloop
 endfacet
 facet normal  5.644542e-15  1.300496e-15 -1.000000e+00
   outer loop
     vertex  2.567984e+02  7.220751e+01 -1.600350e+01
     vertex  2.356116e+02  6.855104e+01 -1.600350e+01
     vertex  2.540943e+02  8.121212e+01 -1.600350e+01
   endloop
 endfacet
 facet normal  5.583998e-15  1.378245e-15 -1.000000e+00
   outer loop
     vertex  2.381963e+02  3.199241e+01 -1.600350e+01
     vertex  2.295833e+02  2.822268e+01 -1.600350e+01
     vertex  2.272645e+02  5.050581e+01 -1.600350e+01
   endloop
 endfacet
 facet normal  5.624456e-15  1.416886e-15 -1.000000e+00
   outer loop
     vertex  2.572689e+02  6.281743e+01 -1.600350e+01
     vertex  2.356116e+02  6.855104e+01 -1.600350e+01
     vertex  2.567984e+02  7.220751e+01 -1.600350e+01
   endloop
 endfacet
 facet normal  5.572475e-15  1.492539e-15 -1.000000e+00
   outer loop
     vertex  2.572689e+02  6.281743e+01 -1.600350e+01
     vertex  2.350194e+02  6.019596e+01 -1.600350e+01
     vertex  2.358227e+02  6.433755e+01 -1.600350e+01
   endloop
 endfacet
 facet normal  5.546147e-15  1.121094e-15 -1.000000e+00
   outer loop
     vertex  2.572689e+02  6.281743e+01 -1.600350e+01
     vertex  2.358227e+02  6.433755e+01 -1.600350e+01
     vertex  2.356116e+02  6.855104e+01 -1.600350e+01
   endloop
 endfacet
 facet normal  5.601765e-15  1.388736e-15 -1.000000e+00
   outer loop
     vertex  2.456569e+02  3.771383e+01 -1.600350e+01
     vertex  2.381963e+02  3.199241e+01 -1.600350e+01
     vertex  2.272645e+02  5.050581e+01 -1.600350e+01
   endloop
 endfacet
 facet normal  5.459408e-15  1.184054e-15 -1.000000e+00
   outer loop
     vertex  2.456569e+02  3.771383e+01 -1.600350e+01
     vertex  2.272645e+02  5.050581e+01 -1.600350e+01
     vertex  2.306122e+02  5.307311e+01 -1.600350e+01
   endloop
 endfacet
 facet normal  5.975413e-15  1.689490e-15 -1.000000e+00
   outer loop
     vertex  2.456569e+02  3.771383e+01 -1.600350e+01
     vertex  2.306122e+02  5.307311e+01 -1.600350e+01
     vertex  2.332482e+02  5.636697e+01 -1.600350e+01
   endloop
 endfacet
 facet normal  5.604301e-15  1.222423e-15 -1.000000e+00
   outer loop
     vertex  2.554786e+02  5.358760e+01 -1.600350e+01
     vertex  2.350194e+02  6.019596e+01 -1.600350e+01
     vertex  2.572689e+02  6.281743e+01 -1.600350e+01
   endloop
 endfacet
 facet normal  5.575247e-15  1.132474e-15 -1.000000e+00
   outer loop
     vertex  2.554786e+02  5.358760e+01 -1.600350e+01
     vertex  2.332482e+02  5.636697e+01 -1.600350e+01
     vertex  2.350194e+02  6.019596e+01 -1.600350e+01
   endloop
 endfacet
 facet normal  5.522504e-15  1.388201e-15 -1.000000e+00
   outer loop
     vertex  2.515315e+02  4.505443e+01 -1.600350e+01
     vertex  2.456569e+02  3.771383e+01 -1.600350e+01
     vertex  2.332482e+02  5.636697e+01 -1.600350e+01
   endloop
 endfacet
 facet normal  5.628672e-15  1.559789e-15 -1.000000e+00
   outer loop
     vertex  2.515315e+02  4.505443e+01 -1.600350e+01
     vertex  2.332482e+02  5.636697e+01 -1.600350e+01
     vertex  2.554786e+02  5.358760e+01 -1.600350e+01
   endloop
 endfacet
 facet normal  5.617791e-15  1.309699e-15 -1.000000e+00
   outer loop
     vertex  2.071498e+02  1.029270e+02 -1.600350e+01
     vertex  1.721812e+02  8.202558e+01 -1.600350e+01
     vertex  4.816362e+01  5.518393e+01 -1.600350e+01
   endloop
 endfacet
 facet normal  5.411392e-15  2.263330e-15 -1.000000e+00
   outer loop
     vertex  1.721812e+02  8.202558e+01 -1.600350e+01
     vertex  1.622865e+02  7.742834e+01 -1.600350e+01
     vertex  4.816362e+01  5.518393e+01 -1.600350e+01
   endloop
 endfacet
 facet normal  5.600569e-15  1.367047e-15 -1.000000e+00
   outer loop
     vertex  7.059712e+01 -1.952041e+01 -1.600350e+01
     vertex  1.783884e+02  2.485633e+01 -1.600350e+01
     vertex  2.295833e+02  2.822268e+01 -1.600350e+01
   endloop
 endfacet
 facet normal  6.675618e-15 -1.244251e-15 -1.000000e+00
   outer loop
     vertex  7.059712e+01 -1.952041e+01 -1.600350e+01
     vertex  1.778376e+02  2.475637e+01 -1.600350e+01
     vertex  1.783884e+02  2.485633e+01 -1.600350e+01
   endloop
 endfacet
 facet normal -3.751719e-15 -6.510606e-16  1.000000e+00
   outer loop
     vertex  7.710867e+01 -1.338855e+01  2.599650e+01
     vertex  4.816362e+01  5.518393e+01  2.599650e+01
     vertex  7.059712e+01 -1.952041e+01  2.599650e+01
   endloop
 endfacet
 facet normal -5.915728e-15 -1.564508e-15  1.000000e+00
   outer loop
     vertex  7.710867e+01 -1.338855e+01  2.599650e+01
     vertex  5.697604e+01  5.365381e+01  2.599650e+01
     vertex  4.816362e+01  5.518393e+01  2.599650e+01
   endloop
 endfacet
 facet normal -5.770353e-15 -7.272480e-16  1.000000e+00
   outer loop
     vertex  2.071498e+02  1.029270e+02  2.599650e+01
     vertex  4.816362e+01  5.518393e+01  2.599650e+01
     vertex  5.697604e+01  5.365381e+01  2.599650e+01
   endloop
 endfacet
 facet normal -6.023976e-15  4.573973e-17  1.000000e+00
   outer loop
     vertex  2.083002e+02  9.909603e+01  2.599650e+01
     vertex  2.071498e+02  1.029270e+02  2.599650e+01
     vertex  5.697604e+01  5.365381e+01  2.599650e+01
   endloop
 endfacet
 facet normal -6.994794e-15 -3.907683e-15  1.000000e+00
   outer loop
     vertex  2.166149e+02  1.005310e+02  2.599650e+01
     vertex  2.164147e+02  1.045260e+02  2.599650e+01
     vertex  2.071498e+02  1.029270e+02  2.599650e+01
   endloop
 endfacet
 facet normal -5.991544e-15  5.547902e-17  1.000000e+00
   outer loop
     vertex  2.166149e+02  1.005310e+02  2.599650e+01
     vertex  2.071498e+02  1.029270e+02  2.599650e+01
     vertex  2.083002e+02  9.909603e+01  2.599650e+01
   endloop
 endfacet
 facet normal -4.737238e-15 -2.700042e-15  1.000000e+00
   outer loop
     vertex  2.250313e+02  9.993443e+01  2.599650e+01
     vertex  2.257930e+02  1.038612e+02  2.599650e+01
     vertex  2.164147e+02  1.045260e+02  2.599650e+01
   endloop
 endfacet
 facet normal -5.336472e-15 -3.824584e-15  1.000000e+00
   outer loop
     vertex  2.250313e+02  9.993443e+01  2.599650e+01
     vertex  2.164147e+02  1.045260e+02  2.599650e+01
     vertex  2.166149e+02  1.005310e+02  2.599650e+01
   endloop
 endfacet
 facet normal -5.245745e-15 -1.487888e-15  1.000000e+00
   outer loop
     vertex  2.330604e+02  9.734101e+01  2.599650e+01
     vertex  2.347397e+02  1.009714e+02  2.599650e+01
     vertex  2.257930e+02  1.038612e+02  2.599650e+01
   endloop
 endfacet
 facet normal -6.096687e-15 -2.436347e-15  1.000000e+00
   outer loop
     vertex  2.330604e+02  9.734101e+01  2.599650e+01
     vertex  2.257930e+02  1.038612e+02  2.599650e+01
     vertex  2.250313e+02  9.993443e+01  2.599650e+01
   endloop
 endfacet
 facet normal -5.473848e-15 -2.444851e-15  1.000000e+00
   outer loop
     vertex  2.427349e+02  9.602450e+01  2.599650e+01
     vertex  2.330604e+02  9.734101e+01  2.599650e+01
     vertex  2.402356e+02  9.290146e+01  2.599650e+01
   endloop
 endfacet
 facet normal -5.337828e-15 -1.445294e-15  1.000000e+00
   outer loop
     vertex  2.427349e+02  9.602450e+01  2.599650e+01
     vertex  2.347397e+02  1.009714e+02  2.599650e+01
     vertex  2.330604e+02  9.734101e+01  2.599650e+01
   endloop
 endfacet
 facet normal -5.899879e-15 -1.063831e-15  1.000000e+00
   outer loop
     vertex  2.493139e+02  8.930795e+01  2.599650e+01
     vertex  2.402356e+02  9.290146e+01  2.599650e+01
     vertex  2.461398e+02  8.687379e+01  2.599650e+01
   endloop
 endfacet
 facet normal -6.212534e-15 -1.853692e-15  1.000000e+00
   outer loop
     vertex  2.493139e+02  8.930795e+01  2.599650e+01
     vertex  2.427349e+02  9.602450e+01  2.599650e+01
     vertex  2.402356e+02  9.290146e+01  2.599650e+01
   endloop
 endfacet
 facet normal -5.654957e-15 -1.383202e-15  1.000000e+00
   outer loop
     vertex  2.504299e+02  7.960830e+01  2.599650e+01
     vertex  2.493139e+02  8.930795e+01  2.599650e+01
     vertex  2.461398e+02  8.687379e+01  2.599650e+01
   endloop
 endfacet
 facet normal -5.232996e-15 -1.334652e-15  1.000000e+00
   outer loop
     vertex  2.540943e+02  8.121212e+01  2.599650e+01
     vertex  2.493139e+02  8.930795e+01  2.599650e+01
     vertex  2.504299e+02  7.960830e+01  2.599650e+01
   endloop
 endfacet
 facet normal -6.023976e-15  4.573973e-17  1.000000e+00
   outer loop
     vertex  2.295833e+02  2.822268e+01  2.599650e+01
     vertex  2.284328e+02  3.205367e+01  2.599650e+01
     vertex  7.710867e+01 -1.338855e+01  2.599650e+01
   endloop
 endfacet
 facet normal -6.683441e-15  2.462193e-15  1.000000e+00
   outer loop
     vertex  2.295833e+02  2.822268e+01  2.599650e+01
     vertex  7.710867e+01 -1.338855e+01  2.599650e+01
     vertex  7.059712e+01 -1.952041e+01  2.599650e+01
   endloop
 endfacet
 facet normal -5.141393e-15 -1.543946e-15  1.000000e+00
   outer loop
     vertex  2.567984e+02  7.220751e+01  2.599650e+01
     vertex  2.504299e+02  7.960830e+01  2.599650e+01
     vertex  2.528567e+02  7.152724e+01  2.599650e+01
   endloop
 endfacet
 facet normal -5.141393e-15 -1.543946e-15  1.000000e+00
   outer loop
     vertex  2.567984e+02  7.220751e+01  2.599650e+01
     vertex  2.540943e+02  8.121212e+01  2.599650e+01
     vertex  2.504299e+02  7.960830e+01  2.599650e+01
   endloop
 endfacet
 facet normal -5.830718e-15 -1.380003e-15  1.000000e+00
   outer loop
     vertex  2.381963e+02  3.199241e+01  2.599650e+01
     vertex  2.361625e+02  3.543676e+01  2.599650e+01
     vertex  2.284328e+02  3.205367e+01  2.599650e+01
   endloop
 endfacet
 facet normal -5.821390e-15  1.065758e-16  1.000000e+00
   outer loop
     vertex  2.381963e+02  3.199241e+01  2.599650e+01
     vertex  2.284328e+02  3.205367e+01  2.599650e+01
     vertex  2.295833e+02  2.822268e+01  2.599650e+01
   endloop
 endfacet
 facet normal -5.471708e-15 -1.168015e-15  1.000000e+00
   outer loop
     vertex  2.428579e+02  4.057137e+01  2.599650e+01
     vertex  2.361625e+02  3.543676e+01  2.599650e+01
     vertex  2.381963e+02  3.199241e+01  2.599650e+01
   endloop
 endfacet
 facet normal -1.235661e-14  1.539019e-15  1.000000e+00
   outer loop
     vertex  2.572689e+02  6.281743e+01  2.599650e+01
     vertex  2.532789e+02  6.310024e+01  2.599650e+01
     vertex  2.516722e+02  5.481706e+01  2.599650e+01
   endloop
 endfacet
 facet normal -1.269006e-14 -3.165427e-15  1.000000e+00
   outer loop
     vertex  2.572689e+02  6.281743e+01  2.599650e+01
     vertex  2.528567e+02  7.152724e+01  2.599650e+01
     vertex  2.532789e+02  6.310024e+01  2.599650e+01
   endloop
 endfacet
 facet normal -5.490956e-15  4.815417e-16  1.000000e+00
   outer loop
     vertex  2.572689e+02  6.281743e+01  2.599650e+01
     vertex  2.567984e+02  7.220751e+01  2.599650e+01
     vertex  2.528567e+02  7.152724e+01  2.599650e+01
   endloop
 endfacet
 facet normal -5.984869e-15 -8.891774e-16  1.000000e+00
   outer loop
     vertex  2.456569e+02  3.771383e+01  2.599650e+01
     vertex  2.428579e+02  4.057137e+01  2.599650e+01
     vertex  2.381963e+02  3.199241e+01  2.599650e+01
   endloop
 endfacet
 facet normal -6.439967e-15 -2.599994e-15  1.000000e+00
   outer loop
     vertex  2.554786e+02  5.358760e+01  2.599650e+01
     vertex  2.572689e+02  6.281743e+01  2.599650e+01
     vertex  2.516722e+02  5.481706e+01  2.599650e+01
   endloop
 endfacet
 facet normal -5.472273e-15 -2.092146e-15  1.000000e+00
   outer loop
     vertex  2.515315e+02  4.505443e+01  2.599650e+01
     vertex  2.481299e+02  4.715909e+01  2.599650e+01
     vertex  2.428579e+02  4.057137e+01  2.599650e+01
   endloop
 endfacet
 facet normal -5.033530e-15 -1.383053e-15  1.000000e+00
   outer loop
     vertex  2.515315e+02  4.505443e+01  2.599650e+01
     vertex  2.516722e+02  5.481706e+01  2.599650e+01
     vertex  2.481299e+02  4.715909e+01  2.599650e+01
   endloop
 endfacet
 facet normal -6.057349e-15 -9.601725e-16  1.000000e+00
   outer loop
     vertex  2.515315e+02  4.505443e+01  2.599650e+01
     vertex  2.428579e+02  4.057137e+01  2.599650e+01
     vertex  2.456569e+02  3.771383e+01  2.599650e+01
   endloop
 endfacet
 facet normal -6.042195e-15 -1.368508e-15  1.000000e+00
   outer loop
     vertex  2.515315e+02  4.505443e+01  2.599650e+01
     vertex  2.554786e+02  5.358760e+01  2.599650e+01
     vertex  2.516722e+02  5.481706e+01  2.599650e+01
   endloop
 endfacet
 facet normal  1.700682e-01 -9.854323e-01 -8.421180e-16
   outer loop
     vertex  2.166149e+02  1.005310e+02 -6.003504e+00
     vertex  2.083002e+02  9.909603e+01  2.599650e+01
     vertex  2.083002e+02  9.909603e+01 -6.003504e+00
   endloop
 endfacet
 facet normal -7.070302e-02 -9.974974e-01 -2.211490e-15
   outer loop
     vertex  2.166149e+02  1.005310e+02 -6.003504e+00
     vertex  2.250313e+02  9.993443e+01  2.599650e+01
     vertex  2.166149e+02  1.005310e+02  2.599650e+01
   endloop
 endfacet
 facet normal  1.700682e-01 -9.854323e-01 -6.931228e-16
   outer loop
     vertex  2.166149e+02  1.005310e+02 -6.003504e+00
     vertex  2.166149e+02  1.005310e+02  2.599650e+01
     vertex  2.083002e+02  9.909603e+01  2.599650e+01
   endloop
 endfacet
 facet normal -3.073653e-01 -9.515916e-01 -4.023924e-15
   outer loop
     vertex  2.250313e+02  9.993443e+01 -6.003504e+00
     vertex  2.330604e+02  9.734101e+01  2.599650e+01
     vertex  2.250313e+02  9.993443e+01  2.599650e+01
   endloop
 endfacet
 facet normal -7.070302e-02 -9.974974e-01 -2.654467e-15
   outer loop
     vertex  2.250313e+02  9.993443e+01 -6.003504e+00
     vertex  2.250313e+02  9.993443e+01  2.599650e+01
     vertex  2.166149e+02  1.005310e+02 -6.003504e+00
   endloop
 endfacet
 facet normal -3.073653e-01 -9.515916e-01 -3.178741e-15
   outer loop
     vertex  2.330604e+02  9.734101e+01 -6.003504e+00
     vertex  2.330604e+02  9.734101e+01  2.599650e+01
     vertex  2.250313e+02  9.993443e+01 -6.003504e+00
   endloop
 endfacet
 facet normal -5.261646e-01 -8.503828e-01 -2.714286e-15
   outer loop
     vertex  2.402356e+02  9.290146e+01 -6.003504e+00
     vertex  2.402356e+02  9.290146e+01  2.599650e+01
     vertex  2.330604e+02  9.734101e+01  2.599650e+01
   endloop
 endfacet
 facet normal -5.261646e-01 -8.503828e-01 -4.407961e-15
   outer loop
     vertex  2.402356e+02  9.290146e+01 -6.003504e+00
     vertex  2.330604e+02  9.734101e+01  2.599650e+01
     vertex  2.330604e+02  9.734101e+01 -6.003504e+00
   endloop
 endfacet
 facet normal -8.605738e-01 -5.081519e-01 -3.455992e-02
   outer loop
     vertex  2.496304e+02  8.130912e+01  2.089650e+01
     vertex  2.504299e+02  7.960830e+01  2.599650e+01
     vertex  2.461398e+02  8.687379e+01  2.599650e+01
   endloop
 endfacet
 facet normal -8.471268e-01 -5.313909e-01 -1.046817e-14
   outer loop
     vertex  2.496304e+02  8.130912e+01  1.859650e+01
     vertex  2.496304e+02  8.130912e+01  2.089650e+01
     vertex  2.461398e+02  8.687379e+01  2.599650e+01
   endloop
 endfacet
 facet normal -9.059517e-01 -4.233803e-01  8.245594e-04
   outer loop
     vertex  2.504924e+02  7.946467e+01  2.089650e+01
     vertex  2.504299e+02  7.960830e+01  2.599650e+01
     vertex  2.496304e+02  8.130912e+01  2.089650e+01
   endloop
 endfacet
 facet normal -9.290362e-01 -3.699876e-01 -9.619441e-04
   outer loop
     vertex  2.512457e+02  7.757322e+01  2.089650e+01
     vertex  2.504299e+02  7.960830e+01  2.599650e+01
     vertex  2.504924e+02  7.946467e+01  2.089650e+01
   endloop
 endfacet
 facet normal -9.486582e-01 -3.152370e-01 -2.594799e-02
   outer loop
     vertex  2.518877e+02  7.564116e+01  2.089650e+01
     vertex  2.504299e+02  7.960830e+01  2.599650e+01
     vertex  2.512457e+02  7.757322e+01  2.089650e+01
   endloop
 endfacet
 facet normal -9.565512e-01 -2.872496e-01 -4.997462e-02
   outer loop
     vertex  2.528567e+02  7.152724e+01  2.599650e+01
     vertex  2.504299e+02  7.960830e+01  2.599650e+01
     vertex  2.518877e+02  7.564116e+01  2.089650e+01
   endloop
 endfacet
 facet normal -7.143851e-01 -6.997528e-01 -3.159511e-15
   outer loop
     vertex  2.461398e+02  8.687379e+01 -6.003504e+00
     vertex  2.461398e+02  8.687379e+01  2.599650e+01
     vertex  2.402356e+02  9.290146e+01  2.599650e+01
   endloop
 endfacet
 facet normal -7.143851e-01 -6.997528e-01 -3.473737e-15
   outer loop
     vertex  2.461398e+02  8.687379e+01 -6.003504e+00
     vertex  2.402356e+02  9.290146e+01  2.599650e+01
     vertex  2.402356e+02  9.290146e+01 -6.003504e+00
   endloop
 endfacet
 facet normal -8.471268e-01 -5.313909e-01 -3.481569e-15
   outer loop
     vertex  2.461398e+02  8.687379e+01 -6.003504e+00
     vertex  2.496304e+02  8.130912e+01  1.859650e+01
     vertex  2.461398e+02  8.687379e+01  2.599650e+01
   endloop
 endfacet
 facet normal -9.653826e-01 -2.595441e-01 -2.594799e-02
   outer loop
     vertex  2.524163e+02  7.367505e+01  2.089650e+01
     vertex  2.528567e+02  7.152724e+01  2.599650e+01
     vertex  2.518877e+02  7.564116e+01  2.089650e+01
   endloop
 endfacet
 facet normal -9.791697e-01 -2.030412e-01 -9.619441e-04
   outer loop
     vertex  2.528297e+02  7.168153e+01  2.089650e+01
     vertex  2.528567e+02  7.152724e+01  2.599650e+01
     vertex  2.524163e+02  7.367505e+01  2.089650e+01
   endloop
 endfacet
 facet normal -9.893190e-01 -1.457641e-01  8.245594e-04
   outer loop
     vertex  2.531264e+02  6.966734e+01  2.089650e+01
     vertex  2.528567e+02  7.152724e+01  2.599650e+01
     vertex  2.528297e+02  7.168153e+01  2.089650e+01
   endloop
 endfacet
 facet normal -9.997305e-01 -2.321512e-02 -1.250695e-14
   outer loop
     vertex  2.532789e+02  6.310024e+01  2.599650e+01
     vertex  2.531264e+02  6.966734e+01  2.089650e+01
     vertex  2.531264e+02  6.966734e+01  1.859650e+01
   endloop
 endfacet
 facet normal -9.981502e-01 -5.001761e-02 -3.455992e-02
   outer loop
     vertex  2.532789e+02  6.310024e+01  2.599650e+01
     vertex  2.528567e+02  7.152724e+01  2.599650e+01
     vertex  2.531264e+02  6.966734e+01  2.089650e+01
   endloop
 endfacet
 facet normal -9.178800e-01 -3.968509e-01 -2.392838e-03
   outer loop
     vertex  2.504299e+02  7.960830e+01 -6.003504e+00
     vertex  2.512457e+02  7.757322e+01  1.859650e+01
     vertex  2.496304e+02  8.130912e+01  1.859650e+01
   endloop
 endfacet
 facet normal -8.610660e-01 -5.084426e-01  7.168960e-03
   outer loop
     vertex  2.504299e+02  7.960830e+01 -6.003504e+00
     vertex  2.496304e+02  8.130912e+01  1.859650e+01
     vertex  2.461398e+02  8.687379e+01 -6.003504e+00
   endloop
 endfacet
 facet normal -9.846585e-01 -1.744760e-01 -2.392838e-03
   outer loop
     vertex  2.528567e+02  7.152724e+01 -6.003504e+00
     vertex  2.531264e+02  6.966734e+01  1.859650e+01
     vertex  2.524163e+02  7.367505e+01  1.859650e+01
   endloop
 endfacet
 facet normal -9.577175e-01 -2.875999e-01  7.966208e-03
   outer loop
     vertex  2.528567e+02  7.152724e+01 -6.003504e+00
     vertex  2.524163e+02  7.367505e+01  1.859650e+01
     vertex  2.512457e+02  7.757322e+01  1.859650e+01
   endloop
 endfacet
 facet normal -9.577175e-01 -2.875999e-01  7.966208e-03
   outer loop
     vertex  2.528567e+02  7.152724e+01 -6.003504e+00
     vertex  2.512457e+02  7.757322e+01  1.859650e+01
     vertex  2.504299e+02  7.960830e+01 -6.003504e+00
   endloop
 endfacet
 facet normal -9.817022e-01  1.904225e-01 -4.275069e-15
   outer loop
     vertex  2.532789e+02  6.310024e+01 -6.003504e+00
     vertex  2.516722e+02  5.481706e+01  2.599650e+01
     vertex  2.532789e+02  6.310024e+01  2.599650e+01
   endloop
 endfacet
 facet normal -9.997305e-01 -2.321512e-02 -4.450005e-15
   outer loop
     vertex  2.532789e+02  6.310024e+01 -6.003504e+00
     vertex  2.532789e+02  6.310024e+01  2.599650e+01
     vertex  2.531264e+02  6.966734e+01  1.859650e+01
   endloop
 endfacet
 facet normal -9.987212e-01 -5.004623e-02  7.168960e-03
   outer loop
     vertex  2.532789e+02  6.310024e+01 -6.003504e+00
     vertex  2.531264e+02  6.966734e+01  1.859650e+01
     vertex  2.528567e+02  7.152724e+01 -6.003504e+00
   endloop
 endfacet
 facet normal -9.817022e-01  1.904225e-01 -4.977867e-15
   outer loop
     vertex  2.516722e+02  5.481706e+01 -6.003504e+00
     vertex  2.516722e+02  5.481706e+01  2.599650e+01
     vertex  2.532789e+02  6.310024e+01 -6.003504e+00
   endloop
 endfacet
 facet normal -7.807604e-01  6.248306e-01 -4.298974e-15
   outer loop
     vertex  2.481299e+02  4.715909e+01 -6.003504e+00
     vertex  2.428579e+02  4.057137e+01  2.599650e+01
     vertex  2.481299e+02  4.715909e+01  2.599650e+01
   endloop
 endfacet
 facet normal -9.076046e-01  4.198259e-01 -5.609938e-15
   outer loop
     vertex  2.481299e+02  4.715909e+01 -6.003504e+00
     vertex  2.481299e+02  4.715909e+01  2.599650e+01
     vertex  2.516722e+02  5.481706e+01  2.599650e+01
   endloop
 endfacet
 facet normal -9.076046e-01  4.198259e-01 -4.276380e-15
   outer loop
     vertex  2.481299e+02  4.715909e+01 -6.003504e+00
     vertex  2.516722e+02  5.481706e+01  2.599650e+01
     vertex  2.516722e+02  5.481706e+01 -6.003504e+00
   endloop
 endfacet
 facet normal -6.085412e-01  7.935223e-01 -3.266761e-15
   outer loop
     vertex  2.428579e+02  4.057137e+01 -6.003504e+00
     vertex  2.361625e+02  3.543676e+01  2.599650e+01
     vertex  2.428579e+02  4.057137e+01  2.599650e+01
   endloop
 endfacet
 facet normal -7.807604e-01  6.248306e-01 -4.715195e-15
   outer loop
     vertex  2.428579e+02  4.057137e+01 -6.003504e+00
     vertex  2.428579e+02  4.057137e+01  2.599650e+01
     vertex  2.481299e+02  4.715909e+01 -6.003504e+00
   endloop
 endfacet
 facet normal -6.085412e-01  7.935223e-01 -2.197676e-15
   outer loop
     vertex  2.361625e+02  3.543676e+01 -6.003504e+00
     vertex  2.361625e+02  3.543676e+01  2.599650e+01
     vertex  2.428579e+02  4.057137e+01 -6.003504e+00
   endloop
 endfacet
 facet normal -4.009557e-01  9.160974e-01 -1.272355e-15
   outer loop
     vertex  2.284328e+02  3.205367e+01 -6.003504e+00
     vertex  2.284328e+02  3.205367e+01  2.599650e+01
     vertex  2.361625e+02  3.543676e+01  2.599650e+01
   endloop
 endfacet
 facet normal -4.009557e-01  9.160974e-01 -6.579047e-16
   outer loop
     vertex  2.284328e+02  3.205367e+01 -6.003504e+00
     vertex  2.361625e+02  3.543676e+01  2.599650e+01
     vertex  2.361625e+02  3.543676e+01 -6.003504e+00
   endloop
 endfacet
 facet normal  9.577479e-01  2.876090e-01  1.560518e-14
   outer loop
     vertex  7.479300e+01 -5.677303e+00 -1.602113e+00
     vertex  7.492534e+01 -6.117999e+00 -1.194467e+00
     vertex  7.710867e+01 -1.338855e+01 -6.003504e+00
   endloop
 endfacet
 facet normal  9.577479e-01  2.876090e-01 -8.185964e-15
   outer loop
     vertex  7.502578e+01 -6.452454e+00 -6.885482e-01
     vertex  7.710867e+01 -1.338855e+01 -6.003504e+00
     vertex  7.492534e+01 -6.117999e+00 -1.194467e+00
   endloop
 endfacet
 facet normal  9.577479e-01  2.876090e-01  1.985948e-15
   outer loop
     vertex  7.463645e+01 -5.155979e+00 -1.887796e+00
     vertex  7.479300e+01 -5.677303e+00 -1.602113e+00
     vertex  7.710867e+01 -1.338855e+01 -6.003504e+00
   endloop
 endfacet
 facet normal  9.577479e-01  2.876090e-01 -2.276247e-14
   outer loop
     vertex  7.508847e+01 -6.661233e+00 -1.137591e-01
     vertex  7.710867e+01 -1.338855e+01 -6.003504e+00
     vertex  7.502578e+01 -6.452454e+00 -6.885482e-01
   endloop
 endfacet
 facet normal  9.577479e-01  2.876090e-01  7.160546e-15
   outer loop
     vertex  7.446479e+01 -4.584324e+00 -2.034912e+00
     vertex  7.463645e+01 -5.155979e+00 -1.887796e+00
     vertex  7.710867e+01 -1.338855e+01 -6.003504e+00
   endloop
 endfacet
 facet normal  9.577479e-01  2.876090e-01 -1.440402e-14
   outer loop
     vertex  7.510979e+01 -6.732200e+00  4.964959e-01
     vertex  7.710867e+01 -1.338855e+01 -6.003504e+00
     vertex  7.508847e+01 -6.661233e+00 -1.137591e-01
   endloop
 endfacet
 facet normal  9.577479e-01  2.876090e-01  1.809457e-14
   outer loop
     vertex  7.508847e+01 -6.661233e+00  1.106751e+00
     vertex  7.710867e+01 -1.338855e+01 -6.003504e+00
     vertex  7.510979e+01 -6.732200e+00  4.964959e-01
   endloop
 endfacet
 facet normal  9.577479e-01  2.876090e-01 -3.970152e-14
   outer loop
     vertex  7.502578e+01 -6.452454e+00  1.681540e+00
     vertex  7.710867e+01 -1.338855e+01 -6.003504e+00
     vertex  7.508847e+01 -6.661233e+00  1.106751e+00
   endloop
 endfacet
 facet normal  9.577479e-01  2.876090e-01 -1.693015e-15
   outer loop
     vertex  7.266459e+01  1.410393e+00 -3.741702e+00
     vertex  7.428798e+01 -3.995561e+00 -2.034912e+00
     vertex  7.446479e+01 -4.584324e+00 -2.034912e+00
   endloop
 endfacet
 facet normal  9.577479e-01  2.876090e-01  2.548408e-14
   outer loop
     vertex  7.271924e+01  1.228411e+00 -3.551692e+00
     vertex  7.411632e+01 -3.423907e+00 -1.887796e+00
     vertex  7.428798e+01 -3.995561e+00 -2.034912e+00
   endloop
 endfacet
 facet normal  9.577479e-01  2.876090e-01  1.261291e-15
   outer loop
     vertex  7.271924e+01  1.228411e+00 -3.551692e+00
     vertex  7.428798e+01 -3.995561e+00 -2.034912e+00
     vertex  7.266459e+01  1.410393e+00 -3.741702e+00
   endloop
 endfacet
 facet normal  9.577479e-01  2.876090e-01 -1.710663e-14
   outer loop
     vertex  7.276036e+01  1.091487e+00 -3.324165e+00
     vertex  7.395976e+01 -2.902583e+00 -1.602113e+00
     vertex  7.411632e+01 -3.423907e+00 -1.887796e+00
   endloop
 endfacet
 facet normal  9.577479e-01  2.876090e-01 -2.600999e-13
   outer loop
     vertex  7.276036e+01  1.091487e+00 -3.324165e+00
     vertex  7.411632e+01 -3.423907e+00 -1.887796e+00
     vertex  7.271924e+01  1.228411e+00 -3.551692e+00
   endloop
 endfacet
 facet normal  9.577479e-01  2.876090e-01  2.701069e-14
   outer loop
     vertex  7.259915e+01  1.628307e+00 -3.884667e+00
     vertex  7.446479e+01 -4.584324e+00 -2.034912e+00
     vertex  7.710867e+01 -1.338855e+01 -6.003504e+00
   endloop
 endfacet
 facet normal  9.577479e-01  2.876090e-01  8.548581e-14
   outer loop
     vertex  7.259915e+01  1.628307e+00 -3.884667e+00
     vertex  7.266459e+01  1.410393e+00 -3.741702e+00
     vertex  7.446479e+01 -4.584324e+00 -2.034912e+00
   endloop
 endfacet
 facet normal  9.577479e-01  2.876090e-01 -4.731047e-14
   outer loop
     vertex  7.252620e+01  1.871225e+00 -3.973418e+00
     vertex  7.259915e+01  1.628307e+00 -3.884667e+00
     vertex  7.710867e+01 -1.338855e+01 -6.003504e+00
   endloop
 endfacet
 facet normal  9.577479e-01  2.876090e-01  4.250930e-13
   outer loop
     vertex  7.278588e+01  1.006486e+00 -3.070529e+00
     vertex  7.395976e+01 -2.902583e+00 -1.602113e+00
     vertex  7.276036e+01  1.091487e+00 -3.324165e+00
   endloop
 endfacet
 facet normal  9.577479e-01  2.876090e-01  6.173632e-14
   outer loop
     vertex  7.244940e+01  2.126968e+00 -4.003504e+00
     vertex  7.252620e+01  1.871225e+00 -3.973418e+00
     vertex  7.710867e+01 -1.338855e+01 -6.003504e+00
   endloop
 endfacet
 facet normal  9.577479e-01  2.876090e-01  2.445348e-14
   outer loop
     vertex  7.279453e+01  9.776706e-01 -2.803504e+00
     vertex  7.366429e+01 -1.918653e+00 -1.137591e-01
     vertex  7.372699e+01 -2.127432e+00 -6.885482e-01
   endloop
 endfacet
 facet normal  9.577479e-01  2.876090e-01 -2.669616e-14
   outer loop
     vertex  7.279453e+01  9.776706e-01 -2.803504e+00
     vertex  7.372699e+01 -2.127432e+00 -6.885482e-01
     vertex  7.382742e+01 -2.461887e+00 -1.194467e+00
   endloop
 endfacet
 facet normal  9.577479e-01  2.876090e-01  2.780145e-14
   outer loop
     vertex  7.279453e+01  9.776706e-01 -2.803504e+00
     vertex  7.382742e+01 -2.461887e+00 -1.194467e+00
     vertex  7.395976e+01 -2.902583e+00 -1.602113e+00
   endloop
 endfacet
 facet normal  9.577479e-01  2.876090e-01  1.583281e-14
   outer loop
     vertex  7.279453e+01  9.776706e-01 -2.803504e+00
     vertex  7.395976e+01 -2.902583e+00 -1.602113e+00
     vertex  7.278588e+01  1.006486e+00 -3.070529e+00
   endloop
 endfacet
 facet normal  9.577479e-01  2.876090e-01  9.091113e-15
   outer loop
     vertex  7.364298e+01 -1.847686e+00  4.964959e-01
     vertex  7.366429e+01 -1.918653e+00 -1.137591e-01
     vertex  7.279453e+01  9.776706e-01 -2.803504e+00
   endloop
 endfacet
 facet normal  9.577479e-01  2.876090e-01 -1.194894e-14
   outer loop
     vertex  7.366429e+01 -1.918653e+00  1.106751e+00
     vertex  7.364298e+01 -1.847686e+00  4.964959e-01
     vertex  7.279453e+01  9.776706e-01 -2.803504e+00
   endloop
 endfacet
 facet normal  9.577479e-01  2.876090e-01 -1.573227e-13
   outer loop
     vertex  7.372699e+01 -2.127432e+00  1.681540e+00
     vertex  7.366429e+01 -1.918653e+00  1.106751e+00
     vertex  7.279453e+01  9.776706e-01 -2.803504e+00
   endloop
 endfacet
 facet normal  9.577479e-01  2.876090e-01  1.862135e-15
   outer loop
     vertex  7.492534e+01 -6.117999e+00  1.680553e+01
     vertex  7.492534e+01 -6.117999e+00  2.187459e+00
     vertex  7.479300e+01 -5.677303e+00  2.595105e+00
   endloop
 endfacet
 facet normal  9.577479e-01  2.876090e-01  2.268239e-15
   outer loop
     vertex  7.479300e+01 -5.677303e+00  1.639789e+01
     vertex  7.492534e+01 -6.117999e+00  1.680553e+01
     vertex  7.479300e+01 -5.677303e+00  2.595105e+00
   endloop
 endfacet
 facet normal  9.577479e-01  2.876090e-01  9.492419e-15
   outer loop
     vertex  7.502578e+01 -6.452454e+00  1.731145e+01
     vertex  7.502578e+01 -6.452454e+00  1.681540e+00
     vertex  7.492534e+01 -6.117999e+00  2.187459e+00
   endloop
 endfacet
 facet normal  9.577479e-01  2.876090e-01  9.492419e-15
   outer loop
     vertex  7.502578e+01 -6.452454e+00  1.731145e+01
     vertex  7.710867e+01 -1.338855e+01 -6.003504e+00
     vertex  7.502578e+01 -6.452454e+00  1.681540e+00
   endloop
 endfacet
 facet normal  9.577479e-01  2.876090e-01  1.862230e-15
   outer loop
     vertex  7.502578e+01 -6.452454e+00  1.731145e+01
     vertex  7.492534e+01 -6.117999e+00  2.187459e+00
     vertex  7.492534e+01 -6.117999e+00  1.680553e+01
   endloop
 endfacet
 facet normal  9.577479e-01  2.876090e-01  2.366187e-15
   outer loop
     vertex  7.463645e+01 -5.155979e+00  1.611220e+01
     vertex  7.479300e+01 -5.677303e+00  2.595105e+00
     vertex  7.463645e+01 -5.155979e+00  2.880787e+00
   endloop
 endfacet
 facet normal  9.577479e-01  2.876090e-01  2.268274e-15
   outer loop
     vertex  7.463645e+01 -5.155979e+00  1.611220e+01
     vertex  7.479300e+01 -5.677303e+00  1.639789e+01
     vertex  7.479300e+01 -5.677303e+00  2.595105e+00
   endloop
 endfacet
 facet normal  9.577479e-01  2.876090e-01  2.365246e-15
   outer loop
     vertex  7.446479e+01 -4.584324e+00  1.596509e+01
     vertex  7.463645e+01 -5.155979e+00  1.611220e+01
     vertex  7.463645e+01 -5.155979e+00  2.880787e+00
   endloop
 endfacet
 facet normal  9.577479e-01  2.876090e-01  4.208154e-15
   outer loop
     vertex  7.446479e+01 -4.584324e+00  1.596509e+01
     vertex  7.463645e+01 -5.155979e+00  2.880787e+00
     vertex  7.446479e+01 -4.584324e+00  3.027903e+00
   endloop
 endfacet
 facet normal  9.577479e-01  2.876090e-01  4.208898e-15
   outer loop
     vertex  7.428798e+01 -3.995561e+00  1.596509e+01
     vertex  7.446479e+01 -4.584324e+00  1.596509e+01
     vertex  7.446479e+01 -4.584324e+00  3.027903e+00
   endloop
 endfacet
 facet normal  9.577479e-01  2.876090e-01  4.524078e-15
   outer loop
     vertex  7.428798e+01 -3.995561e+00  1.596509e+01
     vertex  7.446479e+01 -4.584324e+00  3.027903e+00
     vertex  7.428798e+01 -3.995561e+00  3.027903e+00
   endloop
 endfacet
 facet normal  9.577479e-01  2.876090e-01  4.524078e-15
   outer loop
     vertex  7.428798e+01 -3.995561e+00  1.596509e+01
     vertex  7.428798e+01 -3.995561e+00  3.027903e+00
     vertex  7.411632e+01 -3.423907e+00  2.880787e+00
   endloop
 endfacet
 facet normal  9.577479e-01  2.876090e-01  4.508703e-15
   outer loop
     vertex  7.710867e+01 -1.338855e+01  2.599650e+01
     vertex  7.710867e+01 -1.338855e+01 -6.003504e+00
     vertex  7.502578e+01 -6.452454e+00  1.731145e+01
   endloop
 endfacet
 facet normal  9.577479e-01  2.876090e-01 -5.557399e-14
   outer loop
     vertex  7.710867e+01 -1.338855e+01  2.599650e+01
     vertex  7.502578e+01 -6.452454e+00  1.731145e+01
     vertex  7.508847e+01 -6.661233e+00  1.788624e+01
   endloop
 endfacet
 facet normal  9.577479e-01  2.876090e-01  4.096837e-14
   outer loop
     vertex  7.710867e+01 -1.338855e+01  2.599650e+01
     vertex  7.508847e+01 -6.661233e+00  1.788624e+01
     vertex  7.510979e+01 -6.732200e+00  1.849650e+01
   endloop
 endfacet
 facet normal  9.577479e-01  2.876090e-01 -3.123870e-14
   outer loop
     vertex  7.508847e+01 -6.661233e+00  1.910675e+01
     vertex  7.710867e+01 -1.338855e+01  2.599650e+01
     vertex  7.510979e+01 -6.732200e+00  1.849650e+01
   endloop
 endfacet
 facet normal  9.577479e-01  2.876090e-01  2.366187e-15
   outer loop
     vertex  7.411632e+01 -3.423907e+00  1.611220e+01
     vertex  7.428798e+01 -3.995561e+00  1.596509e+01
     vertex  7.411632e+01 -3.423907e+00  2.880787e+00
   endloop
 endfacet
 facet normal  9.577479e-01  2.876090e-01 -1.675578e-14
   outer loop
     vertex  7.502578e+01 -6.452454e+00  1.968154e+01
     vertex  7.710867e+01 -1.338855e+01  2.599650e+01
     vertex  7.508847e+01 -6.661233e+00  1.910675e+01
   endloop
 endfacet
 facet normal  9.577479e-01  2.876090e-01  3.944253e-15
   outer loop
     vertex  7.395976e+01 -2.902583e+00  1.639789e+01
     vertex  7.411632e+01 -3.423907e+00  2.880787e+00
     vertex  7.395976e+01 -2.902583e+00  2.595105e+00
   endloop
 endfacet
 facet normal  9.577479e-01  2.876090e-01  2.366224e-15
   outer loop
     vertex  7.395976e+01 -2.902583e+00  1.639789e+01
     vertex  7.411632e+01 -3.423907e+00  1.611220e+01
     vertex  7.411632e+01 -3.423907e+00  2.880787e+00
   endloop
 endfacet
 facet normal  9.577479e-01  2.876090e-01  4.980643e-14
   outer loop
     vertex  7.492534e+01 -6.117999e+00  2.018746e+01
     vertex  7.710867e+01 -1.338855e+01  2.599650e+01
     vertex  7.502578e+01 -6.452454e+00  1.968154e+01
   endloop
 endfacet
 facet normal  9.577479e-01  2.876090e-01  3.944059e-15
   outer loop
     vertex  7.382742e+01 -2.461887e+00  1.680553e+01
     vertex  7.395976e+01 -2.902583e+00  1.639789e+01
     vertex  7.395976e+01 -2.902583e+00  2.595105e+00
   endloop
 endfacet
 facet normal  9.577479e-01  2.876090e-01  1.862135e-15
   outer loop
     vertex  7.382742e+01 -2.461887e+00  1.680553e+01
     vertex  7.395976e+01 -2.902583e+00  2.595105e+00
     vertex  7.382742e+01 -2.461887e+00  2.187459e+00
   endloop
 endfacet
 facet normal  9.577479e-01  2.876090e-01 -1.216574e-14
   outer loop
     vertex  7.479300e+01 -5.677303e+00  2.059510e+01
     vertex  7.710867e+01 -1.338855e+01  2.599650e+01
     vertex  7.492534e+01 -6.117999e+00  2.018746e+01
   endloop
 endfacet
 facet normal  9.577479e-01  2.876090e-01  1.059322e-15
   outer loop
     vertex  7.463645e+01 -5.155979e+00  2.088079e+01
     vertex  7.710867e+01 -1.338855e+01  2.599650e+01
     vertex  7.479300e+01 -5.677303e+00  2.059510e+01
   endloop
 endfacet
 facet normal  9.577479e-01  2.876090e-01 -2.416877e-15
   outer loop
     vertex  7.446479e+01 -4.584324e+00  2.102790e+01
     vertex  7.710867e+01 -1.338855e+01  2.599650e+01
     vertex  7.463645e+01 -5.155979e+00  2.088079e+01
   endloop
 endfacet
 facet normal  9.577479e-01  2.876090e-01 -1.115901e-13
   outer loop
     vertex  7.428798e+01 -3.995561e+00  2.102790e+01
     vertex  7.710867e+01 -1.338855e+01  2.599650e+01
     vertex  7.446479e+01 -4.584324e+00  2.102790e+01
   endloop
 endfacet
 facet normal  9.577479e-01  2.876090e-01  3.009857e-14
   outer loop
     vertex  7.279453e+01  9.776706e-01  1.979650e+01
     vertex  7.372699e+01 -2.127432e+00  1.968154e+01
     vertex  7.366429e+01 -1.918653e+00  1.910675e+01
   endloop
 endfacet
 facet normal  9.577479e-01  2.876090e-01 -5.853816e-14
   outer loop
     vertex  7.279453e+01  9.776706e-01  1.979650e+01
     vertex  7.366429e+01 -1.918653e+00  1.910675e+01
     vertex  7.364298e+01 -1.847686e+00  1.849650e+01
   endloop
 endfacet
 facet normal  9.577479e-01  2.876090e-01  1.798329e-14
   outer loop
     vertex  7.279453e+01  9.776706e-01  1.979650e+01
     vertex  7.364298e+01 -1.847686e+00  1.849650e+01
     vertex  7.366429e+01 -1.918653e+00  1.788624e+01
   endloop
 endfacet
 facet normal  9.577479e-01  2.876090e-01  3.292524e-14
   outer loop
     vertex  7.279453e+01  9.776706e-01  1.979650e+01
     vertex  7.366429e+01 -1.918653e+00  1.788624e+01
     vertex  7.372699e+01 -2.127432e+00  1.731145e+01
   endloop
 endfacet
 facet normal  9.577479e-01  2.876090e-01  1.632789e-13
   outer loop
     vertex  7.279453e+01  9.776706e-01  1.979650e+01
     vertex  7.372699e+01 -2.127432e+00  1.731145e+01
     vertex  7.382742e+01 -2.461887e+00  1.680553e+01
   endloop
 endfacet
 facet normal  9.577479e-01  2.876090e-01  1.861021e-15
   outer loop
     vertex  7.279453e+01  9.776706e-01  1.979650e+01
     vertex  7.382742e+01 -2.461887e+00  1.680553e+01
     vertex  7.382742e+01 -2.461887e+00  2.187459e+00
   endloop
 endfacet
 facet normal  9.577479e-01  2.876090e-01  3.813090e-14
   outer loop
     vertex  7.279453e+01  9.776706e-01  1.979650e+01
     vertex  7.382742e+01 -2.461887e+00  2.187459e+00
     vertex  7.372699e+01 -2.127432e+00  1.681540e+00
   endloop
 endfacet
 facet normal  9.577479e-01  2.876090e-01  5.179543e-15
   outer loop
     vertex  7.279453e+01  9.776706e-01  1.979650e+01
     vertex  7.372699e+01 -2.127432e+00  1.681540e+00
     vertex  7.279453e+01  9.776706e-01 -2.803504e+00
   endloop
 endfacet
 facet normal  9.577479e-01  2.876090e-01 -1.330828e-13
   outer loop
     vertex  7.278588e+01  1.006486e+00  2.006352e+01
     vertex  7.372699e+01 -2.127432e+00  1.968154e+01
     vertex  7.279453e+01  9.776706e-01  1.979650e+01
   endloop
 endfacet
 facet normal  9.577479e-01  2.876090e-01  1.409207e-14
   outer loop
     vertex  7.276036e+01  1.091487e+00  2.031716e+01
     vertex  7.382742e+01 -2.461887e+00  2.018746e+01
     vertex  7.372699e+01 -2.127432e+00  1.968154e+01
   endloop
 endfacet
 facet normal  9.577479e-01  2.876090e-01 -1.264283e-13
   outer loop
     vertex  7.276036e+01  1.091487e+00  2.031716e+01
     vertex  7.372699e+01 -2.127432e+00  1.968154e+01
     vertex  7.278588e+01  1.006486e+00  2.006352e+01
   endloop
 endfacet
 facet normal  9.577479e-01  2.876090e-01 -3.532087e-14
   outer loop
     vertex  7.271924e+01  1.228411e+00  2.054468e+01
     vertex  7.395976e+01 -2.902583e+00  2.059510e+01
     vertex  7.382742e+01 -2.461887e+00  2.018746e+01
   endloop
 endfacet
 facet normal  9.577479e-01  2.876090e-01  3.535949e-13
   outer loop
     vertex  7.271924e+01  1.228411e+00  2.054468e+01
     vertex  7.382742e+01 -2.461887e+00  2.018746e+01
     vertex  7.276036e+01  1.091487e+00  2.031716e+01
   endloop
 endfacet
 facet normal  9.577479e-01  2.876090e-01 -3.789391e-14
   outer loop
     vertex  7.266459e+01  1.410393e+00  2.073469e+01
     vertex  7.395976e+01 -2.902583e+00  2.059510e+01
     vertex  7.271924e+01  1.228411e+00  2.054468e+01
   endloop
 endfacet
 facet normal  9.577479e-01  2.876090e-01  5.369310e-14
   outer loop
     vertex  7.259915e+01  1.628307e+00  2.087766e+01
     vertex  7.411632e+01 -3.423907e+00  2.088079e+01
     vertex  7.395976e+01 -2.902583e+00  2.059510e+01
   endloop
 endfacet
 facet normal  9.577479e-01  2.876090e-01 -3.053792e-13
   outer loop
     vertex  7.259915e+01  1.628307e+00  2.087766e+01
     vertex  7.395976e+01 -2.902583e+00  2.059510e+01
     vertex  7.266459e+01  1.410393e+00  2.073469e+01
   endloop
 endfacet
 facet normal  9.577479e-01  2.876090e-01 -2.095944e-13
   outer loop
     vertex  7.252620e+01  1.871225e+00  2.096641e+01
     vertex  7.428798e+01 -3.995561e+00  2.102790e+01
     vertex  7.411632e+01 -3.423907e+00  2.088079e+01
   endloop
 endfacet
 facet normal  9.577479e-01  2.876090e-01 -3.453567e-15
   outer loop
     vertex  7.252620e+01  1.871225e+00  2.096641e+01
     vertex  7.710867e+01 -1.338855e+01  2.599650e+01
     vertex  7.428798e+01 -3.995561e+00  2.102790e+01
   endloop
 endfacet
 facet normal  9.577479e-01  2.876090e-01  1.339949e-13
   outer loop
     vertex  7.252620e+01  1.871225e+00  2.096641e+01
     vertex  7.411632e+01 -3.423907e+00  2.088079e+01
     vertex  7.259915e+01  1.628307e+00  2.087766e+01
   endloop
 endfacet
 facet normal  9.577479e-01  2.876090e-01 -3.520984e-14
   outer loop
     vertex  7.244940e+01  2.126968e+00  2.099650e+01
     vertex  7.710867e+01 -1.338855e+01  2.599650e+01
     vertex  7.252620e+01  1.871225e+00  2.096641e+01
   endloop
 endfacet
 facet normal  9.577479e-01  2.876090e-01 -1.358994e-14
   outer loop
     vertex  6.012495e+01  4.316784e+01 -1.602113e+00
     vertex  6.129017e+01  3.928759e+01 -2.803504e+00
     vertex  6.129883e+01  3.925877e+01 -3.070529e+00
   endloop
 endfacet
 facet normal  9.577479e-01  2.876090e-01  2.306587e-13
   outer loop
     vertex  6.012495e+01  4.316784e+01 -1.602113e+00
     vertex  6.129883e+01  3.925877e+01 -3.070529e+00
     vertex  6.132435e+01  3.917377e+01 -3.324165e+00
   endloop
 endfacet
 facet normal  9.577479e-01  2.876090e-01 -2.014598e-16
   outer loop
     vertex  6.012495e+01  4.316784e+01 -1.602113e+00
     vertex  6.025729e+01  4.272715e+01 -1.194467e+00
     vertex  6.129017e+01  3.928759e+01 -2.803504e+00
   endloop
 endfacet
 facet normal  9.577479e-01  2.876090e-01  6.599366e-14
   outer loop
     vertex  6.035772e+01  4.239269e+01 -6.885482e-01
     vertex  6.129017e+01  3.928759e+01 -2.803504e+00
     vertex  6.025729e+01  4.272715e+01 -1.194467e+00
   endloop
 endfacet
 facet normal  9.577479e-01  2.876090e-01  2.590759e-13
   outer loop
     vertex  5.996839e+01  4.368916e+01 -1.887796e+00
     vertex  6.132435e+01  3.917377e+01 -3.324165e+00
     vertex  6.136547e+01  3.903685e+01 -3.551692e+00
   endloop
 endfacet
 facet normal  9.577479e-01  2.876090e-01 -6.222014e-14
   outer loop
     vertex  5.996839e+01  4.368916e+01 -1.887796e+00
     vertex  6.012495e+01  4.316784e+01 -1.602113e+00
     vertex  6.132435e+01  3.917377e+01 -3.324165e+00
   endloop
 endfacet
 facet normal  9.577479e-01  2.876090e-01 -6.003521e-14
   outer loop
     vertex  6.042042e+01  4.218391e+01 -1.137591e-01
     vertex  6.129017e+01  3.928759e+01 -2.803504e+00
     vertex  6.035772e+01  4.239269e+01 -6.885482e-01
   endloop
 endfacet
 facet normal  9.577479e-01  2.876090e-01  3.146503e-14
   outer loop
     vertex  5.979673e+01  4.426082e+01 -2.034912e+00
     vertex  5.996839e+01  4.368916e+01 -1.887796e+00
     vertex  6.136547e+01  3.903685e+01 -3.551692e+00
   endloop
 endfacet
 facet normal  9.577479e-01  2.876090e-01 -2.374194e-13
   outer loop
     vertex  5.979673e+01  4.426082e+01 -2.034912e+00
     vertex  6.136547e+01  3.903685e+01 -3.551692e+00
     vertex  6.142012e+01  3.885487e+01 -3.741702e+00
   endloop
 endfacet
 facet normal  9.577479e-01  2.876090e-01 -1.317685e-14
   outer loop
     vertex  6.044173e+01  4.211294e+01  4.964959e-01
     vertex  6.129017e+01  3.928759e+01 -2.803504e+00
     vertex  6.042042e+01  4.218391e+01 -1.137591e-01
   endloop
 endfacet
 facet normal  9.577479e-01  2.876090e-01  4.909742e-14
   outer loop
     vertex  5.961992e+01  4.484958e+01 -2.034912e+00
     vertex  5.979673e+01  4.426082e+01 -2.034912e+00
     vertex  6.142012e+01  3.885487e+01 -3.741702e+00
   endloop
 endfacet
 facet normal  9.577479e-01  2.876090e-01 -1.928910e-13
   outer loop
     vertex  5.961992e+01  4.484958e+01 -2.034912e+00
     vertex  6.142012e+01  3.885487e+01 -3.741702e+00
     vertex  6.148556e+01  3.863695e+01 -3.884667e+00
   endloop
 endfacet
 facet normal  9.577479e-01  2.876090e-01  1.731459e-14
   outer loop
     vertex  6.042042e+01  4.218391e+01  1.106751e+00
     vertex  6.129017e+01  3.928759e+01 -2.803504e+00
     vertex  6.044173e+01  4.211294e+01  4.964959e-01
   endloop
 endfacet
 facet normal  9.577479e-01  2.876090e-01  5.063404e-14
   outer loop
     vertex  6.035772e+01  4.239269e+01  1.681540e+00
     vertex  6.129017e+01  3.928759e+01 -2.803504e+00
     vertex  6.042042e+01  4.218391e+01  1.106751e+00
   endloop
 endfacet
 facet normal  9.577479e-01  2.876090e-01  1.080428e-14
   outer loop
     vertex  5.697604e+01  5.365381e+01 -6.003504e+00
     vertex  5.961992e+01  4.484958e+01 -2.034912e+00
     vertex  6.148556e+01  3.863695e+01 -3.884667e+00
   endloop
 endfacet
 facet normal  9.577479e-01  2.876090e-01  5.893665e-14
   outer loop
     vertex  5.697604e+01  5.365381e+01 -6.003504e+00
     vertex  6.148556e+01  3.863695e+01 -3.884667e+00
     vertex  6.155851e+01  3.839403e+01 -3.973418e+00
   endloop
 endfacet
 facet normal  9.577479e-01  2.876090e-01 -2.782482e-14
   outer loop
     vertex  5.697604e+01  5.365381e+01 -6.003504e+00
     vertex  6.155851e+01  3.839403e+01 -3.973418e+00
     vertex  6.163531e+01  3.813829e+01 -4.003504e+00
   endloop
 endfacet
 facet normal  9.577479e-01  2.876090e-01 -1.700767e-14
   outer loop
     vertex  5.697604e+01  5.365381e+01 -6.003504e+00
     vertex  6.163531e+01  3.813829e+01 -4.003504e+00
     vertex  7.244940e+01  2.126968e+00 -4.003504e+00
   endloop
 endfacet
 facet normal  9.577479e-01  2.876090e-01 -6.496391e-15
   outer loop
     vertex  5.697604e+01  5.365381e+01 -6.003504e+00
     vertex  7.244940e+01  2.126968e+00 -4.003504e+00
     vertex  7.710867e+01 -1.338855e+01 -6.003504e+00
   endloop
 endfacet
 facet normal  9.577479e-01  2.876090e-01 -6.506786e-14
   outer loop
     vertex  5.697604e+01  5.365381e+01 -6.003504e+00
     vertex  5.897492e+01  4.699746e+01  4.964959e-01
     vertex  5.899623e+01  4.692649e+01 -1.137591e-01
   endloop
 endfacet
 facet normal  9.577479e-01  2.876090e-01  6.175702e-14
   outer loop
     vertex  5.697604e+01  5.365381e+01 -6.003504e+00
     vertex  5.899623e+01  4.692649e+01 -1.137591e-01
     vertex  5.905893e+01  4.671771e+01 -6.885482e-01
   endloop
 endfacet
 facet normal  9.577479e-01  2.876090e-01  6.114332e-15
   outer loop
     vertex  5.697604e+01  5.365381e+01 -6.003504e+00
     vertex  5.905893e+01  4.671771e+01 -6.885482e-01
     vertex  5.915937e+01  4.638326e+01 -1.194467e+00
   endloop
 endfacet
 facet normal  9.577479e-01  2.876090e-01 -4.953495e-14
   outer loop
     vertex  5.697604e+01  5.365381e+01 -6.003504e+00
     vertex  5.915937e+01  4.638326e+01 -1.194467e+00
     vertex  5.929170e+01  4.594256e+01 -1.602113e+00
   endloop
 endfacet
 facet normal  9.577479e-01  2.876090e-01  1.134827e-14
   outer loop
     vertex  5.697604e+01  5.365381e+01 -6.003504e+00
     vertex  5.929170e+01  4.594256e+01 -1.602113e+00
     vertex  5.944826e+01  4.542124e+01 -1.887796e+00
   endloop
 endfacet
 facet normal  9.577479e-01  2.876090e-01  9.547394e-16
   outer loop
     vertex  5.697604e+01  5.365381e+01 -6.003504e+00
     vertex  5.944826e+01  4.542124e+01 -1.887796e+00
     vertex  5.961992e+01  4.484958e+01 -2.034912e+00
   endloop
 endfacet
 facet normal  9.577479e-01  2.876090e-01  8.204937e-14
   outer loop
     vertex  5.899623e+01  4.692649e+01  1.106751e+00
     vertex  5.897492e+01  4.699746e+01  4.964959e-01
     vertex  5.697604e+01  5.365381e+01 -6.003504e+00
   endloop
 endfacet
 facet normal  9.577479e-01  2.876090e-01 -2.094205e-13
   outer loop
     vertex  5.905893e+01  4.671771e+01  1.681540e+00
     vertex  5.899623e+01  4.692649e+01  1.106751e+00
     vertex  5.697604e+01  5.365381e+01 -6.003504e+00
   endloop
 endfacet
 facet normal  9.577479e-01  2.876090e-01  5.269967e-15
   outer loop
     vertex  6.129017e+01  3.928759e+01  1.979650e+01
     vertex  6.129017e+01  3.928759e+01 -2.803504e+00
     vertex  6.035772e+01  4.239269e+01  1.681540e+00
   endloop
 endfacet
 facet normal  9.577479e-01  2.876090e-01  2.263325e-14
   outer loop
     vertex  6.129017e+01  3.928759e+01  1.979650e+01
     vertex  6.035772e+01  4.239269e+01  1.681540e+00
     vertex  6.025729e+01  4.272715e+01  2.187459e+00
   endloop
 endfacet
 facet normal  9.577479e-01  2.876090e-01  0.000000e+00
   outer loop
     vertex  6.025729e+01  4.272715e+01  1.680553e+01
     vertex  6.129017e+01  3.928759e+01  1.979650e+01
     vertex  6.025729e+01  4.272715e+01  2.187459e+00
   endloop
 endfacet
 facet normal  9.577479e-01  2.876090e-01  0.000000e+00
   outer loop
     vertex  6.025729e+01  4.272715e+01  1.680553e+01
     vertex  6.025729e+01  4.272715e+01  2.187459e+00
     vertex  6.012495e+01  4.316784e+01  2.595105e+00
   endloop
 endfacet
 facet normal  9.577479e-01  2.876090e-01  1.972127e-15
   outer loop
     vertex  6.012495e+01  4.316784e+01  1.639789e+01
     vertex  6.025729e+01  4.272715e+01  1.680553e+01
     vertex  6.012495e+01  4.316784e+01  2.595105e+00
   endloop
 endfacet
 facet normal  9.577479e-01  2.876090e-01  4.565627e-13
   outer loop
     vertex  6.035772e+01  4.239269e+01  1.731145e+01
     vertex  6.129017e+01  3.928759e+01  1.979650e+01
     vertex  6.025729e+01  4.272715e+01  1.680553e+01
   endloop
 endfacet
 facet normal  9.577479e-01  2.876090e-01  1.972734e-15
   outer loop
     vertex  5.996839e+01  4.368916e+01  1.611220e+01
     vertex  6.012495e+01  4.316784e+01  1.639789e+01
     vertex  6.012495e+01  4.316784e+01  2.595105e+00
   endloop
 endfacet
 facet normal  9.577479e-01  2.876090e-01  1.544494e-16
   outer loop
     vertex  5.996839e+01  4.368916e+01  1.611220e+01
     vertex  6.012495e+01  4.316784e+01  2.595105e+00
     vertex  5.996839e+01  4.368916e+01  2.880787e+00
   endloop
 endfacet
 facet normal  9.577479e-01  2.876090e-01 -3.914072e-14
   outer loop
     vertex  6.042042e+01  4.218391e+01  1.788624e+01
     vertex  6.129017e+01  3.928759e+01  1.979650e+01
     vertex  6.035772e+01  4.239269e+01  1.731145e+01
   endloop
 endfacet
 facet normal  9.577479e-01  2.876090e-01  1.528799e-16
   outer loop
     vertex  5.979673e+01  4.426082e+01  1.596509e+01
     vertex  5.996839e+01  4.368916e+01  1.611220e+01
     vertex  5.996839e+01  4.368916e+01  2.880787e+00
   endloop
 endfacet
 facet normal  9.577479e-01  2.876090e-01  2.420001e-15
   outer loop
     vertex  5.979673e+01  4.426082e+01  1.596509e+01
     vertex  5.996839e+01  4.368916e+01  2.880787e+00
     vertex  5.979673e+01  4.426082e+01  3.027903e+00
   endloop
 endfacet
 facet normal  9.577479e-01  2.876090e-01 -1.108888e-14
   outer loop
     vertex  6.044173e+01  4.211294e+01  1.849650e+01
     vertex  6.129017e+01  3.928759e+01  1.979650e+01
     vertex  6.042042e+01  4.218391e+01  1.788624e+01
   endloop
 endfacet
 facet normal  9.577479e-01  2.876090e-01  2.104077e-15
   outer loop
     vertex  5.961992e+01  4.484958e+01  1.596509e+01
     vertex  5.979673e+01  4.426082e+01  3.027903e+00
     vertex  5.961992e+01  4.484958e+01  3.027903e+00
   endloop
 endfacet
 facet normal  9.577479e-01  2.876090e-01  2.420291e-15
   outer loop
     vertex  5.961992e+01  4.484958e+01  1.596509e+01
     vertex  5.979673e+01  4.426082e+01  1.596509e+01
     vertex  5.979673e+01  4.426082e+01  3.027903e+00
   endloop
 endfacet
 facet normal  9.577479e-01  2.876090e-01 -3.555827e-14
   outer loop
     vertex  6.042042e+01  4.218391e+01  1.910675e+01
     vertex  6.129017e+01  3.928759e+01  1.979650e+01
     vertex  6.044173e+01  4.211294e+01  1.849650e+01
   endloop
 endfacet
 facet normal  9.577479e-01  2.876090e-01  2.104528e-15
   outer loop
     vertex  5.944826e+01  4.542124e+01  1.611220e+01
     vertex  5.961992e+01  4.484958e+01  1.596509e+01
     vertex  5.961992e+01  4.484958e+01  3.027903e+00
   endloop
 endfacet
 facet normal  9.577479e-01  2.876090e-01 -1.544494e-16
   outer loop
     vertex  5.944826e+01  4.542124e+01  1.611220e+01
     vertex  5.961992e+01  4.484958e+01  3.027903e+00
     vertex  5.944826e+01  4.542124e+01  2.880787e+00
   endloop
 endfacet
 facet normal  9.577479e-01  2.876090e-01 -1.544494e-16
   outer loop
     vertex  5.944826e+01  4.542124e+01  1.611220e+01
     vertex  5.944826e+01  4.542124e+01  2.880787e+00
     vertex  5.929170e+01  4.594256e+01  2.595105e+00
   endloop
 endfacet
 facet normal  9.577479e-01  2.876090e-01 -7.698668e-14
   outer loop
     vertex  6.035772e+01  4.239269e+01  1.968154e+01
     vertex  6.132435e+01  3.917377e+01  2.031716e+01
     vertex  6.129883e+01  3.925877e+01  2.006352e+01
   endloop
 endfacet
 facet normal  9.577479e-01  2.876090e-01  7.725440e-15
   outer loop
     vertex  6.035772e+01  4.239269e+01  1.968154e+01
     vertex  6.129883e+01  3.925877e+01  2.006352e+01
     vertex  6.129017e+01  3.928759e+01  1.979650e+01
   endloop
 endfacet
 facet normal  9.577479e-01  2.876090e-01  7.764196e-14
   outer loop
     vertex  6.035772e+01  4.239269e+01  1.968154e+01
     vertex  6.129017e+01  3.928759e+01  1.979650e+01
     vertex  6.042042e+01  4.218391e+01  1.910675e+01
   endloop
 endfacet
 facet normal  9.577479e-01  2.876090e-01 -1.480560e-16
   outer loop
     vertex  5.929170e+01  4.594256e+01  1.639789e+01
     vertex  5.929170e+01  4.594256e+01  2.595105e+00
     vertex  5.915937e+01  4.638326e+01  2.187459e+00
   endloop
 endfacet
 facet normal  9.577479e-01  2.876090e-01 -1.480560e-16
   outer loop
     vertex  5.929170e+01  4.594256e+01  1.639789e+01
     vertex  5.944826e+01  4.542124e+01  1.611220e+01
     vertex  5.929170e+01  4.594256e+01  2.595105e+00
   endloop
 endfacet
 facet normal  9.577479e-01  2.876090e-01 -1.000474e-13
   outer loop
     vertex  6.025729e+01  4.272715e+01  2.018746e+01
     vertex  6.136547e+01  3.903685e+01  2.054468e+01
     vertex  6.132435e+01  3.917377e+01  2.031716e+01
   endloop
 endfacet
 facet normal  9.577479e-01  2.876090e-01 -8.374385e-14
   outer loop
     vertex  6.025729e+01  4.272715e+01  2.018746e+01
     vertex  6.132435e+01  3.917377e+01  2.031716e+01
     vertex  6.035772e+01  4.239269e+01  1.968154e+01
   endloop
 endfacet
 facet normal  9.577479e-01  2.876090e-01 -1.397985e-16
   outer loop
     vertex  5.915937e+01  4.638326e+01  1.680553e+01
     vertex  5.929170e+01  4.594256e+01  1.639789e+01
     vertex  5.915937e+01  4.638326e+01  2.187459e+00
   endloop
 endfacet
 facet normal  9.577479e-01  2.876090e-01  2.974885e-13
   outer loop
     vertex  6.012495e+01  4.316784e+01  2.059510e+01
     vertex  6.148556e+01  3.863695e+01  2.087766e+01
     vertex  6.142012e+01  3.885487e+01  2.073469e+01
   endloop
 endfacet
 facet normal  9.577479e-01  2.876090e-01  1.071206e-14
   outer loop
     vertex  6.012495e+01  4.316784e+01  2.059510e+01
     vertex  6.142012e+01  3.885487e+01  2.073469e+01
     vertex  6.136547e+01  3.903685e+01  2.054468e+01
   endloop
 endfacet
 facet normal  9.577479e-01  2.876090e-01 -1.516494e-14
   outer loop
     vertex  6.012495e+01  4.316784e+01  2.059510e+01
     vertex  6.136547e+01  3.903685e+01  2.054468e+01
     vertex  6.025729e+01  4.272715e+01  2.018746e+01
   endloop
 endfacet
 facet normal  9.577479e-01  2.876090e-01  1.110326e-14
   outer loop
     vertex  5.905893e+01  4.671771e+01  1.731145e+01
     vertex  5.905893e+01  4.671771e+01  1.681540e+00
     vertex  5.697604e+01  5.365381e+01 -6.003504e+00
   endloop
 endfacet
 facet normal  9.577479e-01  2.876090e-01 -1.400071e-16
   outer loop
     vertex  5.905893e+01  4.671771e+01  1.731145e+01
     vertex  5.915937e+01  4.638326e+01  1.680553e+01
     vertex  5.915937e+01  4.638326e+01  2.187459e+00
   endloop
 endfacet
 facet normal  9.577479e-01  2.876090e-01  1.110326e-14
   outer loop
     vertex  5.905893e+01  4.671771e+01  1.731145e+01
     vertex  5.915937e+01  4.638326e+01  2.187459e+00
     vertex  5.905893e+01  4.671771e+01  1.681540e+00
   endloop
 endfacet
 facet normal  9.577479e-01  2.876090e-01 -4.393895e-13
   outer loop
     vertex  5.996839e+01  4.368916e+01  2.088079e+01
     vertex  6.155851e+01  3.839403e+01  2.096641e+01
     vertex  6.148556e+01  3.863695e+01  2.087766e+01
   endloop
 endfacet
 facet normal  9.577479e-01  2.876090e-01  3.363194e-14
   outer loop
     vertex  5.996839e+01  4.368916e+01  2.088079e+01
     vertex  6.148556e+01  3.863695e+01  2.087766e+01
     vertex  6.012495e+01  4.316784e+01  2.059510e+01
   endloop
 endfacet
 facet normal  9.577479e-01  2.876090e-01 -1.995770e-13
   outer loop
     vertex  5.979673e+01  4.426082e+01  2.102790e+01
     vertex  6.155851e+01  3.839403e+01  2.096641e+01
     vertex  5.996839e+01  4.368916e+01  2.088079e+01
   endloop
 endfacet
 facet normal  9.577479e-01  2.876090e-01  2.807041e-13
   outer loop
     vertex  5.697604e+01  5.365381e+01  2.599650e+01
     vertex  6.163531e+01  3.813829e+01  2.099650e+01
     vertex  6.155851e+01  3.839403e+01  2.096641e+01
   endloop
 endfacet
 facet normal  9.577479e-01  2.876090e-01  2.619947e-14
   outer loop
     vertex  5.697604e+01  5.365381e+01  2.599650e+01
     vertex  6.155851e+01  3.839403e+01  2.096641e+01
     vertex  5.979673e+01  4.426082e+01  2.102790e+01
   endloop
 endfacet
 facet normal  9.577479e-01  2.876090e-01  2.326309e-14
   outer loop
     vertex  5.697604e+01  5.365381e+01  2.599650e+01
     vertex  5.979673e+01  4.426082e+01  2.102790e+01
     vertex  5.961992e+01  4.484958e+01  2.102790e+01
   endloop
 endfacet
 facet normal  9.577479e-01  2.876090e-01 -6.006197e-14
   outer loop
     vertex  5.697604e+01  5.365381e+01  2.599650e+01
     vertex  5.961992e+01  4.484958e+01  2.102790e+01
     vertex  5.944826e+01  4.542124e+01  2.088079e+01
   endloop
 endfacet
 facet normal  9.577479e-01  2.876090e-01 -4.610168e-14
   outer loop
     vertex  5.697604e+01  5.365381e+01  2.599650e+01
     vertex  5.944826e+01  4.542124e+01  2.088079e+01
     vertex  5.929170e+01  4.594256e+01  2.059510e+01
   endloop
 endfacet
 facet normal  9.577479e-01  2.876090e-01  4.743097e-14
   outer loop
     vertex  5.697604e+01  5.365381e+01  2.599650e+01
     vertex  5.929170e+01  4.594256e+01  2.059510e+01
     vertex  5.915937e+01  4.638326e+01  2.018746e+01
   endloop
 endfacet
 facet normal  9.577479e-01  2.876090e-01 -9.382450e-15
   outer loop
     vertex  5.697604e+01  5.365381e+01  2.599650e+01
     vertex  5.915937e+01  4.638326e+01  2.018746e+01
     vertex  5.905893e+01  4.671771e+01  1.968154e+01
   endloop
 endfacet
 facet normal  9.577479e-01  2.876090e-01 -5.323366e-14
   outer loop
     vertex  5.697604e+01  5.365381e+01  2.599650e+01
     vertex  5.905893e+01  4.671771e+01  1.968154e+01
     vertex  5.899623e+01  4.692649e+01  1.910675e+01
   endloop
 endfacet
 facet normal  9.577479e-01  2.876090e-01  2.481044e-14
   outer loop
     vertex  5.697604e+01  5.365381e+01  2.599650e+01
     vertex  5.899623e+01  4.692649e+01  1.910675e+01
     vertex  5.897492e+01  4.699746e+01  1.849650e+01
   endloop
 endfacet
 facet normal  9.577479e-01  2.876090e-01 -3.229272e-14
   outer loop
     vertex  5.697604e+01  5.365381e+01  2.599650e+01
     vertex  5.897492e+01  4.699746e+01  1.849650e+01
     vertex  5.899623e+01  4.692649e+01  1.788624e+01
   endloop
 endfacet
 facet normal  9.577479e-01  2.876090e-01  4.508703e-15
   outer loop
     vertex  5.697604e+01  5.365381e+01  2.599650e+01
     vertex  5.905893e+01  4.671771e+01  1.731145e+01
     vertex  5.697604e+01  5.365381e+01 -6.003504e+00
   endloop
 endfacet
 facet normal  9.577479e-01  2.876090e-01  5.166033e-14
   outer loop
     vertex  5.697604e+01  5.365381e+01  2.599650e+01
     vertex  5.899623e+01  4.692649e+01  1.788624e+01
     vertex  5.905893e+01  4.671771e+01  1.731145e+01
   endloop
 endfacet
 facet normal  9.577479e-01  2.876090e-01  1.948917e-15
   outer loop
     vertex  5.697604e+01  5.365381e+01  2.599650e+01
     vertex  7.710867e+01 -1.338855e+01  2.599650e+01
     vertex  7.244940e+01  2.126968e+00  2.099650e+01
   endloop
 endfacet
 facet normal  9.577479e-01  2.876090e-01 -1.965331e-15
   outer loop
     vertex  5.697604e+01  5.365381e+01  2.599650e+01
     vertex  7.244940e+01  2.126968e+00  2.099650e+01
     vertex  6.163531e+01  3.813829e+01  2.099650e+01
   endloop
 endfacet
 facet normal -5.363548e-15 -1.301538e-15  1.000000e+00
   outer loop
     vertex  7.230285e+01  4.781524e+01 -6.003504e+00
     vertex  7.057720e+01  5.356173e+01 -6.003504e+00
     vertex  5.697604e+01  5.365381e+01 -6.003504e+00
   endloop
 endfacet
 facet normal -5.365196e-15 -1.544913e-15  1.000000e+00
   outer loop
     vertex  7.728143e+01  5.557499e+01 -6.003504e+00
     vertex  5.697604e+01  5.365381e+01 -6.003504e+00
     vertex  7.057720e+01  5.356173e+01 -6.003504e+00
   endloop
 endfacet
 facet normal -6.023669e-15  2.610921e-16  1.000000e+00
   outer loop
     vertex  8.050365e+01  5.033791e+01 -6.003504e+00
     vertex  7.900709e+01  4.982851e+01 -6.003504e+00
     vertex  8.018654e+01  4.982540e+01 -6.003504e+00
   endloop
 endfacet
 facet normal -6.027384e-15 -1.150498e-15  1.000000e+00
   outer loop
     vertex  8.000129e+01  4.925189e+01 -6.003504e+00
     vertex  8.018654e+01  4.982540e+01 -6.003504e+00
     vertex  7.900709e+01  4.982851e+01 -6.003504e+00
   endloop
 endfacet
 facet normal -4.700922e-15 -3.624933e-15  1.000000e+00
   outer loop
     vertex  8.093420e+01  5.075964e+01 -6.003504e+00
     vertex  7.900709e+01  4.982851e+01 -6.003504e+00
     vertex  8.050365e+01  5.033791e+01 -6.003504e+00
   endloop
 endfacet
 facet normal -5.765250e-15 -1.422168e-15  1.000000e+00
   outer loop
     vertex  8.093420e+01  5.075964e+01 -6.003504e+00
     vertex  7.728143e+01  5.557499e+01 -6.003504e+00
     vertex  7.900709e+01  4.982851e+01 -6.003504e+00
   endloop
 endfacet
 facet normal -6.794520e-15 -2.473209e-15  1.000000e+00
   outer loop
     vertex  7.995868e+01  4.865072e+01 -6.003504e+00
     vertex  8.000129e+01  4.925189e+01 -6.003504e+00
     vertex  7.900709e+01  4.982851e+01 -6.003504e+00
   endloop
 endfacet
 facet normal -5.931540e-15 -1.548310e-15  1.000000e+00
   outer loop
     vertex  8.145316e+01  5.106608e+01 -6.003504e+00
     vertex  7.728143e+01  5.557499e+01 -6.003504e+00
     vertex  8.093420e+01  5.075964e+01 -6.003504e+00
   endloop
 endfacet
 facet normal -4.747528e-15 -8.193395e-16  1.000000e+00
   outer loop
     vertex  8.006118e+01  4.805682e+01 -6.003504e+00
     vertex  7.995868e+01  4.865072e+01 -6.003504e+00
     vertex  7.900709e+01  4.982851e+01 -6.003504e+00
   endloop
 endfacet
 facet normal -5.456427e-15 -1.241109e-15  1.000000e+00
   outer loop
     vertex  8.006118e+01  4.805682e+01 -6.003504e+00
     vertex  7.900709e+01  4.982851e+01 -6.003504e+00
     vertex  7.230285e+01  4.781524e+01 -6.003504e+00
   endloop
 endfacet
 facet normal -5.742463e-15 -1.373372e-15  1.000000e+00
   outer loop
     vertex  8.203038e+01  5.123942e+01 -6.003504e+00
     vertex  7.728143e+01  5.557499e+01 -6.003504e+00
     vertex  8.145316e+01  5.106608e+01 -6.003504e+00
   endloop
 endfacet
 facet normal -5.828670e-15 -1.467799e-15  1.000000e+00
   outer loop
     vertex  8.263231e+01  5.126958e+01 -6.003504e+00
     vertex  7.728143e+01  5.557499e+01 -6.003504e+00
     vertex  8.203038e+01  5.123942e+01 -6.003504e+00
   endloop
 endfacet
 facet normal -6.435764e-15 -2.222310e-15  1.000000e+00
   outer loop
     vertex  8.322396e+01  5.115482e+01 -6.003504e+00
     vertex  7.728143e+01  5.557499e+01 -6.003504e+00
     vertex  8.263231e+01  5.126958e+01 -6.003504e+00
   endloop
 endfacet
 facet normal -5.455610e-15 -1.267360e-15  1.000000e+00
   outer loop
     vertex  8.293727e+01  3.847934e+01 -6.003504e+00
     vertex  8.006118e+01  4.805682e+01 -6.003504e+00
     vertex  7.230285e+01  4.781524e+01 -6.003504e+00
   endloop
 endfacet
 facet normal -6.951482e-15 -2.971289e-15  1.000000e+00
   outer loop
     vertex  8.315730e+01  3.796457e+01 -6.003504e+00
     vertex  8.293727e+01  3.847934e+01 -6.003504e+00
     vertex  7.230285e+01  4.781524e+01 -6.003504e+00
   endloop
 endfacet
 facet normal -5.280247e-15 -2.442750e-15  1.000000e+00
   outer loop
     vertex  1.088871e+02  6.506609e+01 -6.003504e+00
     vertex  5.697604e+01  5.365381e+01 -6.003504e+00
     vertex  7.728143e+01  5.557499e+01 -6.003504e+00
   endloop
 endfacet
 facet normal -5.925266e-15 -8.296620e-16  1.000000e+00
   outer loop
     vertex  1.088871e+02  6.506609e+01 -6.003504e+00
     vertex  8.424151e+01  5.052522e+01 -6.003504e+00
     vertex  8.460827e+01  5.004698e+01 -6.003504e+00
   endloop
 endfacet
 facet normal -5.294543e-15 -1.898686e-15  1.000000e+00
   outer loop
     vertex  1.088871e+02  6.506609e+01 -6.003504e+00
     vertex  8.377096e+01  5.090179e+01 -6.003504e+00
     vertex  8.424151e+01  5.052522e+01 -6.003504e+00
   endloop
 endfacet
 facet normal -4.652415e-15 -3.037308e-15  1.000000e+00
   outer loop
     vertex  1.088871e+02  6.506609e+01 -6.003504e+00
     vertex  8.322396e+01  5.115482e+01 -6.003504e+00
     vertex  8.377096e+01  5.090179e+01 -6.003504e+00
   endloop
 endfacet
 facet normal -5.659742e-15 -1.179018e-15  1.000000e+00
   outer loop
     vertex  1.088871e+02  6.506609e+01 -6.003504e+00
     vertex  7.728143e+01  5.557499e+01 -6.003504e+00
     vertex  8.322396e+01  5.115482e+01 -6.003504e+00
   endloop
 endfacet
 facet normal -5.258828e-15 -2.301674e-15  1.000000e+00
   outer loop
     vertex  1.106128e+02  5.931960e+01 -6.003504e+00
     vertex  8.460827e+01  5.004698e+01 -6.003504e+00
     vertex  8.484992e+01  4.949486e+01 -6.003504e+00
   endloop
 endfacet
 facet normal -5.632958e-15 -1.320617e-15  1.000000e+00
   outer loop
     vertex  1.106128e+02  5.931960e+01 -6.003504e+00
     vertex  8.484992e+01  4.949486e+01 -6.003504e+00
     vertex  8.772601e+01  3.991738e+01 -6.003504e+00
   endloop
 endfacet
 facet normal -5.591090e-15 -1.369868e-15  1.000000e+00
   outer loop
     vertex  1.106128e+02  5.931960e+01 -6.003504e+00
     vertex  1.088871e+02  6.506609e+01 -6.003504e+00
     vertex  8.460827e+01  5.004698e+01 -6.003504e+00
   endloop
 endfacet
 facet normal -4.099073e-15 -9.213128e-16  1.000000e+00
   outer loop
     vertex  9.054046e+01  1.534648e+01 -6.003504e+00
     vertex  8.440093e+01  3.687806e+01 -6.003504e+00
     vertex  8.390795e+01  3.714334e+01 -6.003504e+00
   endloop
 endfacet
 facet normal -4.108385e-15 -9.239679e-16  1.000000e+00
   outer loop
     vertex  9.085757e+01  1.585899e+01 -6.003504e+00
     vertex  8.440093e+01  3.687806e+01 -6.003504e+00
     vertex  9.054046e+01  1.534648e+01 -6.003504e+00
   endloop
 endfacet
 facet normal -7.091226e-15 -1.840238e-15  1.000000e+00
   outer loop
     vertex  9.085757e+01  1.585899e+01 -6.003504e+00
     vertex  8.494058e+01  3.672913e+01 -6.003504e+00
     vertex  8.440093e+01  3.687806e+01 -6.003504e+00
   endloop
 endfacet
 facet normal -5.353259e-15 -1.304620e-15  1.000000e+00
   outer loop
     vertex  9.035522e+01  1.477297e+01 -6.003504e+00
     vertex  8.390795e+01  3.714334e+01 -6.003504e+00
     vertex  8.348636e+01  3.751166e+01 -6.003504e+00
   endloop
 endfacet
 facet normal -5.457351e-15 -1.334620e-15  1.000000e+00
   outer loop
     vertex  9.035522e+01  1.477297e+01 -6.003504e+00
     vertex  9.054046e+01  1.534648e+01 -6.003504e+00
     vertex  8.390795e+01  3.714334e+01 -6.003504e+00
   endloop
 endfacet
 facet normal -3.205342e-15 -6.475132e-16  1.000000e+00
   outer loop
     vertex  9.128812e+01  1.628072e+01 -6.003504e+00
     vertex  8.549984e+01  3.670402e+01 -6.003504e+00
     vertex  8.494058e+01  3.672913e+01 -6.003504e+00
   endloop
 endfacet
 facet normal -6.588636e-15 -1.697746e-15  1.000000e+00
   outer loop
     vertex  9.128812e+01  1.628072e+01 -6.003504e+00
     vertex  8.494058e+01  3.672913e+01 -6.003504e+00
     vertex  9.085757e+01  1.585899e+01 -6.003504e+00
   endloop
 endfacet
 facet normal -8.760467e-15 -2.333862e-15  1.000000e+00
   outer loop
     vertex  9.031261e+01  1.417179e+01 -6.003504e+00
     vertex  9.035522e+01  1.477297e+01 -6.003504e+00
     vertex  8.348636e+01  3.751166e+01 -6.003504e+00
   endloop
 endfacet
 facet normal -8.509450e-15 -2.260447e-15  1.000000e+00
   outer loop
     vertex  9.031261e+01  1.417179e+01 -6.003504e+00
     vertex  8.348636e+01  3.751166e+01 -6.003504e+00
     vertex  8.315730e+01  3.796457e+01 -6.003504e+00
   endloop
 endfacet
 facet normal -5.479403e-15 -1.349207e-15  1.000000e+00
   outer loop
     vertex  9.031261e+01  1.417179e+01 -6.003504e+00
     vertex  8.315730e+01  3.796457e+01 -6.003504e+00
     vertex  7.230285e+01  4.781524e+01 -6.003504e+00
   endloop
 endfacet
 facet normal -6.178380e-15 -1.495600e-15  1.000000e+00
   outer loop
     vertex  9.180708e+01  1.658716e+01 -6.003504e+00
     vertex  8.605066e+01  3.680399e+01 -6.003504e+00
     vertex  8.549984e+01  3.670402e+01 -6.003504e+00
   endloop
 endfacet
 facet normal -5.996362e-15 -1.438532e-15  1.000000e+00
   outer loop
     vertex  9.180708e+01  1.658716e+01 -6.003504e+00
     vertex  8.549984e+01  3.670402e+01 -6.003504e+00
     vertex  9.128812e+01  1.628072e+01 -6.003504e+00
   endloop
 endfacet
 facet normal -5.742986e-15 -1.371628e-15  1.000000e+00
   outer loop
     vertex  9.238430e+01  1.676049e+01 -6.003504e+00
     vertex  8.605066e+01  3.680399e+01 -6.003504e+00
     vertex  9.180708e+01  1.658716e+01 -6.003504e+00
   endloop
 endfacet
 facet normal -6.247178e-15 -1.530950e-15  1.000000e+00
   outer loop
     vertex  9.238430e+01  1.676049e+01 -6.003504e+00
     vertex  8.656543e+01  3.702402e+01 -6.003504e+00
     vertex  8.605066e+01  3.680399e+01 -6.003504e+00
   endloop
 endfacet
 facet normal -6.633754e-15 -1.666170e-15  1.000000e+00
   outer loop
     vertex  9.298623e+01  1.679066e+01 -6.003504e+00
     vertex  8.701833e+01  3.735308e+01 -6.003504e+00
     vertex  8.656543e+01  3.702402e+01 -6.003504e+00
   endloop
 endfacet
 facet normal -5.831488e-15 -1.411581e-15  1.000000e+00
   outer loop
     vertex  9.298623e+01  1.679066e+01 -6.003504e+00
     vertex  8.656543e+01  3.702402e+01 -6.003504e+00
     vertex  9.238430e+01  1.676049e+01 -6.003504e+00
   endloop
 endfacet
 facet normal -5.564396e-15 -1.394705e-15  1.000000e+00
   outer loop
     vertex  7.710867e+01 -1.338855e+01 -6.003504e+00
     vertex  9.031261e+01  1.417179e+01 -6.003504e+00
     vertex  7.230285e+01  4.781524e+01 -6.003504e+00
   endloop
 endfacet
 facet normal -5.393940e-15 -1.381321e-15  1.000000e+00
   outer loop
     vertex  7.710867e+01 -1.338855e+01 -6.003504e+00
     vertex  7.230285e+01  4.781524e+01 -6.003504e+00
     vertex  5.697604e+01  5.365381e+01 -6.003504e+00
   endloop
 endfacet
 facet normal -6.230969e-15 -1.075355e-15  1.000000e+00
   outer loop
     vertex  7.710867e+01 -1.338855e+01 -6.003504e+00
     vertex  9.041510e+01  1.357789e+01 -6.003504e+00
     vertex  9.031261e+01  1.417179e+01 -6.003504e+00
   endloop
 endfacet
 facet normal -3.898771e-15 -8.072861e-16  1.000000e+00
   outer loop
     vertex  9.357789e+01  1.667589e+01 -6.003504e+00
     vertex  8.738666e+01  3.777467e+01 -6.003504e+00
     vertex  8.701833e+01  3.735308e+01 -6.003504e+00
   endloop
 endfacet
 facet normal -6.309642e-15 -1.572102e-15  1.000000e+00
   outer loop
     vertex  9.357789e+01  1.667589e+01 -6.003504e+00
     vertex  8.701833e+01  3.735308e+01 -6.003504e+00
     vertex  9.298623e+01  1.679066e+01 -6.003504e+00
   endloop
 endfacet
 facet normal -4.708119e-15 -1.069820e-15  1.000000e+00
   outer loop
     vertex  9.412488e+01  1.642287e+01 -6.003504e+00
     vertex  8.765194e+01  3.826765e+01 -6.003504e+00
     vertex  8.738666e+01  3.777467e+01 -6.003504e+00
   endloop
 endfacet
 facet normal -3.577243e-15 -7.129369e-16  1.000000e+00
   outer loop
     vertex  9.412488e+01  1.642287e+01 -6.003504e+00
     vertex  8.738666e+01  3.777467e+01 -6.003504e+00
     vertex  9.357789e+01  1.667589e+01 -6.003504e+00
   endloop
 endfacet
 facet normal -5.695728e-15 -1.339467e-15  1.000000e+00
   outer loop
     vertex  9.329119e+01  4.000411e+00 -6.003504e+00
     vertex  9.041510e+01  1.357789e+01 -6.003504e+00
     vertex  7.710867e+01 -1.338855e+01 -6.003504e+00
   endloop
 endfacet
 facet normal -4.889374e-15 -2.089877e-15  1.000000e+00
   outer loop
     vertex  9.351122e+01  3.485641e+00 -6.003504e+00
     vertex  9.329119e+01  4.000411e+00 -6.003504e+00
     vertex  7.710867e+01 -1.338855e+01 -6.003504e+00
   endloop
 endfacet
 facet normal -6.337398e-15 -6.823251e-16  1.000000e+00
   outer loop
     vertex  9.384028e+01  3.032739e+00 -6.003504e+00
     vertex  9.351122e+01  3.485641e+00 -6.003504e+00
     vertex  7.710867e+01 -1.338855e+01 -6.003504e+00
   endloop
 endfacet
 facet normal -5.529104e-15 -1.505894e-15  1.000000e+00
   outer loop
     vertex  9.426187e+01  2.664414e+00 -6.003504e+00
     vertex  9.384028e+01  3.032739e+00 -6.003504e+00
     vertex  7.710867e+01 -1.338855e+01 -6.003504e+00
   endloop
 endfacet
 facet normal -4.820870e-15 -2.262669e-15  1.000000e+00
   outer loop
     vertex  9.475485e+01  2.399137e+00 -6.003504e+00
     vertex  9.426187e+01  2.664414e+00 -6.003504e+00
     vertex  7.710867e+01 -1.338855e+01 -6.003504e+00
   endloop
 endfacet
 facet normal -6.645104e-15 -2.236890e-16  1.000000e+00
   outer loop
     vertex  9.529450e+01  2.250209e+00 -6.003504e+00
     vertex  9.475485e+01  2.399137e+00 -6.003504e+00
     vertex  7.710867e+01 -1.338855e+01 -6.003504e+00
   endloop
 endfacet
 facet normal -3.357944e-15 -4.046227e-15  1.000000e+00
   outer loop
     vertex  9.585376e+01  2.225098e+00 -6.003504e+00
     vertex  9.529450e+01  2.250209e+00 -6.003504e+00
     vertex  7.710867e+01 -1.338855e+01 -6.003504e+00
   endloop
 endfacet
 facet normal -6.372244e-15 -4.273853e-16  1.000000e+00
   outer loop
     vertex  9.640459e+01  2.325064e+00 -6.003504e+00
     vertex  9.585376e+01  2.225098e+00 -6.003504e+00
     vertex  7.710867e+01 -1.338855e+01 -6.003504e+00
   endloop
 endfacet
 facet normal -5.682992e-15 -1.430578e-15  1.000000e+00
   outer loop
     vertex  1.188469e+02  4.399315e+01 -6.003504e+00
     vertex  1.202639e+02  4.705634e+01 -6.003504e+00
     vertex  1.106128e+02  5.931960e+01 -6.003504e+00
   endloop
 endfacet
 facet normal -7.101808e-15  4.685010e-16  1.000000e+00
   outer loop
     vertex  9.691936e+01  2.545093e+00 -6.003504e+00
     vertex  9.640459e+01  2.325064e+00 -6.003504e+00
     vertex  7.710867e+01 -1.338855e+01 -6.003504e+00
   endloop
 endfacet
 facet normal -5.674775e-15 -1.396330e-15  1.000000e+00
   outer loop
     vertex  1.223727e+02  4.969143e+01 -6.003504e+00
     vertex  1.173170e+02  6.133287e+01 -6.003504e+00
     vertex  1.106128e+02  5.931960e+01 -6.003504e+00
   endloop
 endfacet
 facet normal -5.738724e-15 -1.474439e-15  1.000000e+00
   outer loop
     vertex  1.223727e+02  4.969143e+01 -6.003504e+00
     vertex  1.106128e+02  5.931960e+01 -6.003504e+00
     vertex  1.202639e+02  4.705634e+01 -6.003504e+00
   endloop
 endfacet
 facet normal -5.885052e-15 -1.539135e-15  1.000000e+00
   outer loop
     vertex  1.182042e+02  4.067988e+01 -6.003504e+00
     vertex  1.188469e+02  4.399315e+01 -6.003504e+00
     vertex  1.106128e+02  5.931960e+01 -6.003504e+00
   endloop
 endfacet
 facet normal -5.486893e-15 -2.929908e-15  1.000000e+00
   outer loop
     vertex  1.182042e+02  4.067988e+01 -6.003504e+00
     vertex  8.782597e+01  3.936656e+01 -6.003504e+00
     vertex  8.780086e+01  3.880730e+01 -6.003504e+00
   endloop
 endfacet
 facet normal -5.569859e-15 -1.010838e-15  1.000000e+00
   outer loop
     vertex  1.182042e+02  4.067988e+01 -6.003504e+00
     vertex  8.772601e+01  3.991738e+01 -6.003504e+00
     vertex  8.782597e+01  3.936656e+01 -6.003504e+00
   endloop
 endfacet
 facet normal -5.559954e-15 -1.406731e-15  1.000000e+00
   outer loop
     vertex  1.182042e+02  4.067988e+01 -6.003504e+00
     vertex  1.106128e+02  5.931960e+01 -6.003504e+00
     vertex  8.772601e+01  3.991738e+01 -6.003504e+00
   endloop
 endfacet
 facet normal -5.590120e-15 -1.359566e-15  1.000000e+00
   outer loop
     vertex  1.250508e+02  5.174527e+01 -6.003504e+00
     vertex  1.173170e+02  6.133287e+01 -6.003504e+00
     vertex  1.223727e+02  4.969143e+01 -6.003504e+00
   endloop
 endfacet
 facet normal -5.662662e-15 -1.728952e-15  1.000000e+00
   outer loop
     vertex  1.183732e+02  3.730908e+01 -6.003504e+00
     vertex  8.780086e+01  3.880730e+01 -6.003504e+00
     vertex  8.765194e+01  3.826765e+01 -6.003504e+00
   endloop
 endfacet
 facet normal -5.650812e-15 -1.349155e-15  1.000000e+00
   outer loop
     vertex  1.183732e+02  3.730908e+01 -6.003504e+00
     vertex  8.765194e+01  3.826765e+01 -6.003504e+00
     vertex  9.412488e+01  1.642287e+01 -6.003504e+00
   endloop
 endfacet
 facet normal -5.617554e-15 -8.084815e-16  1.000000e+00
   outer loop
     vertex  1.183732e+02  3.730908e+01 -6.003504e+00
     vertex  1.182042e+02  4.067988e+01 -6.003504e+00
     vertex  8.780086e+01  3.880730e+01 -6.003504e+00
   endloop
 endfacet
 facet normal -5.689626e-15 -1.439833e-15  1.000000e+00
   outer loop
     vertex  1.281427e+02  5.309851e+01 -6.003504e+00
     vertex  1.173170e+02  6.133287e+01 -6.003504e+00
     vertex  1.250508e+02  5.174527e+01 -6.003504e+00
   endloop
 endfacet
 facet normal -5.972570e-15 -8.659390e-16  1.000000e+00
   outer loop
     vertex  1.193438e+02  3.407666e+01 -6.003504e+00
     vertex  9.459544e+01  1.604629e+01 -6.003504e+00
     vertex  9.496219e+01  1.556805e+01 -6.003504e+00
   endloop
 endfacet
 facet normal -5.255610e-15 -1.850036e-15  1.000000e+00
   outer loop
     vertex  1.193438e+02  3.407666e+01 -6.003504e+00
     vertex  9.412488e+01  1.642287e+01 -6.003504e+00
     vertex  9.459544e+01  1.604629e+01 -6.003504e+00
   endloop
 endfacet
 facet normal -5.412821e-15 -1.625455e-15  1.000000e+00
   outer loop
     vertex  1.193438e+02  3.407666e+01 -6.003504e+00
     vertex  1.183732e+02  3.730908e+01 -6.003504e+00
     vertex  9.412488e+01  1.642287e+01 -6.003504e+00
   endloop
 endfacet
 facet normal -5.638304e-15 -1.372359e-15  1.000000e+00
   outer loop
     vertex  1.314685e+02  5.367250e+01 -6.003504e+00
     vertex  1.173170e+02  6.133287e+01 -6.003504e+00
     vertex  1.281427e+02  5.309851e+01 -6.003504e+00
   endloop
 endfacet
 facet normal -5.645858e-15 -1.386315e-15  1.000000e+00
   outer loop
     vertex  1.314685e+02  5.367250e+01 -6.003504e+00
     vertex  1.155914e+02  6.707935e+01 -6.003504e+00
     vertex  1.173170e+02  6.133287e+01 -6.003504e+00
   endloop
 endfacet
 facet normal -5.071214e-15 -2.219559e-15  1.000000e+00
   outer loop
     vertex  1.210599e+02  3.117046e+01 -6.003504e+00
     vertex  9.496219e+01  1.556805e+01 -6.003504e+00
     vertex  9.520384e+01  1.501594e+01 -6.003504e+00
   endloop
 endfacet
 facet normal -5.539057e-15 -1.437012e-15  1.000000e+00
   outer loop
     vertex  1.210599e+02  3.117046e+01 -6.003504e+00
     vertex  1.193438e+02  3.407666e+01 -6.003504e+00
     vertex  9.496219e+01  1.556805e+01 -6.003504e+00
   endloop
 endfacet
 facet normal -5.610180e-15 -1.344063e-15  1.000000e+00
   outer loop
     vertex  1.471970e+02  7.657045e+01 -6.003504e+00
     vertex  1.155914e+02  6.707935e+01 -6.003504e+00
     vertex  1.314685e+02  5.367250e+01 -6.003504e+00
   endloop
 endfacet
 facet normal -5.433984e-15 -1.638930e-15  1.000000e+00
   outer loop
     vertex  1.234216e+02  2.875939e+01 -6.003504e+00
     vertex  1.210599e+02  3.117046e+01 -6.003504e+00
     vertex  9.520384e+01  1.501594e+01 -6.003504e+00
   endloop
 endfacet
 facet normal -5.594625e-15 -1.309106e-15  1.000000e+00
   outer loop
     vertex  1.234216e+02  2.875939e+01 -6.003504e+00
     vertex  9.520384e+01  1.501594e+01 -6.003504e+00
     vertex  9.807993e+01  5.438456e+00 -6.003504e+00
   endloop
 endfacet
 facet normal -5.578232e-15 -1.366007e-15  1.000000e+00
   outer loop
     vertex  1.489227e+02  7.082396e+01 -6.003504e+00
     vertex  1.471970e+02  7.657045e+01 -6.003504e+00
     vertex  1.314685e+02  5.367250e+01 -6.003504e+00
   endloop
 endfacet
 facet normal -5.462267e-15 -1.499629e-15  1.000000e+00
   outer loop
     vertex  1.489227e+02  7.082396e+01 -6.003504e+00
     vertex  1.348351e+02  5.343387e+01 -6.003504e+00
     vertex  1.380468e+02  5.239650e+01 -6.003504e+00
   endloop
 endfacet
 facet normal -5.387055e-15 -1.560558e-15  1.000000e+00
   outer loop
     vertex  1.489227e+02  7.082396e+01 -6.003504e+00
     vertex  1.314685e+02  5.367250e+01 -6.003504e+00
     vertex  1.348351e+02  5.343387e+01 -6.003504e+00
   endloop
 endfacet
 facet normal -5.917170e-15 -1.073870e-15  1.000000e+00
   outer loop
     vertex  1.262916e+02  2.698357e+01 -6.003504e+00
     vertex  9.807993e+01  5.438456e+00 -6.003504e+00
     vertex  9.817990e+01  4.887631e+00 -6.003504e+00
   endloop
 endfacet
 facet normal -6.434536e-15 -3.964181e-16  1.000000e+00
   outer loop
     vertex  1.262916e+02  2.698357e+01 -6.003504e+00
     vertex  1.234216e+02  2.875939e+01 -6.003504e+00
     vertex  9.807993e+01  5.438456e+00 -6.003504e+00
   endloop
 endfacet
 facet normal -5.314596e-15 -1.825009e-15  1.000000e+00
   outer loop
     vertex  1.295033e+02  2.594621e+01 -6.003504e+00
     vertex  9.815479e+01  4.328372e+00 -6.003504e+00
     vertex  9.800586e+01  3.788723e+00 -6.003504e+00
   endloop
 endfacet
 facet normal -4.522810e-15 -2.973195e-15  1.000000e+00
   outer loop
     vertex  1.295033e+02  2.594621e+01 -6.003504e+00
     vertex  9.817990e+01  4.887631e+00 -6.003504e+00
     vertex  9.815479e+01  4.328372e+00 -6.003504e+00
   endloop
 endfacet
 facet normal -5.105285e-15 -2.106798e-15  1.000000e+00
   outer loop
     vertex  1.295033e+02  2.594621e+01 -6.003504e+00
     vertex  1.262916e+02  2.698357e+01 -6.003504e+00
     vertex  9.817990e+01  4.887631e+00 -6.003504e+00
   endloop
 endfacet
 facet normal -5.397451e-15 -1.707228e-15  1.000000e+00
   outer loop
     vertex  1.328699e+02  2.570758e+01 -6.003504e+00
     vertex  1.295033e+02  2.594621e+01 -6.003504e+00
     vertex  9.800586e+01  3.788723e+00 -6.003504e+00
   endloop
 endfacet
 facet normal -6.355512e-15 -1.833417e-16  1.000000e+00
   outer loop
     vertex  1.328699e+02  2.570758e+01 -6.003504e+00
     vertex  9.800586e+01  3.788723e+00 -6.003504e+00
     vertex  9.774058e+01  3.295743e+00 -6.003504e+00
   endloop
 endfacet
 facet normal -6.268093e-15 -3.053657e-15  1.000000e+00
   outer loop
     vertex  1.613370e+02  7.670017e+01 -6.003504e+00
     vertex  1.539013e+02  7.858371e+01 -6.003504e+00
     vertex  1.610199e+02  7.618766e+01 -6.003504e+00
   endloop
 endfacet
 facet normal -5.728450e-15 -1.411117e-15  1.000000e+00
   outer loop
     vertex  1.608346e+02  7.561415e+01 -6.003504e+00
     vertex  1.539013e+02  7.858371e+01 -6.003504e+00
     vertex  1.556269e+02  7.283723e+01 -6.003504e+00
   endloop
 endfacet
 facet normal -5.666722e-15 -1.266992e-15  1.000000e+00
   outer loop
     vertex  1.608346e+02  7.561415e+01 -6.003504e+00
     vertex  1.610199e+02  7.618766e+01 -6.003504e+00
     vertex  1.539013e+02  7.858371e+01 -6.003504e+00
   endloop
 endfacet
 facet normal -5.213333e-15  1.110270e-15  1.000000e+00
   outer loop
     vertex  1.617676e+02  7.712190e+01 -6.003504e+00
     vertex  1.539013e+02  7.858371e+01 -6.003504e+00
     vertex  1.613370e+02  7.670017e+01 -6.003504e+00
   endloop
 endfacet
 facet normal -5.097987e-15 -2.593460e-15  1.000000e+00
   outer loop
     vertex  1.607920e+02  7.501298e+01 -6.003504e+00
     vertex  1.608346e+02  7.561415e+01 -6.003504e+00
     vertex  1.556269e+02  7.283723e+01 -6.003504e+00
   endloop
 endfacet
 facet normal -5.761041e-15 -1.837055e-15  1.000000e+00
   outer loop
     vertex  1.622865e+02  7.742834e+01 -6.003504e+00
     vertex  1.539013e+02  7.858371e+01 -6.003504e+00
     vertex  1.617676e+02  7.712190e+01 -6.003504e+00
   endloop
 endfacet
 facet normal -5.770918e-15 -9.959587e-16  1.000000e+00
   outer loop
     vertex  1.608945e+02  7.441907e+01 -6.003504e+00
     vertex  1.607920e+02  7.501298e+01 -6.003504e+00
     vertex  1.556269e+02  7.283723e+01 -6.003504e+00
   endloop
 endfacet
 facet normal -5.711403e-15 -1.476801e-15  1.000000e+00
   outer loop
     vertex  1.628637e+02  7.760168e+01 -6.003504e+00
     vertex  1.539013e+02  7.858371e+01 -6.003504e+00
     vertex  1.622865e+02  7.742834e+01 -6.003504e+00
   endloop
 endfacet
 facet normal -8.167409e-15  2.922035e-15  1.000000e+00
   outer loop
     vertex  1.361957e+02  2.628157e+01 -6.003504e+00
     vertex  9.774058e+01  3.295743e+00 -6.003504e+00
     vertex  9.737226e+01  2.874153e+00 -6.003504e+00
   endloop
 endfacet
 facet normal -5.653642e-15 -1.283483e-15  1.000000e+00
   outer loop
     vertex  1.361957e+02  2.628157e+01 -6.003504e+00
     vertex  1.328699e+02  2.570758e+01 -6.003504e+00
     vertex  9.774058e+01  3.295743e+00 -6.003504e+00
   endloop
 endfacet
 facet normal -5.526187e-15 -1.461904e-15  1.000000e+00
   outer loop
     vertex  1.539771e+02  5.900828e+01 -6.003504e+00
     vertex  1.489227e+02  7.082396e+01 -6.003504e+00
     vertex  1.380468e+02  5.239650e+01 -6.003504e+00
   endloop
 endfacet
 facet normal -8.308066e-15 -2.651908e-15  1.000000e+00
   outer loop
     vertex  1.539771e+02  5.900828e+01 -6.003504e+00
     vertex  1.542301e+02  5.955528e+01 -6.003504e+00
     vertex  1.489227e+02  7.082396e+01 -6.003504e+00
   endloop
 endfacet
 facet normal -3.961499e-15 -6.047271e-16  1.000000e+00
   outer loop
     vertex  1.546067e+02  6.002583e+01 -6.003504e+00
     vertex  1.489227e+02  7.082396e+01 -6.003504e+00
     vertex  1.542301e+02  5.955528e+01 -6.003504e+00
   endloop
 endfacet
 facet normal -5.314704e-15 -1.971446e-15  1.000000e+00
   outer loop
     vertex  1.538623e+02  5.841662e+01 -6.003504e+00
     vertex  1.539771e+02  5.900828e+01 -6.003504e+00
     vertex  1.380468e+02  5.239650e+01 -6.003504e+00
   endloop
 endfacet
 facet normal -5.640932e-15 -1.114408e-15  1.000000e+00
   outer loop
     vertex  1.538623e+02  5.841662e+01 -6.003504e+00
     vertex  1.380468e+02  5.239650e+01 -6.003504e+00
     vertex  1.409168e+02  5.062069e+01 -6.003504e+00
   endloop
 endfacet
 facet normal -6.101182e-15 -1.731027e-15  1.000000e+00
   outer loop
     vertex  1.550849e+02  6.039258e+01 -6.003504e+00
     vertex  1.489227e+02  7.082396e+01 -6.003504e+00
     vertex  1.546067e+02  6.002583e+01 -6.003504e+00
   endloop
 endfacet
 facet normal -6.127144e-15 -3.070331e-16  1.000000e+00
   outer loop
     vertex  1.538925e+02  5.781469e+01 -6.003504e+00
     vertex  1.538623e+02  5.841662e+01 -6.003504e+00
     vertex  1.409168e+02  5.062069e+01 -6.003504e+00
   endloop
 endfacet
 facet normal -5.434354e-15 -1.314612e-15  1.000000e+00
   outer loop
     vertex  1.556370e+02  6.063423e+01 -6.003504e+00
     vertex  1.556269e+02  7.283723e+01 -6.003504e+00
     vertex  1.489227e+02  7.082396e+01 -6.003504e+00
   endloop
 endfacet
 facet normal -5.764208e-15 -1.531963e-15  1.000000e+00
   outer loop
     vertex  1.556370e+02  6.063423e+01 -6.003504e+00
     vertex  1.489227e+02  7.082396e+01 -6.003504e+00
     vertex  1.550849e+02  6.039258e+01 -6.003504e+00
   endloop
 endfacet
 facet normal -5.398554e-15 -1.621171e-15  1.000000e+00
   outer loop
     vertex  1.540658e+02  5.723747e+01 -6.003504e+00
     vertex  1.538925e+02  5.781469e+01 -6.003504e+00
     vertex  1.409168e+02  5.062069e+01 -6.003504e+00
   endloop
 endfacet
 facet normal -5.404266e-15 -1.609820e-15  1.000000e+00
   outer loop
     vertex  1.540658e+02  5.723747e+01 -6.003504e+00
     vertex  1.409168e+02  5.062069e+01 -6.003504e+00
     vertex  1.432785e+02  4.820962e+01 -6.003504e+00
   endloop
 endfacet
 facet normal -5.755045e-15 -1.314877e-15  1.000000e+00
   outer loop
     vertex  1.562309e+02  6.073673e+01 -6.003504e+00
     vertex  1.556269e+02  7.283723e+01 -6.003504e+00
     vertex  1.556370e+02  6.063423e+01 -6.003504e+00
   endloop
 endfacet
 facet normal -2.601381e-15 -4.958958e-15  1.000000e+00
   outer loop
     vertex  1.543723e+02  5.671851e+01 -6.003504e+00
     vertex  1.540658e+02  5.723747e+01 -6.003504e+00
     vertex  1.432785e+02  4.820962e+01 -6.003504e+00
   endloop
 endfacet
 facet normal -6.003694e-15 -1.327289e-15  1.000000e+00
   outer loop
     vertex  1.568321e+02  6.069412e+01 -6.003504e+00
     vertex  1.556269e+02  7.283723e+01 -6.003504e+00
     vertex  1.562309e+02  6.073673e+01 -6.003504e+00
   endloop
 endfacet
 facet normal -5.903036e-15 -1.040703e-15  1.000000e+00
   outer loop
     vertex  1.547940e+02  5.628796e+01 -6.003504e+00
     vertex  1.432785e+02  4.820962e+01 -6.003504e+00
     vertex  1.449946e+02  4.530342e+01 -6.003504e+00
   endloop
 endfacet
 facet normal -9.078097e-15  3.485257e-15  1.000000e+00
   outer loop
     vertex  1.547940e+02  5.628796e+01 -6.003504e+00
     vertex  1.543723e+02  5.671851e+01 -6.003504e+00
     vertex  1.432785e+02  4.820962e+01 -6.003504e+00
   endloop
 endfacet
 facet normal -9.214182e-15  1.913199e-15  1.000000e+00
   outer loop
     vertex  1.553065e+02  5.597085e+01 -6.003504e+00
     vertex  1.547940e+02  5.628796e+01 -6.003504e+00
     vertex  1.449946e+02  4.530342e+01 -6.003504e+00
   endloop
 endfacet
 facet normal -1.721518e-15 -5.329758e-15  1.000000e+00
   outer loop
     vertex  1.558800e+02  5.578561e+01 -6.003504e+00
     vertex  1.553065e+02  5.597085e+01 -6.003504e+00
     vertex  1.449946e+02  4.530342e+01 -6.003504e+00
   endloop
 endfacet
 facet normal -5.316463e-15 -1.596519e-15  1.000000e+00
   outer loop
     vertex  1.558800e+02  5.578561e+01 -6.003504e+00
     vertex  1.449946e+02  4.530342e+01 -6.003504e+00
     vertex  1.459653e+02  4.207100e+01 -6.003504e+00
   endloop
 endfacet
 facet normal -6.068190e-15 -3.273246e-16  1.000000e+00
   outer loop
     vertex  1.714631e+02  8.132224e+01 -6.003504e+00
     vertex  1.634657e+02  7.763184e+01 -6.003504e+00
     vertex  1.640573e+02  7.751708e+01 -6.003504e+00
   endloop
 endfacet
 facet normal -5.574977e-15 -1.287240e-15  1.000000e+00
   outer loop
     vertex  1.712506e+02  8.086276e+01 -6.003504e+00
     vertex  1.714631e+02  8.132224e+01 -6.003504e+00
     vertex  1.640573e+02  7.751708e+01 -6.003504e+00
   endloop
 endfacet
 facet normal -4.706556e-15 -3.154354e-15  1.000000e+00
   outer loop
     vertex  1.712506e+02  8.086276e+01 -6.003504e+00
     vertex  1.640573e+02  7.751708e+01 -6.003504e+00
     vertex  1.646043e+02  7.726405e+01 -6.003504e+00
   endloop
 endfacet
 facet normal -5.868835e-15 -6.662822e-16  1.000000e+00
   outer loop
     vertex  1.717794e+02  8.171750e+01 -6.003504e+00
     vertex  1.628637e+02  7.760168e+01 -6.003504e+00
     vertex  1.634657e+02  7.763184e+01 -6.003504e+00
   endloop
 endfacet
 facet normal -5.669828e-15 -1.097370e-15  1.000000e+00
   outer loop
     vertex  1.717794e+02  8.171750e+01 -6.003504e+00
     vertex  1.539013e+02  7.858371e+01 -6.003504e+00
     vertex  1.628637e+02  7.760168e+01 -6.003504e+00
   endloop
 endfacet
 facet normal -6.572643e-15  7.658726e-16  1.000000e+00
   outer loop
     vertex  1.717794e+02  8.171750e+01 -6.003504e+00
     vertex  1.634657e+02  7.763184e+01 -6.003504e+00
     vertex  1.714631e+02  8.132224e+01 -6.003504e+00
   endloop
 endfacet
 facet normal -5.322220e-15 -1.933269e-15  1.000000e+00
   outer loop
     vertex  1.711542e+02  8.036577e+01 -6.003504e+00
     vertex  1.646043e+02  7.726405e+01 -6.003504e+00
     vertex  1.650749e+02  7.688748e+01 -6.003504e+00
   endloop
 endfacet
 facet normal -5.004866e-15 -2.603423e-15  1.000000e+00
   outer loop
     vertex  1.711542e+02  8.036577e+01 -6.003504e+00
     vertex  1.712506e+02  8.086276e+01 -6.003504e+00
     vertex  1.646043e+02  7.726405e+01 -6.003504e+00
   endloop
 endfacet
 facet normal -6.288943e-15  2.434661e-15  1.000000e+00
   outer loop
     vertex  1.721812e+02  8.202558e+01 -6.003504e+00
     vertex  1.539013e+02  7.858371e+01 -6.003504e+00
     vertex  1.717794e+02  8.171750e+01 -6.003504e+00
   endloop
 endfacet
 facet normal -6.249177e-15 -3.131482e-16  1.000000e+00
   outer loop
     vertex  1.711795e+02  7.986015e+01 -6.003504e+00
     vertex  1.711542e+02  8.036577e+01 -6.003504e+00
     vertex  1.650749e+02  7.688748e+01 -6.003504e+00
   endloop
 endfacet
 facet normal -5.977975e-15 -8.700841e-16  1.000000e+00
   outer loop
     vertex  1.711795e+02  7.986015e+01 -6.003504e+00
     vertex  1.650749e+02  7.688748e+01 -6.003504e+00
     vertex  1.654416e+02  7.640924e+01 -6.003504e+00
   endloop
 endfacet
 facet normal -4.449019e-15 -7.337257e-15  1.000000e+00
   outer loop
     vertex  1.726449e+02  8.222856e+01 -6.003504e+00
     vertex  1.539013e+02  7.858371e+01 -6.003504e+00
     vertex  1.721812e+02  8.202558e+01 -6.003504e+00
   endloop
 endfacet
 facet normal -5.506717e-15 -1.653652e-15  1.000000e+00
   outer loop
     vertex  1.713251e+02  7.937528e+01 -6.003504e+00
     vertex  1.711795e+02  7.986015e+01 -6.003504e+00
     vertex  1.654416e+02  7.640924e+01 -6.003504e+00
   endloop
 endfacet
 facet normal -5.146538e-15 -2.252527e-15  1.000000e+00
   outer loop
     vertex  1.715825e+02  7.893936e+01 -6.003504e+00
     vertex  1.654416e+02  7.640924e+01 -6.003504e+00
     vertex  1.656833e+02  7.585712e+01 -6.003504e+00
   endloop
 endfacet
 facet normal -4.885932e-15 -2.885047e-15  1.000000e+00
   outer loop
     vertex  1.715825e+02  7.893936e+01 -6.003504e+00
     vertex  1.713251e+02  7.937528e+01 -6.003504e+00
     vertex  1.654416e+02  7.640924e+01 -6.003504e+00
   endloop
 endfacet
 facet normal -5.880285e-15 -8.481714e-16  1.000000e+00
   outer loop
     vertex  1.719368e+02  7.857770e+01 -6.003504e+00
     vertex  1.715825e+02  7.893936e+01 -6.003504e+00
     vertex  1.656833e+02  7.585712e+01 -6.003504e+00
   endloop
 endfacet
 facet normal -5.372770e-15 -2.014743e-15  1.000000e+00
   outer loop
     vertex  1.723673e+02  7.831132e+01 -6.003504e+00
     vertex  1.719368e+02  7.857770e+01 -6.003504e+00
     vertex  1.656833e+02  7.585712e+01 -6.003504e+00
   endloop
 endfacet
 facet normal -5.530061e-15 -1.280281e-15  1.000000e+00
   outer loop
     vertex  1.643458e+02  6.292610e+01 -6.003504e+00
     vertex  1.556269e+02  7.283723e+01 -6.003504e+00
     vertex  1.568321e+02  6.069412e+01 -6.003504e+00
   endloop
 endfacet
 facet normal -5.530528e-15 -1.291446e-15  1.000000e+00
   outer loop
     vertex  1.643458e+02  6.292610e+01 -6.003504e+00
     vertex  1.579181e+02  6.019177e+01 -6.003504e+00
     vertex  1.583399e+02  5.976122e+01 -6.003504e+00
   endloop
 endfacet
 facet normal -6.427051e-15  8.160429e-16  1.000000e+00
   outer loop
     vertex  1.643458e+02  6.292610e+01 -6.003504e+00
     vertex  1.574056e+02  6.050888e+01 -6.003504e+00
     vertex  1.579181e+02  6.019177e+01 -6.003504e+00
   endloop
 endfacet
 facet normal -4.562720e-15 -4.536731e-15  1.000000e+00
   outer loop
     vertex  1.643458e+02  6.292610e+01 -6.003504e+00
     vertex  1.568321e+02  6.069412e+01 -6.003504e+00
     vertex  1.574056e+02  6.050888e+01 -6.003504e+00
   endloop
 endfacet
 facet normal -5.653047e-15 -1.388474e-15  1.000000e+00
   outer loop
     vertex  1.643458e+02  6.292610e+01 -6.003504e+00
     vertex  1.608945e+02  7.441907e+01 -6.003504e+00
     vertex  1.556269e+02  7.283723e+01 -6.003504e+00
   endloop
 endfacet
 facet normal -6.783979e-15  1.828677e-15  1.000000e+00
   outer loop
     vertex  1.728490e+02  7.815572e+01 -6.003504e+00
     vertex  1.723673e+02  7.831132e+01 -6.003504e+00
     vertex  1.656833e+02  7.585712e+01 -6.003504e+00
   endloop
 endfacet
 facet normal -4.788119e-15 -2.827291e-15  1.000000e+00
   outer loop
     vertex  1.645659e+02  6.241133e+01 -6.003504e+00
     vertex  1.583399e+02  5.976122e+01 -6.003504e+00
     vertex  1.586463e+02  5.924225e+01 -6.003504e+00
   endloop
 endfacet
 facet normal -5.069271e-15 -2.166771e-15  1.000000e+00
   outer loop
     vertex  1.645659e+02  6.241133e+01 -6.003504e+00
     vertex  1.643458e+02  6.292610e+01 -6.003504e+00
     vertex  1.583399e+02  5.976122e+01 -6.003504e+00
   endloop
 endfacet
 facet normal -6.048724e-15 -4.725869e-16  1.000000e+00
   outer loop
     vertex  1.648949e+02  6.195843e+01 -6.003504e+00
     vertex  1.645659e+02  6.241133e+01 -6.003504e+00
     vertex  1.586463e+02  5.924225e+01 -6.003504e+00
   endloop
 endfacet
 facet normal -5.532031e-15 -1.661253e-15  1.000000e+00
   outer loop
     vertex  1.648949e+02  6.195843e+01 -6.003504e+00
     vertex  1.586463e+02  5.924225e+01 -6.003504e+00
     vertex  1.588196e+02  5.866503e+01 -6.003504e+00
   endloop
 endfacet
 facet normal -5.582882e-15 -1.567449e-15  1.000000e+00
   outer loop
     vertex  1.653165e+02  6.159010e+01 -6.003504e+00
     vertex  1.648949e+02  6.195843e+01 -6.003504e+00
     vertex  1.588196e+02  5.866503e+01 -6.003504e+00
   endloop
 endfacet
 facet normal -6.149842e-15 -3.081705e-16  1.000000e+00
   outer loop
     vertex  1.653165e+02  6.159010e+01 -6.003504e+00
     vertex  1.588196e+02  5.866503e+01 -6.003504e+00
     vertex  1.588498e+02  5.806311e+01 -6.003504e+00
   endloop
 endfacet
 facet normal -4.951472e-15 -2.505373e-15  1.000000e+00
   outer loop
     vertex  1.658095e+02  6.132483e+01 -6.003504e+00
     vertex  1.653165e+02  6.159010e+01 -6.003504e+00
     vertex  1.588498e+02  5.806311e+01 -6.003504e+00
   endloop
 endfacet
 facet normal -8.285958e-15  4.609591e-15  1.000000e+00
   outer loop
     vertex  1.658095e+02  6.132483e+01 -6.003504e+00
     vertex  1.588498e+02  5.806311e+01 -6.003504e+00
     vertex  1.587350e+02  5.747145e+01 -6.003504e+00
   endloop
 endfacet
 facet normal -6.311590e-15  9.848225e-16  1.000000e+00
   outer loop
     vertex  1.663492e+02  6.117590e+01 -6.003504e+00
     vertex  1.658095e+02  6.132483e+01 -6.003504e+00
     vertex  1.587350e+02  5.747145e+01 -6.003504e+00
   endloop
 endfacet
 facet normal -1.409824e-15 -9.090256e-15  1.000000e+00
   outer loop
     vertex  1.663492e+02  6.117590e+01 -6.003504e+00
     vertex  1.587350e+02  5.747145e+01 -6.003504e+00
     vertex  1.584820e+02  5.692445e+01 -6.003504e+00
   endloop
 endfacet
 facet normal -5.743302e-15 -1.415577e-15  1.000000e+00
   outer loop
     vertex  1.691346e+02  6.436414e+01 -6.003504e+00
     vertex  1.728490e+02  7.815572e+01 -6.003504e+00
     vertex  1.656833e+02  7.585712e+01 -6.003504e+00
   endloop
 endfacet
 facet normal -2.785372e-15 -2.387178e-15  1.000000e+00
   outer loop
     vertex  1.691346e+02  6.436414e+01 -6.003504e+00
     vertex  1.743167e+02  7.840901e+01 -6.003504e+00
     vertex  1.738529e+02  7.820602e+01 -6.003504e+00
   endloop
 endfacet
 facet normal -3.657777e-15 -1.977265e-15  1.000000e+00
   outer loop
     vertex  1.691346e+02  6.436414e+01 -6.003504e+00
     vertex  1.733540e+02  7.811992e+01 -6.003504e+00
     vertex  1.728490e+02  7.815572e+01 -6.003504e+00
   endloop
 endfacet
 facet normal -6.954682e-15 -9.659768e-16  1.000000e+00
   outer loop
     vertex  1.691346e+02  6.436414e+01 -6.003504e+00
     vertex  1.738529e+02  7.820602e+01 -6.003504e+00
     vertex  1.733540e+02  7.811992e+01 -6.003504e+00
   endloop
 endfacet
 facet normal -5.570395e-15 -1.412943e-15  1.000000e+00
   outer loop
     vertex  1.641773e+02  4.067511e+01 -6.003504e+00
     vertex  1.558800e+02  5.578561e+01 -6.003504e+00
     vertex  1.459653e+02  4.207100e+01 -6.003504e+00
   endloop
 endfacet
 facet normal -6.027558e-15 -1.663975e-15  1.000000e+00
   outer loop
     vertex  1.641773e+02  4.067511e+01 -6.003504e+00
     vertex  1.564812e+02  5.574300e+01 -6.003504e+00
     vertex  1.558800e+02  5.578561e+01 -6.003504e+00
   endloop
 endfacet
 facet normal -5.650675e-15 -2.460358e-15  1.000000e+00
   outer loop
     vertex  1.640154e+02  4.032504e+01 -6.003504e+00
     vertex  1.641773e+02  4.067511e+01 -6.003504e+00
     vertex  1.459653e+02  4.207100e+01 -6.003504e+00
   endloop
 endfacet
 facet normal -5.578135e-15 -1.434426e-15  1.000000e+00
   outer loop
     vertex  1.644183e+02  4.097627e+01 -6.003504e+00
     vertex  1.564812e+02  5.574300e+01 -6.003504e+00
     vertex  1.641773e+02  4.067511e+01 -6.003504e+00
   endloop
 endfacet
 facet normal -5.721147e-15 -1.511295e-15  1.000000e+00
   outer loop
     vertex  1.644183e+02  4.097627e+01 -6.003504e+00
     vertex  1.570751e+02  5.584549e+01 -6.003504e+00
     vertex  1.564812e+02  5.574300e+01 -6.003504e+00
   endloop
 endfacet
 facet normal -5.393684e-15 -1.324247e-15  1.000000e+00
   outer loop
     vertex  1.639419e+02  3.994638e+01 -6.003504e+00
     vertex  1.459653e+02  4.207100e+01 -6.003504e+00
     vertex  1.461342e+02  3.870020e+01 -6.003504e+00
   endloop
 endfacet
 facet normal -6.203828e-15 -8.178974e-15  1.000000e+00
   outer loop
     vertex  1.639419e+02  3.994638e+01 -6.003504e+00
     vertex  1.640154e+02  4.032504e+01 -6.003504e+00
     vertex  1.459653e+02  4.207100e+01 -6.003504e+00
   endloop
 endfacet
 facet normal -4.940371e-15 -1.125705e-15  1.000000e+00
   outer loop
     vertex  1.647244e+02  4.121099e+01 -6.003504e+00
     vertex  1.570751e+02  5.584549e+01 -6.003504e+00
     vertex  1.644183e+02  4.097627e+01 -6.003504e+00
   endloop
 endfacet
 facet normal -5.755534e-15 -1.551783e-15  1.000000e+00
   outer loop
     vertex  1.647244e+02  4.121099e+01 -6.003504e+00
     vertex  1.576272e+02  5.608714e+01 -6.003504e+00
     vertex  1.570751e+02  5.584549e+01 -6.003504e+00
   endloop
 endfacet
 facet normal -5.788739e-15  4.321036e-15  1.000000e+00
   outer loop
     vertex  1.639612e+02  3.956114e+01 -6.003504e+00
     vertex  1.639419e+02  3.994638e+01 -6.003504e+00
     vertex  1.461342e+02  3.870020e+01 -6.003504e+00
   endloop
 endfacet
 facet normal -4.591087e-15 -9.962428e-16  1.000000e+00
   outer loop
     vertex  1.650777e+02  4.136565e+01 -6.003504e+00
     vertex  1.576272e+02  5.608714e+01 -6.003504e+00
     vertex  1.647244e+02  4.121099e+01 -6.003504e+00
   endloop
 endfacet
 facet normal -5.729192e-15  3.088042e-15  1.000000e+00
   outer loop
     vertex  1.640722e+02  3.919172e+01 -6.003504e+00
     vertex  1.639612e+02  3.956114e+01 -6.003504e+00
     vertex  1.461342e+02  3.870020e+01 -6.003504e+00
   endloop
 endfacet
 facet normal -5.600891e-15 -1.594254e-15  1.000000e+00
   outer loop
     vertex  1.640722e+02  3.919172e+01 -6.003504e+00
     vertex  1.461342e+02  3.870020e+01 -6.003504e+00
     vertex  1.454915e+02  3.538693e+01 -6.003504e+00
   endloop
 endfacet
 facet normal -5.287962e-15 -3.122438e-15  1.000000e+00
   outer loop
     vertex  1.642683e+02  3.885959e+01 -6.003504e+00
     vertex  1.640722e+02  3.919172e+01 -6.003504e+00
     vertex  1.454915e+02  3.538693e+01 -6.003504e+00
   endloop
 endfacet
 facet normal -5.736986e-15 -8.256975e-16  1.000000e+00
   outer loop
     vertex  1.645382e+02  3.858403e+01 -6.003504e+00
     vertex  1.454915e+02  3.538693e+01 -6.003504e+00
     vertex  1.440746e+02  3.232374e+01 -6.003504e+00
   endloop
 endfacet
 facet normal -5.975243e-15  5.937131e-16  1.000000e+00
   outer loop
     vertex  1.645382e+02  3.858403e+01 -6.003504e+00
     vertex  1.642683e+02  3.885959e+01 -6.003504e+00
     vertex  1.454915e+02  3.538693e+01 -6.003504e+00
   endloop
 endfacet
 facet normal -5.799683e-15 -6.207528e-16  1.000000e+00
   outer loop
     vertex  1.648662e+02  3.838108e+01 -6.003504e+00
     vertex  1.645382e+02  3.858403e+01 -6.003504e+00
     vertex  1.440746e+02  3.232374e+01 -6.003504e+00
   endloop
 endfacet
 facet normal -4.624268e-15 -7.432333e-17  1.000000e+00
   outer loop
     vertex  1.709282e+02  4.735912e+01 -6.003504e+00
     vertex  1.584820e+02  5.692445e+01 -6.003504e+00
     vertex  1.581054e+02  5.645390e+01 -6.003504e+00
   endloop
 endfacet
 facet normal -5.938908e-15 -1.942629e-15  1.000000e+00
   outer loop
     vertex  1.707662e+02  4.700904e+01 -6.003504e+00
     vertex  1.581054e+02  5.645390e+01 -6.003504e+00
     vertex  1.576272e+02  5.608714e+01 -6.003504e+00
   endloop
 endfacet
 facet normal -5.658155e-15 -1.536285e-15  1.000000e+00
   outer loop
     vertex  1.707662e+02  4.700904e+01 -6.003504e+00
     vertex  1.576272e+02  5.608714e+01 -6.003504e+00
     vertex  1.650777e+02  4.136565e+01 -6.003504e+00
   endloop
 endfacet
 facet normal -6.152103e-15 -2.228416e-15  1.000000e+00
   outer loop
     vertex  1.707662e+02  4.700904e+01 -6.003504e+00
     vertex  1.709282e+02  4.735912e+01 -6.003504e+00
     vertex  1.581054e+02  5.645390e+01 -6.003504e+00
   endloop
 endfacet
 facet normal -5.598433e-15 -1.339398e-15  1.000000e+00
   outer loop
     vertex  1.711692e+02  4.766027e+01 -6.003504e+00
     vertex  1.663492e+02  6.117590e+01 -6.003504e+00
     vertex  1.584820e+02  5.692445e+01 -6.003504e+00
   endloop
 endfacet
 facet normal -3.197971e-15 -4.833308e-16  1.000000e+00
   outer loop
     vertex  1.711692e+02  4.766027e+01 -6.003504e+00
     vertex  1.669084e+02  6.115079e+01 -6.003504e+00
     vertex  1.663492e+02  6.117590e+01 -6.003504e+00
   endloop
 endfacet
 facet normal -5.634743e-15 -1.389124e-15  1.000000e+00
   outer loop
     vertex  1.711692e+02  4.766027e+01 -6.003504e+00
     vertex  1.584820e+02  5.692445e+01 -6.003504e+00
     vertex  1.709282e+02  4.735912e+01 -6.003504e+00
   endloop
 endfacet
 facet normal -9.742569e-15  2.293062e-15  1.000000e+00
   outer loop
     vertex  1.706928e+02  4.663038e+01 -6.003504e+00
     vertex  1.650777e+02  4.136565e+01 -6.003504e+00
     vertex  1.654578e+02  4.143125e+01 -6.003504e+00
   endloop
 endfacet
 facet normal -1.465668e-14  7.534153e-15  1.000000e+00
   outer loop
     vertex  1.706928e+02  4.663038e+01 -6.003504e+00
     vertex  1.707662e+02  4.700904e+01 -6.003504e+00
     vertex  1.650777e+02  4.136565e+01 -6.003504e+00
   endloop
 endfacet
 facet normal -4.997208e-15 -1.051592e-15  1.000000e+00
   outer loop
     vertex  1.714753e+02  4.789499e+01 -6.003504e+00
     vertex  1.669084e+02  6.115079e+01 -6.003504e+00
     vertex  1.711692e+02  4.766027e+01 -6.003504e+00
   endloop
 endfacet
 facet normal -6.184713e-15 -1.460707e-15  1.000000e+00
   outer loop
     vertex  1.714753e+02  4.789499e+01 -6.003504e+00
     vertex  1.674592e+02  6.125075e+01 -6.003504e+00
     vertex  1.669084e+02  6.115079e+01 -6.003504e+00
   endloop
 endfacet
 facet normal  1.613636e-15 -9.141362e-15  1.000000e+00
   outer loop
     vertex  1.707121e+02  4.624514e+01 -6.003504e+00
     vertex  1.706928e+02  4.663038e+01 -6.003504e+00
     vertex  1.654578e+02  4.143125e+01 -6.003504e+00
   endloop
 endfacet
 facet normal -4.770896e-15 -2.172808e-15  1.000000e+00
   outer loop
     vertex  1.707121e+02  4.624514e+01 -6.003504e+00
     vertex  1.654578e+02  4.143125e+01 -6.003504e+00
     vertex  1.658426e+02  4.140398e+01 -6.003504e+00
   endloop
 endfacet
 facet normal -4.596785e-15 -9.832242e-16  1.000000e+00
   outer loop
     vertex  1.718286e+02  4.804965e+01 -6.003504e+00
     vertex  1.674592e+02  6.125075e+01 -6.003504e+00
     vertex  1.714753e+02  4.789499e+01 -6.003504e+00
   endloop
 endfacet
 facet normal -6.247728e-15 -1.529662e-15  1.000000e+00
   outer loop
     vertex  1.718286e+02  4.804965e+01 -6.003504e+00
     vertex  1.679740e+02  6.147078e+01 -6.003504e+00
     vertex  1.674592e+02  6.125075e+01 -6.003504e+00
   endloop
 endfacet
 facet normal -5.337541e-15 -1.602848e-15  1.000000e+00
   outer loop
     vertex  1.708230e+02  4.587572e+01 -6.003504e+00
     vertex  1.707121e+02  4.624514e+01 -6.003504e+00
     vertex  1.658426e+02  4.140398e+01 -6.003504e+00
   endloop
 endfacet
 facet normal -5.352096e-15 -1.586637e-15  1.000000e+00
   outer loop
     vertex  1.708230e+02  4.587572e+01 -6.003504e+00
     vertex  1.658426e+02  4.140398e+01 -6.003504e+00
     vertex  1.662096e+02  4.128542e+01 -6.003504e+00
   endloop
 endfacet
 facet normal -1.340165e-14 -3.584298e-15  1.000000e+00
   outer loop
     vertex  1.722087e+02  4.811525e+01 -6.003504e+00
     vertex  1.679740e+02  6.147078e+01 -6.003504e+00
     vertex  1.718286e+02  4.804965e+01 -6.003504e+00
   endloop
 endfacet
 facet normal -6.768275e-15 -1.481022e-15  1.000000e+00
   outer loop
     vertex  1.722087e+02  4.811525e+01 -6.003504e+00
     vertex  1.684269e+02  6.179984e+01 -6.003504e+00
     vertex  1.679740e+02  6.147078e+01 -6.003504e+00
   endloop
 endfacet
 facet normal -7.717863e-15  7.910241e-16  1.000000e+00
   outer loop
     vertex  1.710191e+02  4.554359e+01 -6.003504e+00
     vertex  1.708230e+02  4.587572e+01 -6.003504e+00
     vertex  1.662096e+02  4.128542e+01 -6.003504e+00
   endloop
 endfacet
 facet normal -6.074576e-15 -1.065031e-15  1.000000e+00
   outer loop
     vertex  1.710191e+02  4.554359e+01 -6.003504e+00
     vertex  1.662096e+02  4.128542e+01 -6.003504e+00
     vertex  1.665376e+02  4.108247e+01 -6.003504e+00
   endloop
 endfacet
 facet normal  2.815381e-17  3.972016e-16  1.000000e+00
   outer loop
     vertex  1.725935e+02  4.808798e+01 -6.003504e+00
     vertex  1.684269e+02  6.179984e+01 -6.003504e+00
     vertex  1.722087e+02  4.811525e+01 -6.003504e+00
   endloop
 endfacet
 facet normal -3.908311e-15 -7.989510e-16  1.000000e+00
   outer loop
     vertex  1.725935e+02  4.808798e+01 -6.003504e+00
     vertex  1.687952e+02  6.222143e+01 -6.003504e+00
     vertex  1.684269e+02  6.179984e+01 -6.003504e+00
   endloop
 endfacet
 facet normal -3.612423e-15 -3.538431e-15  1.000000e+00
   outer loop
     vertex  1.712891e+02  4.526804e+01 -6.003504e+00
     vertex  1.710191e+02  4.554359e+01 -6.003504e+00
     vertex  1.665376e+02  4.108247e+01 -6.003504e+00
   endloop
 endfacet
 facet normal -3.612423e-15 -3.538431e-15  1.000000e+00
   outer loop
     vertex  1.712891e+02  4.526804e+01 -6.003504e+00
     vertex  1.665376e+02  4.108247e+01 -6.003504e+00
     vertex  1.668076e+02  4.080692e+01 -6.003504e+00
   endloop
 endfacet
 facet normal -5.210727e-15 -1.148962e-15  1.000000e+00
   outer loop
     vertex  1.729605e+02  4.796942e+01 -6.003504e+00
     vertex  1.687952e+02  6.222143e+01 -6.003504e+00
     vertex  1.725935e+02  4.808798e+01 -6.003504e+00
   endloop
 endfacet
 facet normal -9.129114e-15 -2.294144e-15  1.000000e+00
   outer loop
     vertex  1.729605e+02  4.796942e+01 -6.003504e+00
     vertex  1.690605e+02  6.271441e+01 -6.003504e+00
     vertex  1.687952e+02  6.222143e+01 -6.003504e+00
   endloop
 endfacet
 facet normal -6.074576e-15 -1.065031e-15  1.000000e+00
   outer loop
     vertex  1.716171e+02  4.506509e+01 -6.003504e+00
     vertex  1.712891e+02  4.526804e+01 -6.003504e+00
     vertex  1.668076e+02  4.080692e+01 -6.003504e+00
   endloop
 endfacet
 facet normal -1.498791e-15 -6.233277e-15  1.000000e+00
   outer loop
     vertex  1.716171e+02  4.506509e+01 -6.003504e+00
     vertex  1.668076e+02  4.080692e+01 -6.003504e+00
     vertex  1.670037e+02  4.047478e+01 -6.003504e+00
   endloop
 endfacet
 facet normal -6.386184e-15 -1.568650e-15  1.000000e+00
   outer loop
     vertex  1.732885e+02  4.776647e+01 -6.003504e+00
     vertex  1.690605e+02  6.271441e+01 -6.003504e+00
     vertex  1.729605e+02  4.796942e+01 -6.003504e+00
   endloop
 endfacet
 facet normal -5.540821e-15 -2.170924e-15  1.000000e+00
   outer loop
     vertex  1.719841e+02  4.494653e+01 -6.003504e+00
     vertex  1.716171e+02  4.506509e+01 -6.003504e+00
     vertex  1.670037e+02  4.047478e+01 -6.003504e+00
   endloop
 endfacet
 facet normal -1.270042e-14  5.803105e-15  1.000000e+00
   outer loop
     vertex  1.719841e+02  4.494653e+01 -6.003504e+00
     vertex  1.670037e+02  4.047478e+01 -6.003504e+00
     vertex  1.671146e+02  4.010536e+01 -6.003504e+00
   endloop
 endfacet
 facet normal -4.770896e-15 -2.172808e-15  1.000000e+00
   outer loop
     vertex  1.723689e+02  4.491926e+01 -6.003504e+00
     vertex  1.719841e+02  4.494653e+01 -6.003504e+00
     vertex  1.671146e+02  4.010536e+01 -6.003504e+00
   endloop
 endfacet
 facet normal -6.464802e-15 -3.239532e-16  1.000000e+00
   outer loop
     vertex  1.723689e+02  4.491926e+01 -6.003504e+00
     vertex  1.671146e+02  4.010536e+01 -6.003504e+00
     vertex  1.671339e+02  3.972013e+01 -6.003504e+00
   endloop
 endfacet
 facet normal -5.883154e-15 -8.509814e-16  1.000000e+00
   outer loop
     vertex  2.083002e+02  9.909603e+01 -6.003504e+00
     vertex  1.745611e+02  8.185689e+01 -6.003504e+00
     vertex  1.749153e+02  8.149523e+01 -6.003504e+00
   endloop
 endfacet
 facet normal -5.326629e-15 -1.940170e-15  1.000000e+00
   outer loop
     vertex  2.083002e+02  9.909603e+01 -6.003504e+00
     vertex  1.741305e+02  8.212326e+01 -6.003504e+00
     vertex  1.745611e+02  8.185689e+01 -6.003504e+00
   endloop
 endfacet
 facet normal -6.947392e-15  1.322758e-15  1.000000e+00
   outer loop
     vertex  2.083002e+02  9.909603e+01 -6.003504e+00
     vertex  1.736488e+02  8.227887e+01 -6.003504e+00
     vertex  1.741305e+02  8.212326e+01 -6.003504e+00
   endloop
 endfacet
 facet normal -1.001161e-14  7.636507e-15  1.000000e+00
   outer loop
     vertex  2.083002e+02  9.909603e+01 -6.003504e+00
     vertex  1.731438e+02  8.231466e+01 -6.003504e+00
     vertex  1.736488e+02  8.227887e+01 -6.003504e+00
   endloop
 endfacet
 facet normal  3.605337e-15 -2.089053e-14  1.000000e+00
   outer loop
     vertex  2.083002e+02  9.909603e+01 -6.003504e+00
     vertex  1.726449e+02  8.222856e+01 -6.003504e+00
     vertex  1.731438e+02  8.231466e+01 -6.003504e+00
   endloop
 endfacet
 facet normal -5.595540e-15 -1.441263e-15  1.000000e+00
   outer loop
     vertex  2.083002e+02  9.909603e+01 -6.003504e+00
     vertex  1.539013e+02  7.858371e+01 -6.003504e+00
     vertex  1.726449e+02  8.222856e+01 -6.003504e+00
   endloop
 endfacet
 facet normal -1.980439e-15  2.582442e-15  1.000000e+00
   outer loop
     vertex  1.742499e+02  3.213126e+01 -6.003504e+00
     vertex  1.666575e+02  3.869024e+01 -6.003504e+00
     vertex  1.663515e+02  3.845551e+01 -6.003504e+00
   endloop
 endfacet
 facet normal -6.646916e-15 -2.819265e-15  1.000000e+00
   outer loop
     vertex  1.745670e+02  3.264377e+01 -6.003504e+00
     vertex  1.666575e+02  3.869024e+01 -6.003504e+00
     vertex  1.742499e+02  3.213126e+01 -6.003504e+00
   endloop
 endfacet
 facet normal -5.584421e-15 -1.429396e-15  1.000000e+00
   outer loop
     vertex  1.745670e+02  3.264377e+01 -6.003504e+00
     vertex  1.668985e+02  3.899139e+01 -6.003504e+00
     vertex  1.666575e+02  3.869024e+01 -6.003504e+00
   endloop
 endfacet
 facet normal -5.186785e-15 -1.422013e-15  1.000000e+00
   outer loop
     vertex  1.740647e+02  3.155775e+01 -6.003504e+00
     vertex  1.742499e+02  3.213126e+01 -6.003504e+00
     vertex  1.663515e+02  3.845551e+01 -6.003504e+00
   endloop
 endfacet
 facet normal -1.141216e-14 -8.383346e-15  1.000000e+00
   outer loop
     vertex  1.740647e+02  3.155775e+01 -6.003504e+00
     vertex  1.663515e+02  3.845551e+01 -6.003504e+00
     vertex  1.659981e+02  3.830085e+01 -6.003504e+00
   endloop
 endfacet
 facet normal -4.275083e-15  1.524003e-16  1.000000e+00
   outer loop
     vertex  1.749976e+02  3.306550e+01 -6.003504e+00
     vertex  1.668985e+02  3.899139e+01 -6.003504e+00
     vertex  1.745670e+02  3.264377e+01 -6.003504e+00
   endloop
 endfacet
 facet normal -8.825069e-15 -6.066157e-15  1.000000e+00
   outer loop
     vertex  1.749976e+02  3.306550e+01 -6.003504e+00
     vertex  1.670605e+02  3.934147e+01 -6.003504e+00
     vertex  1.668985e+02  3.899139e+01 -6.003504e+00
   endloop
 endfacet
 facet normal -4.599302e-15 -4.294250e-16  1.000000e+00
   outer loop
     vertex  1.740221e+02  3.095657e+01 -6.003504e+00
     vertex  1.659981e+02  3.830085e+01 -6.003504e+00
     vertex  1.656180e+02  3.823526e+01 -6.003504e+00
   endloop
 endfacet
 facet normal -6.489740e-15 -2.494812e-15  1.000000e+00
   outer loop
     vertex  1.740221e+02  3.095657e+01 -6.003504e+00
     vertex  1.740647e+02  3.155775e+01 -6.003504e+00
     vertex  1.659981e+02  3.830085e+01 -6.003504e+00
   endloop
 endfacet
 facet normal -4.488792e-15 -1.069761e-15  1.000000e+00
   outer loop
     vertex  1.755165e+02  3.337194e+01 -6.003504e+00
     vertex  1.727490e+02  4.498486e+01 -6.003504e+00
     vertex  1.723689e+02  4.491926e+01 -6.003504e+00
   endloop
 endfacet
 facet normal -5.460918e-15 -1.334752e-15  1.000000e+00
   outer loop
     vertex  1.755165e+02  3.337194e+01 -6.003504e+00
     vertex  1.723689e+02  4.491926e+01 -6.003504e+00
     vertex  1.671339e+02  3.972013e+01 -6.003504e+00
   endloop
 endfacet
 facet normal -5.641346e-15 -2.039764e-15  1.000000e+00
   outer loop
     vertex  1.755165e+02  3.337194e+01 -6.003504e+00
     vertex  1.670605e+02  3.934147e+01 -6.003504e+00
     vertex  1.749976e+02  3.306550e+01 -6.003504e+00
   endloop
 endfacet
 facet normal -7.825115e-16  4.842956e-15  1.000000e+00
   outer loop
     vertex  1.755165e+02  3.337194e+01 -6.003504e+00
     vertex  1.671339e+02  3.972013e+01 -6.003504e+00
     vertex  1.670605e+02  3.934147e+01 -6.003504e+00
   endloop
 endfacet
 facet normal -4.653417e-15 -5.153828e-16  1.000000e+00
   outer loop
     vertex  1.741245e+02  3.036267e+01 -6.003504e+00
     vertex  1.656180e+02  3.823526e+01 -6.003504e+00
     vertex  1.652332e+02  3.826253e+01 -6.003504e+00
   endloop
 endfacet
 facet normal -4.970303e-15 -8.577867e-16  1.000000e+00
   outer loop
     vertex  1.741245e+02  3.036267e+01 -6.003504e+00
     vertex  1.740221e+02  3.095657e+01 -6.003504e+00
     vertex  1.656180e+02  3.823526e+01 -6.003504e+00
   endloop
 endfacet
 facet normal -9.034065e-15 -2.330884e-15  1.000000e+00
   outer loop
     vertex  1.760937e+02  3.354527e+01 -6.003504e+00
     vertex  1.731023e+02  4.513951e+01 -6.003504e+00
     vertex  1.727490e+02  4.498486e+01 -6.003504e+00
   endloop
 endfacet
 facet normal -5.743818e-15 -1.368857e-15  1.000000e+00
   outer loop
     vertex  1.760937e+02  3.354527e+01 -6.003504e+00
     vertex  1.727490e+02  4.498486e+01 -6.003504e+00
     vertex  1.755165e+02  3.337194e+01 -6.003504e+00
   endloop
 endfacet
 facet normal -4.877065e-15 -1.208255e-15  1.000000e+00
   outer loop
     vertex  1.766957e+02  3.357544e+01 -6.003504e+00
     vertex  1.734084e+02  4.537424e+01 -6.003504e+00
     vertex  1.731023e+02  4.513951e+01 -6.003504e+00
   endloop
 endfacet
 facet normal -5.826887e-15 -1.503398e-15  1.000000e+00
   outer loop
     vertex  1.766957e+02  3.357544e+01 -6.003504e+00
     vertex  1.731023e+02  4.513951e+01 -6.003504e+00
     vertex  1.760937e+02  3.354527e+01 -6.003504e+00
   endloop
 endfacet
 facet normal -5.957086e-15 -3.811739e-15  1.000000e+00
   outer loop
     vertex  2.005085e+02  7.662430e+01 -6.003504e+00
     vertex  1.753183e+02  8.057444e+01 -6.003504e+00
     vertex  1.753437e+02  8.006882e+01 -6.003504e+00
   endloop
 endfacet
 facet normal -6.227095e-15 -5.533600e-15  1.000000e+00
   outer loop
     vertex  2.005085e+02  7.662430e+01 -6.003504e+00
     vertex  1.751727e+02  8.105930e+01 -6.003504e+00
     vertex  1.753183e+02  8.057444e+01 -6.003504e+00
   endloop
 endfacet
 facet normal -5.636356e-15 -1.387833e-15  1.000000e+00
   outer loop
     vertex  1.772873e+02  3.346067e+01 -6.003504e+00
     vertex  1.736494e+02  4.567539e+01 -6.003504e+00
     vertex  1.734084e+02  4.537424e+01 -6.003504e+00
   endloop
 endfacet
 facet normal -6.316878e-15 -1.609405e-15  1.000000e+00
   outer loop
     vertex  1.772873e+02  3.346067e+01 -6.003504e+00
     vertex  1.734084e+02  4.537424e+01 -6.003504e+00
     vertex  1.766957e+02  3.357544e+01 -6.003504e+00
   endloop
 endfacet
 facet normal -5.565319e-15 -1.291707e-15  1.000000e+00
   outer loop
     vertex  1.983831e+02  7.202952e+01 -6.003504e+00
     vertex  1.752473e+02  7.957182e+01 -6.003504e+00
     vertex  1.750347e+02  7.911235e+01 -6.003504e+00
   endloop
 endfacet
 facet normal -5.934174e-15 -2.423163e-15  1.000000e+00
   outer loop
     vertex  1.983831e+02  7.202952e+01 -6.003504e+00
     vertex  1.753437e+02  8.006882e+01 -6.003504e+00
     vertex  1.752473e+02  7.957182e+01 -6.003504e+00
   endloop
 endfacet
 facet normal -5.659127e-15 -1.634918e-15  1.000000e+00
   outer loop
     vertex  1.983831e+02  7.202952e+01 -6.003504e+00
     vertex  2.005085e+02  7.662430e+01 -6.003504e+00
     vertex  1.753437e+02  8.006882e+01 -6.003504e+00
   endloop
 endfacet
 facet normal -6.892273e-15 -1.886039e-15  1.000000e+00
   outer loop
     vertex  1.778343e+02  3.320765e+01 -6.003504e+00
     vertex  1.738113e+02  4.602547e+01 -6.003504e+00
     vertex  1.736494e+02  4.567539e+01 -6.003504e+00
   endloop
 endfacet
 facet normal -3.610304e-15 -7.844096e-16  1.000000e+00
   outer loop
     vertex  1.778343e+02  3.320765e+01 -6.003504e+00
     vertex  1.736494e+02  4.567539e+01 -6.003504e+00
     vertex  1.772873e+02  3.346067e+01 -6.003504e+00
   endloop
 endfacet
 facet normal -5.338165e-15  4.997664e-15  1.000000e+00
   outer loop
     vertex  2.036717e+02  8.057694e+01 -6.003504e+00
     vertex  1.749153e+02  8.149523e+01 -6.003504e+00
     vertex  1.751727e+02  8.105930e+01 -6.003504e+00
   endloop
 endfacet
 facet normal -5.440341e-15 -1.039113e-15  1.000000e+00
   outer loop
     vertex  2.036717e+02  8.057694e+01 -6.003504e+00
     vertex  1.751727e+02  8.105930e+01 -6.003504e+00
     vertex  2.005085e+02  7.662430e+01 -6.003504e+00
   endloop
 endfacet
 facet normal -5.545391e-15 -1.491644e-15  1.000000e+00
   outer loop
     vertex  2.036717e+02  8.057694e+01 -6.003504e+00
     vertex  2.083002e+02  9.909603e+01 -6.003504e+00
     vertex  1.749153e+02  8.149523e+01 -6.003504e+00
   endloop
 endfacet
 facet normal -7.555866e-16  1.465625e-16  1.000000e+00
   outer loop
     vertex  1.783049e+02  3.283108e+01 -6.003504e+00
     vertex  1.738848e+02  4.640413e+01 -6.003504e+00
     vertex  1.738113e+02  4.602547e+01 -6.003504e+00
   endloop
 endfacet
 facet normal -4.745102e-15 -1.212128e-15  1.000000e+00
   outer loop
     vertex  1.783049e+02  3.283108e+01 -6.003504e+00
     vertex  1.738113e+02  4.602547e+01 -6.003504e+00
     vertex  1.778343e+02  3.320765e+01 -6.003504e+00
   endloop
 endfacet
 facet normal -5.201844e-15 -1.121463e-15  1.000000e+00
   outer loop
     vertex  1.752750e+02  2.653168e+01 -6.003504e+00
     vertex  1.652332e+02  3.826253e+01 -6.003504e+00
     vertex  1.648662e+02  3.838108e+01 -6.003504e+00
   endloop
 endfacet
 facet normal -5.160376e-15 -1.085966e-15  1.000000e+00
   outer loop
     vertex  1.752750e+02  2.653168e+01 -6.003504e+00
     vertex  1.741245e+02  3.036267e+01 -6.003504e+00
     vertex  1.652332e+02  3.826253e+01 -6.003504e+00
   endloop
 endfacet
 facet normal -5.590566e-15 -1.593007e-15  1.000000e+00
   outer loop
     vertex  1.752750e+02  2.653168e+01 -6.003504e+00
     vertex  1.440746e+02  3.232374e+01 -6.003504e+00
     vertex  1.419658e+02  2.968865e+01 -6.003504e+00
   endloop
 endfacet
 facet normal -5.561713e-15 -1.437579e-15  1.000000e+00
   outer loop
     vertex  1.752750e+02  2.653168e+01 -6.003504e+00
     vertex  1.648662e+02  3.838108e+01 -6.003504e+00
     vertex  1.440746e+02  3.232374e+01 -6.003504e+00
   endloop
 endfacet
 facet normal -5.602774e-15 -1.415178e-15  1.000000e+00
   outer loop
     vertex  1.974191e+02  6.705961e+01 -6.003504e+00
     vertex  1.983831e+02  7.202952e+01 -6.003504e+00
     vertex  1.750347e+02  7.911235e+01 -6.003504e+00
   endloop
 endfacet
 facet normal -5.586075e-15 -1.353812e-15  1.000000e+00
   outer loop
     vertex  1.974191e+02  6.705961e+01 -6.003504e+00
     vertex  1.743167e+02  7.840901e+01 -6.003504e+00
     vertex  1.691346e+02  6.436414e+01 -6.003504e+00
   endloop
 endfacet
 facet normal -6.452665e-15 -3.117811e-15  1.000000e+00
   outer loop
     vertex  1.974191e+02  6.705961e+01 -6.003504e+00
     vertex  1.747184e+02  7.871708e+01 -6.003504e+00
     vertex  1.743167e+02  7.840901e+01 -6.003504e+00
   endloop
 endfacet
 facet normal -5.074125e-15 -4.333683e-16  1.000000e+00
   outer loop
     vertex  1.974191e+02  6.705961e+01 -6.003504e+00
     vertex  1.750347e+02  7.911235e+01 -6.003504e+00
     vertex  1.747184e+02  7.871708e+01 -6.003504e+00
   endloop
 endfacet
 facet normal -5.617928e-15 -1.019562e-15  1.000000e+00
   outer loop
     vertex  1.974191e+02  6.705961e+01 -6.003504e+00
     vertex  1.691346e+02  6.436414e+01 -6.003504e+00
     vertex  1.692345e+02  6.381332e+01 -6.003504e+00
   endloop
 endfacet
 facet normal -5.669252e-15 -2.423222e-15  1.000000e+00
   outer loop
     vertex  1.754950e+02  2.601691e+01 -6.003504e+00
     vertex  1.752750e+02  2.653168e+01 -6.003504e+00
     vertex  1.419658e+02  2.968865e+01 -6.003504e+00
   endloop
 endfacet
 facet normal -5.572290e-15 -1.382817e-15  1.000000e+00
   outer loop
     vertex  1.758241e+02  2.556401e+01 -6.003504e+00
     vertex  1.419658e+02  2.968865e+01 -6.003504e+00
     vertex  1.392876e+02  2.763481e+01 -6.003504e+00
   endloop
 endfacet
 facet normal -5.404374e-15 -4.428817e-18  1.000000e+00
   outer loop
     vertex  1.758241e+02  2.556401e+01 -6.003504e+00
     vertex  1.754950e+02  2.601691e+01 -6.003504e+00
     vertex  1.419658e+02  2.968865e+01 -6.003504e+00
   endloop
 endfacet
 facet normal -6.022453e-15 -1.372412e-15  1.000000e+00
   outer loop
     vertex  2.076890e+02  8.365770e+01 -6.003504e+00
     vertex  2.083002e+02  9.909603e+01 -6.003504e+00
     vertex  2.036717e+02  8.057694e+01 -6.003504e+00
   endloop
 endfacet
 facet normal -5.582745e-15 -1.567293e-15  1.000000e+00
   outer loop
     vertex  1.762457e+02  2.519568e+01 -6.003504e+00
     vertex  1.758241e+02  2.556401e+01 -6.003504e+00
     vertex  1.392876e+02  2.763481e+01 -6.003504e+00
   endloop
 endfacet
 facet normal -5.589440e-15 -1.668736e-15  1.000000e+00
   outer loop
     vertex  1.762457e+02  2.519568e+01 -6.003504e+00
     vertex  1.392876e+02  2.763481e+01 -6.003504e+00
     vertex  1.361957e+02  2.628157e+01 -6.003504e+00
   endloop
 endfacet
 facet normal -5.647178e-15 -3.798243e-15  1.000000e+00
   outer loop
     vertex  1.767386e+02  2.493040e+01 -6.003504e+00
     vertex  1.762457e+02  2.519568e+01 -6.003504e+00
     vertex  1.361957e+02  2.628157e+01 -6.003504e+00
   endloop
 endfacet
 facet normal -5.566955e-15 -1.391071e-15  1.000000e+00
   outer loop
     vertex  1.767386e+02  2.493040e+01 -6.003504e+00
     vertex  1.361957e+02  2.628157e+01 -6.003504e+00
     vertex  9.737226e+01  2.874153e+00 -6.003504e+00
   endloop
 endfacet
 facet normal -6.269555e-15  1.137138e-15  1.000000e+00
   outer loop
     vertex  1.772783e+02  2.478148e+01 -6.003504e+00
     vertex  1.767386e+02  2.493040e+01 -6.003504e+00
     vertex  9.737226e+01  2.874153e+00 -6.003504e+00
   endloop
 endfacet
 facet normal -5.571610e-15 -1.434031e-15  1.000000e+00
   outer loop
     vertex  1.772783e+02  2.478148e+01 -6.003504e+00
     vertex  9.691936e+01  2.545093e+00 -6.003504e+00
     vertex  7.710867e+01 -1.338855e+01 -6.003504e+00
   endloop
 endfacet
 facet normal -4.814504e-15 -4.170101e-15  1.000000e+00
   outer loop
     vertex  1.772783e+02  2.478148e+01 -6.003504e+00
     vertex  9.737226e+01  2.874153e+00 -6.003504e+00
     vertex  9.691936e+01  2.545093e+00 -6.003504e+00
   endloop
 endfacet
 facet normal -4.124674e-15 -4.040191e-15  1.000000e+00
   outer loop
     vertex  1.976724e+02  6.200342e+01 -6.003504e+00
     vertex  1.732885e+02  4.776647e+01 -6.003504e+00
     vertex  1.735584e+02  4.749092e+01 -6.003504e+00
   endloop
 endfacet
 facet normal -5.683729e-15 -1.369961e-15  1.000000e+00
   outer loop
     vertex  1.976724e+02  6.200342e+01 -6.003504e+00
     vertex  1.690605e+02  6.271441e+01 -6.003504e+00
     vertex  1.732885e+02  4.776647e+01 -6.003504e+00
   endloop
 endfacet
 facet normal -5.662215e-15 -6.350581e-16  1.000000e+00
   outer loop
     vertex  1.976724e+02  6.200342e+01 -6.003504e+00
     vertex  1.974191e+02  6.705961e+01 -6.003504e+00
     vertex  1.692345e+02  6.381332e+01 -6.003504e+00
   endloop
 endfacet
 facet normal -5.611206e-15  1.548534e-15  1.000000e+00
   outer loop
     vertex  1.976724e+02  6.200342e+01 -6.003504e+00
     vertex  1.692094e+02  6.325406e+01 -6.003504e+00
     vertex  1.690605e+02  6.271441e+01 -6.003504e+00
   endloop
 endfacet
 facet normal -5.807353e-15 -2.915519e-15  1.000000e+00
   outer loop
     vertex  1.976724e+02  6.200342e+01 -6.003504e+00
     vertex  1.692345e+02  6.381332e+01 -6.003504e+00
     vertex  1.692094e+02  6.325406e+01 -6.003504e+00
   endloop
 endfacet
 facet normal -3.486364e-15 -6.906345e-15  1.000000e+00
   outer loop
     vertex  1.778376e+02  2.475637e+01 -6.003504e+00
     vertex  1.772783e+02  2.478148e+01 -6.003504e+00
     vertex  7.710867e+01 -1.338855e+01 -6.003504e+00
   endloop
 endfacet
 facet normal -5.518899e-15 -1.392349e-15  1.000000e+00
   outer loop
     vertex  2.123267e+02  8.568755e+01 -6.003504e+00
     vertex  2.083002e+02  9.909603e+01 -6.003504e+00
     vertex  2.076890e+02  8.365770e+01 -6.003504e+00
   endloop
 endfacet
 facet normal -3.689808e-15 -5.916541e-15  1.000000e+00
   outer loop
     vertex  1.991285e+02  5.715478e+01 -6.003504e+00
     vertex  1.737545e+02  4.715878e+01 -6.003504e+00
     vertex  1.738655e+02  4.678936e+01 -6.003504e+00
   endloop
 endfacet
 facet normal -8.303048e-15  5.793755e-15  1.000000e+00
   outer loop
     vertex  1.991285e+02  5.715478e+01 -6.003504e+00
     vertex  1.735584e+02  4.749092e+01 -6.003504e+00
     vertex  1.737545e+02  4.715878e+01 -6.003504e+00
   endloop
 endfacet
 facet normal -5.365919e-15 -1.977732e-15  1.000000e+00
   outer loop
     vertex  1.991285e+02  5.715478e+01 -6.003504e+00
     vertex  1.976724e+02  6.200342e+01 -6.003504e+00
     vertex  1.735584e+02  4.749092e+01 -6.003504e+00
   endloop
 endfacet
 facet normal -5.523235e-15 -1.420148e-15  1.000000e+00
   outer loop
     vertex  2.173155e+02  8.654853e+01 -6.003504e+00
     vertex  2.166149e+02  1.005310e+02 -6.003504e+00
     vertex  2.083002e+02  9.909603e+01 -6.003504e+00
   endloop
 endfacet
 facet normal -5.459878e-15 -1.374625e-15  1.000000e+00
   outer loop
     vertex  2.173155e+02  8.654853e+01 -6.003504e+00
     vertex  2.083002e+02  9.909603e+01 -6.003504e+00
     vertex  2.123267e+02  8.568755e+01 -6.003504e+00
   endloop
 endfacet
 facet normal -5.588392e-15 -1.423413e-15  1.000000e+00
   outer loop
     vertex  2.250313e+02  9.993443e+01 -6.003504e+00
     vertex  2.166149e+02  1.005310e+02 -6.003504e+00
     vertex  2.173155e+02  8.654853e+01 -6.003504e+00
   endloop
 endfacet
 facet normal -4.760585e-15 -4.849666e-15  1.000000e+00
   outer loop
     vertex  2.017026e+02  5.279548e+01 -6.003504e+00
     vertex  1.738655e+02  4.678936e+01 -6.003504e+00
     vertex  1.738848e+02  4.640413e+01 -6.003504e+00
   endloop
 endfacet
 facet normal -5.462670e-15 -1.595650e-15  1.000000e+00
   outer loop
     vertex  2.017026e+02  5.279548e+01 -6.003504e+00
     vertex  1.991285e+02  5.715478e+01 -6.003504e+00
     vertex  1.738655e+02  4.678936e+01 -6.003504e+00
   endloop
 endfacet
 facet normal -6.000046e-15 -8.870098e-16  1.000000e+00
   outer loop
     vertex  2.017026e+02  5.279548e+01 -6.003504e+00
     vertex  1.783049e+02  3.283108e+01 -6.003504e+00
     vertex  1.786716e+02  3.235283e+01 -6.003504e+00
   endloop
 endfacet
 facet normal -5.549799e-15 -1.414686e-15  1.000000e+00
   outer loop
     vertex  2.017026e+02  5.279548e+01 -6.003504e+00
     vertex  1.738848e+02  4.640413e+01 -6.003504e+00
     vertex  1.783049e+02  3.283108e+01 -6.003504e+00
   endloop
 endfacet
 facet normal -5.723574e-15 -1.345492e-15  1.000000e+00
   outer loop
     vertex  2.223654e+02  8.619060e+01 -6.003504e+00
     vertex  2.250313e+02  9.993443e+01 -6.003504e+00
     vertex  2.173155e+02  8.654853e+01 -6.003504e+00
   endloop
 endfacet
 facet normal -5.716710e-15 -1.253031e-15  1.000000e+00
   outer loop
     vertex  2.052451e+02  4.917888e+01 -6.003504e+00
     vertex  1.789133e+02  3.180072e+01 -6.003504e+00
     vertex  1.800637e+02  2.796972e+01 -6.003504e+00
   endloop
 endfacet
 facet normal -5.729580e-15 -1.191720e-15  1.000000e+00
   outer loop
     vertex  2.052451e+02  4.917888e+01 -6.003504e+00
     vertex  2.017026e+02  5.279548e+01 -6.003504e+00
     vertex  1.786716e+02  3.235283e+01 -6.003504e+00
   endloop
 endfacet
 facet normal -5.077124e-15 -2.222146e-15  1.000000e+00
   outer loop
     vertex  2.052451e+02  4.917888e+01 -6.003504e+00
     vertex  1.786716e+02  3.235283e+01 -6.003504e+00
     vertex  1.789133e+02  3.180072e+01 -6.003504e+00
   endloop
 endfacet
 facet normal -5.527063e-15 -1.357760e-15  1.000000e+00
   outer loop
     vertex  2.271829e+02  8.463455e+01 -6.003504e+00
     vertex  2.330604e+02  9.734101e+01 -6.003504e+00
     vertex  2.250313e+02  9.993443e+01 -6.003504e+00
   endloop
 endfacet
 facet normal -5.604318e-15 -1.368624e-15  1.000000e+00
   outer loop
     vertex  2.271829e+02  8.463455e+01 -6.003504e+00
     vertex  2.250313e+02  9.993443e+01 -6.003504e+00
     vertex  2.223654e+02  8.619060e+01 -6.003504e+00
   endloop
 endfacet
 facet normal -4.536262e-15 -2.972591e-15  1.000000e+00
   outer loop
     vertex  2.095502e+02  4.651515e+01 -6.003504e+00
     vertex  1.801637e+02  2.741890e+01 -6.003504e+00
     vertex  1.801386e+02  2.685964e+01 -6.003504e+00
   endloop
 endfacet
 facet normal -5.785624e-15 -1.049996e-15  1.000000e+00
   outer loop
     vertex  2.095502e+02  4.651515e+01 -6.003504e+00
     vertex  1.800637e+02  2.796972e+01 -6.003504e+00
     vertex  1.801637e+02  2.741890e+01 -6.003504e+00
   endloop
 endfacet
 facet normal -5.484600e-15 -1.528612e-15  1.000000e+00
   outer loop
     vertex  2.095502e+02  4.651515e+01 -6.003504e+00
     vertex  2.052451e+02  4.917888e+01 -6.003504e+00
     vertex  1.800637e+02  2.796972e+01 -6.003504e+00
   endloop
 endfacet
 facet normal -5.605576e-15 -1.372519e-15  1.000000e+00
   outer loop
     vertex  2.143677e+02  4.495910e+01 -6.003504e+00
     vertex  2.095502e+02  4.651515e+01 -6.003504e+00
     vertex  1.801386e+02  2.685964e+01 -6.003504e+00
   endloop
 endfacet
 facet normal -5.540180e-15 -1.351693e-15  1.000000e+00
   outer loop
     vertex  2.402356e+02  9.290146e+01 -6.003504e+00
     vertex  2.330604e+02  9.734101e+01 -6.003504e+00
     vertex  2.271829e+02  8.463455e+01 -6.003504e+00
   endloop
 endfacet
 facet normal -5.456693e-15 -1.483510e-15  1.000000e+00
   outer loop
     vertex  2.402356e+02  9.290146e+01 -6.003504e+00
     vertex  2.271829e+02  8.463455e+01 -6.003504e+00
     vertex  2.314880e+02  8.197082e+01 -6.003504e+00
   endloop
 endfacet
 facet normal -5.605242e-15 -1.364629e-15  1.000000e+00
   outer loop
     vertex  2.461398e+02  8.687379e+01 -6.003504e+00
     vertex  2.402356e+02  9.290146e+01 -6.003504e+00
     vertex  2.314880e+02  8.197082e+01 -6.003504e+00
   endloop
 endfacet
 facet normal -5.372822e-15 -1.542597e-15  1.000000e+00
   outer loop
     vertex  2.461398e+02  8.687379e+01 -6.003504e+00
     vertex  2.350305e+02  7.835421e+01 -6.003504e+00
     vertex  2.376046e+02  7.399492e+01 -6.003504e+00
   endloop
 endfacet
 facet normal -5.679514e-15 -1.142679e-15  1.000000e+00
   outer loop
     vertex  2.461398e+02  8.687379e+01 -6.003504e+00
     vertex  2.314880e+02  8.197082e+01 -6.003504e+00
     vertex  2.350305e+02  7.835421e+01 -6.003504e+00
   endloop
 endfacet
 facet normal -5.437853e-15 -1.499499e-15  1.000000e+00
   outer loop
     vertex  2.504299e+02  7.960830e+01 -6.003504e+00
     vertex  2.461398e+02  8.687379e+01 -6.003504e+00
     vertex  2.376046e+02  7.399492e+01 -6.003504e+00
   endloop
 endfacet
 facet normal -5.219974e-15 -3.934146e-15  1.000000e+00
   outer loop
     vertex  2.284328e+02  3.205367e+01 -6.003504e+00
     vertex  1.789031e+02  2.507636e+01 -6.003504e+00
     vertex  1.783884e+02  2.485633e+01 -6.003504e+00
   endloop
 endfacet
 facet normal -5.276265e-15 -3.534555e-15  1.000000e+00
   outer loop
     vertex  2.284328e+02  3.205367e+01 -6.003504e+00
     vertex  1.793560e+02  2.540542e+01 -6.003504e+00
     vertex  1.789031e+02  2.507636e+01 -6.003504e+00
   endloop
 endfacet
 facet normal -5.880224e-15  9.238225e-16  1.000000e+00
   outer loop
     vertex  2.284328e+02  3.205367e+01 -6.003504e+00
     vertex  1.797244e+02  2.582701e+01 -6.003504e+00
     vertex  1.793560e+02  2.540542e+01 -6.003504e+00
   endloop
 endfacet
 facet normal -5.198468e-15 -4.409264e-15  1.000000e+00
   outer loop
     vertex  2.284328e+02  3.205367e+01 -6.003504e+00
     vertex  1.799897e+02  2.631999e+01 -6.003504e+00
     vertex  1.797244e+02  2.582701e+01 -6.003504e+00
   endloop
 endfacet
 facet normal -5.913500e-15  1.631958e-15  1.000000e+00
   outer loop
     vertex  2.284328e+02  3.205367e+01 -6.003504e+00
     vertex  1.801386e+02  2.685964e+01 -6.003504e+00
     vertex  1.799897e+02  2.631999e+01 -6.003504e+00
   endloop
 endfacet
 facet normal -5.586487e-15 -1.408620e-15  1.000000e+00
   outer loop
     vertex  2.284328e+02  3.205367e+01 -6.003504e+00
     vertex  2.143677e+02  4.495910e+01 -6.003504e+00
     vertex  1.801386e+02  2.685964e+01 -6.003504e+00
   endloop
 endfacet
 facet normal -5.739900e-15 -1.575820e-15  1.000000e+00
   outer loop
     vertex  2.284328e+02  3.205367e+01 -6.003504e+00
     vertex  2.194175e+02  4.460117e+01 -6.003504e+00
     vertex  2.143677e+02  4.495910e+01 -6.003504e+00
   endloop
 endfacet
 facet normal -5.459878e-15 -1.374625e-15  1.000000e+00
   outer loop
     vertex  2.284328e+02  3.205367e+01 -6.003504e+00
     vertex  2.244063e+02  4.546214e+01 -6.003504e+00
     vertex  2.194175e+02  4.460117e+01 -6.003504e+00
   endloop
 endfacet
 facet normal -5.693351e-15 -2.076059e-15  1.000000e+00
   outer loop
     vertex  2.528567e+02  7.152724e+01 -6.003504e+00
     vertex  2.376046e+02  7.399492e+01 -6.003504e+00
     vertex  2.390606e+02  6.914628e+01 -6.003504e+00
   endloop
 endfacet
 facet normal -5.556287e-15 -1.228903e-15  1.000000e+00
   outer loop
     vertex  2.528567e+02  7.152724e+01 -6.003504e+00
     vertex  2.504299e+02  7.960830e+01 -6.003504e+00
     vertex  2.376046e+02  7.399492e+01 -6.003504e+00
   endloop
 endfacet
 facet normal -5.535982e-15 -1.353319e-15  1.000000e+00
   outer loop
     vertex  2.361625e+02  3.543676e+01 -6.003504e+00
     vertex  2.290441e+02  4.749200e+01 -6.003504e+00
     vertex  2.244063e+02  4.546214e+01 -6.003504e+00
   endloop
 endfacet
 facet normal -5.586604e-15 -1.412681e-15  1.000000e+00
   outer loop
     vertex  2.361625e+02  3.543676e+01 -6.003504e+00
     vertex  2.244063e+02  4.546214e+01 -6.003504e+00
     vertex  2.284328e+02  3.205367e+01 -6.003504e+00
   endloop
 endfacet
 facet normal -5.570395e-15 -1.421458e-15  1.000000e+00
   outer loop
     vertex  2.532789e+02  6.310024e+01 -6.003504e+00
     vertex  2.393140e+02  6.409009e+01 -6.003504e+00
     vertex  2.383499e+02  5.912018e+01 -6.003504e+00
   endloop
 endfacet
 facet normal -5.514129e-15 -6.276374e-16  1.000000e+00
   outer loop
     vertex  2.532789e+02  6.310024e+01 -6.003504e+00
     vertex  2.390606e+02  6.914628e+01 -6.003504e+00
     vertex  2.393140e+02  6.409009e+01 -6.003504e+00
   endloop
 endfacet
 facet normal -5.819419e-15 -1.345581e-15  1.000000e+00
   outer loop
     vertex  2.532789e+02  6.310024e+01 -6.003504e+00
     vertex  2.528567e+02  7.152724e+01 -6.003504e+00
     vertex  2.390606e+02  6.914628e+01 -6.003504e+00
   endloop
 endfacet
 facet normal -5.759160e-15 -1.485101e-15  1.000000e+00
   outer loop
     vertex  2.428579e+02  4.057137e+01 -6.003504e+00
     vertex  2.290441e+02  4.749200e+01 -6.003504e+00
     vertex  2.361625e+02  3.543676e+01 -6.003504e+00
   endloop
 endfacet
 facet normal -5.829050e-15 -1.624604e-15  1.000000e+00
   outer loop
     vertex  2.428579e+02  4.057137e+01 -6.003504e+00
     vertex  2.330613e+02  5.057276e+01 -6.003504e+00
     vertex  2.290441e+02  4.749200e+01 -6.003504e+00
   endloop
 endfacet
 facet normal -5.550298e-15 -1.496841e-15  1.000000e+00
   outer loop
     vertex  2.516722e+02  5.481706e+01 -6.003504e+00
     vertex  2.532789e+02  6.310024e+01 -6.003504e+00
     vertex  2.383499e+02  5.912018e+01 -6.003504e+00
   endloop
 endfacet
 facet normal -5.476807e-15 -1.279577e-15  1.000000e+00
   outer loop
     vertex  2.481299e+02  4.715909e+01 -6.003504e+00
     vertex  2.330613e+02  5.057276e+01 -6.003504e+00
     vertex  2.428579e+02  4.057137e+01 -6.003504e+00
   endloop
 endfacet
 facet normal -5.425096e-15 -1.051314e-15  1.000000e+00
   outer loop
     vertex  2.481299e+02  4.715909e+01 -6.003504e+00
     vertex  2.362246e+02  5.452539e+01 -6.003504e+00
     vertex  2.330613e+02  5.057276e+01 -6.003504e+00
   endloop
 endfacet
 facet normal -5.757920e-15 -1.589220e-15  1.000000e+00
   outer loop
     vertex  2.481299e+02  4.715909e+01 -6.003504e+00
     vertex  2.383499e+02  5.912018e+01 -6.003504e+00
     vertex  2.362246e+02  5.452539e+01 -6.003504e+00
   endloop
 endfacet
 facet normal -5.516333e-15 -1.391687e-15  1.000000e+00
   outer loop
     vertex  2.481299e+02  4.715909e+01 -6.003504e+00
     vertex  2.516722e+02  5.481706e+01 -6.003504e+00
     vertex  2.383499e+02  5.912018e+01 -6.003504e+00
   endloop
 endfacet
 facet normal -5.467293e-15 -1.729853e-15  1.000000e+00
   outer loop
     vertex  2.083002e+02  9.909603e+01 -6.003504e+00
     vertex  5.697604e+01  5.365381e+01 -6.003504e+00
     vertex  1.471970e+02  7.657045e+01 -6.003504e+00
   endloop
 endfacet
 facet normal -5.318951e-15 -2.313863e-15  1.000000e+00
   outer loop
     vertex  1.471970e+02  7.657045e+01 -6.003504e+00
     vertex  5.697604e+01  5.365381e+01 -6.003504e+00
     vertex  1.155914e+02  6.707935e+01 -6.003504e+00
   endloop
 endfacet
 facet normal -5.060850e-15 -3.440722e-15  1.000000e+00
   outer loop
     vertex  1.155914e+02  6.707935e+01 -6.003504e+00
     vertex  5.697604e+01  5.365381e+01 -6.003504e+00
     vertex  1.088871e+02  6.506609e+01 -6.003504e+00
   endloop
 endfacet
 facet normal -4.617098e-15 -4.036105e-15  1.000000e+00
   outer loop
     vertex  2.083002e+02  9.909603e+01 -6.003504e+00
     vertex  1.471970e+02  7.657045e+01 -6.003504e+00
     vertex  1.539013e+02  7.858371e+01 -6.003504e+00
   endloop
 endfacet
 facet normal -5.590264e-15 -1.359446e-15  1.000000e+00
   outer loop
     vertex  7.710867e+01 -1.338855e+01 -6.003504e+00
     vertex  2.284328e+02  3.205367e+01 -6.003504e+00
     vertex  1.783884e+02  2.485633e+01 -6.003504e+00
   endloop
 endfacet
 facet normal -6.770144e-15  1.765099e-15  1.000000e+00
   outer loop
     vertex  7.710867e+01 -1.338855e+01 -6.003504e+00
     vertex  1.783884e+02  2.485633e+01 -6.003504e+00
     vertex  1.778376e+02  2.475637e+01 -6.003504e+00
   endloop
 endfacet
 facet normal  5.212608e-15  1.170709e-15 -1.000000e+00
   outer loop
     vertex  7.244940e+01  2.126968e+00  2.099650e+01
     vertex  5.397332e+01  3.583742e+01  2.099650e+01
     vertex  6.163531e+01  3.813829e+01  2.099650e+01
   endloop
 endfacet
 facet normal  5.212608e-15  1.170709e-15 -1.000000e+00
   outer loop
     vertex  7.244940e+01  2.126968e+00  2.099650e+01
     vertex  6.478742e+01 -1.739038e-01  2.099650e+01
     vertex  5.397332e+01  3.583742e+01  2.099650e+01
   endloop
 endfacet
 facet normal  2.876090e-01 -9.577479e-01 -5.879138e-17
   outer loop
     vertex  6.129017e+01  3.928759e+01  1.979650e+01
     vertex  5.362819e+01  3.698672e+01 -2.803504e+00
     vertex  6.129017e+01  3.928759e+01 -2.803504e+00
   endloop
 endfacet
 facet normal  2.876090e-01 -9.577479e-01  5.501990e-16
   outer loop
     vertex  6.129017e+01  3.928759e+01  1.979650e+01
     vertex  5.362819e+01  3.698672e+01  1.979650e+01
     vertex  5.362819e+01  3.698672e+01 -2.803504e+00
   endloop
 endfacet
 facet normal -5.610758e-15 -1.388928e-15  1.000000e+00
   outer loop
     vertex  6.163531e+01  3.813829e+01 -4.003504e+00
     vertex  6.478742e+01 -1.739038e-01 -4.003504e+00
     vertex  7.244940e+01  2.126968e+00 -4.003504e+00
   endloop
 endfacet
 facet normal -5.610758e-15 -1.388928e-15  1.000000e+00
   outer loop
     vertex  6.163531e+01  3.813829e+01 -4.003504e+00
     vertex  5.397332e+01  3.583742e+01 -4.003504e+00
     vertex  6.478742e+01 -1.739038e-01 -4.003504e+00
   endloop
 endfacet
 facet normal -2.876090e-01  9.577479e-01 -2.423240e-16
   outer loop
     vertex  7.279453e+01  9.776706e-01 -2.803504e+00
     vertex  6.513255e+01 -1.323201e+00  1.979650e+01
     vertex  7.279453e+01  9.776706e-01  1.979650e+01
   endloop
 endfacet
 facet normal -2.876090e-01  9.577479e-01 -4.715992e-16
   outer loop
     vertex  7.279453e+01  9.776706e-01 -2.803504e+00
     vertex  6.513255e+01 -1.323201e+00 -2.803504e+00
     vertex  6.513255e+01 -1.323201e+00  1.979650e+01
   endloop
 endfacet
 facet normal -2.855120e-01  9.507649e-01 -1.205367e-01
   outer loop
     vertex  5.277974e+01  3.981207e+01  1.849650e+01
     vertex  6.042042e+01  4.218391e+01  1.910675e+01
     vertex  6.044173e+01  4.211294e+01  1.849650e+01
   endloop
 endfacet
 facet normal -2.689191e-01  8.955099e-01 -3.546049e-01
   outer loop
     vertex  5.275843e+01  3.988304e+01  1.910675e+01
     vertex  6.035772e+01  4.239269e+01  1.968154e+01
     vertex  6.042042e+01  4.218391e+01  1.910675e+01
   endloop
 endfacet
 facet normal -2.855120e-01  9.507649e-01 -1.205367e-01
   outer loop
     vertex  5.275843e+01  3.988304e+01  1.910675e+01
     vertex  6.042042e+01  4.218391e+01  1.910675e+01
     vertex  5.277974e+01  3.981207e+01  1.849650e+01
   endloop
 endfacet
 facet normal -2.366976e-01  7.882111e-01 -5.680647e-01
   outer loop
     vertex  5.269574e+01  4.009182e+01  1.968154e+01
     vertex  6.025729e+01  4.272715e+01  2.018746e+01
     vertex  6.035772e+01  4.239269e+01  1.968154e+01
   endloop
 endfacet
 facet normal -2.689191e-01  8.955099e-01 -3.546049e-01
   outer loop
     vertex  5.269574e+01  4.009182e+01  1.968154e+01
     vertex  6.035772e+01  4.239269e+01  1.968154e+01
     vertex  5.275843e+01  3.988304e+01  1.910675e+01
   endloop
 endfacet
 facet normal -1.907200e-01  6.351043e-01 -7.485107e-01
   outer loop
     vertex  5.259530e+01  4.042627e+01  2.018746e+01
     vertex  6.012495e+01  4.316784e+01  2.059510e+01
     vertex  6.025729e+01  4.272715e+01  2.018746e+01
   endloop
 endfacet
 facet normal -2.366976e-01  7.882111e-01 -5.680647e-01
   outer loop
     vertex  5.259530e+01  4.042627e+01  2.018746e+01
     vertex  6.025729e+01  4.272715e+01  2.018746e+01
     vertex  5.269574e+01  4.009182e+01  1.968154e+01
   endloop
 endfacet
 facet normal -1.336586e-01  4.450876e-01 -8.854560e-01
   outer loop
     vertex  5.246296e+01  4.086697e+01  2.059510e+01
     vertex  5.996839e+01  4.368916e+01  2.088079e+01
     vertex  6.012495e+01  4.316784e+01  2.059510e+01
   endloop
 endfacet
 facet normal -1.907200e-01  6.351043e-01 -7.485107e-01
   outer loop
     vertex  5.246296e+01  4.086697e+01  2.059510e+01
     vertex  6.012495e+01  4.316784e+01  2.059510e+01
     vertex  5.259530e+01  4.042627e+01  2.018746e+01
   endloop
 endfacet
 facet normal -6.882934e-02  2.292041e-01 -9.709418e-01
   outer loop
     vertex  5.230641e+01  4.138829e+01  2.088079e+01
     vertex  5.979673e+01  4.426082e+01  2.102790e+01
     vertex  5.996839e+01  4.368916e+01  2.088079e+01
   endloop
 endfacet
 facet normal -1.336586e-01  4.450876e-01 -8.854560e-01
   outer loop
     vertex  5.230641e+01  4.138829e+01  2.088079e+01
     vertex  5.996839e+01  4.368916e+01  2.088079e+01
     vertex  5.246296e+01  4.086697e+01  2.059510e+01
   endloop
 endfacet
 facet normal  5.103906e-15  1.532689e-15 -1.000000e+00
   outer loop
     vertex  5.213474e+01  4.195995e+01  2.102790e+01
     vertex  5.961992e+01  4.484958e+01  2.102790e+01
     vertex  5.979673e+01  4.426082e+01  2.102790e+01
   endloop
 endfacet
 facet normal -6.882934e-02  2.292041e-01 -9.709418e-01
   outer loop
     vertex  5.213474e+01  4.195995e+01  2.102790e+01
     vertex  5.979673e+01  4.426082e+01  2.102790e+01
     vertex  5.230641e+01  4.138829e+01  2.088079e+01
   endloop
 endfacet
 facet normal  6.882934e-02 -2.292041e-01 -9.709418e-01
   outer loop
     vertex  5.195794e+01  4.254871e+01  2.102790e+01
     vertex  5.944826e+01  4.542124e+01  2.088079e+01
     vertex  5.961992e+01  4.484958e+01  2.102790e+01
   endloop
 endfacet
 facet normal  5.103906e-15  1.532689e-15 -1.000000e+00
   outer loop
     vertex  5.195794e+01  4.254871e+01  2.102790e+01
     vertex  5.961992e+01  4.484958e+01  2.102790e+01
     vertex  5.213474e+01  4.195995e+01  2.102790e+01
   endloop
 endfacet
 facet normal  6.882934e-02 -2.292041e-01 -9.709418e-01
   outer loop
     vertex  5.178627e+01  4.312037e+01  2.088079e+01
     vertex  5.944826e+01  4.542124e+01  2.088079e+01
     vertex  5.195794e+01  4.254871e+01  2.102790e+01
   endloop
 endfacet
 facet normal  1.336586e-01 -4.450876e-01 -8.854560e-01
   outer loop
     vertex  5.162972e+01  4.364169e+01  2.059510e+01
     vertex  5.929170e+01  4.594256e+01  2.059510e+01
     vertex  5.944826e+01  4.542124e+01  2.088079e+01
   endloop
 endfacet
 facet normal  1.907200e-01 -6.351043e-01 -7.485107e-01
   outer loop
     vertex  5.162972e+01  4.364169e+01  2.059510e+01
     vertex  5.915937e+01  4.638326e+01  2.018746e+01
     vertex  5.929170e+01  4.594256e+01  2.059510e+01
   endloop
 endfacet
 facet normal  1.336586e-01 -4.450876e-01 -8.854560e-01
   outer loop
     vertex  5.162972e+01  4.364169e+01  2.059510e+01
     vertex  5.944826e+01  4.542124e+01  2.088079e+01
     vertex  5.178627e+01  4.312037e+01  2.088079e+01
   endloop
 endfacet
 facet normal  2.366976e-01 -7.882111e-01 -5.680647e-01
   outer loop
     vertex  5.149738e+01  4.408238e+01  2.018746e+01
     vertex  5.905893e+01  4.671771e+01  1.968154e+01
     vertex  5.915937e+01  4.638326e+01  2.018746e+01
   endloop
 endfacet
 facet normal  1.907200e-01 -6.351043e-01 -7.485107e-01
   outer loop
     vertex  5.149738e+01  4.408238e+01  2.018746e+01
     vertex  5.915937e+01  4.638326e+01  2.018746e+01
     vertex  5.162972e+01  4.364169e+01  2.059510e+01
   endloop
 endfacet
 facet normal  2.689191e-01 -8.955099e-01 -3.546049e-01
   outer loop
     vertex  5.139695e+01  4.441684e+01  1.968154e+01
     vertex  5.899623e+01  4.692649e+01  1.910675e+01
     vertex  5.905893e+01  4.671771e+01  1.968154e+01
   endloop
 endfacet
 facet normal  2.366976e-01 -7.882111e-01 -5.680647e-01
   outer loop
     vertex  5.139695e+01  4.441684e+01  1.968154e+01
     vertex  5.905893e+01  4.671771e+01  1.968154e+01
     vertex  5.149738e+01  4.408238e+01  2.018746e+01
   endloop
 endfacet
 facet normal  2.689191e-01 -8.955099e-01 -3.546049e-01
   outer loop
     vertex  5.133425e+01  4.462562e+01  1.910675e+01
     vertex  5.899623e+01  4.692649e+01  1.910675e+01
     vertex  5.139695e+01  4.441684e+01  1.968154e+01
   endloop
 endfacet
 facet normal  2.855120e-01 -9.507649e-01 -1.205367e-01
   outer loop
     vertex  5.131294e+01  4.469659e+01  1.849650e+01
     vertex  5.897492e+01  4.699746e+01  1.849650e+01
     vertex  5.899623e+01  4.692649e+01  1.910675e+01
   endloop
 endfacet
 facet normal  2.855120e-01 -9.507649e-01 -1.205367e-01
   outer loop
     vertex  5.131294e+01  4.469659e+01  1.849650e+01
     vertex  5.899623e+01  4.692649e+01  1.910675e+01
     vertex  5.133425e+01  4.462562e+01  1.910675e+01
   endloop
 endfacet
 facet normal -2.855120e-01  9.507649e-01 -1.205367e-01
   outer loop
     vertex  5.277974e+01  3.981207e+01  4.964959e-01
     vertex  6.042042e+01  4.218391e+01  1.106751e+00
     vertex  6.044173e+01  4.211294e+01  4.964959e-01
   endloop
 endfacet
 facet normal -2.689191e-01  8.955099e-01 -3.546049e-01
   outer loop
     vertex  5.275843e+01  3.988304e+01  1.106751e+00
     vertex  6.035772e+01  4.239269e+01  1.681540e+00
     vertex  6.042042e+01  4.218391e+01  1.106751e+00
   endloop
 endfacet
 facet normal -2.855120e-01  9.507649e-01 -1.205367e-01
   outer loop
     vertex  5.275843e+01  3.988304e+01  1.106751e+00
     vertex  6.042042e+01  4.218391e+01  1.106751e+00
     vertex  5.277974e+01  3.981207e+01  4.964959e-01
   endloop
 endfacet
 facet normal -2.366976e-01  7.882111e-01 -5.680647e-01
   outer loop
     vertex  5.269574e+01  4.009182e+01  1.681540e+00
     vertex  6.025729e+01  4.272715e+01  2.187459e+00
     vertex  6.035772e+01  4.239269e+01  1.681540e+00
   endloop
 endfacet
 facet normal -2.689191e-01  8.955099e-01 -3.546049e-01
   outer loop
     vertex  5.269574e+01  4.009182e+01  1.681540e+00
     vertex  6.035772e+01  4.239269e+01  1.681540e+00
     vertex  5.275843e+01  3.988304e+01  1.106751e+00
   endloop
 endfacet
 facet normal -1.907200e-01  6.351043e-01 -7.485107e-01
   outer loop
     vertex  5.259530e+01  4.042627e+01  2.187459e+00
     vertex  6.012495e+01  4.316784e+01  2.595105e+00
     vertex  6.025729e+01  4.272715e+01  2.187459e+00
   endloop
 endfacet
 facet normal -2.366976e-01  7.882111e-01 -5.680647e-01
   outer loop
     vertex  5.259530e+01  4.042627e+01  2.187459e+00
     vertex  6.025729e+01  4.272715e+01  2.187459e+00
     vertex  5.269574e+01  4.009182e+01  1.681540e+00
   endloop
 endfacet
 facet normal -1.336586e-01  4.450876e-01 -8.854560e-01
   outer loop
     vertex  5.246296e+01  4.086697e+01  2.595105e+00
     vertex  5.996839e+01  4.368916e+01  2.880787e+00
     vertex  6.012495e+01  4.316784e+01  2.595105e+00
   endloop
 endfacet
 facet normal -1.907200e-01  6.351043e-01 -7.485107e-01
   outer loop
     vertex  5.246296e+01  4.086697e+01  2.595105e+00
     vertex  6.012495e+01  4.316784e+01  2.595105e+00
     vertex  5.259530e+01  4.042627e+01  2.187459e+00
   endloop
 endfacet
 facet normal -6.882934e-02  2.292041e-01 -9.709418e-01
   outer loop
     vertex  5.230641e+01  4.138829e+01  2.880787e+00
     vertex  5.979673e+01  4.426082e+01  3.027903e+00
     vertex  5.996839e+01  4.368916e+01  2.880787e+00
   endloop
 endfacet
 facet normal -1.336586e-01  4.450876e-01 -8.854560e-01
   outer loop
     vertex  5.230641e+01  4.138829e+01  2.880787e+00
     vertex  5.996839e+01  4.368916e+01  2.880787e+00
     vertex  5.246296e+01  4.086697e+01  2.595105e+00
   endloop
 endfacet
 facet normal  5.529232e-15  1.660413e-15 -1.000000e+00
   outer loop
     vertex  5.213474e+01  4.195995e+01  3.027903e+00
     vertex  5.961992e+01  4.484958e+01  3.027903e+00
     vertex  5.979673e+01  4.426082e+01  3.027903e+00
   endloop
 endfacet
 facet normal -6.882934e-02  2.292041e-01 -9.709418e-01
   outer loop
     vertex  5.213474e+01  4.195995e+01  3.027903e+00
     vertex  5.979673e+01  4.426082e+01  3.027903e+00
     vertex  5.230641e+01  4.138829e+01  2.880787e+00
   endloop
 endfacet
 facet normal  6.882934e-02 -2.292041e-01 -9.709418e-01
   outer loop
     vertex  5.195794e+01  4.254871e+01  3.027903e+00
     vertex  5.944826e+01  4.542124e+01  2.880787e+00
     vertex  5.961992e+01  4.484958e+01  3.027903e+00
   endloop
 endfacet
 facet normal  5.529232e-15  1.660413e-15 -1.000000e+00
   outer loop
     vertex  5.195794e+01  4.254871e+01  3.027903e+00
     vertex  5.961992e+01  4.484958e+01  3.027903e+00
     vertex  5.213474e+01  4.195995e+01  3.027903e+00
   endloop
 endfacet
 facet normal  6.882934e-02 -2.292041e-01 -9.709418e-01
   outer loop
     vertex  5.178627e+01  4.312037e+01  2.880787e+00
     vertex  5.944826e+01  4.542124e+01  2.880787e+00
     vertex  5.195794e+01  4.254871e+01  3.027903e+00
   endloop
 endfacet
 facet normal  1.336586e-01 -4.450876e-01 -8.854560e-01
   outer loop
     vertex  5.162972e+01  4.364169e+01  2.595105e+00
     vertex  5.929170e+01  4.594256e+01  2.595105e+00
     vertex  5.944826e+01  4.542124e+01  2.880787e+00
   endloop
 endfacet
 facet normal  1.907200e-01 -6.351043e-01 -7.485107e-01
   outer loop
     vertex  5.162972e+01  4.364169e+01  2.595105e+00
     vertex  5.915937e+01  4.638326e+01  2.187459e+00
     vertex  5.929170e+01  4.594256e+01  2.595105e+00
   endloop
 endfacet
 facet normal  1.336586e-01 -4.450876e-01 -8.854560e-01
   outer loop
     vertex  5.162972e+01  4.364169e+01  2.595105e+00
     vertex  5.944826e+01  4.542124e+01  2.880787e+00
     vertex  5.178627e+01  4.312037e+01  2.880787e+00
   endloop
 endfacet
 facet normal  2.366976e-01 -7.882111e-01 -5.680647e-01
   outer loop
     vertex  5.149738e+01  4.408238e+01  2.187459e+00
     vertex  5.905893e+01  4.671771e+01  1.681540e+00
     vertex  5.915937e+01  4.638326e+01  2.187459e+00
   endloop
 endfacet
 facet normal  1.907200e-01 -6.351043e-01 -7.485107e-01
   outer loop
     vertex  5.149738e+01  4.408238e+01  2.187459e+00
     vertex  5.915937e+01  4.638326e+01  2.187459e+00
     vertex  5.162972e+01  4.364169e+01  2.595105e+00
   endloop
 endfacet
 facet normal  2.689191e-01 -8.955099e-01 -3.546049e-01
   outer loop
     vertex  5.139695e+01  4.441684e+01  1.681540e+00
     vertex  5.899623e+01  4.692649e+01  1.106751e+00
     vertex  5.905893e+01  4.671771e+01  1.681540e+00
   endloop
 endfacet
 facet normal  2.366976e-01 -7.882111e-01 -5.680647e-01
   outer loop
     vertex  5.139695e+01  4.441684e+01  1.681540e+00
     vertex  5.905893e+01  4.671771e+01  1.681540e+00
     vertex  5.149738e+01  4.408238e+01  2.187459e+00
   endloop
 endfacet
 facet normal  2.689191e-01 -8.955099e-01 -3.546049e-01
   outer loop
     vertex  5.133425e+01  4.462562e+01  1.106751e+00
     vertex  5.899623e+01  4.692649e+01  1.106751e+00
     vertex  5.139695e+01  4.441684e+01  1.681540e+00
   endloop
 endfacet
 facet normal  2.855120e-01 -9.507649e-01 -1.205367e-01
   outer loop
     vertex  5.131294e+01  4.469659e+01  4.964959e-01
     vertex  5.897492e+01  4.699746e+01  4.964959e-01
     vertex  5.899623e+01  4.692649e+01  1.106751e+00
   endloop
 endfacet
 facet normal  2.855120e-01 -9.507649e-01 -1.205367e-01
   outer loop
     vertex  5.131294e+01  4.469659e+01  4.964959e-01
     vertex  5.899623e+01  4.692649e+01  1.106751e+00
     vertex  5.133425e+01  4.462562e+01  1.106751e+00
   endloop
 endfacet
 facet normal -2.855120e-01  9.507649e-01 -1.205367e-01
   outer loop
     vertex  6.744780e+01 -9.033072e+00  4.964959e-01
     vertex  7.508847e+01 -6.661233e+00  1.106751e+00
     vertex  7.510979e+01 -6.732200e+00  4.964959e-01
   endloop
 endfacet
 facet normal -2.689191e-01  8.955099e-01 -3.546049e-01
   outer loop
     vertex  6.742649e+01 -8.962104e+00  1.106751e+00
     vertex  7.502578e+01 -6.452454e+00  1.681540e+00
     vertex  7.508847e+01 -6.661233e+00  1.106751e+00
   endloop
 endfacet
 facet normal -2.855120e-01  9.507649e-01 -1.205367e-01
   outer loop
     vertex  6.742649e+01 -8.962104e+00  1.106751e+00
     vertex  7.508847e+01 -6.661233e+00  1.106751e+00
     vertex  6.744780e+01 -9.033072e+00  4.964959e-01
   endloop
 endfacet
 facet normal -2.366976e-01  7.882111e-01 -5.680647e-01
   outer loop
     vertex  6.736380e+01 -8.753326e+00  1.681540e+00
     vertex  7.492534e+01 -6.117999e+00  2.187459e+00
     vertex  7.502578e+01 -6.452454e+00  1.681540e+00
   endloop
 endfacet
 facet normal -2.689191e-01  8.955099e-01 -3.546049e-01
   outer loop
     vertex  6.736380e+01 -8.753326e+00  1.681540e+00
     vertex  7.502578e+01 -6.452454e+00  1.681540e+00
     vertex  6.742649e+01 -8.962104e+00  1.106751e+00
   endloop
 endfacet
 facet normal -1.907200e-01  6.351043e-01 -7.485107e-01
   outer loop
     vertex  6.726336e+01 -8.418871e+00  2.187459e+00
     vertex  7.479300e+01 -5.677303e+00  2.595105e+00
     vertex  7.492534e+01 -6.117999e+00  2.187459e+00
   endloop
 endfacet
 facet normal -2.366976e-01  7.882111e-01 -5.680647e-01
   outer loop
     vertex  6.726336e+01 -8.418871e+00  2.187459e+00
     vertex  7.492534e+01 -6.117999e+00  2.187459e+00
     vertex  6.736380e+01 -8.753326e+00  1.681540e+00
   endloop
 endfacet
 facet normal -1.336586e-01  4.450876e-01 -8.854560e-01
   outer loop
     vertex  6.713102e+01 -7.978175e+00  2.595105e+00
     vertex  7.463645e+01 -5.155979e+00  2.880787e+00
     vertex  7.479300e+01 -5.677303e+00  2.595105e+00
   endloop
 endfacet
 facet normal -1.907200e-01  6.351043e-01 -7.485107e-01
   outer loop
     vertex  6.713102e+01 -7.978175e+00  2.595105e+00
     vertex  7.479300e+01 -5.677303e+00  2.595105e+00
     vertex  6.726336e+01 -8.418871e+00  2.187459e+00
   endloop
 endfacet
 facet normal -6.882934e-02  2.292041e-01 -9.709418e-01
   outer loop
     vertex  6.697447e+01 -7.456851e+00  2.880787e+00
     vertex  7.446479e+01 -4.584324e+00  3.027903e+00
     vertex  7.463645e+01 -5.155979e+00  2.880787e+00
   endloop
 endfacet
 facet normal -1.336586e-01  4.450876e-01 -8.854560e-01
   outer loop
     vertex  6.697447e+01 -7.456851e+00  2.880787e+00
     vertex  7.463645e+01 -5.155979e+00  2.880787e+00
     vertex  6.713102e+01 -7.978175e+00  2.595105e+00
   endloop
 endfacet
 facet normal  5.529232e-15  1.660413e-15 -1.000000e+00
   outer loop
     vertex  6.680280e+01 -6.885196e+00  3.027903e+00
     vertex  7.428798e+01 -3.995561e+00  3.027903e+00
     vertex  7.446479e+01 -4.584324e+00  3.027903e+00
   endloop
 endfacet
 facet normal -6.882934e-02  2.292041e-01 -9.709418e-01
   outer loop
     vertex  6.680280e+01 -6.885196e+00  3.027903e+00
     vertex  7.446479e+01 -4.584324e+00  3.027903e+00
     vertex  6.697447e+01 -7.456851e+00  2.880787e+00
   endloop
 endfacet
 facet normal  6.882934e-02 -2.292041e-01 -9.709418e-01
   outer loop
     vertex  6.662600e+01 -6.296433e+00  3.027903e+00
     vertex  7.411632e+01 -3.423907e+00  2.880787e+00
     vertex  7.428798e+01 -3.995561e+00  3.027903e+00
   endloop
 endfacet
 facet normal  5.529232e-15  1.660413e-15 -1.000000e+00
   outer loop
     vertex  6.662600e+01 -6.296433e+00  3.027903e+00
     vertex  7.428798e+01 -3.995561e+00  3.027903e+00
     vertex  6.680280e+01 -6.885196e+00  3.027903e+00
   endloop
 endfacet
 facet normal  6.882934e-02 -2.292041e-01 -9.709418e-01
   outer loop
     vertex  6.645433e+01 -5.724778e+00  2.880787e+00
     vertex  7.411632e+01 -3.423907e+00  2.880787e+00
     vertex  6.662600e+01 -6.296433e+00  3.027903e+00
   endloop
 endfacet
 facet normal  1.336586e-01 -4.450876e-01 -8.854560e-01
   outer loop
     vertex  6.629778e+01 -5.203455e+00  2.595105e+00
     vertex  7.395976e+01 -2.902583e+00  2.595105e+00
     vertex  7.411632e+01 -3.423907e+00  2.880787e+00
   endloop
 endfacet
 facet normal  1.907200e-01 -6.351043e-01 -7.485107e-01
   outer loop
     vertex  6.629778e+01 -5.203455e+00  2.595105e+00
     vertex  7.382742e+01 -2.461887e+00  2.187459e+00
     vertex  7.395976e+01 -2.902583e+00  2.595105e+00
   endloop
 endfacet
 facet normal  1.336586e-01 -4.450876e-01 -8.854560e-01
   outer loop
     vertex  6.629778e+01 -5.203455e+00  2.595105e+00
     vertex  7.411632e+01 -3.423907e+00  2.880787e+00
     vertex  6.645433e+01 -5.724778e+00  2.880787e+00
   endloop
 endfacet
 facet normal  2.366976e-01 -7.882111e-01 -5.680647e-01
   outer loop
     vertex  6.616544e+01 -4.762759e+00  2.187459e+00
     vertex  7.372699e+01 -2.127432e+00  1.681540e+00
     vertex  7.382742e+01 -2.461887e+00  2.187459e+00
   endloop
 endfacet
 facet normal  1.907200e-01 -6.351043e-01 -7.485107e-01
   outer loop
     vertex  6.616544e+01 -4.762759e+00  2.187459e+00
     vertex  7.382742e+01 -2.461887e+00  2.187459e+00
     vertex  6.629778e+01 -5.203455e+00  2.595105e+00
   endloop
 endfacet
 facet normal  2.689191e-01 -8.955099e-01 -3.546049e-01
   outer loop
     vertex  6.606500e+01 -4.428303e+00  1.681540e+00
     vertex  7.366429e+01 -1.918653e+00  1.106751e+00
     vertex  7.372699e+01 -2.127432e+00  1.681540e+00
   endloop
 endfacet
 facet normal  2.366976e-01 -7.882111e-01 -5.680647e-01
   outer loop
     vertex  6.606500e+01 -4.428303e+00  1.681540e+00
     vertex  7.372699e+01 -2.127432e+00  1.681540e+00
     vertex  6.616544e+01 -4.762759e+00  2.187459e+00
   endloop
 endfacet
 facet normal  2.689191e-01 -8.955099e-01 -3.546049e-01
   outer loop
     vertex  6.600231e+01 -4.219525e+00  1.106751e+00
     vertex  7.366429e+01 -1.918653e+00  1.106751e+00
     vertex  6.606500e+01 -4.428303e+00  1.681540e+00
   endloop
 endfacet
 facet normal  2.855120e-01 -9.507649e-01 -1.205367e-01
   outer loop
     vertex  6.598100e+01 -4.148558e+00  4.964959e-01
     vertex  7.364298e+01 -1.847686e+00  4.964959e-01
     vertex  7.366429e+01 -1.918653e+00  1.106751e+00
   endloop
 endfacet
 facet normal  2.855120e-01 -9.507649e-01 -1.205367e-01
   outer loop
     vertex  6.598100e+01 -4.148558e+00  4.964959e-01
     vertex  7.366429e+01 -1.918653e+00  1.106751e+00
     vertex  6.600231e+01 -4.219525e+00  1.106751e+00
   endloop
 endfacet
 facet normal -2.855120e-01  9.507649e-01 -1.205367e-01
   outer loop
     vertex  6.744780e+01 -9.033072e+00  1.849650e+01
     vertex  7.508847e+01 -6.661233e+00  1.910675e+01
     vertex  7.510979e+01 -6.732200e+00  1.849650e+01
   endloop
 endfacet
 facet normal -2.689191e-01  8.955099e-01 -3.546049e-01
   outer loop
     vertex  6.742649e+01 -8.962104e+00  1.910675e+01
     vertex  7.502578e+01 -6.452454e+00  1.968154e+01
     vertex  7.508847e+01 -6.661233e+00  1.910675e+01
   endloop
 endfacet
 facet normal -2.855120e-01  9.507649e-01 -1.205367e-01
   outer loop
     vertex  6.742649e+01 -8.962104e+00  1.910675e+01
     vertex  7.508847e+01 -6.661233e+00  1.910675e+01
     vertex  6.744780e+01 -9.033072e+00  1.849650e+01
   endloop
 endfacet
 facet normal -2.366976e-01  7.882111e-01 -5.680647e-01
   outer loop
     vertex  6.736380e+01 -8.753326e+00  1.968154e+01
     vertex  7.492534e+01 -6.117999e+00  2.018746e+01
     vertex  7.502578e+01 -6.452454e+00  1.968154e+01
   endloop
 endfacet
 facet normal -2.689191e-01  8.955099e-01 -3.546049e-01
   outer loop
     vertex  6.736380e+01 -8.753326e+00  1.968154e+01
     vertex  7.502578e+01 -6.452454e+00  1.968154e+01
     vertex  6.742649e+01 -8.962104e+00  1.910675e+01
   endloop
 endfacet
 facet normal -1.907200e-01  6.351043e-01 -7.485107e-01
   outer loop
     vertex  6.726336e+01 -8.418871e+00  2.018746e+01
     vertex  7.479300e+01 -5.677303e+00  2.059510e+01
     vertex  7.492534e+01 -6.117999e+00  2.018746e+01
   endloop
 endfacet
 facet normal -2.366976e-01  7.882111e-01 -5.680647e-01
   outer loop
     vertex  6.726336e+01 -8.418871e+00  2.018746e+01
     vertex  7.492534e+01 -6.117999e+00  2.018746e+01
     vertex  6.736380e+01 -8.753326e+00  1.968154e+01
   endloop
 endfacet
 facet normal -1.336586e-01  4.450876e-01 -8.854560e-01
   outer loop
     vertex  6.713102e+01 -7.978175e+00  2.059510e+01
     vertex  7.463645e+01 -5.155979e+00  2.088079e+01
     vertex  7.479300e+01 -5.677303e+00  2.059510e+01
   endloop
 endfacet
 facet normal -1.907200e-01  6.351043e-01 -7.485107e-01
   outer loop
     vertex  6.713102e+01 -7.978175e+00  2.059510e+01
     vertex  7.479300e+01 -5.677303e+00  2.059510e+01
     vertex  6.726336e+01 -8.418871e+00  2.018746e+01
   endloop
 endfacet
 facet normal -6.882934e-02  2.292041e-01 -9.709418e-01
   outer loop
     vertex  6.697447e+01 -7.456851e+00  2.088079e+01
     vertex  7.446479e+01 -4.584324e+00  2.102790e+01
     vertex  7.463645e+01 -5.155979e+00  2.088079e+01
   endloop
 endfacet
 facet normal -1.336586e-01  4.450876e-01 -8.854560e-01
   outer loop
     vertex  6.697447e+01 -7.456851e+00  2.088079e+01
     vertex  7.463645e+01 -5.155979e+00  2.088079e+01
     vertex  6.713102e+01 -7.978175e+00  2.059510e+01
   endloop
 endfacet
 facet normal  5.103906e-15  1.532689e-15 -1.000000e+00
   outer loop
     vertex  6.680280e+01 -6.885196e+00  2.102790e+01
     vertex  7.428798e+01 -3.995561e+00  2.102790e+01
     vertex  7.446479e+01 -4.584324e+00  2.102790e+01
   endloop
 endfacet
 facet normal -6.882934e-02  2.292041e-01 -9.709418e-01
   outer loop
     vertex  6.680280e+01 -6.885196e+00  2.102790e+01
     vertex  7.446479e+01 -4.584324e+00  2.102790e+01
     vertex  6.697447e+01 -7.456851e+00  2.088079e+01
   endloop
 endfacet
 facet normal  6.882934e-02 -2.292041e-01 -9.709418e-01
   outer loop
     vertex  6.662600e+01 -6.296433e+00  2.102790e+01
     vertex  7.411632e+01 -3.423907e+00  2.088079e+01
     vertex  7.428798e+01 -3.995561e+00  2.102790e+01
   endloop
 endfacet
 facet normal  5.103906e-15  1.532689e-15 -1.000000e+00
   outer loop
     vertex  6.662600e+01 -6.296433e+00  2.102790e+01
     vertex  7.428798e+01 -3.995561e+00  2.102790e+01
     vertex  6.680280e+01 -6.885196e+00  2.102790e+01
   endloop
 endfacet
 facet normal  6.882934e-02 -2.292041e-01 -9.709418e-01
   outer loop
     vertex  6.645433e+01 -5.724778e+00  2.088079e+01
     vertex  7.411632e+01 -3.423907e+00  2.088079e+01
     vertex  6.662600e+01 -6.296433e+00  2.102790e+01
   endloop
 endfacet
 facet normal  1.336586e-01 -4.450876e-01 -8.854560e-01
   outer loop
     vertex  6.629778e+01 -5.203455e+00  2.059510e+01
     vertex  7.395976e+01 -2.902583e+00  2.059510e+01
     vertex  7.411632e+01 -3.423907e+00  2.088079e+01
   endloop
 endfacet
 facet normal  1.907200e-01 -6.351043e-01 -7.485107e-01
   outer loop
     vertex  6.629778e+01 -5.203455e+00  2.059510e+01
     vertex  7.382742e+01 -2.461887e+00  2.018746e+01
     vertex  7.395976e+01 -2.902583e+00  2.059510e+01
   endloop
 endfacet
 facet normal  1.336586e-01 -4.450876e-01 -8.854560e-01
   outer loop
     vertex  6.629778e+01 -5.203455e+00  2.059510e+01
     vertex  7.411632e+01 -3.423907e+00  2.088079e+01
     vertex  6.645433e+01 -5.724778e+00  2.088079e+01
   endloop
 endfacet
 facet normal  2.366976e-01 -7.882111e-01 -5.680647e-01
   outer loop
     vertex  6.616544e+01 -4.762759e+00  2.018746e+01
     vertex  7.372699e+01 -2.127432e+00  1.968154e+01
     vertex  7.382742e+01 -2.461887e+00  2.018746e+01
   endloop
 endfacet
 facet normal  1.907200e-01 -6.351043e-01 -7.485107e-01
   outer loop
     vertex  6.616544e+01 -4.762759e+00  2.018746e+01
     vertex  7.382742e+01 -2.461887e+00  2.018746e+01
     vertex  6.629778e+01 -5.203455e+00  2.059510e+01
   endloop
 endfacet
 facet normal  2.689191e-01 -8.955099e-01 -3.546049e-01
   outer loop
     vertex  6.606500e+01 -4.428303e+00  1.968154e+01
     vertex  7.366429e+01 -1.918653e+00  1.910675e+01
     vertex  7.372699e+01 -2.127432e+00  1.968154e+01
   endloop
 endfacet
 facet normal  2.366976e-01 -7.882111e-01 -5.680647e-01
   outer loop
     vertex  6.606500e+01 -4.428303e+00  1.968154e+01
     vertex  7.372699e+01 -2.127432e+00  1.968154e+01
     vertex  6.616544e+01 -4.762759e+00  2.018746e+01
   endloop
 endfacet
 facet normal  2.689191e-01 -8.955099e-01 -3.546049e-01
   outer loop
     vertex  6.600231e+01 -4.219525e+00  1.910675e+01
     vertex  7.366429e+01 -1.918653e+00  1.910675e+01
     vertex  6.606500e+01 -4.428303e+00  1.968154e+01
   endloop
 endfacet
 facet normal  2.855120e-01 -9.507649e-01 -1.205367e-01
   outer loop
     vertex  6.598100e+01 -4.148558e+00  1.849650e+01
     vertex  7.364298e+01 -1.847686e+00  1.849650e+01
     vertex  7.366429e+01 -1.918653e+00  1.910675e+01
   endloop
 endfacet
 facet normal  2.855120e-01 -9.507649e-01 -1.205367e-01
   outer loop
     vertex  6.598100e+01 -4.148558e+00  1.849650e+01
     vertex  7.366429e+01 -1.918653e+00  1.910675e+01
     vertex  6.600231e+01 -4.219525e+00  1.910675e+01
   endloop
 endfacet
 facet normal -3.220199e-02  1.072337e-01 -9.937122e-01
   outer loop
     vertex  7.252620e+01  1.871225e+00  2.096641e+01
     vertex  6.478742e+01 -1.739038e-01  2.099650e+01
     vertex  7.244940e+01  2.126968e+00  2.099650e+01
   endloop
 endfacet
 facet normal -3.220199e-02  1.072337e-01 -9.937122e-01
   outer loop
     vertex  7.252620e+01  1.871225e+00  2.096641e+01
     vertex  6.486422e+01 -4.296465e-01  2.096641e+01
     vertex  6.478742e+01 -1.739038e-01  2.099650e+01
   endloop
 endfacet
 facet normal -9.499123e-02  3.163241e-01 -9.438833e-01
   outer loop
     vertex  7.259915e+01  1.628307e+00  2.087766e+01
     vertex  6.493717e+01 -6.725652e-01  2.087766e+01
     vertex  6.486422e+01 -4.296465e-01  2.096641e+01
   endloop
 endfacet
 facet normal -9.499123e-02  3.163241e-01 -9.438833e-01
   outer loop
     vertex  7.259915e+01  1.628307e+00  2.087766e+01
     vertex  6.486422e+01 -4.296465e-01  2.096641e+01
     vertex  7.252620e+01  1.871225e+00  2.096641e+01
   endloop
 endfacet
 facet normal -1.530172e-01  5.095526e-01 -8.467242e-01
   outer loop
     vertex  7.266459e+01  1.410393e+00  2.073469e+01
     vertex  6.500261e+01 -8.904790e-01  2.073469e+01
     vertex  6.493717e+01 -6.725652e-01  2.087766e+01
   endloop
 endfacet
 facet normal -1.530172e-01  5.095526e-01 -8.467242e-01
   outer loop
     vertex  7.266459e+01  1.410393e+00  2.073469e+01
     vertex  6.493717e+01 -6.725652e-01  2.087766e+01
     vertex  7.259915e+01  1.628307e+00  2.087766e+01
   endloop
 endfacet
 facet normal -2.033703e-01  6.772300e-01 -7.071068e-01
   outer loop
     vertex  7.271924e+01  1.228411e+00  2.054468e+01
     vertex  6.505725e+01 -1.072461e+00  2.054468e+01
     vertex  6.500261e+01 -8.904790e-01  2.073469e+01
   endloop
 endfacet
 facet normal -2.033703e-01  6.772300e-01 -7.071068e-01
   outer loop
     vertex  7.271924e+01  1.228411e+00  2.054468e+01
     vertex  6.500261e+01 -8.904790e-01  2.073469e+01
     vertex  7.266459e+01  1.410393e+00  2.073469e+01
   endloop
 endfacet
 facet normal -2.435255e-01  8.109483e-01 -5.320321e-01
   outer loop
     vertex  7.276036e+01  1.091487e+00  2.031716e+01
     vertex  6.509837e+01 -1.209385e+00  2.031716e+01
     vertex  6.505725e+01 -1.072461e+00  2.054468e+01
   endloop
 endfacet
 facet normal -2.435255e-01  8.109483e-01 -5.320321e-01
   outer loop
     vertex  7.276036e+01  1.091487e+00  2.031716e+01
     vertex  6.505725e+01 -1.072461e+00  2.054468e+01
     vertex  7.271924e+01  1.228411e+00  2.054468e+01
   endloop
 endfacet
 facet normal -2.714693e-01  9.040023e-01 -3.302791e-01
   outer loop
     vertex  7.278588e+01  1.006486e+00  2.006352e+01
     vertex  6.512390e+01 -1.294386e+00  2.006352e+01
     vertex  6.509837e+01 -1.209385e+00  2.031716e+01
   endloop
 endfacet
 facet normal -2.714693e-01  9.040023e-01 -3.302791e-01
   outer loop
     vertex  7.278588e+01  1.006486e+00  2.006352e+01
     vertex  6.509837e+01 -1.209385e+00  2.031716e+01
     vertex  7.276036e+01  1.091487e+00  2.031716e+01
   endloop
 endfacet
 facet normal -2.858006e-01  9.517258e-01 -1.119645e-01
   outer loop
     vertex  7.279453e+01  9.776706e-01  1.979650e+01
     vertex  6.513255e+01 -1.323201e+00  1.979650e+01
     vertex  6.512390e+01 -1.294386e+00  2.006352e+01
   endloop
 endfacet
 facet normal -2.858006e-01  9.517258e-01 -1.119645e-01
   outer loop
     vertex  7.279453e+01  9.776706e-01  1.979650e+01
     vertex  6.512390e+01 -1.294386e+00  2.006352e+01
     vertex  7.278588e+01  1.006486e+00  2.006352e+01
   endloop
 endfacet
 facet normal -2.858006e-01  9.517258e-01  1.119645e-01
   outer loop
     vertex  7.278588e+01  1.006486e+00 -3.070529e+00
     vertex  6.513255e+01 -1.323201e+00 -2.803504e+00
     vertex  7.279453e+01  9.776706e-01 -2.803504e+00
   endloop
 endfacet
 facet normal -2.858006e-01  9.517258e-01  1.119645e-01
   outer loop
     vertex  7.278588e+01  1.006486e+00 -3.070529e+00
     vertex  6.512390e+01 -1.294386e+00 -3.070529e+00
     vertex  6.513255e+01 -1.323201e+00 -2.803504e+00
   endloop
 endfacet
 facet normal -2.714693e-01  9.040023e-01  3.302791e-01
   outer loop
     vertex  7.276036e+01  1.091487e+00 -3.324165e+00
     vertex  6.509837e+01 -1.209385e+00 -3.324165e+00
     vertex  6.512390e+01 -1.294386e+00 -3.070529e+00
   endloop
 endfacet
 facet normal -2.714693e-01  9.040023e-01  3.302791e-01
   outer loop
     vertex  7.276036e+01  1.091487e+00 -3.324165e+00
     vertex  6.512390e+01 -1.294386e+00 -3.070529e+00
     vertex  7.278588e+01  1.006486e+00 -3.070529e+00
   endloop
 endfacet
 facet normal -2.435255e-01  8.109483e-01  5.320321e-01
   outer loop
     vertex  7.271924e+01  1.228411e+00 -3.551692e+00
     vertex  6.505725e+01 -1.072461e+00 -3.551692e+00
     vertex  6.509837e+01 -1.209385e+00 -3.324165e+00
   endloop
 endfacet
 facet normal -2.435255e-01  8.109483e-01  5.320321e-01
   outer loop
     vertex  7.271924e+01  1.228411e+00 -3.551692e+00
     vertex  6.509837e+01 -1.209385e+00 -3.324165e+00
     vertex  7.276036e+01  1.091487e+00 -3.324165e+00
   endloop
 endfacet
 facet normal -2.033703e-01  6.772300e-01  7.071068e-01
   outer loop
     vertex  7.266459e+01  1.410393e+00 -3.741702e+00
     vertex  6.500261e+01 -8.904790e-01 -3.741702e+00
     vertex  6.505725e+01 -1.072461e+00 -3.551692e+00
   endloop
 endfacet
 facet normal -2.033703e-01  6.772300e-01  7.071068e-01
   outer loop
     vertex  7.266459e+01  1.410393e+00 -3.741702e+00
     vertex  6.505725e+01 -1.072461e+00 -3.551692e+00
     vertex  7.271924e+01  1.228411e+00 -3.551692e+00
   endloop
 endfacet
 facet normal -1.530172e-01  5.095526e-01  8.467242e-01
   outer loop
     vertex  7.259915e+01  1.628307e+00 -3.884667e+00
     vertex  6.493717e+01 -6.725652e-01 -3.884667e+00
     vertex  6.500261e+01 -8.904790e-01 -3.741702e+00
   endloop
 endfacet
 facet normal -9.499123e-02  3.163241e-01  9.438833e-01
   outer loop
     vertex  7.259915e+01  1.628307e+00 -3.884667e+00
     vertex  6.486422e+01 -4.296465e-01 -3.973418e+00
     vertex  6.493717e+01 -6.725652e-01 -3.884667e+00
   endloop
 endfacet
 facet normal -1.530172e-01  5.095526e-01  8.467242e-01
   outer loop
     vertex  7.259915e+01  1.628307e+00 -3.884667e+00
     vertex  6.500261e+01 -8.904790e-01 -3.741702e+00
     vertex  7.266459e+01  1.410393e+00 -3.741702e+00
   endloop
 endfacet
 facet normal -9.499123e-02  3.163241e-01  9.438833e-01
   outer loop
     vertex  7.252620e+01  1.871225e+00 -3.973418e+00
     vertex  6.486422e+01 -4.296465e-01 -3.973418e+00
     vertex  7.259915e+01  1.628307e+00 -3.884667e+00
   endloop
 endfacet
 facet normal -3.220199e-02  1.072337e-01  9.937122e-01
   outer loop
     vertex  7.244940e+01  2.126968e+00 -4.003504e+00
     vertex  6.478742e+01 -1.739038e-01 -4.003504e+00
     vertex  6.486422e+01 -4.296465e-01 -3.973418e+00
   endloop
 endfacet
 facet normal -3.220199e-02  1.072337e-01  9.937122e-01
   outer loop
     vertex  7.244940e+01  2.126968e+00 -4.003504e+00
     vertex  6.486422e+01 -4.296465e-01 -3.973418e+00
     vertex  7.252620e+01  1.871225e+00 -3.973418e+00
   endloop
 endfacet
 facet normal  2.858006e-01 -9.517258e-01 -1.119645e-01
   outer loop
     vertex  6.129883e+01  3.925877e+01  2.006352e+01
     vertex  5.362819e+01  3.698672e+01  1.979650e+01
     vertex  6.129017e+01  3.928759e+01  1.979650e+01
   endloop
 endfacet
 facet normal  2.858006e-01 -9.517258e-01 -1.119645e-01
   outer loop
     vertex  6.129883e+01  3.925877e+01  2.006352e+01
     vertex  5.363684e+01  3.695790e+01  2.006352e+01
     vertex  5.362819e+01  3.698672e+01  1.979650e+01
   endloop
 endfacet
 facet normal  2.714693e-01 -9.040023e-01 -3.302791e-01
   outer loop
     vertex  6.132435e+01  3.917377e+01  2.031716e+01
     vertex  5.366237e+01  3.687290e+01  2.031716e+01
     vertex  5.363684e+01  3.695790e+01  2.006352e+01
   endloop
 endfacet
 facet normal  2.714693e-01 -9.040023e-01 -3.302791e-01
   outer loop
     vertex  6.132435e+01  3.917377e+01  2.031716e+01
     vertex  5.363684e+01  3.695790e+01  2.006352e+01
     vertex  6.129883e+01  3.925877e+01  2.006352e+01
   endloop
 endfacet
 facet normal  2.435255e-01 -8.109483e-01 -5.320321e-01
   outer loop
     vertex  6.136547e+01  3.903685e+01  2.054468e+01
     vertex  5.370349e+01  3.673597e+01  2.054468e+01
     vertex  5.366237e+01  3.687290e+01  2.031716e+01
   endloop
 endfacet
 facet normal  2.435255e-01 -8.109483e-01 -5.320321e-01
   outer loop
     vertex  6.136547e+01  3.903685e+01  2.054468e+01
     vertex  5.366237e+01  3.687290e+01  2.031716e+01
     vertex  6.132435e+01  3.917377e+01  2.031716e+01
   endloop
 endfacet
 facet normal  2.033703e-01 -6.772300e-01 -7.071068e-01
   outer loop
     vertex  6.142012e+01  3.885487e+01  2.073469e+01
     vertex  5.375814e+01  3.655399e+01  2.073469e+01
     vertex  5.370349e+01  3.673597e+01  2.054468e+01
   endloop
 endfacet
 facet normal  2.033703e-01 -6.772300e-01 -7.071068e-01
   outer loop
     vertex  6.142012e+01  3.885487e+01  2.073469e+01
     vertex  5.370349e+01  3.673597e+01  2.054468e+01
     vertex  6.136547e+01  3.903685e+01  2.054468e+01
   endloop
 endfacet
 facet normal  1.530172e-01 -5.095526e-01 -8.467242e-01
   outer loop
     vertex  6.148556e+01  3.863695e+01  2.087766e+01
     vertex  5.382358e+01  3.633608e+01  2.087766e+01
     vertex  5.375814e+01  3.655399e+01  2.073469e+01
   endloop
 endfacet
 facet normal  9.499123e-02 -3.163241e-01 -9.438833e-01
   outer loop
     vertex  6.148556e+01  3.863695e+01  2.087766e+01
     vertex  5.389652e+01  3.609316e+01  2.096641e+01
     vertex  5.382358e+01  3.633608e+01  2.087766e+01
   endloop
 endfacet
 facet normal  1.530172e-01 -5.095526e-01 -8.467242e-01
   outer loop
     vertex  6.148556e+01  3.863695e+01  2.087766e+01
     vertex  5.375814e+01  3.655399e+01  2.073469e+01
     vertex  6.142012e+01  3.885487e+01  2.073469e+01
   endloop
 endfacet
 facet normal  9.499123e-02 -3.163241e-01 -9.438833e-01
   outer loop
     vertex  6.155851e+01  3.839403e+01  2.096641e+01
     vertex  5.389652e+01  3.609316e+01  2.096641e+01
     vertex  6.148556e+01  3.863695e+01  2.087766e+01
   endloop
 endfacet
 facet normal  3.220199e-02 -1.072337e-01 -9.937122e-01
   outer loop
     vertex  6.163531e+01  3.813829e+01  2.099650e+01
     vertex  5.397332e+01  3.583742e+01  2.099650e+01
     vertex  5.389652e+01  3.609316e+01  2.096641e+01
   endloop
 endfacet
 facet normal  3.220199e-02 -1.072337e-01 -9.937122e-01
   outer loop
     vertex  6.163531e+01  3.813829e+01  2.099650e+01
     vertex  5.389652e+01  3.609316e+01  2.096641e+01
     vertex  6.155851e+01  3.839403e+01  2.096641e+01
   endloop
 endfacet
 facet normal  3.220199e-02 -1.072337e-01  9.937122e-01
   outer loop
     vertex  6.155851e+01  3.839403e+01 -3.973418e+00
     vertex  5.397332e+01  3.583742e+01 -4.003504e+00
     vertex  6.163531e+01  3.813829e+01 -4.003504e+00
   endloop
 endfacet
 facet normal  3.220199e-02 -1.072337e-01  9.937122e-01
   outer loop
     vertex  6.155851e+01  3.839403e+01 -3.973418e+00
     vertex  5.389652e+01  3.609316e+01 -3.973418e+00
     vertex  5.397332e+01  3.583742e+01 -4.003504e+00
   endloop
 endfacet
 facet normal  9.499123e-02 -3.163241e-01  9.438833e-01
   outer loop
     vertex  6.148556e+01  3.863695e+01 -3.884667e+00
     vertex  5.382358e+01  3.633608e+01 -3.884667e+00
     vertex  5.389652e+01  3.609316e+01 -3.973418e+00
   endloop
 endfacet
 facet normal  9.499123e-02 -3.163241e-01  9.438833e-01
   outer loop
     vertex  6.148556e+01  3.863695e+01 -3.884667e+00
     vertex  5.389652e+01  3.609316e+01 -3.973418e+00
     vertex  6.155851e+01  3.839403e+01 -3.973418e+00
   endloop
 endfacet
 facet normal  1.530172e-01 -5.095526e-01  8.467242e-01
   outer loop
     vertex  6.142012e+01  3.885487e+01 -3.741702e+00
     vertex  5.375814e+01  3.655399e+01 -3.741702e+00
     vertex  5.382358e+01  3.633608e+01 -3.884667e+00
   endloop
 endfacet
 facet normal  1.530172e-01 -5.095526e-01  8.467242e-01
   outer loop
     vertex  6.142012e+01  3.885487e+01 -3.741702e+00
     vertex  5.382358e+01  3.633608e+01 -3.884667e+00
     vertex  6.148556e+01  3.863695e+01 -3.884667e+00
   endloop
 endfacet
 facet normal  2.033703e-01 -6.772300e-01  7.071068e-01
   outer loop
     vertex  6.136547e+01  3.903685e+01 -3.551692e+00
     vertex  5.370349e+01  3.673597e+01 -3.551692e+00
     vertex  5.375814e+01  3.655399e+01 -3.741702e+00
   endloop
 endfacet
 facet normal  2.033703e-01 -6.772300e-01  7.071068e-01
   outer loop
     vertex  6.136547e+01  3.903685e+01 -3.551692e+00
     vertex  5.375814e+01  3.655399e+01 -3.741702e+00
     vertex  6.142012e+01  3.885487e+01 -3.741702e+00
   endloop
 endfacet
 facet normal  2.435255e-01 -8.109483e-01  5.320321e-01
   outer loop
     vertex  6.132435e+01  3.917377e+01 -3.324165e+00
     vertex  5.366237e+01  3.687290e+01 -3.324165e+00
     vertex  5.370349e+01  3.673597e+01 -3.551692e+00
   endloop
 endfacet
 facet normal  2.435255e-01 -8.109483e-01  5.320321e-01
   outer loop
     vertex  6.132435e+01  3.917377e+01 -3.324165e+00
     vertex  5.370349e+01  3.673597e+01 -3.551692e+00
     vertex  6.136547e+01  3.903685e+01 -3.551692e+00
   endloop
 endfacet
 facet normal  2.714693e-01 -9.040023e-01  3.302791e-01
   outer loop
     vertex  6.129883e+01  3.925877e+01 -3.070529e+00
     vertex  5.363684e+01  3.695790e+01 -3.070529e+00
     vertex  5.366237e+01  3.687290e+01 -3.324165e+00
   endloop
 endfacet
 facet normal  2.858006e-01 -9.517258e-01  1.119645e-01
   outer loop
     vertex  6.129883e+01  3.925877e+01 -3.070529e+00
     vertex  5.362819e+01  3.698672e+01 -2.803504e+00
     vertex  5.363684e+01  3.695790e+01 -3.070529e+00
   endloop
 endfacet
 facet normal  2.714693e-01 -9.040023e-01  3.302791e-01
   outer loop
     vertex  6.129883e+01  3.925877e+01 -3.070529e+00
     vertex  5.366237e+01  3.687290e+01 -3.324165e+00
     vertex  6.132435e+01  3.917377e+01 -3.324165e+00
   endloop
 endfacet
 facet normal  2.858006e-01 -9.517258e-01  1.119645e-01
   outer loop
     vertex  6.129017e+01  3.928759e+01 -2.803504e+00
     vertex  5.362819e+01  3.698672e+01 -2.803504e+00
     vertex  6.129883e+01  3.925877e+01 -3.070529e+00
   endloop
 endfacet
 facet normal -5.571942e-15 -1.288644e-15  1.000000e+00
   outer loop
     vertex  2.034848e+02  7.478273e+01 -1.300350e+01
     vertex  2.005085e+02  7.662430e+01 -1.300350e+01
     vertex  1.983831e+02  7.202952e+01 -1.300350e+01
   endloop
 endfacet
 facet normal -5.779521e-15 -1.380894e-15  1.000000e+00
   outer loop
     vertex  2.017137e+02  7.095374e+01 -1.300350e+01
     vertex  1.983831e+02  7.202952e+01 -1.300350e+01
     vertex  1.974191e+02  6.705961e+01 -1.300350e+01
   endloop
 endfacet
 facet normal -5.683159e-15 -1.082558e-15  1.000000e+00
   outer loop
     vertex  2.017137e+02  7.095374e+01 -1.300350e+01
     vertex  2.034848e+02  7.478273e+01 -1.300350e+01
     vertex  1.983831e+02  7.202952e+01 -1.300350e+01
   endloop
 endfacet
 facet normal -5.530939e-15 -1.865432e-15  1.000000e+00
   outer loop
     vertex  2.061209e+02  7.807659e+01 -1.300350e+01
     vertex  2.036717e+02  8.057694e+01 -1.300350e+01
     vertex  2.005085e+02  7.662430e+01 -1.300350e+01
   endloop
 endfacet
 facet normal -5.648270e-15 -1.412005e-15  1.000000e+00
   outer loop
     vertex  2.061209e+02  7.807659e+01 -1.300350e+01
     vertex  2.005085e+02  7.662430e+01 -1.300350e+01
     vertex  2.034848e+02  7.478273e+01 -1.300350e+01
   endloop
 endfacet
 facet normal -5.691764e-15 -1.339184e-15  1.000000e+00
   outer loop
     vertex  2.009103e+02  6.681215e+01 -1.300350e+01
     vertex  1.974191e+02  6.705961e+01 -1.300350e+01
     vertex  1.976724e+02  6.200342e+01 -1.300350e+01
   endloop
 endfacet
 facet normal -5.700869e-15 -1.467634e-15  1.000000e+00
   outer loop
     vertex  2.009103e+02  6.681215e+01 -1.300350e+01
     vertex  2.017137e+02  7.095374e+01 -1.300350e+01
     vertex  1.974191e+02  6.705961e+01 -1.300350e+01
   endloop
 endfacet
 facet normal -5.505525e-15 -8.932805e-16  1.000000e+00
   outer loop
     vertex  2.094686e+02  8.064389e+01 -1.300350e+01
     vertex  2.076890e+02  8.365770e+01 -1.300350e+01
     vertex  2.036717e+02  8.057694e+01 -1.300350e+01
   endloop
 endfacet
 facet normal -5.494706e-15 -1.829942e-15  1.000000e+00
   outer loop
     vertex  2.094686e+02  8.064389e+01 -1.300350e+01
     vertex  2.036717e+02  8.057694e+01 -1.300350e+01
     vertex  2.061209e+02  7.807659e+01 -1.300350e+01
   endloop
 endfacet
 facet normal -5.983140e-15 -1.142992e-15  1.000000e+00
   outer loop
     vertex  2.011215e+02  6.259865e+01 -1.300350e+01
     vertex  2.009103e+02  6.681215e+01 -1.300350e+01
     vertex  1.976724e+02  6.200342e+01 -1.300350e+01
   endloop
 endfacet
 facet normal -5.935990e-15 -1.416199e-15  1.000000e+00
   outer loop
     vertex  1.991285e+02  5.715478e+01 -1.300350e+01
     vertex  2.011215e+02  6.259865e+01 -1.300350e+01
     vertex  1.976724e+02  6.200342e+01 -1.300350e+01
   endloop
 endfacet
 facet normal -5.754928e-15 -1.728189e-15  1.000000e+00
   outer loop
     vertex  2.133334e+02  8.233544e+01 -1.300350e+01
     vertex  2.123267e+02  8.568755e+01 -1.300350e+01
     vertex  2.076890e+02  8.365770e+01 -1.300350e+01
   endloop
 endfacet
 facet normal -5.567982e-15 -9.301601e-16  1.000000e+00
   outer loop
     vertex  2.133334e+02  8.233544e+01 -1.300350e+01
     vertex  2.076890e+02  8.365770e+01 -1.300350e+01
     vertex  2.094686e+02  8.064389e+01 -1.300350e+01
   endloop
 endfacet
 facet normal -5.386221e-15 -1.617467e-15  1.000000e+00
   outer loop
     vertex  2.023348e+02  5.855812e+01 -1.300350e+01
     vertex  2.011215e+02  6.259865e+01 -1.300350e+01
     vertex  1.991285e+02  5.715478e+01 -1.300350e+01
   endloop
 endfacet
 facet normal -5.474369e-15 -1.290657e-15  1.000000e+00
   outer loop
     vertex  2.174907e+02  8.305292e+01 -1.300350e+01
     vertex  2.173155e+02  8.654853e+01 -1.300350e+01
     vertex  2.123267e+02  8.568755e+01 -1.300350e+01
   endloop
 endfacet
 facet normal -5.687223e-15 -1.707857e-15  1.000000e+00
   outer loop
     vertex  2.174907e+02  8.305292e+01 -1.300350e+01
     vertex  2.123267e+02  8.568755e+01 -1.300350e+01
     vertex  2.133334e+02  8.233544e+01 -1.300350e+01
   endloop
 endfacet
 facet normal -5.551230e-15 -1.240456e-15  1.000000e+00
   outer loop
     vertex  2.017026e+02  5.279548e+01 -1.300350e+01
     vertex  2.023348e+02  5.855812e+01 -1.300350e+01
     vertex  1.991285e+02  5.715478e+01 -1.300350e+01
   endloop
 endfacet
 facet normal -5.434838e-15 -1.253226e-15  1.000000e+00
   outer loop
     vertex  2.044799e+02  5.492538e+01 -1.300350e+01
     vertex  2.023348e+02  5.855812e+01 -1.300350e+01
     vertex  2.017026e+02  5.279548e+01 -1.300350e+01
   endloop
 endfacet
 facet normal -5.349471e-15 -1.030315e-15  1.000000e+00
   outer loop
     vertex  2.216989e+02  8.275464e+01 -1.300350e+01
     vertex  2.223654e+02  8.619060e+01 -1.300350e+01
     vertex  2.173155e+02  8.654853e+01 -1.300350e+01
   endloop
 endfacet
 facet normal -5.579355e-15 -1.295918e-15  1.000000e+00
   outer loop
     vertex  2.216989e+02  8.275464e+01 -1.300350e+01
     vertex  2.173155e+02  8.654853e+01 -1.300350e+01
     vertex  2.174907e+02  8.305292e+01 -1.300350e+01
   endloop
 endfacet
 facet normal -5.373110e-15 -1.333719e-15  1.000000e+00
   outer loop
     vertex  2.052451e+02  4.917888e+01 -1.300350e+01
     vertex  2.044799e+02  5.492538e+01 -1.300350e+01
     vertex  2.017026e+02  5.279548e+01 -1.300350e+01
   endloop
 endfacet
 facet normal -5.605242e-15 -1.364629e-15  1.000000e+00
   outer loop
     vertex  2.074320e+02  5.191154e+01 -1.300350e+01
     vertex  2.044799e+02  5.492538e+01 -1.300350e+01
     vertex  2.052451e+02  4.917888e+01 -1.300350e+01
   endloop
 endfacet
 facet normal -5.434080e-15 -8.415728e-16  1.000000e+00
   outer loop
     vertex  2.257135e+02  8.145793e+01 -1.300350e+01
     vertex  2.271829e+02  8.463455e+01 -1.300350e+01
     vertex  2.223654e+02  8.619060e+01 -1.300350e+01
   endloop
 endfacet
 facet normal -5.625258e-15 -9.768198e-16  1.000000e+00
   outer loop
     vertex  2.257135e+02  8.145793e+01 -1.300350e+01
     vertex  2.223654e+02  8.619060e+01 -1.300350e+01
     vertex  2.216989e+02  8.275464e+01 -1.300350e+01
   endloop
 endfacet
 facet normal -5.078693e-15 -1.005963e-15  1.000000e+00
   outer loop
     vertex  2.095502e+02  4.651515e+01 -1.300350e+01
     vertex  2.110196e+02  4.969177e+01 -1.300350e+01
     vertex  2.074320e+02  5.191154e+01 -1.300350e+01
   endloop
 endfacet
 facet normal -5.732661e-15 -1.262658e-15  1.000000e+00
   outer loop
     vertex  2.095502e+02  4.651515e+01 -1.300350e+01
     vertex  2.074320e+02  5.191154e+01 -1.300350e+01
     vertex  2.052451e+02  4.917888e+01 -1.300350e+01
   endloop
 endfacet
 facet normal -5.463655e-15 -8.278927e-16  1.000000e+00
   outer loop
     vertex  2.314880e+02  8.197082e+01 -1.300350e+01
     vertex  2.271829e+02  8.463455e+01 -1.300350e+01
     vertex  2.257135e+02  8.145793e+01 -1.300350e+01
   endloop
 endfacet
 facet normal -5.401500e-15 -1.527681e-15  1.000000e+00
   outer loop
     vertex  2.314880e+02  8.197082e+01 -1.300350e+01
     vertex  2.257135e+02  8.145793e+01 -1.300350e+01
     vertex  2.293011e+02  7.923816e+01 -1.300350e+01
   endloop
 endfacet
 facet normal -5.625258e-15 -9.768198e-16  1.000000e+00
   outer loop
     vertex  2.143677e+02  4.495910e+01 -1.300350e+01
     vertex  2.150341e+02  4.839506e+01 -1.300350e+01
     vertex  2.110196e+02  4.969177e+01 -1.300350e+01
   endloop
 endfacet
 facet normal -5.434080e-15 -8.415728e-16  1.000000e+00
   outer loop
     vertex  2.143677e+02  4.495910e+01 -1.300350e+01
     vertex  2.110196e+02  4.969177e+01 -1.300350e+01
     vertex  2.095502e+02  4.651515e+01 -1.300350e+01
   endloop
 endfacet
 facet normal -5.605242e-15 -1.364629e-15  1.000000e+00
   outer loop
     vertex  2.322532e+02  7.622432e+01 -1.300350e+01
     vertex  2.314880e+02  8.197082e+01 -1.300350e+01
     vertex  2.293011e+02  7.923816e+01 -1.300350e+01
   endloop
 endfacet
 facet normal -5.373110e-15 -1.333719e-15  1.000000e+00
   outer loop
     vertex  2.350305e+02  7.835421e+01 -1.300350e+01
     vertex  2.314880e+02  8.197082e+01 -1.300350e+01
     vertex  2.322532e+02  7.622432e+01 -1.300350e+01
   endloop
 endfacet
 facet normal -5.434838e-15 -1.253226e-15  1.000000e+00
   outer loop
     vertex  2.343982e+02  7.259157e+01 -1.300350e+01
     vertex  2.350305e+02  7.835421e+01 -1.300350e+01
     vertex  2.322532e+02  7.622432e+01 -1.300350e+01
   endloop
 endfacet
 facet normal -5.349471e-15 -1.030315e-15  1.000000e+00
   outer loop
     vertex  2.194175e+02  4.460117e+01 -1.300350e+01
     vertex  2.150341e+02  4.839506e+01 -1.300350e+01
     vertex  2.143677e+02  4.495910e+01 -1.300350e+01
   endloop
 endfacet
 facet normal -5.579355e-15 -1.295918e-15  1.000000e+00
   outer loop
     vertex  2.194175e+02  4.460117e+01 -1.300350e+01
     vertex  2.192424e+02  4.809678e+01 -1.300350e+01
     vertex  2.150341e+02  4.839506e+01 -1.300350e+01
   endloop
 endfacet
 facet normal -5.551230e-15 -1.240456e-15  1.000000e+00
   outer loop
     vertex  2.376046e+02  7.399492e+01 -1.300350e+01
     vertex  2.350305e+02  7.835421e+01 -1.300350e+01
     vertex  2.343982e+02  7.259157e+01 -1.300350e+01
   endloop
 endfacet
 facet normal -5.687223e-15 -1.707857e-15  1.000000e+00
   outer loop
     vertex  2.244063e+02  4.546214e+01 -1.300350e+01
     vertex  2.233997e+02  4.881426e+01 -1.300350e+01
     vertex  2.192424e+02  4.809678e+01 -1.300350e+01
   endloop
 endfacet
 facet normal -5.474369e-15 -1.290657e-15  1.000000e+00
   outer loop
     vertex  2.244063e+02  4.546214e+01 -1.300350e+01
     vertex  2.192424e+02  4.809678e+01 -1.300350e+01
     vertex  2.194175e+02  4.460117e+01 -1.300350e+01
   endloop
 endfacet
 facet normal -5.280993e-15 -1.585867e-15  1.000000e+00
   outer loop
     vertex  2.272645e+02  5.050581e+01 -1.300350e+01
     vertex  2.233997e+02  4.881426e+01 -1.300350e+01
     vertex  2.244063e+02  4.546214e+01 -1.300350e+01
   endloop
 endfacet
 facet normal -5.527943e-15 -1.293663e-15  1.000000e+00
   outer loop
     vertex  2.390606e+02  6.914628e+01 -1.300350e+01
     vertex  2.376046e+02  7.399492e+01 -1.300350e+01
     vertex  2.343982e+02  7.259157e+01 -1.300350e+01
   endloop
 endfacet
 facet normal -5.875877e-15 -1.764509e-15  1.000000e+00
   outer loop
     vertex  2.390606e+02  6.914628e+01 -1.300350e+01
     vertex  2.343982e+02  7.259157e+01 -1.300350e+01
     vertex  2.356116e+02  6.855104e+01 -1.300350e+01
   endloop
 endfacet
 facet normal -5.983140e-15 -1.142992e-15  1.000000e+00
   outer loop
     vertex  2.390606e+02  6.914628e+01 -1.300350e+01
     vertex  2.356116e+02  6.855104e+01 -1.300350e+01
     vertex  2.358227e+02  6.433755e+01 -1.300350e+01
   endloop
 endfacet
 facet normal -5.994086e-15 -1.181766e-15  1.000000e+00
   outer loop
     vertex  2.290441e+02  4.749200e+01 -1.300350e+01
     vertex  2.272645e+02  5.050581e+01 -1.300350e+01
     vertex  2.244063e+02  4.546214e+01 -1.300350e+01
   endloop
 endfacet
 facet normal -5.691764e-15 -1.339184e-15  1.000000e+00
   outer loop
     vertex  2.393140e+02  6.409009e+01 -1.300350e+01
     vertex  2.390606e+02  6.914628e+01 -1.300350e+01
     vertex  2.358227e+02  6.433755e+01 -1.300350e+01
   endloop
 endfacet
 facet normal -5.505525e-15 -8.932805e-16  1.000000e+00
   outer loop
     vertex  2.330613e+02  5.057276e+01 -1.300350e+01
     vertex  2.272645e+02  5.050581e+01 -1.300350e+01
     vertex  2.290441e+02  4.749200e+01 -1.300350e+01
   endloop
 endfacet
 facet normal -5.494706e-15 -1.829942e-15  1.000000e+00
   outer loop
     vertex  2.330613e+02  5.057276e+01 -1.300350e+01
     vertex  2.306122e+02  5.307311e+01 -1.300350e+01
     vertex  2.272645e+02  5.050581e+01 -1.300350e+01
   endloop
 endfacet
 facet normal -5.801250e-15 -1.448163e-15  1.000000e+00
   outer loop
     vertex  2.383499e+02  5.912018e+01 -1.300350e+01
     vertex  2.358227e+02  6.433755e+01 -1.300350e+01
     vertex  2.350194e+02  6.019596e+01 -1.300350e+01
   endloop
 endfacet
 facet normal -5.695871e-15 -1.397119e-15  1.000000e+00
   outer loop
     vertex  2.383499e+02  5.912018e+01 -1.300350e+01
     vertex  2.393140e+02  6.409009e+01 -1.300350e+01
     vertex  2.358227e+02  6.433755e+01 -1.300350e+01
   endloop
 endfacet
 facet normal -5.497550e-15 -1.168414e-15  1.000000e+00
   outer loop
     vertex  2.362246e+02  5.452539e+01 -1.300350e+01
     vertex  2.350194e+02  6.019596e+01 -1.300350e+01
     vertex  2.332482e+02  5.636697e+01 -1.300350e+01
   endloop
 endfacet
 facet normal -5.648270e-15 -1.412005e-15  1.000000e+00
   outer loop
     vertex  2.362246e+02  5.452539e+01 -1.300350e+01
     vertex  2.332482e+02  5.636697e+01 -1.300350e+01
     vertex  2.306122e+02  5.307311e+01 -1.300350e+01
   endloop
 endfacet
 facet normal -5.530939e-15 -1.865432e-15  1.000000e+00
   outer loop
     vertex  2.362246e+02  5.452539e+01 -1.300350e+01
     vertex  2.306122e+02  5.307311e+01 -1.300350e+01
     vertex  2.330613e+02  5.057276e+01 -1.300350e+01
   endloop
 endfacet
 facet normal -5.726615e-15 -1.217098e-15  1.000000e+00
   outer loop
     vertex  2.362246e+02  5.452539e+01 -1.300350e+01
     vertex  2.383499e+02  5.912018e+01 -1.300350e+01
     vertex  2.350194e+02  6.019596e+01 -1.300350e+01
   endloop
 endfacet
 facet normal -4.009557e-01  9.160974e-01  2.506303e-16
   outer loop
     vertex  2.290441e+02  4.749200e+01 -6.003504e+00
     vertex  2.244063e+02  4.546214e+01 -1.300350e+01
     vertex  2.244063e+02  4.546214e+01 -6.003504e+00
   endloop
 endfacet
 facet normal -4.009557e-01  9.160974e-01  9.298948e-16
   outer loop
     vertex  2.290441e+02  4.749200e+01 -6.003504e+00
     vertex  2.290441e+02  4.749200e+01 -1.300350e+01
     vertex  2.244063e+02  4.546214e+01 -1.300350e+01
   endloop
 endfacet
 facet normal -6.085412e-01  7.935223e-01  8.054736e-16
   outer loop
     vertex  2.290441e+02  4.749200e+01 -6.003504e+00
     vertex  2.330613e+02  5.057276e+01 -1.300350e+01
     vertex  2.290441e+02  4.749200e+01 -1.300350e+01
   endloop
 endfacet
 facet normal -6.085412e-01  7.935223e-01 -5.747125e-15
   outer loop
     vertex  2.330613e+02  5.057276e+01 -6.003504e+00
     vertex  2.330613e+02  5.057276e+01 -1.300350e+01
     vertex  2.290441e+02  4.749200e+01 -6.003504e+00
   endloop
 endfacet
 facet normal -7.807604e-01  6.248306e-01 -6.974397e-15
   outer loop
     vertex  2.362246e+02  5.452539e+01 -6.003504e+00
     vertex  2.362246e+02  5.452539e+01 -1.300350e+01
     vertex  2.330613e+02  5.057276e+01 -1.300350e+01
   endloop
 endfacet
 facet normal -9.076046e-01  4.198259e-01 -7.796342e-15
   outer loop
     vertex  2.362246e+02  5.452539e+01 -6.003504e+00
     vertex  2.383499e+02  5.912018e+01 -1.300350e+01
     vertex  2.362246e+02  5.452539e+01 -1.300350e+01
   endloop
 endfacet
 facet normal -7.807604e-01  6.248306e-01 -6.967524e-15
   outer loop
     vertex  2.362246e+02  5.452539e+01 -6.003504e+00
     vertex  2.330613e+02  5.057276e+01 -1.300350e+01
     vertex  2.330613e+02  5.057276e+01 -6.003504e+00
   endloop
 endfacet
 facet normal -9.076046e-01  4.198259e-01 -6.944044e-15
   outer loop
     vertex  2.383499e+02  5.912018e+01 -6.003504e+00
     vertex  2.383499e+02  5.912018e+01 -1.300350e+01
     vertex  2.362246e+02  5.452539e+01 -6.003504e+00
   endloop
 endfacet
 facet normal -9.817022e-01  1.904225e-01  0.000000e+00
   outer loop
     vertex  2.393140e+02  6.409009e+01 -6.003504e+00
     vertex  2.393140e+02  6.409009e+01 -1.300350e+01
     vertex  2.383499e+02  5.912018e+01 -1.300350e+01
   endloop
 endfacet
 facet normal -9.817022e-01  1.904225e-01 -7.769541e-15
   outer loop
     vertex  2.393140e+02  6.409009e+01 -6.003504e+00
     vertex  2.383499e+02  5.912018e+01 -1.300350e+01
     vertex  2.383499e+02  5.912018e+01 -6.003504e+00
   endloop
 endfacet
 facet normal -9.987468e-01 -5.004751e-02 -3.953554e-15
   outer loop
     vertex  2.390606e+02  6.914628e+01 -6.003504e+00
     vertex  2.390606e+02  6.914628e+01 -1.300350e+01
     vertex  2.393140e+02  6.409009e+01 -1.300350e+01
   endloop
 endfacet
 facet normal -9.577479e-01 -2.876090e-01 -3.304809e-15
   outer loop
     vertex  2.390606e+02  6.914628e+01 -6.003504e+00
     vertex  2.376046e+02  7.399492e+01 -1.300350e+01
     vertex  2.390606e+02  6.914628e+01 -1.300350e+01
   endloop
 endfacet
 facet normal -9.987468e-01 -5.004751e-02  0.000000e+00
   outer loop
     vertex  2.390606e+02  6.914628e+01 -6.003504e+00
     vertex  2.393140e+02  6.409009e+01 -1.300350e+01
     vertex  2.393140e+02  6.409009e+01 -6.003504e+00
   endloop
 endfacet
 facet normal -9.577479e-01 -2.876090e-01 -4.472572e-15
   outer loop
     vertex  2.376046e+02  7.399492e+01 -6.003504e+00
     vertex  2.376046e+02  7.399492e+01 -1.300350e+01
     vertex  2.390606e+02  6.914628e+01 -6.003504e+00
   endloop
 endfacet
 facet normal -8.610882e-01 -5.084557e-01 -2.464001e-15
   outer loop
     vertex  2.350305e+02  7.835421e+01 -6.003504e+00
     vertex  2.350305e+02  7.835421e+01 -1.300350e+01
     vertex  2.376046e+02  7.399492e+01 -1.300350e+01
   endloop
 endfacet
 facet normal -8.610882e-01 -5.084557e-01 -4.511346e-15
   outer loop
     vertex  2.350305e+02  7.835421e+01 -6.003504e+00
     vertex  2.376046e+02  7.399492e+01 -1.300350e+01
     vertex  2.376046e+02  7.399492e+01 -6.003504e+00
   endloop
 endfacet
 facet normal -7.143851e-01 -6.997528e-01 -0.000000e+00
   outer loop
     vertex  2.314880e+02  8.197082e+01 -6.003504e+00
     vertex  2.314880e+02  8.197082e+01 -1.300350e+01
     vertex  2.350305e+02  7.835421e+01 -1.300350e+01
   endloop
 endfacet
 facet normal -7.143851e-01 -6.997528e-01 -1.453656e-15
   outer loop
     vertex  2.314880e+02  8.197082e+01 -6.003504e+00
     vertex  2.350305e+02  7.835421e+01 -1.300350e+01
     vertex  2.350305e+02  7.835421e+01 -6.003504e+00
   endloop
 endfacet
 facet normal -5.261646e-01 -8.503828e-01 -0.000000e+00
   outer loop
     vertex  2.271829e+02  8.463455e+01 -6.003504e+00
     vertex  2.271829e+02  8.463455e+01 -1.300350e+01
     vertex  2.314880e+02  8.197082e+01 -1.300350e+01
   endloop
 endfacet
 facet normal -5.261646e-01 -8.503828e-01  0.000000e+00
   outer loop
     vertex  2.271829e+02  8.463455e+01 -6.003504e+00
     vertex  2.314880e+02  8.197082e+01 -1.300350e+01
     vertex  2.314880e+02  8.197082e+01 -6.003504e+00
   endloop
 endfacet
 facet normal -3.073653e-01 -9.515916e-01 -1.247978e-15
   outer loop
     vertex  2.223654e+02  8.619060e+01 -6.003504e+00
     vertex  2.223654e+02  8.619060e+01 -1.300350e+01
     vertex  2.271829e+02  8.463455e+01 -1.300350e+01
   endloop
 endfacet
 facet normal -3.073653e-01 -9.515916e-01  0.000000e+00
   outer loop
     vertex  2.223654e+02  8.619060e+01 -6.003504e+00
     vertex  2.271829e+02  8.463455e+01 -1.300350e+01
     vertex  2.271829e+02  8.463455e+01 -6.003504e+00
   endloop
 endfacet
 facet normal -7.070302e-02 -9.974974e-01  1.737970e-15
   outer loop
     vertex  2.173155e+02  8.654853e+01 -6.003504e+00
     vertex  2.173155e+02  8.654853e+01 -1.300350e+01
     vertex  2.223654e+02  8.619060e+01 -1.300350e+01
   endloop
 endfacet
 facet normal -7.070302e-02 -9.974974e-01 -2.819591e-16
   outer loop
     vertex  2.173155e+02  8.654853e+01 -6.003504e+00
     vertex  2.223654e+02  8.619060e+01 -1.300350e+01
     vertex  2.223654e+02  8.619060e+01 -6.003504e+00
   endloop
 endfacet
 facet normal  1.700682e-01 -9.854323e-01 -1.310029e-15
   outer loop
     vertex  2.123267e+02  8.568755e+01 -6.003504e+00
     vertex  2.123267e+02  8.568755e+01 -1.300350e+01
     vertex  2.173155e+02  8.654853e+01 -1.300350e+01
   endloop
 endfacet
 facet normal  1.700682e-01 -9.854323e-01  2.706808e-15
   outer loop
     vertex  2.123267e+02  8.568755e+01 -6.003504e+00
     vertex  2.173155e+02  8.654853e+01 -1.300350e+01
     vertex  2.173155e+02  8.654853e+01 -6.003504e+00
   endloop
 endfacet
 facet normal -5.770591e-15 -1.448936e-15  1.000000e+00
   outer loop
     vertex  1.228150e+02  4.547785e+01 -3.504140e-03
     vertex  1.223727e+02  4.969143e+01 -3.504140e-03
     vertex  1.202639e+02  4.705634e+01 -3.504140e-03
   endloop
 endfacet
 facet normal -5.742267e-15 -1.403159e-15  1.000000e+00
   outer loop
     vertex  1.228150e+02  4.547785e+01 -3.504140e-03
     vertex  1.202639e+02  4.705634e+01 -3.504140e-03
     vertex  1.188469e+02  4.399315e+01 -3.504140e-03
   endloop
 endfacet
 facet normal -5.575292e-15 -1.849426e-15  1.000000e+00
   outer loop
     vertex  1.217017e+02  4.307106e+01 -3.504140e-03
     vertex  1.228150e+02  4.547785e+01 -3.504140e-03
     vertex  1.188469e+02  4.399315e+01 -3.504140e-03
   endloop
 endfacet
 facet normal -3.807383e-15 -1.242845e-15  1.000000e+00
   outer loop
     vertex  1.244719e+02  4.754828e+01 -3.504140e-03
     vertex  1.223727e+02  4.969143e+01 -3.504140e-03
     vertex  1.228150e+02  4.547785e+01 -3.504140e-03
   endloop
 endfacet
 facet normal -4.871861e-15 -1.735665e-15  1.000000e+00
   outer loop
     vertex  1.211967e+02  4.046777e+01 -3.504140e-03
     vertex  1.188469e+02  4.399315e+01 -3.504140e-03
     vertex  1.182042e+02  4.067988e+01 -3.504140e-03
   endloop
 endfacet
 facet normal -5.721460e-15 -2.301959e-15  1.000000e+00
   outer loop
     vertex  1.211967e+02  4.046777e+01 -3.504140e-03
     vertex  1.217017e+02  4.307106e+01 -3.504140e-03
     vertex  1.188469e+02  4.399315e+01 -3.504140e-03
   endloop
 endfacet
 facet normal -5.500253e-15 -1.872511e-15  1.000000e+00
   outer loop
     vertex  1.265762e+02  4.916201e+01 -3.504140e-03
     vertex  1.281427e+02  5.309851e+01 -3.504140e-03
     vertex  1.250508e+02  5.174527e+01 -3.504140e-03
   endloop
 endfacet
 facet normal -5.291349e-15 -1.749157e-15  1.000000e+00
   outer loop
     vertex  1.265762e+02  4.916201e+01 -3.504140e-03
     vertex  1.250508e+02  5.174527e+01 -3.504140e-03
     vertex  1.223727e+02  4.969143e+01 -3.504140e-03
   endloop
 endfacet
 facet normal -5.427443e-15 -2.829722e-15  1.000000e+00
   outer loop
     vertex  1.265762e+02  4.916201e+01 -3.504140e-03
     vertex  1.223727e+02  4.969143e+01 -3.504140e-03
     vertex  1.244719e+02  4.754828e+01 -3.504140e-03
   endloop
 endfacet
 facet normal -5.271315e-15 -7.911314e-16  1.000000e+00
   outer loop
     vertex  1.213295e+02  3.781929e+01 -3.504140e-03
     vertex  1.182042e+02  4.067988e+01 -3.504140e-03
     vertex  1.183732e+02  3.730908e+01 -3.504140e-03
   endloop
 endfacet
 facet normal -4.765763e-15 -2.388139e-16  1.000000e+00
   outer loop
     vertex  1.213295e+02  3.781929e+01 -3.504140e-03
     vertex  1.211967e+02  4.046777e+01 -3.504140e-03
     vertex  1.182042e+02  4.067988e+01 -3.504140e-03
   endloop
 endfacet
 facet normal -5.816478e-15 -1.746672e-15  1.000000e+00
   outer loop
     vertex  1.290055e+02  5.022527e+01 -3.504140e-03
     vertex  1.281427e+02  5.309851e+01 -3.504140e-03
     vertex  1.265762e+02  4.916201e+01 -3.504140e-03
   endloop
 endfacet
 facet normal -5.585666e-15 -1.677360e-15  1.000000e+00
   outer loop
     vertex  1.314685e+02  5.367250e+01 -3.504140e-03
     vertex  1.281427e+02  5.309851e+01 -3.504140e-03
     vertex  1.290055e+02  5.022527e+01 -3.504140e-03
   endloop
 endfacet
 facet normal -4.570127e-15 -1.372396e-15  1.000000e+00
   outer loop
     vertex  1.220921e+02  3.527953e+01 -3.504140e-03
     vertex  1.183732e+02  3.730908e+01 -3.504140e-03
     vertex  1.193438e+02  3.407666e+01 -3.504140e-03
   endloop
 endfacet
 facet normal -5.026633e-15 -2.208902e-15  1.000000e+00
   outer loop
     vertex  1.220921e+02  3.527953e+01 -3.504140e-03
     vertex  1.213295e+02  3.781929e+01 -3.504140e-03
     vertex  1.183732e+02  3.730908e+01 -3.504140e-03
   endloop
 endfacet
 facet normal -5.087207e-15 -2.033507e-15  1.000000e+00
   outer loop
     vertex  1.316187e+02  5.067626e+01 -3.504140e-03
     vertex  1.314685e+02  5.367250e+01 -3.504140e-03
     vertex  1.290055e+02  5.022527e+01 -3.504140e-03
   endloop
 endfacet
 facet normal -5.590429e-15 -1.467346e-15  1.000000e+00
   outer loop
     vertex  1.234405e+02  3.299609e+01 -3.504140e-03
     vertex  1.193438e+02  3.407666e+01 -3.504140e-03
     vertex  1.210599e+02  3.117046e+01 -3.504140e-03
   endloop
 endfacet
 facet normal -5.191130e-15  4.646103e-17  1.000000e+00
   outer loop
     vertex  1.234405e+02  3.299609e+01 -3.504140e-03
     vertex  1.220921e+02  3.527953e+01 -3.504140e-03
     vertex  1.193438e+02  3.407666e+01 -3.504140e-03
   endloop
 endfacet
 facet normal -5.457914e-15 -2.560251e-15  1.000000e+00
   outer loop
     vertex  1.342639e+02  5.048876e+01 -3.504140e-03
     vertex  1.348351e+02  5.343387e+01 -3.504140e-03
     vertex  1.314685e+02  5.367250e+01 -3.504140e-03
   endloop
 endfacet
 facet normal -4.844103e-15 -2.021325e-15  1.000000e+00
   outer loop
     vertex  1.342639e+02  5.048876e+01 -3.504140e-03
     vertex  1.314685e+02  5.367250e+01 -3.504140e-03
     vertex  1.316187e+02  5.067626e+01 -3.504140e-03
   endloop
 endfacet
 facet normal -5.490773e-15 -2.431306e-15  1.000000e+00
   outer loop
     vertex  1.252961e+02  3.110168e+01 -3.504140e-03
     vertex  1.210599e+02  3.117046e+01 -3.504140e-03
     vertex  1.234216e+02  2.875939e+01 -3.504140e-03
   endloop
 endfacet
 facet normal -5.477511e-15 -1.614588e-15  1.000000e+00
   outer loop
     vertex  1.252961e+02  3.110168e+01 -3.504140e-03
     vertex  1.234405e+02  3.299609e+01 -3.504140e-03
     vertex  1.210599e+02  3.117046e+01 -3.504140e-03
   endloop
 endfacet
 facet normal -5.430822e-15 -1.402278e-15  1.000000e+00
   outer loop
     vertex  1.367873e+02  4.967369e+01 -3.504140e-03
     vertex  1.380468e+02  5.239650e+01 -3.504140e-03
     vertex  1.348351e+02  5.343387e+01 -3.504140e-03
   endloop
 endfacet
 facet normal -7.061956e-15 -2.249112e-15  1.000000e+00
   outer loop
     vertex  1.367873e+02  4.967369e+01 -3.504140e-03
     vertex  1.348351e+02  5.343387e+01 -3.504140e-03
     vertex  1.342639e+02  5.048876e+01 -3.504140e-03
   endloop
 endfacet
 facet normal -6.964071e-15 -1.252248e-15  1.000000e+00
   outer loop
     vertex  1.262916e+02  2.698357e+01 -3.504140e-03
     vertex  1.252961e+02  3.110168e+01 -3.504140e-03
     vertex  1.234216e+02  2.875939e+01 -3.504140e-03
   endloop
 endfacet
 facet normal -5.243838e-15 -8.363727e-16  1.000000e+00
   outer loop
     vertex  1.262916e+02  2.698357e+01 -3.504140e-03
     vertex  1.275511e+02  2.970639e+01 -3.504140e-03
     vertex  1.252961e+02  3.110168e+01 -3.504140e-03
   endloop
 endfacet
 facet normal -5.732661e-15 -1.262658e-15  1.000000e+00
   outer loop
     vertex  1.409168e+02  5.062069e+01 -3.504140e-03
     vertex  1.380468e+02  5.239650e+01 -3.504140e-03
     vertex  1.367873e+02  4.967369e+01 -3.504140e-03
   endloop
 endfacet
 facet normal -5.671802e-15 -1.528045e-15  1.000000e+00
   outer loop
     vertex  1.409168e+02  5.062069e+01 -3.504140e-03
     vertex  1.367873e+02  4.967369e+01 -3.504140e-03
     vertex  1.390423e+02  4.827840e+01 -3.504140e-03
   endloop
 endfacet
 facet normal -5.247489e-15 -8.346837e-16  1.000000e+00
   outer loop
     vertex  1.295033e+02  2.594621e+01 -3.504140e-03
     vertex  1.275511e+02  2.970639e+01 -3.504140e-03
     vertex  1.262916e+02  2.698357e+01 -3.504140e-03
   endloop
 endfacet
 facet normal -6.032849e-15 -1.242419e-15  1.000000e+00
   outer loop
     vertex  1.295033e+02  2.594621e+01 -3.504140e-03
     vertex  1.300746e+02  2.889132e+01 -3.504140e-03
     vertex  1.275511e+02  2.970639e+01 -3.504140e-03
   endloop
 endfacet
 facet normal -5.468204e-15 -1.351944e-15  1.000000e+00
   outer loop
     vertex  1.327197e+02  2.870382e+01 -3.504140e-03
     vertex  1.300746e+02  2.889132e+01 -3.504140e-03
     vertex  1.295033e+02  2.594621e+01 -3.504140e-03
   endloop
 endfacet
 facet normal -5.478617e-15 -1.682648e-15  1.000000e+00
   outer loop
     vertex  1.432785e+02  4.820962e+01 -3.504140e-03
     vertex  1.409168e+02  5.062069e+01 -3.504140e-03
     vertex  1.390423e+02  4.827840e+01 -3.504140e-03
   endloop
 endfacet
 facet normal -5.477511e-15 -1.614588e-15  1.000000e+00
   outer loop
     vertex  1.432785e+02  4.820962e+01 -3.504140e-03
     vertex  1.390423e+02  4.827840e+01 -3.504140e-03
     vertex  1.408980e+02  4.638399e+01 -3.504140e-03
   endloop
 endfacet
 facet normal -5.379594e-15 -1.455297e-15  1.000000e+00
   outer loop
     vertex  1.328699e+02  2.570758e+01 -3.504140e-03
     vertex  1.327197e+02  2.870382e+01 -3.504140e-03
     vertex  1.295033e+02  2.594621e+01 -3.504140e-03
   endloop
 endfacet
 facet normal -5.862588e-15 -1.479500e-15  1.000000e+00
   outer loop
     vertex  1.353329e+02  2.915481e+01 -3.504140e-03
     vertex  1.327197e+02  2.870382e+01 -3.504140e-03
     vertex  1.328699e+02  2.570758e+01 -3.504140e-03
   endloop
 endfacet
 facet normal -5.913071e-15 -1.046629e-15  1.000000e+00
   outer loop
     vertex  1.449946e+02  4.530342e+01 -3.504140e-03
     vertex  1.432785e+02  4.820962e+01 -3.504140e-03
     vertex  1.408980e+02  4.638399e+01 -3.504140e-03
   endloop
 endfacet
 facet normal -5.947793e-15 -1.178264e-15  1.000000e+00
   outer loop
     vertex  1.449946e+02  4.530342e+01 -3.504140e-03
     vertex  1.408980e+02  4.638399e+01 -3.504140e-03
     vertex  1.422463e+02  4.410055e+01 -3.504140e-03
   endloop
 endfacet
 facet normal -5.585666e-15 -1.677360e-15  1.000000e+00
   outer loop
     vertex  1.361957e+02  2.628157e+01 -3.504140e-03
     vertex  1.353329e+02  2.915481e+01 -3.504140e-03
     vertex  1.328699e+02  2.570758e+01 -3.504140e-03
   endloop
 endfacet
 facet normal -5.170203e-15 -1.552597e-15  1.000000e+00
   outer loop
     vertex  1.361957e+02  2.628157e+01 -3.504140e-03
     vertex  1.377622e+02  3.021807e+01 -3.504140e-03
     vertex  1.353329e+02  2.915481e+01 -3.504140e-03
   endloop
 endfacet
 facet normal -5.712659e-15 -1.715495e-15  1.000000e+00
   outer loop
     vertex  1.459653e+02  4.207100e+01 -3.504140e-03
     vertex  1.449946e+02  4.530342e+01 -3.504140e-03
     vertex  1.422463e+02  4.410055e+01 -3.504140e-03
   endloop
 endfacet
 facet normal -5.712659e-15 -1.715495e-15  1.000000e+00
   outer loop
     vertex  1.459653e+02  4.207100e+01 -3.504140e-03
     vertex  1.422463e+02  4.410055e+01 -3.504140e-03
     vertex  1.430090e+02  4.156079e+01 -3.504140e-03
   endloop
 endfacet
 facet normal -5.739410e-15 -1.326088e-15  1.000000e+00
   outer loop
     vertex  1.392876e+02  2.763481e+01 -3.504140e-03
     vertex  1.377622e+02  3.021807e+01 -3.504140e-03
     vertex  1.361957e+02  2.628157e+01 -3.504140e-03
   endloop
 endfacet
 facet normal -5.737331e-15 -1.324861e-15  1.000000e+00
   outer loop
     vertex  1.392876e+02  2.763481e+01 -3.504140e-03
     vertex  1.398665e+02  3.183180e+01 -3.504140e-03
     vertex  1.377622e+02  3.021807e+01 -3.504140e-03
   endloop
 endfacet
 facet normal -5.460822e-15 -1.670163e-15  1.000000e+00
   outer loop
     vertex  1.461342e+02  3.870020e+01 -3.504140e-03
     vertex  1.431417e+02  3.891231e+01 -3.504140e-03
     vertex  1.426367e+02  3.630902e+01 -3.504140e-03
   endloop
 endfacet
 facet normal -5.409193e-15 -9.417634e-16  1.000000e+00
   outer loop
     vertex  1.461342e+02  3.870020e+01 -3.504140e-03
     vertex  1.430090e+02  4.156079e+01 -3.504140e-03
     vertex  1.431417e+02  3.891231e+01 -3.504140e-03
   endloop
 endfacet
 facet normal -5.776867e-15 -1.343449e-15  1.000000e+00
   outer loop
     vertex  1.461342e+02  3.870020e+01 -3.504140e-03
     vertex  1.459653e+02  4.207100e+01 -3.504140e-03
     vertex  1.430090e+02  4.156079e+01 -3.504140e-03
   endloop
 endfacet
 facet normal -5.602470e-15 -1.343462e-15  1.000000e+00
   outer loop
     vertex  1.419658e+02  2.968865e+01 -3.504140e-03
     vertex  1.398665e+02  3.183180e+01 -3.504140e-03
     vertex  1.392876e+02  2.763481e+01 -3.504140e-03
   endloop
 endfacet
 facet normal -5.499240e-15 -1.613972e-15  1.000000e+00
   outer loop
     vertex  1.454915e+02  3.538693e+01 -3.504140e-03
     vertex  1.461342e+02  3.870020e+01 -3.504140e-03
     vertex  1.426367e+02  3.630902e+01 -3.504140e-03
   endloop
 endfacet
 facet normal -5.308627e-15 -1.023841e-15  1.000000e+00
   outer loop
     vertex  1.440746e+02  3.232374e+01 -3.504140e-03
     vertex  1.454915e+02  3.538693e+01 -3.504140e-03
     vertex  1.426367e+02  3.630902e+01 -3.504140e-03
   endloop
 endfacet
 facet normal -5.966530e-15  4.850880e-16  1.000000e+00
   outer loop
     vertex  1.440746e+02  3.232374e+01 -3.504140e-03
     vertex  1.415234e+02  3.390223e+01 -3.504140e-03
     vertex  1.398665e+02  3.183180e+01 -3.504140e-03
   endloop
 endfacet
 facet normal -7.357554e-15 -1.763074e-15  1.000000e+00
   outer loop
     vertex  1.440746e+02  3.232374e+01 -3.504140e-03
     vertex  1.426367e+02  3.630902e+01 -3.504140e-03
     vertex  1.415234e+02  3.390223e+01 -3.504140e-03
   endloop
 endfacet
 facet normal -5.737327e-15 -1.475557e-15  1.000000e+00
   outer loop
     vertex  1.440746e+02  3.232374e+01 -3.504140e-03
     vertex  1.398665e+02  3.183180e+01 -3.504140e-03
     vertex  1.419658e+02  2.968865e+01 -3.504140e-03
   endloop
 endfacet
 facet normal  1.700682e-01 -9.854323e-01  2.423282e-15
   outer loop
     vertex  1.328699e+02  2.570758e+01 -6.003504e+00
     vertex  1.361957e+02  2.628157e+01 -6.003504e+00
     vertex  1.361957e+02  2.628157e+01 -3.504140e-03
   endloop
 endfacet
 facet normal  1.700682e-01 -9.854323e-01 -1.166986e-15
   outer loop
     vertex  1.328699e+02  2.570758e+01 -6.003504e+00
     vertex  1.361957e+02  2.628157e+01 -3.504140e-03
     vertex  1.328699e+02  2.570758e+01 -3.504140e-03
   endloop
 endfacet
 facet normal -7.070302e-02 -9.974974e-01 -1.851108e-15
   outer loop
     vertex  1.295033e+02  2.594621e+01 -6.003504e+00
     vertex  1.328699e+02  2.570758e+01 -3.504140e-03
     vertex  1.295033e+02  2.594621e+01 -3.504140e-03
   endloop
 endfacet
 facet normal -7.070302e-02 -9.974974e-01 -1.184228e-15
   outer loop
     vertex  1.295033e+02  2.594621e+01 -6.003504e+00
     vertex  1.328699e+02  2.570758e+01 -6.003504e+00
     vertex  1.328699e+02  2.570758e+01 -3.504140e-03
   endloop
 endfacet
 facet normal -5.261646e-01 -8.503828e-01 -4.745680e-15
   outer loop
     vertex  1.262916e+02  2.698357e+01 -6.003504e+00
     vertex  1.262916e+02  2.698357e+01 -3.504140e-03
     vertex  1.234216e+02  2.875939e+01 -3.504140e-03
   endloop
 endfacet
 facet normal -3.073653e-01 -9.515916e-01 -3.310872e-15
   outer loop
     vertex  1.262916e+02  2.698357e+01 -6.003504e+00
     vertex  1.295033e+02  2.594621e+01 -3.504140e-03
     vertex  1.262916e+02  2.698357e+01 -3.504140e-03
   endloop
 endfacet
 facet normal -3.073653e-01 -9.515916e-01 -4.035149e-15
   outer loop
     vertex  1.262916e+02  2.698357e+01 -6.003504e+00
     vertex  1.295033e+02  2.594621e+01 -6.003504e+00
     vertex  1.295033e+02  2.594621e+01 -3.504140e-03
   endloop
 endfacet
 facet normal -5.261646e-01 -8.503828e-01 -2.492416e-15
   outer loop
     vertex  1.234216e+02  2.875939e+01 -6.003504e+00
     vertex  1.262916e+02  2.698357e+01 -6.003504e+00
     vertex  1.234216e+02  2.875939e+01 -3.504140e-03
   endloop
 endfacet
 facet normal -7.143851e-01 -6.997528e-01 -4.212681e-15
   outer loop
     vertex  1.210599e+02  3.117046e+01 -6.003504e+00
     vertex  1.234216e+02  2.875939e+01 -3.504140e-03
     vertex  1.210599e+02  3.117046e+01 -3.504140e-03
   endloop
 endfacet
 facet normal -7.143851e-01 -6.997528e-01 -3.421104e-15
   outer loop
     vertex  1.210599e+02  3.117046e+01 -6.003504e+00
     vertex  1.234216e+02  2.875939e+01 -6.003504e+00
     vertex  1.234216e+02  2.875939e+01 -3.504140e-03
   endloop
 endfacet
 facet normal -9.577479e-01 -2.876090e-01 -7.827001e-15
   outer loop
     vertex  1.193438e+02  3.407666e+01 -6.003504e+00
     vertex  1.193438e+02  3.407666e+01 -3.504140e-03
     vertex  1.183732e+02  3.730908e+01 -3.504140e-03
   endloop
 endfacet
 facet normal -8.610882e-01 -5.084557e-01 -7.924797e-15
   outer loop
     vertex  1.193438e+02  3.407666e+01 -6.003504e+00
     vertex  1.210599e+02  3.117046e+01 -3.504140e-03
     vertex  1.193438e+02  3.407666e+01 -3.504140e-03
   endloop
 endfacet
 facet normal -8.610882e-01 -5.084557e-01 -4.693053e-15
   outer loop
     vertex  1.193438e+02  3.407666e+01 -6.003504e+00
     vertex  1.210599e+02  3.117046e+01 -6.003504e+00
     vertex  1.210599e+02  3.117046e+01 -3.504140e-03
   endloop
 endfacet
 facet normal -9.987468e-01 -5.004751e-02 -4.849552e-15
   outer loop
     vertex  1.183732e+02  3.730908e+01 -6.003504e+00
     vertex  1.183732e+02  3.730908e+01 -3.504140e-03
     vertex  1.182042e+02  4.067988e+01 -3.504140e-03
   endloop
 endfacet
 facet normal -9.577479e-01 -2.876090e-01 -5.218000e-15
   outer loop
     vertex  1.183732e+02  3.730908e+01 -6.003504e+00
     vertex  1.193438e+02  3.407666e+01 -6.003504e+00
     vertex  1.183732e+02  3.730908e+01 -3.504140e-03
   endloop
 endfacet
 facet normal -9.987468e-01 -5.004751e-02 -4.731015e-15
   outer loop
     vertex  1.182042e+02  4.067988e+01 -6.003504e+00
     vertex  1.183732e+02  3.730908e+01 -6.003504e+00
     vertex  1.182042e+02  4.067988e+01 -3.504140e-03
   endloop
 endfacet
 facet normal -9.817022e-01  1.904225e-01 -4.199265e-15
   outer loop
     vertex  1.188469e+02  4.399315e+01 -6.003504e+00
     vertex  1.182042e+02  4.067988e+01 -3.504140e-03
     vertex  1.188469e+02  4.399315e+01 -3.504140e-03
   endloop
 endfacet
 facet normal -9.817022e-01  1.904225e-01 -4.649193e-15
   outer loop
     vertex  1.188469e+02  4.399315e+01 -6.003504e+00
     vertex  1.182042e+02  4.067988e+01 -6.003504e+00
     vertex  1.182042e+02  4.067988e+01 -3.504140e-03
   endloop
 endfacet
 facet normal -9.076046e-01  4.198259e-01 -4.299279e-15
   outer loop
     vertex  1.202639e+02  4.705634e+01 -6.003504e+00
     vertex  1.188469e+02  4.399315e+01 -3.504140e-03
     vertex  1.202639e+02  4.705634e+01 -3.504140e-03
   endloop
 endfacet
 facet normal -9.076046e-01  4.198259e-01 -3.289523e-15
   outer loop
     vertex  1.202639e+02  4.705634e+01 -6.003504e+00
     vertex  1.188469e+02  4.399315e+01 -6.003504e+00
     vertex  1.188469e+02  4.399315e+01 -3.504140e-03
   endloop
 endfacet
 facet normal -7.807604e-01  6.248306e-01 -3.698424e-15
   outer loop
     vertex  1.223727e+02  4.969143e+01 -6.003504e+00
     vertex  1.202639e+02  4.705634e+01 -3.504140e-03
     vertex  1.223727e+02  4.969143e+01 -3.504140e-03
   endloop
 endfacet
 facet normal -7.807604e-01  6.248306e-01 -3.728126e-15
   outer loop
     vertex  1.223727e+02  4.969143e+01 -6.003504e+00
     vertex  1.202639e+02  4.705634e+01 -6.003504e+00
     vertex  1.202639e+02  4.705634e+01 -3.504140e-03
   endloop
 endfacet
 facet normal -6.085412e-01  7.935223e-01  0.000000e+00
   outer loop
     vertex  1.250508e+02  5.174527e+01 -6.003504e+00
     vertex  1.223727e+02  4.969143e+01 -3.504140e-03
     vertex  1.250508e+02  5.174527e+01 -3.504140e-03
   endloop
 endfacet
 facet normal -6.085412e-01  7.935223e-01 -2.894781e-15
   outer loop
     vertex  1.250508e+02  5.174527e+01 -6.003504e+00
     vertex  1.223727e+02  4.969143e+01 -6.003504e+00
     vertex  1.223727e+02  4.969143e+01 -3.504140e-03
   endloop
 endfacet
 facet normal -4.009557e-01  9.160974e-01 -7.597232e-15
   outer loop
     vertex  1.281427e+02  5.309851e+01 -6.003504e+00
     vertex  1.250508e+02  5.174527e+01 -3.504140e-03
     vertex  1.281427e+02  5.309851e+01 -3.504140e-03
   endloop
 endfacet
 facet normal -4.009557e-01  9.160974e-01  0.000000e+00
   outer loop
     vertex  1.281427e+02  5.309851e+01 -6.003504e+00
     vertex  1.250508e+02  5.174527e+01 -6.003504e+00
     vertex  1.250508e+02  5.174527e+01 -3.504140e-03
   endloop
 endfacet
 facet normal  1.700682e-01 -9.854323e-01 -6.220190e-16
   outer loop
     vertex  1.316187e+02  5.067626e+01 -7.003504e+00
     vertex  1.290055e+02  5.022527e+01 -3.504140e-03
     vertex  1.290055e+02  5.022527e+01 -7.003504e+00
   endloop
 endfacet
 facet normal  1.700682e-01 -9.854323e-01 -1.000274e-15
   outer loop
     vertex  1.316187e+02  5.067626e+01 -7.003504e+00
     vertex  1.316187e+02  5.067626e+01 -3.504140e-03
     vertex  1.290055e+02  5.022527e+01 -3.504140e-03
   endloop
 endfacet
 facet normal -7.070302e-02 -9.974974e-01 -1.299592e-15
   outer loop
     vertex  1.342639e+02  5.048876e+01 -7.003504e+00
     vertex  1.342639e+02  5.048876e+01 -3.504140e-03
     vertex  1.316187e+02  5.067626e+01 -3.504140e-03
   endloop
 endfacet
 facet normal -7.070302e-02 -9.974974e-01 -1.013771e-15
   outer loop
     vertex  1.342639e+02  5.048876e+01 -7.003504e+00
     vertex  1.316187e+02  5.067626e+01 -3.504140e-03
     vertex  1.316187e+02  5.067626e+01 -7.003504e+00
   endloop
 endfacet
 facet normal -3.073653e-01 -9.515916e-01 -3.461880e-15
   outer loop
     vertex  1.367873e+02  4.967369e+01 -7.003504e+00
     vertex  1.367873e+02  4.967369e+01 -3.504140e-03
     vertex  1.342639e+02  5.048876e+01 -3.504140e-03
   endloop
 endfacet
 facet normal -3.073653e-01 -9.515916e-01 -2.224914e-15
   outer loop
     vertex  1.367873e+02  4.967369e+01 -7.003504e+00
     vertex  1.342639e+02  5.048876e+01 -3.504140e-03
     vertex  1.342639e+02  5.048876e+01 -7.003504e+00
   endloop
 endfacet
 facet normal -5.261646e-01 -8.503828e-01 -3.862738e-15
   outer loop
     vertex  1.390423e+02  4.827840e+01 -7.003504e+00
     vertex  1.390423e+02  4.827840e+01 -3.504140e-03
     vertex  1.367873e+02  4.967369e+01 -3.504140e-03
   endloop
 endfacet
 facet normal -5.261646e-01 -8.503828e-01 -5.143618e-15
   outer loop
     vertex  1.390423e+02  4.827840e+01 -7.003504e+00
     vertex  1.367873e+02  4.967369e+01 -3.504140e-03
     vertex  1.367873e+02  4.967369e+01 -7.003504e+00
   endloop
 endfacet
 facet normal -8.610882e-01 -5.084557e-01 -5.161135e-16
   outer loop
     vertex  1.408980e+02  4.638399e+01 -7.003504e+00
     vertex  1.422463e+02  4.410055e+01 -3.504140e-03
     vertex  1.408980e+02  4.638399e+01 -3.504140e-03
   endloop
 endfacet
 facet normal -7.143851e-01 -6.997528e-01 -7.102918e-16
   outer loop
     vertex  1.408980e+02  4.638399e+01 -7.003504e+00
     vertex  1.408980e+02  4.638399e+01 -3.504140e-03
     vertex  1.390423e+02  4.827840e+01 -3.504140e-03
   endloop
 endfacet
 facet normal -7.143851e-01 -6.997528e-01 -4.306285e-15
   outer loop
     vertex  1.408980e+02  4.638399e+01 -7.003504e+00
     vertex  1.390423e+02  4.827840e+01 -3.504140e-03
     vertex  1.390423e+02  4.827840e+01 -7.003504e+00
   endloop
 endfacet
 facet normal -8.610882e-01 -5.084557e-01 -3.496228e-15
   outer loop
     vertex  1.422463e+02  4.410055e+01 -7.003504e+00
     vertex  1.422463e+02  4.410055e+01 -3.504140e-03
     vertex  1.408980e+02  4.638399e+01 -7.003504e+00
   endloop
 endfacet
 facet normal -9.577479e-01 -2.876090e-01 -1.672252e-14
   outer loop
     vertex  1.430090e+02  4.156079e+01 -7.003504e+00
     vertex  1.430090e+02  4.156079e+01 -3.504140e-03
     vertex  1.422463e+02  4.410055e+01 -3.504140e-03
   endloop
 endfacet
 facet normal -9.577479e-01 -2.876090e-01 -3.887618e-15
   outer loop
     vertex  1.430090e+02  4.156079e+01 -7.003504e+00
     vertex  1.422463e+02  4.410055e+01 -3.504140e-03
     vertex  1.422463e+02  4.410055e+01 -7.003504e+00
   endloop
 endfacet
 facet normal -9.987468e-01 -5.004751e-02 -8.161113e-15
   outer loop
     vertex  1.431417e+02  3.891231e+01 -7.003504e+00
     vertex  1.431417e+02  3.891231e+01 -3.504140e-03
     vertex  1.430090e+02  4.156079e+01 -3.504140e-03
   endloop
 endfacet
 facet normal -9.987468e-01 -5.004751e-02 -1.642369e-14
   outer loop
     vertex  1.431417e+02  3.891231e+01 -7.003504e+00
     vertex  1.430090e+02  4.156079e+01 -3.504140e-03
     vertex  1.430090e+02  4.156079e+01 -7.003504e+00
   endloop
 endfacet
 facet normal -9.076046e-01  4.198259e-01 -6.944044e-15
   outer loop
     vertex  1.426367e+02  3.630902e+01 -7.003504e+00
     vertex  1.415234e+02  3.390223e+01 -3.504140e-03
     vertex  1.426367e+02  3.630902e+01 -3.504140e-03
   endloop
 endfacet
 facet normal -9.817022e-01  1.904225e-01 -7.778611e-15
   outer loop
     vertex  1.426367e+02  3.630902e+01 -7.003504e+00
     vertex  1.426367e+02  3.630902e+01 -3.504140e-03
     vertex  1.431417e+02  3.891231e+01 -3.504140e-03
   endloop
 endfacet
 facet normal -9.817022e-01  1.904225e-01 -7.775237e-15
   outer loop
     vertex  1.426367e+02  3.630902e+01 -7.003504e+00
     vertex  1.431417e+02  3.891231e+01 -3.504140e-03
     vertex  1.431417e+02  3.891231e+01 -7.003504e+00
   endloop
 endfacet
 facet normal -9.076046e-01  4.198259e-01 -7.796342e-15
   outer loop
     vertex  1.415234e+02  3.390223e+01 -7.003504e+00
     vertex  1.415234e+02  3.390223e+01 -3.504140e-03
     vertex  1.426367e+02  3.630902e+01 -7.003504e+00
   endloop
 endfacet
 facet normal -6.085412e-01  7.935223e-01 -1.665352e-15
   outer loop
     vertex  1.398665e+02  3.183180e+01 -7.003504e+00
     vertex  1.377622e+02  3.021807e+01 -3.504140e-03
     vertex  1.398665e+02  3.183180e+01 -3.504140e-03
   endloop
 endfacet
 facet normal -7.807604e-01  6.248306e-01 -2.535837e-15
   outer loop
     vertex  1.398665e+02  3.183180e+01 -7.003504e+00
     vertex  1.398665e+02  3.183180e+01 -3.504140e-03
     vertex  1.415234e+02  3.390223e+01 -3.504140e-03
   endloop
 endfacet
 facet normal -7.807604e-01  6.248306e-01 -6.961828e-15
   outer loop
     vertex  1.398665e+02  3.183180e+01 -7.003504e+00
     vertex  1.415234e+02  3.390223e+01 -3.504140e-03
     vertex  1.415234e+02  3.390223e+01 -7.003504e+00
   endloop
 endfacet
 facet normal -4.009557e-01  9.160974e-01 -2.326062e-15
   outer loop
     vertex  1.377622e+02  3.021807e+01 -7.003504e+00
     vertex  1.353329e+02  2.915481e+01 -3.504140e-03
     vertex  1.377622e+02  3.021807e+01 -3.504140e-03
   endloop
 endfacet
 facet normal -6.085412e-01  7.935223e-01 -4.136178e-15
   outer loop
     vertex  1.377622e+02  3.021807e+01 -7.003504e+00
     vertex  1.377622e+02  3.021807e+01 -3.504140e-03
     vertex  1.398665e+02  3.183180e+01 -7.003504e+00
   endloop
 endfacet
 facet normal -4.009557e-01  9.160974e-01 -6.980834e-16
   outer loop
     vertex  1.353329e+02  2.915481e+01 -7.003504e+00
     vertex  1.353329e+02  2.915481e+01 -3.504140e-03
     vertex  1.377622e+02  3.021807e+01 -7.003504e+00
   endloop
 endfacet
 facet normal -9.160974e-01 -4.009557e-01 -6.060618e-15
   outer loop
     vertex  8.460827e+01  5.004698e+01 -6.003504e+00
     vertex  8.484992e+01  4.949486e+01 -1.600350e+01
     vertex  8.484992e+01  4.949486e+01 -6.003504e+00
   endloop
 endfacet
 facet normal -9.160974e-01 -4.009557e-01 -9.235597e-15
   outer loop
     vertex  8.460827e+01  5.004698e+01 -6.003504e+00
     vertex  8.460827e+01  5.004698e+01 -1.600350e+01
     vertex  8.484992e+01  4.949486e+01 -1.600350e+01
   endloop
 endfacet
 facet normal -7.935223e-01 -6.085412e-01 -5.807836e-15
   outer loop
     vertex  8.424151e+01  5.052522e+01 -6.003504e+00
     vertex  8.424151e+01  5.052522e+01 -1.600350e+01
     vertex  8.460827e+01  5.004698e+01 -1.600350e+01
   endloop
 endfacet
 facet normal -6.248306e-01 -7.807604e-01 -5.216041e-15
   outer loop
     vertex  8.424151e+01  5.052522e+01 -6.003504e+00
     vertex  8.377096e+01  5.090179e+01 -1.600350e+01
     vertex  8.424151e+01  5.052522e+01 -1.600350e+01
   endloop
 endfacet
 facet normal -7.935223e-01 -6.085412e-01 -8.929740e-15
   outer loop
     vertex  8.424151e+01  5.052522e+01 -6.003504e+00
     vertex  8.460827e+01  5.004698e+01 -1.600350e+01
     vertex  8.460827e+01  5.004698e+01 -6.003504e+00
   endloop
 endfacet
 facet normal -4.198259e-01 -9.076046e-01 -4.321110e-15
   outer loop
     vertex  8.377096e+01  5.090179e+01 -6.003504e+00
     vertex  8.322396e+01  5.115482e+01 -1.600350e+01
     vertex  8.377096e+01  5.090179e+01 -1.600350e+01
   endloop
 endfacet
 facet normal -6.248306e-01 -7.807604e-01 -5.216041e-15
   outer loop
     vertex  8.377096e+01  5.090179e+01 -6.003504e+00
     vertex  8.377096e+01  5.090179e+01 -1.600350e+01
     vertex  8.424151e+01  5.052522e+01 -6.003504e+00
   endloop
 endfacet
 facet normal -4.198259e-01 -9.076046e-01 -4.321110e-15
   outer loop
     vertex  8.322396e+01  5.115482e+01 -6.003504e+00
     vertex  8.322396e+01  5.115482e+01 -1.600350e+01
     vertex  8.377096e+01  5.090179e+01 -6.003504e+00
   endloop
 endfacet
 facet normal -1.904225e-01 -9.817022e-01 -3.175051e-15
   outer loop
     vertex  8.263231e+01  5.126958e+01 -6.003504e+00
     vertex  8.263231e+01  5.126958e+01 -1.600350e+01
     vertex  8.322396e+01  5.115482e+01 -1.600350e+01
   endloop
 endfacet
 facet normal -1.904225e-01 -9.817022e-01 -3.173074e-15
   outer loop
     vertex  8.263231e+01  5.126958e+01 -6.003504e+00
     vertex  8.322396e+01  5.115482e+01 -1.600350e+01
     vertex  8.322396e+01  5.115482e+01 -6.003504e+00
   endloop
 endfacet
 facet normal  5.004751e-02 -9.987468e-01 -1.134817e-15
   outer loop
     vertex  8.203038e+01  5.123942e+01 -6.003504e+00
     vertex  8.203038e+01  5.123942e+01 -1.600350e+01
     vertex  8.263231e+01  5.126958e+01 -1.600350e+01
   endloop
 endfacet
 facet normal  5.004751e-02 -9.987468e-01 -1.844436e-15
   outer loop
     vertex  8.203038e+01  5.123942e+01 -6.003504e+00
     vertex  8.263231e+01  5.126958e+01 -1.600350e+01
     vertex  8.263231e+01  5.126958e+01 -6.003504e+00
   endloop
 endfacet
 facet normal  2.876090e-01 -9.577479e-01 -4.066947e-16
   outer loop
     vertex  8.145316e+01  5.106608e+01 -6.003504e+00
     vertex  8.145316e+01  5.106608e+01 -1.600350e+01
     vertex  8.203038e+01  5.123942e+01 -1.600350e+01
   endloop
 endfacet
 facet normal  2.876090e-01 -9.577479e-01  2.740173e-16
   outer loop
     vertex  8.145316e+01  5.106608e+01 -6.003504e+00
     vertex  8.203038e+01  5.123942e+01 -1.600350e+01
     vertex  8.203038e+01  5.123942e+01 -6.003504e+00
   endloop
 endfacet
 facet normal  5.084557e-01 -8.610882e-01  1.666556e-15
   outer loop
     vertex  8.093420e+01  5.075964e+01 -6.003504e+00
     vertex  8.093420e+01  5.075964e+01 -1.600350e+01
     vertex  8.145316e+01  5.106608e+01 -1.600350e+01
   endloop
 endfacet
 facet normal  5.084557e-01 -8.610882e-01  1.054621e-15
   outer loop
     vertex  8.093420e+01  5.075964e+01 -6.003504e+00
     vertex  8.145316e+01  5.106608e+01 -1.600350e+01
     vertex  8.145316e+01  5.106608e+01 -6.003504e+00
   endloop
 endfacet
 facet normal  6.997528e-01 -7.143851e-01  2.962432e-15
   outer loop
     vertex  8.050365e+01  5.033791e+01 -6.003504e+00
     vertex  8.050365e+01  5.033791e+01 -1.600350e+01
     vertex  8.093420e+01  5.075964e+01 -1.600350e+01
   endloop
 endfacet
 facet normal  6.997528e-01 -7.143851e-01  2.961229e-15
   outer loop
     vertex  8.050365e+01  5.033791e+01 -6.003504e+00
     vertex  8.093420e+01  5.075964e+01 -1.600350e+01
     vertex  8.093420e+01  5.075964e+01 -6.003504e+00
   endloop
 endfacet
 facet normal  8.503828e-01 -5.261646e-01  4.086142e-15
   outer loop
     vertex  8.018654e+01  4.982540e+01 -6.003504e+00
     vertex  8.018654e+01  4.982540e+01 -1.600350e+01
     vertex  8.050365e+01  5.033791e+01 -1.600350e+01
   endloop
 endfacet
 facet normal  8.503828e-01 -5.261646e-01  4.084930e-15
   outer loop
     vertex  8.018654e+01  4.982540e+01 -6.003504e+00
     vertex  8.050365e+01  5.033791e+01 -1.600350e+01
     vertex  8.050365e+01  5.033791e+01 -6.003504e+00
   endloop
 endfacet
 facet normal  9.515916e-01 -3.073653e-01  7.458570e-15
   outer loop
     vertex  8.000129e+01  4.925189e+01 -6.003504e+00
     vertex  8.000129e+01  4.925189e+01 -1.600350e+01
     vertex  8.018654e+01  4.982540e+01 -1.600350e+01
   endloop
 endfacet
 facet normal  9.974974e-01 -7.070302e-02  8.354462e-15
   outer loop
     vertex  8.000129e+01  4.925189e+01 -6.003504e+00
     vertex  7.995868e+01  4.865072e+01 -1.600350e+01
     vertex  8.000129e+01  4.925189e+01 -1.600350e+01
   endloop
 endfacet
 facet normal  9.515916e-01 -3.073653e-01  4.971457e-15
   outer loop
     vertex  8.000129e+01  4.925189e+01 -6.003504e+00
     vertex  8.018654e+01  4.982540e+01 -1.600350e+01
     vertex  8.018654e+01  4.982540e+01 -6.003504e+00
   endloop
 endfacet
 facet normal  9.974974e-01 -7.070302e-02  5.569641e-15
   outer loop
     vertex  7.995868e+01  4.865072e+01 -6.003504e+00
     vertex  7.995868e+01  4.865072e+01 -1.600350e+01
     vertex  8.000129e+01  4.925189e+01 -6.003504e+00
   endloop
 endfacet
 facet normal  9.854323e-01  1.700682e-01  5.843216e-15
   outer loop
     vertex  8.006118e+01  4.805682e+01 -6.003504e+00
     vertex  8.006118e+01  4.805682e+01 -1.600350e+01
     vertex  7.995868e+01  4.865072e+01 -1.600350e+01
   endloop
 endfacet
 facet normal  9.854323e-01  1.700682e-01  5.844167e-15
   outer loop
     vertex  8.006118e+01  4.805682e+01 -6.003504e+00
     vertex  7.995868e+01  4.865072e+01 -1.600350e+01
     vertex  7.995868e+01  4.865072e+01 -6.003504e+00
   endloop
 endfacet
 facet normal -9.577479e-01 -2.876090e-01 -3.126388e-15
   outer loop
     vertex  8.484992e+01  4.949486e+01 -6.003504e+00
     vertex  8.772601e+01  3.991738e+01 -1.600350e+01
     vertex  8.772601e+01  3.991738e+01 -6.003504e+00
   endloop
 endfacet
 facet normal -9.577479e-01 -2.876090e-01 -6.057242e-15
   outer loop
     vertex  8.484992e+01  4.949486e+01 -6.003504e+00
     vertex  8.484992e+01  4.949486e+01 -1.600350e+01
     vertex  8.772601e+01  3.991738e+01 -1.600350e+01
   endloop
 endfacet
 facet normal  9.195238e-01  3.930343e-01  5.785899e-15
   outer loop
     vertex  8.315730e+01  3.796457e+01 -6.003504e+00
     vertex  8.293727e+01  3.847934e+01 -1.600350e+01
     vertex  8.293727e+01  3.847934e+01 -6.003504e+00
   endloop
 endfacet
 facet normal  9.195238e-01  3.930343e-01  5.785423e-15
   outer loop
     vertex  8.315730e+01  3.796457e+01 -6.003504e+00
     vertex  8.315730e+01  3.796457e+01 -1.600350e+01
     vertex  8.293727e+01  3.847934e+01 -1.600350e+01
   endloop
 endfacet
 facet normal  8.090111e-01  5.877934e-01  8.568653e-15
   outer loop
     vertex  8.348636e+01  3.751166e+01 -6.003504e+00
     vertex  8.348636e+01  3.751166e+01 -1.600350e+01
     vertex  8.315730e+01  3.796457e+01 -1.600350e+01
   endloop
 endfacet
 facet normal  6.579311e-01  7.530781e-01  7.750235e-15
   outer loop
     vertex  8.348636e+01  3.751166e+01 -6.003504e+00
     vertex  8.390795e+01  3.714334e+01 -1.600350e+01
     vertex  8.348636e+01  3.751166e+01 -1.600350e+01
   endloop
 endfacet
 facet normal  8.090111e-01  5.877934e-01  5.433886e-15
   outer loop
     vertex  8.348636e+01  3.751166e+01 -6.003504e+00
     vertex  8.315730e+01  3.796457e+01 -1.600350e+01
     vertex  8.315730e+01  3.796457e+01 -6.003504e+00
   endloop
 endfacet
 facet normal  6.579311e-01  7.530781e-01  4.810094e-15
   outer loop
     vertex  8.390795e+01  3.714334e+01 -6.003504e+00
     vertex  8.390795e+01  3.714334e+01 -1.600350e+01
     vertex  8.348636e+01  3.751166e+01 -6.003504e+00
   endloop
 endfacet
 facet normal  4.738598e-01  8.806003e-01  4.570693e-15
   outer loop
     vertex  8.440093e+01  3.687806e+01 -6.003504e+00
     vertex  8.440093e+01  3.687806e+01 -1.600350e+01
     vertex  8.390795e+01  3.714334e+01 -1.600350e+01
   endloop
 endfacet
 facet normal  4.738598e-01  8.806003e-01  3.946509e-15
   outer loop
     vertex  8.440093e+01  3.687806e+01 -6.003504e+00
     vertex  8.390795e+01  3.714334e+01 -1.600350e+01
     vertex  8.390795e+01  3.714334e+01 -6.003504e+00
   endloop
 endfacet
 facet normal  2.660271e-01  9.639655e-01  2.882067e-15
   outer loop
     vertex  8.494058e+01  3.672913e+01 -6.003504e+00
     vertex  8.494058e+01  3.672913e+01 -1.600350e+01
     vertex  8.440093e+01  3.687806e+01 -1.600350e+01
   endloop
 endfacet
 facet normal  4.485476e-02  9.989935e-01  1.674625e-15
   outer loop
     vertex  8.494058e+01  3.672913e+01 -6.003504e+00
     vertex  8.549984e+01  3.670402e+01 -1.600350e+01
     vertex  8.494058e+01  3.672913e+01 -1.600350e+01
   endloop
 endfacet
 facet normal  2.660271e-01  9.639655e-01  3.567227e-15
   outer loop
     vertex  8.494058e+01  3.672913e+01 -6.003504e+00
     vertex  8.440093e+01  3.687806e+01 -1.600350e+01
     vertex  8.440093e+01  3.687806e+01 -6.003504e+00
   endloop
 endfacet
 facet normal  4.485476e-02  9.989935e-01  1.674625e-15
   outer loop
     vertex  8.549984e+01  3.670402e+01 -6.003504e+00
     vertex  8.549984e+01  3.670402e+01 -1.600350e+01
     vertex  8.494058e+01  3.672913e+01 -6.003504e+00
   endloop
 endfacet
 facet normal -1.785668e-01  9.839278e-01  3.832107e-16
   outer loop
     vertex  8.605066e+01  3.680399e+01 -6.003504e+00
     vertex  8.605066e+01  3.680399e+01 -1.600350e+01
     vertex  8.549984e+01  3.670402e+01 -1.600350e+01
   endloop
 endfacet
 facet normal -1.785668e-01  9.839278e-01  3.829997e-16
   outer loop
     vertex  8.605066e+01  3.680399e+01 -6.003504e+00
     vertex  8.549984e+01  3.670402e+01 -1.600350e+01
     vertex  8.549984e+01  3.670402e+01 -6.003504e+00
   endloop
 endfacet
 facet normal  9.577479e-01  2.876090e-01  5.861978e-15
   outer loop
     vertex  8.293727e+01  3.847934e+01 -6.003504e+00
     vertex  8.006118e+01  4.805682e+01 -1.600350e+01
     vertex  8.006118e+01  4.805682e+01 -6.003504e+00
   endloop
 endfacet
 facet normal  9.577479e-01  2.876090e-01  5.852884e-15
   outer loop
     vertex  8.293727e+01  3.847934e+01 -6.003504e+00
     vertex  8.293727e+01  3.847934e+01 -1.600350e+01
     vertex  8.006118e+01  4.805682e+01 -1.600350e+01
   endloop
 endfacet
 facet normal -9.160974e-01 -4.009557e-01 -6.060618e-15
   outer loop
     vertex  1.786716e+02  3.235283e+01 -6.003504e+00
     vertex  1.789133e+02  3.180072e+01 -1.600350e+01
     vertex  1.789133e+02  3.180072e+01 -6.003504e+00
   endloop
 endfacet
 facet normal -9.160974e-01 -4.009557e-01 -2.888602e-15
   outer loop
     vertex  1.786716e+02  3.235283e+01 -6.003504e+00
     vertex  1.786716e+02  3.235283e+01 -1.600350e+01
     vertex  1.789133e+02  3.180072e+01 -1.600350e+01
   endloop
 endfacet
 facet normal -7.935223e-01 -6.085412e-01 -5.375441e-15
   outer loop
     vertex  1.783049e+02  3.283108e+01 -6.003504e+00
     vertex  1.783049e+02  3.283108e+01 -1.600350e+01
     vertex  1.786716e+02  3.235283e+01 -1.600350e+01
   endloop
 endfacet
 facet normal -6.248306e-01 -7.807604e-01 -4.661278e-15
   outer loop
     vertex  1.783049e+02  3.283108e+01 -6.003504e+00
     vertex  1.778343e+02  3.320765e+01 -1.600350e+01
     vertex  1.783049e+02  3.283108e+01 -1.600350e+01
   endloop
 endfacet
 facet normal -7.935223e-01 -6.085412e-01 -2.689514e-15
   outer loop
     vertex  1.783049e+02  3.283108e+01 -6.003504e+00
     vertex  1.786716e+02  3.235283e+01 -1.600350e+01
     vertex  1.786716e+02  3.235283e+01 -6.003504e+00
   endloop
 endfacet
 facet normal -4.198259e-01 -9.076046e-01 -3.676218e-15
   outer loop
     vertex  1.778343e+02  3.320765e+01 -6.003504e+00
     vertex  1.772873e+02  3.346067e+01 -1.600350e+01
     vertex  1.778343e+02  3.320765e+01 -1.600350e+01
   endloop
 endfacet
 facet normal -6.248306e-01 -7.807604e-01 -4.661278e-15
   outer loop
     vertex  1.778343e+02  3.320765e+01 -6.003504e+00
     vertex  1.778343e+02  3.320765e+01 -1.600350e+01
     vertex  1.783049e+02  3.283108e+01 -6.003504e+00
   endloop
 endfacet
 facet normal -4.198259e-01 -9.076046e-01 -3.031326e-15
   outer loop
     vertex  1.772873e+02  3.346067e+01 -6.003504e+00
     vertex  1.772873e+02  3.346067e+01 -1.600350e+01
     vertex  1.778343e+02  3.320765e+01 -6.003504e+00
   endloop
 endfacet
 facet normal -1.904225e-01 -9.817022e-01 -2.477510e-15
   outer loop
     vertex  1.766957e+02  3.357544e+01 -6.003504e+00
     vertex  1.766957e+02  3.357544e+01 -1.600350e+01
     vertex  1.772873e+02  3.346067e+01 -1.600350e+01
   endloop
 endfacet
 facet normal -1.904225e-01 -9.817022e-01 -1.779961e-15
   outer loop
     vertex  1.766957e+02  3.357544e+01 -6.003504e+00
     vertex  1.772873e+02  3.346067e+01 -1.600350e+01
     vertex  1.772873e+02  3.346067e+01 -6.003504e+00
   endloop
 endfacet
 facet normal  5.004751e-02 -9.987468e-01 -1.134817e-15
   outer loop
     vertex  1.760937e+02  3.354527e+01 -6.003504e+00
     vertex  1.760937e+02  3.354527e+01 -1.600350e+01
     vertex  1.766957e+02  3.357544e+01 -1.600350e+01
   endloop
 endfacet
 facet normal  5.004751e-02 -9.987468e-01 -1.134639e-15
   outer loop
     vertex  1.760937e+02  3.354527e+01 -6.003504e+00
     vertex  1.766957e+02  3.357544e+01 -1.600350e+01
     vertex  1.766957e+02  3.357544e+01 -6.003504e+00
   endloop
 endfacet
 facet normal  2.876090e-01 -9.577479e-01  1.369131e-16
   outer loop
     vertex  1.755165e+02  3.337194e+01 -6.003504e+00
     vertex  1.755165e+02  3.337194e+01 -1.600350e+01
     vertex  1.760937e+02  3.354527e+01 -1.600350e+01
   endloop
 endfacet
 facet normal  2.876090e-01 -9.577479e-01  2.740173e-16
   outer loop
     vertex  1.755165e+02  3.337194e+01 -6.003504e+00
     vertex  1.760937e+02  3.354527e+01 -1.600350e+01
     vertex  1.760937e+02  3.354527e+01 -6.003504e+00
   endloop
 endfacet
 facet normal  5.084557e-01 -8.610882e-01  2.278396e-15
   outer loop
     vertex  1.749976e+02  3.306550e+01 -6.003504e+00
     vertex  1.749976e+02  3.306550e+01 -1.600350e+01
     vertex  1.755165e+02  3.337194e+01 -1.600350e+01
   endloop
 endfacet
 facet normal  5.084557e-01 -8.610882e-01  8.335652e-16
   outer loop
     vertex  1.749976e+02  3.306550e+01 -6.003504e+00
     vertex  1.755165e+02  3.337194e+01 -1.600350e+01
     vertex  1.755165e+02  3.337194e+01 -6.003504e+00
   endloop
 endfacet
 facet normal  6.997528e-01 -7.143851e-01  3.936046e-15
   outer loop
     vertex  1.745670e+02  3.264377e+01 -6.003504e+00
     vertex  1.745670e+02  3.264377e+01 -1.600350e+01
     vertex  1.749976e+02  3.306550e+01 -1.600350e+01
   endloop
 endfacet
 facet normal  6.997528e-01 -7.143851e-01  3.472421e-15
   outer loop
     vertex  1.745670e+02  3.264377e+01 -6.003504e+00
     vertex  1.749976e+02  3.306550e+01 -1.600350e+01
     vertex  1.749976e+02  3.306550e+01 -6.003504e+00
   endloop
 endfacet
 facet normal  8.503828e-01 -5.261646e-01  4.086142e-15
   outer loop
     vertex  1.742499e+02  3.213126e+01 -6.003504e+00
     vertex  1.742499e+02  3.213126e+01 -1.600350e+01
     vertex  1.745670e+02  3.264377e+01 -1.600350e+01
   endloop
 endfacet
 facet normal  8.503828e-01 -5.261646e-01  5.756666e-15
   outer loop
     vertex  1.742499e+02  3.213126e+01 -6.003504e+00
     vertex  1.745670e+02  3.264377e+01 -1.600350e+01
     vertex  1.745670e+02  3.264377e+01 -6.003504e+00
   endloop
 endfacet
 facet normal  9.515916e-01 -3.073653e-01  4.972380e-15
   outer loop
     vertex  1.740647e+02  3.155775e+01 -6.003504e+00
     vertex  1.740647e+02  3.155775e+01 -1.600350e+01
     vertex  1.742499e+02  3.213126e+01 -1.600350e+01
   endloop
 endfacet
 facet normal  9.974974e-01 -7.070302e-02  5.569641e-15
   outer loop
     vertex  1.740647e+02  3.155775e+01 -6.003504e+00
     vertex  1.740221e+02  3.095657e+01 -1.600350e+01
     vertex  1.740647e+02  3.155775e+01 -1.600350e+01
   endloop
 endfacet
 facet normal  9.515916e-01 -3.073653e-01  4.973759e-15
   outer loop
     vertex  1.740647e+02  3.155775e+01 -6.003504e+00
     vertex  1.742499e+02  3.213126e+01 -1.600350e+01
     vertex  1.742499e+02  3.213126e+01 -6.003504e+00
   endloop
 endfacet
 facet normal  9.974974e-01 -7.070302e-02  5.519404e-15
   outer loop
     vertex  1.740221e+02  3.095657e+01 -6.003504e+00
     vertex  1.740221e+02  3.095657e+01 -1.600350e+01
     vertex  1.740647e+02  3.155775e+01 -6.003504e+00
   endloop
 endfacet
 facet normal  9.854323e-01  1.700682e-01  5.843216e-15
   outer loop
     vertex  1.741245e+02  3.036267e+01 -6.003504e+00
     vertex  1.741245e+02  3.036267e+01 -1.600350e+01
     vertex  1.740221e+02  3.095657e+01 -1.600350e+01
   endloop
 endfacet
 facet normal  9.854323e-01  1.700682e-01  5.963906e-15
   outer loop
     vertex  1.741245e+02  3.036267e+01 -6.003504e+00
     vertex  1.740221e+02  3.095657e+01 -1.600350e+01
     vertex  1.740221e+02  3.095657e+01 -6.003504e+00
   endloop
 endfacet
 facet normal -9.577479e-01 -2.876090e-01 -8.992806e-15
   outer loop
     vertex  1.789133e+02  3.180072e+01 -6.003504e+00
     vertex  1.800637e+02  2.796972e+01 -1.600350e+01
     vertex  1.800637e+02  2.796972e+01 -6.003504e+00
   endloop
 endfacet
 facet normal -9.577479e-01 -2.876090e-01 -6.057242e-15
   outer loop
     vertex  1.789133e+02  3.180072e+01 -6.003504e+00
     vertex  1.789133e+02  3.180072e+01 -1.600350e+01
     vertex  1.800637e+02  2.796972e+01 -1.600350e+01
   endloop
 endfacet
 facet normal  9.195238e-01  3.930343e-01  3.173072e-15
   outer loop
     vertex  1.754950e+02  2.601691e+01 -6.003504e+00
     vertex  1.752750e+02  2.653168e+01 -1.600350e+01
     vertex  1.752750e+02  2.653168e+01 -6.003504e+00
   endloop
 endfacet
 facet normal  9.195238e-01  3.930343e-01  6.064691e-15
   outer loop
     vertex  1.754950e+02  2.601691e+01 -6.003504e+00
     vertex  1.754950e+02  2.601691e+01 -1.600350e+01
     vertex  1.752750e+02  2.653168e+01 -1.600350e+01
   endloop
 endfacet
 facet normal  8.090111e-01  5.877934e-01  5.016348e-15
   outer loop
     vertex  1.758241e+02  2.556401e+01 -6.003504e+00
     vertex  1.758241e+02  2.556401e+01 -1.600350e+01
     vertex  1.754950e+02  2.601691e+01 -1.600350e+01
   endloop
 endfacet
 facet normal  6.579311e-01  7.530781e-01  4.275000e-15
   outer loop
     vertex  1.758241e+02  2.556401e+01 -6.003504e+00
     vertex  1.762457e+02  2.519568e+01 -1.600350e+01
     vertex  1.758241e+02  2.556401e+01 -1.600350e+01
   endloop
 endfacet
 facet normal  8.090111e-01  5.877934e-01  5.855310e-15
   outer loop
     vertex  1.758241e+02  2.556401e+01 -6.003504e+00
     vertex  1.754950e+02  2.601691e+01 -1.600350e+01
     vertex  1.754950e+02  2.601691e+01 -6.003504e+00
   endloop
 endfacet
 facet normal  6.579311e-01  7.530781e-01  4.810094e-15
   outer loop
     vertex  1.762457e+02  2.519568e+01 -6.003504e+00
     vertex  1.762457e+02  2.519568e+01 -1.600350e+01
     vertex  1.758241e+02  2.556401e+01 -6.003504e+00
   endloop
 endfacet
 facet normal  4.738598e-01  8.806003e-01  3.944989e-15
   outer loop
     vertex  1.767386e+02  2.493040e+01 -6.003504e+00
     vertex  1.767386e+02  2.493040e+01 -1.600350e+01
     vertex  1.762457e+02  2.519568e+01 -1.600350e+01
   endloop
 endfacet
 facet normal  4.738598e-01  8.806003e-01  3.946509e-15
   outer loop
     vertex  1.767386e+02  2.493040e+01 -6.003504e+00
     vertex  1.762457e+02  2.519568e+01 -1.600350e+01
     vertex  1.762457e+02  2.519568e+01 -6.003504e+00
   endloop
 endfacet
 facet normal  2.660271e-01  9.639655e-01  2.882067e-15
   outer loop
     vertex  1.772783e+02  2.478148e+01 -6.003504e+00
     vertex  1.772783e+02  2.478148e+01 -1.600350e+01
     vertex  1.767386e+02  2.493040e+01 -1.600350e+01
   endloop
 endfacet
 facet normal  4.485476e-02  9.989935e-01  1.674625e-15
   outer loop
     vertex  1.772783e+02  2.478148e+01 -6.003504e+00
     vertex  1.778376e+02  2.475637e+01 -1.600350e+01
     vertex  1.772783e+02  2.478148e+01 -1.600350e+01
   endloop
 endfacet
 facet normal  2.660271e-01  9.639655e-01  2.883034e-15
   outer loop
     vertex  1.772783e+02  2.478148e+01 -6.003504e+00
     vertex  1.767386e+02  2.493040e+01 -1.600350e+01
     vertex  1.767386e+02  2.493040e+01 -6.003504e+00
   endloop
 endfacet
 facet normal  4.485476e-02  9.989935e-01  2.384453e-15
   outer loop
     vertex  1.778376e+02  2.475637e+01 -6.003504e+00
     vertex  1.778376e+02  2.475637e+01 -1.600350e+01
     vertex  1.772783e+02  2.478148e+01 -6.003504e+00
   endloop
 endfacet
 facet normal -1.785668e-01  9.839278e-01  3.832107e-16
   outer loop
     vertex  1.783884e+02  2.485633e+01 -6.003504e+00
     vertex  1.783884e+02  2.485633e+01 -1.600350e+01
     vertex  1.778376e+02  2.475637e+01 -1.600350e+01
   endloop
 endfacet
 facet normal -1.785668e-01  9.839278e-01  1.082067e-15
   outer loop
     vertex  1.783884e+02  2.485633e+01 -6.003504e+00
     vertex  1.778376e+02  2.475637e+01 -1.600350e+01
     vertex  1.778376e+02  2.475637e+01 -6.003504e+00
   endloop
 endfacet
 facet normal  9.577479e-01  2.876090e-01  5.839773e-15
   outer loop
     vertex  1.752750e+02  2.653168e+01 -6.003504e+00
     vertex  1.741245e+02  3.036267e+01 -1.600350e+01
     vertex  1.741245e+02  3.036267e+01 -6.003504e+00
   endloop
 endfacet
 facet normal  9.577479e-01  2.876090e-01  3.130800e-15
   outer loop
     vertex  1.752750e+02  2.653168e+01 -6.003504e+00
     vertex  1.752750e+02  2.653168e+01 -1.600350e+01
     vertex  1.741245e+02  3.036267e+01 -1.600350e+01
   endloop
 endfacet
 facet normal -9.160974e-01 -4.009557e-01 -5.779693e-15
   outer loop
     vertex  1.654416e+02  7.640924e+01 -6.003504e+00
     vertex  1.656833e+02  7.585712e+01 -1.600350e+01
     vertex  1.656833e+02  7.585712e+01 -6.003504e+00
   endloop
 endfacet
 facet normal -9.160974e-01 -4.009557e-01 -5.777203e-15
   outer loop
     vertex  1.654416e+02  7.640924e+01 -6.003504e+00
     vertex  1.654416e+02  7.640924e+01 -1.600350e+01
     vertex  1.656833e+02  7.585712e+01 -1.600350e+01
   endloop
 endfacet
 facet normal -7.935223e-01 -6.085412e-01 -5.375441e-15
   outer loop
     vertex  1.650749e+02  7.688748e+01 -6.003504e+00
     vertex  1.650749e+02  7.688748e+01 -1.600350e+01
     vertex  1.654416e+02  7.640924e+01 -1.600350e+01
   endloop
 endfacet
 facet normal -6.248306e-01 -7.807604e-01 -4.661278e-15
   outer loop
     vertex  1.650749e+02  7.688748e+01 -6.003504e+00
     vertex  1.646043e+02  7.726405e+01 -1.600350e+01
     vertex  1.650749e+02  7.688748e+01 -1.600350e+01
   endloop
 endfacet
 facet normal -7.935223e-01 -6.085412e-01 -5.374423e-15
   outer loop
     vertex  1.650749e+02  7.688748e+01 -6.003504e+00
     vertex  1.654416e+02  7.640924e+01 -1.600350e+01
     vertex  1.654416e+02  7.640924e+01 -6.003504e+00
   endloop
 endfacet
 facet normal -4.198259e-01 -9.076046e-01 -3.676218e-15
   outer loop
     vertex  1.646043e+02  7.726405e+01 -6.003504e+00
     vertex  1.640573e+02  7.751708e+01 -1.600350e+01
     vertex  1.646043e+02  7.726405e+01 -1.600350e+01
   endloop
 endfacet
 facet normal -6.248306e-01 -7.807604e-01 -4.661278e-15
   outer loop
     vertex  1.646043e+02  7.726405e+01 -6.003504e+00
     vertex  1.646043e+02  7.726405e+01 -1.600350e+01
     vertex  1.650749e+02  7.688748e+01 -6.003504e+00
   endloop
 endfacet
 facet normal -4.198259e-01 -9.076046e-01 -3.676218e-15
   outer loop
     vertex  1.640573e+02  7.751708e+01 -6.003504e+00
     vertex  1.640573e+02  7.751708e+01 -1.600350e+01
     vertex  1.646043e+02  7.726405e+01 -6.003504e+00
   endloop
 endfacet
 facet normal -1.904225e-01 -9.817022e-01 -5.808889e-15
   outer loop
     vertex  1.634657e+02  7.763184e+01 -6.003504e+00
     vertex  1.634657e+02  7.763184e+01 -1.600350e+01
     vertex  1.640573e+02  7.751708e+01 -1.600350e+01
   endloop
 endfacet
 facet normal -1.904225e-01 -9.817022e-01 -2.477669e-15
   outer loop
     vertex  1.634657e+02  7.763184e+01 -6.003504e+00
     vertex  1.640573e+02  7.751708e+01 -1.600350e+01
     vertex  1.640573e+02  7.751708e+01 -6.003504e+00
   endloop
 endfacet
 facet normal  5.004751e-02 -9.987468e-01 -1.419305e-15
   outer loop
     vertex  1.628637e+02  7.760168e+01 -6.003504e+00
     vertex  1.628637e+02  7.760168e+01 -1.600350e+01
     vertex  1.634657e+02  7.763184e+01 -1.600350e+01
   endloop
 endfacet
 facet normal  5.004751e-02 -9.987468e-01 -3.831061e-15
   outer loop
     vertex  1.628637e+02  7.760168e+01 -6.003504e+00
     vertex  1.634657e+02  7.763184e+01 -1.600350e+01
     vertex  1.634657e+02  7.763184e+01 -6.003504e+00
   endloop
 endfacet
 facet normal  2.876090e-01 -9.577479e-01  1.634868e-15
   outer loop
     vertex  1.622865e+02  7.742834e+01 -6.003504e+00
     vertex  1.622865e+02  7.742834e+01 -1.600350e+01
     vertex  1.628637e+02  7.760168e+01 -1.600350e+01
   endloop
 endfacet
 facet normal  2.876090e-01 -9.577479e-01 -1.360876e-15
   outer loop
     vertex  1.622865e+02  7.742834e+01 -6.003504e+00
     vertex  1.628637e+02  7.760168e+01 -1.600350e+01
     vertex  1.628637e+02  7.760168e+01 -6.003504e+00
   endloop
 endfacet
 facet normal  5.084557e-01 -8.610882e-01  1.666556e-15
   outer loop
     vertex  1.617676e+02  7.712190e+01 -6.003504e+00
     vertex  1.617676e+02  7.712190e+01 -1.600350e+01
     vertex  1.622865e+02  7.742834e+01 -1.600350e+01
   endloop
 endfacet
 facet normal  5.084557e-01 -8.610882e-01  2.892149e-15
   outer loop
     vertex  1.617676e+02  7.712190e+01 -6.003504e+00
     vertex  1.622865e+02  7.742834e+01 -1.600350e+01
     vertex  1.622865e+02  7.742834e+01 -6.003504e+00
   endloop
 endfacet
 facet normal  6.997528e-01 -7.143851e-01  2.962432e-15
   outer loop
     vertex  1.613370e+02  7.670017e+01 -6.003504e+00
     vertex  1.613370e+02  7.670017e+01 -1.600350e+01
     vertex  1.617676e+02  7.712190e+01 -1.600350e+01
   endloop
 endfacet
 facet normal  6.997528e-01 -7.143851e-01  2.965834e-15
   outer loop
     vertex  1.613370e+02  7.670017e+01 -6.003504e+00
     vertex  1.617676e+02  7.712190e+01 -1.600350e+01
     vertex  1.617676e+02  7.712190e+01 -6.003504e+00
   endloop
 endfacet
 facet normal  8.503828e-01 -5.261646e-01  4.086142e-15
   outer loop
     vertex  1.610199e+02  7.618766e+01 -6.003504e+00
     vertex  1.610199e+02  7.618766e+01 -1.600350e+01
     vertex  1.613370e+02  7.670017e+01 -1.600350e+01
   endloop
 endfacet
 facet normal  8.503828e-01 -5.261646e-01  4.084930e-15
   outer loop
     vertex  1.610199e+02  7.618766e+01 -6.003504e+00
     vertex  1.613370e+02  7.670017e+01 -1.600350e+01
     vertex  1.613370e+02  7.670017e+01 -6.003504e+00
   endloop
 endfacet
 facet normal  9.515916e-01 -3.073653e-01  4.972380e-15
   outer loop
     vertex  1.608346e+02  7.561415e+01 -6.003504e+00
     vertex  1.608346e+02  7.561415e+01 -1.600350e+01
     vertex  1.610199e+02  7.618766e+01 -1.600350e+01
   endloop
 endfacet
 facet normal  9.974974e-01 -7.070302e-02  5.569641e-15
   outer loop
     vertex  1.608346e+02  7.561415e+01 -6.003504e+00
     vertex  1.607920e+02  7.501298e+01 -1.600350e+01
     vertex  1.608346e+02  7.561415e+01 -1.600350e+01
   endloop
 endfacet
 facet normal  9.515916e-01 -3.073653e-01  4.973759e-15
   outer loop
     vertex  1.608346e+02  7.561415e+01 -6.003504e+00
     vertex  1.610199e+02  7.618766e+01 -1.600350e+01
     vertex  1.610199e+02  7.618766e+01 -6.003504e+00
   endloop
 endfacet
 facet normal  9.974974e-01 -7.070302e-02  5.569641e-15
   outer loop
     vertex  1.607920e+02  7.501298e+01 -6.003504e+00
     vertex  1.607920e+02  7.501298e+01 -1.600350e+01
     vertex  1.608346e+02  7.561415e+01 -6.003504e+00
   endloop
 endfacet
 facet normal  9.854323e-01  1.700682e-01  5.843216e-15
   outer loop
     vertex  1.608945e+02  7.441907e+01 -6.003504e+00
     vertex  1.608945e+02  7.441907e+01 -1.600350e+01
     vertex  1.607920e+02  7.501298e+01 -1.600350e+01
   endloop
 endfacet
 facet normal  9.854323e-01  1.700682e-01  5.844167e-15
   outer loop
     vertex  1.608945e+02  7.441907e+01 -6.003504e+00
     vertex  1.607920e+02  7.501298e+01 -1.600350e+01
     vertex  1.607920e+02  7.501298e+01 -6.003504e+00
   endloop
 endfacet
 facet normal -9.577479e-01 -2.876090e-01 -6.276461e-15
   outer loop
     vertex  1.656833e+02  7.585712e+01 -6.003504e+00
     vertex  1.691346e+02  6.436414e+01 -1.600350e+01
     vertex  1.691346e+02  6.436414e+01 -6.003504e+00
   endloop
 endfacet
 facet normal -9.577479e-01 -2.876090e-01 -5.852884e-15
   outer loop
     vertex  1.656833e+02  7.585712e+01 -6.003504e+00
     vertex  1.656833e+02  7.585712e+01 -1.600350e+01
     vertex  1.691346e+02  6.436414e+01 -1.600350e+01
   endloop
 endfacet
 facet normal  9.195238e-01  3.930343e-01  6.066022e-15
   outer loop
     vertex  1.645659e+02  6.241133e+01 -6.003504e+00
     vertex  1.643458e+02  6.292610e+01 -1.600350e+01
     vertex  1.643458e+02  6.292610e+01 -6.003504e+00
   endloop
 endfacet
 facet normal  9.195238e-01  3.930343e-01  6.064691e-15
   outer loop
     vertex  1.645659e+02  6.241133e+01 -6.003504e+00
     vertex  1.645659e+02  6.241133e+01 -1.600350e+01
     vertex  1.643458e+02  6.292610e+01 -1.600350e+01
   endloop
 endfacet
 facet normal  8.090111e-01  5.877934e-01  5.016348e-15
   outer loop
     vertex  1.648949e+02  6.195843e+01 -6.003504e+00
     vertex  1.648949e+02  6.195843e+01 -1.600350e+01
     vertex  1.645659e+02  6.241133e+01 -1.600350e+01
   endloop
 endfacet
 facet normal  6.579311e-01  7.530781e-01  4.275000e-15
   outer loop
     vertex  1.648949e+02  6.195843e+01 -6.003504e+00
     vertex  1.653165e+02  6.159010e+01 -1.600350e+01
     vertex  1.648949e+02  6.195843e+01 -1.600350e+01
   endloop
 endfacet
 facet normal  8.090111e-01  5.877934e-01  5.850352e-15
   outer loop
     vertex  1.648949e+02  6.195843e+01 -6.003504e+00
     vertex  1.645659e+02  6.241133e+01 -1.600350e+01
     vertex  1.645659e+02  6.241133e+01 -6.003504e+00
   endloop
 endfacet
 facet normal  6.579311e-01  7.530781e-01  5.345188e-15
   outer loop
     vertex  1.653165e+02  6.159010e+01 -6.003504e+00
     vertex  1.653165e+02  6.159010e+01 -1.600350e+01
     vertex  1.648949e+02  6.195843e+01 -6.003504e+00
   endloop
 endfacet
 facet normal  4.738598e-01  8.806003e-01  4.570693e-15
   outer loop
     vertex  1.658095e+02  6.132483e+01 -6.003504e+00
     vertex  1.658095e+02  6.132483e+01 -1.600350e+01
     vertex  1.653165e+02  6.159010e+01 -1.600350e+01
   endloop
 endfacet
 facet normal  4.738598e-01  8.806003e-01  4.571207e-15
   outer loop
     vertex  1.658095e+02  6.132483e+01 -6.003504e+00
     vertex  1.653165e+02  6.159010e+01 -1.600350e+01
     vertex  1.653165e+02  6.159010e+01 -6.003504e+00
   endloop
 endfacet
 facet normal  2.660271e-01  9.639655e-01  2.882067e-15
   outer loop
     vertex  1.663492e+02  6.117590e+01 -6.003504e+00
     vertex  1.663492e+02  6.117590e+01 -1.600350e+01
     vertex  1.658095e+02  6.132483e+01 -1.600350e+01
   endloop
 endfacet
 facet normal  4.485476e-02  9.989935e-01  1.674625e-15
   outer loop
     vertex  1.663492e+02  6.117590e+01 -6.003504e+00
     vertex  1.669084e+02  6.115079e+01 -1.600350e+01
     vertex  1.663492e+02  6.117590e+01 -1.600350e+01
   endloop
 endfacet
 facet normal  2.660271e-01  9.639655e-01  3.567227e-15
   outer loop
     vertex  1.663492e+02  6.117590e+01 -6.003504e+00
     vertex  1.658095e+02  6.132483e+01 -1.600350e+01
     vertex  1.658095e+02  6.132483e+01 -6.003504e+00
   endloop
 endfacet
 facet normal  4.485476e-02  9.989935e-01  2.384453e-15
   outer loop
     vertex  1.669084e+02  6.115079e+01 -6.003504e+00
     vertex  1.669084e+02  6.115079e+01 -1.600350e+01
     vertex  1.663492e+02  6.117590e+01 -6.003504e+00
   endloop
 endfacet
 facet normal -1.785668e-01  9.839278e-01  3.832107e-16
   outer loop
     vertex  1.674592e+02  6.125075e+01 -6.003504e+00
     vertex  1.674592e+02  6.125075e+01 -1.600350e+01
     vertex  1.669084e+02  6.115079e+01 -1.600350e+01
   endloop
 endfacet
 facet normal -1.785668e-01  9.839278e-01  1.082067e-15
   outer loop
     vertex  1.674592e+02  6.125075e+01 -6.003504e+00
     vertex  1.669084e+02  6.115079e+01 -1.600350e+01
     vertex  1.669084e+02  6.115079e+01 -6.003504e+00
   endloop
 endfacet
 facet normal  9.577479e-01  2.876090e-01  5.861978e-15
   outer loop
     vertex  1.643458e+02  6.292610e+01 -6.003504e+00
     vertex  1.608945e+02  7.441907e+01 -1.600350e+01
     vertex  1.608945e+02  7.441907e+01 -6.003504e+00
   endloop
 endfacet
 facet normal  9.577479e-01  2.876090e-01  6.057242e-15
   outer loop
     vertex  1.643458e+02  6.292610e+01 -6.003504e+00
     vertex  1.643458e+02  6.292610e+01 -1.600350e+01
     vertex  1.608945e+02  7.441907e+01 -1.600350e+01
   endloop
 endfacet
 facet normal -9.160974e-01 -4.009557e-01 -2.887544e-15
   outer loop
     vertex  9.496219e+01  1.556805e+01 -6.003504e+00
     vertex  9.520384e+01  1.501594e+01 -1.600350e+01
     vertex  9.520384e+01  1.501594e+01 -6.003504e+00
   endloop
 endfacet
 facet normal -9.160974e-01 -4.009557e-01 -5.777203e-15
   outer loop
     vertex  9.496219e+01  1.556805e+01 -6.003504e+00
     vertex  9.496219e+01  1.556805e+01 -1.600350e+01
     vertex  9.520384e+01  1.501594e+01 -1.600350e+01
   endloop
 endfacet
 facet normal -7.935223e-01 -6.085412e-01 -2.687721e-15
   outer loop
     vertex  9.459544e+01  1.604629e+01 -6.003504e+00
     vertex  9.459544e+01  1.604629e+01 -1.600350e+01
     vertex  9.496219e+01  1.556805e+01 -1.600350e+01
   endloop
 endfacet
 facet normal -7.935223e-01 -6.085412e-01 -5.374423e-15
   outer loop
     vertex  9.459544e+01  1.604629e+01 -6.003504e+00
     vertex  9.496219e+01  1.556805e+01 -1.600350e+01
     vertex  9.496219e+01  1.556805e+01 -6.003504e+00
   endloop
 endfacet
 facet normal -6.248306e-01 -7.807604e-01 -4.661278e-15
   outer loop
     vertex  9.412488e+01  1.642287e+01 -6.003504e+00
     vertex  9.412488e+01  1.642287e+01 -1.600350e+01
     vertex  9.459544e+01  1.604629e+01 -1.600350e+01
   endloop
 endfacet
 facet normal -6.248306e-01 -7.807604e-01 -2.330298e-15
   outer loop
     vertex  9.412488e+01  1.642287e+01 -6.003504e+00
     vertex  9.459544e+01  1.604629e+01 -1.600350e+01
     vertex  9.459544e+01  1.604629e+01 -6.003504e+00
   endloop
 endfacet
 facet normal -4.198259e-01 -9.076046e-01 -1.838109e-15
   outer loop
     vertex  9.357789e+01  1.667589e+01 -6.003504e+00
     vertex  9.357789e+01  1.667589e+01 -1.600350e+01
     vertex  9.412488e+01  1.642287e+01 -1.600350e+01
   endloop
 endfacet
 facet normal -4.198259e-01 -9.076046e-01 -3.675055e-15
   outer loop
     vertex  9.357789e+01  1.667589e+01 -6.003504e+00
     vertex  9.412488e+01  1.642287e+01 -1.600350e+01
     vertex  9.412488e+01  1.642287e+01 -6.003504e+00
   endloop
 endfacet
 facet normal -1.904225e-01 -9.817022e-01 -2.477510e-15
   outer loop
     vertex  9.298623e+01  1.679066e+01 -6.003504e+00
     vertex  9.298623e+01  1.679066e+01 -1.600350e+01
     vertex  9.357789e+01  1.667589e+01 -1.600350e+01
   endloop
 endfacet
 facet normal  5.004751e-02 -9.987468e-01 -1.134817e-15
   outer loop
     vertex  9.298623e+01  1.679066e+01 -6.003504e+00
     vertex  9.238430e+01  1.676049e+01 -1.600350e+01
     vertex  9.298623e+01  1.679066e+01 -1.600350e+01
   endloop
 endfacet
 facet normal -1.904225e-01 -9.817022e-01 -1.238834e-15
   outer loop
     vertex  9.298623e+01  1.679066e+01 -6.003504e+00
     vertex  9.357789e+01  1.667589e+01 -1.600350e+01
     vertex  9.357789e+01  1.667589e+01 -6.003504e+00
   endloop
 endfacet
 facet normal  2.876090e-01 -9.577479e-01  2.738262e-16
   outer loop
     vertex  9.238430e+01  1.676049e+01 -6.003504e+00
     vertex  9.180708e+01  1.658716e+01 -1.600350e+01
     vertex  9.238430e+01  1.676049e+01 -1.600350e+01
   endloop
 endfacet
 facet normal  5.004751e-02 -9.987468e-01 -1.134817e-15
   outer loop
     vertex  9.238430e+01  1.676049e+01 -6.003504e+00
     vertex  9.238430e+01  1.676049e+01 -1.600350e+01
     vertex  9.298623e+01  1.679066e+01 -6.003504e+00
   endloop
 endfacet
 facet normal  2.876090e-01 -9.577479e-01  2.738262e-16
   outer loop
     vertex  9.180708e+01  1.658716e+01 -6.003504e+00
     vertex  9.180708e+01  1.658716e+01 -1.600350e+01
     vertex  9.238430e+01  1.676049e+01 -6.003504e+00
   endloop
 endfacet
 facet normal  5.084557e-01 -8.610882e-01  1.666556e-15
   outer loop
     vertex  9.128812e+01  1.628072e+01 -6.003504e+00
     vertex  9.128812e+01  1.628072e+01 -1.600350e+01
     vertex  9.180708e+01  1.658716e+01 -1.600350e+01
   endloop
 endfacet
 facet normal  5.084557e-01 -8.610882e-01  1.662525e-15
   outer loop
     vertex  9.128812e+01  1.628072e+01 -6.003504e+00
     vertex  9.180708e+01  1.658716e+01 -1.600350e+01
     vertex  9.180708e+01  1.658716e+01 -6.003504e+00
   endloop
 endfacet
 facet normal  6.997528e-01 -7.143851e-01  2.962432e-15
   outer loop
     vertex  9.085757e+01  1.585899e+01 -6.003504e+00
     vertex  9.085757e+01  1.585899e+01 -1.600350e+01
     vertex  9.128812e+01  1.628072e+01 -1.600350e+01
   endloop
 endfacet
 facet normal  6.997528e-01 -7.143851e-01  2.965834e-15
   outer loop
     vertex  9.085757e+01  1.585899e+01 -6.003504e+00
     vertex  9.128812e+01  1.628072e+01 -1.600350e+01
     vertex  9.128812e+01  1.628072e+01 -6.003504e+00
   endloop
 endfacet
 facet normal  8.503828e-01 -5.261646e-01  2.043071e-15
   outer loop
     vertex  9.054046e+01  1.534648e+01 -6.003504e+00
     vertex  9.054046e+01  1.534648e+01 -1.600350e+01
     vertex  9.085757e+01  1.585899e+01 -1.600350e+01
   endloop
 endfacet
 facet normal  8.503828e-01 -5.261646e-01  4.084930e-15
   outer loop
     vertex  9.054046e+01  1.534648e+01 -6.003504e+00
     vertex  9.085757e+01  1.585899e+01 -1.600350e+01
     vertex  9.085757e+01  1.585899e+01 -6.003504e+00
   endloop
 endfacet
 facet normal  9.515916e-01 -3.073653e-01  7.676966e-15
   outer loop
     vertex  9.035522e+01  1.477297e+01 -6.003504e+00
     vertex  9.035522e+01  1.477297e+01 -1.600350e+01
     vertex  9.054046e+01  1.534648e+01 -1.600350e+01
   endloop
 endfacet
 facet normal  9.515916e-01 -3.073653e-01  2.484577e-15
   outer loop
     vertex  9.035522e+01  1.477297e+01 -6.003504e+00
     vertex  9.054046e+01  1.534648e+01 -1.600350e+01
     vertex  9.054046e+01  1.534648e+01 -6.003504e+00
   endloop
 endfacet
 facet normal  9.974974e-01 -7.070302e-02  5.569641e-15
   outer loop
     vertex  9.031261e+01  1.417179e+01 -6.003504e+00
     vertex  9.031261e+01  1.417179e+01 -1.600350e+01
     vertex  9.035522e+01  1.477297e+01 -1.600350e+01
   endloop
 endfacet
 facet normal  9.974974e-01 -7.070302e-02  8.404732e-15
   outer loop
     vertex  9.031261e+01  1.417179e+01 -6.003504e+00
     vertex  9.035522e+01  1.477297e+01 -1.600350e+01
     vertex  9.035522e+01  1.477297e+01 -6.003504e+00
   endloop
 endfacet
 facet normal  9.854323e-01  1.700682e-01  5.843216e-15
   outer loop
     vertex  9.041510e+01  1.357789e+01 -6.003504e+00
     vertex  9.041510e+01  1.357789e+01 -1.600350e+01
     vertex  9.031261e+01  1.417179e+01 -1.600350e+01
   endloop
 endfacet
 facet normal  9.854323e-01  1.700682e-01  5.843016e-15
   outer loop
     vertex  9.041510e+01  1.357789e+01 -6.003504e+00
     vertex  9.031261e+01  1.417179e+01 -1.600350e+01
     vertex  9.031261e+01  1.417179e+01 -6.003504e+00
   endloop
 endfacet
 facet normal -9.577479e-01 -2.876090e-01 -5.861978e-15
   outer loop
     vertex  9.520384e+01  1.501594e+01 -6.003504e+00
     vertex  9.807993e+01  5.438456e+00 -1.600350e+01
     vertex  9.807993e+01  5.438456e+00 -6.003504e+00
   endloop
 endfacet
 facet normal -9.577479e-01 -2.876090e-01 -2.926442e-15
   outer loop
     vertex  9.520384e+01  1.501594e+01 -6.003504e+00
     vertex  9.520384e+01  1.501594e+01 -1.600350e+01
     vertex  9.807993e+01  5.438456e+00 -1.600350e+01
   endloop
 endfacet
 facet normal  9.195238e-01  3.930343e-01  8.956492e-15
   outer loop
     vertex  9.351122e+01  3.485641e+00 -6.003504e+00
     vertex  9.329119e+01  4.000411e+00 -1.600350e+01
     vertex  9.329119e+01  4.000411e+00 -6.003504e+00
   endloop
 endfacet
 facet normal  9.195238e-01  3.930343e-01  5.785423e-15
   outer loop
     vertex  9.351122e+01  3.485641e+00 -6.003504e+00
     vertex  9.351122e+01  3.485641e+00 -1.600350e+01
     vertex  9.329119e+01  4.000411e+00 -1.600350e+01
   endloop
 endfacet
 facet normal  8.090111e-01  5.877934e-01  5.016348e-15
   outer loop
     vertex  9.384028e+01  3.032739e+00 -6.003504e+00
     vertex  9.384028e+01  3.032739e+00 -1.600350e+01
     vertex  9.351122e+01  3.485641e+00 -1.600350e+01
   endloop
 endfacet
 facet normal  6.579311e-01  7.530781e-01  4.275000e-15
   outer loop
     vertex  9.384028e+01  3.032739e+00 -6.003504e+00
     vertex  9.426187e+01  2.664414e+00 -1.600350e+01
     vertex  9.384028e+01  3.032739e+00 -1.600350e+01
   endloop
 endfacet
 facet normal  8.090111e-01  5.877934e-01  5.433886e-15
   outer loop
     vertex  9.384028e+01  3.032739e+00 -6.003504e+00
     vertex  9.351122e+01  3.485641e+00 -1.600350e+01
     vertex  9.351122e+01  3.485641e+00 -6.003504e+00
   endloop
 endfacet
 facet normal  6.579311e-01  7.530781e-01  4.810094e-15
   outer loop
     vertex  9.426187e+01  2.664414e+00 -6.003504e+00
     vertex  9.426187e+01  2.664414e+00 -1.600350e+01
     vertex  9.384028e+01  3.032739e+00 -6.003504e+00
   endloop
 endfacet
 facet normal  4.738598e-01  8.806003e-01  3.944989e-15
   outer loop
     vertex  9.475485e+01  2.399137e+00 -6.003504e+00
     vertex  9.475485e+01  2.399137e+00 -1.600350e+01
     vertex  9.426187e+01  2.664414e+00 -1.600350e+01
   endloop
 endfacet
 facet normal  4.738598e-01  8.806003e-01  3.941551e-15
   outer loop
     vertex  9.475485e+01  2.399137e+00 -6.003504e+00
     vertex  9.426187e+01  2.664414e+00 -1.600350e+01
     vertex  9.426187e+01  2.664414e+00 -6.003504e+00
   endloop
 endfacet
 facet normal  2.660271e-01  9.639655e-01  4.323100e-15
   outer loop
     vertex  9.529450e+01  2.250209e+00 -6.003504e+00
     vertex  9.529450e+01  2.250209e+00 -1.600350e+01
     vertex  9.475485e+01  2.399137e+00 -1.600350e+01
   endloop
 endfacet
 facet normal  4.485476e-02  9.989935e-01  2.511937e-15
   outer loop
     vertex  9.529450e+01  2.250209e+00 -6.003504e+00
     vertex  9.585376e+01  2.225098e+00 -1.600350e+01
     vertex  9.529450e+01  2.250209e+00 -1.600350e+01
   endloop
 endfacet
 facet normal  2.660271e-01  9.639655e-01  2.880555e-15
   outer loop
     vertex  9.529450e+01  2.250209e+00 -6.003504e+00
     vertex  9.475485e+01  2.399137e+00 -1.600350e+01
     vertex  9.475485e+01  2.399137e+00 -6.003504e+00
   endloop
 endfacet
 facet normal  4.485476e-02  9.989935e-01  1.674625e-15
   outer loop
     vertex  9.585376e+01  2.225098e+00 -6.003504e+00
     vertex  9.585376e+01  2.225098e+00 -1.600350e+01
     vertex  9.529450e+01  2.250209e+00 -6.003504e+00
   endloop
 endfacet
 facet normal -1.785668e-01  9.839278e-01  3.832107e-16
   outer loop
     vertex  9.640459e+01  2.325064e+00 -6.003504e+00
     vertex  9.640459e+01  2.325064e+00 -1.600350e+01
     vertex  9.585376e+01  2.225098e+00 -1.600350e+01
   endloop
 endfacet
 facet normal -1.785668e-01  9.839278e-01  3.829997e-16
   outer loop
     vertex  9.640459e+01  2.325064e+00 -6.003504e+00
     vertex  9.585376e+01  2.225098e+00 -1.600350e+01
     vertex  9.585376e+01  2.225098e+00 -6.003504e+00
   endloop
 endfacet
 facet normal  9.577479e-01  2.876090e-01  5.861978e-15
   outer loop
     vertex  9.329119e+01  4.000411e+00 -6.003504e+00
     vertex  9.041510e+01  1.357789e+01 -1.600350e+01
     vertex  9.041510e+01  1.357789e+01 -6.003504e+00
   endloop
 endfacet
 facet normal  9.577479e-01  2.876090e-01  8.983684e-15
   outer loop
     vertex  9.329119e+01  4.000411e+00 -6.003504e+00
     vertex  9.329119e+01  4.000411e+00 -1.600350e+01
     vertex  9.041510e+01  1.357789e+01 -1.600350e+01
   endloop
 endfacet
 facet normal  5.557678e-15  1.343599e-15 -1.000000e+00
   outer loop
     vertex  1.292304e+02  3.333681e+01 -9.003504e+00
     vertex  1.275511e+02  2.970639e+01 -9.003504e+00
     vertex  1.252961e+02  3.110168e+01 -9.003504e+00
   endloop
 endfacet
 facet normal  5.303195e-15  1.443841e-15 -1.000000e+00
   outer loop
     vertex  1.277954e+02  3.422472e+01 -9.003504e+00
     vertex  1.252961e+02  3.110168e+01 -9.003504e+00
     vertex  1.234405e+02  3.299609e+01 -9.003504e+00
   endloop
 endfacet
 facet normal  5.665409e-15  1.153967e-15 -1.000000e+00
   outer loop
     vertex  1.277954e+02  3.422472e+01 -9.003504e+00
     vertex  1.292304e+02  3.333681e+01 -9.003504e+00
     vertex  1.252961e+02  3.110168e+01 -9.003504e+00
   endloop
 endfacet
 facet normal  5.987016e-15  1.100520e-15 -1.000000e+00
   outer loop
     vertex  1.308363e+02  3.281812e+01 -9.003504e+00
     vertex  1.300746e+02  2.889132e+01 -9.003504e+00
     vertex  1.275511e+02  2.970639e+01 -9.003504e+00
   endloop
 endfacet
 facet normal  5.912025e-15  1.179690e-15 -1.000000e+00
   outer loop
     vertex  1.308363e+02  3.281812e+01 -9.003504e+00
     vertex  1.275511e+02  2.970639e+01 -9.003504e+00
     vertex  1.292304e+02  3.333681e+01 -9.003504e+00
   endloop
 endfacet
 facet normal  5.443774e-15  1.658581e-15 -1.000000e+00
   outer loop
     vertex  1.266146e+02  3.543025e+01 -9.003504e+00
     vertex  1.234405e+02  3.299609e+01 -9.003504e+00
     vertex  1.220921e+02  3.527953e+01 -9.003504e+00
   endloop
 endfacet
 facet normal  5.125538e-15  2.073552e-15 -1.000000e+00
   outer loop
     vertex  1.266146e+02  3.543025e+01 -9.003504e+00
     vertex  1.277954e+02  3.422472e+01 -9.003504e+00
     vertex  1.234405e+02  3.299609e+01 -9.003504e+00
   endloop
 endfacet
 facet normal  5.454785e-15  1.162634e-15 -1.000000e+00
   outer loop
     vertex  1.325195e+02  3.269881e+01 -9.003504e+00
     vertex  1.327197e+02  2.870382e+01 -9.003504e+00
     vertex  1.300746e+02  2.889132e+01 -9.003504e+00
   endloop
 endfacet
 facet normal  5.363027e-15  1.221557e-15 -1.000000e+00
   outer loop
     vertex  1.325195e+02  3.269881e+01 -9.003504e+00
     vertex  1.300746e+02  2.889132e+01 -9.003504e+00
     vertex  1.308363e+02  3.281812e+01 -9.003504e+00
   endloop
 endfacet
 facet normal  5.141393e-15  1.543946e-15 -1.000000e+00
   outer loop
     vertex  1.257565e+02  3.688335e+01 -9.003504e+00
     vertex  1.220921e+02  3.527953e+01 -9.003504e+00
     vertex  1.213295e+02  3.781929e+01 -9.003504e+00
   endloop
 endfacet
 facet normal  5.472833e-15  7.866766e-16 -1.000000e+00
   outer loop
     vertex  1.257565e+02  3.688335e+01 -9.003504e+00
     vertex  1.266146e+02  3.543025e+01 -9.003504e+00
     vertex  1.220921e+02  3.527953e+01 -9.003504e+00
   endloop
 endfacet
 facet normal  5.170203e-15  1.552597e-15 -1.000000e+00
   outer loop
     vertex  1.341825e+02  3.298580e+01 -9.003504e+00
     vertex  1.353329e+02  2.915481e+01 -9.003504e+00
     vertex  1.327197e+02  2.870382e+01 -9.003504e+00
   endloop
 endfacet
 facet normal  6.202140e-15  1.200084e-15 -1.000000e+00
   outer loop
     vertex  1.341825e+02  3.298580e+01 -9.003504e+00
     vertex  1.327197e+02  2.870382e+01 -9.003504e+00
     vertex  1.325195e+02  3.269881e+01 -9.003504e+00
   endloop
 endfacet
 facet normal  5.246724e-15  9.336220e-16 -1.000000e+00
   outer loop
     vertex  1.252712e+02  3.849956e+01 -9.003504e+00
     vertex  1.213295e+02  3.781929e+01 -9.003504e+00
     vertex  1.211967e+02  4.046777e+01 -9.003504e+00
   endloop
 endfacet
 facet normal  5.141393e-15  1.543946e-15 -1.000000e+00
   outer loop
     vertex  1.252712e+02  3.849956e+01 -9.003504e+00
     vertex  1.257565e+02  3.688335e+01 -9.003504e+00
     vertex  1.213295e+02  3.781929e+01 -9.003504e+00
   endloop
 endfacet
 facet normal  5.186509e-15  1.515341e-15 -1.000000e+00
   outer loop
     vertex  1.357284e+02  3.366242e+01 -9.003504e+00
     vertex  1.377622e+02  3.021807e+01 -9.003504e+00
     vertex  1.353329e+02  2.915481e+01 -9.003504e+00
   endloop
 endfacet
 facet normal  5.077878e-15  1.524872e-15 -1.000000e+00
   outer loop
     vertex  1.357284e+02  3.366242e+01 -9.003504e+00
     vertex  1.353329e+02  2.915481e+01 -9.003504e+00
     vertex  1.341825e+02  3.298580e+01 -9.003504e+00
   endloop
 endfacet
 facet normal  5.436456e-15  1.326391e-15 -1.000000e+00
   outer loop
     vertex  1.251867e+02  4.018496e+01 -9.003504e+00
     vertex  1.252712e+02  3.849956e+01 -9.003504e+00
     vertex  1.211967e+02  4.046777e+01 -9.003504e+00
   endloop
 endfacet
 facet normal  6.244137e-15  1.764773e-15 -1.000000e+00
   outer loop
     vertex  1.370675e+02  3.468934e+01 -9.003504e+00
     vertex  1.398665e+02  3.183180e+01 -9.003504e+00
     vertex  1.377622e+02  3.021807e+01 -9.003504e+00
   endloop
 endfacet
 facet normal  5.382093e-15  1.630829e-15 -1.000000e+00
   outer loop
     vertex  1.370675e+02  3.468934e+01 -9.003504e+00
     vertex  1.377622e+02  3.021807e+01 -9.003504e+00
     vertex  1.357284e+02  3.366242e+01 -9.003504e+00
   endloop
 endfacet
 facet normal  5.413113e-15  9.970651e-16 -1.000000e+00
   outer loop
     vertex  1.217017e+02  4.307106e+01 -9.003504e+00
     vertex  1.251867e+02  4.018496e+01 -9.003504e+00
     vertex  1.211967e+02  4.046777e+01 -9.003504e+00
   endloop
 endfacet
 facet normal  6.247755e-15  2.004914e-15 -1.000000e+00
   outer loop
     vertex  1.255081e+02  4.184160e+01 -9.003504e+00
     vertex  1.251867e+02  4.018496e+01 -9.003504e+00
     vertex  1.217017e+02  4.307106e+01 -9.003504e+00
   endloop
 endfacet
 facet normal  5.978080e-15  1.221603e-15 -1.000000e+00
   outer loop
     vertex  1.381219e+02  3.600689e+01 -9.003504e+00
     vertex  1.415234e+02  3.390223e+01 -9.003504e+00
     vertex  1.398665e+02  3.183180e+01 -9.003504e+00
   endloop
 endfacet
 facet normal  5.474992e-15  1.011382e-15 -1.000000e+00
   outer loop
     vertex  1.381219e+02  3.600689e+01 -9.003504e+00
     vertex  1.398665e+02  3.183180e+01 -9.003504e+00
     vertex  1.370675e+02  3.468934e+01 -9.003504e+00
   endloop
 endfacet
 facet normal  4.364010e-15  3.009797e-16 -1.000000e+00
   outer loop
     vertex  1.228150e+02  4.547785e+01 -9.003504e+00
     vertex  1.262165e+02  4.337319e+01 -9.003504e+00
     vertex  1.255081e+02  4.184160e+01 -9.003504e+00
   endloop
 endfacet
 facet normal  6.116649e-15  1.599013e-15 -1.000000e+00
   outer loop
     vertex  1.228150e+02  4.547785e+01 -9.003504e+00
     vertex  1.255081e+02  4.184160e+01 -9.003504e+00
     vertex  1.217017e+02  4.307106e+01 -9.003504e+00
   endloop
 endfacet
 facet normal  6.291913e-15  1.728816e-15 -1.000000e+00
   outer loop
     vertex  1.388304e+02  3.753848e+01 -9.003504e+00
     vertex  1.415234e+02  3.390223e+01 -9.003504e+00
     vertex  1.381219e+02  3.600689e+01 -9.003504e+00
   endloop
 endfacet
 facet normal  5.503225e-15  1.144701e-15 -1.000000e+00
   outer loop
     vertex  1.426367e+02  3.630902e+01 -9.003504e+00
     vertex  1.415234e+02  3.390223e+01 -9.003504e+00
     vertex  1.388304e+02  3.753848e+01 -9.003504e+00
   endloop
 endfacet
 facet normal  4.924483e-15  1.206813e-15 -1.000000e+00
   outer loop
     vertex  1.244719e+02  4.754828e+01 -9.003504e+00
     vertex  1.262165e+02  4.337319e+01 -9.003504e+00
     vertex  1.228150e+02  4.547785e+01 -9.003504e+00
   endloop
 endfacet
 facet normal  6.232511e-15  1.753385e-15 -1.000000e+00
   outer loop
     vertex  1.244719e+02  4.754828e+01 -9.003504e+00
     vertex  1.272709e+02  4.469074e+01 -9.003504e+00
     vertex  1.262165e+02  4.337319e+01 -9.003504e+00
   endloop
 endfacet
 facet normal  5.453037e-15  9.893209e-16 -1.000000e+00
   outer loop
     vertex  1.431417e+02  3.891231e+01 -9.003504e+00
     vertex  1.426367e+02  3.630902e+01 -9.003504e+00
     vertex  1.388304e+02  3.753848e+01 -9.003504e+00
   endloop
 endfacet
 facet normal  5.419928e-15  1.093222e-15 -1.000000e+00
   outer loop
     vertex  1.431417e+02  3.891231e+01 -9.003504e+00
     vertex  1.388304e+02  3.753848e+01 -9.003504e+00
     vertex  1.391517e+02  3.919512e+01 -9.003504e+00
   endloop
 endfacet
 facet normal  5.436456e-15  1.326391e-15 -1.000000e+00
   outer loop
     vertex  1.431417e+02  3.891231e+01 -9.003504e+00
     vertex  1.391517e+02  3.919512e+01 -9.003504e+00
     vertex  1.390672e+02  4.088052e+01 -9.003504e+00
   endloop
 endfacet
 facet normal  5.762080e-15  1.292589e-15 -1.000000e+00
   outer loop
     vertex  1.265762e+02  4.916201e+01 -9.003504e+00
     vertex  1.272709e+02  4.469074e+01 -9.003504e+00
     vertex  1.244719e+02  4.754828e+01 -9.003504e+00
   endloop
 endfacet
 facet normal  5.654324e-15  1.275846e-15 -1.000000e+00
   outer loop
     vertex  1.265762e+02  4.916201e+01 -9.003504e+00
     vertex  1.286100e+02  4.571766e+01 -9.003504e+00
     vertex  1.272709e+02  4.469074e+01 -9.003504e+00
   endloop
 endfacet
 facet normal  5.578754e-15  1.620967e-15 -1.000000e+00
   outer loop
     vertex  1.430090e+02  4.156079e+01 -9.003504e+00
     vertex  1.431417e+02  3.891231e+01 -9.003504e+00
     vertex  1.390672e+02  4.088052e+01 -9.003504e+00
   endloop
 endfacet
 facet normal  5.569842e-15  1.672608e-15 -1.000000e+00
   outer loop
     vertex  1.430090e+02  4.156079e+01 -9.003504e+00
     vertex  1.390672e+02  4.088052e+01 -9.003504e+00
     vertex  1.385819e+02  4.249673e+01 -9.003504e+00
   endloop
 endfacet
 facet normal  5.946928e-15  1.448623e-15 -1.000000e+00
   outer loop
     vertex  1.290055e+02  5.022527e+01 -9.003504e+00
     vertex  1.286100e+02  4.571766e+01 -9.003504e+00
     vertex  1.265762e+02  4.916201e+01 -9.003504e+00
   endloop
 endfacet
 facet normal  6.272822e-15  1.420030e-15 -1.000000e+00
   outer loop
     vertex  1.290055e+02  5.022527e+01 -9.003504e+00
     vertex  1.301559e+02  4.639428e+01 -9.003504e+00
     vertex  1.286100e+02  4.571766e+01 -9.003504e+00
   endloop
 endfacet
 facet normal  5.432876e-15  1.985545e-15 -1.000000e+00
   outer loop
     vertex  1.422463e+02  4.410055e+01 -9.003504e+00
     vertex  1.385819e+02  4.249673e+01 -9.003504e+00
     vertex  1.377239e+02  4.394983e+01 -9.003504e+00
   endloop
 endfacet
 facet normal  5.569842e-15  1.672608e-15 -1.000000e+00
   outer loop
     vertex  1.422463e+02  4.410055e+01 -9.003504e+00
     vertex  1.430090e+02  4.156079e+01 -9.003504e+00
     vertex  1.385819e+02  4.249673e+01 -9.003504e+00
   endloop
 endfacet
 facet normal  5.067009e-15  1.587849e-15 -1.000000e+00
   outer loop
     vertex  1.316187e+02  5.067626e+01 -9.003504e+00
     vertex  1.318189e+02  4.668127e+01 -9.003504e+00
     vertex  1.301559e+02  4.639428e+01 -9.003504e+00
   endloop
 endfacet
 facet normal  5.892559e-15  1.305838e-15 -1.000000e+00
   outer loop
     vertex  1.316187e+02  5.067626e+01 -9.003504e+00
     vertex  1.301559e+02  4.639428e+01 -9.003504e+00
     vertex  1.290055e+02  5.022527e+01 -9.003504e+00
   endloop
 endfacet
 facet normal  5.770822e-15  1.232118e-15 -1.000000e+00
   outer loop
     vertex  1.408980e+02  4.638399e+01 -9.003504e+00
     vertex  1.377239e+02  4.394983e+01 -9.003504e+00
     vertex  1.365430e+02  4.515536e+01 -9.003504e+00
   endloop
 endfacet
 facet normal  5.443774e-15  1.658581e-15 -1.000000e+00
   outer loop
     vertex  1.408980e+02  4.638399e+01 -9.003504e+00
     vertex  1.422463e+02  4.410055e+01 -9.003504e+00
     vertex  1.377239e+02  4.394983e+01 -9.003504e+00
   endloop
 endfacet
 facet normal  4.988906e-15  1.746492e-15 -1.000000e+00
   outer loop
     vertex  1.342639e+02  5.048876e+01 -9.003504e+00
     vertex  1.351080e+02  4.604327e+01 -9.003504e+00
     vertex  1.335022e+02  4.656196e+01 -9.003504e+00
   endloop
 endfacet
 facet normal  5.394656e-15  1.667788e-15 -1.000000e+00
   outer loop
     vertex  1.342639e+02  5.048876e+01 -9.003504e+00
     vertex  1.335022e+02  4.656196e+01 -9.003504e+00
     vertex  1.318189e+02  4.668127e+01 -9.003504e+00
   endloop
 endfacet
 facet normal  5.486414e-15  1.608865e-15 -1.000000e+00
   outer loop
     vertex  1.342639e+02  5.048876e+01 -9.003504e+00
     vertex  1.318189e+02  4.668127e+01 -9.003504e+00
     vertex  1.316187e+02  5.067626e+01 -9.003504e+00
   endloop
 endfacet
 facet normal  5.830041e-15  1.022214e-15 -1.000000e+00
   outer loop
     vertex  1.390423e+02  4.827840e+01 -9.003504e+00
     vertex  1.408980e+02  4.638399e+01 -9.003504e+00
     vertex  1.365430e+02  4.515536e+01 -9.003504e+00
   endloop
 endfacet
 facet normal  5.524577e-15  1.848208e-15 -1.000000e+00
   outer loop
     vertex  1.367873e+02  4.967369e+01 -9.003504e+00
     vertex  1.351080e+02  4.604327e+01 -9.003504e+00
     vertex  1.342639e+02  5.048876e+01 -9.003504e+00
   endloop
 endfacet
 facet normal  6.930446e-15  1.197903e-15 -1.000000e+00
   outer loop
     vertex  1.367873e+02  4.967369e+01 -9.003504e+00
     vertex  1.365430e+02  4.515536e+01 -9.003504e+00
     vertex  1.351080e+02  4.604327e+01 -9.003504e+00
   endloop
 endfacet
 facet normal  5.514881e-15  1.274432e-15 -1.000000e+00
   outer loop
     vertex  1.367873e+02  4.967369e+01 -9.003504e+00
     vertex  1.390423e+02  4.827840e+01 -9.003504e+00
     vertex  1.365430e+02  4.515536e+01 -9.003504e+00
   endloop
 endfacet
 facet normal  1.700682e-01 -9.854323e-01 -9.330284e-16
   outer loop
     vertex  1.316187e+02  5.067626e+01 -1.600350e+01
     vertex  1.290055e+02  5.022527e+01 -9.003504e+00
     vertex  1.290055e+02  5.022527e+01 -1.600350e+01
   endloop
 endfacet
 facet normal  1.700682e-01 -9.854323e-01 -1.310029e-15
   outer loop
     vertex  1.316187e+02  5.067626e+01 -1.600350e+01
     vertex  1.316187e+02  5.067626e+01 -9.003504e+00
     vertex  1.290055e+02  5.022527e+01 -9.003504e+00
   endloop
 endfacet
 facet normal -7.070302e-02 -9.974974e-01 -2.312113e-15
   outer loop
     vertex  1.316187e+02  5.067626e+01 -1.600350e+01
     vertex  1.342639e+02  5.048876e+01 -9.003504e+00
     vertex  1.316187e+02  5.067626e+01 -9.003504e+00
   endloop
 endfacet
 facet normal -7.070302e-02 -9.974974e-01 -3.898777e-15
   outer loop
     vertex  1.342639e+02  5.048876e+01 -1.600350e+01
     vertex  1.342639e+02  5.048876e+01 -9.003504e+00
     vertex  1.316187e+02  5.067626e+01 -1.600350e+01
   endloop
 endfacet
 facet normal -3.073653e-01 -9.515916e-01 -6.641705e-15
   outer loop
     vertex  1.367873e+02  4.967369e+01 -1.600350e+01
     vertex  1.367873e+02  4.967369e+01 -9.003504e+00
     vertex  1.342639e+02  5.048876e+01 -9.003504e+00
   endloop
 endfacet
 facet normal -5.261646e-01 -8.503828e-01 -8.998641e-15
   outer loop
     vertex  1.367873e+02  4.967369e+01 -1.600350e+01
     vertex  1.390423e+02  4.827840e+01 -9.003504e+00
     vertex  1.367873e+02  4.967369e+01 -9.003504e+00
   endloop
 endfacet
 facet normal -3.073653e-01 -9.515916e-01 -6.626894e-15
   outer loop
     vertex  1.367873e+02  4.967369e+01 -1.600350e+01
     vertex  1.342639e+02  5.048876e+01 -9.003504e+00
     vertex  1.342639e+02  5.048876e+01 -1.600350e+01
   endloop
 endfacet
 facet normal -5.261646e-01 -8.503828e-01 -9.861832e-15
   outer loop
     vertex  1.390423e+02  4.827840e+01 -1.600350e+01
     vertex  1.390423e+02  4.827840e+01 -9.003504e+00
     vertex  1.367873e+02  4.967369e+01 -1.600350e+01
   endloop
 endfacet
 facet normal -7.143851e-01 -6.997528e-01 -7.221739e-15
   outer loop
     vertex  1.408980e+02  4.638399e+01 -1.600350e+01
     vertex  1.408980e+02  4.638399e+01 -9.003504e+00
     vertex  1.390423e+02  4.827840e+01 -9.003504e+00
   endloop
 endfacet
 facet normal -7.143851e-01 -6.997528e-01 -1.153127e-14
   outer loop
     vertex  1.408980e+02  4.638399e+01 -1.600350e+01
     vertex  1.390423e+02  4.827840e+01 -9.003504e+00
     vertex  1.390423e+02  4.827840e+01 -1.600350e+01
   endloop
 endfacet
 facet normal -8.610882e-01 -5.084557e-01 -1.152091e-14
   outer loop
     vertex  1.422463e+02  4.410055e+01 -1.600350e+01
     vertex  1.422463e+02  4.410055e+01 -9.003504e+00
     vertex  1.408980e+02  4.638399e+01 -9.003504e+00
   endloop
 endfacet
 facet normal -9.577479e-01 -2.876090e-01 -1.224995e-14
   outer loop
     vertex  1.422463e+02  4.410055e+01 -1.600350e+01
     vertex  1.430090e+02  4.156079e+01 -9.003504e+00
     vertex  1.422463e+02  4.410055e+01 -9.003504e+00
   endloop
 endfacet
 facet normal -8.610882e-01 -5.084557e-01 -8.038399e-15
   outer loop
     vertex  1.422463e+02  4.410055e+01 -1.600350e+01
     vertex  1.408980e+02  4.638399e+01 -9.003504e+00
     vertex  1.408980e+02  4.638399e+01 -1.600350e+01
   endloop
 endfacet
 facet normal -9.577479e-01 -2.876090e-01 -8.069322e-15
   outer loop
     vertex  1.430090e+02  4.156079e+01 -1.600350e+01
     vertex  1.430090e+02  4.156079e+01 -9.003504e+00
     vertex  1.422463e+02  4.410055e+01 -1.600350e+01
   endloop
 endfacet
 facet normal -9.987468e-01 -5.004751e-02 -4.055156e-15
   outer loop
     vertex  1.431417e+02  3.891231e+01 -1.600350e+01
     vertex  1.431417e+02  3.891231e+01 -9.003504e+00
     vertex  1.430090e+02  4.156079e+01 -9.003504e+00
   endloop
 endfacet
 facet normal -9.987468e-01 -5.004751e-02 -8.161008e-15
   outer loop
     vertex  1.431417e+02  3.891231e+01 -1.600350e+01
     vertex  1.430090e+02  4.156079e+01 -9.003504e+00
     vertex  1.430090e+02  4.156079e+01 -1.600350e+01
   endloop
 endfacet
 facet normal -9.817022e-01  1.904225e-01 -7.971902e-15
   outer loop
     vertex  1.426367e+02  3.630902e+01 -1.600350e+01
     vertex  1.426367e+02  3.630902e+01 -9.003504e+00
     vertex  1.431417e+02  3.891231e+01 -9.003504e+00
   endloop
 endfacet
 facet normal -9.817022e-01  1.904225e-01 -3.983314e-15
   outer loop
     vertex  1.426367e+02  3.630902e+01 -1.600350e+01
     vertex  1.431417e+02  3.891231e+01 -9.003504e+00
     vertex  1.431417e+02  3.891231e+01 -1.600350e+01
   endloop
 endfacet
 facet normal -9.076046e-01  4.198259e-01 -1.020299e-14
   outer loop
     vertex  1.415234e+02  3.390223e+01 -1.600350e+01
     vertex  1.415234e+02  3.390223e+01 -9.003504e+00
     vertex  1.426367e+02  3.630902e+01 -9.003504e+00
   endloop
 endfacet
 facet normal -9.076046e-01  4.198259e-01 -7.368532e-15
   outer loop
     vertex  1.415234e+02  3.390223e+01 -1.600350e+01
     vertex  1.426367e+02  3.630902e+01 -9.003504e+00
     vertex  1.426367e+02  3.630902e+01 -1.600350e+01
   endloop
 endfacet
 facet normal -7.807604e-01  6.248306e-01 -5.071673e-15
   outer loop
     vertex  1.398665e+02  3.183180e+01 -1.600350e+01
     vertex  1.398665e+02  3.183180e+01 -9.003504e+00
     vertex  1.415234e+02  3.390223e+01 -9.003504e+00
   endloop
 endfacet
 facet normal -7.807604e-01  6.248306e-01 -8.229789e-15
   outer loop
     vertex  1.398665e+02  3.183180e+01 -1.600350e+01
     vertex  1.415234e+02  3.390223e+01 -9.003504e+00
     vertex  1.415234e+02  3.390223e+01 -1.600350e+01
   endloop
 endfacet
 facet normal -6.085412e-01  7.935223e-01  1.610947e-15
   outer loop
     vertex  1.377622e+02  3.021807e+01 -1.600350e+01
     vertex  1.377622e+02  3.021807e+01 -9.003504e+00
     vertex  1.398665e+02  3.183180e+01 -9.003504e+00
   endloop
 endfacet
 facet normal -6.085412e-01  7.935223e-01 -3.349333e-15
   outer loop
     vertex  1.377622e+02  3.021807e+01 -1.600350e+01
     vertex  1.398665e+02  3.183180e+01 -9.003504e+00
     vertex  1.398665e+02  3.183180e+01 -1.600350e+01
   endloop
 endfacet
 facet normal -4.009557e-01  9.160974e-01 -4.662720e-16
   outer loop
     vertex  1.353329e+02  2.915481e+01 -1.600350e+01
     vertex  1.353329e+02  2.915481e+01 -9.003504e+00
     vertex  1.377622e+02  3.021807e+01 -9.003504e+00
   endloop
 endfacet
 facet normal -4.009557e-01  9.160974e-01  1.842133e-15
   outer loop
     vertex  1.353329e+02  2.915481e+01 -1.600350e+01
     vertex  1.377622e+02  3.021807e+01 -9.003504e+00
     vertex  1.377622e+02  3.021807e+01 -1.600350e+01
   endloop
 endfacet
 facet normal -4.009557e-01  9.160974e-01 -9.768342e-16
   outer loop
     vertex  1.731023e+02  4.513951e+01 -6.003504e+00
     vertex  1.727490e+02  4.498486e+01 -1.600350e+01
     vertex  1.727490e+02  4.498486e+01 -6.003504e+00
   endloop
 endfacet
 facet normal -4.009557e-01  9.160974e-01 -9.773168e-16
   outer loop
     vertex  1.731023e+02  4.513951e+01 -6.003504e+00
     vertex  1.731023e+02  4.513951e+01 -1.600350e+01
     vertex  1.727490e+02  4.498486e+01 -1.600350e+01
   endloop
 endfacet
 facet normal -6.085412e-01  7.935223e-01 -2.331493e-15
   outer loop
     vertex  1.734084e+02  4.537424e+01 -6.003504e+00
     vertex  1.734084e+02  4.537424e+01 -1.600350e+01
     vertex  1.731023e+02  4.513951e+01 -1.600350e+01
   endloop
 endfacet
 facet normal -7.807604e-01  6.248306e-01 -3.550171e-15
   outer loop
     vertex  1.734084e+02  4.537424e+01 -6.003504e+00
     vertex  1.736494e+02  4.567539e+01 -1.600350e+01
     vertex  1.734084e+02  4.537424e+01 -1.600350e+01
   endloop
 endfacet
 facet normal -6.085412e-01  7.935223e-01 -2.331450e-15
   outer loop
     vertex  1.734084e+02  4.537424e+01 -6.003504e+00
     vertex  1.731023e+02  4.513951e+01 -1.600350e+01
     vertex  1.731023e+02  4.513951e+01 -6.003504e+00
   endloop
 endfacet
 facet normal -7.807604e-01  6.248306e-01 -3.994140e-15
   outer loop
     vertex  1.736494e+02  4.567539e+01 -6.003504e+00
     vertex  1.736494e+02  4.567539e+01 -1.600350e+01
     vertex  1.734084e+02  4.537424e+01 -6.003504e+00
   endloop
 endfacet
 facet normal -9.076046e-01  4.198259e-01 -4.562527e-15
   outer loop
     vertex  1.738113e+02  4.602547e+01 -6.003504e+00
     vertex  1.738113e+02  4.602547e+01 -1.600350e+01
     vertex  1.736494e+02  4.567539e+01 -1.600350e+01
   endloop
 endfacet
 facet normal -9.076046e-01  4.198259e-01 -4.860785e-15
   outer loop
     vertex  1.738113e+02  4.602547e+01 -6.003504e+00
     vertex  1.736494e+02  4.567539e+01 -1.600350e+01
     vertex  1.736494e+02  4.567539e+01 -6.003504e+00
   endloop
 endfacet
 facet normal -9.817022e-01  1.904225e-01 -5.309724e-15
   outer loop
     vertex  1.738848e+02  4.640413e+01 -6.003504e+00
     vertex  1.738848e+02  4.640413e+01 -1.600350e+01
     vertex  1.738113e+02  4.602547e+01 -1.600350e+01
   endloop
 endfacet
 facet normal -9.987468e-01 -5.004751e-02 -5.748340e-15
   outer loop
     vertex  1.738848e+02  4.640413e+01 -6.003504e+00
     vertex  1.738655e+02  4.678936e+01 -1.600350e+01
     vertex  1.738848e+02  4.640413e+01 -1.600350e+01
   endloop
 endfacet
 facet normal -9.817022e-01  1.904225e-01 -5.309625e-15
   outer loop
     vertex  1.738848e+02  4.640413e+01 -6.003504e+00
     vertex  1.738113e+02  4.602547e+01 -1.600350e+01
     vertex  1.738113e+02  4.602547e+01 -6.003504e+00
   endloop
 endfacet
 facet normal -9.987468e-01 -5.004751e-02 -5.748340e-15
   outer loop
     vertex  1.738655e+02  4.678936e+01 -6.003504e+00
     vertex  1.738655e+02  4.678936e+01 -1.600350e+01
     vertex  1.738848e+02  4.640413e+01 -6.003504e+00
   endloop
 endfacet
 facet normal -9.577479e-01 -2.876090e-01 -5.852884e-15
   outer loop
     vertex  1.737545e+02  4.715878e+01 -6.003504e+00
     vertex  1.737545e+02  4.715878e+01 -1.600350e+01
     vertex  1.738655e+02  4.678936e+01 -1.600350e+01
   endloop
 endfacet
 facet normal -9.577479e-01 -2.876090e-01 -5.852011e-15
   outer loop
     vertex  1.737545e+02  4.715878e+01 -6.003504e+00
     vertex  1.738655e+02  4.678936e+01 -1.600350e+01
     vertex  1.738655e+02  4.678936e+01 -6.003504e+00
   endloop
 endfacet
 facet normal -8.610882e-01 -5.084557e-01 -8.064638e-15
   outer loop
     vertex  1.735584e+02  4.749092e+01 -6.003504e+00
     vertex  1.735584e+02  4.749092e+01 -1.600350e+01
     vertex  1.737545e+02  4.715878e+01 -1.600350e+01
   endloop
 endfacet
 facet normal -8.610882e-01 -5.084557e-01 -5.616347e-15
   outer loop
     vertex  1.735584e+02  4.749092e+01 -6.003504e+00
     vertex  1.737545e+02  4.715878e+01 -1.600350e+01
     vertex  1.737545e+02  4.715878e+01 -6.003504e+00
   endloop
 endfacet
 facet normal -7.143851e-01 -6.997528e-01 -5.552422e-15
   outer loop
     vertex  1.732885e+02  4.776647e+01 -6.003504e+00
     vertex  1.732885e+02  4.776647e+01 -1.600350e+01
     vertex  1.735584e+02  4.749092e+01 -1.600350e+01
   endloop
 endfacet
 facet normal -7.143851e-01 -6.997528e-01 -7.087895e-15
   outer loop
     vertex  1.732885e+02  4.776647e+01 -6.003504e+00
     vertex  1.735584e+02  4.749092e+01 -1.600350e+01
     vertex  1.735584e+02  4.749092e+01 -6.003504e+00
   endloop
 endfacet
 facet normal -5.261646e-01 -8.503828e-01 -3.595133e-15
   outer loop
     vertex  1.729605e+02  4.796942e+01 -6.003504e+00
     vertex  1.729605e+02  4.796942e+01 -1.600350e+01
     vertex  1.732885e+02  4.776647e+01 -1.600350e+01
   endloop
 endfacet
 facet normal -3.073653e-01 -9.515916e-01 -2.423316e-15
   outer loop
     vertex  1.729605e+02  4.796942e+01 -6.003504e+00
     vertex  1.725935e+02  4.808798e+01 -1.600350e+01
     vertex  1.729605e+02  4.796942e+01 -1.600350e+01
   endloop
 endfacet
 facet normal -5.261646e-01 -8.503828e-01 -4.803218e-15
   outer loop
     vertex  1.729605e+02  4.796942e+01 -6.003504e+00
     vertex  1.732885e+02  4.776647e+01 -1.600350e+01
     vertex  1.732885e+02  4.776647e+01 -6.003504e+00
   endloop
 endfacet
 facet normal -7.070302e-02 -9.974974e-01 -2.528194e-15
   outer loop
     vertex  1.725935e+02  4.808798e+01 -6.003504e+00
     vertex  1.722087e+02  4.811525e+01 -1.600350e+01
     vertex  1.725935e+02  4.808798e+01 -1.600350e+01
   endloop
 endfacet
 facet normal -3.073653e-01 -9.515916e-01 -3.775609e-15
   outer loop
     vertex  1.725935e+02  4.808798e+01 -6.003504e+00
     vertex  1.725935e+02  4.808798e+01 -1.600350e+01
     vertex  1.729605e+02  4.796942e+01 -6.003504e+00
   endloop
 endfacet
 facet normal -7.070302e-02 -9.974974e-01 -1.819429e-15
   outer loop
     vertex  1.722087e+02  4.811525e+01 -6.003504e+00
     vertex  1.722087e+02  4.811525e+01 -1.600350e+01
     vertex  1.725935e+02  4.808798e+01 -6.003504e+00
   endloop
 endfacet
 facet normal  1.700682e-01 -9.854323e-01 -1.133849e-15
   outer loop
     vertex  1.718286e+02  4.804965e+01 -6.003504e+00
     vertex  1.718286e+02  4.804965e+01 -1.600350e+01
     vertex  1.722087e+02  4.811525e+01 -1.600350e+01
   endloop
 endfacet
 facet normal  1.700682e-01 -9.854323e-01 -4.335489e-16
   outer loop
     vertex  1.718286e+02  4.804965e+01 -6.003504e+00
     vertex  1.722087e+02  4.811525e+01 -1.600350e+01
     vertex  1.722087e+02  4.811525e+01 -6.003504e+00
   endloop
 endfacet
 facet normal -4.009557e-01  9.160974e-01 -2.768596e-15
   outer loop
     vertex  1.663515e+02  3.845551e+01 -6.003504e+00
     vertex  1.659981e+02  3.830085e+01 -1.600350e+01
     vertex  1.659981e+02  3.830085e+01 -6.003504e+00
   endloop
 endfacet
 facet normal -4.009557e-01  9.160974e-01 -1.628243e-15
   outer loop
     vertex  1.663515e+02  3.845551e+01 -6.003504e+00
     vertex  1.663515e+02  3.845551e+01 -1.600350e+01
     vertex  1.659981e+02  3.830085e+01 -1.600350e+01
   endloop
 endfacet
 facet normal -6.085412e-01  7.935223e-01 -6.019150e-16
   outer loop
     vertex  1.666575e+02  3.869024e+01 -6.003504e+00
     vertex  1.666575e+02  3.869024e+01 -1.600350e+01
     vertex  1.663515e+02  3.845551e+01 -1.600350e+01
   endloop
 endfacet
 facet normal -7.807604e-01  6.248306e-01 -1.331117e-15
   outer loop
     vertex  1.666575e+02  3.869024e+01 -6.003504e+00
     vertex  1.668985e+02  3.899139e+01 -1.600350e+01
     vertex  1.666575e+02  3.869024e+01 -1.600350e+01
   endloop
 endfacet
 facet normal -6.085412e-01  7.935223e-01 -2.896323e-15
   outer loop
     vertex  1.666575e+02  3.869024e+01 -6.003504e+00
     vertex  1.663515e+02  3.845551e+01 -1.600350e+01
     vertex  1.663515e+02  3.845551e+01 -6.003504e+00
   endloop
 endfacet
 facet normal -7.807604e-01  6.248306e-01 -3.550171e-15
   outer loop
     vertex  1.668985e+02  3.899139e+01 -6.003504e+00
     vertex  1.668985e+02  3.899139e+01 -1.600350e+01
     vertex  1.666575e+02  3.869024e+01 -6.003504e+00
   endloop
 endfacet
 facet normal -9.076046e-01  4.198259e-01 -4.562527e-15
   outer loop
     vertex  1.670605e+02  3.934147e+01 -6.003504e+00
     vertex  1.670605e+02  3.934147e+01 -1.600350e+01
     vertex  1.668985e+02  3.899139e+01 -1.600350e+01
   endloop
 endfacet
 facet normal -9.076046e-01  4.198259e-01 -4.562158e-15
   outer loop
     vertex  1.670605e+02  3.934147e+01 -6.003504e+00
     vertex  1.668985e+02  3.899139e+01 -1.600350e+01
     vertex  1.668985e+02  3.899139e+01 -6.003504e+00
   endloop
 endfacet
 facet normal -9.817022e-01  1.904225e-01 -5.445028e-15
   outer loop
     vertex  1.671339e+02  3.972013e+01 -6.003504e+00
     vertex  1.671339e+02  3.972013e+01 -1.600350e+01
     vertex  1.670605e+02  3.934147e+01 -1.600350e+01
   endloop
 endfacet
 facet normal -9.987468e-01 -5.004751e-02 -5.712779e-15
   outer loop
     vertex  1.671339e+02  3.972013e+01 -6.003504e+00
     vertex  1.671146e+02  4.010536e+01 -1.600350e+01
     vertex  1.671339e+02  3.972013e+01 -1.600350e+01
   endloop
 endfacet
 facet normal -9.817022e-01  1.904225e-01 -5.309625e-15
   outer loop
     vertex  1.671339e+02  3.972013e+01 -6.003504e+00
     vertex  1.670605e+02  3.934147e+01 -1.600350e+01
     vertex  1.670605e+02  3.934147e+01 -6.003504e+00
   endloop
 endfacet
 facet normal -9.987468e-01 -5.004751e-02 -5.783901e-15
   outer loop
     vertex  1.671146e+02  4.010536e+01 -6.003504e+00
     vertex  1.671146e+02  4.010536e+01 -1.600350e+01
     vertex  1.671339e+02  3.972013e+01 -6.003504e+00
   endloop
 endfacet
 facet normal -9.577479e-01 -2.876090e-01 -6.057242e-15
   outer loop
     vertex  1.670037e+02  4.047478e+01 -6.003504e+00
     vertex  1.670037e+02  4.047478e+01 -1.600350e+01
     vertex  1.671146e+02  4.010536e+01 -1.600350e+01
   endloop
 endfacet
 facet normal -9.577479e-01 -2.876090e-01 -6.057092e-15
   outer loop
     vertex  1.670037e+02  4.047478e+01 -6.003504e+00
     vertex  1.671146e+02  4.010536e+01 -1.600350e+01
     vertex  1.671146e+02  4.010536e+01 -6.003504e+00
   endloop
 endfacet
 facet normal -8.610882e-01 -5.084557e-01 -5.617279e-15
   outer loop
     vertex  1.668076e+02  4.080692e+01 -6.003504e+00
     vertex  1.668076e+02  4.080692e+01 -1.600350e+01
     vertex  1.670037e+02  4.047478e+01 -1.600350e+01
   endloop
 endfacet
 facet normal -8.610882e-01 -5.084557e-01 -5.979737e-15
   outer loop
     vertex  1.668076e+02  4.080692e+01 -6.003504e+00
     vertex  1.670037e+02  4.047478e+01 -1.600350e+01
     vertex  1.670037e+02  4.047478e+01 -6.003504e+00
   endloop
 endfacet
 facet normal -7.143851e-01 -6.997528e-01 -5.552422e-15
   outer loop
     vertex  1.665376e+02  4.108247e+01 -6.003504e+00
     vertex  1.665376e+02  4.108247e+01 -1.600350e+01
     vertex  1.668076e+02  4.080692e+01 -1.600350e+01
   endloop
 endfacet
 facet normal -7.143851e-01 -6.997528e-01 -5.055072e-15
   outer loop
     vertex  1.665376e+02  4.108247e+01 -6.003504e+00
     vertex  1.668076e+02  4.080692e+01 -1.600350e+01
     vertex  1.668076e+02  4.080692e+01 -6.003504e+00
   endloop
 endfacet
 facet normal -5.261646e-01 -8.503828e-01 -4.803599e-15
   outer loop
     vertex  1.662096e+02  4.128542e+01 -6.003504e+00
     vertex  1.662096e+02  4.128542e+01 -1.600350e+01
     vertex  1.665376e+02  4.108247e+01 -1.600350e+01
   endloop
 endfacet
 facet normal -3.073653e-01 -9.515916e-01 -3.775609e-15
   outer loop
     vertex  1.662096e+02  4.128542e+01 -6.003504e+00
     vertex  1.658426e+02  4.140398e+01 -1.600350e+01
     vertex  1.662096e+02  4.128542e+01 -1.600350e+01
   endloop
 endfacet
 facet normal -5.261646e-01 -8.503828e-01 -4.803218e-15
   outer loop
     vertex  1.662096e+02  4.128542e+01 -6.003504e+00
     vertex  1.665376e+02  4.108247e+01 -1.600350e+01
     vertex  1.665376e+02  4.108247e+01 -6.003504e+00
   endloop
 endfacet
 facet normal -7.070302e-02 -9.974974e-01 -1.819429e-15
   outer loop
     vertex  1.658426e+02  4.140398e+01 -6.003504e+00
     vertex  1.654578e+02  4.143125e+01 -1.600350e+01
     vertex  1.658426e+02  4.140398e+01 -1.600350e+01
   endloop
 endfacet
 facet normal -3.073653e-01 -9.515916e-01 -3.099462e-15
   outer loop
     vertex  1.658426e+02  4.140398e+01 -6.003504e+00
     vertex  1.658426e+02  4.140398e+01 -1.600350e+01
     vertex  1.662096e+02  4.128542e+01 -6.003504e+00
   endloop
 endfacet
 facet normal -7.070302e-02 -9.974974e-01 -2.528194e-15
   outer loop
     vertex  1.654578e+02  4.143125e+01 -6.003504e+00
     vertex  1.654578e+02  4.143125e+01 -1.600350e+01
     vertex  1.658426e+02  4.140398e+01 -6.003504e+00
   endloop
 endfacet
 facet normal  1.700682e-01 -9.854323e-01 -1.133849e-15
   outer loop
     vertex  1.650777e+02  4.136565e+01 -6.003504e+00
     vertex  1.650777e+02  4.136565e+01 -1.600350e+01
     vertex  1.654578e+02  4.143125e+01 -1.600350e+01
   endloop
 endfacet
 facet normal  1.700682e-01 -9.854323e-01 -1.133344e-15
   outer loop
     vertex  1.650777e+02  4.136565e+01 -6.003504e+00
     vertex  1.654578e+02  4.143125e+01 -1.600350e+01
     vertex  1.654578e+02  4.143125e+01 -6.003504e+00
   endloop
 endfacet
 facet normal -4.009557e-01  9.160974e-01 -9.763305e-16
   outer loop
     vertex  1.576272e+02  5.608714e+01 -6.003504e+00
     vertex  1.570751e+02  5.584549e+01 -1.600350e+01
     vertex  1.570751e+02  5.584549e+01 -6.003504e+00
   endloop
 endfacet
 facet normal -4.009557e-01  9.160974e-01 -3.263904e-16
   outer loop
     vertex  1.576272e+02  5.608714e+01 -6.003504e+00
     vertex  1.576272e+02  5.608714e+01 -1.600350e+01
     vertex  1.570751e+02  5.584549e+01 -1.600350e+01
   endloop
 endfacet
 facet normal -6.085412e-01  7.935223e-01 -4.061071e-15
   outer loop
     vertex  1.581054e+02  5.645390e+01 -6.003504e+00
     vertex  1.581054e+02  5.645390e+01 -1.600350e+01
     vertex  1.576272e+02  5.608714e+01 -1.600350e+01
   endloop
 endfacet
 facet normal -7.807604e-01  6.248306e-01 -5.769226e-15
   outer loop
     vertex  1.581054e+02  5.645390e+01 -6.003504e+00
     vertex  1.584820e+02  5.692445e+01 -1.600350e+01
     vertex  1.581054e+02  5.645390e+01 -1.600350e+01
   endloop
 endfacet
 facet normal -6.085412e-01  7.935223e-01 -1.768448e-15
   outer loop
     vertex  1.581054e+02  5.645390e+01 -6.003504e+00
     vertex  1.576272e+02  5.608714e+01 -1.600350e+01
     vertex  1.576272e+02  5.608714e+01 -6.003504e+00
   endloop
 endfacet
 facet normal -7.807604e-01  6.248306e-01 -3.550171e-15
   outer loop
     vertex  1.584820e+02  5.692445e+01 -6.003504e+00
     vertex  1.584820e+02  5.692445e+01 -1.600350e+01
     vertex  1.581054e+02  5.645390e+01 -6.003504e+00
   endloop
 endfacet
 facet normal -9.076046e-01  4.198259e-01 -3.965918e-15
   outer loop
     vertex  1.587350e+02  5.747145e+01 -6.003504e+00
     vertex  1.587350e+02  5.747145e+01 -1.600350e+01
     vertex  1.584820e+02  5.692445e+01 -1.600350e+01
   endloop
 endfacet
 facet normal -9.076046e-01  4.198259e-01 -4.563885e-15
   outer loop
     vertex  1.587350e+02  5.747145e+01 -6.003504e+00
     vertex  1.584820e+02  5.692445e+01 -1.600350e+01
     vertex  1.584820e+02  5.692445e+01 -6.003504e+00
   endloop
 endfacet
 facet normal -9.817022e-01  1.904225e-01 -2.384255e-15
   outer loop
     vertex  1.588498e+02  5.806311e+01 -6.003504e+00
     vertex  1.588498e+02  5.806311e+01 -1.600350e+01
     vertex  1.587350e+02  5.747145e+01 -1.600350e+01
   endloop
 endfacet
 facet normal -9.987468e-01 -5.004751e-02 -2.945292e-15
   outer loop
     vertex  1.588498e+02  5.806311e+01 -6.003504e+00
     vertex  1.588196e+02  5.866503e+01 -1.600350e+01
     vertex  1.588498e+02  5.806311e+01 -1.600350e+01
   endloop
 endfacet
 facet normal -9.817022e-01  1.904225e-01 -5.038234e-15
   outer loop
     vertex  1.588498e+02  5.806311e+01 -6.003504e+00
     vertex  1.587350e+02  5.747145e+01 -1.600350e+01
     vertex  1.587350e+02  5.747145e+01 -6.003504e+00
   endloop
 endfacet
 facet normal -9.987468e-01 -5.004751e-02 -5.748340e-15
   outer loop
     vertex  1.588196e+02  5.866503e+01 -6.003504e+00
     vertex  1.588196e+02  5.866503e+01 -1.600350e+01
     vertex  1.588498e+02  5.806311e+01 -6.003504e+00
   endloop
 endfacet
 facet normal -9.577479e-01 -2.876090e-01 -5.852884e-15
   outer loop
     vertex  1.586463e+02  5.924225e+01 -6.003504e+00
     vertex  1.586463e+02  5.924225e+01 -1.600350e+01
     vertex  1.588196e+02  5.866503e+01 -1.600350e+01
   endloop
 endfacet
 facet normal -9.577479e-01 -2.876090e-01 -5.851075e-15
   outer loop
     vertex  1.586463e+02  5.924225e+01 -6.003504e+00
     vertex  1.588196e+02  5.866503e+01 -1.600350e+01
     vertex  1.588196e+02  5.866503e+01 -6.003504e+00
   endloop
 endfacet
 facet normal -8.610882e-01 -5.084557e-01 -5.617279e-15
   outer loop
     vertex  1.583399e+02  5.976122e+01 -6.003504e+00
     vertex  1.583399e+02  5.976122e+01 -1.600350e+01
     vertex  1.586463e+02  5.924225e+01 -1.600350e+01
   endloop
 endfacet
 facet normal -8.610882e-01 -5.084557e-01 -5.613901e-15
   outer loop
     vertex  1.583399e+02  5.976122e+01 -6.003504e+00
     vertex  1.586463e+02  5.924225e+01 -1.600350e+01
     vertex  1.586463e+02  5.924225e+01 -6.003504e+00
   endloop
 endfacet
 facet normal -7.143851e-01 -6.997528e-01 -4.558013e-15
   outer loop
     vertex  1.579181e+02  6.019177e+01 -6.003504e+00
     vertex  1.579181e+02  6.019177e+01 -1.600350e+01
     vertex  1.583399e+02  5.976122e+01 -1.600350e+01
   endloop
 endfacet
 facet normal -7.143851e-01 -6.997528e-01 -5.052050e-15
   outer loop
     vertex  1.579181e+02  6.019177e+01 -6.003504e+00
     vertex  1.583399e+02  5.976122e+01 -1.600350e+01
     vertex  1.583399e+02  5.976122e+01 -6.003504e+00
   endloop
 endfacet
 facet normal -5.261646e-01 -8.503828e-01 -4.199366e-15
   outer loop
     vertex  1.574056e+02  6.050888e+01 -6.003504e+00
     vertex  1.574056e+02  6.050888e+01 -1.600350e+01
     vertex  1.579181e+02  6.019177e+01 -1.600350e+01
   endloop
 endfacet
 facet normal -3.073653e-01 -9.515916e-01 -3.099462e-15
   outer loop
     vertex  1.574056e+02  6.050888e+01 -6.003504e+00
     vertex  1.568321e+02  6.069412e+01 -1.600350e+01
     vertex  1.574056e+02  6.050888e+01 -1.600350e+01
   endloop
 endfacet
 facet normal -5.261646e-01 -8.503828e-01 -3.596765e-15
   outer loop
     vertex  1.574056e+02  6.050888e+01 -6.003504e+00
     vertex  1.579181e+02  6.019177e+01 -1.600350e+01
     vertex  1.579181e+02  6.019177e+01 -6.003504e+00
   endloop
 endfacet
 facet normal -7.070302e-02 -9.974974e-01 -2.729144e-15
   outer loop
     vertex  1.568321e+02  6.069412e+01 -6.003504e+00
     vertex  1.562309e+02  6.073673e+01 -1.600350e+01
     vertex  1.568321e+02  6.069412e+01 -1.600350e+01
   endloop
 endfacet
 facet normal -3.073653e-01 -9.515916e-01 -4.649193e-15
   outer loop
     vertex  1.568321e+02  6.069412e+01 -6.003504e+00
     vertex  1.568321e+02  6.069412e+01 -1.600350e+01
     vertex  1.574056e+02  6.050888e+01 -6.003504e+00
   endloop
 endfacet
 facet normal -7.070302e-02 -9.974974e-01 -9.097146e-16
   outer loop
     vertex  1.562309e+02  6.073673e+01 -6.003504e+00
     vertex  1.562309e+02  6.073673e+01 -1.600350e+01
     vertex  1.568321e+02  6.069412e+01 -6.003504e+00
   endloop
 endfacet
 facet normal  1.700682e-01 -9.854323e-01 -4.336575e-16
   outer loop
     vertex  1.556370e+02  6.063423e+01 -6.003504e+00
     vertex  1.556370e+02  6.063423e+01 -1.600350e+01
     vertex  1.562309e+02  6.073673e+01 -1.600350e+01
   endloop
 endfacet
 facet normal  1.700682e-01 -9.854323e-01 -2.164506e-16
   outer loop
     vertex  1.556370e+02  6.063423e+01 -6.003504e+00
     vertex  1.562309e+02  6.073673e+01 -1.600350e+01
     vertex  1.562309e+02  6.073673e+01 -6.003504e+00
   endloop
 endfacet
 facet normal -4.009557e-01  9.160974e-01 -9.758919e-16
   outer loop
     vertex  1.743167e+02  7.840901e+01 -6.003504e+00
     vertex  1.738529e+02  7.820602e+01 -1.600350e+01
     vertex  1.738529e+02  7.820602e+01 -6.003504e+00
   endloop
 endfacet
 facet normal -4.009557e-01  9.160974e-01 -9.773168e-16
   outer loop
     vertex  1.743167e+02  7.840901e+01 -6.003504e+00
     vertex  1.743167e+02  7.840901e+01 -1.600350e+01
     vertex  1.738529e+02  7.820602e+01 -1.600350e+01
   endloop
 endfacet
 facet normal -6.085412e-01  7.935223e-01 -3.459156e-15
   outer loop
     vertex  1.747184e+02  7.871708e+01 -6.003504e+00
     vertex  1.747184e+02  7.871708e+01 -1.600350e+01
     vertex  1.743167e+02  7.840901e+01 -1.600350e+01
   endloop
 endfacet
 facet normal -7.807604e-01  6.248306e-01 -4.438109e-15
   outer loop
     vertex  1.747184e+02  7.871708e+01 -6.003504e+00
     vertex  1.750347e+02  7.911235e+01 -1.600350e+01
     vertex  1.747184e+02  7.871708e+01 -1.600350e+01
   endloop
 endfacet
 facet normal -6.085412e-01  7.935223e-01 -2.332820e-15
   outer loop
     vertex  1.747184e+02  7.871708e+01 -6.003504e+00
     vertex  1.743167e+02  7.840901e+01 -1.600350e+01
     vertex  1.743167e+02  7.840901e+01 -6.003504e+00
   endloop
 endfacet
 facet normal -7.807604e-01  6.248306e-01 -2.662234e-15
   outer loop
     vertex  1.750347e+02  7.911235e+01 -6.003504e+00
     vertex  1.750347e+02  7.911235e+01 -1.600350e+01
     vertex  1.747184e+02  7.871708e+01 -6.003504e+00
   endloop
 endfacet
 facet normal -9.076046e-01  4.198259e-01 -1.386350e-15
   outer loop
     vertex  1.752473e+02  7.957182e+01 -6.003504e+00
     vertex  1.752473e+02  7.957182e+01 -1.600350e+01
     vertex  1.750347e+02  7.911235e+01 -1.600350e+01
   endloop
 endfacet
 facet normal -9.076046e-01  4.198259e-01 -3.966617e-15
   outer loop
     vertex  1.752473e+02  7.957182e+01 -6.003504e+00
     vertex  1.750347e+02  7.911235e+01 -1.600350e+01
     vertex  1.750347e+02  7.911235e+01 -6.003504e+00
   endloop
 endfacet
 facet normal -9.817022e-01  1.904225e-01 -5.309724e-15
   outer loop
     vertex  1.753437e+02  8.006882e+01 -6.003504e+00
     vertex  1.753437e+02  8.006882e+01 -1.600350e+01
     vertex  1.752473e+02  7.957182e+01 -1.600350e+01
   endloop
 endfacet
 facet normal -9.987468e-01 -5.004751e-02 -5.748340e-15
   outer loop
     vertex  1.753437e+02  8.006882e+01 -6.003504e+00
     vertex  1.753183e+02  8.057444e+01 -1.600350e+01
     vertex  1.753437e+02  8.006882e+01 -1.600350e+01
   endloop
 endfacet
 facet normal -9.817022e-01  1.904225e-01 -2.247841e-15
   outer loop
     vertex  1.753437e+02  8.006882e+01 -6.003504e+00
     vertex  1.752473e+02  7.957182e+01 -1.600350e+01
     vertex  1.752473e+02  7.957182e+01 -6.003504e+00
   endloop
 endfacet
 facet normal -9.987468e-01 -5.004751e-02 -8.658071e-15
   outer loop
     vertex  1.753183e+02  8.057444e+01 -6.003504e+00
     vertex  1.753183e+02  8.057444e+01 -1.600350e+01
     vertex  1.753437e+02  8.006882e+01 -6.003504e+00
   endloop
 endfacet
 facet normal -9.577479e-01 -2.876090e-01 -5.852884e-15
   outer loop
     vertex  1.751727e+02  8.105930e+01 -6.003504e+00
     vertex  1.751727e+02  8.105930e+01 -1.600350e+01
     vertex  1.753183e+02  8.057444e+01 -1.600350e+01
   endloop
 endfacet
 facet normal -9.577479e-01 -2.876090e-01 -8.985881e-15
   outer loop
     vertex  1.751727e+02  8.105930e+01 -6.003504e+00
     vertex  1.753183e+02  8.057444e+01 -1.600350e+01
     vertex  1.753183e+02  8.057444e+01 -6.003504e+00
   endloop
 endfacet
 facet normal -8.610882e-01 -5.084557e-01 -5.617279e-15
   outer loop
     vertex  1.749153e+02  8.149523e+01 -6.003504e+00
     vertex  1.749153e+02  8.149523e+01 -1.600350e+01
     vertex  1.751727e+02  8.105930e+01 -1.600350e+01
   endloop
 endfacet
 facet normal -8.610882e-01 -5.084557e-01 -5.616861e-15
   outer loop
     vertex  1.749153e+02  8.149523e+01 -6.003504e+00
     vertex  1.751727e+02  8.105930e+01 -1.600350e+01
     vertex  1.751727e+02  8.105930e+01 -6.003504e+00
   endloop
 endfacet
 facet normal -7.143851e-01 -6.997528e-01 -5.055218e-15
   outer loop
     vertex  1.745611e+02  8.185689e+01 -6.003504e+00
     vertex  1.745611e+02  8.185689e+01 -1.600350e+01
     vertex  1.749153e+02  8.149523e+01 -1.600350e+01
   endloop
 endfacet
 facet normal -7.143851e-01 -6.997528e-01 -5.054901e-15
   outer loop
     vertex  1.745611e+02  8.185689e+01 -6.003504e+00
     vertex  1.749153e+02  8.149523e+01 -1.600350e+01
     vertex  1.749153e+02  8.149523e+01 -6.003504e+00
   endloop
 endfacet
 facet normal -5.261646e-01 -8.503828e-01 -5.407833e-15
   outer loop
     vertex  1.741305e+02  8.212326e+01 -6.003504e+00
     vertex  1.741305e+02  8.212326e+01 -1.600350e+01
     vertex  1.745611e+02  8.185689e+01 -1.600350e+01
   endloop
 endfacet
 facet normal -3.073653e-01 -9.515916e-01 -4.451755e-15
   outer loop
     vertex  1.741305e+02  8.212326e+01 -6.003504e+00
     vertex  1.736488e+02  8.227887e+01 -1.600350e+01
     vertex  1.741305e+02  8.212326e+01 -1.600350e+01
   endloop
 endfacet
 facet normal -5.261646e-01 -8.503828e-01 -4.196884e-15
   outer loop
     vertex  1.741305e+02  8.212326e+01 -6.003504e+00
     vertex  1.745611e+02  8.185689e+01 -1.600350e+01
     vertex  1.745611e+02  8.185689e+01 -6.003504e+00
   endloop
 endfacet
 facet normal -7.070302e-02 -9.974974e-01 -2.221329e-15
   outer loop
     vertex  1.736488e+02  8.227887e+01 -6.003504e+00
     vertex  1.731438e+02  8.231466e+01 -1.600350e+01
     vertex  1.736488e+02  8.227887e+01 -1.600350e+01
   endloop
 endfacet
 facet normal -3.073653e-01 -9.515916e-01 -4.846632e-15
   outer loop
     vertex  1.736488e+02  8.227887e+01 -6.003504e+00
     vertex  1.736488e+02  8.227887e+01 -1.600350e+01
     vertex  1.741305e+02  8.212326e+01 -6.003504e+00
   endloop
 endfacet
 facet normal -7.070302e-02 -9.974974e-01 -3.236958e-15
   outer loop
     vertex  1.731438e+02  8.231466e+01 -6.003504e+00
     vertex  1.731438e+02  8.231466e+01 -1.600350e+01
     vertex  1.736488e+02  8.227887e+01 -6.003504e+00
   endloop
 endfacet
 facet normal  1.700682e-01 -9.854323e-01 -9.170205e-16
   outer loop
     vertex  1.726449e+02  8.222856e+01 -6.003504e+00
     vertex  1.726449e+02  8.222856e+01 -1.600350e+01
     vertex  1.731438e+02  8.231466e+01 -1.600350e+01
   endloop
 endfacet
 facet normal  1.700682e-01 -9.854323e-01 -1.833909e-15
   outer loop
     vertex  1.726449e+02  8.222856e+01 -6.003504e+00
     vertex  1.731438e+02  8.231466e+01 -1.600350e+01
     vertex  1.731438e+02  8.231466e+01 -6.003504e+00
   endloop
 endfacet
 facet normal -2.876090e-01  9.577479e-01 -1.212511e-15
   outer loop
     vertex  7.728143e+01  5.557499e+01  2.996496e+00
     vertex  7.728143e+01  5.557499e+01 -6.003504e+00
     vertex  7.057720e+01  5.356173e+01 -6.003504e+00
   endloop
 endfacet
 facet normal -2.876090e-01  9.577479e-01 -3.101575e-16
   outer loop
     vertex  7.728143e+01  5.557499e+01  2.996496e+00
     vertex  7.057720e+01  5.356173e+01 -6.003504e+00
     vertex  7.057720e+01  5.356173e+01  2.996496e+00
   endloop
 endfacet
 facet normal -2.033703e-01  6.772300e-01 -7.071068e-01
   outer loop
     vertex  7.728143e+01  5.557499e+01  2.996496e+00
     vertex  7.028959e+01  5.451948e+01  3.996496e+00
     vertex  7.699382e+01  5.653274e+01  3.996496e+00
   endloop
 endfacet
 facet normal -2.033703e-01  6.772300e-01 -7.071068e-01
   outer loop
     vertex  7.728143e+01  5.557499e+01  2.996496e+00
     vertex  7.057720e+01  5.356173e+01  2.996496e+00
     vertex  7.028959e+01  5.451948e+01  3.996496e+00
   endloop
 endfacet
 facet normal -2.876090e-01  9.577479e-01 -6.805208e-15
   outer loop
     vertex  7.699382e+01  5.653274e+01  3.996496e+00
     vertex  7.028959e+01  5.451948e+01  4.996496e+00
     vertex  7.699382e+01  5.653274e+01  4.996496e+00
   endloop
 endfacet
 facet normal -2.876090e-01  9.577479e-01 -6.851662e-15
   outer loop
     vertex  7.699382e+01  5.653274e+01  3.996496e+00
     vertex  7.028959e+01  5.451948e+01  3.996496e+00
     vertex  7.028959e+01  5.451948e+01  4.996496e+00
   endloop
 endfacet
 facet normal -2.033703e-01  6.772300e-01  7.071068e-01
   outer loop
     vertex  7.699382e+01  5.653274e+01  4.996496e+00
     vertex  7.057720e+01  5.356173e+01  5.996496e+00
     vertex  7.728143e+01  5.557499e+01  5.996496e+00
   endloop
 endfacet
 facet normal -2.033703e-01  6.772300e-01  7.071068e-01
   outer loop
     vertex  7.699382e+01  5.653274e+01  4.996496e+00
     vertex  7.028959e+01  5.451948e+01  4.996496e+00
     vertex  7.057720e+01  5.356173e+01  5.996496e+00
   endloop
 endfacet
 facet normal -5.577588e-15 -2.602295e-15  1.000000e+00
   outer loop
     vertex  7.728143e+01  5.557499e+01  5.996496e+00
     vertex  7.172763e+01  4.973074e+01  5.996496e+00
     vertex  7.843187e+01  5.174400e+01  5.996496e+00
   endloop
 endfacet
 facet normal -6.319122e-15 -1.897614e-15  1.000000e+00
   outer loop
     vertex  7.728143e+01  5.557499e+01  5.996496e+00
     vertex  7.057720e+01  5.356173e+01  5.996496e+00
     vertex  7.172763e+01  4.973074e+01  5.996496e+00
   endloop
 endfacet
 facet normal  2.876090e-01 -9.577479e-01  9.643080e-16
   outer loop
     vertex  7.172763e+01  4.973074e+01  5.996496e+00
     vertex  7.843187e+01  5.174400e+01 -4.003504e+00
     vertex  7.843187e+01  5.174400e+01  5.996496e+00
   endloop
 endfacet
 facet normal  2.876090e-01 -9.577479e-01  9.543470e-16
   outer loop
     vertex  7.172763e+01  4.973074e+01  5.996496e+00
     vertex  7.172763e+01  4.973074e+01 -4.003504e+00
     vertex  7.843187e+01  5.174400e+01 -4.003504e+00
   endloop
 endfacet
 facet normal  9.577479e-01  2.876090e-01 -1.006602e-14
   outer loop
     vertex  7.728143e+01  5.557499e+01 -6.003504e+00
     vertex  7.843187e+01  5.174400e+01 -4.003504e+00
     vertex  7.900709e+01  4.982851e+01 -6.003504e+00
   endloop
 endfacet
 facet normal  9.577479e-01  2.876090e-01  5.639933e-15
   outer loop
     vertex  7.728143e+01  5.557499e+01  2.996496e+00
     vertex  7.843187e+01  5.174400e+01  5.996496e+00
     vertex  7.843187e+01  5.174400e+01 -4.003504e+00
   endloop
 endfacet
 facet normal  9.577479e-01  2.876090e-01  9.527741e-15
   outer loop
     vertex  7.728143e+01  5.557499e+01  2.996496e+00
     vertex  7.843187e+01  5.174400e+01 -4.003504e+00
     vertex  7.728143e+01  5.557499e+01 -6.003504e+00
   endloop
 endfacet
 facet normal  9.577479e-01  2.876090e-01 -9.073611e-15
   outer loop
     vertex  7.728143e+01  5.557499e+01  5.996496e+00
     vertex  7.843187e+01  5.174400e+01  5.996496e+00
     vertex  7.728143e+01  5.557499e+01  2.996496e+00
   endloop
 endfacet
 facet normal  9.577479e-01  2.876090e-01 -2.043585e-15
   outer loop
     vertex  7.699382e+01  5.653274e+01  4.996496e+00
     vertex  7.728143e+01  5.557499e+01  2.996496e+00
     vertex  7.699382e+01  5.653274e+01  3.996496e+00
   endloop
 endfacet
 facet normal  9.577479e-01  2.876090e-01 -9.066821e-15
   outer loop
     vertex  7.699382e+01  5.653274e+01  4.996496e+00
     vertex  7.728143e+01  5.557499e+01  5.996496e+00
     vertex  7.728143e+01  5.557499e+01  2.996496e+00
   endloop
 endfacet
 facet normal -9.577479e-01 -2.876090e-01  4.884981e-15
   outer loop
     vertex  7.057720e+01  5.356173e+01 -6.003504e+00
     vertex  7.230285e+01  4.781524e+01 -6.003504e+00
     vertex  7.172763e+01  4.973074e+01 -4.003504e+00
   endloop
 endfacet
 facet normal -9.577479e-01 -2.876090e-01 -5.639933e-15
   outer loop
     vertex  7.057720e+01  5.356173e+01  2.996496e+00
     vertex  7.172763e+01  4.973074e+01 -4.003504e+00
     vertex  7.172763e+01  4.973074e+01  5.996496e+00
   endloop
 endfacet
 facet normal -9.577479e-01 -2.876090e-01 -6.503204e-15
   outer loop
     vertex  7.057720e+01  5.356173e+01  2.996496e+00
     vertex  7.057720e+01  5.356173e+01 -6.003504e+00
     vertex  7.172763e+01  4.973074e+01 -4.003504e+00
   endloop
 endfacet
 facet normal -9.577479e-01 -2.876090e-01 -0.000000e+00
   outer loop
     vertex  7.057720e+01  5.356173e+01  5.996496e+00
     vertex  7.028959e+01  5.451948e+01  3.996496e+00
     vertex  7.057720e+01  5.356173e+01  2.996496e+00
   endloop
 endfacet
 facet normal -9.577479e-01 -2.876090e-01 -0.000000e+00
   outer loop
     vertex  7.057720e+01  5.356173e+01  5.996496e+00
     vertex  7.057720e+01  5.356173e+01  2.996496e+00
     vertex  7.172763e+01  4.973074e+01  5.996496e+00
   endloop
 endfacet
 facet normal -9.577479e-01 -2.876090e-01  2.043585e-15
   outer loop
     vertex  7.028959e+01  5.451948e+01  4.996496e+00
     vertex  7.028959e+01  5.451948e+01  3.996496e+00
     vertex  7.057720e+01  5.356173e+01  5.996496e+00
   endloop
 endfacet
 facet normal  2.033703e-01 -6.772300e-01  7.071068e-01
   outer loop
     vertex  7.172763e+01  4.973074e+01 -4.003504e+00
     vertex  7.230285e+01  4.781524e+01 -6.003504e+00
     vertex  7.900709e+01  4.982851e+01 -6.003504e+00
   endloop
 endfacet
 facet normal  2.033703e-01 -6.772300e-01  7.071068e-01
   outer loop
     vertex  7.172763e+01  4.973074e+01 -4.003504e+00
     vertex  7.900709e+01  4.982851e+01 -6.003504e+00
     vertex  7.843187e+01  5.174400e+01 -4.003504e+00
   endloop
 endfacet
 facet normal -2.876090e-01  9.577479e-01 -9.082599e-16
   outer loop
     vertex  1.155914e+02  6.707935e+01  2.996496e+00
     vertex  1.155914e+02  6.707935e+01 -6.003504e+00
     vertex  1.088871e+02  6.506609e+01 -6.003504e+00
   endloop
 endfacet
 facet normal -2.876090e-01  9.577479e-01 -3.101575e-16
   outer loop
     vertex  1.155914e+02  6.707935e+01  2.996496e+00
     vertex  1.088871e+02  6.506609e+01 -6.003504e+00
     vertex  1.088871e+02  6.506609e+01  2.996496e+00
   endloop
 endfacet
 facet normal -2.033703e-01  6.772300e-01 -7.071068e-01
   outer loop
     vertex  1.155914e+02  6.707935e+01  2.996496e+00
     vertex  1.085995e+02  6.602384e+01  3.996496e+00
     vertex  1.153037e+02  6.803710e+01  3.996496e+00
   endloop
 endfacet
 facet normal -2.033703e-01  6.772300e-01 -7.071068e-01
   outer loop
     vertex  1.155914e+02  6.707935e+01  2.996496e+00
     vertex  1.088871e+02  6.506609e+01  2.996496e+00
     vertex  1.085995e+02  6.602384e+01  3.996496e+00
   endloop
 endfacet
 facet normal -2.876090e-01  9.577479e-01 -1.226151e-14
   outer loop
     vertex  1.153037e+02  6.803710e+01  3.996496e+00
     vertex  1.085995e+02  6.602384e+01  4.996496e+00
     vertex  1.153037e+02  6.803710e+01  4.996496e+00
   endloop
 endfacet
 facet normal -2.876090e-01  9.577479e-01 -8.374254e-15
   outer loop
     vertex  1.153037e+02  6.803710e+01  3.996496e+00
     vertex  1.085995e+02  6.602384e+01  3.996496e+00
     vertex  1.085995e+02  6.602384e+01  4.996496e+00
   endloop
 endfacet
 facet normal -2.033703e-01  6.772300e-01  7.071068e-01
   outer loop
     vertex  1.153037e+02  6.803710e+01  4.996496e+00
     vertex  1.088871e+02  6.506609e+01  5.996496e+00
     vertex  1.155914e+02  6.707935e+01  5.996496e+00
   endloop
 endfacet
 facet normal -2.033703e-01  6.772300e-01  7.071068e-01
   outer loop
     vertex  1.153037e+02  6.803710e+01  4.996496e+00
     vertex  1.085995e+02  6.602384e+01  4.996496e+00
     vertex  1.088871e+02  6.506609e+01  5.996496e+00
   endloop
 endfacet
 facet normal -5.346949e-15 -1.605674e-15  1.000000e+00
   outer loop
     vertex  1.155914e+02  6.707935e+01  5.996496e+00
     vertex  1.100376e+02  6.123510e+01  5.996496e+00
     vertex  1.167418e+02  6.324836e+01  5.996496e+00
   endloop
 endfacet
 facet normal -5.346949e-15 -1.605674e-15  1.000000e+00
   outer loop
     vertex  1.155914e+02  6.707935e+01  5.996496e+00
     vertex  1.088871e+02  6.506609e+01  5.996496e+00
     vertex  1.100376e+02  6.123510e+01  5.996496e+00
   endloop
 endfacet
 facet normal  2.876090e-01 -9.577479e-01  2.791418e-16
   outer loop
     vertex  1.100376e+02  6.123510e+01  5.996496e+00
     vertex  1.167418e+02  6.324836e+01 -4.003504e+00
     vertex  1.167418e+02  6.324836e+01  5.996496e+00
   endloop
 endfacet
 facet normal  2.876090e-01 -9.577479e-01  2.738262e-16
   outer loop
     vertex  1.100376e+02  6.123510e+01  5.996496e+00
     vertex  1.100376e+02  6.123510e+01 -4.003504e+00
     vertex  1.167418e+02  6.324836e+01 -4.003504e+00
   endloop
 endfacet
 facet normal  9.577479e-01  2.876090e-01  2.449892e-14
   outer loop
     vertex  1.155914e+02  6.707935e+01 -6.003504e+00
     vertex  1.167418e+02  6.324836e+01 -4.003504e+00
     vertex  1.173170e+02  6.133287e+01 -6.003504e+00
   endloop
 endfacet
 facet normal  9.577479e-01  2.876090e-01  5.861978e-15
   outer loop
     vertex  1.155914e+02  6.707935e+01  2.996496e+00
     vertex  1.167418e+02  6.324836e+01  5.996496e+00
     vertex  1.167418e+02  6.324836e+01 -4.003504e+00
   endloop
 endfacet
 facet normal  9.577479e-01  2.876090e-01  3.024537e-15
   outer loop
     vertex  1.155914e+02  6.707935e+01  2.996496e+00
     vertex  1.167418e+02  6.324836e+01 -4.003504e+00
     vertex  1.155914e+02  6.707935e+01 -6.003504e+00
   endloop
 endfacet
 facet normal  9.577479e-01  2.876090e-01  2.722083e-14
   outer loop
     vertex  1.155914e+02  6.707935e+01  5.996496e+00
     vertex  1.155914e+02  6.707935e+01  2.996496e+00
     vertex  1.153037e+02  6.803710e+01  3.996496e+00
   endloop
 endfacet
 facet normal  9.577479e-01  2.876090e-01  2.722083e-14
   outer loop
     vertex  1.155914e+02  6.707935e+01  5.996496e+00
     vertex  1.167418e+02  6.324836e+01  5.996496e+00
     vertex  1.155914e+02  6.707935e+01  2.996496e+00
   endloop
 endfacet
 facet normal  9.577479e-01  2.876090e-01  4.083125e-14
   outer loop
     vertex  1.153037e+02  6.803710e+01  4.996496e+00
     vertex  1.155914e+02  6.707935e+01  5.996496e+00
     vertex  1.153037e+02  6.803710e+01  3.996496e+00
   endloop
 endfacet
 facet normal -9.577479e-01 -2.876090e-01 -1.339669e-14
   outer loop
     vertex  1.088871e+02  6.506609e+01 -6.003504e+00
     vertex  1.106128e+02  5.931960e+01 -6.003504e+00
     vertex  1.100376e+02  6.123510e+01 -4.003504e+00
   endloop
 endfacet
 facet normal -9.577479e-01 -2.876090e-01 -5.861978e-15
   outer loop
     vertex  1.088871e+02  6.506609e+01  2.996496e+00
     vertex  1.100376e+02  6.123510e+01 -4.003504e+00
     vertex  1.100376e+02  6.123510e+01  5.996496e+00
   endloop
 endfacet
 facet normal -9.577479e-01 -2.876090e-01 -6.503204e-15
   outer loop
     vertex  1.088871e+02  6.506609e+01  2.996496e+00
     vertex  1.088871e+02  6.506609e+01 -6.003504e+00
     vertex  1.100376e+02  6.123510e+01 -4.003504e+00
   endloop
 endfacet
 facet normal -9.577479e-01 -2.876090e-01 -2.268403e-14
   outer loop
     vertex  1.088871e+02  6.506609e+01  5.996496e+00
     vertex  1.085995e+02  6.602384e+01  3.996496e+00
     vertex  1.088871e+02  6.506609e+01  2.996496e+00
   endloop
 endfacet
 facet normal -9.577479e-01 -2.876090e-01 -2.268403e-14
   outer loop
     vertex  1.088871e+02  6.506609e+01  5.996496e+00
     vertex  1.088871e+02  6.506609e+01  2.996496e+00
     vertex  1.100376e+02  6.123510e+01  5.996496e+00
   endloop
 endfacet
 facet normal -9.577479e-01 -2.876090e-01 -2.722083e-14
   outer loop
     vertex  1.085995e+02  6.602384e+01  4.996496e+00
     vertex  1.085995e+02  6.602384e+01  3.996496e+00
     vertex  1.088871e+02  6.506609e+01  5.996496e+00
   endloop
 endfacet
 facet normal -2.876090e-01  9.577479e-01 -3.042513e-16
   outer loop
     vertex  1.539013e+02  7.858371e+01  2.996496e+00
     vertex  1.539013e+02  7.858371e+01 -6.003504e+00
     vertex  1.471970e+02  7.657045e+01 -6.003504e+00
   endloop
 endfacet
 facet normal -2.876090e-01  9.577479e-01 -1.804553e-15
   outer loop
     vertex  1.539013e+02  7.858371e+01  2.996496e+00
     vertex  1.471970e+02  7.657045e+01 -6.003504e+00
     vertex  1.471970e+02  7.657045e+01  2.996496e+00
   endloop
 endfacet
 facet normal -2.033703e-01  6.772300e-01 -7.071068e-01
   outer loop
     vertex  1.539013e+02  7.858371e+01  2.996496e+00
     vertex  1.469094e+02  7.752820e+01  3.996496e+00
     vertex  1.536137e+02  7.954146e+01  3.996496e+00
   endloop
 endfacet
 facet normal -2.033703e-01  6.772300e-01 -7.071068e-01
   outer loop
     vertex  1.539013e+02  7.858371e+01  2.996496e+00
     vertex  1.471970e+02  7.657045e+01  2.996496e+00
     vertex  1.469094e+02  7.752820e+01  3.996496e+00
   endloop
 endfacet
 facet normal -2.876090e-01  9.577479e-01 -1.634868e-14
   outer loop
     vertex  1.536137e+02  7.954146e+01  3.996496e+00
     vertex  1.469094e+02  7.752820e+01  4.996496e+00
     vertex  1.536137e+02  7.954146e+01  4.996496e+00
   endloop
 endfacet
 facet normal -2.876090e-01  9.577479e-01 -2.740665e-14
   outer loop
     vertex  1.536137e+02  7.954146e+01  3.996496e+00
     vertex  1.469094e+02  7.752820e+01  3.996496e+00
     vertex  1.469094e+02  7.752820e+01  4.996496e+00
   endloop
 endfacet
 facet normal -2.033703e-01  6.772300e-01  7.071068e-01
   outer loop
     vertex  1.536137e+02  7.954146e+01  4.996496e+00
     vertex  1.471970e+02  7.657045e+01  5.996496e+00
     vertex  1.539013e+02  7.858371e+01  5.996496e+00
   endloop
 endfacet
 facet normal -2.033703e-01  6.772300e-01  7.071068e-01
   outer loop
     vertex  1.536137e+02  7.954146e+01  4.996496e+00
     vertex  1.469094e+02  7.752820e+01  4.996496e+00
     vertex  1.471970e+02  7.657045e+01  5.996496e+00
   endloop
 endfacet
 facet normal -5.346949e-15 -1.605674e-15  1.000000e+00
   outer loop
     vertex  1.539013e+02  7.858371e+01  5.996496e+00
     vertex  1.483475e+02  7.273946e+01  5.996496e+00
     vertex  1.550517e+02  7.475272e+01  5.996496e+00
   endloop
 endfacet
 facet normal -4.605415e-15 -2.310354e-15  1.000000e+00
   outer loop
     vertex  1.539013e+02  7.858371e+01  5.996496e+00
     vertex  1.471970e+02  7.657045e+01  5.996496e+00
     vertex  1.483475e+02  7.273946e+01  5.996496e+00
   endloop
 endfacet
 facet normal  2.876090e-01 -9.577479e-01  1.116567e-15
   outer loop
     vertex  1.483475e+02  7.273946e+01  5.996496e+00
     vertex  1.550517e+02  7.475272e+01 -4.003504e+00
     vertex  1.550517e+02  7.475272e+01  5.996496e+00
   endloop
 endfacet
 facet normal  2.876090e-01 -9.577479e-01  1.634868e-15
   outer loop
     vertex  1.483475e+02  7.273946e+01  5.996496e+00
     vertex  1.483475e+02  7.273946e+01 -4.003504e+00
     vertex  1.550517e+02  7.475272e+01 -4.003504e+00
   endloop
 endfacet
 facet normal  9.577479e-01  2.876090e-01  9.769963e-15
   outer loop
     vertex  1.539013e+02  7.858371e+01 -6.003504e+00
     vertex  1.550517e+02  7.475272e+01 -4.003504e+00
     vertex  1.556269e+02  7.283723e+01 -6.003504e+00
   endloop
 endfacet
 facet normal  9.577479e-01  2.876090e-01  8.593126e-15
   outer loop
     vertex  1.539013e+02  7.858371e+01  2.996496e+00
     vertex  1.550517e+02  7.475272e+01  5.996496e+00
     vertex  1.550517e+02  7.475272e+01 -4.003504e+00
   endloop
 endfacet
 facet normal  9.577479e-01  2.876090e-01  6.503204e-15
   outer loop
     vertex  1.539013e+02  7.858371e+01  2.996496e+00
     vertex  1.550517e+02  7.475272e+01 -4.003504e+00
     vertex  1.539013e+02  7.858371e+01 -6.003504e+00
   endloop
 endfacet
 facet normal  9.577479e-01  2.876090e-01  1.043600e-14
   outer loop
     vertex  1.539013e+02  7.858371e+01  5.996496e+00
     vertex  1.539013e+02  7.858371e+01  2.996496e+00
     vertex  1.536137e+02  7.954146e+01  3.996496e+00
   endloop
 endfacet
 facet normal  9.577479e-01  2.876090e-01  1.043600e-14
   outer loop
     vertex  1.539013e+02  7.858371e+01  5.996496e+00
     vertex  1.550517e+02  7.475272e+01  5.996496e+00
     vertex  1.539013e+02  7.858371e+01  2.996496e+00
   endloop
 endfacet
 facet normal  9.577479e-01  2.876090e-01  5.444167e-14
   outer loop
     vertex  1.536137e+02  7.954146e+01  4.996496e+00
     vertex  1.539013e+02  7.858371e+01  5.996496e+00
     vertex  1.536137e+02  7.954146e+01  3.996496e+00
   endloop
 endfacet
 facet normal -9.577479e-01 -2.876090e-01  7.401487e-16
   outer loop
     vertex  1.471970e+02  7.657045e+01 -6.003504e+00
     vertex  1.489227e+02  7.082396e+01 -6.003504e+00
     vertex  1.483475e+02  7.273946e+01 -4.003504e+00
   endloop
 endfacet
 facet normal -9.577479e-01 -2.876090e-01 -5.440093e-15
   outer loop
     vertex  1.471970e+02  7.657045e+01  2.996496e+00
     vertex  1.483475e+02  7.273946e+01 -4.003504e+00
     vertex  1.483475e+02  7.273946e+01  5.996496e+00
   endloop
 endfacet
 facet normal -9.577479e-01 -2.876090e-01 -6.049074e-15
   outer loop
     vertex  1.471970e+02  7.657045e+01  2.996496e+00
     vertex  1.471970e+02  7.657045e+01 -6.003504e+00
     vertex  1.483475e+02  7.273946e+01 -4.003504e+00
   endloop
 endfacet
 facet normal -9.577479e-01 -2.876090e-01 -1.950961e-14
   outer loop
     vertex  1.471970e+02  7.657045e+01  5.996496e+00
     vertex  1.469094e+02  7.752820e+01  3.996496e+00
     vertex  1.471970e+02  7.657045e+01  2.996496e+00
   endloop
 endfacet
 facet normal -9.577479e-01 -2.876090e-01 -1.950961e-14
   outer loop
     vertex  1.471970e+02  7.657045e+01  5.996496e+00
     vertex  1.471970e+02  7.657045e+01  2.996496e+00
     vertex  1.483475e+02  7.273946e+01  5.996496e+00
   endloop
 endfacet
 facet normal -9.577479e-01 -2.876090e-01  8.174339e-15
   outer loop
     vertex  1.469094e+02  7.752820e+01  4.996496e+00
     vertex  1.469094e+02  7.752820e+01  3.996496e+00
     vertex  1.471970e+02  7.657045e+01  5.996496e+00
   endloop
 endfacet
 facet normal  2.033703e-01 -6.772300e-01  7.071068e-01
   outer loop
     vertex  1.100376e+02  6.123510e+01 -4.003504e+00
     vertex  1.106128e+02  5.931960e+01 -6.003504e+00
     vertex  1.173170e+02  6.133287e+01 -6.003504e+00
   endloop
 endfacet
 facet normal  2.033703e-01 -6.772300e-01  7.071068e-01
   outer loop
     vertex  1.100376e+02  6.123510e+01 -4.003504e+00
     vertex  1.173170e+02  6.133287e+01 -6.003504e+00
     vertex  1.167418e+02  6.324836e+01 -4.003504e+00
   endloop
 endfacet
 facet normal  2.033703e-01 -6.772300e-01  7.071068e-01
   outer loop
     vertex  1.483475e+02  7.273946e+01 -4.003504e+00
     vertex  1.489227e+02  7.082396e+01 -6.003504e+00
     vertex  1.556269e+02  7.283723e+01 -6.003504e+00
   endloop
 endfacet
 facet normal  2.033703e-01 -6.772300e-01  7.071068e-01
   outer loop
     vertex  1.483475e+02  7.273946e+01 -4.003504e+00
     vertex  1.556269e+02  7.283723e+01 -6.003504e+00
     vertex  1.550517e+02  7.475272e+01 -4.003504e+00
   endloop
 endfacet
 facet normal  2.876090e-01 -9.577479e-01  0.000000e+00
   outer loop
     vertex  7.214182e+01  5.878231e+01  2.034650e+01
     vertex  8.363480e+01  6.223362e+01  1.914650e+01
     vertex  8.363480e+01  6.223362e+01  2.034650e+01
   endloop
 endfacet
 facet normal  2.876090e-01 -9.577479e-01  0.000000e+00
   outer loop
     vertex  7.214182e+01  5.878231e+01  2.034650e+01
     vertex  7.214182e+01  5.878231e+01  1.914650e+01
     vertex  8.363480e+01  6.223362e+01  1.914650e+01
   endloop
 endfacet
 facet normal  2.033703e-01 -6.772300e-01 -7.071068e-01
   outer loop
     vertex  8.379298e+01  6.170686e+01  2.089650e+01
     vertex  7.214182e+01  5.878231e+01  2.034650e+01
     vertex  8.363480e+01  6.223362e+01  2.034650e+01
   endloop
 endfacet
 facet normal  2.033703e-01 -6.772300e-01 -7.071068e-01
   outer loop
     vertex  8.379298e+01  6.170686e+01  2.089650e+01
     vertex  7.230001e+01  5.825555e+01  2.089650e+01
     vertex  7.214182e+01  5.878231e+01  2.034650e+01
   endloop
 endfacet
 facet normal  2.033703e-01 -6.772300e-01  7.071068e-01
   outer loop
     vertex  8.363480e+01  6.223362e+01  1.914650e+01
     vertex  7.230001e+01  5.825555e+01  1.859650e+01
     vertex  8.379298e+01  6.170686e+01  1.859650e+01
   endloop
 endfacet
 facet normal  2.033703e-01 -6.772300e-01  7.071068e-01
   outer loop
     vertex  8.363480e+01  6.223362e+01  1.914650e+01
     vertex  7.214182e+01  5.878231e+01  1.914650e+01
     vertex  7.230001e+01  5.825555e+01  1.859650e+01
   endloop
 endfacet
 facet normal -9.577479e-01 -2.876090e-01  0.000000e+00
   outer loop
     vertex  8.379298e+01  6.170686e+01  2.089650e+01
     vertex  8.363480e+01  6.223362e+01  2.034650e+01
     vertex  8.363480e+01  6.223362e+01  1.914650e+01
   endloop
 endfacet
 facet normal -9.577479e-01 -2.876090e-01 -1.183514e-14
   outer loop
     vertex  8.379298e+01  6.170686e+01  2.089650e+01
     vertex  8.363480e+01  6.223362e+01  1.914650e+01
     vertex  8.379298e+01  6.170686e+01  1.859650e+01
   endloop
 endfacet
 facet normal  9.577479e-01  2.876090e-01  0.000000e+00
   outer loop
     vertex  7.230001e+01  5.825555e+01  2.089650e+01
     vertex  7.230001e+01  5.825555e+01  1.859650e+01
     vertex  7.214182e+01  5.878231e+01  1.914650e+01
   endloop
 endfacet
 facet normal  9.577479e-01  2.876090e-01  0.000000e+00
   outer loop
     vertex  7.230001e+01  5.825555e+01  2.089650e+01
     vertex  7.214182e+01  5.878231e+01  1.914650e+01
     vertex  7.214182e+01  5.878231e+01  2.034650e+01
   endloop
 endfacet
 facet normal  2.876090e-01 -9.577479e-01  0.000000e+00
   outer loop
     vertex  1.947336e+02  9.559626e+01  2.034650e+01
     vertex  2.062265e+02  9.904757e+01  1.914650e+01
     vertex  2.062265e+02  9.904757e+01  2.034650e+01
   endloop
 endfacet
 facet normal  2.876090e-01 -9.577479e-01  6.811949e-15
   outer loop
     vertex  1.947336e+02  9.559626e+01  2.034650e+01
     vertex  1.947336e+02  9.559626e+01  1.914650e+01
     vertex  2.062265e+02  9.904757e+01  1.914650e+01
   endloop
 endfacet
 facet normal  2.033703e-01 -6.772300e-01 -7.071068e-01
   outer loop
     vertex  2.063847e+02  9.852081e+01  2.089650e+01
     vertex  1.947336e+02  9.559626e+01  2.034650e+01
     vertex  2.062265e+02  9.904757e+01  2.034650e+01
   endloop
 endfacet
 facet normal  2.033703e-01 -6.772300e-01 -7.071068e-01
   outer loop
     vertex  2.063847e+02  9.852081e+01  2.089650e+01
     vertex  1.948917e+02  9.506950e+01  2.089650e+01
     vertex  1.947336e+02  9.559626e+01  2.034650e+01
   endloop
 endfacet
 facet normal  2.033703e-01 -6.772300e-01  7.071068e-01
   outer loop
     vertex  2.062265e+02  9.904757e+01  1.914650e+01
     vertex  1.948917e+02  9.506950e+01  1.859650e+01
     vertex  2.063847e+02  9.852081e+01  1.859650e+01
   endloop
 endfacet
 facet normal  2.033703e-01 -6.772300e-01  7.071068e-01
   outer loop
     vertex  2.062265e+02  9.904757e+01  1.914650e+01
     vertex  1.947336e+02  9.559626e+01  1.914650e+01
     vertex  1.948917e+02  9.506950e+01  1.859650e+01
   endloop
 endfacet
 facet normal -9.577479e-01 -2.876090e-01  0.000000e+00
   outer loop
     vertex  2.063847e+02  9.852081e+01  2.089650e+01
     vertex  2.062265e+02  9.904757e+01  2.034650e+01
     vertex  2.062265e+02  9.904757e+01  1.914650e+01
   endloop
 endfacet
 facet normal -9.577479e-01 -2.876090e-01 -1.183514e-14
   outer loop
     vertex  2.063847e+02  9.852081e+01  2.089650e+01
     vertex  2.062265e+02  9.904757e+01  1.914650e+01
     vertex  2.063847e+02  9.852081e+01  1.859650e+01
   endloop
 endfacet
 facet normal  9.577479e-01  2.876090e-01  1.183514e-14
   outer loop
     vertex  1.948917e+02  9.506950e+01  2.089650e+01
     vertex  1.948917e+02  9.506950e+01  1.859650e+01
     vertex  1.947336e+02  9.559626e+01  1.914650e+01
   endloop
 endfacet
 facet normal  9.577479e-01  2.876090e-01  2.268808e-14
   outer loop
     vertex  1.948917e+02  9.506950e+01  2.089650e+01
     vertex  1.947336e+02  9.559626e+01  1.914650e+01
     vertex  1.947336e+02  9.559626e+01  2.034650e+01
   endloop
 endfacet
 facet normal  2.876090e-01 -9.577479e-01  0.000000e+00
   outer loop
     vertex  1.334377e+02  7.718929e+01  2.034650e+01
     vertex  1.449307e+02  8.064059e+01  1.914650e+01
     vertex  1.449307e+02  8.064059e+01  2.034650e+01
   endloop
 endfacet
 facet normal  2.876090e-01 -9.577479e-01  0.000000e+00
   outer loop
     vertex  1.334377e+02  7.718929e+01  2.034650e+01
     vertex  1.334377e+02  7.718929e+01  1.914650e+01
     vertex  1.449307e+02  8.064059e+01  1.914650e+01
   endloop
 endfacet
 facet normal  2.033703e-01 -6.772300e-01 -7.071068e-01
   outer loop
     vertex  1.450888e+02  8.011383e+01  2.089650e+01
     vertex  1.334377e+02  7.718929e+01  2.034650e+01
     vertex  1.449307e+02  8.064059e+01  2.034650e+01
   endloop
 endfacet
 facet normal  2.033703e-01 -6.772300e-01 -7.071068e-01
   outer loop
     vertex  1.450888e+02  8.011383e+01  2.089650e+01
     vertex  1.335959e+02  7.666252e+01  2.089650e+01
     vertex  1.334377e+02  7.718929e+01  2.034650e+01
   endloop
 endfacet
 facet normal  2.033703e-01 -6.772300e-01  7.071068e-01
   outer loop
     vertex  1.449307e+02  8.064059e+01  1.914650e+01
     vertex  1.335959e+02  7.666252e+01  1.859650e+01
     vertex  1.450888e+02  8.011383e+01  1.859650e+01
   endloop
 endfacet
 facet normal  2.033703e-01 -6.772300e-01  7.071068e-01
   outer loop
     vertex  1.449307e+02  8.064059e+01  1.914650e+01
     vertex  1.334377e+02  7.718929e+01  1.914650e+01
     vertex  1.335959e+02  7.666252e+01  1.859650e+01
   endloop
 endfacet
 facet normal -9.577479e-01 -2.876090e-01  0.000000e+00
   outer loop
     vertex  1.450888e+02  8.011383e+01  2.089650e+01
     vertex  1.449307e+02  8.064059e+01  2.034650e+01
     vertex  1.449307e+02  8.064059e+01  1.914650e+01
   endloop
 endfacet
 facet normal -9.577479e-01 -2.876090e-01 -1.005811e-14
   outer loop
     vertex  1.450888e+02  8.011383e+01  2.089650e+01
     vertex  1.449307e+02  8.064059e+01  1.914650e+01
     vertex  1.450888e+02  8.011383e+01  1.859650e+01
   endloop
 endfacet
 facet normal  9.577479e-01  2.876090e-01  0.000000e+00
   outer loop
     vertex  1.335959e+02  7.666252e+01  2.089650e+01
     vertex  1.335959e+02  7.666252e+01  1.859650e+01
     vertex  1.334377e+02  7.718929e+01  1.914650e+01
   endloop
 endfacet
 facet normal  9.577479e-01  2.876090e-01  0.000000e+00
   outer loop
     vertex  1.335959e+02  7.666252e+01  2.089650e+01
     vertex  1.334377e+02  7.718929e+01  1.914650e+01
     vertex  1.334377e+02  7.718929e+01  2.034650e+01
   endloop
 endfacet
 facet normal -2.876090e-01  9.577479e-01  0.000000e+00
   outer loop
     vertex  9.259082e+01 -9.313566e+00  2.034650e+01
     vertex  1.040838e+02 -5.862258e+00  2.034650e+01
     vertex  1.040838e+02 -5.862258e+00  1.914650e+01
   endloop
 endfacet
 facet normal -2.876090e-01  9.577479e-01  0.000000e+00
   outer loop
     vertex  9.259082e+01 -9.313566e+00  2.034650e+01
     vertex  1.040838e+02 -5.862258e+00  1.914650e+01
     vertex  9.259082e+01 -9.313566e+00  1.914650e+01
   endloop
 endfacet
 facet normal -2.033703e-01  6.772300e-01  7.071068e-01
   outer loop
     vertex  1.040838e+02 -5.862258e+00  1.914650e+01
     vertex  9.243264e+01 -8.786804e+00  1.859650e+01
     vertex  9.259082e+01 -9.313566e+00  1.914650e+01
   endloop
 endfacet
 facet normal -2.033703e-01  6.772300e-01  7.071068e-01
   outer loop
     vertex  1.040838e+02 -5.862258e+00  1.914650e+01
     vertex  1.039256e+02 -5.335497e+00  1.859650e+01
     vertex  9.243264e+01 -8.786804e+00  1.859650e+01
   endloop
 endfacet
 facet normal -2.033703e-01  6.772300e-01 -7.071068e-01
   outer loop
     vertex  1.039256e+02 -5.335497e+00  2.089650e+01
     vertex  9.259082e+01 -9.313566e+00  2.034650e+01
     vertex  9.243264e+01 -8.786804e+00  2.089650e+01
   endloop
 endfacet
 facet normal -2.033703e-01  6.772300e-01 -7.071068e-01
   outer loop
     vertex  1.039256e+02 -5.335497e+00  2.089650e+01
     vertex  1.040838e+02 -5.862258e+00  2.034650e+01
     vertex  9.259082e+01 -9.313566e+00  2.034650e+01
   endloop
 endfacet
 facet normal -9.577479e-01 -2.876090e-01  0.000000e+00
   outer loop
     vertex  1.040838e+02 -5.862258e+00  1.914650e+01
     vertex  1.040838e+02 -5.862258e+00  2.034650e+01
     vertex  1.039256e+02 -5.335497e+00  2.089650e+01
   endloop
 endfacet
 facet normal -9.577479e-01 -2.876090e-01 -4.140542e-15
   outer loop
     vertex  1.039256e+02 -5.335497e+00  1.859650e+01
     vertex  1.040838e+02 -5.862258e+00  1.914650e+01
     vertex  1.039256e+02 -5.335497e+00  2.089650e+01
   endloop
 endfacet
 facet normal  9.577479e-01  2.876090e-01 -0.000000e+00
   outer loop
     vertex  9.259082e+01 -9.313566e+00  1.914650e+01
     vertex  9.243264e+01 -8.786804e+00  2.089650e+01
     vertex  9.259082e+01 -9.313566e+00  2.034650e+01
   endloop
 endfacet
 facet normal  9.577479e-01  2.876090e-01 -0.000000e+00
   outer loop
     vertex  9.243264e+01 -8.786804e+00  1.859650e+01
     vertex  9.243264e+01 -8.786804e+00  2.089650e+01
     vertex  9.259082e+01 -9.313566e+00  1.914650e+01
   endloop
 endfacet
 facet normal -2.876090e-01  9.577479e-01 -6.414622e-15
   outer loop
     vertex  2.151826e+02  2.750038e+01  2.034650e+01
     vertex  2.266755e+02  3.095169e+01  2.034650e+01
     vertex  2.266755e+02  3.095169e+01  1.914650e+01
   endloop
 endfacet
 facet normal -2.876090e-01  9.577479e-01  0.000000e+00
   outer loop
     vertex  2.151826e+02  2.750038e+01  2.034650e+01
     vertex  2.266755e+02  3.095169e+01  1.914650e+01
     vertex  2.151826e+02  2.750038e+01  1.914650e+01
   endloop
 endfacet
 facet normal -2.033703e-01  6.772300e-01  7.071068e-01
   outer loop
     vertex  2.266755e+02  3.095169e+01  1.914650e+01
     vertex  2.150244e+02  2.802715e+01  1.859650e+01
     vertex  2.151826e+02  2.750038e+01  1.914650e+01
   endloop
 endfacet
 facet normal -2.033703e-01  6.772300e-01  7.071068e-01
   outer loop
     vertex  2.266755e+02  3.095169e+01  1.914650e+01
     vertex  2.265173e+02  3.147845e+01  1.859650e+01
     vertex  2.150244e+02  2.802715e+01  1.859650e+01
   endloop
 endfacet
 facet normal -2.033703e-01  6.772300e-01 -7.071068e-01
   outer loop
     vertex  2.265173e+02  3.147845e+01  2.089650e+01
     vertex  2.151826e+02  2.750038e+01  2.034650e+01
     vertex  2.150244e+02  2.802715e+01  2.089650e+01
   endloop
 endfacet
 facet normal -2.033703e-01  6.772300e-01 -7.071068e-01
   outer loop
     vertex  2.265173e+02  3.147845e+01  2.089650e+01
     vertex  2.266755e+02  3.095169e+01  2.034650e+01
     vertex  2.151826e+02  2.750038e+01  2.034650e+01
   endloop
 endfacet
 facet normal -9.577479e-01 -2.876090e-01 -2.268403e-14
   outer loop
     vertex  2.266755e+02  3.095169e+01  1.914650e+01
     vertex  2.266755e+02  3.095169e+01  2.034650e+01
     vertex  2.265173e+02  3.147845e+01  2.089650e+01
   endloop
 endfacet
 facet normal -9.577479e-01 -2.876090e-01 -1.183514e-14
   outer loop
     vertex  2.265173e+02  3.147845e+01  1.859650e+01
     vertex  2.266755e+02  3.095169e+01  1.914650e+01
     vertex  2.265173e+02  3.147845e+01  2.089650e+01
   endloop
 endfacet
 facet normal  9.577479e-01  2.876090e-01 -0.000000e+00
   outer loop
     vertex  2.151826e+02  2.750038e+01  1.914650e+01
     vertex  2.150244e+02  2.802715e+01  2.089650e+01
     vertex  2.151826e+02  2.750038e+01  2.034650e+01
   endloop
 endfacet
 facet normal  9.577479e-01  2.876090e-01  1.777030e-15
   outer loop
     vertex  2.150244e+02  2.802715e+01  1.859650e+01
     vertex  2.150244e+02  2.802715e+01  2.089650e+01
     vertex  2.151826e+02  2.750038e+01  1.914650e+01
   endloop
 endfacet
 facet normal -2.876090e-01  9.577479e-01  0.000000e+00
   outer loop
     vertex  1.538867e+02  9.093409e+00  2.034650e+01
     vertex  1.653797e+02  1.254472e+01  2.034650e+01
     vertex  1.653797e+02  1.254472e+01  1.914650e+01
   endloop
 endfacet
 facet normal -2.876090e-01  9.577479e-01  0.000000e+00
   outer loop
     vertex  1.538867e+02  9.093409e+00  2.034650e+01
     vertex  1.653797e+02  1.254472e+01  1.914650e+01
     vertex  1.538867e+02  9.093409e+00  1.914650e+01
   endloop
 endfacet
 facet normal -2.033703e-01  6.772300e-01  7.071068e-01
   outer loop
     vertex  1.653797e+02  1.254472e+01  1.914650e+01
     vertex  1.537285e+02  9.620171e+00  1.859650e+01
     vertex  1.538867e+02  9.093409e+00  1.914650e+01
   endloop
 endfacet
 facet normal -2.033703e-01  6.772300e-01  7.071068e-01
   outer loop
     vertex  1.653797e+02  1.254472e+01  1.914650e+01
     vertex  1.652215e+02  1.307148e+01  1.859650e+01
     vertex  1.537285e+02  9.620171e+00  1.859650e+01
   endloop
 endfacet
 facet normal -2.033703e-01  6.772300e-01 -7.071068e-01
   outer loop
     vertex  1.652215e+02  1.307148e+01  2.089650e+01
     vertex  1.538867e+02  9.093409e+00  2.034650e+01
     vertex  1.537285e+02  9.620171e+00  2.089650e+01
   endloop
 endfacet
 facet normal -2.033703e-01  6.772300e-01 -7.071068e-01
   outer loop
     vertex  1.652215e+02  1.307148e+01  2.089650e+01
     vertex  1.653797e+02  1.254472e+01  2.034650e+01
     vertex  1.538867e+02  9.093409e+00  2.034650e+01
   endloop
 endfacet
 facet normal -9.577479e-01 -2.876090e-01  0.000000e+00
   outer loop
     vertex  1.653797e+02  1.254472e+01  1.914650e+01
     vertex  1.653797e+02  1.254472e+01  2.034650e+01
     vertex  1.652215e+02  1.307148e+01  2.089650e+01
   endloop
 endfacet
 facet normal -9.577479e-01 -2.876090e-01 -1.183514e-14
   outer loop
     vertex  1.652215e+02  1.307148e+01  1.859650e+01
     vertex  1.653797e+02  1.254472e+01  1.914650e+01
     vertex  1.652215e+02  1.307148e+01  2.089650e+01
   endloop
 endfacet
 facet normal  9.577479e-01  2.876090e-01 -0.000000e+00
   outer loop
     vertex  1.538867e+02  9.093409e+00  1.914650e+01
     vertex  1.537285e+02  9.620171e+00  2.089650e+01
     vertex  1.538867e+02  9.093409e+00  2.034650e+01
   endloop
 endfacet
 facet normal  9.577479e-01  2.876090e-01  1.361217e-14
   outer loop
     vertex  1.537285e+02  9.620171e+00  1.859650e+01
     vertex  1.537285e+02  9.620171e+00  2.089650e+01
     vertex  1.538867e+02  9.093409e+00  1.914650e+01
   endloop
 endfacet
 facet normal -6.407403e-01 -2.994385e-01 -7.069572e-01
   outer loop
     vertex  2.509973e+02  7.968294e+01  2.034650e+01
     vertex  2.496304e+02  8.130912e+01  2.089650e+01
     vertex  2.501217e+02  8.155638e+01  2.034650e+01
   endloop
 endfacet
 facet normal -6.407403e-01 -2.994385e-01 -7.069572e-01
   outer loop
     vertex  2.509973e+02  7.968294e+01  2.034650e+01
     vertex  2.504924e+02  7.946467e+01  2.089650e+01
     vertex  2.496304e+02  8.130912e+01  2.089650e+01
   endloop
 endfacet
 facet normal -6.570671e-01 -2.616762e-01 -7.069572e-01
   outer loop
     vertex  2.517624e+02  7.776176e+01  2.034650e+01
     vertex  2.512457e+02  7.757322e+01  2.089650e+01
     vertex  2.504924e+02  7.946467e+01  2.089650e+01
   endloop
 endfacet
 facet normal -6.570671e-01 -2.616762e-01 -7.069572e-01
   outer loop
     vertex  2.517624e+02  7.776176e+01  2.034650e+01
     vertex  2.504924e+02  7.946467e+01  2.089650e+01
     vertex  2.509973e+02  7.968294e+01  2.034650e+01
   endloop
 endfacet
 facet normal -6.711705e-01 -2.230284e-01 -7.069572e-01
   outer loop
     vertex  2.524145e+02  7.579935e+01  2.034650e+01
     vertex  2.518877e+02  7.564116e+01  2.089650e+01
     vertex  2.512457e+02  7.757322e+01  2.089650e+01
   endloop
 endfacet
 facet normal -6.711705e-01 -2.230284e-01 -7.069572e-01
   outer loop
     vertex  2.524145e+02  7.579935e+01  2.034650e+01
     vertex  2.512457e+02  7.757322e+01  2.089650e+01
     vertex  2.517624e+02  7.776176e+01  2.034650e+01
   endloop
 endfacet
 facet normal -6.968499e-01 -1.234779e-01  7.065079e-01
   outer loop
     vertex  2.529514e+02  7.380234e+01  1.914650e+01
     vertex  2.531264e+02  6.966734e+01  1.859650e+01
     vertex  2.536727e+02  6.973165e+01  1.914650e+01
   endloop
 endfacet
 facet normal -6.968499e-01 -1.234779e-01  7.065079e-01
   outer loop
     vertex  2.529514e+02  7.380234e+01  1.914650e+01
     vertex  2.524163e+02  7.367505e+01  1.859650e+01
     vertex  2.531264e+02  6.966734e+01  1.859650e+01
   endloop
 endfacet
 facet normal -6.778032e-01 -2.035424e-01  7.065079e-01
   outer loop
     vertex  2.517624e+02  7.776176e+01  1.914650e+01
     vertex  2.512457e+02  7.757322e+01  1.859650e+01
     vertex  2.524163e+02  7.367505e+01  1.859650e+01
   endloop
 endfacet
 facet normal -6.778032e-01 -2.035424e-01  7.065079e-01
   outer loop
     vertex  2.517624e+02  7.776176e+01  1.914650e+01
     vertex  2.524163e+02  7.367505e+01  1.859650e+01
     vertex  2.529514e+02  7.380234e+01  1.914650e+01
   endloop
 endfacet
 facet normal -6.495903e-01 -2.808542e-01  7.065079e-01
   outer loop
     vertex  2.501217e+02  8.155638e+01  1.914650e+01
     vertex  2.496304e+02  8.130912e+01  1.859650e+01
     vertex  2.512457e+02  7.757322e+01  1.859650e+01
   endloop
 endfacet
 facet normal -6.495903e-01 -2.808542e-01  7.065079e-01
   outer loop
     vertex  2.501217e+02  8.155638e+01  1.914650e+01
     vertex  2.512457e+02  7.757322e+01  1.859650e+01
     vertex  2.517624e+02  7.776176e+01  1.914650e+01
   endloop
 endfacet
 facet normal -9.834269e-01 -1.742578e-01  5.005798e-02
   outer loop
     vertex  2.533712e+02  7.177749e+01  2.034650e+01
     vertex  2.529514e+02  7.380234e+01  1.914650e+01
     vertex  2.536727e+02  6.973165e+01  1.914650e+01
   endloop
 endfacet
 facet normal -9.893194e-01 -1.457641e-01 -2.344368e-14
   outer loop
     vertex  2.533712e+02  7.177749e+01  2.034650e+01
     vertex  2.536727e+02  6.973165e+01  1.914650e+01
     vertex  2.536727e+02  6.973165e+01  2.034650e+01
   endloop
 endfacet
 facet normal -9.791702e-01 -2.030413e-01 -2.404492e-15
   outer loop
     vertex  2.529514e+02  7.380234e+01  2.034650e+01
     vertex  2.529514e+02  7.380234e+01  1.914650e+01
     vertex  2.533712e+02  7.177749e+01  2.034650e+01
   endloop
 endfacet
 facet normal -9.565472e-01 -2.872484e-01  5.005798e-02
   outer loop
     vertex  2.524145e+02  7.579935e+01  2.034650e+01
     vertex  2.517624e+02  7.776176e+01  1.914650e+01
     vertex  2.529514e+02  7.380234e+01  1.914650e+01
   endloop
 endfacet
 facet normal -9.657078e-01 -2.596315e-01 -3.042310e-15
   outer loop
     vertex  2.524145e+02  7.579935e+01  2.034650e+01
     vertex  2.529514e+02  7.380234e+01  1.914650e+01
     vertex  2.529514e+02  7.380234e+01  2.034650e+01
   endloop
 endfacet
 facet normal -9.489777e-01 -3.153431e-01 -0.000000e+00
   outer loop
     vertex  2.517624e+02  7.776176e+01  2.034650e+01
     vertex  2.517624e+02  7.776176e+01  1.914650e+01
     vertex  2.524145e+02  7.579935e+01  2.034650e+01
   endloop
 endfacet
 facet normal -9.167319e-01 -3.963545e-01  5.005798e-02
   outer loop
     vertex  2.509973e+02  7.968294e+01  2.034650e+01
     vertex  2.501217e+02  8.155638e+01  1.914650e+01
     vertex  2.517624e+02  7.776176e+01  1.914650e+01
   endloop
 endfacet
 facet normal -9.290366e-01 -3.699878e-01  0.000000e+00
   outer loop
     vertex  2.509973e+02  7.968294e+01  2.034650e+01
     vertex  2.517624e+02  7.776176e+01  1.914650e+01
     vertex  2.517624e+02  7.776176e+01  2.034650e+01
   endloop
 endfacet
 facet normal -9.059520e-01 -4.233805e-01 -0.000000e+00
   outer loop
     vertex  2.501217e+02  8.155638e+01  2.034650e+01
     vertex  2.501217e+02  8.155638e+01  1.914650e+01
     vertex  2.509973e+02  7.968294e+01  2.034650e+01
   endloop
 endfacet
 facet normal -1.169284e-01  9.931403e-01  4.689924e-15
   outer loop
     vertex  2.536727e+02  6.973165e+01  2.034650e+01
     vertex  2.531264e+02  6.966734e+01  1.859650e+01
     vertex  2.531264e+02  6.966734e+01  2.089650e+01
   endloop
 endfacet
 facet normal -1.169284e-01  9.931403e-01 -2.769420e-15
   outer loop
     vertex  2.536727e+02  6.973165e+01  2.034650e+01
     vertex  2.536727e+02  6.973165e+01  1.914650e+01
     vertex  2.531264e+02  6.966734e+01  1.859650e+01
   endloop
 endfacet
 facet normal  4.495507e-01 -8.932548e-01  0.000000e+00
   outer loop
     vertex  2.501217e+02  8.155638e+01  2.034650e+01
     vertex  2.496304e+02  8.130912e+01  1.859650e+01
     vertex  2.501217e+02  8.155638e+01  1.914650e+01
   endloop
 endfacet
 facet normal  4.495507e-01 -8.932548e-01  5.555218e-15
   outer loop
     vertex  2.496304e+02  8.130912e+01  2.089650e+01
     vertex  2.496304e+02  8.130912e+01  1.859650e+01
     vertex  2.501217e+02  8.155638e+01  2.034650e+01
   endloop
 endfacet
 facet normal -6.088532e-15 -3.088139e-15  1.000000e+00
   outer loop
     vertex  1.262165e+02  4.337319e+01 -7.003504e+00
     vertex  1.228150e+02  4.547785e+01 -7.003504e+00
     vertex  1.217017e+02  4.307106e+01 -7.003504e+00
   endloop
 endfacet
 facet normal -5.660443e-15 -1.631442e-15  1.000000e+00
   outer loop
     vertex  1.255081e+02  4.184160e+01 -7.003504e+00
     vertex  1.217017e+02  4.307106e+01 -7.003504e+00
     vertex  1.211967e+02  4.046777e+01 -7.003504e+00
   endloop
 endfacet
 facet normal -6.095813e-15 -2.979333e-15  1.000000e+00
   outer loop
     vertex  1.255081e+02  4.184160e+01 -7.003504e+00
     vertex  1.262165e+02  4.337319e+01 -7.003504e+00
     vertex  1.217017e+02  4.307106e+01 -7.003504e+00
   endloop
 endfacet
 facet normal -4.722421e-15  3.474132e-16  1.000000e+00
   outer loop
     vertex  1.272709e+02  4.469074e+01 -7.003504e+00
     vertex  1.244719e+02  4.754828e+01 -7.003504e+00
     vertex  1.228150e+02  4.547785e+01 -7.003504e+00
   endloop
 endfacet
 facet normal -5.025926e-15 -1.370763e-15  1.000000e+00
   outer loop
     vertex  1.272709e+02  4.469074e+01 -7.003504e+00
     vertex  1.228150e+02  4.547785e+01 -7.003504e+00
     vertex  1.262165e+02  4.337319e+01 -7.003504e+00
   endloop
 endfacet
 facet normal -7.148645e-15 -3.582208e-16  1.000000e+00
   outer loop
     vertex  1.251867e+02  4.018496e+01 -7.003504e+00
     vertex  1.211967e+02  4.046777e+01 -7.003504e+00
     vertex  1.213295e+02  3.781929e+01 -7.003504e+00
   endloop
 endfacet
 facet normal -6.951674e-15  2.420696e-15  1.000000e+00
   outer loop
     vertex  1.251867e+02  4.018496e+01 -7.003504e+00
     vertex  1.255081e+02  4.184160e+01 -7.003504e+00
     vertex  1.211967e+02  4.046777e+01 -7.003504e+00
   endloop
 endfacet
 facet normal -6.009563e-15 -9.698777e-16  1.000000e+00
   outer loop
     vertex  1.286100e+02  4.571766e+01 -7.003504e+00
     vertex  1.265762e+02  4.916201e+01 -7.003504e+00
     vertex  1.244719e+02  4.754828e+01 -7.003504e+00
   endloop
 endfacet
 facet normal -5.965446e-15 -8.701517e-16  1.000000e+00
   outer loop
     vertex  1.286100e+02  4.571766e+01 -7.003504e+00
     vertex  1.244719e+02  4.754828e+01 -7.003504e+00
     vertex  1.272709e+02  4.469074e+01 -7.003504e+00
   endloop
 endfacet
 facet normal -5.455082e-15 -2.337564e-15  1.000000e+00
   outer loop
     vertex  1.252712e+02  3.849956e+01 -7.003504e+00
     vertex  1.213295e+02  3.781929e+01 -7.003504e+00
     vertex  1.220921e+02  3.527953e+01 -7.003504e+00
   endloop
 endfacet
 facet normal -5.267264e-15 -3.425849e-15  1.000000e+00
   outer loop
     vertex  1.252712e+02  3.849956e+01 -7.003504e+00
     vertex  1.251867e+02  4.018496e+01 -7.003504e+00
     vertex  1.213295e+02  3.781929e+01 -7.003504e+00
   endloop
 endfacet
 facet normal -6.821490e-15 -1.121113e-15  1.000000e+00
   outer loop
     vertex  1.301559e+02  4.639428e+01 -7.003504e+00
     vertex  1.290055e+02  5.022527e+01 -7.003504e+00
     vertex  1.265762e+02  4.916201e+01 -7.003504e+00
   endloop
 endfacet
 facet normal -7.288397e-15 -1.725004e-15  1.000000e+00
   outer loop
     vertex  1.301559e+02  4.639428e+01 -7.003504e+00
     vertex  1.265762e+02  4.916201e+01 -7.003504e+00
     vertex  1.286100e+02  4.571766e+01 -7.003504e+00
   endloop
 endfacet
 facet normal -6.089950e-15 -4.842745e-16  1.000000e+00
   outer loop
     vertex  1.257565e+02  3.688335e+01 -7.003504e+00
     vertex  1.220921e+02  3.527953e+01 -7.003504e+00
     vertex  1.234405e+02  3.299609e+01 -7.003504e+00
   endloop
 endfacet
 facet normal -5.144677e-15 -2.644018e-15  1.000000e+00
   outer loop
     vertex  1.257565e+02  3.688335e+01 -7.003504e+00
     vertex  1.252712e+02  3.849956e+01 -7.003504e+00
     vertex  1.220921e+02  3.527953e+01 -7.003504e+00
   endloop
 endfacet
 facet normal -4.641506e-15 -6.772337e-16  1.000000e+00
   outer loop
     vertex  1.318189e+02  4.668127e+01 -7.003504e+00
     vertex  1.316187e+02  5.067626e+01 -7.003504e+00
     vertex  1.290055e+02  5.022527e+01 -7.003504e+00
   endloop
 endfacet
 facet normal -4.214463e-15 -3.382299e-16  1.000000e+00
   outer loop
     vertex  1.318189e+02  4.668127e+01 -7.003504e+00
     vertex  1.290055e+02  5.022527e+01 -7.003504e+00
     vertex  1.301559e+02  4.639428e+01 -7.003504e+00
   endloop
 endfacet
 facet normal -6.558355e-15 -2.051945e-16  1.000000e+00
   outer loop
     vertex  1.266146e+02  3.543025e+01 -7.003504e+00
     vertex  1.257565e+02  3.688335e+01 -7.003504e+00
     vertex  1.234405e+02  3.299609e+01 -7.003504e+00
   endloop
 endfacet
 facet normal -5.426032e-15 -7.569689e-16  1.000000e+00
   outer loop
     vertex  1.335022e+02  4.656196e+01 -7.003504e+00
     vertex  1.342639e+02  5.048876e+01 -7.003504e+00
     vertex  1.316187e+02  5.067626e+01 -7.003504e+00
   endloop
 endfacet
 facet normal -5.326879e-15 -7.115780e-16  1.000000e+00
   outer loop
     vertex  1.335022e+02  4.656196e+01 -7.003504e+00
     vertex  1.316187e+02  5.067626e+01 -7.003504e+00
     vertex  1.318189e+02  4.668127e+01 -7.003504e+00
   endloop
 endfacet
 facet normal -5.066876e-15 -2.150046e-15  1.000000e+00
   outer loop
     vertex  1.252961e+02  3.110168e+01 -7.003504e+00
     vertex  1.266146e+02  3.543025e+01 -7.003504e+00
     vertex  1.234405e+02  3.299609e+01 -7.003504e+00
   endloop
 endfacet
 facet normal -7.466158e-15 -1.419227e-15  1.000000e+00
   outer loop
     vertex  1.277954e+02  3.422472e+01 -7.003504e+00
     vertex  1.266146e+02  3.543025e+01 -7.003504e+00
     vertex  1.252961e+02  3.110168e+01 -7.003504e+00
   endloop
 endfacet
 facet normal -6.611956e-15 -8.559270e-16  1.000000e+00
   outer loop
     vertex  1.351080e+02  4.604327e+01 -7.003504e+00
     vertex  1.367873e+02  4.967369e+01 -7.003504e+00
     vertex  1.342639e+02  5.048876e+01 -7.003504e+00
   endloop
 endfacet
 facet normal -5.754882e-15 -6.931813e-16  1.000000e+00
   outer loop
     vertex  1.351080e+02  4.604327e+01 -7.003504e+00
     vertex  1.342639e+02  5.048876e+01 -7.003504e+00
     vertex  1.335022e+02  4.656196e+01 -7.003504e+00
   endloop
 endfacet
 facet normal -6.438801e-15 -2.403916e-15  1.000000e+00
   outer loop
     vertex  1.275511e+02  2.970639e+01 -7.003504e+00
     vertex  1.292304e+02  3.333681e+01 -7.003504e+00
     vertex  1.277954e+02  3.422472e+01 -7.003504e+00
   endloop
 endfacet
 facet normal -6.221022e-15 -2.415690e-15  1.000000e+00
   outer loop
     vertex  1.275511e+02  2.970639e+01 -7.003504e+00
     vertex  1.277954e+02  3.422472e+01 -7.003504e+00
     vertex  1.252961e+02  3.110168e+01 -7.003504e+00
   endloop
 endfacet
 facet normal -5.557678e-15 -1.343599e-15  1.000000e+00
   outer loop
     vertex  1.390423e+02  4.827840e+01 -7.003504e+00
     vertex  1.367873e+02  4.967369e+01 -7.003504e+00
     vertex  1.351080e+02  4.604327e+01 -7.003504e+00
   endloop
 endfacet
 facet normal -4.480366e-15 -3.239920e-15  1.000000e+00
   outer loop
     vertex  1.390423e+02  4.827840e+01 -7.003504e+00
     vertex  1.351080e+02  4.604327e+01 -7.003504e+00
     vertex  1.365430e+02  4.515536e+01 -7.003504e+00
   endloop
 endfacet
 facet normal -7.636895e-15 -1.849720e-15  1.000000e+00
   outer loop
     vertex  1.300746e+02  2.889132e+01 -7.003504e+00
     vertex  1.292304e+02  3.333681e+01 -7.003504e+00
     vertex  1.275511e+02  2.970639e+01 -7.003504e+00
   endloop
 endfacet
 facet normal -3.672929e-15 -1.097021e-15  1.000000e+00
   outer loop
     vertex  1.300746e+02  2.889132e+01 -7.003504e+00
     vertex  1.308363e+02  3.281812e+01 -7.003504e+00
     vertex  1.292304e+02  3.333681e+01 -7.003504e+00
   endloop
 endfacet
 facet normal -5.415510e-15 -2.491539e-15  1.000000e+00
   outer loop
     vertex  1.408980e+02  4.638399e+01 -7.003504e+00
     vertex  1.390423e+02  4.827840e+01 -7.003504e+00
     vertex  1.365430e+02  4.515536e+01 -7.003504e+00
   endloop
 endfacet
 facet normal -6.747932e-15  2.231290e-15  1.000000e+00
   outer loop
     vertex  1.408980e+02  4.638399e+01 -7.003504e+00
     vertex  1.365430e+02  4.515536e+01 -7.003504e+00
     vertex  1.377239e+02  4.394983e+01 -7.003504e+00
   endloop
 endfacet
 facet normal -3.466877e-15 -2.047123e-15  1.000000e+00
   outer loop
     vertex  1.408980e+02  4.638399e+01 -7.003504e+00
     vertex  1.377239e+02  4.394983e+01 -7.003504e+00
     vertex  1.385819e+02  4.249673e+01 -7.003504e+00
   endloop
 endfacet
 facet normal -4.763592e-15 -8.854635e-16  1.000000e+00
   outer loop
     vertex  1.327197e+02  2.870382e+01 -7.003504e+00
     vertex  1.308363e+02  3.281812e+01 -7.003504e+00
     vertex  1.300746e+02  2.889132e+01 -7.003504e+00
   endloop
 endfacet
 facet normal -4.267829e-15 -6.585087e-16  1.000000e+00
   outer loop
     vertex  1.327197e+02  2.870382e+01 -7.003504e+00
     vertex  1.325195e+02  3.269881e+01 -7.003504e+00
     vertex  1.308363e+02  3.281812e+01 -7.003504e+00
   endloop
 endfacet
 facet normal -6.089950e-15 -4.842745e-16  1.000000e+00
   outer loop
     vertex  1.422463e+02  4.410055e+01 -7.003504e+00
     vertex  1.408980e+02  4.638399e+01 -7.003504e+00
     vertex  1.385819e+02  4.249673e+01 -7.003504e+00
   endloop
 endfacet
 facet normal -5.144677e-15 -2.644018e-15  1.000000e+00
   outer loop
     vertex  1.422463e+02  4.410055e+01 -7.003504e+00
     vertex  1.385819e+02  4.249673e+01 -7.003504e+00
     vertex  1.390672e+02  4.088052e+01 -7.003504e+00
   endloop
 endfacet
 facet normal -8.200685e-15 -1.998962e-15  1.000000e+00
   outer loop
     vertex  1.353329e+02  2.915481e+01 -7.003504e+00
     vertex  1.341825e+02  3.298580e+01 -7.003504e+00
     vertex  1.325195e+02  3.269881e+01 -7.003504e+00
   endloop
 endfacet
 facet normal -6.663329e-15 -7.785479e-16  1.000000e+00
   outer loop
     vertex  1.353329e+02  2.915481e+01 -7.003504e+00
     vertex  1.325195e+02  3.269881e+01 -7.003504e+00
     vertex  1.327197e+02  2.870382e+01 -7.003504e+00
   endloop
 endfacet
 facet normal -5.998292e-15 -1.801270e-15  1.000000e+00
   outer loop
     vertex  1.430090e+02  4.156079e+01 -7.003504e+00
     vertex  1.422463e+02  4.410055e+01 -7.003504e+00
     vertex  1.390672e+02  4.088052e+01 -7.003504e+00
   endloop
 endfacet
 facet normal -6.255064e-15 -3.134432e-16  1.000000e+00
   outer loop
     vertex  1.430090e+02  4.156079e+01 -7.003504e+00
     vertex  1.390672e+02  4.088052e+01 -7.003504e+00
     vertex  1.391517e+02  3.919512e+01 -7.003504e+00
   endloop
 endfacet
 facet normal -4.703296e-15 -9.487057e-16  1.000000e+00
   outer loop
     vertex  1.377622e+02  3.021807e+01 -7.003504e+00
     vertex  1.341825e+02  3.298580e+01 -7.003504e+00
     vertex  1.353329e+02  2.915481e+01 -7.003504e+00
   endloop
 endfacet
 facet normal -4.369790e-15 -5.173545e-16  1.000000e+00
   outer loop
     vertex  1.377622e+02  3.021807e+01 -7.003504e+00
     vertex  1.357284e+02  3.366242e+01 -7.003504e+00
     vertex  1.341825e+02  3.298580e+01 -7.003504e+00
   endloop
 endfacet
 facet normal -6.298259e-15 -9.228505e-16  1.000000e+00
   outer loop
     vertex  1.431417e+02  3.891231e+01 -7.003504e+00
     vertex  1.391517e+02  3.919512e+01 -7.003504e+00
     vertex  1.388304e+02  3.753848e+01 -7.003504e+00
   endloop
 endfacet
 facet normal -6.255064e-15 -3.134432e-16  1.000000e+00
   outer loop
     vertex  1.431417e+02  3.891231e+01 -7.003504e+00
     vertex  1.430090e+02  4.156079e+01 -7.003504e+00
     vertex  1.391517e+02  3.919512e+01 -7.003504e+00
   endloop
 endfacet
 facet normal -6.318382e-15 -1.667960e-15  1.000000e+00
   outer loop
     vertex  1.398665e+02  3.183180e+01 -7.003504e+00
     vertex  1.357284e+02  3.366242e+01 -7.003504e+00
     vertex  1.377622e+02  3.021807e+01 -7.003504e+00
   endloop
 endfacet
 facet normal -5.965446e-15 -8.701517e-16  1.000000e+00
   outer loop
     vertex  1.398665e+02  3.183180e+01 -7.003504e+00
     vertex  1.370675e+02  3.468934e+01 -7.003504e+00
     vertex  1.357284e+02  3.366242e+01 -7.003504e+00
   endloop
 endfacet
 facet normal -5.867849e-15 -2.273563e-15  1.000000e+00
   outer loop
     vertex  1.426367e+02  3.630902e+01 -7.003504e+00
     vertex  1.431417e+02  3.891231e+01 -7.003504e+00
     vertex  1.388304e+02  3.753848e+01 -7.003504e+00
   endloop
 endfacet
 facet normal -5.918037e-15 -2.428944e-15  1.000000e+00
   outer loop
     vertex  1.415234e+02  3.390223e+01 -7.003504e+00
     vertex  1.426367e+02  3.630902e+01 -7.003504e+00
     vertex  1.388304e+02  3.753848e+01 -7.003504e+00
   endloop
 endfacet
 facet normal -3.551974e-15 -6.765987e-16  1.000000e+00
   outer loop
     vertex  1.415234e+02  3.390223e+01 -7.003504e+00
     vertex  1.388304e+02  3.753848e+01 -7.003504e+00
     vertex  1.381219e+02  3.600689e+01 -7.003504e+00
   endloop
 endfacet
 facet normal -5.443246e-15 -3.733256e-15  1.000000e+00
   outer loop
     vertex  1.415234e+02  3.390223e+01 -7.003504e+00
     vertex  1.381219e+02  3.600689e+01 -7.003504e+00
     vertex  1.370675e+02  3.468934e+01 -7.003504e+00
   endloop
 endfacet
 facet normal -4.722421e-15  3.474132e-16  1.000000e+00
   outer loop
     vertex  1.415234e+02  3.390223e+01 -7.003504e+00
     vertex  1.370675e+02  3.468934e+01 -7.003504e+00
     vertex  1.398665e+02  3.183180e+01 -7.003504e+00
   endloop
 endfacet
 facet normal  4.009557e-01 -9.160974e-01  5.794060e-15
   outer loop
     vertex  2.381963e+02  3.199241e+01  2.899650e+01
     vertex  2.295833e+02  2.822268e+01  2.899650e+01
     vertex  2.295833e+02  2.822268e+01  2.599650e+01
   endloop
 endfacet
 facet normal  4.009557e-01 -9.160974e-01 -8.138125e-15
   outer loop
     vertex  2.381963e+02  3.199241e+01  2.899650e+01
     vertex  2.295833e+02  2.822268e+01  2.599650e+01
     vertex  2.381963e+02  3.199241e+01  2.599650e+01
   endloop
 endfacet
 facet normal  6.085412e-01 -7.935223e-01  5.765260e-15
   outer loop
     vertex  2.456569e+02  3.771383e+01  2.899650e+01
     vertex  2.381963e+02  3.199241e+01  2.599650e+01
     vertex  2.456569e+02  3.771383e+01  2.599650e+01
   endloop
 endfacet
 facet normal  6.085412e-01 -7.935223e-01 -9.572794e-15
   outer loop
     vertex  2.456569e+02  3.771383e+01  2.899650e+01
     vertex  2.381963e+02  3.199241e+01  2.899650e+01
     vertex  2.381963e+02  3.199241e+01  2.599650e+01
   endloop
 endfacet
 facet normal  7.807604e-01 -6.248306e-01 -2.959792e-15
   outer loop
     vertex  2.515315e+02  4.505443e+01  2.899650e+01
     vertex  2.456569e+02  3.771383e+01  2.599650e+01
     vertex  2.515315e+02  4.505443e+01  2.599650e+01
   endloop
 endfacet
 facet normal  7.807604e-01 -6.248306e-01  7.305553e-15
   outer loop
     vertex  2.515315e+02  4.505443e+01  2.899650e+01
     vertex  2.456569e+02  3.771383e+01  2.899650e+01
     vertex  2.456569e+02  3.771383e+01  2.599650e+01
   endloop
 endfacet
 facet normal  9.076046e-01 -4.198259e-01  1.520842e-14
   outer loop
     vertex  2.554786e+02  5.358760e+01  2.899650e+01
     vertex  2.515315e+02  4.505443e+01  2.599650e+01
     vertex  2.554786e+02  5.358760e+01  2.599650e+01
   endloop
 endfacet
 facet normal  9.076046e-01 -4.198259e-01 -2.015325e-15
   outer loop
     vertex  2.554786e+02  5.358760e+01  2.899650e+01
     vertex  2.515315e+02  4.505443e+01  2.899650e+01
     vertex  2.515315e+02  4.505443e+01  2.599650e+01
   endloop
 endfacet
 facet normal  9.817022e-01 -1.904225e-01 -4.510112e-16
   outer loop
     vertex  2.572689e+02  6.281743e+01  2.899650e+01
     vertex  2.554786e+02  5.358760e+01  2.599650e+01
     vertex  2.572689e+02  6.281743e+01  2.599650e+01
   endloop
 endfacet
 facet normal  9.817022e-01 -1.904225e-01  1.763409e-14
   outer loop
     vertex  2.572689e+02  6.281743e+01  2.899650e+01
     vertex  2.554786e+02  5.358760e+01  2.899650e+01
     vertex  2.554786e+02  5.358760e+01  2.599650e+01
   endloop
 endfacet
 facet normal  9.987468e-01  5.004751e-02  2.370726e-16
   outer loop
     vertex  2.567984e+02  7.220751e+01  2.899650e+01
     vertex  2.572689e+02  6.281743e+01  2.599650e+01
     vertex  2.567984e+02  7.220751e+01  2.599650e+01
   endloop
 endfacet
 facet normal  9.987468e-01  5.004751e-02  1.259578e-16
   outer loop
     vertex  2.567984e+02  7.220751e+01  2.899650e+01
     vertex  2.572689e+02  6.281743e+01  2.899650e+01
     vertex  2.572689e+02  6.281743e+01  2.599650e+01
   endloop
 endfacet
 facet normal  9.577479e-01  2.876090e-01  9.073611e-15
   outer loop
     vertex  2.540943e+02  8.121212e+01  2.899650e+01
     vertex  2.567984e+02  7.220751e+01  2.599650e+01
     vertex  2.540943e+02  8.121212e+01  2.599650e+01
   endloop
 endfacet
 facet normal  9.577479e-01  2.876090e-01  1.259578e-15
   outer loop
     vertex  2.540943e+02  8.121212e+01  2.899650e+01
     vertex  2.567984e+02  7.220751e+01  2.899650e+01
     vertex  2.567984e+02  7.220751e+01  2.599650e+01
   endloop
 endfacet
 facet normal  7.143851e-01  6.997528e-01  3.314695e-15
   outer loop
     vertex  2.493139e+02  8.930795e+01  2.899650e+01
     vertex  2.493139e+02  8.930795e+01  2.599650e+01
     vertex  2.427349e+02  9.602450e+01  2.599650e+01
   endloop
 endfacet
 facet normal  8.610882e-01  5.084557e-01  2.408530e-15
   outer loop
     vertex  2.493139e+02  8.930795e+01  2.899650e+01
     vertex  2.540943e+02  8.121212e+01  2.599650e+01
     vertex  2.493139e+02  8.930795e+01  2.599650e+01
   endloop
 endfacet
 facet normal  8.610882e-01  5.084557e-01  8.313216e-15
   outer loop
     vertex  2.493139e+02  8.930795e+01  2.899650e+01
     vertex  2.540943e+02  8.121212e+01  2.899650e+01
     vertex  2.540943e+02  8.121212e+01  2.599650e+01
   endloop
 endfacet
 facet normal  7.143851e-01  6.997528e-01  2.361874e-14
   outer loop
     vertex  2.427349e+02  9.602450e+01  2.899650e+01
     vertex  2.493139e+02  8.930795e+01  2.899650e+01
     vertex  2.427349e+02  9.602450e+01  2.599650e+01
   endloop
 endfacet
 facet normal  3.073653e-01  9.515916e-01  2.911949e-15
   outer loop
     vertex  2.347397e+02  1.009714e+02  2.899650e+01
     vertex  2.347397e+02  1.009714e+02  2.599650e+01
     vertex  2.257930e+02  1.038612e+02  2.599650e+01
   endloop
 endfacet
 facet normal  5.261646e-01  8.503828e-01  4.984832e-15
   outer loop
     vertex  2.347397e+02  1.009714e+02  2.899650e+01
     vertex  2.427349e+02  9.602450e+01  2.599650e+01
     vertex  2.347397e+02  1.009714e+02  2.599650e+01
   endloop
 endfacet
 facet normal  5.261646e-01  8.503828e-01  1.889367e-14
   outer loop
     vertex  2.347397e+02  1.009714e+02  2.899650e+01
     vertex  2.427349e+02  9.602450e+01  2.899650e+01
     vertex  2.427349e+02  9.602450e+01  2.599650e+01
   endloop
 endfacet
 facet normal  3.073653e-01  9.515916e-01  0.000000e+00
   outer loop
     vertex  2.257930e+02  1.038612e+02  2.899650e+01
     vertex  2.347397e+02  1.009714e+02  2.899650e+01
     vertex  2.257930e+02  1.038612e+02  2.599650e+01
   endloop
 endfacet
 facet normal  7.070302e-02  9.974974e-01 -4.055263e-15
   outer loop
     vertex  2.164147e+02  1.045260e+02  2.899650e+01
     vertex  2.257930e+02  1.038612e+02  2.599650e+01
     vertex  2.164147e+02  1.045260e+02  2.599650e+01
   endloop
 endfacet
 facet normal  7.070302e-02  9.974974e-01  0.000000e+00
   outer loop
     vertex  2.164147e+02  1.045260e+02  2.899650e+01
     vertex  2.257930e+02  1.038612e+02  2.899650e+01
     vertex  2.257930e+02  1.038612e+02  2.599650e+01
   endloop
 endfacet
 facet normal -1.700682e-01  9.854323e-01  1.611210e-15
   outer loop
     vertex  2.071498e+02  1.029270e+02  2.899650e+01
     vertex  2.164147e+02  1.045260e+02  2.599650e+01
     vertex  2.071498e+02  1.029270e+02  2.599650e+01
   endloop
 endfacet
 facet normal -1.700682e-01  9.854323e-01 -6.234912e-15
   outer loop
     vertex  2.071498e+02  1.029270e+02  2.899650e+01
     vertex  2.164147e+02  1.045260e+02  2.899650e+01
     vertex  2.164147e+02  1.045260e+02  2.599650e+01
   endloop
 endfacet
 facet normal  2.876090e-01 -9.577479e-01  5.478884e-15
   outer loop
     vertex  2.295833e+02  2.822268e+01  2.599650e+01
     vertex  7.059712e+01 -1.952041e+01  2.899650e+01
     vertex  7.059712e+01 -1.952041e+01  2.599650e+01
   endloop
 endfacet
 facet normal  2.876090e-01 -9.577479e-01  4.993182e-15
   outer loop
     vertex  2.295833e+02  2.822268e+01  2.599650e+01
     vertex  2.295833e+02  2.822268e+01  2.899650e+01
     vertex  7.059712e+01 -1.952041e+01  2.899650e+01
   endloop
 endfacet
 facet normal -9.577479e-01 -2.876090e-01 -2.137701e-14
   outer loop
     vertex  7.059712e+01 -1.952041e+01  2.599650e+01
     vertex  4.816362e+01  5.518393e+01  2.899650e+01
     vertex  4.816362e+01  5.518393e+01  2.599650e+01
   endloop
 endfacet
 facet normal -9.577479e-01 -2.876090e-01 -1.814722e-14
   outer loop
     vertex  7.059712e+01 -1.952041e+01  2.599650e+01
     vertex  7.059712e+01 -1.952041e+01  2.899650e+01
     vertex  4.816362e+01  5.518393e+01  2.899650e+01
   endloop
 endfacet
 facet normal -2.876090e-01  9.577479e-01  3.652589e-15
   outer loop
     vertex  4.816362e+01  5.518393e+01  2.599650e+01
     vertex  2.071498e+02  1.029270e+02  2.899650e+01
     vertex  2.071498e+02  1.029270e+02  2.599650e+01
   endloop
 endfacet
 facet normal -2.876090e-01  9.577479e-01 -9.127538e-16
   outer loop
     vertex  4.816362e+01  5.518393e+01  2.599650e+01
     vertex  4.816362e+01  5.518393e+01  2.899650e+01
     vertex  2.071498e+02  1.029270e+02  2.899650e+01
   endloop
 endfacet
 facet normal  5.114592e-15  2.277787e-15 -1.000000e+00
   outer loop
     vertex  9.177977e+01 -3.135807e+00  2.599650e+01
     vertex  9.321782e+01 -7.924547e+00  2.599650e+01
     vertex  7.059712e+01 -1.952041e+01  2.599650e+01
   endloop
 endfacet
 facet normal  7.235331e-15 -1.859256e-15 -1.000000e+00
   outer loop
     vertex  1.027953e+02 -5.048457e+00  2.599650e+01
     vertex  7.059712e+01 -1.952041e+01  2.599650e+01
     vertex  9.321782e+01 -7.924547e+00  2.599650e+01
   endloop
 endfacet
 facet normal  5.699675e-15  1.521368e-15 -1.000000e+00
   outer loop
     vertex  4.816362e+01  5.518393e+01  2.599650e+01
     vertex  9.177977e+01 -3.135807e+00  2.599650e+01
     vertex  7.059712e+01 -1.952041e+01  2.599650e+01
   endloop
 endfacet
 facet normal  5.701844e-15  1.522990e-15 -1.000000e+00
   outer loop
     vertex  7.486836e+01  5.317977e+01  2.599650e+01
     vertex  9.177977e+01 -3.135807e+00  2.599650e+01
     vertex  4.816362e+01  5.518393e+01  2.599650e+01
   endloop
 endfacet
 facet normal  5.671007e-15  1.702987e-15 -1.000000e+00
   outer loop
     vertex  1.545137e+02  1.048243e+01  2.599650e+01
     vertex  1.027953e+02 -5.048457e+00  2.599650e+01
     vertex  1.013573e+02 -2.597172e-01  2.599650e+01
   endloop
 endfacet
 facet normal  5.716375e-15  1.716611e-15 -1.000000e+00
   outer loop
     vertex  7.343032e+01  5.796851e+01  2.599650e+01
     vertex  7.486836e+01  5.317977e+01  2.599650e+01
     vertex  4.816362e+01  5.518393e+01  2.599650e+01
   endloop
 endfacet
 facet normal  5.953701e-15  3.041015e-16 -1.000000e+00
   outer loop
     vertex  1.530756e+02  1.527117e+01  2.599650e+01
     vertex  1.545137e+02  1.048243e+01  2.599650e+01
     vertex  1.013573e+02 -2.597172e-01  2.599650e+01
   endloop
 endfacet
 facet normal  5.853937e-15  1.505577e-15 -1.000000e+00
   outer loop
     vertex  8.444584e+01  5.605586e+01  2.599650e+01
     vertex  1.013573e+02 -2.597172e-01  2.599650e+01
     vertex  9.177977e+01 -3.135807e+00  2.599650e+01
   endloop
 endfacet
 facet normal  5.496299e-15  1.461266e-15 -1.000000e+00
   outer loop
     vertex  8.444584e+01  5.605586e+01  2.599650e+01
     vertex  9.177977e+01 -3.135807e+00  2.599650e+01
     vertex  7.486836e+01  5.317977e+01  2.599650e+01
   endloop
 endfacet
 facet normal  6.103486e-15 -1.795946e-15 -1.000000e+00
   outer loop
     vertex  8.300780e+01  6.084460e+01  2.599650e+01
     vertex  7.343032e+01  5.796851e+01  2.599650e+01
     vertex  4.816362e+01  5.518393e+01  2.599650e+01
   endloop
 endfacet
 facet normal  6.176820e-15  1.665624e-15 -1.000000e+00
   outer loop
     vertex  1.361642e+02  7.158675e+01  2.599650e+01
     vertex  1.626531e+02  1.814726e+01  2.599650e+01
     vertex  1.530756e+02  1.527117e+01  2.599650e+01
   endloop
 endfacet
 facet normal  5.677505e-15  1.452596e-15 -1.000000e+00
   outer loop
     vertex  1.361642e+02  7.158675e+01  2.599650e+01
     vertex  1.013573e+02 -2.597172e-01  2.599650e+01
     vertex  8.444584e+01  5.605586e+01  2.599650e+01
   endloop
 endfacet
 facet normal  5.597117e-15  1.491541e-15 -1.000000e+00
   outer loop
     vertex  1.361642e+02  7.158675e+01  2.599650e+01
     vertex  1.530756e+02  1.527117e+01  2.599650e+01
     vertex  1.013573e+02 -2.597172e-01  2.599650e+01
   endloop
 endfacet
 facet normal  5.938377e-15  1.041389e-15 -1.000000e+00
   outer loop
     vertex  1.347262e+02  7.637549e+01  2.599650e+01
     vertex  8.444584e+01  5.605586e+01  2.599650e+01
     vertex  8.300780e+01  6.084460e+01  2.599650e+01
   endloop
 endfacet
 facet normal  5.403637e-15  2.364586e-15 -1.000000e+00
   outer loop
     vertex  1.347262e+02  7.637549e+01  2.599650e+01
     vertex  1.361642e+02  7.158675e+01  2.599650e+01
     vertex  8.444584e+01  5.605586e+01  2.599650e+01
   endloop
 endfacet
 facet normal  5.466648e-15  2.383508e-15 -1.000000e+00
   outer loop
     vertex  2.143715e+02  3.367814e+01  2.599650e+01
     vertex  1.640912e+02  1.335852e+01  2.599650e+01
     vertex  1.626531e+02  1.814726e+01  2.599650e+01
   endloop
 endfacet
 facet normal  5.734018e-15  1.721909e-15 -1.000000e+00
   outer loop
     vertex  2.143715e+02  3.367814e+01  2.599650e+01
     vertex  2.158096e+02  2.888940e+01  2.599650e+01
     vertex  1.640912e+02  1.335852e+01  2.599650e+01
   endloop
 endfacet
 facet normal  5.754586e-15  1.653419e-15 -1.000000e+00
   outer loop
     vertex  2.295833e+02  2.822268e+01  2.599650e+01
     vertex  1.640912e+02  1.335852e+01  2.599650e+01
     vertex  2.158096e+02  2.888940e+01  2.599650e+01
   endloop
 endfacet
 facet normal  6.176820e-15  1.665624e-15 -1.000000e+00
   outer loop
     vertex  1.457417e+02  7.446284e+01  2.599650e+01
     vertex  1.626531e+02  1.814726e+01  2.599650e+01
     vertex  1.361642e+02  7.158675e+01  2.599650e+01
   endloop
 endfacet
 facet normal  5.723139e-15  1.529385e-15 -1.000000e+00
   outer loop
     vertex  1.457417e+02  7.446284e+01  2.599650e+01
     vertex  2.143715e+02  3.367814e+01  2.599650e+01
     vertex  1.626531e+02  1.814726e+01  2.599650e+01
   endloop
 endfacet
 facet normal  5.762214e-15  1.811017e-15 -1.000000e+00
   outer loop
     vertex  2.253870e+02  3.176549e+01  2.599650e+01
     vertex  2.295833e+02  2.822268e+01  2.599650e+01
     vertex  2.158096e+02  2.888940e+01  2.599650e+01
   endloop
 endfacet
 facet normal  5.806707e-15  1.001849e-15 -1.000000e+00
   outer loop
     vertex  2.381963e+02  3.199241e+01  2.599650e+01
     vertex  2.253870e+02  3.176549e+01  2.599650e+01
     vertex  2.239490e+02  3.655423e+01  2.599650e+01
   endloop
 endfacet
 facet normal  5.791753e-15  1.846003e-15 -1.000000e+00
   outer loop
     vertex  2.381963e+02  3.199241e+01  2.599650e+01
     vertex  2.295833e+02  2.822268e+01  2.599650e+01
     vertex  2.253870e+02  3.176549e+01  2.599650e+01
   endloop
 endfacet
 facet normal  5.833733e-15  1.086255e-15 -1.000000e+00
   outer loop
     vertex  2.456569e+02  3.771383e+01  2.599650e+01
     vertex  2.381963e+02  3.199241e+01  2.599650e+01
     vertex  2.239490e+02  3.655423e+01  2.599650e+01
   endloop
 endfacet
 facet normal  5.830782e-15  1.141490e-15 -1.000000e+00
   outer loop
     vertex  2.515315e+02  4.505443e+01  2.599650e+01
     vertex  2.456569e+02  3.771383e+01  2.599650e+01
     vertex  2.239490e+02  3.655423e+01  2.599650e+01
   endloop
 endfacet
 facet normal  5.723139e-15  1.529385e-15 -1.000000e+00
   outer loop
     vertex  1.974601e+02  8.999372e+01  2.599650e+01
     vertex  2.143715e+02  3.367814e+01  2.599650e+01
     vertex  1.457417e+02  7.446284e+01  2.599650e+01
   endloop
 endfacet
 facet normal  5.671007e-15  1.702987e-15 -1.000000e+00
   outer loop
     vertex  1.960221e+02  9.478246e+01  2.599650e+01
     vertex  1.457417e+02  7.446284e+01  2.599650e+01
     vertex  1.443037e+02  7.925157e+01  2.599650e+01
   endloop
 endfacet
 facet normal  5.671007e-15  1.702987e-15 -1.000000e+00
   outer loop
     vertex  1.960221e+02  9.478246e+01  2.599650e+01
     vertex  1.974601e+02  8.999372e+01  2.599650e+01
     vertex  1.457417e+02  7.446284e+01  2.599650e+01
   endloop
 endfacet
 facet normal  5.647957e-15  1.734745e-15 -1.000000e+00
   outer loop
     vertex  2.489868e+02  6.972297e+01  2.599650e+01
     vertex  2.515315e+02  4.505443e+01  2.599650e+01
     vertex  2.239490e+02  3.655423e+01  2.599650e+01
   endloop
 endfacet
 facet normal  4.611516e-15  1.414995e-15 -1.000000e+00
   outer loop
     vertex  2.489868e+02  6.972297e+01  2.599650e+01
     vertex  2.572689e+02  6.281743e+01  2.599650e+01
     vertex  2.554786e+02  5.358760e+01  2.599650e+01
   endloop
 endfacet
 facet normal  5.322925e-15  1.701217e-15 -1.000000e+00
   outer loop
     vertex  2.489868e+02  6.972297e+01  2.599650e+01
     vertex  2.554786e+02  5.358760e+01  2.599650e+01
     vertex  2.515315e+02  4.505443e+01  2.599650e+01
   endloop
 endfacet
 facet normal  5.836559e-15  1.563445e-15 -1.000000e+00
   outer loop
     vertex  2.070376e+02  9.286981e+01  2.599650e+01
     vertex  2.143715e+02  3.367814e+01  2.599650e+01
     vertex  1.974601e+02  8.999372e+01  2.599650e+01
   endloop
 endfacet
 facet normal  5.478921e-15  1.519133e-15 -1.000000e+00
   outer loop
     vertex  2.070376e+02  9.286981e+01  2.599650e+01
     vertex  2.239490e+02  3.655423e+01  2.599650e+01
     vertex  2.143715e+02  3.367814e+01  2.599650e+01
   endloop
 endfacet
 facet normal  4.885466e-15  1.743555e-15 -1.000000e+00
   outer loop
     vertex  2.524552e+02  7.019282e+01  2.599650e+01
     vertex  2.572689e+02  6.281743e+01  2.599650e+01
     vertex  2.489868e+02  6.972297e+01  2.599650e+01
   endloop
 endfacet
 facet normal  6.353440e-15  1.202202e-15 -1.000000e+00
   outer loop
     vertex  2.483855e+02  7.290093e+01  2.599650e+01
     vertex  2.489868e+02  6.972297e+01  2.599650e+01
     vertex  2.239490e+02  3.655423e+01  2.599650e+01
   endloop
 endfacet
 facet normal  5.668134e-15  1.575953e-15 -1.000000e+00
   outer loop
     vertex  2.474553e+02  7.599864e+01  2.599650e+01
     vertex  2.239490e+02  3.655423e+01  2.599650e+01
     vertex  2.070376e+02  9.286981e+01  2.599650e+01
   endloop
 endfacet
 facet normal  6.807030e-15  8.972456e-16 -1.000000e+00
   outer loop
     vertex  2.474553e+02  7.599864e+01  2.599650e+01
     vertex  2.483855e+02  7.290093e+01  2.599650e+01
     vertex  2.239490e+02  3.655423e+01  2.599650e+01
   endloop
 endfacet
 facet normal  5.537664e-15  2.169232e-15 -1.000000e+00
   outer loop
     vertex  2.567984e+02  7.220751e+01  2.599650e+01
     vertex  2.572689e+02  6.281743e+01  2.599650e+01
     vertex  2.524552e+02  7.019282e+01  2.599650e+01
   endloop
 endfacet
 facet normal  6.015870e-15  1.138327e-15 -1.000000e+00
   outer loop
     vertex  2.567984e+02  7.220751e+01  2.599650e+01
     vertex  2.524552e+02  7.019282e+01  2.599650e+01
     vertex  2.517857e+02  7.373075e+01  2.599650e+01
   endloop
 endfacet
 facet normal  5.468857e-15  1.098552e-15 -1.000000e+00
   outer loop
     vertex  2.462063e+02  7.898214e+01  2.599650e+01
     vertex  2.474553e+02  7.599864e+01  2.599650e+01
     vertex  2.070376e+02  9.286981e+01  2.599650e+01
   endloop
 endfacet
 facet normal  5.819093e-15  1.209856e-15 -1.000000e+00
   outer loop
     vertex  2.071498e+02  1.029270e+02  2.599650e+01
     vertex  1.960221e+02  9.478246e+01  2.599650e+01
     vertex  1.443037e+02  7.925157e+01  2.599650e+01
   endloop
 endfacet
 facet normal  4.770713e-15  2.642233e-15 -1.000000e+00
   outer loop
     vertex  2.071498e+02  1.029270e+02  2.599650e+01
     vertex  2.055995e+02  9.765855e+01  2.599650e+01
     vertex  1.960221e+02  9.478246e+01  2.599650e+01
   endloop
 endfacet
 facet normal  5.798936e-15  1.357883e-15 -1.000000e+00
   outer loop
     vertex  2.540943e+02  8.121212e+01  2.599650e+01
     vertex  2.507501e+02  7.717933e+01  2.599650e+01
     vertex  2.493597e+02  8.050076e+01  2.599650e+01
   endloop
 endfacet
 facet normal  5.459403e-15  1.639443e-15 -1.000000e+00
   outer loop
     vertex  2.540943e+02  8.121212e+01  2.599650e+01
     vertex  2.517857e+02  7.373075e+01  2.599650e+01
     vertex  2.507501e+02  7.717933e+01  2.599650e+01
   endloop
 endfacet
 facet normal  6.107385e-15  1.439487e-15 -1.000000e+00
   outer loop
     vertex  2.540943e+02  8.121212e+01  2.599650e+01
     vertex  2.567984e+02  7.220751e+01  2.599650e+01
     vertex  2.517857e+02  7.373075e+01  2.599650e+01
   endloop
 endfacet
 facet normal  6.860809e-15  5.765033e-16 -1.000000e+00
   outer loop
     vertex  2.164147e+02  1.045260e+02  2.599650e+01
     vertex  2.070376e+02  9.286981e+01  2.599650e+01
     vertex  2.055995e+02  9.765855e+01  2.599650e+01
   endloop
 endfacet
 facet normal  5.727962e-15  2.360564e-15 -1.000000e+00
   outer loop
     vertex  2.164147e+02  1.045260e+02  2.599650e+01
     vertex  2.055995e+02  9.765855e+01  2.599650e+01
     vertex  2.071498e+02  1.029270e+02  2.599650e+01
   endloop
 endfacet
 facet normal  5.967816e-15  1.644591e-15 -1.000000e+00
   outer loop
     vertex  2.493139e+02  8.930795e+01  2.599650e+01
     vertex  2.493597e+02  8.050076e+01  2.599650e+01
     vertex  2.462063e+02  7.898214e+01  2.599650e+01
   endloop
 endfacet
 facet normal  5.756025e-15  1.643490e-15 -1.000000e+00
   outer loop
     vertex  2.493139e+02  8.930795e+01  2.599650e+01
     vertex  2.540943e+02  8.121212e+01  2.599650e+01
     vertex  2.493597e+02  8.050076e+01  2.599650e+01
   endloop
 endfacet
 facet normal  5.067783e-15  2.018948e-15 -1.000000e+00
   outer loop
     vertex  2.257930e+02  1.038612e+02  2.599650e+01
     vertex  2.070376e+02  9.286981e+01  2.599650e+01
     vertex  2.164147e+02  1.045260e+02  2.599650e+01
   endloop
 endfacet
 facet normal  6.404807e-15  1.513078e-15 -1.000000e+00
   outer loop
     vertex  2.427349e+02  9.602450e+01  2.599650e+01
     vertex  2.493139e+02  8.930795e+01  2.599650e+01
     vertex  2.462063e+02  7.898214e+01  2.599650e+01
   endloop
 endfacet
 facet normal  5.669266e-15  1.663785e-15 -1.000000e+00
   outer loop
     vertex  2.347397e+02  1.009714e+02  2.599650e+01
     vertex  2.462063e+02  7.898214e+01  2.599650e+01
     vertex  2.070376e+02  9.286981e+01  2.599650e+01
   endloop
 endfacet
 facet normal  6.061094e-15  3.239933e-16 -1.000000e+00
   outer loop
     vertex  2.347397e+02  1.009714e+02  2.599650e+01
     vertex  2.070376e+02  9.286981e+01  2.599650e+01
     vertex  2.257930e+02  1.038612e+02  2.599650e+01
   endloop
 endfacet
 facet normal  4.723514e-15  1.170610e-15 -1.000000e+00
   outer loop
     vertex  2.347397e+02  1.009714e+02  2.599650e+01
     vertex  2.427349e+02  9.602450e+01  2.599650e+01
     vertex  2.462063e+02  7.898214e+01  2.599650e+01
   endloop
 endfacet
 facet normal  5.700162e-15  1.556292e-15 -1.000000e+00
   outer loop
     vertex  2.295833e+02  2.822268e+01  2.599650e+01
     vertex  7.059712e+01 -1.952041e+01  2.599650e+01
     vertex  1.027953e+02 -5.048457e+00  2.599650e+01
   endloop
 endfacet
 facet normal  5.596964e-15  1.949553e-15 -1.000000e+00
   outer loop
     vertex  2.295833e+02  2.822268e+01  2.599650e+01
     vertex  1.027953e+02 -5.048457e+00  2.599650e+01
     vertex  1.545137e+02  1.048243e+01  2.599650e+01
   endloop
 endfacet
 facet normal  7.880516e-15 -7.713518e-15 -1.000000e+00
   outer loop
     vertex  2.295833e+02  2.822268e+01  2.599650e+01
     vertex  1.545137e+02  1.048243e+01  2.599650e+01
     vertex  1.640912e+02  1.335852e+01  2.599650e+01
   endloop
 endfacet
 facet normal  5.392393e-15  2.581172e-15 -1.000000e+00
   outer loop
     vertex  4.816362e+01  5.518393e+01  2.599650e+01
     vertex  2.071498e+02  1.029270e+02  2.599650e+01
     vertex  8.300780e+01  6.084460e+01  2.599650e+01
   endloop
 endfacet
 facet normal  6.124800e-15  4.205914e-16 -1.000000e+00
   outer loop
     vertex  8.300780e+01  6.084460e+01  2.599650e+01
     vertex  2.071498e+02  1.029270e+02  2.599650e+01
     vertex  1.347262e+02  7.637549e+01  2.599650e+01
   endloop
 endfacet
 facet normal  6.428600e-15 -4.080730e-16 -1.000000e+00
   outer loop
     vertex  1.347262e+02  7.637549e+01  2.599650e+01
     vertex  2.071498e+02  1.029270e+02  2.599650e+01
     vertex  1.443037e+02  7.925157e+01  2.599650e+01
   endloop
 endfacet
 facet normal -6.510553e-15 -2.036989e-16  1.000000e+00
   outer loop
     vertex  2.456569e+02  3.771383e+01  2.899650e+01
     vertex  2.295833e+02  2.822268e+01  2.899650e+01
     vertex  2.381963e+02  3.199241e+01  2.899650e+01
   endloop
 endfacet
 facet normal -5.527893e-15 -1.867869e-15  1.000000e+00
   outer loop
     vertex  2.515315e+02  4.505443e+01  2.899650e+01
     vertex  2.295833e+02  2.822268e+01  2.899650e+01
     vertex  2.456569e+02  3.771383e+01  2.899650e+01
   endloop
 endfacet
 facet normal -8.335407e-15 -3.077489e-16  1.000000e+00
   outer loop
     vertex  2.572689e+02  6.281743e+01  2.899650e+01
     vertex  2.515315e+02  4.505443e+01  2.899650e+01
     vertex  2.554786e+02  5.358760e+01  2.899650e+01
   endloop
 endfacet
 facet normal -6.193854e-15 -9.994734e-16  1.000000e+00
   outer loop
     vertex  2.572689e+02  6.281743e+01  2.899650e+01
     vertex  2.295833e+02  2.822268e+01  2.899650e+01
     vertex  2.515315e+02  4.505443e+01  2.899650e+01
   endloop
 endfacet
 facet normal -5.709741e-15 -1.524391e-15  1.000000e+00
   outer loop
     vertex  2.071498e+02  1.029270e+02  2.899650e+01
     vertex  7.059712e+01 -1.952041e+01  2.899650e+01
     vertex  2.295833e+02  2.822268e+01  2.899650e+01
   endloop
 endfacet
 facet normal -5.709741e-15 -1.524391e-15  1.000000e+00
   outer loop
     vertex  2.071498e+02  1.029270e+02  2.899650e+01
     vertex  4.816362e+01  5.518393e+01  2.899650e+01
     vertex  7.059712e+01 -1.952041e+01  2.899650e+01
   endloop
 endfacet
 facet normal -5.818007e-15 -1.838812e-15  1.000000e+00
   outer loop
     vertex  2.493139e+02  8.930795e+01  2.899650e+01
     vertex  2.164147e+02  1.045260e+02  2.899650e+01
     vertex  2.071498e+02  1.029270e+02  2.899650e+01
   endloop
 endfacet
 facet normal -4.689403e-15 -1.013671e-15  1.000000e+00
   outer loop
     vertex  2.493139e+02  8.930795e+01  2.899650e+01
     vertex  2.567984e+02  7.220751e+01  2.899650e+01
     vertex  2.540943e+02  8.121212e+01  2.899650e+01
   endloop
 endfacet
 facet normal -7.561300e-15 -2.270637e-15  1.000000e+00
   outer loop
     vertex  2.493139e+02  8.930795e+01  2.899650e+01
     vertex  2.572689e+02  6.281743e+01  2.899650e+01
     vertex  2.567984e+02  7.220751e+01  2.899650e+01
   endloop
 endfacet
 facet normal -5.411973e-15 -1.625200e-15  1.000000e+00
   outer loop
     vertex  2.493139e+02  8.930795e+01  2.899650e+01
     vertex  2.295833e+02  2.822268e+01  2.899650e+01
     vertex  2.572689e+02  6.281743e+01  2.899650e+01
   endloop
 endfacet
 facet normal -5.717169e-15 -1.526622e-15  1.000000e+00
   outer loop
     vertex  2.493139e+02  8.930795e+01  2.899650e+01
     vertex  2.071498e+02  1.029270e+02  2.899650e+01
     vertex  2.295833e+02  2.822268e+01  2.899650e+01
   endloop
 endfacet
 facet normal -4.916942e-15  1.091646e-16  1.000000e+00
   outer loop
     vertex  2.257930e+02  1.038612e+02  2.899650e+01
     vertex  2.164147e+02  1.045260e+02  2.899650e+01
     vertex  2.493139e+02  8.930795e+01  2.899650e+01
   endloop
 endfacet
 facet normal -2.674760e-15  2.140569e-15  1.000000e+00
   outer loop
     vertex  2.347397e+02  1.009714e+02  2.899650e+01
     vertex  2.493139e+02  8.930795e+01  2.899650e+01
     vertex  2.427349e+02  9.602450e+01  2.899650e+01
   endloop
 endfacet
 facet normal -7.018006e-15 -3.286558e-15  1.000000e+00
   outer loop
     vertex  2.347397e+02  1.009714e+02  2.899650e+01
     vertex  2.257930e+02  1.038612e+02  2.899650e+01
     vertex  2.493139e+02  8.930795e+01  2.899650e+01
   endloop
 endfacet
 facet normal  2.876090e-01 -9.577479e-01  1.815831e-15
   outer loop
     vertex  9.321782e+01 -7.924547e+00  2.149650e+01
     vertex  1.027953e+02 -5.048457e+00  2.149650e+01
     vertex  1.027953e+02 -5.048457e+00  2.599650e+01
   endloop
 endfacet
 facet normal  2.876090e-01 -9.577479e-01  1.816520e-15
   outer loop
     vertex  9.321782e+01 -7.924547e+00  2.149650e+01
     vertex  1.027953e+02 -5.048457e+00  2.599650e+01
     vertex  9.321782e+01 -7.924547e+00  2.599650e+01
   endloop
 endfacet
 facet normal  2.033703e-01 -6.772300e-01  7.071068e-01
   outer loop
     vertex  1.031260e+02 -6.149867e+00  2.034650e+01
     vertex  9.321782e+01 -7.924547e+00  2.149650e+01
     vertex  9.354857e+01 -9.025957e+00  2.034650e+01
   endloop
 endfacet
 facet normal  2.033703e-01 -6.772300e-01  7.071068e-01
   outer loop
     vertex  1.031260e+02 -6.149867e+00  2.034650e+01
     vertex  1.027953e+02 -5.048457e+00  2.149650e+01
     vertex  9.321782e+01 -7.924547e+00  2.149650e+01
   endloop
 endfacet
 facet normal  2.876090e-01 -9.577479e-01  3.256654e-15
   outer loop
     vertex  9.354857e+01 -9.025957e+00  1.914650e+01
     vertex  1.031260e+02 -6.149867e+00  1.914650e+01
     vertex  1.031260e+02 -6.149867e+00  2.034650e+01
   endloop
 endfacet
 facet normal  2.876090e-01 -9.577479e-01  0.000000e+00
   outer loop
     vertex  9.354857e+01 -9.025957e+00  1.914650e+01
     vertex  1.031260e+02 -6.149867e+00  2.034650e+01
     vertex  9.354857e+01 -9.025957e+00  2.034650e+01
   endloop
 endfacet
 facet normal  2.033703e-01 -6.772300e-01 -7.071068e-01
   outer loop
     vertex  1.027953e+02 -5.048457e+00  1.799650e+01
     vertex  9.354857e+01 -9.025957e+00  1.914650e+01
     vertex  9.321782e+01 -7.924547e+00  1.799650e+01
   endloop
 endfacet
 facet normal  2.033703e-01 -6.772300e-01 -7.071068e-01
   outer loop
     vertex  1.027953e+02 -5.048457e+00  1.799650e+01
     vertex  1.031260e+02 -6.149867e+00  1.914650e+01
     vertex  9.354857e+01 -9.025957e+00  1.914650e+01
   endloop
 endfacet
 facet normal  6.076368e-15  7.648744e-16 -1.000000e+00
   outer loop
     vertex  1.017887e+02 -1.696339e+00  1.799650e+01
     vertex  9.321782e+01 -7.924547e+00  1.799650e+01
     vertex  9.221119e+01 -4.572429e+00  1.799650e+01
   endloop
 endfacet
 facet normal  5.444167e-15  1.634868e-15 -1.000000e+00
   outer loop
     vertex  1.017887e+02 -1.696339e+00  1.799650e+01
     vertex  1.027953e+02 -5.048457e+00  1.799650e+01
     vertex  9.321782e+01 -7.924547e+00  1.799650e+01
   endloop
 endfacet
 facet normal -2.876090e-01  9.577479e-01  0.000000e+00
   outer loop
     vertex  1.017887e+02 -1.696339e+00  1.799650e+01
     vertex  9.221119e+01 -4.572429e+00  1.799650e+01
     vertex  9.221119e+01 -4.572429e+00  2.449650e+01
   endloop
 endfacet
 facet normal -2.876090e-01  9.577479e-01 -1.257591e-15
   outer loop
     vertex  1.017887e+02 -1.696339e+00  1.799650e+01
     vertex  9.221119e+01 -4.572429e+00  2.449650e+01
     vertex  1.017887e+02 -1.696339e+00  2.449650e+01
   endloop
 endfacet
 facet normal  9.577479e-01  2.876090e-01  1.136868e-14
   outer loop
     vertex  1.027953e+02 -5.048457e+00  2.599650e+01
     vertex  1.017887e+02 -1.696339e+00  2.449650e+01
     vertex  1.013573e+02 -2.597172e-01  2.599650e+01
   endloop
 endfacet
 facet normal  9.577479e-01  2.876090e-01  6.049074e-15
   outer loop
     vertex  1.027953e+02 -5.048457e+00  2.149650e+01
     vertex  1.017887e+02 -1.696339e+00  2.449650e+01
     vertex  1.027953e+02 -5.048457e+00  2.599650e+01
   endloop
 endfacet
 facet normal  9.577479e-01  2.876090e-01  4.187820e-15
   outer loop
     vertex  1.017887e+02 -1.696339e+00  1.799650e+01
     vertex  1.017887e+02 -1.696339e+00  2.449650e+01
     vertex  1.027953e+02 -5.048457e+00  2.149650e+01
   endloop
 endfacet
 facet normal  9.577479e-01  2.876090e-01  1.134201e-14
   outer loop
     vertex  1.031260e+02 -6.149867e+00  1.914650e+01
     vertex  1.027953e+02 -5.048457e+00  2.149650e+01
     vertex  1.031260e+02 -6.149867e+00  2.034650e+01
   endloop
 endfacet
 facet normal  9.577479e-01  2.876090e-01  3.888690e-15
   outer loop
     vertex  1.027953e+02 -5.048457e+00  1.799650e+01
     vertex  1.017887e+02 -1.696339e+00  1.799650e+01
     vertex  1.027953e+02 -5.048457e+00  2.149650e+01
   endloop
 endfacet
 facet normal  9.577479e-01  2.876090e-01  3.888690e-15
   outer loop
     vertex  1.027953e+02 -5.048457e+00  1.799650e+01
     vertex  1.027953e+02 -5.048457e+00  2.149650e+01
     vertex  1.031260e+02 -6.149867e+00  1.914650e+01
   endloop
 endfacet
 facet normal -9.577479e-01 -2.876090e-01 -2.368476e-15
   outer loop
     vertex  9.321782e+01 -7.924547e+00  2.599650e+01
     vertex  9.177977e+01 -3.135807e+00  2.599650e+01
     vertex  9.221119e+01 -4.572429e+00  2.449650e+01
   endloop
 endfacet
 facet normal -9.577479e-01 -2.876090e-01 -6.049074e-15
   outer loop
     vertex  9.321782e+01 -7.924547e+00  2.149650e+01
     vertex  9.321782e+01 -7.924547e+00  2.599650e+01
     vertex  9.221119e+01 -4.572429e+00  2.449650e+01
   endloop
 endfacet
 facet normal -9.577479e-01 -2.876090e-01  0.000000e+00
   outer loop
     vertex  9.221119e+01 -4.572429e+00  1.799650e+01
     vertex  9.321782e+01 -7.924547e+00  2.149650e+01
     vertex  9.221119e+01 -4.572429e+00  2.449650e+01
   endloop
 endfacet
 facet normal -9.577479e-01 -2.876090e-01  0.000000e+00
   outer loop
     vertex  9.354857e+01 -9.025957e+00  1.914650e+01
     vertex  9.354857e+01 -9.025957e+00  2.034650e+01
     vertex  9.321782e+01 -7.924547e+00  2.149650e+01
   endloop
 endfacet
 facet normal -9.577479e-01 -2.876090e-01  7.777381e-15
   outer loop
     vertex  9.321782e+01 -7.924547e+00  1.799650e+01
     vertex  9.321782e+01 -7.924547e+00  2.149650e+01
     vertex  9.221119e+01 -4.572429e+00  1.799650e+01
   endloop
 endfacet
 facet normal -9.577479e-01 -2.876090e-01  7.777381e-15
   outer loop
     vertex  9.321782e+01 -7.924547e+00  1.799650e+01
     vertex  9.354857e+01 -9.025957e+00  1.914650e+01
     vertex  9.321782e+01 -7.924547e+00  2.149650e+01
   endloop
 endfacet
 facet normal -2.033703e-01  6.772300e-01 -7.071068e-01
   outer loop
     vertex  1.017887e+02 -1.696339e+00  2.449650e+01
     vertex  9.221119e+01 -4.572429e+00  2.449650e+01
     vertex  9.177977e+01 -3.135807e+00  2.599650e+01
   endloop
 endfacet
 facet normal -2.033703e-01  6.772300e-01 -7.071068e-01
   outer loop
     vertex  1.017887e+02 -1.696339e+00  2.449650e+01
     vertex  9.177977e+01 -3.135807e+00  2.599650e+01
     vertex  1.013573e+02 -2.597172e-01  2.599650e+01
   endloop
 endfacet
 facet normal  2.876090e-01 -9.577479e-01  5.526444e-16
   outer loop
     vertex  1.545137e+02  1.048243e+01  2.149650e+01
     vertex  1.640912e+02  1.335852e+01  2.149650e+01
     vertex  1.640912e+02  1.335852e+01  2.599650e+01
   endloop
 endfacet
 facet normal  2.876090e-01 -9.577479e-01  3.633040e-15
   outer loop
     vertex  1.545137e+02  1.048243e+01  2.149650e+01
     vertex  1.640912e+02  1.335852e+01  2.599650e+01
     vertex  1.545137e+02  1.048243e+01  2.599650e+01
   endloop
 endfacet
 facet normal  2.033703e-01 -6.772300e-01  7.071068e-01
   outer loop
     vertex  1.644219e+02  1.225711e+01  2.034650e+01
     vertex  1.545137e+02  1.048243e+01  2.149650e+01
     vertex  1.548444e+02  9.381018e+00  2.034650e+01
   endloop
 endfacet
 facet normal  2.033703e-01 -6.772300e-01  7.071068e-01
   outer loop
     vertex  1.644219e+02  1.225711e+01  2.034650e+01
     vertex  1.640912e+02  1.335852e+01  2.149650e+01
     vertex  1.545137e+02  1.048243e+01  2.149650e+01
   endloop
 endfacet
 facet normal  2.876090e-01 -9.577479e-01  1.184238e-15
   outer loop
     vertex  1.548444e+02  9.381018e+00  1.914650e+01
     vertex  1.644219e+02  1.225711e+01  1.914650e+01
     vertex  1.644219e+02  1.225711e+01  2.034650e+01
   endloop
 endfacet
 facet normal  2.876090e-01 -9.577479e-01 -4.530065e-15
   outer loop
     vertex  1.548444e+02  9.381018e+00  1.914650e+01
     vertex  1.644219e+02  1.225711e+01  2.034650e+01
     vertex  1.548444e+02  9.381018e+00  2.034650e+01
   endloop
 endfacet
 facet normal  2.033703e-01 -6.772300e-01 -7.071068e-01
   outer loop
     vertex  1.640912e+02  1.335852e+01  1.799650e+01
     vertex  1.548444e+02  9.381018e+00  1.914650e+01
     vertex  1.545137e+02  1.048243e+01  1.799650e+01
   endloop
 endfacet
 facet normal  2.033703e-01 -6.772300e-01 -7.071068e-01
   outer loop
     vertex  1.640912e+02  1.335852e+01  1.799650e+01
     vertex  1.644219e+02  1.225711e+01  1.914650e+01
     vertex  1.548444e+02  9.381018e+00  1.914650e+01
   endloop
 endfacet
 facet normal  5.444167e-15  1.634868e-15 -1.000000e+00
   outer loop
     vertex  1.640912e+02  1.335852e+01  1.799650e+01
     vertex  1.545137e+02  1.048243e+01  1.799650e+01
     vertex  1.535071e+02  1.383455e+01  1.799650e+01
   endloop
 endfacet
 facet normal  5.444167e-15  1.634868e-15 -1.000000e+00
   outer loop
     vertex  1.630845e+02  1.671064e+01  1.799650e+01
     vertex  1.640912e+02  1.335852e+01  1.799650e+01
     vertex  1.535071e+02  1.383455e+01  1.799650e+01
   endloop
 endfacet
 facet normal -2.876090e-01  9.577479e-01 -4.372571e-16
   outer loop
     vertex  1.630845e+02  1.671064e+01  2.449650e+01
     vertex  1.535071e+02  1.383455e+01  1.799650e+01
     vertex  1.535071e+02  1.383455e+01  2.449650e+01
   endloop
 endfacet
 facet normal -2.876090e-01  9.577479e-01 -4.212710e-16
   outer loop
     vertex  1.630845e+02  1.671064e+01  1.799650e+01
     vertex  1.535071e+02  1.383455e+01  1.799650e+01
     vertex  1.630845e+02  1.671064e+01  2.449650e+01
   endloop
 endfacet
 facet normal  9.577479e-01  2.876090e-01  1.231607e-14
   outer loop
     vertex  1.640912e+02  1.335852e+01  2.599650e+01
     vertex  1.630845e+02  1.671064e+01  2.449650e+01
     vertex  1.626531e+02  1.814726e+01  2.599650e+01
   endloop
 endfacet
 facet normal  9.577479e-01  2.876090e-01  1.300641e-14
   outer loop
     vertex  1.640912e+02  1.335852e+01  2.149650e+01
     vertex  1.630845e+02  1.671064e+01  2.449650e+01
     vertex  1.640912e+02  1.335852e+01  2.599650e+01
   endloop
 endfacet
 facet normal  9.577479e-01  2.876090e-01  9.004436e-15
   outer loop
     vertex  1.630845e+02  1.671064e+01  1.799650e+01
     vertex  1.630845e+02  1.671064e+01  2.449650e+01
     vertex  1.640912e+02  1.335852e+01  2.149650e+01
   endloop
 endfacet
 facet normal  9.577479e-01  2.876090e-01  2.438701e-14
   outer loop
     vertex  1.644219e+02  1.225711e+01  1.914650e+01
     vertex  1.640912e+02  1.335852e+01  2.149650e+01
     vertex  1.644219e+02  1.225711e+01  2.034650e+01
   endloop
 endfacet
 facet normal  9.577479e-01  2.876090e-01  1.167763e-15
   outer loop
     vertex  1.640912e+02  1.335852e+01  1.799650e+01
     vertex  1.630845e+02  1.671064e+01  1.799650e+01
     vertex  1.640912e+02  1.335852e+01  2.149650e+01
   endloop
 endfacet
 facet normal  9.577479e-01  2.876090e-01  1.167763e-15
   outer loop
     vertex  1.640912e+02  1.335852e+01  1.799650e+01
     vertex  1.640912e+02  1.335852e+01  2.149650e+01
     vertex  1.644219e+02  1.225711e+01  1.914650e+01
   endloop
 endfacet
 facet normal -9.577479e-01 -2.876090e-01 -2.368476e-14
   outer loop
     vertex  1.545137e+02  1.048243e+01  2.599650e+01
     vertex  1.530756e+02  1.527117e+01  2.599650e+01
     vertex  1.535071e+02  1.383455e+01  2.449650e+01
   endloop
 endfacet
 facet normal -9.577479e-01 -2.876090e-01 -1.209815e-14
   outer loop
     vertex  1.545137e+02  1.048243e+01  2.149650e+01
     vertex  1.545137e+02  1.048243e+01  2.599650e+01
     vertex  1.535071e+02  1.383455e+01  2.449650e+01
   endloop
 endfacet
 facet normal -9.577479e-01 -2.876090e-01 -9.004436e-15
   outer loop
     vertex  1.535071e+02  1.383455e+01  1.799650e+01
     vertex  1.545137e+02  1.048243e+01  2.149650e+01
     vertex  1.535071e+02  1.383455e+01  2.449650e+01
   endloop
 endfacet
 facet normal -9.577479e-01 -2.876090e-01 -2.609000e-14
   outer loop
     vertex  1.548444e+02  9.381018e+00  1.914650e+01
     vertex  1.548444e+02  9.381018e+00  2.034650e+01
     vertex  1.545137e+02  1.048243e+01  2.149650e+01
   endloop
 endfacet
 facet normal -9.577479e-01 -2.876090e-01 -1.167763e-15
   outer loop
     vertex  1.545137e+02  1.048243e+01  1.799650e+01
     vertex  1.545137e+02  1.048243e+01  2.149650e+01
     vertex  1.535071e+02  1.383455e+01  1.799650e+01
   endloop
 endfacet
 facet normal -9.577479e-01 -2.876090e-01 -1.167763e-15
   outer loop
     vertex  1.545137e+02  1.048243e+01  1.799650e+01
     vertex  1.548444e+02  9.381018e+00  1.914650e+01
     vertex  1.545137e+02  1.048243e+01  2.149650e+01
   endloop
 endfacet
 facet normal  2.876090e-01 -9.577479e-01  3.157968e-16
   outer loop
     vertex  2.158096e+02  2.888940e+01  2.149650e+01
     vertex  2.253870e+02  3.176549e+01  2.149650e+01
     vertex  2.253870e+02  3.176549e+01  2.599650e+01
   endloop
 endfacet
 facet normal  2.876090e-01 -9.577479e-01  0.000000e+00
   outer loop
     vertex  2.158096e+02  2.888940e+01  2.149650e+01
     vertex  2.253870e+02  3.176549e+01  2.599650e+01
     vertex  2.158096e+02  2.888940e+01  2.599650e+01
   endloop
 endfacet
 facet normal  2.033703e-01 -6.772300e-01  7.071068e-01
   outer loop
     vertex  2.257178e+02  3.066408e+01  2.034650e+01
     vertex  2.158096e+02  2.888940e+01  2.149650e+01
     vertex  2.161403e+02  2.778799e+01  2.034650e+01
   endloop
 endfacet
 facet normal  2.033703e-01 -6.772300e-01  7.071068e-01
   outer loop
     vertex  2.257178e+02  3.066408e+01  2.034650e+01
     vertex  2.253870e+02  3.176549e+01  2.149650e+01
     vertex  2.158096e+02  2.888940e+01  2.149650e+01
   endloop
 endfacet
 facet normal  2.876090e-01 -9.577479e-01 -1.125026e-14
   outer loop
     vertex  2.161403e+02  2.778799e+01  1.914650e+01
     vertex  2.257178e+02  3.066408e+01  1.914650e+01
     vertex  2.257178e+02  3.066408e+01  2.034650e+01
   endloop
 endfacet
 facet normal  2.876090e-01 -9.577479e-01 -4.530065e-15
   outer loop
     vertex  2.161403e+02  2.778799e+01  1.914650e+01
     vertex  2.257178e+02  3.066408e+01  2.034650e+01
     vertex  2.161403e+02  2.778799e+01  2.034650e+01
   endloop
 endfacet
 facet normal  2.033703e-01 -6.772300e-01 -7.071068e-01
   outer loop
     vertex  2.253870e+02  3.176549e+01  1.799650e+01
     vertex  2.161403e+02  2.778799e+01  1.914650e+01
     vertex  2.158096e+02  2.888940e+01  1.799650e+01
   endloop
 endfacet
 facet normal  2.033703e-01 -6.772300e-01 -7.071068e-01
   outer loop
     vertex  2.253870e+02  3.176549e+01  1.799650e+01
     vertex  2.257178e+02  3.066408e+01  1.914650e+01
     vertex  2.161403e+02  2.778799e+01  1.914650e+01
   endloop
 endfacet
 facet normal  5.444167e-15  1.634868e-15 -1.000000e+00
   outer loop
     vertex  2.243804e+02  3.511761e+01  1.799650e+01
     vertex  2.158096e+02  2.888940e+01  1.799650e+01
     vertex  2.148029e+02  3.224152e+01  1.799650e+01
   endloop
 endfacet
 facet normal  6.076368e-15  7.648744e-16 -1.000000e+00
   outer loop
     vertex  2.243804e+02  3.511761e+01  1.799650e+01
     vertex  2.253870e+02  3.176549e+01  1.799650e+01
     vertex  2.158096e+02  2.888940e+01  1.799650e+01
   endloop
 endfacet
 facet normal -2.876090e-01  9.577479e-01 -4.372571e-16
   outer loop
     vertex  2.243804e+02  3.511761e+01  2.449650e+01
     vertex  2.148029e+02  3.224152e+01  1.799650e+01
     vertex  2.148029e+02  3.224152e+01  2.449650e+01
   endloop
 endfacet
 facet normal -2.876090e-01  9.577479e-01 -1.468226e-15
   outer loop
     vertex  2.243804e+02  3.511761e+01  1.799650e+01
     vertex  2.148029e+02  3.224152e+01  1.799650e+01
     vertex  2.243804e+02  3.511761e+01  2.449650e+01
   endloop
 endfacet
 facet normal  9.577479e-01  2.876090e-01 -8.052818e-15
   outer loop
     vertex  2.253870e+02  3.176549e+01  2.599650e+01
     vertex  2.243804e+02  3.511761e+01  2.449650e+01
     vertex  2.239490e+02  3.655423e+01  2.599650e+01
   endloop
 endfacet
 facet normal  9.577479e-01  2.876090e-01  6.503204e-15
   outer loop
     vertex  2.253870e+02  3.176549e+01  2.149650e+01
     vertex  2.243804e+02  3.511761e+01  2.449650e+01
     vertex  2.253870e+02  3.176549e+01  2.599650e+01
   endloop
 endfacet
 facet normal  9.577479e-01  2.876090e-01  8.690039e-15
   outer loop
     vertex  2.243804e+02  3.511761e+01  1.799650e+01
     vertex  2.243804e+02  3.511761e+01  2.449650e+01
     vertex  2.253870e+02  3.176549e+01  2.149650e+01
   endloop
 endfacet
 facet normal  9.577479e-01  2.876090e-01  1.789029e-14
   outer loop
     vertex  2.253870e+02  3.176549e+01  1.799650e+01
     vertex  2.253870e+02  3.176549e+01  2.149650e+01
     vertex  2.257178e+02  3.066408e+01  2.034650e+01
   endloop
 endfacet
 facet normal  9.577479e-01  2.876090e-01  3.419165e-15
   outer loop
     vertex  2.253870e+02  3.176549e+01  1.799650e+01
     vertex  2.257178e+02  3.066408e+01  2.034650e+01
     vertex  2.257178e+02  3.066408e+01  1.914650e+01
   endloop
 endfacet
 facet normal  9.577479e-01  2.876090e-01  1.789029e-14
   outer loop
     vertex  2.253870e+02  3.176549e+01  1.799650e+01
     vertex  2.243804e+02  3.511761e+01  1.799650e+01
     vertex  2.253870e+02  3.176549e+01  2.149650e+01
   endloop
 endfacet
 facet normal -9.577479e-01 -2.876090e-01  9.473903e-15
   outer loop
     vertex  2.158096e+02  2.888940e+01  2.599650e+01
     vertex  2.143715e+02  3.367814e+01  2.599650e+01
     vertex  2.148029e+02  3.224152e+01  2.449650e+01
   endloop
 endfacet
 facet normal -9.577479e-01 -2.876090e-01  0.000000e+00
   outer loop
     vertex  2.158096e+02  2.888940e+01  2.149650e+01
     vertex  2.158096e+02  2.888940e+01  2.599650e+01
     vertex  2.148029e+02  3.224152e+01  2.449650e+01
   endloop
 endfacet
 facet normal -9.577479e-01 -2.876090e-01 -9.004436e-15
   outer loop
     vertex  2.148029e+02  3.224152e+01  1.799650e+01
     vertex  2.158096e+02  2.888940e+01  2.149650e+01
     vertex  2.148029e+02  3.224152e+01  2.449650e+01
   endloop
 endfacet
 facet normal -9.577479e-01 -2.876090e-01 -2.609000e-14
   outer loop
     vertex  2.161403e+02  2.778799e+01  1.914650e+01
     vertex  2.161403e+02  2.778799e+01  2.034650e+01
     vertex  2.158096e+02  2.888940e+01  2.149650e+01
   endloop
 endfacet
 facet normal -9.577479e-01 -2.876090e-01 -9.529025e-15
   outer loop
     vertex  2.158096e+02  2.888940e+01  1.799650e+01
     vertex  2.158096e+02  2.888940e+01  2.149650e+01
     vertex  2.148029e+02  3.224152e+01  1.799650e+01
   endloop
 endfacet
 facet normal -9.577479e-01 -2.876090e-01 -9.529025e-15
   outer loop
     vertex  2.158096e+02  2.888940e+01  1.799650e+01
     vertex  2.161403e+02  2.778799e+01  1.914650e+01
     vertex  2.158096e+02  2.888940e+01  2.149650e+01
   endloop
 endfacet
 facet normal -2.033703e-01  6.772300e-01 -7.071068e-01
   outer loop
     vertex  1.630845e+02  1.671064e+01  2.449650e+01
     vertex  1.535071e+02  1.383455e+01  2.449650e+01
     vertex  1.530756e+02  1.527117e+01  2.599650e+01
   endloop
 endfacet
 facet normal -2.033703e-01  6.772300e-01 -7.071068e-01
   outer loop
     vertex  1.630845e+02  1.671064e+01  2.449650e+01
     vertex  1.530756e+02  1.527117e+01  2.599650e+01
     vertex  1.626531e+02  1.814726e+01  2.599650e+01
   endloop
 endfacet
 facet normal -2.033703e-01  6.772300e-01 -7.071068e-01
   outer loop
     vertex  2.243804e+02  3.511761e+01  2.449650e+01
     vertex  2.148029e+02  3.224152e+01  2.449650e+01
     vertex  2.143715e+02  3.367814e+01  2.599650e+01
   endloop
 endfacet
 facet normal -2.033703e-01  6.772300e-01 -7.071068e-01
   outer loop
     vertex  2.243804e+02  3.511761e+01  2.449650e+01
     vertex  2.143715e+02  3.367814e+01  2.599650e+01
     vertex  2.239490e+02  3.655423e+01  2.599650e+01
   endloop
 endfacet
 facet normal  2.876090e-01 -9.577479e-01 -1.257114e-15
   outer loop
     vertex  8.401443e+01  5.749248e+01  1.799650e+01
     vertex  7.443695e+01  5.461639e+01  2.449650e+01
     vertex  7.443695e+01  5.461639e+01  1.799650e+01
   endloop
 endfacet
 facet normal  2.876090e-01 -9.577479e-01 -2.304546e-15
   outer loop
     vertex  8.401443e+01  5.749248e+01  1.799650e+01
     vertex  8.401443e+01  5.749248e+01  2.449650e+01
     vertex  7.443695e+01  5.461639e+01  2.449650e+01
   endloop
 endfacet
 facet normal  5.395847e-15  5.605160e-16 -1.000000e+00
   outer loop
     vertex  8.401443e+01  5.749248e+01  1.799650e+01
     vertex  7.343032e+01  5.796851e+01  1.799650e+01
     vertex  8.300780e+01  6.084460e+01  1.799650e+01
   endloop
 endfacet
 facet normal  5.444167e-15  1.634868e-15 -1.000000e+00
   outer loop
     vertex  8.401443e+01  5.749248e+01  1.799650e+01
     vertex  7.443695e+01  5.461639e+01  1.799650e+01
     vertex  7.343032e+01  5.796851e+01  1.799650e+01
   endloop
 endfacet
 facet normal -2.033703e-01  6.772300e-01 -7.071068e-01
   outer loop
     vertex  8.267705e+01  6.194601e+01  1.914650e+01
     vertex  7.343032e+01  5.796851e+01  1.799650e+01
     vertex  7.309957e+01  5.906992e+01  1.914650e+01
   endloop
 endfacet
 facet normal -2.033703e-01  6.772300e-01 -7.071068e-01
   outer loop
     vertex  8.300780e+01  6.084460e+01  1.799650e+01
     vertex  7.343032e+01  5.796851e+01  1.799650e+01
     vertex  8.267705e+01  6.194601e+01  1.914650e+01
   endloop
 endfacet
 facet normal -2.876090e-01  9.577479e-01  0.000000e+00
   outer loop
     vertex  7.309957e+01  5.906992e+01  1.914650e+01
     vertex  8.267705e+01  6.194601e+01  2.034650e+01
     vertex  8.267705e+01  6.194601e+01  1.914650e+01
   endloop
 endfacet
 facet normal -2.876090e-01  9.577479e-01  5.671007e-15
   outer loop
     vertex  7.309957e+01  5.906992e+01  1.914650e+01
     vertex  7.309957e+01  5.906992e+01  2.034650e+01
     vertex  8.267705e+01  6.194601e+01  2.034650e+01
   endloop
 endfacet
 facet normal -2.033703e-01  6.772300e-01  7.071068e-01
   outer loop
     vertex  8.267705e+01  6.194601e+01  2.034650e+01
     vertex  7.343032e+01  5.796851e+01  2.149650e+01
     vertex  8.300780e+01  6.084460e+01  2.149650e+01
   endloop
 endfacet
 facet normal -2.033703e-01  6.772300e-01  7.071068e-01
   outer loop
     vertex  8.267705e+01  6.194601e+01  2.034650e+01
     vertex  7.309957e+01  5.906992e+01  2.034650e+01
     vertex  7.343032e+01  5.796851e+01  2.149650e+01
   endloop
 endfacet
 facet normal -2.876090e-01  9.577479e-01 -2.368476e-16
   outer loop
     vertex  7.343032e+01  5.796851e+01  2.149650e+01
     vertex  8.300780e+01  6.084460e+01  2.599650e+01
     vertex  8.300780e+01  6.084460e+01  2.149650e+01
   endloop
 endfacet
 facet normal -2.876090e-01  9.577479e-01 -3.042513e-16
   outer loop
     vertex  7.343032e+01  5.796851e+01  2.149650e+01
     vertex  7.343032e+01  5.796851e+01  2.599650e+01
     vertex  8.300780e+01  6.084460e+01  2.599650e+01
   endloop
 endfacet
 facet normal  9.577479e-01  2.876090e-01 -3.865040e-15
   outer loop
     vertex  8.300780e+01  6.084460e+01  2.149650e+01
     vertex  8.401443e+01  5.749248e+01  2.449650e+01
     vertex  8.401443e+01  5.749248e+01  1.799650e+01
   endloop
 endfacet
 facet normal  9.577479e-01  2.876090e-01  7.193499e-15
   outer loop
     vertex  8.300780e+01  6.084460e+01  2.149650e+01
     vertex  8.401443e+01  5.749248e+01  1.799650e+01
     vertex  8.300780e+01  6.084460e+01  1.799650e+01
   endloop
 endfacet
 facet normal  9.577479e-01  2.876090e-01  7.193499e-15
   outer loop
     vertex  8.300780e+01  6.084460e+01  2.149650e+01
     vertex  8.300780e+01  6.084460e+01  1.799650e+01
     vertex  8.267705e+01  6.194601e+01  1.914650e+01
   endloop
 endfacet
 facet normal  9.577479e-01  2.876090e-01  0.000000e+00
   outer loop
     vertex  8.267705e+01  6.194601e+01  2.034650e+01
     vertex  8.300780e+01  6.084460e+01  2.149650e+01
     vertex  8.267705e+01  6.194601e+01  1.914650e+01
   endloop
 endfacet
 facet normal  9.577479e-01  2.876090e-01  2.344791e-14
   outer loop
     vertex  8.300780e+01  6.084460e+01  2.599650e+01
     vertex  8.444584e+01  5.605586e+01  2.599650e+01
     vertex  8.401443e+01  5.749248e+01  2.449650e+01
   endloop
 endfacet
 facet normal  9.577479e-01  2.876090e-01  6.503204e-15
   outer loop
     vertex  8.300780e+01  6.084460e+01  2.599650e+01
     vertex  8.401443e+01  5.749248e+01  2.449650e+01
     vertex  8.300780e+01  6.084460e+01  2.149650e+01
   endloop
 endfacet
 facet normal -9.577479e-01 -2.876090e-01  4.177367e-15
   outer loop
     vertex  7.343032e+01  5.796851e+01  2.149650e+01
     vertex  7.443695e+01  5.461639e+01  1.799650e+01
     vertex  7.443695e+01  5.461639e+01  2.449650e+01
   endloop
 endfacet
 facet normal -9.577479e-01 -2.876090e-01 -5.838814e-16
   outer loop
     vertex  7.343032e+01  5.796851e+01  2.149650e+01
     vertex  7.343032e+01  5.796851e+01  1.799650e+01
     vertex  7.443695e+01  5.461639e+01  1.799650e+01
   endloop
 endfacet
 facet normal -9.577479e-01 -2.876090e-01 -5.838814e-16
   outer loop
     vertex  7.343032e+01  5.796851e+01  2.149650e+01
     vertex  7.309957e+01  5.906992e+01  1.914650e+01
     vertex  7.343032e+01  5.796851e+01  1.799650e+01
   endloop
 endfacet
 facet normal -9.577479e-01 -2.876090e-01 -1.702987e-15
   outer loop
     vertex  7.309957e+01  5.906992e+01  2.034650e+01
     vertex  7.309957e+01  5.906992e+01  1.914650e+01
     vertex  7.343032e+01  5.796851e+01  2.149650e+01
   endloop
 endfacet
 facet normal -9.577479e-01 -2.876090e-01  1.006602e-14
   outer loop
     vertex  7.343032e+01  5.796851e+01  2.599650e+01
     vertex  7.443695e+01  5.461639e+01  2.449650e+01
     vertex  7.486836e+01  5.317977e+01  2.599650e+01
   endloop
 endfacet
 facet normal -9.577479e-01 -2.876090e-01 -6.503204e-15
   outer loop
     vertex  7.343032e+01  5.796851e+01  2.599650e+01
     vertex  7.343032e+01  5.796851e+01  2.149650e+01
     vertex  7.443695e+01  5.461639e+01  2.449650e+01
   endloop
 endfacet
 facet normal  2.033703e-01 -6.772300e-01 -7.071068e-01
   outer loop
     vertex  7.443695e+01  5.461639e+01  2.449650e+01
     vertex  8.401443e+01  5.749248e+01  2.449650e+01
     vertex  8.444584e+01  5.605586e+01  2.599650e+01
   endloop
 endfacet
 facet normal  2.033703e-01 -6.772300e-01 -7.071068e-01
   outer loop
     vertex  7.486836e+01  5.317977e+01  2.599650e+01
     vertex  7.443695e+01  5.461639e+01  2.449650e+01
     vertex  8.444584e+01  5.605586e+01  2.599650e+01
   endloop
 endfacet
 facet normal  2.876090e-01 -9.577479e-01 -2.131628e-15
   outer loop
     vertex  1.453103e+02  7.589946e+01  1.799650e+01
     vertex  1.357328e+02  7.302337e+01  2.449650e+01
     vertex  1.357328e+02  7.302337e+01  1.799650e+01
   endloop
 endfacet
 facet normal  2.876090e-01 -9.577479e-01 -2.093910e-15
   outer loop
     vertex  1.453103e+02  7.589946e+01  1.799650e+01
     vertex  1.453103e+02  7.589946e+01  2.449650e+01
     vertex  1.357328e+02  7.302337e+01  2.449650e+01
   endloop
 endfacet
 facet normal  5.736107e-15  6.626952e-16 -1.000000e+00
   outer loop
     vertex  1.453103e+02  7.589946e+01  1.799650e+01
     vertex  1.347262e+02  7.637549e+01  1.799650e+01
     vertex  1.443037e+02  7.925157e+01  1.799650e+01
   endloop
 endfacet
 facet normal  5.784427e-15  1.737047e-15 -1.000000e+00
   outer loop
     vertex  1.453103e+02  7.589946e+01  1.799650e+01
     vertex  1.357328e+02  7.302337e+01  1.799650e+01
     vertex  1.347262e+02  7.637549e+01  1.799650e+01
   endloop
 endfacet
 facet normal -2.033703e-01  6.772300e-01 -7.071068e-01
   outer loop
     vertex  1.443037e+02  7.925157e+01  1.799650e+01
     vertex  1.343954e+02  7.747690e+01  1.914650e+01
     vertex  1.439729e+02  8.035299e+01  1.914650e+01
   endloop
 endfacet
 facet normal -2.033703e-01  6.772300e-01 -7.071068e-01
   outer loop
     vertex  1.443037e+02  7.925157e+01  1.799650e+01
     vertex  1.347262e+02  7.637549e+01  1.799650e+01
     vertex  1.343954e+02  7.747690e+01  1.914650e+01
   endloop
 endfacet
 facet normal -2.876090e-01  9.577479e-01 -6.809368e-15
   outer loop
     vertex  1.343954e+02  7.747690e+01  1.914650e+01
     vertex  1.439729e+02  8.035299e+01  2.034650e+01
     vertex  1.439729e+02  8.035299e+01  1.914650e+01
   endloop
 endfacet
 facet normal -2.876090e-01  9.577479e-01  4.530065e-15
   outer loop
     vertex  1.343954e+02  7.747690e+01  1.914650e+01
     vertex  1.343954e+02  7.747690e+01  2.034650e+01
     vertex  1.439729e+02  8.035299e+01  2.034650e+01
   endloop
 endfacet
 facet normal -2.033703e-01  6.772300e-01  7.071068e-01
   outer loop
     vertex  1.439729e+02  8.035299e+01  2.034650e+01
     vertex  1.347262e+02  7.637549e+01  2.149650e+01
     vertex  1.443037e+02  7.925157e+01  2.149650e+01
   endloop
 endfacet
 facet normal -2.033703e-01  6.772300e-01  7.071068e-01
   outer loop
     vertex  1.439729e+02  8.035299e+01  2.034650e+01
     vertex  1.343954e+02  7.747690e+01  2.034650e+01
     vertex  1.347262e+02  7.637549e+01  2.149650e+01
   endloop
 endfacet
 facet normal -2.876090e-01  9.577479e-01 -6.315935e-16
   outer loop
     vertex  1.347262e+02  7.637549e+01  2.149650e+01
     vertex  1.443037e+02  7.925157e+01  2.599650e+01
     vertex  1.443037e+02  7.925157e+01  2.149650e+01
   endloop
 endfacet
 facet normal -2.876090e-01  9.577479e-01  2.416034e-15
   outer loop
     vertex  1.347262e+02  7.637549e+01  2.149650e+01
     vertex  1.347262e+02  7.637549e+01  2.599650e+01
     vertex  1.443037e+02  7.925157e+01  2.599650e+01
   endloop
 endfacet
 facet normal  9.577479e-01  2.876090e-01  6.246530e-16
   outer loop
     vertex  1.443037e+02  7.925157e+01  2.149650e+01
     vertex  1.453103e+02  7.589946e+01  2.449650e+01
     vertex  1.453103e+02  7.589946e+01  1.799650e+01
   endloop
 endfacet
 facet normal  9.577479e-01  2.876090e-01  1.167763e-15
   outer loop
     vertex  1.443037e+02  7.925157e+01  2.149650e+01
     vertex  1.453103e+02  7.589946e+01  1.799650e+01
     vertex  1.443037e+02  7.925157e+01  1.799650e+01
   endloop
 endfacet
 facet normal  9.577479e-01  2.876090e-01  1.167763e-15
   outer loop
     vertex  1.443037e+02  7.925157e+01  2.149650e+01
     vertex  1.443037e+02  7.925157e+01  1.799650e+01
     vertex  1.439729e+02  8.035299e+01  1.914650e+01
   endloop
 endfacet
 facet normal  9.577479e-01  2.876090e-01  2.268403e-14
   outer loop
     vertex  1.439729e+02  8.035299e+01  2.034650e+01
     vertex  1.443037e+02  7.925157e+01  2.149650e+01
     vertex  1.439729e+02  8.035299e+01  1.914650e+01
   endloop
 endfacet
 facet normal  9.577479e-01  2.876090e-01  4.298784e-14
   outer loop
     vertex  1.443037e+02  7.925157e+01  2.599650e+01
     vertex  1.457417e+02  7.446284e+01  2.599650e+01
     vertex  1.453103e+02  7.589946e+01  2.449650e+01
   endloop
 endfacet
 facet normal  9.577479e-01  2.876090e-01  1.300641e-14
   outer loop
     vertex  1.443037e+02  7.925157e+01  2.599650e+01
     vertex  1.453103e+02  7.589946e+01  2.449650e+01
     vertex  1.443037e+02  7.925157e+01  2.149650e+01
   endloop
 endfacet
 facet normal -9.577479e-01 -2.876090e-01 -6.441734e-16
   outer loop
     vertex  1.347262e+02  7.637549e+01  2.149650e+01
     vertex  1.357328e+02  7.302337e+01  1.799650e+01
     vertex  1.357328e+02  7.302337e+01  2.449650e+01
   endloop
 endfacet
 facet normal -9.577479e-01 -2.876090e-01 -0.000000e+00
   outer loop
     vertex  1.347262e+02  7.637549e+01  2.149650e+01
     vertex  1.347262e+02  7.637549e+01  1.799650e+01
     vertex  1.357328e+02  7.302337e+01  1.799650e+01
   endloop
 endfacet
 facet normal -9.577479e-01 -2.876090e-01 -0.000000e+00
   outer loop
     vertex  1.347262e+02  7.637549e+01  2.149650e+01
     vertex  1.343954e+02  7.747690e+01  1.914650e+01
     vertex  1.347262e+02  7.637549e+01  1.799650e+01
   endloop
 endfacet
 facet normal -9.577479e-01 -2.876090e-01 -2.609000e-14
   outer loop
     vertex  1.343954e+02  7.747690e+01  2.034650e+01
     vertex  1.343954e+02  7.747690e+01  1.914650e+01
     vertex  1.347262e+02  7.637549e+01  2.149650e+01
   endloop
 endfacet
 facet normal -9.577479e-01 -2.876090e-01 -4.298784e-14
   outer loop
     vertex  1.347262e+02  7.637549e+01  2.599650e+01
     vertex  1.357328e+02  7.302337e+01  2.449650e+01
     vertex  1.361642e+02  7.158675e+01  2.599650e+01
   endloop
 endfacet
 facet normal -9.577479e-01 -2.876090e-01 -1.391467e-14
   outer loop
     vertex  1.347262e+02  7.637549e+01  2.599650e+01
     vertex  1.347262e+02  7.637549e+01  2.149650e+01
     vertex  1.357328e+02  7.302337e+01  2.449650e+01
   endloop
 endfacet
 facet normal  2.876090e-01 -9.577479e-01 -2.896828e-15
   outer loop
     vertex  2.066062e+02  9.430643e+01  1.799650e+01
     vertex  1.970287e+02  9.143034e+01  2.449650e+01
     vertex  1.970287e+02  9.143034e+01  1.799650e+01
   endloop
 endfacet
 facet normal  2.876090e-01 -9.577479e-01  2.515181e-15
   outer loop
     vertex  2.066062e+02  9.430643e+01  1.799650e+01
     vertex  2.066062e+02  9.430643e+01  2.449650e+01
     vertex  1.970287e+02  9.143034e+01  2.449650e+01
   endloop
 endfacet
 facet normal  6.028048e-15 -3.094774e-16 -1.000000e+00
   outer loop
     vertex  2.066062e+02  9.430643e+01  1.799650e+01
     vertex  1.960221e+02  9.478246e+01  1.799650e+01
     vertex  2.055995e+02  9.765855e+01  1.799650e+01
   endloop
 endfacet
 facet normal  6.076368e-15  7.648744e-16 -1.000000e+00
   outer loop
     vertex  2.066062e+02  9.430643e+01  1.799650e+01
     vertex  1.970287e+02  9.143034e+01  1.799650e+01
     vertex  1.960221e+02  9.478246e+01  1.799650e+01
   endloop
 endfacet
 facet normal -2.033703e-01  6.772300e-01 -7.071068e-01
   outer loop
     vertex  2.055995e+02  9.765855e+01  1.799650e+01
     vertex  1.956913e+02  9.588387e+01  1.914650e+01
     vertex  2.052688e+02  9.875996e+01  1.914650e+01
   endloop
 endfacet
 facet normal -2.033703e-01  6.772300e-01 -7.071068e-01
   outer loop
     vertex  2.055995e+02  9.765855e+01  1.799650e+01
     vertex  1.960221e+02  9.478246e+01  1.799650e+01
     vertex  1.956913e+02  9.588387e+01  1.914650e+01
   endloop
 endfacet
 facet normal -2.876090e-01  9.577479e-01  0.000000e+00
   outer loop
     vertex  1.956913e+02  9.588387e+01  1.914650e+01
     vertex  2.052688e+02  9.875996e+01  2.034650e+01
     vertex  2.052688e+02  9.875996e+01  1.914650e+01
   endloop
 endfacet
 facet normal -2.876090e-01  9.577479e-01  0.000000e+00
   outer loop
     vertex  1.956913e+02  9.588387e+01  1.914650e+01
     vertex  1.956913e+02  9.588387e+01  2.034650e+01
     vertex  2.052688e+02  9.875996e+01  2.034650e+01
   endloop
 endfacet
 facet normal -2.033703e-01  6.772300e-01  7.071068e-01
   outer loop
     vertex  2.052688e+02  9.875996e+01  2.034650e+01
     vertex  1.960221e+02  9.478246e+01  2.149650e+01
     vertex  2.055995e+02  9.765855e+01  2.149650e+01
   endloop
 endfacet
 facet normal -2.033703e-01  6.772300e-01  7.071068e-01
   outer loop
     vertex  2.052688e+02  9.875996e+01  2.034650e+01
     vertex  1.956913e+02  9.588387e+01  2.034650e+01
     vertex  1.960221e+02  9.478246e+01  2.149650e+01
   endloop
 endfacet
 facet normal -2.876090e-01  9.577479e-01 -1.815831e-15
   outer loop
     vertex  1.960221e+02  9.478246e+01  2.149650e+01
     vertex  2.055995e+02  9.765855e+01  2.599650e+01
     vertex  2.055995e+02  9.765855e+01  2.149650e+01
   endloop
 endfacet
 facet normal -2.876090e-01  9.577479e-01  1.208017e-15
   outer loop
     vertex  1.960221e+02  9.478246e+01  2.149650e+01
     vertex  1.960221e+02  9.478246e+01  2.599650e+01
     vertex  2.055995e+02  9.765855e+01  2.599650e+01
   endloop
 endfacet
 facet normal  9.577479e-01  2.876090e-01  8.374254e-15
   outer loop
     vertex  2.055995e+02  9.765855e+01  2.149650e+01
     vertex  2.066062e+02  9.430643e+01  2.449650e+01
     vertex  2.066062e+02  9.430643e+01  1.799650e+01
   endloop
 endfacet
 facet normal  9.577479e-01  2.876090e-01  1.011291e-14
   outer loop
     vertex  2.055995e+02  9.765855e+01  2.149650e+01
     vertex  2.066062e+02  9.430643e+01  1.799650e+01
     vertex  2.055995e+02  9.765855e+01  1.799650e+01
   endloop
 endfacet
 facet normal  9.577479e-01  2.876090e-01  1.011291e-14
   outer loop
     vertex  2.055995e+02  9.765855e+01  2.149650e+01
     vertex  2.055995e+02  9.765855e+01  1.799650e+01
     vertex  2.052688e+02  9.875996e+01  1.914650e+01
   endloop
 endfacet
 facet normal  9.577479e-01  2.876090e-01  0.000000e+00
   outer loop
     vertex  2.052688e+02  9.875996e+01  2.034650e+01
     vertex  2.055995e+02  9.765855e+01  2.149650e+01
     vertex  2.052688e+02  9.875996e+01  1.914650e+01
   endloop
 endfacet
 facet normal  9.577479e-01  2.876090e-01  3.019807e-14
   outer loop
     vertex  2.055995e+02  9.765855e+01  2.599650e+01
     vertex  2.070376e+02  9.286981e+01  2.599650e+01
     vertex  2.066062e+02  9.430643e+01  2.449650e+01
   endloop
 endfacet
 facet normal  9.577479e-01  2.876090e-01  6.049074e-15
   outer loop
     vertex  2.055995e+02  9.765855e+01  2.599650e+01
     vertex  2.066062e+02  9.430643e+01  2.449650e+01
     vertex  2.055995e+02  9.765855e+01  2.149650e+01
   endloop
 endfacet
 facet normal -9.577479e-01 -2.876090e-01 -5.446193e-15
   outer loop
     vertex  1.960221e+02  9.478246e+01  2.149650e+01
     vertex  1.970287e+02  9.143034e+01  1.799650e+01
     vertex  1.970287e+02  9.143034e+01  2.449650e+01
   endloop
 endfacet
 facet normal -9.577479e-01 -2.876090e-01 -1.672252e-14
   outer loop
     vertex  1.960221e+02  9.478246e+01  2.149650e+01
     vertex  1.960221e+02  9.478246e+01  1.799650e+01
     vertex  1.970287e+02  9.143034e+01  1.799650e+01
   endloop
 endfacet
 facet normal -9.577479e-01 -2.876090e-01 -1.672252e-14
   outer loop
     vertex  1.960221e+02  9.478246e+01  2.149650e+01
     vertex  1.956913e+02  9.588387e+01  1.914650e+01
     vertex  1.960221e+02  9.478246e+01  1.799650e+01
   endloop
 endfacet
 facet normal -9.577479e-01 -2.876090e-01 -0.000000e+00
   outer loop
     vertex  1.956913e+02  9.588387e+01  2.034650e+01
     vertex  1.956913e+02  9.588387e+01  1.914650e+01
     vertex  1.960221e+02  9.478246e+01  2.149650e+01
   endloop
 endfacet
 facet normal -9.577479e-01 -2.876090e-01 -1.563194e-14
   outer loop
     vertex  1.960221e+02  9.478246e+01  2.599650e+01
     vertex  1.970287e+02  9.143034e+01  2.449650e+01
     vertex  1.974601e+02  8.999372e+01  2.599650e+01
   endloop
 endfacet
 facet normal -9.577479e-01 -2.876090e-01 -6.957334e-15
   outer loop
     vertex  1.960221e+02  9.478246e+01  2.599650e+01
     vertex  1.960221e+02  9.478246e+01  2.149650e+01
     vertex  1.970287e+02  9.143034e+01  2.449650e+01
   endloop
 endfacet
 facet normal  2.033703e-01 -6.772300e-01 -7.071068e-01
   outer loop
     vertex  1.357328e+02  7.302337e+01  2.449650e+01
     vertex  1.453103e+02  7.589946e+01  2.449650e+01
     vertex  1.457417e+02  7.446284e+01  2.599650e+01
   endloop
 endfacet
 facet normal  2.033703e-01 -6.772300e-01 -7.071068e-01
   outer loop
     vertex  1.361642e+02  7.158675e+01  2.599650e+01
     vertex  1.357328e+02  7.302337e+01  2.449650e+01
     vertex  1.457417e+02  7.446284e+01  2.599650e+01
   endloop
 endfacet
 facet normal  2.033703e-01 -6.772300e-01 -7.071068e-01
   outer loop
     vertex  1.974601e+02  8.999372e+01  2.599650e+01
     vertex  1.970287e+02  9.143034e+01  2.449650e+01
     vertex  2.066062e+02  9.430643e+01  2.449650e+01
   endloop
 endfacet
 facet normal  2.033703e-01 -6.772300e-01 -7.071068e-01
   outer loop
     vertex  1.974601e+02  8.999372e+01  2.599650e+01
     vertex  2.066062e+02  9.430643e+01  2.449650e+01
     vertex  2.070376e+02  9.286981e+01  2.599650e+01
   endloop
 endfacet
 facet normal -9.224379e-01 -3.861454e-01 -7.242759e-15
   outer loop
     vertex  2.474553e+02  7.599864e+01  1.799650e+01
     vertex  2.462063e+02  7.898214e+01  2.599650e+01
     vertex  2.462063e+02  7.898214e+01  1.799650e+01
   endloop
 endfacet
 facet normal -9.224379e-01 -3.861454e-01 -1.120334e-14
   outer loop
     vertex  2.474553e+02  7.599864e+01  1.799650e+01
     vertex  2.474553e+02  7.599864e+01  2.599650e+01
     vertex  2.462063e+02  7.898214e+01  2.599650e+01
   endloop
 endfacet
 facet normal -9.577479e-01 -2.876090e-01 -6.294312e-15
   outer loop
     vertex  2.483855e+02  7.290093e+01  1.799650e+01
     vertex  2.483855e+02  7.290093e+01  2.599650e+01
     vertex  2.474553e+02  7.599864e+01  2.599650e+01
   endloop
 endfacet
 facet normal -9.577479e-01 -2.876090e-01 -1.122456e-14
   outer loop
     vertex  2.483855e+02  7.290093e+01  1.799650e+01
     vertex  2.474553e+02  7.599864e+01  2.599650e+01
     vertex  2.474553e+02  7.599864e+01  1.799650e+01
   endloop
 endfacet
 facet normal -9.825646e-01 -1.859215e-01 -7.311804e-15
   outer loop
     vertex  2.489868e+02  6.972297e+01  1.799650e+01
     vertex  2.489868e+02  6.972297e+01  2.599650e+01
     vertex  2.483855e+02  7.290093e+01  2.599650e+01
   endloop
 endfacet
 facet normal -9.825646e-01 -1.859215e-01 -6.659219e-15
   outer loop
     vertex  2.489868e+02  6.972297e+01  1.799650e+01
     vertex  2.483855e+02  7.290093e+01  2.599650e+01
     vertex  2.483855e+02  7.290093e+01  1.799650e+01
   endloop
 endfacet
 facet normal  9.224379e-01  3.861454e-01  8.222244e-15
   outer loop
     vertex  2.507501e+02  7.717933e+01  2.149650e+01
     vertex  2.493597e+02  8.050076e+01  2.149650e+01
     vertex  2.493597e+02  8.050076e+01  2.599650e+01
   endloop
 endfacet
 facet normal  9.224379e-01  3.861454e-01 -5.826059e-15
   outer loop
     vertex  2.507501e+02  7.717933e+01  2.149650e+01
     vertex  2.493597e+02  8.050076e+01  2.599650e+01
     vertex  2.507501e+02  7.717933e+01  2.599650e+01
   endloop
 endfacet
 facet normal  9.577479e-01  2.876090e-01 -6.957334e-15
   outer loop
     vertex  2.517857e+02  7.373075e+01  2.149650e+01
     vertex  2.507501e+02  7.717933e+01  2.599650e+01
     vertex  2.517857e+02  7.373075e+01  2.599650e+01
   endloop
 endfacet
 facet normal  9.825646e-01  1.859215e-01 -6.792949e-15
   outer loop
     vertex  2.517857e+02  7.373075e+01  2.149650e+01
     vertex  2.517857e+02  7.373075e+01  2.599650e+01
     vertex  2.524552e+02  7.019282e+01  2.599650e+01
   endloop
 endfacet
 facet normal  9.577479e-01  2.876090e-01 -6.029646e-15
   outer loop
     vertex  2.517857e+02  7.373075e+01  2.149650e+01
     vertex  2.507501e+02  7.717933e+01  2.149650e+01
     vertex  2.507501e+02  7.717933e+01  2.599650e+01
   endloop
 endfacet
 facet normal  9.825646e-01  1.859215e-01 -0.000000e+00
   outer loop
     vertex  2.524552e+02  7.019282e+01  2.149650e+01
     vertex  2.517857e+02  7.373075e+01  2.149650e+01
     vertex  2.524552e+02  7.019282e+01  2.599650e+01
   endloop
 endfacet
 facet normal  6.527092e-01  2.732332e-01  7.066218e-01
   outer loop
     vertex  2.518327e+02  7.756727e+01  2.034650e+01
     vertex  2.503958e+02  8.099974e+01  2.034650e+01
     vertex  2.493597e+02  8.050076e+01  2.149650e+01
   endloop
 endfacet
 facet normal  6.527092e-01  2.732332e-01  7.066218e-01
   outer loop
     vertex  2.518327e+02  7.756727e+01  2.034650e+01
     vertex  2.493597e+02  8.050076e+01  2.149650e+01
     vertex  2.507501e+02  7.717933e+01  2.149650e+01
   endloop
 endfacet
 facet normal  6.776943e-01  2.035097e-01  7.066218e-01
   outer loop
     vertex  2.529029e+02  7.400340e+01  2.034650e+01
     vertex  2.507501e+02  7.717933e+01  2.149650e+01
     vertex  2.517857e+02  7.373075e+01  2.149650e+01
   endloop
 endfacet
 facet normal  6.776943e-01  2.035097e-01  7.066218e-01
   outer loop
     vertex  2.529029e+02  7.400340e+01  2.034650e+01
     vertex  2.518327e+02  7.756727e+01  2.034650e+01
     vertex  2.507501e+02  7.717933e+01  2.149650e+01
   endloop
 endfacet
 facet normal  6.952543e-01  1.315565e-01  7.066218e-01
   outer loop
     vertex  2.535947e+02  7.034720e+01  2.034650e+01
     vertex  2.517857e+02  7.373075e+01  2.149650e+01
     vertex  2.524552e+02  7.019282e+01  2.149650e+01
   endloop
 endfacet
 facet normal  6.952543e-01  1.315565e-01  7.066218e-01
   outer loop
     vertex  2.535947e+02  7.034720e+01  2.034650e+01
     vertex  2.529029e+02  7.400340e+01  2.034650e+01
     vertex  2.517857e+02  7.373075e+01  2.149650e+01
   endloop
 endfacet
 facet normal  9.224379e-01  3.861454e-01  0.000000e+00
   outer loop
     vertex  2.518327e+02  7.756727e+01  1.914650e+01
     vertex  2.503958e+02  8.099974e+01  1.914650e+01
     vertex  2.503958e+02  8.099974e+01  2.034650e+01
   endloop
 endfacet
 facet normal  9.224379e-01  3.861454e-01 -0.000000e+00
   outer loop
     vertex  2.518327e+02  7.756727e+01  1.914650e+01
     vertex  2.503958e+02  8.099974e+01  2.034650e+01
     vertex  2.518327e+02  7.756727e+01  2.034650e+01
   endloop
 endfacet
 facet normal  9.577479e-01  2.876090e-01  3.405975e-15
   outer loop
     vertex  2.529029e+02  7.400340e+01  1.914650e+01
     vertex  2.518327e+02  7.756727e+01  2.034650e+01
     vertex  2.529029e+02  7.400340e+01  2.034650e+01
   endloop
 endfacet
 facet normal  9.577479e-01  2.876090e-01  0.000000e+00
   outer loop
     vertex  2.529029e+02  7.400340e+01  1.914650e+01
     vertex  2.518327e+02  7.756727e+01  1.914650e+01
     vertex  2.518327e+02  7.756727e+01  2.034650e+01
   endloop
 endfacet
 facet normal  9.825646e-01  1.859215e-01  5.094712e-14
   outer loop
     vertex  2.535947e+02  7.034720e+01  1.914650e+01
     vertex  2.529029e+02  7.400340e+01  2.034650e+01
     vertex  2.535947e+02  7.034720e+01  2.034650e+01
   endloop
 endfacet
 facet normal  9.825646e-01  1.859215e-01  2.287426e-15
   outer loop
     vertex  2.535947e+02  7.034720e+01  1.914650e+01
     vertex  2.529029e+02  7.400340e+01  1.914650e+01
     vertex  2.529029e+02  7.400340e+01  2.034650e+01
   endloop
 endfacet
 facet normal  6.952543e-01  1.315565e-01 -7.066218e-01
   outer loop
     vertex  2.529029e+02  7.400340e+01  1.914650e+01
     vertex  2.524552e+02  7.019282e+01  1.799650e+01
     vertex  2.517857e+02  7.373075e+01  1.799650e+01
   endloop
 endfacet
 facet normal  6.952543e-01  1.315565e-01 -7.066218e-01
   outer loop
     vertex  2.529029e+02  7.400340e+01  1.914650e+01
     vertex  2.535947e+02  7.034720e+01  1.914650e+01
     vertex  2.524552e+02  7.019282e+01  1.799650e+01
   endloop
 endfacet
 facet normal  6.776943e-01  2.035097e-01 -7.066218e-01
   outer loop
     vertex  2.518327e+02  7.756727e+01  1.914650e+01
     vertex  2.517857e+02  7.373075e+01  1.799650e+01
     vertex  2.507501e+02  7.717933e+01  1.799650e+01
   endloop
 endfacet
 facet normal  6.776943e-01  2.035097e-01 -7.066218e-01
   outer loop
     vertex  2.518327e+02  7.756727e+01  1.914650e+01
     vertex  2.529029e+02  7.400340e+01  1.914650e+01
     vertex  2.517857e+02  7.373075e+01  1.799650e+01
   endloop
 endfacet
 facet normal  6.527092e-01  2.732332e-01 -7.066218e-01
   outer loop
     vertex  2.503958e+02  8.099974e+01  1.914650e+01
     vertex  2.507501e+02  7.717933e+01  1.799650e+01
     vertex  2.493597e+02  8.050076e+01  1.799650e+01
   endloop
 endfacet
 facet normal  6.527092e-01  2.732332e-01 -7.066218e-01
   outer loop
     vertex  2.503958e+02  8.099974e+01  1.914650e+01
     vertex  2.518327e+02  7.756727e+01  1.914650e+01
     vertex  2.507501e+02  7.717933e+01  1.799650e+01
   endloop
 endfacet
 facet normal  8.243030e-15  1.069071e-15 -1.000000e+00
   outer loop
     vertex  2.507501e+02  7.717933e+01  1.799650e+01
     vertex  2.474553e+02  7.599864e+01  1.799650e+01
     vertex  2.462063e+02  7.898214e+01  1.799650e+01
   endloop
 endfacet
 facet normal  7.788054e-15  2.338731e-15 -1.000000e+00
   outer loop
     vertex  2.507501e+02  7.717933e+01  1.799650e+01
     vertex  2.483855e+02  7.290093e+01  1.799650e+01
     vertex  2.474553e+02  7.599864e+01  1.799650e+01
   endloop
 endfacet
 facet normal  7.849399e-15  7.697127e-17 -1.000000e+00
   outer loop
     vertex  2.507501e+02  7.717933e+01  1.799650e+01
     vertex  2.462063e+02  7.898214e+01  1.799650e+01
     vertex  2.493597e+02  8.050076e+01  1.799650e+01
   endloop
 endfacet
 facet normal  6.991122e-15  1.322865e-15 -1.000000e+00
   outer loop
     vertex  2.517857e+02  7.373075e+01  1.799650e+01
     vertex  2.489868e+02  6.972297e+01  1.799650e+01
     vertex  2.483855e+02  7.290093e+01  1.799650e+01
   endloop
 endfacet
 facet normal  6.580297e-15  3.006242e-15 -1.000000e+00
   outer loop
     vertex  2.517857e+02  7.373075e+01  1.799650e+01
     vertex  2.483855e+02  7.290093e+01  1.799650e+01
     vertex  2.507501e+02  7.717933e+01  1.799650e+01
   endloop
 endfacet
 facet normal  8.122490e-15  5.327653e-16 -1.000000e+00
   outer loop
     vertex  2.524552e+02  7.019282e+01  1.799650e+01
     vertex  2.489868e+02  6.972297e+01  1.799650e+01
     vertex  2.517857e+02  7.373075e+01  1.799650e+01
   endloop
 endfacet
 facet normal -4.338928e-01  9.009645e-01 -1.490871e-15
   outer loop
     vertex  2.493597e+02  8.050076e+01  2.149650e+01
     vertex  2.462063e+02  7.898214e+01  1.799650e+01
     vertex  2.462063e+02  7.898214e+01  2.599650e+01
   endloop
 endfacet
 facet normal -4.338928e-01  9.009645e-01  2.949994e-15
   outer loop
     vertex  2.493597e+02  8.050076e+01  2.149650e+01
     vertex  2.462063e+02  7.898214e+01  2.599650e+01
     vertex  2.493597e+02  8.050076e+01  2.599650e+01
   endloop
 endfacet
 facet normal -4.338928e-01  9.009645e-01 -7.181558e-15
   outer loop
     vertex  2.493597e+02  8.050076e+01  1.799650e+01
     vertex  2.462063e+02  7.898214e+01  1.799650e+01
     vertex  2.493597e+02  8.050076e+01  2.149650e+01
   endloop
 endfacet
 facet normal -4.338928e-01  9.009645e-01  0.000000e+00
   outer loop
     vertex  2.503958e+02  8.099974e+01  1.914650e+01
     vertex  2.493597e+02  8.050076e+01  2.149650e+01
     vertex  2.503958e+02  8.099974e+01  2.034650e+01
   endloop
 endfacet
 facet normal -4.338928e-01  9.009645e-01 -7.171627e-15
   outer loop
     vertex  2.503958e+02  8.099974e+01  1.914650e+01
     vertex  2.493597e+02  8.050076e+01  1.799650e+01
     vertex  2.493597e+02  8.050076e+01  2.149650e+01
   endloop
 endfacet
 facet normal  1.342433e-01 -9.909484e-01  0.000000e+00
   outer loop
     vertex  2.524552e+02  7.019282e+01  2.149650e+01
     vertex  2.524552e+02  7.019282e+01  2.599650e+01
     vertex  2.489868e+02  6.972297e+01  2.599650e+01
   endloop
 endfacet
 facet normal  1.342433e-01 -9.909484e-01 -8.088768e-16
   outer loop
     vertex  2.524552e+02  7.019282e+01  2.149650e+01
     vertex  2.489868e+02  6.972297e+01  2.599650e+01
     vertex  2.489868e+02  6.972297e+01  1.799650e+01
   endloop
 endfacet
 facet normal  1.342433e-01 -9.909484e-01  2.180242e-15
   outer loop
     vertex  2.524552e+02  7.019282e+01  1.799650e+01
     vertex  2.524552e+02  7.019282e+01  2.149650e+01
     vertex  2.489868e+02  6.972297e+01  1.799650e+01
   endloop
 endfacet
 facet normal  1.342433e-01 -9.909484e-01 -1.711133e-14
   outer loop
     vertex  2.535947e+02  7.034720e+01  1.914650e+01
     vertex  2.535947e+02  7.034720e+01  2.034650e+01
     vertex  2.524552e+02  7.019282e+01  2.149650e+01
   endloop
 endfacet
 facet normal  1.342433e-01 -9.909484e-01  2.179071e-15
   outer loop
     vertex  2.535947e+02  7.034720e+01  1.914650e+01
     vertex  2.524552e+02  7.019282e+01  2.149650e+01
     vertex  2.524552e+02  7.019282e+01  1.799650e+01
   endloop
 endfacet
endsolid
