solid 
 facet normal  8.360635e-01  5.486326e-01  9.455374e-15
   outer loop
     vertex -3.180918e+01 -1.630323e+01  7.000000e+00
     vertex -3.208031e+01 -1.589005e+01  2.155449e-10
     vertex -3.208031e+01 -1.589005e+01  7.000000e+00
   endloop
 endfacet
 facet normal  8.360635e-01  5.486326e-01  1.015669e-14
   outer loop
     vertex -3.180918e+01 -1.630323e+01  7.000000e+00
     vertex -3.180918e+01 -1.630323e+01  2.155369e-10
     vertex -3.208031e+01 -1.589005e+01  2.155449e-10
   endloop
 endfacet
 facet normal  6.804727e-01  7.327735e-01  1.376048e-14
   outer loop
     vertex -3.144704e+01 -1.663952e+01  7.000000e+00
     vertex -3.144704e+01 -1.663952e+01  2.155304e-10
     vertex -3.180918e+01 -1.630323e+01  2.155369e-10
   endloop
 endfacet
 facet normal  6.804727e-01  7.327735e-01  1.378792e-14
   outer loop
     vertex -3.144704e+01 -1.663952e+01  7.000000e+00
     vertex -3.180918e+01 -1.630323e+01  2.155369e-10
     vertex -3.180918e+01 -1.630323e+01  7.000000e+00
   endloop
 endfacet
 facet normal  4.853352e-01  8.743282e-01  1.779883e-14
   outer loop
     vertex -3.101495e+01 -1.687938e+01  7.000000e+00
     vertex -3.101495e+01 -1.687938e+01  2.155257e-10
     vertex -3.144704e+01 -1.663952e+01  2.155304e-10
   endloop
 endfacet
 facet normal  4.853352e-01  8.743282e-01  1.641954e-14
   outer loop
     vertex -3.101495e+01 -1.687938e+01  7.000000e+00
     vertex -3.144704e+01 -1.663952e+01  2.155304e-10
     vertex -3.144704e+01 -1.663952e+01  7.000000e+00
   endloop
 endfacet
 facet normal  2.619918e-01  9.650701e-01  1.736695e-14
   outer loop
     vertex -3.053801e+01 -1.700885e+01  7.000000e+00
     vertex -3.053801e+01 -1.700885e+01  2.155230e-10
     vertex -3.101495e+01 -1.687938e+01  2.155257e-10
   endloop
 endfacet
 facet normal  2.342242e-02  9.997257e-01  1.824231e-14
   outer loop
     vertex -3.053801e+01 -1.700885e+01  7.000000e+00
     vertex -3.004394e+01 -1.702043e+01  2.155226e-10
     vertex -3.053801e+01 -1.700885e+01  2.155230e-10
   endloop
 endfacet
 facet normal  2.619918e-01  9.650701e-01  1.936807e-14
   outer loop
     vertex -3.053801e+01 -1.700885e+01  7.000000e+00
     vertex -3.101495e+01 -1.687938e+01  2.155257e-10
     vertex -3.101495e+01 -1.687938e+01  7.000000e+00
   endloop
 endfacet
 facet normal  2.342242e-02  9.997257e-01  1.876159e-14
   outer loop
     vertex -3.004394e+01 -1.702043e+01  7.000000e+00
     vertex -3.004394e+01 -1.702043e+01  2.155226e-10
     vertex -3.053801e+01 -1.700885e+01  7.000000e+00
   endloop
 endfacet
 facet normal -2.165082e-01  9.762808e-01  1.844310e-14
   outer loop
     vertex -2.956146e+01 -1.691343e+01  7.000000e+00
     vertex -2.956146e+01 -1.691343e+01  2.155244e-10
     vertex -3.004394e+01 -1.702043e+01  2.155226e-10
   endloop
 endfacet
 facet normal -2.165082e-01  9.762808e-01  1.844139e-14
   outer loop
     vertex -2.956146e+01 -1.691343e+01  7.000000e+00
     vertex -3.004394e+01 -1.702043e+01  2.155226e-10
     vertex -3.004394e+01 -1.702043e+01  7.000000e+00
   endloop
 endfacet
 facet normal -4.438562e-01  8.960980e-01  1.750756e-14
   outer loop
     vertex -2.911861e+01 -1.669408e+01  7.000000e+00
     vertex -2.911861e+01 -1.669408e+01  2.155284e-10
     vertex -2.956146e+01 -1.691343e+01  2.155244e-10
   endloop
 endfacet
 facet normal -6.454088e-01  7.638373e-01  1.505905e-14
   outer loop
     vertex -2.911861e+01 -1.669408e+01  7.000000e+00
     vertex -2.874112e+01 -1.637511e+01  2.155343e-10
     vertex -2.911861e+01 -1.669408e+01  2.155284e-10
   endloop
 endfacet
 facet normal -4.438562e-01  8.960980e-01  1.704936e-14
   outer loop
     vertex -2.911861e+01 -1.669408e+01  7.000000e+00
     vertex -2.956146e+01 -1.691343e+01  2.155244e-10
     vertex -2.956146e+01 -1.691343e+01  7.000000e+00
   endloop
 endfacet
 facet normal -6.454088e-01  7.638373e-01  1.493884e-14
   outer loop
     vertex -2.874112e+01 -1.637511e+01  7.000000e+00
     vertex -2.874112e+01 -1.637511e+01  2.155343e-10
     vertex -2.911861e+01 -1.669408e+01  7.000000e+00
   endloop
 endfacet
 facet normal -8.094526e-01  5.871852e-01  1.173537e-14
   outer loop
     vertex -2.845094e+01 -1.597508e+01  7.000000e+00
     vertex -2.845094e+01 -1.597508e+01  2.155418e-10
     vertex -2.874112e+01 -1.637511e+01  2.155343e-10
   endloop
 endfacet
 facet normal -9.264540e-01  3.764079e-01  7.729667e-15
   outer loop
     vertex -2.845094e+01 -1.597508e+01  7.000000e+00
     vertex -2.826492e+01 -1.551723e+01  2.155504e-10
     vertex -2.845094e+01 -1.597508e+01  2.155418e-10
   endloop
 endfacet
 facet normal -8.094526e-01  5.871852e-01  1.195862e-14
   outer loop
     vertex -2.845094e+01 -1.597508e+01  7.000000e+00
     vertex -2.874112e+01 -1.637511e+01  2.155343e-10
     vertex -2.874112e+01 -1.637511e+01  7.000000e+00
   endloop
 endfacet
 facet normal -9.896133e-01  1.437553e-01  3.238266e-15
   outer loop
     vertex -2.826492e+01 -1.551723e+01  7.000000e+00
     vertex -2.819387e+01 -1.502816e+01  2.155596e-10
     vertex -2.826492e+01 -1.551723e+01  2.155504e-10
   endloop
 endfacet
 facet normal -9.264540e-01  3.764079e-01  7.634148e-15
   outer loop
     vertex -2.826492e+01 -1.551723e+01  7.000000e+00
     vertex -2.826492e+01 -1.551723e+01  2.155504e-10
     vertex -2.845094e+01 -1.597508e+01  7.000000e+00
   endloop
 endfacet
 facet normal -9.896133e-01  1.437553e-01  2.663047e-15
   outer loop
     vertex -2.819387e+01 -1.502816e+01  7.000000e+00
     vertex -2.819387e+01 -1.502816e+01  2.155596e-10
     vertex -2.826492e+01 -1.551723e+01  7.000000e+00
   endloop
 endfacet
 facet normal -9.952598e-01 -9.725197e-02 -1.345813e-15
   outer loop
     vertex -2.824193e+01 -1.453630e+01  7.000000e+00
     vertex -2.824193e+01 -1.453630e+01  2.155689e-10
     vertex -2.819387e+01 -1.502816e+01  2.155596e-10
   endloop
 endfacet
 facet normal -9.952598e-01 -9.725197e-02 -1.801215e-15
   outer loop
     vertex -2.824193e+01 -1.453630e+01  7.000000e+00
     vertex -2.819387e+01 -1.502816e+01  2.155596e-10
     vertex -2.819387e+01 -1.502816e+01  7.000000e+00
   endloop
 endfacet
 facet normal -9.430654e-01 -3.326073e-01 -5.288640e-15
   outer loop
     vertex -2.840631e+01 -1.407024e+01  7.000000e+00
     vertex -2.840631e+01 -1.407024e+01  2.155778e-10
     vertex -2.824193e+01 -1.453630e+01  2.155689e-10
   endloop
 endfacet
 facet normal -9.430654e-01 -3.326073e-01 -5.852945e-15
   outer loop
     vertex -2.840631e+01 -1.407024e+01  7.000000e+00
     vertex -2.824193e+01 -1.453630e+01  2.155689e-10
     vertex -2.824193e+01 -1.453630e+01  7.000000e+00
   endloop
 endfacet
 facet normal  8.360635e-01  5.486326e-01  8.616947e-15
   outer loop
     vertex -1.722811e+01 -3.121885e+01  7.000000e+00
     vertex -1.749924e+01 -3.080567e+01  2.152562e-10
     vertex -1.749924e+01 -3.080567e+01  7.000000e+00
   endloop
 endfacet
 facet normal  8.360635e-01  5.486326e-01  1.030257e-14
   outer loop
     vertex -1.722811e+01 -3.121885e+01  7.000000e+00
     vertex -1.722811e+01 -3.121885e+01  2.152482e-10
     vertex -1.749924e+01 -3.080567e+01  2.152562e-10
   endloop
 endfacet
 facet normal  6.804727e-01  7.327735e-01  1.376048e-14
   outer loop
     vertex -1.686597e+01 -3.155514e+01  7.000000e+00
     vertex -1.686597e+01 -3.155514e+01  2.152417e-10
     vertex -1.722811e+01 -3.121885e+01  2.152482e-10
   endloop
 endfacet
 facet normal  6.804727e-01  7.327735e-01  1.375984e-14
   outer loop
     vertex -1.686597e+01 -3.155514e+01  7.000000e+00
     vertex -1.722811e+01 -3.121885e+01  2.152482e-10
     vertex -1.722811e+01 -3.121885e+01  7.000000e+00
   endloop
 endfacet
 facet normal  4.853352e-01  8.743282e-01  1.592604e-14
   outer loop
     vertex -1.643388e+01 -3.179499e+01  7.000000e+00
     vertex -1.643388e+01 -3.179499e+01  2.152370e-10
     vertex -1.686597e+01 -3.155514e+01  2.152417e-10
   endloop
 endfacet
 facet normal  4.853352e-01  8.743282e-01  1.641954e-14
   outer loop
     vertex -1.643388e+01 -3.179499e+01  7.000000e+00
     vertex -1.686597e+01 -3.155514e+01  2.152417e-10
     vertex -1.686597e+01 -3.155514e+01  7.000000e+00
   endloop
 endfacet
 facet normal  2.619918e-01  9.650701e-01  1.785676e-14
   outer loop
     vertex -1.595694e+01 -3.192447e+01  7.000000e+00
     vertex -1.595694e+01 -3.192447e+01  2.152343e-10
     vertex -1.643388e+01 -3.179499e+01  2.152370e-10
   endloop
 endfacet
 facet normal  2.342242e-02  9.997257e-01  1.874970e-14
   outer loop
     vertex -1.595694e+01 -3.192447e+01  7.000000e+00
     vertex -1.546288e+01 -3.193605e+01  2.152339e-10
     vertex -1.595694e+01 -3.192447e+01  2.152343e-10
   endloop
 endfacet
 facet normal  2.619918e-01  9.650701e-01  1.785770e-14
   outer loop
     vertex -1.595694e+01 -3.192447e+01  7.000000e+00
     vertex -1.643388e+01 -3.179499e+01  2.152370e-10
     vertex -1.643388e+01 -3.179499e+01  7.000000e+00
   endloop
 endfacet
 facet normal  2.342242e-02  9.997257e-01  1.875565e-14
   outer loop
     vertex -1.546288e+01 -3.193605e+01  7.000000e+00
     vertex -1.546288e+01 -3.193605e+01  2.152339e-10
     vertex -1.595694e+01 -3.192447e+01  7.000000e+00
   endloop
 endfacet
 facet normal -2.165082e-01  9.762808e-01  1.844310e-14
   outer loop
     vertex -1.498040e+01 -3.182905e+01  7.000000e+00
     vertex -1.498040e+01 -3.182905e+01  2.152357e-10
     vertex -1.546288e+01 -3.193605e+01  2.152339e-10
   endloop
 endfacet
 facet normal -2.165082e-01  9.762808e-01  1.849956e-14
   outer loop
     vertex -1.498040e+01 -3.182905e+01  7.000000e+00
     vertex -1.546288e+01 -3.193605e+01  2.152339e-10
     vertex -1.546288e+01 -3.193605e+01  7.000000e+00
   endloop
 endfacet
 facet normal -4.438562e-01  8.960980e-01  1.568837e-14
   outer loop
     vertex -1.453755e+01 -3.160969e+01  7.000000e+00
     vertex -1.453755e+01 -3.160969e+01  2.152397e-10
     vertex -1.498040e+01 -3.182905e+01  2.152357e-10
   endloop
 endfacet
 facet normal -6.454088e-01  7.638373e-01  1.350837e-14
   outer loop
     vertex -1.453755e+01 -3.160969e+01  7.000000e+00
     vertex -1.416006e+01 -3.129073e+01  2.152456e-10
     vertex -1.453755e+01 -3.160969e+01  2.152397e-10
   endloop
 endfacet
 facet normal -4.438562e-01  8.960980e-01  1.705337e-14
   outer loop
     vertex -1.453755e+01 -3.160969e+01  7.000000e+00
     vertex -1.498040e+01 -3.182905e+01  2.152357e-10
     vertex -1.498040e+01 -3.182905e+01  7.000000e+00
   endloop
 endfacet
 facet normal -6.454088e-01  7.638373e-01  1.499895e-14
   outer loop
     vertex -1.416006e+01 -3.129073e+01  7.000000e+00
     vertex -1.416006e+01 -3.129073e+01  2.152456e-10
     vertex -1.453755e+01 -3.160969e+01  7.000000e+00
   endloop
 endfacet
 facet normal -8.094526e-01  5.871852e-01  1.093393e-14
   outer loop
     vertex -1.386987e+01 -3.089070e+01  7.000000e+00
     vertex -1.386987e+01 -3.089070e+01  2.152531e-10
     vertex -1.416006e+01 -3.129073e+01  2.152456e-10
   endloop
 endfacet
 facet normal -9.264540e-01  3.764079e-01  7.112489e-15
   outer loop
     vertex -1.386987e+01 -3.089070e+01  7.000000e+00
     vertex -1.368385e+01 -3.043285e+01  2.152617e-10
     vertex -1.386987e+01 -3.089070e+01  2.152531e-10
   endloop
 endfacet
 facet normal -8.094526e-01  5.871852e-01  1.184630e-14
   outer loop
     vertex -1.386987e+01 -3.089070e+01  7.000000e+00
     vertex -1.416006e+01 -3.129073e+01  2.152456e-10
     vertex -1.416006e+01 -3.129073e+01  7.000000e+00
   endloop
 endfacet
 facet normal -9.896133e-01  1.437553e-01  3.525875e-15
   outer loop
     vertex -1.368385e+01 -3.043285e+01  7.000000e+00
     vertex -1.361280e+01 -2.994378e+01  2.152709e-10
     vertex -1.368385e+01 -3.043285e+01  2.152617e-10
   endloop
 endfacet
 facet normal -9.264540e-01  3.764079e-01  7.964769e-15
   outer loop
     vertex -1.368385e+01 -3.043285e+01  7.000000e+00
     vertex -1.368385e+01 -3.043285e+01  2.152617e-10
     vertex -1.386987e+01 -3.089070e+01  7.000000e+00
   endloop
 endfacet
 facet normal -9.896133e-01  1.437553e-01  3.525875e-15
   outer loop
     vertex -1.361280e+01 -2.994378e+01  7.000000e+00
     vertex -1.361280e+01 -2.994378e+01  2.152709e-10
     vertex -1.368385e+01 -3.043285e+01  7.000000e+00
   endloop
 endfacet
 facet normal -9.952598e-01 -9.725197e-02 -1.370492e-15
   outer loop
     vertex -1.366087e+01 -2.945192e+01  7.000000e+00
     vertex -1.366087e+01 -2.945192e+01  2.152802e-10
     vertex -1.361280e+01 -2.994378e+01  2.152709e-10
   endloop
 endfacet
 facet normal -9.952598e-01 -9.725197e-02 -1.118237e-15
   outer loop
     vertex -1.366087e+01 -2.945192e+01  7.000000e+00
     vertex -1.361280e+01 -2.994378e+01  2.152709e-10
     vertex -1.361280e+01 -2.994378e+01  7.000000e+00
   endloop
 endfacet
 facet normal -9.430654e-01 -3.326073e-01 -5.359149e-15
   outer loop
     vertex -1.382524e+01 -2.898586e+01  7.000000e+00
     vertex -1.382524e+01 -2.898586e+01  2.152891e-10
     vertex -1.366087e+01 -2.945192e+01  2.152802e-10
   endloop
 endfacet
 facet normal -9.430654e-01 -3.326073e-01 -5.937188e-15
   outer loop
     vertex -1.382524e+01 -2.898586e+01  7.000000e+00
     vertex -1.366087e+01 -2.945192e+01  2.152802e-10
     vertex -1.366087e+01 -2.945192e+01  7.000000e+00
   endloop
 endfacet
 facet normal  8.360635e-01  5.486326e-01  1.015339e-14
   outer loop
     vertex  3.335402e+00 -3.471530e+01  7.000000e+00
     vertex  3.064267e+00 -3.430212e+01  2.151814e-10
     vertex  3.064267e+00 -3.430212e+01  7.000000e+00
   endloop
 endfacet
 facet normal  8.360635e-01  5.486326e-01  9.255062e-15
   outer loop
     vertex  3.335402e+00 -3.471530e+01  7.000000e+00
     vertex  3.335402e+00 -3.471530e+01  2.151735e-10
     vertex  3.064267e+00 -3.430212e+01  2.151814e-10
   endloop
 endfacet
 facet normal  6.804727e-01  7.327735e-01  1.361435e-14
   outer loop
     vertex  3.697539e+00 -3.505159e+01  7.000000e+00
     vertex  3.697539e+00 -3.505159e+01  2.151669e-10
     vertex  3.335402e+00 -3.471530e+01  2.151735e-10
   endloop
 endfacet
 facet normal  6.804727e-01  7.327735e-01  1.247211e-14
   outer loop
     vertex  3.697539e+00 -3.505159e+01  7.000000e+00
     vertex  3.335402e+00 -3.471530e+01  2.151735e-10
     vertex  3.335402e+00 -3.471530e+01  7.000000e+00
   endloop
 endfacet
 facet normal  4.853352e-01  8.743282e-01  1.484112e-14
   outer loop
     vertex  4.129632e+00 -3.529145e+01  7.000000e+00
     vertex  4.129632e+00 -3.529145e+01  2.151622e-10
     vertex  3.697539e+00 -3.505159e+01  2.151669e-10
   endloop
 endfacet
 facet normal  4.853352e-01  8.743282e-01  1.649174e-14
   outer loop
     vertex  4.129632e+00 -3.529145e+01  7.000000e+00
     vertex  3.697539e+00 -3.505159e+01  2.151669e-10
     vertex  3.697539e+00 -3.505159e+01  7.000000e+00
   endloop
 endfacet
 facet normal  2.619918e-01  9.650701e-01  1.652032e-14
   outer loop
     vertex  4.606570e+00 -3.542092e+01  7.000000e+00
     vertex  4.606570e+00 -3.542092e+01  2.151596e-10
     vertex  4.129632e+00 -3.529145e+01  2.151622e-10
   endloop
 endfacet
 facet normal  2.342242e-02  9.997257e-01  1.723942e-14
   outer loop
     vertex  4.606570e+00 -3.542092e+01  7.000000e+00
     vertex  5.100635e+00 -3.543250e+01  2.151591e-10
     vertex  4.606570e+00 -3.542092e+01  2.151596e-10
   endloop
 endfacet
 facet normal  2.619918e-01  9.650701e-01  1.651983e-14
   outer loop
     vertex  4.606570e+00 -3.542092e+01  7.000000e+00
     vertex  4.129632e+00 -3.529145e+01  2.151622e-10
     vertex  4.129632e+00 -3.529145e+01  7.000000e+00
   endloop
 endfacet
 facet normal  2.342242e-02  9.997257e-01  1.723942e-14
   outer loop
     vertex  5.100635e+00 -3.543250e+01  7.000000e+00
     vertex  5.100635e+00 -3.543250e+01  2.151591e-10
     vertex  4.606570e+00 -3.542092e+01  7.000000e+00
   endloop
 endfacet
 facet normal -2.165082e-01  9.762808e-01  1.701157e-14
   outer loop
     vertex  5.583113e+00 -3.532550e+01  7.000000e+00
     vertex  5.583113e+00 -3.532550e+01  2.151610e-10
     vertex  5.100635e+00 -3.543250e+01  2.151591e-10
   endloop
 endfacet
 facet normal -2.165082e-01  9.762808e-01  1.695709e-14
   outer loop
     vertex  5.583113e+00 -3.532550e+01  7.000000e+00
     vertex  5.100635e+00 -3.543250e+01  2.151591e-10
     vertex  5.100635e+00 -3.543250e+01  7.000000e+00
   endloop
 endfacet
 facet normal -4.438562e-01  8.960980e-01  1.750756e-14
   outer loop
     vertex  6.025965e+00 -3.510615e+01  7.000000e+00
     vertex  6.025965e+00 -3.510615e+01  2.151649e-10
     vertex  5.583113e+00 -3.532550e+01  2.151610e-10
   endloop
 endfacet
 facet normal -6.454088e-01  7.638373e-01  1.505905e-14
   outer loop
     vertex  6.025965e+00 -3.510615e+01  7.000000e+00
     vertex  6.403454e+00 -3.478718e+01  2.151708e-10
     vertex  6.025965e+00 -3.510615e+01  2.151649e-10
   endloop
 endfacet
 facet normal -4.438562e-01  8.960980e-01  1.579774e-14
   outer loop
     vertex  6.025965e+00 -3.510615e+01  7.000000e+00
     vertex  5.583113e+00 -3.532550e+01  2.151610e-10
     vertex  5.583113e+00 -3.532550e+01  7.000000e+00
   endloop
 endfacet
 facet normal -6.454088e-01  7.638373e-01  1.505905e-14
   outer loop
     vertex  6.403454e+00 -3.478718e+01  7.000000e+00
     vertex  6.403454e+00 -3.478718e+01  2.151708e-10
     vertex  6.025965e+00 -3.510615e+01  7.000000e+00
   endloop
 endfacet
 facet normal -8.094526e-01  5.871852e-01  1.093393e-14
   outer loop
     vertex  6.693641e+00 -3.438715e+01  7.000000e+00
     vertex  6.693641e+00 -3.438715e+01  2.151783e-10
     vertex  6.403454e+00 -3.478718e+01  2.151708e-10
   endloop
 endfacet
 facet normal -9.264540e-01  3.764079e-01  7.112489e-15
   outer loop
     vertex  6.693641e+00 -3.438715e+01  7.000000e+00
     vertex  6.879662e+00 -3.392930e+01  2.151869e-10
     vertex  6.693641e+00 -3.438715e+01  2.151783e-10
   endloop
 endfacet
 facet normal -8.094526e-01  5.871852e-01  1.173397e-14
   outer loop
     vertex  6.693641e+00 -3.438715e+01  7.000000e+00
     vertex  6.403454e+00 -3.478718e+01  2.151708e-10
     vertex  6.403454e+00 -3.478718e+01  7.000000e+00
   endloop
 endfacet
 facet normal -9.896133e-01  1.437553e-01  3.023616e-15
   outer loop
     vertex  6.879662e+00 -3.392930e+01  7.000000e+00
     vertex  6.950706e+00 -3.344023e+01  2.151961e-10
     vertex  6.879662e+00 -3.392930e+01  2.151869e-10
   endloop
 endfacet
 facet normal -9.264540e-01  3.764079e-01  7.494566e-15
   outer loop
     vertex  6.879662e+00 -3.392930e+01  7.000000e+00
     vertex  6.879662e+00 -3.392930e+01  2.151869e-10
     vertex  6.693641e+00 -3.438715e+01  7.000000e+00
   endloop
 endfacet
 facet normal -9.896133e-01  1.437553e-01  3.003261e-15
   outer loop
     vertex  6.950706e+00 -3.344023e+01  7.000000e+00
     vertex  6.950706e+00 -3.344023e+01  2.151961e-10
     vertex  6.879662e+00 -3.392930e+01  7.000000e+00
   endloop
 endfacet
 facet normal -9.952598e-01 -9.725197e-02 -1.299340e-15
   outer loop
     vertex  6.902644e+00 -3.294837e+01  7.000000e+00
     vertex  6.902644e+00 -3.294837e+01  2.152055e-10
     vertex  6.950706e+00 -3.344023e+01  2.151961e-10
   endloop
 endfacet
 facet normal -9.952598e-01 -9.725197e-02 -1.398047e-15
   outer loop
     vertex  6.902644e+00 -3.294837e+01  7.000000e+00
     vertex  6.950706e+00 -3.344023e+01  2.151961e-10
     vertex  6.950706e+00 -3.344023e+01  7.000000e+00
   endloop
 endfacet
 facet normal -9.430654e-01 -3.326073e-01 -5.380508e-15
   outer loop
     vertex  6.738269e+00 -3.248231e+01  7.000000e+00
     vertex  6.738269e+00 -3.248231e+01  2.152144e-10
     vertex  6.902644e+00 -3.294837e+01  2.152055e-10
   endloop
 endfacet
 facet normal -9.430654e-01 -3.326073e-01 -5.379574e-15
   outer loop
     vertex  6.738269e+00 -3.248231e+01  7.000000e+00
     vertex  6.902644e+00 -3.294837e+01  2.152055e-10
     vertex  6.902644e+00 -3.294837e+01  7.000000e+00
   endloop
 endfacet
 facet normal  8.360635e-01  5.486326e-01  1.030182e-14
   outer loop
     vertex  2.202679e+01 -2.545706e+01  7.000000e+00
     vertex  2.175566e+01 -2.504388e+01  2.153491e-10
     vertex  2.175566e+01 -2.504388e+01  7.000000e+00
   endloop
 endfacet
 facet normal  8.360635e-01  5.486326e-01  9.878241e-15
   outer loop
     vertex  2.202679e+01 -2.545706e+01  7.000000e+00
     vertex  2.202679e+01 -2.545706e+01  2.153412e-10
     vertex  2.175566e+01 -2.504388e+01  2.153491e-10
   endloop
 endfacet
 facet normal  6.804727e-01  7.327735e-01  1.336203e-14
   outer loop
     vertex  2.238893e+01 -2.579335e+01  7.000000e+00
     vertex  2.238893e+01 -2.579335e+01  2.153346e-10
     vertex  2.202679e+01 -2.545706e+01  2.153412e-10
   endloop
 endfacet
 facet normal  6.804727e-01  7.327735e-01  1.341484e-14
   outer loop
     vertex  2.238893e+01 -2.579335e+01  7.000000e+00
     vertex  2.202679e+01 -2.545706e+01  2.153412e-10
     vertex  2.202679e+01 -2.545706e+01  7.000000e+00
   endloop
 endfacet
 facet normal  4.853352e-01  8.743282e-01  1.617236e-14
   outer loop
     vertex  2.282103e+01 -2.603321e+01  7.000000e+00
     vertex  2.282103e+01 -2.603321e+01  2.153299e-10
     vertex  2.238893e+01 -2.579335e+01  2.153346e-10
   endloop
 endfacet
 facet normal  4.853352e-01  8.743282e-01  1.577768e-14
   outer loop
     vertex  2.282103e+01 -2.603321e+01  7.000000e+00
     vertex  2.238893e+01 -2.579335e+01  2.153346e-10
     vertex  2.238893e+01 -2.579335e+01  7.000000e+00
   endloop
 endfacet
 facet normal  2.619918e-01  9.650701e-01  1.798972e-14
   outer loop
     vertex  2.329796e+01 -2.616268e+01  7.000000e+00
     vertex  2.329796e+01 -2.616268e+01  2.153273e-10
     vertex  2.282103e+01 -2.603321e+01  2.153299e-10
   endloop
 endfacet
 facet normal  2.342242e-02  9.997257e-01  1.876159e-14
   outer loop
     vertex  2.329796e+01 -2.616268e+01  7.000000e+00
     vertex  2.379203e+01 -2.617426e+01  2.153268e-10
     vertex  2.329796e+01 -2.616268e+01  2.153273e-10
   endloop
 endfacet
 facet normal  2.619918e-01  9.650701e-01  1.799008e-14
   outer loop
     vertex  2.329796e+01 -2.616268e+01  7.000000e+00
     vertex  2.282103e+01 -2.603321e+01  2.153299e-10
     vertex  2.282103e+01 -2.603321e+01  7.000000e+00
   endloop
 endfacet
 facet normal  2.342242e-02  9.997257e-01  1.874970e-14
   outer loop
     vertex  2.379203e+01 -2.617426e+01  7.000000e+00
     vertex  2.379203e+01 -2.617426e+01  2.153268e-10
     vertex  2.329796e+01 -2.616268e+01  7.000000e+00
   endloop
 endfacet
 facet normal -2.165082e-01  9.762808e-01  1.756200e-14
   outer loop
     vertex  2.427451e+01 -2.606726e+01  7.000000e+00
     vertex  2.427451e+01 -2.606726e+01  2.153287e-10
     vertex  2.379203e+01 -2.617426e+01  2.153268e-10
   endloop
 endfacet
 facet normal -2.165082e-01  9.762808e-01  1.855371e-14
   outer loop
     vertex  2.427451e+01 -2.606726e+01  7.000000e+00
     vertex  2.379203e+01 -2.617426e+01  2.153268e-10
     vertex  2.379203e+01 -2.617426e+01  7.000000e+00
   endloop
 endfacet
 facet normal -4.438562e-01  8.960980e-01  1.705276e-14
   outer loop
     vertex  2.471736e+01 -2.584791e+01  7.000000e+00
     vertex  2.471736e+01 -2.584791e+01  2.153326e-10
     vertex  2.427451e+01 -2.606726e+01  2.153287e-10
   endloop
 endfacet
 facet normal -6.454088e-01  7.638373e-01  1.467138e-14
   outer loop
     vertex  2.471736e+01 -2.584791e+01  7.000000e+00
     vertex  2.509485e+01 -2.552895e+01  2.153385e-10
     vertex  2.471736e+01 -2.584791e+01  2.153326e-10
   endloop
 endfacet
 facet normal -4.438562e-01  8.960980e-01  1.637140e-14
   outer loop
     vertex  2.471736e+01 -2.584791e+01  7.000000e+00
     vertex  2.427451e+01 -2.606726e+01  2.153287e-10
     vertex  2.427451e+01 -2.606726e+01  7.000000e+00
   endloop
 endfacet
 facet normal -6.454088e-01  7.638373e-01  1.318081e-14
   outer loop
     vertex  2.509485e+01 -2.552895e+01  7.000000e+00
     vertex  2.509485e+01 -2.552895e+01  2.153385e-10
     vertex  2.471736e+01 -2.584791e+01  7.000000e+00
   endloop
 endfacet
 facet normal -8.094526e-01  5.871852e-01  1.084133e-14
   outer loop
     vertex  2.538503e+01 -2.512891e+01  7.000000e+00
     vertex  2.538503e+01 -2.512891e+01  2.153460e-10
     vertex  2.509485e+01 -2.552895e+01  2.153385e-10
   endloop
 endfacet
 facet normal -9.264540e-01  3.764079e-01  7.156552e-15
   outer loop
     vertex  2.538503e+01 -2.512891e+01  7.000000e+00
     vertex  2.557106e+01 -2.467106e+01  2.153546e-10
     vertex  2.538503e+01 -2.512891e+01  2.153460e-10
   endloop
 endfacet
 facet normal -8.094526e-01  5.871852e-01  1.013334e-14
   outer loop
     vertex  2.538503e+01 -2.512891e+01  7.000000e+00
     vertex  2.509485e+01 -2.552895e+01  2.153385e-10
     vertex  2.509485e+01 -2.552895e+01  7.000000e+00
   endloop
 endfacet
 facet normal -9.896133e-01  1.437553e-01  3.704044e-15
   outer loop
     vertex  2.557106e+01 -2.467106e+01  7.000000e+00
     vertex  2.564210e+01 -2.418199e+01  2.153638e-10
     vertex  2.557106e+01 -2.467106e+01  2.153546e-10
   endloop
 endfacet
 facet normal -9.264540e-01  3.764079e-01  8.008833e-15
   outer loop
     vertex  2.557106e+01 -2.467106e+01  7.000000e+00
     vertex  2.557106e+01 -2.467106e+01  2.153546e-10
     vertex  2.538503e+01 -2.512891e+01  7.000000e+00
   endloop
 endfacet
 facet normal -9.896133e-01  1.437553e-01  2.553606e-15
   outer loop
     vertex  2.564210e+01 -2.418199e+01  7.000000e+00
     vertex  2.564210e+01 -2.418199e+01  2.153638e-10
     vertex  2.557106e+01 -2.467106e+01  7.000000e+00
   endloop
 endfacet
 facet normal -9.952598e-01 -9.725197e-02 -8.160093e-16
   outer loop
     vertex  2.559404e+01 -2.369013e+01  7.000000e+00
     vertex  2.559404e+01 -2.369013e+01  2.153732e-10
     vertex  2.564210e+01 -2.418199e+01  2.153638e-10
   endloop
 endfacet
 facet normal -9.952598e-01 -9.725197e-02 -1.728003e-15
   outer loop
     vertex  2.559404e+01 -2.369013e+01  7.000000e+00
     vertex  2.564210e+01 -2.418199e+01  2.153638e-10
     vertex  2.564210e+01 -2.418199e+01  7.000000e+00
   endloop
 endfacet
 facet normal -9.430654e-01 -3.326073e-01 -5.288640e-15
   outer loop
     vertex  2.542966e+01 -2.322407e+01  7.000000e+00
     vertex  2.542966e+01 -2.322407e+01  2.153821e-10
     vertex  2.559404e+01 -2.369013e+01  2.153732e-10
   endloop
 endfacet
 facet normal -9.430654e-01 -3.326073e-01 -5.287307e-15
   outer loop
     vertex  2.542966e+01 -2.322407e+01  7.000000e+00
     vertex  2.559404e+01 -2.369013e+01  2.153732e-10
     vertex  2.559404e+01 -2.369013e+01  7.000000e+00
   endloop
 endfacet
 facet normal  8.360635e-01  5.486326e-01  9.174561e-15
   outer loop
     vertex  3.170659e+01 -6.980467e+00  7.000000e+00
     vertex  3.143546e+01 -6.567284e+00  2.156953e-10
     vertex  3.143546e+01 -6.567284e+00  7.000000e+00
   endloop
 endfacet
 facet normal  8.360635e-01  5.486326e-01  8.897018e-15
   outer loop
     vertex  3.170659e+01 -6.980467e+00  7.000000e+00
     vertex  3.170659e+01 -6.980467e+00  2.156873e-10
     vertex  3.143546e+01 -6.567284e+00  2.156953e-10
   endloop
 endfacet
 facet normal  6.804727e-01  7.327735e-01  1.269786e-14
   outer loop
     vertex  3.206873e+01 -7.316757e+00  7.000000e+00
     vertex  3.206873e+01 -7.316757e+00  2.156808e-10
     vertex  3.170659e+01 -6.980467e+00  2.156873e-10
   endloop
 endfacet
 facet normal  6.804727e-01  7.327735e-01  1.232769e-14
   outer loop
     vertex  3.206873e+01 -7.316757e+00  7.000000e+00
     vertex  3.170659e+01 -6.980467e+00  2.156873e-10
     vertex  3.170659e+01 -6.980467e+00  7.000000e+00
   endloop
 endfacet
 facet normal  4.853352e-01  8.743282e-01  1.668946e-14
   outer loop
     vertex  3.250082e+01 -7.556610e+00  7.000000e+00
     vertex  3.250082e+01 -7.556610e+00  2.156761e-10
     vertex  3.206873e+01 -7.316757e+00  2.156808e-10
   endloop
 endfacet
 facet normal  4.853352e-01  8.743282e-01  1.548082e-14
   outer loop
     vertex  3.250082e+01 -7.556610e+00  7.000000e+00
     vertex  3.206873e+01 -7.316757e+00  2.156808e-10
     vertex  3.206873e+01 -7.316757e+00  7.000000e+00
   endloop
 endfacet
 facet normal  2.619918e-01  9.650701e-01  1.736695e-14
   outer loop
     vertex  3.297776e+01 -7.686086e+00  7.000000e+00
     vertex  3.297776e+01 -7.686086e+00  2.156734e-10
     vertex  3.250082e+01 -7.556610e+00  2.156761e-10
   endloop
 endfacet
 facet normal  2.342242e-02  9.997257e-01  1.824231e-14
   outer loop
     vertex  3.297776e+01 -7.686086e+00  7.000000e+00
     vertex  3.347183e+01 -7.697661e+00  2.156730e-10
     vertex  3.297776e+01 -7.686086e+00  2.156734e-10
   endloop
 endfacet
 facet normal  2.619918e-01  9.650701e-01  1.814453e-14
   outer loop
     vertex  3.297776e+01 -7.686086e+00  7.000000e+00
     vertex  3.250082e+01 -7.556610e+00  2.156761e-10
     vertex  3.250082e+01 -7.556610e+00  7.000000e+00
   endloop
 endfacet
 facet normal  2.342242e-02  9.997257e-01  1.824231e-14
   outer loop
     vertex  3.347183e+01 -7.697661e+00  7.000000e+00
     vertex  3.347183e+01 -7.697661e+00  2.156730e-10
     vertex  3.297776e+01 -7.686086e+00  7.000000e+00
   endloop
 endfacet
 facet normal -2.165082e-01  9.762808e-01  1.833322e-14
   outer loop
     vertex  3.395430e+01 -7.590663e+00  7.000000e+00
     vertex  3.395430e+01 -7.590663e+00  2.156748e-10
     vertex  3.347183e+01 -7.697661e+00  2.156730e-10
   endloop
 endfacet
 facet normal -2.165082e-01  9.762808e-01  1.805828e-14
   outer loop
     vertex  3.395430e+01 -7.590663e+00  7.000000e+00
     vertex  3.347183e+01 -7.697661e+00  2.156730e-10
     vertex  3.347183e+01 -7.697661e+00  7.000000e+00
   endloop
 endfacet
 facet normal -4.438562e-01  8.960980e-01  1.727803e-14
   outer loop
     vertex  3.439716e+01 -7.371309e+00  7.000000e+00
     vertex  3.439716e+01 -7.371309e+00  2.156788e-10
     vertex  3.395430e+01 -7.590663e+00  2.156748e-10
   endloop
 endfacet
 facet normal -6.454088e-01  7.638373e-01  1.499895e-14
   outer loop
     vertex  3.439716e+01 -7.371309e+00  7.000000e+00
     vertex  3.477465e+01 -7.052348e+00  2.156847e-10
     vertex  3.439716e+01 -7.371309e+00  2.156788e-10
   endloop
 endfacet
 facet normal -4.438562e-01  8.960980e-01  1.682471e-14
   outer loop
     vertex  3.439716e+01 -7.371309e+00  7.000000e+00
     vertex  3.395430e+01 -7.590663e+00  2.156748e-10
     vertex  3.395430e+01 -7.590663e+00  7.000000e+00
   endloop
 endfacet
 facet normal -6.454088e-01  7.638373e-01  1.565408e-14
   outer loop
     vertex  3.477465e+01 -7.052348e+00  7.000000e+00
     vertex  3.477465e+01 -7.052348e+00  2.156847e-10
     vertex  3.439716e+01 -7.371309e+00  7.000000e+00
   endloop
 endfacet
 facet normal -8.094526e-01  5.871852e-01  1.237181e-14
   outer loop
     vertex  3.506483e+01 -6.652316e+00  7.000000e+00
     vertex  3.506483e+01 -6.652316e+00  2.156921e-10
     vertex  3.477465e+01 -7.052348e+00  2.156847e-10
   endloop
 endfacet
 facet normal -9.264540e-01  3.764079e-01  8.758202e-15
   outer loop
     vertex  3.506483e+01 -6.652316e+00  7.000000e+00
     vertex  3.525085e+01 -6.194462e+00  2.157007e-10
     vertex  3.506483e+01 -6.652316e+00  2.156921e-10
   endloop
 endfacet
 facet normal -8.094526e-01  5.871852e-01  1.266868e-14
   outer loop
     vertex  3.506483e+01 -6.652316e+00  7.000000e+00
     vertex  3.477465e+01 -7.052348e+00  2.156847e-10
     vertex  3.477465e+01 -7.052348e+00  7.000000e+00
   endloop
 endfacet
 facet normal -9.896133e-01  1.437553e-01  4.635602e-15
   outer loop
     vertex  3.525085e+01 -6.194462e+00  7.000000e+00
     vertex  3.532190e+01 -5.705395e+00  2.157100e-10
     vertex  3.525085e+01 -6.194462e+00  2.157007e-10
   endloop
 endfacet
 facet normal -9.264540e-01  3.764079e-01  8.758202e-15
   outer loop
     vertex  3.525085e+01 -6.194462e+00  7.000000e+00
     vertex  3.525085e+01 -6.194462e+00  2.157007e-10
     vertex  3.506483e+01 -6.652316e+00  7.000000e+00
   endloop
 endfacet
 facet normal -9.896133e-01  1.437553e-01  4.672082e-15
   outer loop
     vertex  3.532190e+01 -5.705395e+00  7.000000e+00
     vertex  3.532190e+01 -5.705395e+00  2.157100e-10
     vertex  3.525085e+01 -6.194462e+00  7.000000e+00
   endloop
 endfacet
 facet normal -9.952598e-01 -9.725197e-02 -1.801580e-15
   outer loop
     vertex  3.527384e+01 -5.213537e+00  7.000000e+00
     vertex  3.527384e+01 -5.213537e+00  2.157193e-10
     vertex  3.532190e+01 -5.705395e+00  2.157100e-10
   endloop
 endfacet
 facet normal -9.952598e-01 -9.725197e-02  2.186330e-16
   outer loop
     vertex  3.527384e+01 -5.213537e+00  7.000000e+00
     vertex  3.532190e+01 -5.705395e+00  2.157100e-10
     vertex  3.532190e+01 -5.705395e+00  7.000000e+00
   endloop
 endfacet
 facet normal -9.430654e-01 -3.326073e-01 -6.245909e-15
   outer loop
     vertex  3.510946e+01 -4.747474e+00  7.000000e+00
     vertex  3.510946e+01 -4.747474e+00  2.157282e-10
     vertex  3.527384e+01 -5.213537e+00  2.157193e-10
   endloop
 endfacet
 facet normal -9.430654e-01 -3.326073e-01 -6.161839e-15
   outer loop
     vertex  3.510946e+01 -4.747474e+00  7.000000e+00
     vertex  3.527384e+01 -5.213537e+00  2.157193e-10
     vertex  3.527384e+01 -5.213537e+00  7.000000e+00
   endloop
 endfacet
 facet normal  8.360635e-01  5.486326e-01  9.451362e-15
   outer loop
     vertex  2.867744e+01  1.365706e+01  7.000000e+00
     vertex  2.840631e+01  1.407024e+01  2.160876e-10
     vertex  2.840631e+01  1.407024e+01  7.000000e+00
   endloop
 endfacet
 facet normal  8.360635e-01  5.486326e-01  1.001747e-14
   outer loop
     vertex  2.867744e+01  1.365706e+01  7.000000e+00
     vertex  2.867744e+01  1.365706e+01  2.160797e-10
     vertex  2.840631e+01  1.407024e+01  2.160876e-10
   endloop
 endfacet
 facet normal  6.804727e-01  7.327735e-01  1.341512e-14
   outer loop
     vertex  2.903958e+01  1.332077e+01  7.000000e+00
     vertex  2.903958e+01  1.332077e+01  2.160731e-10
     vertex  2.867744e+01  1.365706e+01  2.160797e-10
   endloop
 endfacet
 facet normal  6.804727e-01  7.327735e-01  1.360338e-14
   outer loop
     vertex  2.903958e+01  1.332077e+01  7.000000e+00
     vertex  2.867744e+01  1.365706e+01  2.160797e-10
     vertex  2.867744e+01  1.365706e+01  7.000000e+00
   endloop
 endfacet
 facet normal  4.853352e-01  8.743282e-01  1.641868e-14
   outer loop
     vertex  2.947167e+01  1.308091e+01  7.000000e+00
     vertex  2.947167e+01  1.308091e+01  2.160684e-10
     vertex  2.903958e+01  1.332077e+01  2.160731e-10
   endloop
 endfacet
 facet normal  4.853352e-01  8.743282e-01  1.617082e-14
   outer loop
     vertex  2.947167e+01  1.308091e+01  7.000000e+00
     vertex  2.903958e+01  1.332077e+01  2.160731e-10
     vertex  2.903958e+01  1.332077e+01  7.000000e+00
   endloop
 endfacet
 facet normal  2.619918e-01  9.650701e-01  1.823463e-14
   outer loop
     vertex  2.994861e+01  1.295144e+01  7.000000e+00
     vertex  2.994861e+01  1.295144e+01  2.160658e-10
     vertex  2.947167e+01  1.308091e+01  2.160684e-10
   endloop
 endfacet
 facet normal  2.342242e-02  9.997257e-01  1.901529e-14
   outer loop
     vertex  2.994861e+01  1.295144e+01  7.000000e+00
     vertex  3.044268e+01  1.293986e+01  2.160653e-10
     vertex  2.994861e+01  1.295144e+01  2.160658e-10
   endloop
 endfacet
 facet normal  2.619918e-01  9.650701e-01  1.812247e-14
   outer loop
     vertex  2.994861e+01  1.295144e+01  7.000000e+00
     vertex  2.947167e+01  1.308091e+01  2.160684e-10
     vertex  2.947167e+01  1.308091e+01  7.000000e+00
   endloop
 endfacet
 facet normal  2.342242e-02  9.997257e-01  1.876159e-14
   outer loop
     vertex  3.044268e+01  1.293986e+01  7.000000e+00
     vertex  3.044268e+01  1.293986e+01  2.160653e-10
     vertex  2.994861e+01  1.295144e+01  7.000000e+00
   endloop
 endfacet
 facet normal -2.165082e-01  9.762808e-01  1.833322e-14
   outer loop
     vertex  3.092515e+01  1.304686e+01  7.000000e+00
     vertex  3.092515e+01  1.304686e+01  2.160672e-10
     vertex  3.044268e+01  1.293986e+01  2.160653e-10
   endloop
 endfacet
 facet normal -2.165082e-01  9.762808e-01  1.844339e-14
   outer loop
     vertex  3.092515e+01  1.304686e+01  7.000000e+00
     vertex  3.044268e+01  1.293986e+01  2.160653e-10
     vertex  3.044268e+01  1.293986e+01  7.000000e+00
   endloop
 endfacet
 facet normal -4.438562e-01  8.960980e-01  1.682749e-14
   outer loop
     vertex  3.136801e+01  1.326622e+01  7.000000e+00
     vertex  3.136801e+01  1.326622e+01  2.160711e-10
     vertex  3.092515e+01  1.304686e+01  2.160672e-10
   endloop
 endfacet
 facet normal -6.454088e-01  7.638373e-01  1.434382e-14
   outer loop
     vertex  3.136801e+01  1.326622e+01  7.000000e+00
     vertex  3.174549e+01  1.358518e+01  2.160770e-10
     vertex  3.136801e+01  1.326622e+01  2.160711e-10
   endloop
 endfacet
 facet normal -4.438562e-01  8.960980e-01  1.682872e-14
   outer loop
     vertex  3.136801e+01  1.326622e+01  7.000000e+00
     vertex  3.092515e+01  1.304686e+01  2.160672e-10
     vertex  3.092515e+01  1.304686e+01  7.000000e+00
   endloop
 endfacet
 facet normal -6.454088e-01  7.638373e-01  1.453765e-14
   outer loop
     vertex  3.174549e+01  1.358518e+01  7.000000e+00
     vertex  3.174549e+01  1.358518e+01  2.160770e-10
     vertex  3.136801e+01  1.326622e+01  7.000000e+00
   endloop
 endfacet
 facet normal -8.094526e-01  5.871852e-01  1.102653e-14
   outer loop
     vertex  3.203568e+01  1.398521e+01  7.000000e+00
     vertex  3.203568e+01  1.398521e+01  2.160845e-10
     vertex  3.174549e+01  1.358518e+01  2.160770e-10
   endloop
 endfacet
 facet normal -9.264540e-01  3.764079e-01  7.068425e-15
   outer loop
     vertex  3.203568e+01  1.398521e+01  7.000000e+00
     vertex  3.222170e+01  1.444306e+01  2.160931e-10
     vertex  3.203568e+01  1.398521e+01  2.160845e-10
   endloop
 endfacet
 facet normal -8.094526e-01  5.871852e-01  1.117636e-14
   outer loop
     vertex  3.203568e+01  1.398521e+01  7.000000e+00
     vertex  3.174549e+01  1.358518e+01  2.160770e-10
     vertex  3.174549e+01  1.358518e+01  7.000000e+00
   endloop
 endfacet
 facet normal -9.896133e-01  1.437553e-01  3.704044e-15
   outer loop
     vertex  3.222170e+01  1.444306e+01  7.000000e+00
     vertex  3.229275e+01  1.493213e+01  2.161023e-10
     vertex  3.222170e+01  1.444306e+01  2.160931e-10
   endloop
 endfacet
 facet normal -9.264540e-01  3.764079e-01  8.008833e-15
   outer loop
     vertex  3.222170e+01  1.444306e+01  7.000000e+00
     vertex  3.222170e+01  1.444306e+01  2.160931e-10
     vertex  3.203568e+01  1.398521e+01  7.000000e+00
   endloop
 endfacet
 facet normal -9.896133e-01  1.437553e-01  2.699527e-15
   outer loop
     vertex  3.229275e+01  1.493213e+01  7.000000e+00
     vertex  3.229275e+01  1.493213e+01  2.161023e-10
     vertex  3.222170e+01  1.444306e+01  7.000000e+00
   endloop
 endfacet
 facet normal -9.952598e-01 -9.725197e-02  1.942401e-16
   outer loop
     vertex  3.224468e+01  1.542399e+01  7.000000e+00
     vertex  3.224468e+01  1.542399e+01  2.161117e-10
     vertex  3.229275e+01  1.493213e+01  2.161023e-10
   endloop
 endfacet
 facet normal -9.952598e-01 -9.725197e-02 -1.826287e-15
   outer loop
     vertex  3.224468e+01  1.542399e+01  7.000000e+00
     vertex  3.229275e+01  1.493213e+01  2.161023e-10
     vertex  3.229275e+01  1.493213e+01  7.000000e+00
   endloop
 endfacet
 facet normal -9.430654e-01 -3.326073e-01 -6.245909e-15
   outer loop
     vertex  3.208031e+01  1.589005e+01  7.000000e+00
     vertex  3.208031e+01  1.589005e+01  2.161206e-10
     vertex  3.224468e+01  1.542399e+01  2.161117e-10
   endloop
 endfacet
 facet normal -9.430654e-01 -3.326073e-01 -4.332543e-15
   outer loop
     vertex  3.208031e+01  1.589005e+01  7.000000e+00
     vertex  3.224468e+01  1.542399e+01  2.161117e-10
     vertex  3.224468e+01  1.542399e+01  7.000000e+00
   endloop
 endfacet
 facet normal  8.360635e-01  5.486326e-01  9.174561e-15
   outer loop
     vertex  1.409638e+01  2.857268e+01  7.000000e+00
     vertex  1.382524e+01  2.898586e+01  2.163763e-10
     vertex  1.382524e+01  2.898586e+01  7.000000e+00
   endloop
 endfacet
 facet normal  8.360635e-01  5.486326e-01  9.811957e-15
   outer loop
     vertex  1.409638e+01  2.857268e+01  7.000000e+00
     vertex  1.409638e+01  2.857268e+01  2.163684e-10
     vertex  1.382524e+01  2.898586e+01  2.163763e-10
   endloop
 endfacet
 facet normal  6.804727e-01  7.327735e-01  1.287054e-14
   outer loop
     vertex  1.445851e+01  2.823639e+01  7.000000e+00
     vertex  1.445851e+01  2.823639e+01  2.163619e-10
     vertex  1.409638e+01  2.857268e+01  2.163684e-10
   endloop
 endfacet
 facet normal  6.804727e-01  7.327735e-01  1.321827e-14
   outer loop
     vertex  1.445851e+01  2.823639e+01  7.000000e+00
     vertex  1.409638e+01  2.857268e+01  2.163684e-10
     vertex  1.409638e+01  2.857268e+01  7.000000e+00
   endloop
 endfacet
 facet normal  4.853352e-01  8.743282e-01  1.553119e-14
   outer loop
     vertex  1.489061e+01  2.799653e+01  7.000000e+00
     vertex  1.489061e+01  2.799653e+01  2.163571e-10
     vertex  1.445851e+01  2.823639e+01  2.163619e-10
   endloop
 endfacet
 facet normal  4.853352e-01  8.743282e-01  1.560518e-14
   outer loop
     vertex  1.489061e+01  2.799653e+01  7.000000e+00
     vertex  1.445851e+01  2.823639e+01  2.163619e-10
     vertex  1.445851e+01  2.823639e+01  7.000000e+00
   endloop
 endfacet
 facet normal  2.619918e-01  9.650701e-01  1.756641e-14
   outer loop
     vertex  1.536754e+01  2.786706e+01  7.000000e+00
     vertex  1.536754e+01  2.786706e+01  2.163545e-10
     vertex  1.489061e+01  2.799653e+01  2.163571e-10
   endloop
 endfacet
 facet normal  2.342242e-02  9.997257e-01  1.826014e-14
   outer loop
     vertex  1.536754e+01  2.786706e+01  7.000000e+00
     vertex  1.586161e+01  2.785548e+01  2.163541e-10
     vertex  1.536754e+01  2.786706e+01  2.163545e-10
   endloop
 endfacet
 facet normal  2.619918e-01  9.650701e-01  1.714363e-14
   outer loop
     vertex  1.536754e+01  2.786706e+01  7.000000e+00
     vertex  1.489061e+01  2.799653e+01  2.163571e-10
     vertex  1.489061e+01  2.799653e+01  7.000000e+00
   endloop
 endfacet
 facet normal  2.342242e-02  9.997257e-01  1.926898e-14
   outer loop
     vertex  1.586161e+01  2.785548e+01  7.000000e+00
     vertex  1.586161e+01  2.785548e+01  2.163541e-10
     vertex  1.536754e+01  2.786706e+01  7.000000e+00
   endloop
 endfacet
 facet normal -2.165082e-01  9.762808e-01  1.893859e-14
   outer loop
     vertex  1.634409e+01  2.796248e+01  7.000000e+00
     vertex  1.634409e+01  2.796248e+01  2.163559e-10
     vertex  1.586161e+01  2.785548e+01  2.163541e-10
   endloop
 endfacet
 facet normal -2.165082e-01  9.762808e-01  1.893883e-14
   outer loop
     vertex  1.634409e+01  2.796248e+01  7.000000e+00
     vertex  1.586161e+01  2.785548e+01  2.163541e-10
     vertex  1.586161e+01  2.785548e+01  7.000000e+00
   endloop
 endfacet
 facet normal -4.438562e-01  8.960980e-01  1.841716e-14
   outer loop
     vertex  1.678694e+01  2.818183e+01  7.000000e+00
     vertex  1.678694e+01  2.818183e+01  2.163599e-10
     vertex  1.634409e+01  2.796248e+01  2.163559e-10
   endloop
 endfacet
 facet normal -6.454088e-01  7.638373e-01  1.583440e-14
   outer loop
     vertex  1.678694e+01  2.818183e+01  7.000000e+00
     vertex  1.716443e+01  2.850079e+01  2.163657e-10
     vertex  1.678694e+01  2.818183e+01  2.163599e-10
   endloop
 endfacet
 facet normal -4.438562e-01  8.960980e-01  1.751069e-14
   outer loop
     vertex  1.678694e+01  2.818183e+01  7.000000e+00
     vertex  1.634409e+01  2.796248e+01  2.163559e-10
     vertex  1.634409e+01  2.796248e+01  7.000000e+00
   endloop
 endfacet
 facet normal -6.454088e-01  7.638373e-01  1.467138e-14
   outer loop
     vertex  1.716443e+01  2.850079e+01  7.000000e+00
     vertex  1.716443e+01  2.850079e+01  2.163657e-10
     vertex  1.678694e+01  2.818183e+01  7.000000e+00
   endloop
 endfacet
 facet normal -8.094526e-01  5.871852e-01  1.155016e-14
   outer loop
     vertex  1.745462e+01  2.890083e+01  7.000000e+00
     vertex  1.745462e+01  2.890083e+01  2.163732e-10
     vertex  1.716443e+01  2.850079e+01  2.163657e-10
   endloop
 endfacet
 facet normal -9.264540e-01  3.764079e-01  7.817794e-15
   outer loop
     vertex  1.745462e+01  2.890083e+01  7.000000e+00
     vertex  1.764064e+01  2.935868e+01  2.163818e-10
     vertex  1.745462e+01  2.890083e+01  2.163732e-10
   endloop
 endfacet
 facet normal -8.094526e-01  5.871852e-01  1.143711e-14
   outer loop
     vertex  1.745462e+01  2.890083e+01  7.000000e+00
     vertex  1.716443e+01  2.850079e+01  2.163657e-10
     vertex  1.716443e+01  2.850079e+01  7.000000e+00
   endloop
 endfacet
 facet normal -9.896133e-01  1.437553e-01  3.704044e-15
   outer loop
     vertex  1.764064e+01  2.935868e+01  7.000000e+00
     vertex  1.771168e+01  2.984775e+01  2.163910e-10
     vertex  1.764064e+01  2.935868e+01  2.163818e-10
   endloop
 endfacet
 facet normal -9.264540e-01  3.764079e-01  8.008833e-15
   outer loop
     vertex  1.764064e+01  2.935868e+01  7.000000e+00
     vertex  1.764064e+01  2.935868e+01  2.163818e-10
     vertex  1.745462e+01  2.890083e+01  7.000000e+00
   endloop
 endfacet
 facet normal -9.896133e-01  1.437553e-01  3.485164e-15
   outer loop
     vertex  1.771168e+01  2.984775e+01  7.000000e+00
     vertex  1.771168e+01  2.984775e+01  2.163910e-10
     vertex  1.764064e+01  2.935868e+01  7.000000e+00
   endloop
 endfacet
 facet normal -9.952598e-01 -9.725197e-02 -1.875617e-15
   outer loop
     vertex  1.766362e+01  3.033961e+01  7.000000e+00
     vertex  1.766362e+01  3.033961e+01  2.164004e-10
     vertex  1.771168e+01  2.984775e+01  2.163910e-10
   endloop
 endfacet
 facet normal -9.952598e-01 -9.725197e-02 -6.679337e-16
   outer loop
     vertex  1.766362e+01  3.033961e+01  7.000000e+00
     vertex  1.771168e+01  2.984775e+01  2.163910e-10
     vertex  1.771168e+01  2.984775e+01  7.000000e+00
   endloop
 endfacet
 facet normal -9.430654e-01 -3.326073e-01 -6.245909e-15
   outer loop
     vertex  1.749924e+01  3.080567e+01  7.000000e+00
     vertex  1.749924e+01  3.080567e+01  2.164093e-10
     vertex  1.766362e+01  3.033961e+01  2.164004e-10
   endloop
 endfacet
 facet normal -9.430654e-01 -3.326073e-01 -6.414571e-15
   outer loop
     vertex  1.749924e+01  3.080567e+01  7.000000e+00
     vertex  1.766362e+01  3.033961e+01  2.164004e-10
     vertex  1.766362e+01  3.033961e+01  7.000000e+00
   endloop
 endfacet
 facet normal  8.360635e-01  5.486326e-01  9.599792e-15
   outer loop
     vertex -6.467135e+00  3.206913e+01  7.000000e+00
     vertex -6.738269e+00  3.248231e+01  2.164511e-10
     vertex -6.738269e+00  3.248231e+01  7.000000e+00
   endloop
 endfacet
 facet normal  8.360635e-01  5.486326e-01  1.015669e-14
   outer loop
     vertex -6.467135e+00  3.206913e+01  7.000000e+00
     vertex -6.467135e+00  3.206913e+01  2.164431e-10
     vertex -6.738269e+00  3.248231e+01  2.164511e-10
   endloop
 endfacet
 facet normal  6.804727e-01  7.327735e-01  1.267131e-14
   outer loop
     vertex -6.104998e+00  3.173284e+01  7.000000e+00
     vertex -6.104998e+00  3.173284e+01  2.164366e-10
     vertex -6.467135e+00  3.206913e+01  2.164431e-10
   endloop
 endfacet
 facet normal  6.804727e-01  7.327735e-01  1.378792e-14
   outer loop
     vertex -6.104998e+00  3.173284e+01  7.000000e+00
     vertex -6.467135e+00  3.206913e+01  2.164431e-10
     vertex -6.467135e+00  3.206913e+01  7.000000e+00
   endloop
 endfacet
 facet normal  4.853352e-01  8.743282e-01  1.649295e-14
   outer loop
     vertex -5.672905e+00  3.149298e+01  7.000000e+00
     vertex -5.672905e+00  3.149298e+01  2.164319e-10
     vertex -6.104998e+00  3.173284e+01  2.164366e-10
   endloop
 endfacet
 facet normal  4.853352e-01  8.743282e-01  1.528425e-14
   outer loop
     vertex -5.672905e+00  3.149298e+01  7.000000e+00
     vertex -6.104998e+00  3.173284e+01  2.164366e-10
     vertex -6.104998e+00  3.173284e+01  7.000000e+00
   endloop
 endfacet
 facet normal  2.619918e-01  9.650701e-01  1.792324e-14
   outer loop
     vertex -5.195967e+00  3.136351e+01  7.000000e+00
     vertex -5.195967e+00  3.136351e+01  2.164292e-10
     vertex -5.672905e+00  3.149298e+01  2.164319e-10
   endloop
 endfacet
 facet normal  2.342242e-02  9.997257e-01  1.875565e-14
   outer loop
     vertex -5.195967e+00  3.136351e+01  7.000000e+00
     vertex -4.701902e+00  3.135193e+01  2.164288e-10
     vertex -5.195967e+00  3.136351e+01  2.164292e-10
   endloop
 endfacet
 facet normal  2.619918e-01  9.650701e-01  1.841130e-14
   outer loop
     vertex -5.195967e+00  3.136351e+01  7.000000e+00
     vertex -5.672905e+00  3.149298e+01  2.164319e-10
     vertex -5.672905e+00  3.149298e+01  7.000000e+00
   endloop
 endfacet
 facet normal  2.342242e-02  9.997257e-01  1.774681e-14
   outer loop
     vertex -4.701902e+00  3.135193e+01  7.000000e+00
     vertex -4.701902e+00  3.135193e+01  2.164288e-10
     vertex -5.195967e+00  3.136351e+01  7.000000e+00
   endloop
 endfacet
 facet normal -2.165082e-01  9.762808e-01  1.904848e-14
   outer loop
     vertex -4.219424e+00  3.145893e+01  7.000000e+00
     vertex -4.219424e+00  3.145893e+01  2.164307e-10
     vertex -4.701902e+00  3.135193e+01  2.164288e-10
   endloop
 endfacet
 facet normal -2.165082e-01  9.762808e-01  1.745253e-14
   outer loop
     vertex -4.219424e+00  3.145893e+01  7.000000e+00
     vertex -4.701902e+00  3.135193e+01  2.164288e-10
     vertex -4.701902e+00  3.135193e+01  7.000000e+00
   endloop
 endfacet
 facet normal -4.438562e-01  8.960980e-01  1.659797e-14
   outer loop
     vertex -3.776572e+00  3.167829e+01  7.000000e+00
     vertex -3.776572e+00  3.167829e+01  2.164346e-10
     vertex -4.219424e+00  3.145893e+01  2.164307e-10
   endloop
 endfacet
 facet normal -6.454088e-01  7.638373e-01  1.428371e-14
   outer loop
     vertex -3.776572e+00  3.167829e+01  7.000000e+00
     vertex -3.399083e+00  3.199725e+01  2.164405e-10
     vertex -3.776572e+00  3.167829e+01  2.164346e-10
   endloop
 endfacet
 facet normal -4.438562e-01  8.960980e-01  1.773133e-14
   outer loop
     vertex -3.776572e+00  3.167829e+01  7.000000e+00
     vertex -4.219424e+00  3.145893e+01  2.164307e-10
     vertex -4.219424e+00  3.145893e+01  7.000000e+00
   endloop
 endfacet
 facet normal -6.454088e-01  7.638373e-01  1.389604e-14
   outer loop
     vertex -3.399083e+00  3.199725e+01  7.000000e+00
     vertex -3.399083e+00  3.199725e+01  2.164405e-10
     vertex -3.776572e+00  3.167829e+01  7.000000e+00
   endloop
 endfacet
 facet normal -8.094526e-01  5.871852e-01  1.134475e-14
   outer loop
     vertex -3.108896e+00  3.239728e+01  7.000000e+00
     vertex -3.108896e+00  3.239728e+01  2.164480e-10
     vertex -3.399083e+00  3.199725e+01  2.164405e-10
   endloop
 endfacet
 facet normal -9.264540e-01  3.764079e-01  7.582692e-15
   outer loop
     vertex -3.108896e+00  3.239728e+01  7.000000e+00
     vertex -2.922875e+00  3.285513e+01  2.164566e-10
     vertex -3.108896e+00  3.239728e+01  2.164480e-10
   endloop
 endfacet
 facet normal -8.094526e-01  5.871852e-01  1.083938e-14
   outer loop
     vertex -3.108896e+00  3.239728e+01  7.000000e+00
     vertex -3.399083e+00  3.199725e+01  2.164405e-10
     vertex -3.399083e+00  3.199725e+01  7.000000e+00
   endloop
 endfacet
 facet normal -9.896133e-01  1.437553e-01  3.274746e-15
   outer loop
     vertex -2.922875e+00  3.285513e+01  7.000000e+00
     vertex -2.851831e+00  3.334420e+01  2.164658e-10
     vertex -2.922875e+00  3.285513e+01  2.164566e-10
   endloop
 endfacet
 facet normal -9.264540e-01  3.764079e-01  7.729667e-15
   outer loop
     vertex -2.922875e+00  3.285513e+01  7.000000e+00
     vertex -2.922875e+00  3.285513e+01  2.164566e-10
     vertex -3.108896e+00  3.239728e+01  7.000000e+00
   endloop
 endfacet
 facet normal -9.896133e-01  1.437553e-01  3.379955e-15
   outer loop
     vertex -2.851831e+00  3.334420e+01  7.000000e+00
     vertex -2.851831e+00  3.334420e+01  2.164658e-10
     vertex -2.922875e+00  3.285513e+01  7.000000e+00
   endloop
 endfacet
 facet normal -9.952598e-01 -9.725197e-02 -1.524338e-15
   outer loop
     vertex -2.899893e+00  3.383606e+01  7.000000e+00
     vertex -2.899893e+00  3.383606e+01  2.164752e-10
     vertex -2.851831e+00  3.334420e+01  2.164658e-10
   endloop
 endfacet
 facet normal -9.952598e-01 -9.725197e-02 -1.018950e-15
   outer loop
     vertex -2.899893e+00  3.383606e+01  7.000000e+00
     vertex -2.851831e+00  3.334420e+01  2.164658e-10
     vertex -2.851831e+00  3.334420e+01  7.000000e+00
   endloop
 endfacet
 facet normal -9.430654e-01 -3.326073e-01 -5.021532e-15
   outer loop
     vertex -3.064267e+00  3.430212e+01  7.000000e+00
     vertex -3.064267e+00  3.430212e+01  2.164841e-10
     vertex -2.899893e+00  3.383606e+01  2.164752e-10
   endloop
 endfacet
 facet normal -9.430654e-01 -3.326073e-01 -5.836898e-15
   outer loop
     vertex -3.064267e+00  3.430212e+01  7.000000e+00
     vertex -2.899893e+00  3.383606e+01  2.164752e-10
     vertex -2.899893e+00  3.383606e+01  7.000000e+00
   endloop
 endfacet
 facet normal  8.360635e-01  5.486326e-01  9.178572e-15
   outer loop
     vertex -2.515853e+01  2.281089e+01  7.000000e+00
     vertex -2.542966e+01  2.322407e+01  2.162834e-10
     vertex -2.542966e+01  2.322407e+01  7.000000e+00
   endloop
 endfacet
 facet normal  8.360635e-01  5.486326e-01  9.453913e-15
   outer loop
     vertex -2.515853e+01  2.281089e+01  7.000000e+00
     vertex -2.515853e+01  2.281089e+01  2.162754e-10
     vertex -2.542966e+01  2.322407e+01  2.162834e-10
   endloop
 endfacet
 facet normal  6.804727e-01  7.327735e-01  1.338858e-14
   outer loop
     vertex -2.479639e+01  2.247460e+01  7.000000e+00
     vertex -2.479639e+01  2.247460e+01  2.162689e-10
     vertex -2.515853e+01  2.281089e+01  2.162754e-10
   endloop
 endfacet
 facet normal  6.804727e-01  7.327735e-01  1.306984e-14
   outer loop
     vertex -2.479639e+01  2.247460e+01  7.000000e+00
     vertex -2.515853e+01  2.281089e+01  2.162754e-10
     vertex -2.515853e+01  2.281089e+01  7.000000e+00
   endloop
 endfacet
 facet normal  4.853352e-01  8.743282e-01  1.548229e-14
   outer loop
     vertex -2.436430e+01  2.223475e+01  7.000000e+00
     vertex -2.436430e+01  2.223475e+01  2.162642e-10
     vertex -2.479639e+01  2.247460e+01  2.162689e-10
   endloop
 endfacet
 facet normal  4.853352e-01  8.743282e-01  1.597425e-14
   outer loop
     vertex -2.436430e+01  2.223475e+01  7.000000e+00
     vertex -2.479639e+01  2.247460e+01  2.162689e-10
     vertex -2.479639e+01  2.247460e+01  7.000000e+00
   endloop
 endfacet
 facet normal  2.619918e-01  9.650701e-01  1.638735e-14
   outer loop
     vertex -2.388736e+01  2.210527e+01  7.000000e+00
     vertex -2.388736e+01  2.210527e+01  2.162615e-10
     vertex -2.436430e+01  2.223475e+01  2.162642e-10
   endloop
 endfacet
 facet normal  2.342242e-02  9.997257e-01  1.722753e-14
   outer loop
     vertex -2.388736e+01  2.210527e+01  7.000000e+00
     vertex -2.339329e+01  2.209369e+01  2.162611e-10
     vertex -2.388736e+01  2.210527e+01  2.162615e-10
   endloop
 endfacet
 facet normal  2.619918e-01  9.650701e-01  1.736628e-14
   outer loop
     vertex -2.388736e+01  2.210527e+01  7.000000e+00
     vertex -2.436430e+01  2.223475e+01  2.162642e-10
     vertex -2.436430e+01  2.223475e+01  7.000000e+00
   endloop
 endfacet
 facet normal  2.342242e-02  9.997257e-01  1.823042e-14
   outer loop
     vertex -2.339329e+01  2.209369e+01  7.000000e+00
     vertex -2.339329e+01  2.209369e+01  2.162611e-10
     vertex -2.388736e+01  2.210527e+01  7.000000e+00
   endloop
 endfacet
 facet normal -2.165082e-01  9.762808e-01  1.855298e-14
   outer loop
     vertex -2.291082e+01  2.220069e+01  7.000000e+00
     vertex -2.291082e+01  2.220069e+01  2.162629e-10
     vertex -2.339329e+01  2.209369e+01  2.162611e-10
   endloop
 endfacet
 facet normal -2.165082e-01  9.762808e-01  1.816860e-14
   outer loop
     vertex -2.291082e+01  2.220069e+01  7.000000e+00
     vertex -2.339329e+01  2.209369e+01  2.162611e-10
     vertex -2.339329e+01  2.209369e+01  7.000000e+00
   endloop
 endfacet
 facet normal -4.438562e-01  8.960980e-01  1.682749e-14
   outer loop
     vertex -2.246796e+01  2.242005e+01  7.000000e+00
     vertex -2.246796e+01  2.242005e+01  2.162669e-10
     vertex -2.291082e+01  2.220069e+01  2.162629e-10
   endloop
 endfacet
 facet normal -6.454088e-01  7.638373e-01  1.434382e-14
   outer loop
     vertex -2.246796e+01  2.242005e+01  7.000000e+00
     vertex -2.209048e+01  2.273901e+01  2.162728e-10
     vertex -2.246796e+01  2.242005e+01  2.162669e-10
   endloop
 endfacet
 facet normal -4.438562e-01  8.960980e-01  1.727802e-14
   outer loop
     vertex -2.246796e+01  2.242005e+01  7.000000e+00
     vertex -2.291082e+01  2.220069e+01  2.162629e-10
     vertex -2.291082e+01  2.220069e+01  7.000000e+00
   endloop
 endfacet
 facet normal -6.454088e-01  7.638373e-01  1.356848e-14
   outer loop
     vertex -2.209048e+01  2.273901e+01  7.000000e+00
     vertex -2.209048e+01  2.273901e+01  2.162728e-10
     vertex -2.246796e+01  2.242005e+01  7.000000e+00
   endloop
 endfacet
 facet normal -8.094526e-01  5.871852e-01  1.054331e-14
   outer loop
     vertex -2.180029e+01  2.313904e+01  7.000000e+00
     vertex -2.180029e+01  2.313904e+01  2.162803e-10
     vertex -2.209048e+01  2.273901e+01  2.162728e-10
   endloop
 endfacet
 facet normal -9.264540e-01  3.764079e-01  6.965513e-15
   outer loop
     vertex -2.180029e+01  2.313904e+01  7.000000e+00
     vertex -2.161427e+01  2.359689e+01  2.162889e-10
     vertex -2.180029e+01  2.313904e+01  2.162803e-10
   endloop
 endfacet
 facet normal -8.094526e-01  5.871852e-01  1.043020e-14
   outer loop
     vertex -2.180029e+01  2.313904e+01  7.000000e+00
     vertex -2.209048e+01  2.273901e+01  2.162728e-10
     vertex -2.209048e+01  2.273901e+01  7.000000e+00
   endloop
 endfacet
 facet normal -9.896133e-01  1.437553e-01  3.201786e-15
   outer loop
     vertex -2.161427e+01  2.359689e+01  7.000000e+00
     vertex -2.154322e+01  2.408596e+01  2.162981e-10
     vertex -2.161427e+01  2.359689e+01  2.162889e-10
   endloop
 endfacet
 facet normal -9.264540e-01  3.764079e-01  7.538629e-15
   outer loop
     vertex -2.161427e+01  2.359689e+01  7.000000e+00
     vertex -2.161427e+01  2.359689e+01  2.162889e-10
     vertex -2.180029e+01  2.313904e+01  7.000000e+00
   endloop
 endfacet
 facet normal -9.896133e-01  1.437553e-01  3.631084e-15
   outer loop
     vertex -2.154322e+01  2.408596e+01  7.000000e+00
     vertex -2.154322e+01  2.408596e+01  2.162981e-10
     vertex -2.161427e+01  2.359689e+01  7.000000e+00
   endloop
 endfacet
 facet normal -9.952598e-01 -9.725197e-02 -8.160093e-16
   outer loop
     vertex -2.159129e+01  2.457782e+01  7.000000e+00
     vertex -2.159129e+01  2.457782e+01  2.163074e-10
     vertex -2.154322e+01  2.408596e+01  2.162981e-10
   endloop
 endfacet
 facet normal -9.952598e-01 -9.725197e-02 -7.672211e-16
   outer loop
     vertex -2.159129e+01  2.457782e+01  7.000000e+00
     vertex -2.154322e+01  2.408596e+01  2.162981e-10
     vertex -2.154322e+01  2.408596e+01  7.000000e+00
   endloop
 endfacet
 facet normal -9.430654e-01 -3.326073e-01 -5.119831e-15
   outer loop
     vertex -2.175566e+01  2.504388e+01  7.000000e+00
     vertex -2.175566e+01  2.504388e+01  2.163163e-10
     vertex -2.159129e+01  2.457782e+01  2.163074e-10
   endloop
 endfacet
 facet normal -9.430654e-01 -3.326073e-01 -5.291319e-15
   outer loop
     vertex -2.175566e+01  2.504388e+01  7.000000e+00
     vertex -2.159129e+01  2.457782e+01  2.163074e-10
     vertex -2.159129e+01  2.457782e+01  7.000000e+00
   endloop
 endfacet
 facet normal  8.360635e-01  5.486326e-01  9.314967e-15
   outer loop
     vertex -3.483833e+01  4.334291e+00  7.000000e+00
     vertex -3.510946e+01  4.747474e+00  2.159372e-10
     vertex -3.510946e+01  4.747474e+00  7.000000e+00
   endloop
 endfacet
 facet normal  8.360635e-01  5.486326e-01  9.314689e-15
   outer loop
     vertex -3.483833e+01  4.334291e+00  7.000000e+00
     vertex -3.483833e+01  4.334291e+00  2.159293e-10
     vertex -3.510946e+01  4.747474e+00  2.159372e-10
   endloop
 endfacet
 facet normal  6.804727e-01  7.327735e-01  1.251190e-14
   outer loop
     vertex -3.447619e+01  3.998001e+00  7.000000e+00
     vertex -3.447619e+01  3.998001e+00  2.159228e-10
     vertex -3.483833e+01  4.334291e+00  2.159293e-10
   endloop
 endfacet
 facet normal  6.804727e-01  7.327735e-01  1.288129e-14
   outer loop
     vertex -3.447619e+01  3.998001e+00  7.000000e+00
     vertex -3.483833e+01  4.334291e+00  2.159293e-10
     vertex -3.483833e+01  4.334291e+00  7.000000e+00
   endloop
 endfacet
 facet normal  4.853352e-01  8.743282e-01  1.597494e-14
   outer loop
     vertex -3.404410e+01  3.758148e+00  7.000000e+00
     vertex -3.404410e+01  3.758148e+00  2.159180e-10
     vertex -3.447619e+01  3.998001e+00  2.159228e-10
   endloop
 endfacet
 facet normal  4.853352e-01  8.743282e-01  1.526018e-14
   outer loop
     vertex -3.404410e+01  3.758148e+00  7.000000e+00
     vertex -3.447619e+01  3.998001e+00  2.159228e-10
     vertex -3.447619e+01  3.998001e+00  7.000000e+00
   endloop
 endfacet
 facet normal  2.619918e-01  9.650701e-01  1.785676e-14
   outer loop
     vertex -3.356716e+01  3.628672e+00  7.000000e+00
     vertex -3.356716e+01  3.628672e+00  2.159154e-10
     vertex -3.404410e+01  3.758148e+00  2.159180e-10
   endloop
 endfacet
 facet normal  2.342242e-02  9.997257e-01  1.874970e-14
   outer loop
     vertex -3.356716e+01  3.628672e+00  7.000000e+00
     vertex -3.307309e+01  3.617096e+00  2.159150e-10
     vertex -3.356716e+01  3.628672e+00  2.159154e-10
   endloop
 endfacet
 facet normal  2.619918e-01  9.650701e-01  1.763305e-14
   outer loop
     vertex -3.356716e+01  3.628672e+00  7.000000e+00
     vertex -3.404410e+01  3.758148e+00  2.159180e-10
     vertex -3.404410e+01  3.758148e+00  7.000000e+00
   endloop
 endfacet
 facet normal  2.342242e-02  9.997257e-01  1.851978e-14
   outer loop
     vertex -3.307309e+01  3.617096e+00  7.000000e+00
     vertex -3.307309e+01  3.617096e+00  2.159150e-10
     vertex -3.356716e+01  3.628672e+00  7.000000e+00
   endloop
 endfacet
 facet normal -2.165082e-01  9.762808e-01  1.860894e-14
   outer loop
     vertex -3.259061e+01  3.724095e+00  7.000000e+00
     vertex -3.259061e+01  3.724095e+00  2.159168e-10
     vertex -3.307309e+01  3.617096e+00  2.159150e-10
   endloop
 endfacet
 facet normal -2.165082e-01  9.762808e-01  1.808636e-14
   outer loop
     vertex -3.259061e+01  3.724095e+00  7.000000e+00
     vertex -3.307309e+01  3.617096e+00  2.159150e-10
     vertex -3.307309e+01  3.617096e+00  7.000000e+00
   endloop
 endfacet
 facet normal -4.438562e-01  8.960980e-01  1.728229e-14
   outer loop
     vertex -3.214776e+01  3.943449e+00  7.000000e+00
     vertex -3.214776e+01  3.943449e+00  2.159208e-10
     vertex -3.259061e+01  3.724095e+00  2.159168e-10
   endloop
 endfacet
 facet normal -6.454088e-01  7.638373e-01  1.473149e-14
   outer loop
     vertex -3.214776e+01  3.943449e+00  7.000000e+00
     vertex -3.177027e+01  4.262410e+00  2.159267e-10
     vertex -3.214776e+01  3.943449e+00  2.159208e-10
   endloop
 endfacet
 facet normal -4.438562e-01  8.960980e-01  1.683273e-14
   outer loop
     vertex -3.214776e+01  3.943449e+00  7.000000e+00
     vertex -3.259061e+01  3.724095e+00  2.159168e-10
     vertex -3.259061e+01  3.724095e+00  7.000000e+00
   endloop
 endfacet
 facet normal -6.454088e-01  7.638373e-01  1.480511e-14
   outer loop
     vertex -3.177027e+01  4.262410e+00  7.000000e+00
     vertex -3.177027e+01  4.262410e+00  2.159267e-10
     vertex -3.214776e+01  3.943449e+00  7.000000e+00
   endloop
 endfacet
 facet normal -8.094526e-01  5.871852e-01  1.140116e-14
   outer loop
     vertex -3.148009e+01  4.662442e+00  7.000000e+00
     vertex -3.148009e+01  4.662442e+00  2.159341e-10
     vertex -3.177027e+01  4.262410e+00  2.159267e-10
   endloop
 endfacet
 facet normal -9.264540e-01  3.764079e-01  7.722275e-15
   outer loop
     vertex -3.148009e+01  4.662442e+00  7.000000e+00
     vertex -3.129407e+01  5.120296e+00  2.159427e-10
     vertex -3.148009e+01  4.662442e+00  2.159341e-10
   endloop
 endfacet
 facet normal -8.094526e-01  5.871852e-01  1.169787e-14
   outer loop
     vertex -3.148009e+01  4.662442e+00  7.000000e+00
     vertex -3.177027e+01  4.262410e+00  2.159267e-10
     vertex -3.177027e+01  4.262410e+00  7.000000e+00
   endloop
 endfacet
 facet normal -9.896133e-01  1.437553e-01  3.631084e-15
   outer loop
     vertex -3.129407e+01  5.120296e+00  7.000000e+00
     vertex -3.122302e+01  5.609363e+00  2.159520e-10
     vertex -3.129407e+01  5.120296e+00  2.159427e-10
   endloop
 endfacet
 facet normal -9.264540e-01  3.764079e-01  7.817794e-15
   outer loop
     vertex -3.129407e+01  5.120296e+00  7.000000e+00
     vertex -3.129407e+01  5.120296e+00  2.159427e-10
     vertex -3.148009e+01  4.662442e+00  7.000000e+00
   endloop
 endfacet
 facet normal -9.896133e-01  1.437553e-01  3.631084e-15
   outer loop
     vertex -3.122302e+01  5.609363e+00  7.000000e+00
     vertex -3.122302e+01  5.609363e+00  2.159520e-10
     vertex -3.129407e+01  5.120296e+00  7.000000e+00
   endloop
 endfacet
 facet normal -9.952598e-01 -9.725197e-02 -1.826259e-15
   outer loop
     vertex -3.127108e+01  6.101221e+00  7.000000e+00
     vertex -3.127108e+01  6.101221e+00  2.159613e-10
     vertex -3.122302e+01  5.609363e+00  2.159520e-10
   endloop
 endfacet
 facet normal -9.952598e-01 -9.725197e-02 -7.662182e-16
   outer loop
     vertex -3.127108e+01  6.101221e+00  7.000000e+00
     vertex -3.122302e+01  5.609363e+00  2.159520e-10
     vertex -3.122302e+01  5.609363e+00  7.000000e+00
   endloop
 endfacet
 facet normal -9.430654e-01 -3.326073e-01 -5.204235e-15
   outer loop
     vertex -3.143546e+01  6.567284e+00  7.000000e+00
     vertex -3.143546e+01  6.567284e+00  2.159702e-10
     vertex -3.127108e+01  6.101221e+00  2.159613e-10
   endloop
 endfacet
 facet normal -9.430654e-01 -3.326073e-01 -6.246083e-15
   outer loop
     vertex -3.143546e+01  6.567284e+00  7.000000e+00
     vertex -3.127108e+01  6.101221e+00  2.159613e-10
     vertex -3.127108e+01  6.101221e+00  7.000000e+00
   endloop
 endfacet
 facet normal -9.430654e-01 -3.326073e-01 -5.754588e-15
   outer loop
     vertex  2.587144e+01  5.737468e+00  6.000000e+00
     vertex  2.374660e+01  1.176219e+01  1.750000e+01
     vertex  2.374660e+01  1.176219e+01  6.000000e+00
   endloop
 endfacet
 facet normal -9.430654e-01 -3.326073e-01 -6.319304e-15
   outer loop
     vertex  2.587144e+01  5.737468e+00  6.000000e+00
     vertex  2.587144e+01  5.737468e+00  1.750000e+01
     vertex  2.374660e+01  1.176219e+01  1.750000e+01
   endloop
 endfacet
 facet normal -9.952598e-01 -9.725197e-02 -1.232784e-15
   outer loop
     vertex  2.649273e+01 -6.206940e-01  6.000000e+00
     vertex  2.649273e+01 -6.206940e-01  1.750000e+01
     vertex  2.587144e+01  5.737468e+00  1.750000e+01
   endloop
 endfacet
 facet normal -9.952598e-01 -9.725197e-02 -1.849689e-15
   outer loop
     vertex  2.649273e+01 -6.206940e-01  6.000000e+00
     vertex  2.587144e+01  5.737468e+00  1.750000e+01
     vertex  2.587144e+01  5.737468e+00  6.000000e+00
   endloop
 endfacet
 facet normal -9.896133e-01  1.437553e-01  3.036971e-15
   outer loop
     vertex  2.557436e+01 -6.942783e+00  6.000000e+00
     vertex  2.557436e+01 -6.942783e+00  1.750000e+01
     vertex  2.649273e+01 -6.206940e-01  1.750000e+01
   endloop
 endfacet
 facet normal -9.896133e-01  1.437553e-01  3.348783e-15
   outer loop
     vertex  2.557436e+01 -6.942783e+00  6.000000e+00
     vertex  2.649273e+01 -6.206940e-01  1.750000e+01
     vertex  2.649273e+01 -6.206940e-01  6.000000e+00
   endloop
 endfacet
 facet normal -8.094526e-01  5.871852e-01  1.088400e-14
   outer loop
     vertex  2.316970e+01 -1.286138e+01  6.000000e+00
     vertex  1.941850e+01 -1.803253e+01  1.750000e+01
     vertex  2.316970e+01 -1.286138e+01  1.750000e+01
   endloop
 endfacet
 facet normal -9.264540e-01  3.764079e-01  6.977059e-15
   outer loop
     vertex  2.316970e+01 -1.286138e+01  6.000000e+00
     vertex  2.316970e+01 -1.286138e+01  1.750000e+01
     vertex  2.557436e+01 -6.942783e+00  1.750000e+01
   endloop
 endfacet
 facet normal -9.264540e-01  3.764079e-01  7.422935e-15
   outer loop
     vertex  2.316970e+01 -1.286138e+01  6.000000e+00
     vertex  2.557436e+01 -6.942783e+00  1.750000e+01
     vertex  2.557436e+01 -6.942783e+00  6.000000e+00
   endloop
 endfacet
 facet normal -8.094526e-01  5.871852e-01  1.138414e-14
   outer loop
     vertex  1.941850e+01 -1.803253e+01  6.000000e+00
     vertex  1.941850e+01 -1.803253e+01  1.750000e+01
     vertex  2.316970e+01 -1.286138e+01  6.000000e+00
   endloop
 endfacet
 facet normal -4.438562e-01  8.960980e-01  1.660739e-14
   outer loop
     vertex  1.453876e+01 -2.215568e+01  6.000000e+00
     vertex  8.814093e+00 -2.499123e+01  1.750000e+01
     vertex  1.453876e+01 -2.215568e+01  1.750000e+01
   endloop
 endfacet
 facet normal -6.454088e-01  7.638373e-01  1.432121e-14
   outer loop
     vertex  1.453876e+01 -2.215568e+01  6.000000e+00
     vertex  1.453876e+01 -2.215568e+01  1.750000e+01
     vertex  1.941850e+01 -1.803253e+01  1.750000e+01
   endloop
 endfacet
 facet normal -6.454088e-01  7.638373e-01  1.455572e-14
   outer loop
     vertex  1.453876e+01 -2.215568e+01  6.000000e+00
     vertex  1.941850e+01 -1.803253e+01  1.750000e+01
     vertex  1.941850e+01 -1.803253e+01  6.000000e+00
   endloop
 endfacet
 facet normal -4.438562e-01  8.960980e-01  1.640171e-14
   outer loop
     vertex  8.814093e+00 -2.499123e+01  6.000000e+00
     vertex  8.814093e+00 -2.499123e+01  1.750000e+01
     vertex  1.453876e+01 -2.215568e+01  6.000000e+00
   endloop
 endfacet
 facet normal -2.165082e-01  9.762808e-01  1.853162e-14
   outer loop
     vertex  2.577177e+00 -2.637438e+01  6.000000e+00
     vertex  2.577177e+00 -2.637438e+01  1.750000e+01
     vertex  8.814093e+00 -2.499123e+01  1.750000e+01
   endloop
 endfacet
 facet normal -2.165082e-01  9.762808e-01  1.784406e-14
   outer loop
     vertex  2.577177e+00 -2.637438e+01  6.000000e+00
     vertex  8.814093e+00 -2.499123e+01  1.750000e+01
     vertex  8.814093e+00 -2.499123e+01  6.000000e+00
   endloop
 endfacet
 facet normal  2.619918e-01  9.650701e-01  1.746889e-14
   outer loop
     vertex -3.809514e+00 -2.622475e+01  6.000000e+00
     vertex -9.974810e+00 -2.455103e+01  1.750000e+01
     vertex -3.809514e+00 -2.622475e+01  1.750000e+01
   endloop
 endfacet
 facet normal  2.342242e-02  9.997257e-01  1.821111e-14
   outer loop
     vertex -3.809514e+00 -2.622475e+01  6.000000e+00
     vertex -3.809514e+00 -2.622475e+01  1.750000e+01
     vertex  2.577177e+00 -2.637438e+01  1.750000e+01
   endloop
 endfacet
 facet normal  2.342242e-02  9.997257e-01  1.882633e-14
   outer loop
     vertex -3.809514e+00 -2.622475e+01  6.000000e+00
     vertex  2.577177e+00 -2.637438e+01  1.750000e+01
     vertex  2.577177e+00 -2.637438e+01  6.000000e+00
   endloop
 endfacet
 facet normal  2.619918e-01  9.650701e-01  1.780750e-14
   outer loop
     vertex -9.974810e+00 -2.455103e+01  6.000000e+00
     vertex -9.974810e+00 -2.455103e+01  1.750000e+01
     vertex -3.809514e+00 -2.622475e+01  6.000000e+00
   endloop
 endfacet
 facet normal  6.804727e-01  7.327735e-01  1.384131e-14
   outer loop
     vertex -1.556041e+01 -2.145049e+01  6.000000e+00
     vertex -2.024169e+01 -1.710333e+01  1.750000e+01
     vertex -1.556041e+01 -2.145049e+01  1.750000e+01
   endloop
 endfacet
 facet normal  4.853352e-01  8.743282e-01  1.671691e-14
   outer loop
     vertex -1.556041e+01 -2.145049e+01  6.000000e+00
     vertex -1.556041e+01 -2.145049e+01  1.750000e+01
     vertex -9.974810e+00 -2.455103e+01  1.750000e+01
   endloop
 endfacet
 facet normal  4.853352e-01  8.743282e-01  1.605482e-14
   outer loop
     vertex -1.556041e+01 -2.145049e+01  6.000000e+00
     vertex -9.974810e+00 -2.455103e+01  1.750000e+01
     vertex -9.974810e+00 -2.455103e+01  6.000000e+00
   endloop
 endfacet
 facet normal  6.804727e-01  7.327735e-01  1.337239e-14
   outer loop
     vertex -2.024169e+01 -1.710333e+01  6.000000e+00
     vertex -2.024169e+01 -1.710333e+01  1.750000e+01
     vertex -1.556041e+01 -2.145049e+01  6.000000e+00
   endloop
 endfacet
 facet normal  8.360635e-01  5.486326e-01  1.016535e-14
   outer loop
     vertex -2.374660e+01 -1.176219e+01  6.000000e+00
     vertex -2.374660e+01 -1.176219e+01  1.750000e+01
     vertex -2.024169e+01 -1.710333e+01  1.750000e+01
   endloop
 endfacet
 facet normal  8.360635e-01  5.486326e-01  9.913366e-15
   outer loop
     vertex -2.374660e+01 -1.176219e+01  6.000000e+00
     vertex -2.024169e+01 -1.710333e+01  1.750000e+01
     vertex -2.024169e+01 -1.710333e+01  6.000000e+00
   endloop
 endfacet
 facet normal -6.347059e-01 -2.238528e-01 -7.396204e-01
   outer loop
     vertex -1.707613e+00  9.892315e+00  1.375000e+00
     vertex -8.051717e-01  1.187662e+01  2.160581e-10
     vertex -4.403401e-01  1.084219e+01  2.160384e-10
   endloop
 endfacet
 facet normal -7.092414e-01 -6.930364e-02 -7.015509e-01
   outer loop
     vertex -1.707613e+00  9.892315e+00  1.375000e+00
     vertex -4.403401e-01  1.084219e+01  2.160384e-10
     vertex -3.336660e-01  9.750507e+00  2.160176e-10
   endloop
 endfacet
 facet normal -6.984753e-01  1.014634e-01 -7.084048e-01
   outer loop
     vertex -1.707613e+00  9.892315e+00  1.375000e+00
     vertex -3.336660e-01  9.750507e+00  2.160176e-10
     vertex -4.913488e-01  8.665016e+00  2.159971e-10
   endloop
 endfacet
 facet normal -6.962624e-01 -1.670683e-01 -6.980737e-01
   outer loop
     vertex -1.707613e+00  9.892315e+00  1.375000e+00
     vertex -3.269441e+00  1.065602e+01  2.750000e+00
     vertex -8.051717e-01  1.187662e+01  2.160581e-10
   endloop
 endfacet
 facet normal -7.057039e-01 -2.488928e-01 -6.633509e-01
   outer loop
     vertex -1.707613e+00  9.892315e+00  1.375000e+00
     vertex -3.125112e+00  1.024679e+01  2.750000e+00
     vertex -3.269441e+00  1.065602e+01  2.750000e+00
   endloop
 endfacet
 facet normal -7.034208e-01 -6.873488e-02 -7.074424e-01
   outer loop
     vertex -1.707613e+00  9.892315e+00  1.375000e+00
     vertex -3.082912e+00  9.814918e+00  2.750000e+00
     vertex -3.125112e+00  1.024679e+01  2.750000e+00
   endloop
 endfacet
 facet normal -7.061813e-01  1.025828e-01 -7.005603e-01
   outer loop
     vertex -1.707613e+00  9.892315e+00  1.375000e+00
     vertex -3.145292e+00  9.385493e+00  2.750000e+00
     vertex -3.082912e+00  9.814918e+00  2.750000e+00
   endloop
 endfacet
 facet normal -6.620267e-01  2.689741e-01 -6.995525e-01
   outer loop
     vertex -2.006729e+00  8.511330e+00  1.375000e+00
     vertex -4.913488e-01  8.665016e+00  2.159971e-10
     vertex -9.042246e-01  7.648803e+00  2.159781e-10
   endloop
 endfacet
 facet normal -5.674193e-01  4.116118e-01 -7.131697e-01
   outer loop
     vertex -2.006729e+00  8.511330e+00  1.375000e+00
     vertex -9.042246e-01  7.648803e+00  2.159781e-10
     vertex -1.548298e+00  6.760928e+00  2.159615e-10
   endloop
 endfacet
 facet normal -6.529928e-01  2.653037e-01 -7.093760e-01
   outer loop
     vertex -2.006729e+00  8.511330e+00  1.375000e+00
     vertex -3.308627e+00  8.983475e+00  2.750000e+00
     vertex -3.145292e+00  9.385493e+00  2.750000e+00
   endloop
 endfacet
 facet normal -5.815864e-01  4.218887e-01 -6.955338e-01
   outer loop
     vertex -2.006729e+00  8.511330e+00  1.375000e+00
     vertex -3.563426e+00  8.632228e+00  2.750000e+00
     vertex -3.308627e+00  8.983475e+00  2.750000e+00
   endloop
 endfacet
 facet normal -6.728630e-01  1.457394e-01 -7.252692e-01
   outer loop
     vertex -2.006729e+00  8.511330e+00  1.375000e+00
     vertex -1.707613e+00  9.892315e+00  1.375000e+00
     vertex -4.913488e-01  8.665016e+00  2.159971e-10
   endloop
 endfacet
 facet normal -7.107441e-01  1.539443e-01 -6.863993e-01
   outer loop
     vertex -2.006729e+00  8.511330e+00  1.375000e+00
     vertex -3.145292e+00  9.385493e+00  2.750000e+00
     vertex -1.707613e+00  9.892315e+00  1.375000e+00
   endloop
 endfacet
 facet normal -4.618318e-01  5.465750e-01 -6.985464e-01
   outer loop
     vertex -2.875410e+00  7.396886e+00  1.375000e+00
     vertex -1.548298e+00  6.760928e+00  2.159615e-10
     vertex -2.386139e+00  6.052989e+00  2.159484e-10
   endloop
 endfacet
 facet normal -3.086002e-01  6.230308e-01 -7.187479e-01
   outer loop
     vertex -2.875410e+00  7.396886e+00  1.375000e+00
     vertex -2.386139e+00  6.052989e+00  2.159484e-10
     vertex -3.369055e+00  5.566131e+00  2.159396e-10
   endloop
 endfacet
 facet normal -4.542783e-01  5.376356e-01 -7.103374e-01
   outer loop
     vertex -2.875410e+00  7.396886e+00  1.375000e+00
     vertex -3.894879e+00  8.352164e+00  2.750000e+00
     vertex -3.563426e+00  8.632228e+00  2.750000e+00
   endloop
 endfacet
 facet normal -3.215303e-01  6.491352e-01 -6.893778e-01
   outer loop
     vertex -2.875410e+00  7.396886e+00  1.375000e+00
     vertex -4.283725e+00  8.159561e+00  2.750000e+00
     vertex -3.894879e+00  8.352164e+00  2.750000e+00
   endloop
 endfacet
 facet normal -5.451361e-01  4.249201e-01 -7.226822e-01
   outer loop
     vertex -2.875410e+00  7.396886e+00  1.375000e+00
     vertex -2.006729e+00  8.511330e+00  1.375000e+00
     vertex -1.548298e+00  6.760928e+00  2.159615e-10
   endloop
 endfacet
 facet normal -5.726724e-01  4.463840e-01 -6.875956e-01
   outer loop
     vertex -2.875410e+00  7.396886e+00  1.375000e+00
     vertex -3.563426e+00  8.632228e+00  2.750000e+00
     vertex -2.006729e+00  8.511330e+00  1.375000e+00
   endloop
 endfacet
 facet normal -1.549256e-01  6.985921e-01 -6.985464e-01
   outer loop
     vertex -4.141604e+00  6.769714e+00  1.375000e+00
     vertex -3.369055e+00  5.566131e+00  2.159396e-10
     vertex -4.439921e+00  5.328646e+00  2.159355e-10
   endloop
 endfacet
 facet normal -1.523918e-01  6.871663e-01 -7.103374e-01
   outer loop
     vertex -4.141604e+00  6.769714e+00  1.375000e+00
     vertex -4.707364e+00  8.065611e+00  2.750000e+00
     vertex -4.283725e+00  8.159561e+00  2.750000e+00
   endloop
 endfacet
 facet normal -3.215303e-01  6.491352e-01 -6.893778e-01
   outer loop
     vertex -4.141604e+00  6.769714e+00  1.375000e+00
     vertex -4.283725e+00  8.159561e+00  2.750000e+00
     vertex -2.875410e+00  7.396886e+00  1.375000e+00
   endloop
 endfacet
 facet normal -3.086002e-01  6.230308e-01 -7.187479e-01
   outer loop
     vertex -4.141604e+00  6.769714e+00  1.375000e+00
     vertex -2.875410e+00  7.396886e+00  1.375000e+00
     vertex -3.369055e+00  5.566131e+00  2.159396e-10
   endloop
 endfacet
 facet normal  1.641891e-02  7.007991e-01 -7.131697e-01
   outer loop
     vertex -5.554525e+00  6.754032e+00  1.375000e+00
     vertex -4.439921e+00  5.328646e+00  2.159355e-10
     vertex -5.536504e+00  5.354338e+00  2.159365e-10
   endloop
 endfacet
 facet normal  1.872144e-01  6.896210e-01 -6.995525e-01
   outer loop
     vertex -5.554525e+00  6.754032e+00  1.375000e+00
     vertex -5.536504e+00  5.354338e+00  2.159365e-10
     vertex -6.595074e+00  5.641713e+00  2.159424e-10
   endloop
 endfacet
 facet normal  1.682885e-02  7.182963e-01 -6.955338e-01
   outer loop
     vertex -5.554525e+00  6.754032e+00  1.375000e+00
     vertex -5.141177e+00  8.075775e+00  2.750000e+00
     vertex -4.707364e+00  8.065611e+00  2.750000e+00
   endloop
 endfacet
 facet normal  1.846598e-01  6.802106e-01 -7.093760e-01
   outer loop
     vertex -5.554525e+00  6.754032e+00  1.375000e+00
     vertex -5.559952e+00  8.189461e+00  2.750000e+00
     vertex -5.141177e+00  8.075775e+00  2.750000e+00
   endloop
 endfacet
 facet normal -7.670867e-03  6.911379e-01 -7.226822e-01
   outer loop
     vertex -5.554525e+00  6.754032e+00  1.375000e+00
     vertex -4.141604e+00  6.769714e+00  1.375000e+00
     vertex -4.439921e+00  5.328646e+00  2.159355e-10
   endloop
 endfacet
 facet normal -8.058343e-03  7.260491e-01 -6.875956e-01
   outer loop
     vertex -5.554525e+00  6.754032e+00  1.375000e+00
     vertex -4.707364e+00  8.065611e+00  2.750000e+00
     vertex -4.141604e+00  6.769714e+00  1.375000e+00
   endloop
 endfacet
 facet normal  5.548225e-01  4.526203e-01 -6.980737e-01
   outer loop
     vertex -6.834327e+00  7.352947e+00  1.375000e+00
     vertex -8.959664e+00  7.837533e+00  2.159850e-10
     vertex -6.495394e+00  9.058137e+00  2.750000e+00
   endloop
 endfacet
 facet normal  3.425527e-01  6.171064e-01 -7.084048e-01
   outer loop
     vertex -6.834327e+00  7.352947e+00  1.375000e+00
     vertex -6.595074e+00  5.641713e+00  2.159424e-10
     vertex -7.554110e+00  6.174069e+00  2.159529e-10
   endloop
 endfacet
 facet normal  4.849180e-01  5.221886e-01 -7.015509e-01
   outer loop
     vertex -6.834327e+00  7.352947e+00  1.375000e+00
     vertex -7.554110e+00  6.174069e+00  2.159529e-10
     vertex -8.357878e+00  6.920468e+00  2.159673e-10
   endloop
 endfacet
 facet normal  5.626911e-01  3.692431e-01 -7.396204e-01
   outer loop
     vertex -6.834327e+00  7.352947e+00  1.375000e+00
     vertex -8.357878e+00  6.920468e+00  2.159673e-10
     vertex -8.959664e+00  7.837533e+00  2.159850e-10
   endloop
 endfacet
 facet normal  3.463319e-01  6.239147e-01 -7.005603e-01
   outer loop
     vertex -6.834327e+00  7.352947e+00  1.375000e+00
     vertex -5.939351e+00  8.400064e+00  2.750000e+00
     vertex -5.559952e+00  8.189461e+00  2.750000e+00
   endloop
 endfacet
 facet normal  4.809384e-01  5.179031e-01 -7.074424e-01
   outer loop
     vertex -6.834327e+00  7.352947e+00  1.375000e+00
     vertex -6.257325e+00  8.695343e+00  2.750000e+00
     vertex -5.939351e+00  8.400064e+00  2.750000e+00
   endloop
 endfacet
 facet normal  6.256334e-01  4.105464e-01 -6.633509e-01
   outer loop
     vertex -6.834327e+00  7.352947e+00  1.375000e+00
     vertex -6.495394e+00  9.058137e+00  2.750000e+00
     vertex -6.257325e+00  8.695343e+00  2.750000e+00
   endloop
 endfacet
 facet normal  2.918115e-01  6.235628e-01 -7.252692e-01
   outer loop
     vertex -6.834327e+00  7.352947e+00  1.375000e+00
     vertex -5.554525e+00  6.754032e+00  1.375000e+00
     vertex -6.595074e+00  5.641713e+00  2.159424e-10
   endloop
 endfacet
 facet normal  3.082400e-01  6.586684e-01 -6.863993e-01
   outer loop
     vertex -6.834327e+00  7.352947e+00  1.375000e+00
     vertex -5.559952e+00  8.189461e+00  2.750000e+00
     vertex -5.554525e+00  6.754032e+00  1.375000e+00
   endloop
 endfacet
 facet normal -6.347059e-01 -2.238528e-01 -7.396204e-01
   outer loop
     vertex -6.682274e+00 -4.847181e+00  1.375000e+00
     vertex -5.779832e+00 -2.862872e+00  2.157809e-10
     vertex -5.415001e+00 -3.897305e+00  2.157611e-10
   endloop
 endfacet
 facet normal -7.092414e-01 -6.930364e-02 -7.015509e-01
   outer loop
     vertex -6.682274e+00 -4.847181e+00  1.375000e+00
     vertex -5.415001e+00 -3.897305e+00  2.157611e-10
     vertex -5.308327e+00 -4.988990e+00  2.157404e-10
   endloop
 endfacet
 facet normal -6.984753e-01  1.014634e-01 -7.084048e-01
   outer loop
     vertex -6.682274e+00 -4.847181e+00  1.375000e+00
     vertex -5.308327e+00 -4.988990e+00  2.157404e-10
     vertex -5.466010e+00 -6.074481e+00  2.157199e-10
   endloop
 endfacet
 facet normal -6.962624e-01 -1.670683e-01 -6.980737e-01
   outer loop
     vertex -6.682274e+00 -4.847181e+00  1.375000e+00
     vertex -8.244102e+00 -4.083477e+00  2.750000e+00
     vertex -5.779832e+00 -2.862872e+00  2.157809e-10
   endloop
 endfacet
 facet normal -7.057039e-01 -2.488928e-01 -6.633509e-01
   outer loop
     vertex -6.682274e+00 -4.847181e+00  1.375000e+00
     vertex -8.099773e+00 -4.492703e+00  2.750000e+00
     vertex -8.244102e+00 -4.083477e+00  2.750000e+00
   endloop
 endfacet
 facet normal -7.034208e-01 -6.873488e-02 -7.074424e-01
   outer loop
     vertex -6.682274e+00 -4.847181e+00  1.375000e+00
     vertex -8.057572e+00 -4.924578e+00  2.750000e+00
     vertex -8.099773e+00 -4.492703e+00  2.750000e+00
   endloop
 endfacet
 facet normal -7.061813e-01  1.025828e-01 -7.005603e-01
   outer loop
     vertex -6.682274e+00 -4.847181e+00  1.375000e+00
     vertex -8.119952e+00 -5.354003e+00  2.750000e+00
     vertex -8.057572e+00 -4.924578e+00  2.750000e+00
   endloop
 endfacet
 facet normal -6.620267e-01  2.689741e-01 -6.995525e-01
   outer loop
     vertex -6.981390e+00 -6.228167e+00  1.375000e+00
     vertex -5.466010e+00 -6.074481e+00  2.157199e-10
     vertex -5.878885e+00 -7.090693e+00  2.157008e-10
   endloop
 endfacet
 facet normal -5.674193e-01  4.116118e-01 -7.131697e-01
   outer loop
     vertex -6.981390e+00 -6.228167e+00  1.375000e+00
     vertex -5.878885e+00 -7.090693e+00  2.157008e-10
     vertex -6.522959e+00 -7.978568e+00  2.156842e-10
   endloop
 endfacet
 facet normal -6.529928e-01  2.653037e-01 -7.093760e-01
   outer loop
     vertex -6.981390e+00 -6.228167e+00  1.375000e+00
     vertex -8.283288e+00 -5.756021e+00  2.750000e+00
     vertex -8.119952e+00 -5.354003e+00  2.750000e+00
   endloop
 endfacet
 facet normal -5.815864e-01  4.218887e-01 -6.955338e-01
   outer loop
     vertex -6.981390e+00 -6.228167e+00  1.375000e+00
     vertex -8.538086e+00 -6.107269e+00  2.750000e+00
     vertex -8.283288e+00 -5.756021e+00  2.750000e+00
   endloop
 endfacet
 facet normal -6.728630e-01  1.457394e-01 -7.252692e-01
   outer loop
     vertex -6.981390e+00 -6.228167e+00  1.375000e+00
     vertex -6.682274e+00 -4.847181e+00  1.375000e+00
     vertex -5.466010e+00 -6.074481e+00  2.157199e-10
   endloop
 endfacet
 facet normal -7.107441e-01  1.539443e-01 -6.863993e-01
   outer loop
     vertex -6.981390e+00 -6.228167e+00  1.375000e+00
     vertex -8.119952e+00 -5.354003e+00  2.750000e+00
     vertex -6.682274e+00 -4.847181e+00  1.375000e+00
   endloop
 endfacet
 facet normal -4.618318e-01  5.465750e-01 -6.985464e-01
   outer loop
     vertex -7.850071e+00 -7.342610e+00  1.375000e+00
     vertex -6.522959e+00 -7.978568e+00  2.156842e-10
     vertex -7.360800e+00 -8.686507e+00  2.156712e-10
   endloop
 endfacet
 facet normal -4.542783e-01  5.376356e-01 -7.103374e-01
   outer loop
     vertex -7.850071e+00 -7.342610e+00  1.375000e+00
     vertex -8.869540e+00 -6.387332e+00  2.750000e+00
     vertex -8.538086e+00 -6.107269e+00  2.750000e+00
   endloop
 endfacet
 facet normal -3.215303e-01  6.491352e-01 -6.893778e-01
   outer loop
     vertex -7.850071e+00 -7.342610e+00  1.375000e+00
     vertex -9.258385e+00 -6.579936e+00  2.750000e+00
     vertex -8.869540e+00 -6.387332e+00  2.750000e+00
   endloop
 endfacet
 facet normal -5.451361e-01  4.249201e-01 -7.226822e-01
   outer loop
     vertex -7.850071e+00 -7.342610e+00  1.375000e+00
     vertex -6.981390e+00 -6.228167e+00  1.375000e+00
     vertex -6.522959e+00 -7.978568e+00  2.156842e-10
   endloop
 endfacet
 facet normal -5.726724e-01  4.463840e-01 -6.875956e-01
   outer loop
     vertex -7.850071e+00 -7.342610e+00  1.375000e+00
     vertex -8.538086e+00 -6.107269e+00  2.750000e+00
     vertex -6.981390e+00 -6.228167e+00  1.375000e+00
   endloop
 endfacet
 facet normal -3.086002e-01  6.230308e-01 -7.187479e-01
   outer loop
     vertex -9.116265e+00 -7.969782e+00  1.375000e+00
     vertex -7.360800e+00 -8.686507e+00  2.156712e-10
     vertex -8.343715e+00 -9.173365e+00  2.156623e-10
   endloop
 endfacet
 facet normal -1.549256e-01  6.985921e-01 -6.985464e-01
   outer loop
     vertex -9.116265e+00 -7.969782e+00  1.375000e+00
     vertex -8.343715e+00 -9.173365e+00  2.156623e-10
     vertex -9.414582e+00 -9.410850e+00  2.156583e-10
   endloop
 endfacet
 facet normal -1.523918e-01  6.871663e-01 -7.103374e-01
   outer loop
     vertex -9.116265e+00 -7.969782e+00  1.375000e+00
     vertex -9.682025e+00 -6.673885e+00  2.750000e+00
     vertex -9.258385e+00 -6.579936e+00  2.750000e+00
   endloop
 endfacet
 facet normal -3.215303e-01  6.491352e-01 -6.893778e-01
   outer loop
     vertex -9.116265e+00 -7.969782e+00  1.375000e+00
     vertex -9.258385e+00 -6.579936e+00  2.750000e+00
     vertex -7.850071e+00 -7.342610e+00  1.375000e+00
   endloop
 endfacet
 facet normal -3.086002e-01  6.230308e-01 -7.187479e-01
   outer loop
     vertex -9.116265e+00 -7.969782e+00  1.375000e+00
     vertex -7.850071e+00 -7.342610e+00  1.375000e+00
     vertex -7.360800e+00 -8.686507e+00  2.156712e-10
   endloop
 endfacet
 facet normal  1.641891e-02  7.007991e-01 -7.131697e-01
   outer loop
     vertex -1.052919e+01 -7.985464e+00  1.375000e+00
     vertex -9.414582e+00 -9.410850e+00  2.156583e-10
     vertex -1.051116e+01 -9.385158e+00  2.156592e-10
   endloop
 endfacet
 facet normal  1.872144e-01  6.896210e-01 -6.995525e-01
   outer loop
     vertex -1.052919e+01 -7.985464e+00  1.375000e+00
     vertex -1.051116e+01 -9.385158e+00  2.156592e-10
     vertex -1.156973e+01 -9.097784e+00  2.156651e-10
   endloop
 endfacet
 facet normal  1.682885e-02  7.182963e-01 -6.955338e-01
   outer loop
     vertex -1.052919e+01 -7.985464e+00  1.375000e+00
     vertex -1.011584e+01 -6.663722e+00  2.750000e+00
     vertex -9.682025e+00 -6.673885e+00  2.750000e+00
   endloop
 endfacet
 facet normal  1.846598e-01  6.802106e-01 -7.093760e-01
   outer loop
     vertex -1.052919e+01 -7.985464e+00  1.375000e+00
     vertex -1.053461e+01 -6.550035e+00  2.750000e+00
     vertex -1.011584e+01 -6.663722e+00  2.750000e+00
   endloop
 endfacet
 facet normal -7.670867e-03  6.911379e-01 -7.226822e-01
   outer loop
     vertex -1.052919e+01 -7.985464e+00  1.375000e+00
     vertex -9.116265e+00 -7.969782e+00  1.375000e+00
     vertex -9.414582e+00 -9.410850e+00  2.156583e-10
   endloop
 endfacet
 facet normal -8.058343e-03  7.260491e-01 -6.875956e-01
   outer loop
     vertex -1.052919e+01 -7.985464e+00  1.375000e+00
     vertex -9.682025e+00 -6.673885e+00  2.750000e+00
     vertex -9.116265e+00 -7.969782e+00  1.375000e+00
   endloop
 endfacet
 facet normal  5.548225e-01  4.526203e-01 -6.980737e-01
   outer loop
     vertex -1.180899e+01 -7.386550e+00  1.375000e+00
     vertex -1.393432e+01 -6.901963e+00  2.157077e-10
     vertex -1.147005e+01 -5.681359e+00  2.750000e+00
   endloop
 endfacet
 facet normal  3.425527e-01  6.171064e-01 -7.084048e-01
   outer loop
     vertex -1.180899e+01 -7.386550e+00  1.375000e+00
     vertex -1.156973e+01 -9.097784e+00  2.156651e-10
     vertex -1.252877e+01 -8.565427e+00  2.156756e-10
   endloop
 endfacet
 facet normal  4.849180e-01  5.221886e-01 -7.015509e-01
   outer loop
     vertex -1.180899e+01 -7.386550e+00  1.375000e+00
     vertex -1.252877e+01 -8.565427e+00  2.156756e-10
     vertex -1.333254e+01 -7.819028e+00  2.156901e-10
   endloop
 endfacet
 facet normal  5.626911e-01  3.692431e-01 -7.396204e-01
   outer loop
     vertex -1.180899e+01 -7.386550e+00  1.375000e+00
     vertex -1.333254e+01 -7.819028e+00  2.156901e-10
     vertex -1.393432e+01 -6.901963e+00  2.157077e-10
   endloop
 endfacet
 facet normal  3.463319e-01  6.239147e-01 -7.005603e-01
   outer loop
     vertex -1.180899e+01 -7.386550e+00  1.375000e+00
     vertex -1.091401e+01 -6.339433e+00  2.750000e+00
     vertex -1.053461e+01 -6.550035e+00  2.750000e+00
   endloop
 endfacet
 facet normal  4.809384e-01  5.179031e-01 -7.074424e-01
   outer loop
     vertex -1.180899e+01 -7.386550e+00  1.375000e+00
     vertex -1.123199e+01 -6.044154e+00  2.750000e+00
     vertex -1.091401e+01 -6.339433e+00  2.750000e+00
   endloop
 endfacet
 facet normal  6.256334e-01  4.105464e-01 -6.633509e-01
   outer loop
     vertex -1.180899e+01 -7.386550e+00  1.375000e+00
     vertex -1.147005e+01 -5.681359e+00  2.750000e+00
     vertex -1.123199e+01 -6.044154e+00  2.750000e+00
   endloop
 endfacet
 facet normal  2.918115e-01  6.235628e-01 -7.252692e-01
   outer loop
     vertex -1.180899e+01 -7.386550e+00  1.375000e+00
     vertex -1.052919e+01 -7.985464e+00  1.375000e+00
     vertex -1.156973e+01 -9.097784e+00  2.156651e-10
   endloop
 endfacet
 facet normal  3.082400e-01  6.586684e-01 -6.863993e-01
   outer loop
     vertex -1.180899e+01 -7.386550e+00  1.375000e+00
     vertex -1.053461e+01 -6.550035e+00  2.750000e+00
     vertex -1.052919e+01 -7.985464e+00  1.375000e+00
   endloop
 endfacet
 facet normal -6.347059e-01 -2.238528e-01 -7.396204e-01
   outer loop
     vertex  8.057222e+00 -9.821842e+00  1.375000e+00
     vertex  8.959664e+00 -7.837533e+00  2.156805e-10
     vertex  9.324495e+00 -8.871966e+00  2.156607e-10
   endloop
 endfacet
 facet normal -7.092414e-01 -6.930364e-02 -7.015509e-01
   outer loop
     vertex  8.057222e+00 -9.821842e+00  1.375000e+00
     vertex  9.324495e+00 -8.871966e+00  2.156607e-10
     vertex  9.431170e+00 -9.963650e+00  2.156400e-10
   endloop
 endfacet
 facet normal -6.984753e-01  1.014634e-01 -7.084048e-01
   outer loop
     vertex  8.057222e+00 -9.821842e+00  1.375000e+00
     vertex  9.431170e+00 -9.963650e+00  2.156400e-10
     vertex  9.273487e+00 -1.104914e+01  2.156195e-10
   endloop
 endfacet
 facet normal -6.962624e-01 -1.670683e-01 -6.980737e-01
   outer loop
     vertex  8.057222e+00 -9.821842e+00  1.375000e+00
     vertex  6.495394e+00 -9.058137e+00  2.750000e+00
     vertex  8.959664e+00 -7.837533e+00  2.156805e-10
   endloop
 endfacet
 facet normal -7.057039e-01 -2.488928e-01 -6.633509e-01
   outer loop
     vertex  8.057222e+00 -9.821842e+00  1.375000e+00
     vertex  6.639723e+00 -9.467364e+00  2.750000e+00
     vertex  6.495394e+00 -9.058137e+00  2.750000e+00
   endloop
 endfacet
 facet normal -7.034208e-01 -6.873488e-02 -7.074424e-01
   outer loop
     vertex  8.057222e+00 -9.821842e+00  1.375000e+00
     vertex  6.681924e+00 -9.899239e+00  2.750000e+00
     vertex  6.639723e+00 -9.467364e+00  2.750000e+00
   endloop
 endfacet
 facet normal -7.061813e-01  1.025828e-01 -7.005603e-01
   outer loop
     vertex  8.057222e+00 -9.821842e+00  1.375000e+00
     vertex  6.619544e+00 -1.032866e+01  2.750000e+00
     vertex  6.681924e+00 -9.899239e+00  2.750000e+00
   endloop
 endfacet
 facet normal -6.620267e-01  2.689741e-01 -6.995525e-01
   outer loop
     vertex  7.758106e+00 -1.120283e+01  1.375000e+00
     vertex  9.273487e+00 -1.104914e+01  2.156195e-10
     vertex  8.860611e+00 -1.206535e+01  2.156004e-10
   endloop
 endfacet
 facet normal -5.674193e-01  4.116118e-01 -7.131697e-01
   outer loop
     vertex  7.758106e+00 -1.120283e+01  1.375000e+00
     vertex  8.860611e+00 -1.206535e+01  2.156004e-10
     vertex  8.216537e+00 -1.295323e+01  2.155838e-10
   endloop
 endfacet
 facet normal -6.529928e-01  2.653037e-01 -7.093760e-01
   outer loop
     vertex  7.758106e+00 -1.120283e+01  1.375000e+00
     vertex  6.456208e+00 -1.073068e+01  2.750000e+00
     vertex  6.619544e+00 -1.032866e+01  2.750000e+00
   endloop
 endfacet
 facet normal -5.815864e-01  4.218887e-01 -6.955338e-01
   outer loop
     vertex  7.758106e+00 -1.120283e+01  1.375000e+00
     vertex  6.201410e+00 -1.108193e+01  2.750000e+00
     vertex  6.456208e+00 -1.073068e+01  2.750000e+00
   endloop
 endfacet
 facet normal -6.728630e-01  1.457394e-01 -7.252692e-01
   outer loop
     vertex  7.758106e+00 -1.120283e+01  1.375000e+00
     vertex  8.057222e+00 -9.821842e+00  1.375000e+00
     vertex  9.273487e+00 -1.104914e+01  2.156195e-10
   endloop
 endfacet
 facet normal -7.107441e-01  1.539443e-01 -6.863993e-01
   outer loop
     vertex  7.758106e+00 -1.120283e+01  1.375000e+00
     vertex  6.619544e+00 -1.032866e+01  2.750000e+00
     vertex  8.057222e+00 -9.821842e+00  1.375000e+00
   endloop
 endfacet
 facet normal -4.618318e-01  5.465750e-01 -6.985464e-01
   outer loop
     vertex  6.889425e+00 -1.231727e+01  1.375000e+00
     vertex  8.216537e+00 -1.295323e+01  2.155838e-10
     vertex  7.378696e+00 -1.366117e+01  2.155708e-10
   endloop
 endfacet
 facet normal -3.086002e-01  6.230308e-01 -7.187479e-01
   outer loop
     vertex  6.889425e+00 -1.231727e+01  1.375000e+00
     vertex  7.378696e+00 -1.366117e+01  2.155708e-10
     vertex  6.395781e+00 -1.414803e+01  2.155620e-10
   endloop
 endfacet
 facet normal -4.542783e-01  5.376356e-01 -7.103374e-01
   outer loop
     vertex  6.889425e+00 -1.231727e+01  1.375000e+00
     vertex  5.869956e+00 -1.136199e+01  2.750000e+00
     vertex  6.201410e+00 -1.108193e+01  2.750000e+00
   endloop
 endfacet
 facet normal -3.215303e-01  6.491352e-01 -6.893778e-01
   outer loop
     vertex  6.889425e+00 -1.231727e+01  1.375000e+00
     vertex  5.481111e+00 -1.155460e+01  2.750000e+00
     vertex  5.869956e+00 -1.136199e+01  2.750000e+00
   endloop
 endfacet
 facet normal -5.451361e-01  4.249201e-01 -7.226822e-01
   outer loop
     vertex  6.889425e+00 -1.231727e+01  1.375000e+00
     vertex  7.758106e+00 -1.120283e+01  1.375000e+00
     vertex  8.216537e+00 -1.295323e+01  2.155838e-10
   endloop
 endfacet
 facet normal -5.726724e-01  4.463840e-01 -6.875956e-01
   outer loop
     vertex  6.889425e+00 -1.231727e+01  1.375000e+00
     vertex  6.201410e+00 -1.108193e+01  2.750000e+00
     vertex  7.758106e+00 -1.120283e+01  1.375000e+00
   endloop
 endfacet
 facet normal -1.549256e-01  6.985921e-01 -6.985464e-01
   outer loop
     vertex  5.623232e+00 -1.294444e+01  1.375000e+00
     vertex  6.395781e+00 -1.414803e+01  2.155620e-10
     vertex  5.324914e+00 -1.438551e+01  2.155579e-10
   endloop
 endfacet
 facet normal -1.523918e-01  6.871663e-01 -7.103374e-01
   outer loop
     vertex  5.623232e+00 -1.294444e+01  1.375000e+00
     vertex  5.057471e+00 -1.164855e+01  2.750000e+00
     vertex  5.481111e+00 -1.155460e+01  2.750000e+00
   endloop
 endfacet
 facet normal -3.215303e-01  6.491352e-01 -6.893778e-01
   outer loop
     vertex  5.623232e+00 -1.294444e+01  1.375000e+00
     vertex  5.481111e+00 -1.155460e+01  2.750000e+00
     vertex  6.889425e+00 -1.231727e+01  1.375000e+00
   endloop
 endfacet
 facet normal -3.086002e-01  6.230308e-01 -7.187479e-01
   outer loop
     vertex  5.623232e+00 -1.294444e+01  1.375000e+00
     vertex  6.889425e+00 -1.231727e+01  1.375000e+00
     vertex  6.395781e+00 -1.414803e+01  2.155620e-10
   endloop
 endfacet
 facet normal  1.641891e-02  7.007991e-01 -7.131697e-01
   outer loop
     vertex  4.210311e+00 -1.296012e+01  1.375000e+00
     vertex  5.324914e+00 -1.438551e+01  2.155579e-10
     vertex  4.228331e+00 -1.435982e+01  2.155588e-10
   endloop
 endfacet
 facet normal  1.872144e-01  6.896210e-01 -6.995525e-01
   outer loop
     vertex  4.210311e+00 -1.296012e+01  1.375000e+00
     vertex  4.228331e+00 -1.435982e+01  2.155588e-10
     vertex  3.169762e+00 -1.407244e+01  2.155647e-10
   endloop
 endfacet
 facet normal  1.682885e-02  7.182963e-01 -6.955338e-01
   outer loop
     vertex  4.210311e+00 -1.296012e+01  1.375000e+00
     vertex  4.623658e+00 -1.163838e+01  2.750000e+00
     vertex  5.057471e+00 -1.164855e+01  2.750000e+00
   endloop
 endfacet
 facet normal  1.846598e-01  6.802106e-01 -7.093760e-01
   outer loop
     vertex  4.210311e+00 -1.296012e+01  1.375000e+00
     vertex  4.204883e+00 -1.152470e+01  2.750000e+00
     vertex  4.623658e+00 -1.163838e+01  2.750000e+00
   endloop
 endfacet
 facet normal -7.670867e-03  6.911379e-01 -7.226822e-01
   outer loop
     vertex  4.210311e+00 -1.296012e+01  1.375000e+00
     vertex  5.623232e+00 -1.294444e+01  1.375000e+00
     vertex  5.324914e+00 -1.438551e+01  2.155579e-10
   endloop
 endfacet
 facet normal -8.058343e-03  7.260491e-01 -6.875956e-01
   outer loop
     vertex  4.210311e+00 -1.296012e+01  1.375000e+00
     vertex  5.057471e+00 -1.164855e+01  2.750000e+00
     vertex  5.623232e+00 -1.294444e+01  1.375000e+00
   endloop
 endfacet
 facet normal  5.548225e-01  4.526203e-01 -6.980737e-01
   outer loop
     vertex  2.930509e+00 -1.236121e+01  1.375000e+00
     vertex  8.051716e-01 -1.187662e+01  2.156073e-10
     vertex  3.269441e+00 -1.065602e+01  2.750000e+00
   endloop
 endfacet
 facet normal  3.425527e-01  6.171064e-01 -7.084048e-01
   outer loop
     vertex  2.930509e+00 -1.236121e+01  1.375000e+00
     vertex  3.169762e+00 -1.407244e+01  2.155647e-10
     vertex  2.210725e+00 -1.354009e+01  2.155752e-10
   endloop
 endfacet
 facet normal  4.849180e-01  5.221886e-01 -7.015509e-01
   outer loop
     vertex  2.930509e+00 -1.236121e+01  1.375000e+00
     vertex  2.210725e+00 -1.354009e+01  2.155752e-10
     vertex  1.406958e+00 -1.279369e+01  2.155897e-10
   endloop
 endfacet
 facet normal  5.626911e-01  3.692431e-01 -7.396204e-01
   outer loop
     vertex  2.930509e+00 -1.236121e+01  1.375000e+00
     vertex  1.406958e+00 -1.279369e+01  2.155897e-10
     vertex  8.051716e-01 -1.187662e+01  2.156073e-10
   endloop
 endfacet
 facet normal  3.463319e-01  6.239147e-01 -7.005603e-01
   outer loop
     vertex  2.930509e+00 -1.236121e+01  1.375000e+00
     vertex  3.825484e+00 -1.131409e+01  2.750000e+00
     vertex  4.204883e+00 -1.152470e+01  2.750000e+00
   endloop
 endfacet
 facet normal  4.809384e-01  5.179031e-01 -7.074424e-01
   outer loop
     vertex  2.930509e+00 -1.236121e+01  1.375000e+00
     vertex  3.507511e+00 -1.101881e+01  2.750000e+00
     vertex  3.825484e+00 -1.131409e+01  2.750000e+00
   endloop
 endfacet
 facet normal  6.256334e-01  4.105464e-01 -6.633509e-01
   outer loop
     vertex  2.930509e+00 -1.236121e+01  1.375000e+00
     vertex  3.269441e+00 -1.065602e+01  2.750000e+00
     vertex  3.507511e+00 -1.101881e+01  2.750000e+00
   endloop
 endfacet
 facet normal  2.918115e-01  6.235628e-01 -7.252692e-01
   outer loop
     vertex  2.930509e+00 -1.236121e+01  1.375000e+00
     vertex  4.210311e+00 -1.296012e+01  1.375000e+00
     vertex  3.169762e+00 -1.407244e+01  2.155647e-10
   endloop
 endfacet
 facet normal  3.082400e-01  6.586684e-01 -6.863993e-01
   outer loop
     vertex  2.930509e+00 -1.236121e+01  1.375000e+00
     vertex  4.204883e+00 -1.152470e+01  2.750000e+00
     vertex  4.210311e+00 -1.296012e+01  1.375000e+00
   endloop
 endfacet
 facet normal -6.347059e-01 -2.238528e-01 -7.396204e-01
   outer loop
     vertex  1.303188e+01  4.917655e+00  1.375000e+00
     vertex  1.393432e+01  6.901963e+00  2.159578e-10
     vertex  1.429916e+01  5.867530e+00  2.159380e-10
   endloop
 endfacet
 facet normal -7.092414e-01 -6.930364e-02 -7.015509e-01
   outer loop
     vertex  1.303188e+01  4.917655e+00  1.375000e+00
     vertex  1.429916e+01  5.867530e+00  2.159380e-10
     vertex  1.440583e+01  4.775846e+00  2.159173e-10
   endloop
 endfacet
 facet normal -6.984753e-01  1.014634e-01 -7.084048e-01
   outer loop
     vertex  1.303188e+01  4.917655e+00  1.375000e+00
     vertex  1.440583e+01  4.775846e+00  2.159173e-10
     vertex  1.424815e+01  3.690355e+00  2.158968e-10
   endloop
 endfacet
 facet normal -6.962624e-01 -1.670683e-01 -6.980737e-01
   outer loop
     vertex  1.303188e+01  4.917655e+00  1.375000e+00
     vertex  1.147005e+01  5.681359e+00  2.750000e+00
     vertex  1.393432e+01  6.901963e+00  2.159578e-10
   endloop
 endfacet
 facet normal -7.057039e-01 -2.488928e-01 -6.633509e-01
   outer loop
     vertex  1.303188e+01  4.917655e+00  1.375000e+00
     vertex  1.161438e+01  5.272133e+00  2.750000e+00
     vertex  1.147005e+01  5.681359e+00  2.750000e+00
   endloop
 endfacet
 facet normal -7.034208e-01 -6.873488e-02 -7.074424e-01
   outer loop
     vertex  1.303188e+01  4.917655e+00  1.375000e+00
     vertex  1.165658e+01  4.840257e+00  2.750000e+00
     vertex  1.161438e+01  5.272133e+00  2.750000e+00
   endloop
 endfacet
 facet normal -7.061813e-01  1.025828e-01 -7.005603e-01
   outer loop
     vertex  1.303188e+01  4.917655e+00  1.375000e+00
     vertex  1.159420e+01  4.410833e+00  2.750000e+00
     vertex  1.165658e+01  4.840257e+00  2.750000e+00
   endloop
 endfacet
 facet normal -6.620267e-01  2.689741e-01 -6.995525e-01
   outer loop
     vertex  1.273277e+01  3.536669e+00  1.375000e+00
     vertex  1.424815e+01  3.690355e+00  2.158968e-10
     vertex  1.383527e+01  2.674143e+00  2.158777e-10
   endloop
 endfacet
 facet normal -5.674193e-01  4.116118e-01 -7.131697e-01
   outer loop
     vertex  1.273277e+01  3.536669e+00  1.375000e+00
     vertex  1.383527e+01  2.674143e+00  2.158777e-10
     vertex  1.319120e+01  1.786267e+00  2.158611e-10
   endloop
 endfacet
 facet normal -6.529928e-01  2.653037e-01 -7.093760e-01
   outer loop
     vertex  1.273277e+01  3.536669e+00  1.375000e+00
     vertex  1.143087e+01  4.008814e+00  2.750000e+00
     vertex  1.159420e+01  4.410833e+00  2.750000e+00
   endloop
 endfacet
 facet normal -5.815864e-01  4.218887e-01 -6.955338e-01
   outer loop
     vertex  1.273277e+01  3.536669e+00  1.375000e+00
     vertex  1.117607e+01  3.657567e+00  2.750000e+00
     vertex  1.143087e+01  4.008814e+00  2.750000e+00
   endloop
 endfacet
 facet normal -6.728630e-01  1.457394e-01 -7.252692e-01
   outer loop
     vertex  1.273277e+01  3.536669e+00  1.375000e+00
     vertex  1.303188e+01  4.917655e+00  1.375000e+00
     vertex  1.424815e+01  3.690355e+00  2.158968e-10
   endloop
 endfacet
 facet normal -7.107441e-01  1.539443e-01 -6.863993e-01
   outer loop
     vertex  1.273277e+01  3.536669e+00  1.375000e+00
     vertex  1.159420e+01  4.410833e+00  2.750000e+00
     vertex  1.303188e+01  4.917655e+00  1.375000e+00
   endloop
 endfacet
 facet normal -4.618318e-01  5.465750e-01 -6.985464e-01
   outer loop
     vertex  1.186409e+01  2.422225e+00  1.375000e+00
     vertex  1.319120e+01  1.786267e+00  2.158611e-10
     vertex  1.235336e+01  1.078329e+00  2.158480e-10
   endloop
 endfacet
 facet normal -3.086002e-01  6.230308e-01 -7.187479e-01
   outer loop
     vertex  1.186409e+01  2.422225e+00  1.375000e+00
     vertex  1.235336e+01  1.078329e+00  2.158480e-10
     vertex  1.137044e+01  5.914701e-01  2.158392e-10
   endloop
 endfacet
 facet normal -4.542783e-01  5.376356e-01 -7.103374e-01
   outer loop
     vertex  1.186409e+01  2.422225e+00  1.375000e+00
     vertex  1.084462e+01  3.377503e+00  2.750000e+00
     vertex  1.117607e+01  3.657567e+00  2.750000e+00
   endloop
 endfacet
 facet normal -3.215303e-01  6.491352e-01 -6.893778e-01
   outer loop
     vertex  1.186409e+01  2.422225e+00  1.375000e+00
     vertex  1.045577e+01  3.184900e+00  2.750000e+00
     vertex  1.084462e+01  3.377503e+00  2.750000e+00
   endloop
 endfacet
 facet normal -5.451361e-01  4.249201e-01 -7.226822e-01
   outer loop
     vertex  1.186409e+01  2.422225e+00  1.375000e+00
     vertex  1.273277e+01  3.536669e+00  1.375000e+00
     vertex  1.319120e+01  1.786267e+00  2.158611e-10
   endloop
 endfacet
 facet normal -5.726724e-01  4.463840e-01 -6.875956e-01
   outer loop
     vertex  1.186409e+01  2.422225e+00  1.375000e+00
     vertex  1.117607e+01  3.657567e+00  2.750000e+00
     vertex  1.273277e+01  3.536669e+00  1.375000e+00
   endloop
 endfacet
 facet normal -1.549256e-01  6.985921e-01 -6.985464e-01
   outer loop
     vertex  1.059789e+01  1.795053e+00  1.375000e+00
     vertex  1.137044e+01  5.914701e-01  2.158392e-10
     vertex  1.029957e+01  3.539857e-01  2.158352e-10
   endloop
 endfacet
 facet normal -1.523918e-01  6.871663e-01 -7.103374e-01
   outer loop
     vertex  1.059789e+01  1.795053e+00  1.375000e+00
     vertex  1.003213e+01  3.090950e+00  2.750000e+00
     vertex  1.045577e+01  3.184900e+00  2.750000e+00
   endloop
 endfacet
 facet normal -3.215303e-01  6.491352e-01 -6.893778e-01
   outer loop
     vertex  1.059789e+01  1.795053e+00  1.375000e+00
     vertex  1.045577e+01  3.184900e+00  2.750000e+00
     vertex  1.186409e+01  2.422225e+00  1.375000e+00
   endloop
 endfacet
 facet normal -3.086002e-01  6.230308e-01 -7.187479e-01
   outer loop
     vertex  1.059789e+01  1.795053e+00  1.375000e+00
     vertex  1.186409e+01  2.422225e+00  1.375000e+00
     vertex  1.137044e+01  5.914701e-01  2.158392e-10
   endloop
 endfacet
 facet normal  1.641891e-02  7.007991e-01 -7.131697e-01
   outer loop
     vertex  9.184971e+00  1.779371e+00  1.375000e+00
     vertex  1.029957e+01  3.539857e-01  2.158352e-10
     vertex  9.202992e+00  3.796774e-01  2.158361e-10
   endloop
 endfacet
 facet normal  1.872144e-01  6.896210e-01 -6.995525e-01
   outer loop
     vertex  9.184971e+00  1.779371e+00  1.375000e+00
     vertex  9.202992e+00  3.796774e-01  2.158361e-10
     vertex  8.144422e+00  6.670520e-01  2.158420e-10
   endloop
 endfacet
 facet normal  1.682885e-02  7.182963e-01 -6.955338e-01
   outer loop
     vertex  9.184971e+00  1.779371e+00  1.375000e+00
     vertex  9.598319e+00  3.101114e+00  2.750000e+00
     vertex  1.003213e+01  3.090950e+00  2.750000e+00
   endloop
 endfacet
 facet normal  1.846598e-01  6.802106e-01 -7.093760e-01
   outer loop
     vertex  9.184971e+00  1.779371e+00  1.375000e+00
     vertex  9.179544e+00  3.214801e+00  2.750000e+00
     vertex  9.598319e+00  3.101114e+00  2.750000e+00
   endloop
 endfacet
 facet normal -7.670867e-03  6.911379e-01 -7.226822e-01
   outer loop
     vertex  9.184971e+00  1.779371e+00  1.375000e+00
     vertex  1.059789e+01  1.795053e+00  1.375000e+00
     vertex  1.029957e+01  3.539857e-01  2.158352e-10
   endloop
 endfacet
 facet normal -8.058343e-03  7.260491e-01 -6.875956e-01
   outer loop
     vertex  9.184971e+00  1.779371e+00  1.375000e+00
     vertex  1.003213e+01  3.090950e+00  2.750000e+00
     vertex  1.059789e+01  1.795053e+00  1.375000e+00
   endloop
 endfacet
 facet normal  5.548225e-01  4.526203e-01 -6.980737e-01
   outer loop
     vertex  7.905170e+00  2.378286e+00  1.375000e+00
     vertex  5.779832e+00  2.862872e+00  2.158846e-10
     vertex  8.244102e+00  4.083477e+00  2.750000e+00
   endloop
 endfacet
 facet normal  3.425527e-01  6.171064e-01 -7.084048e-01
   outer loop
     vertex  7.905170e+00  2.378286e+00  1.375000e+00
     vertex  8.144422e+00  6.670520e-01  2.158420e-10
     vertex  7.185386e+00  1.199408e+00  2.158525e-10
   endloop
 endfacet
 facet normal  4.849180e-01  5.221886e-01 -7.015509e-01
   outer loop
     vertex  7.905170e+00  2.378286e+00  1.375000e+00
     vertex  7.185386e+00  1.199408e+00  2.158525e-10
     vertex  6.381619e+00  1.945808e+00  2.158670e-10
   endloop
 endfacet
 facet normal  5.626911e-01  3.692431e-01 -7.396204e-01
   outer loop
     vertex  7.905170e+00  2.378286e+00  1.375000e+00
     vertex  6.381619e+00  1.945808e+00  2.158670e-10
     vertex  5.779832e+00  2.862872e+00  2.158846e-10
   endloop
 endfacet
 facet normal  3.463319e-01  6.239147e-01 -7.005603e-01
   outer loop
     vertex  7.905170e+00  2.378286e+00  1.375000e+00
     vertex  8.800145e+00  3.425403e+00  2.750000e+00
     vertex  9.179544e+00  3.214801e+00  2.750000e+00
   endloop
 endfacet
 facet normal  4.809384e-01  5.179031e-01 -7.074424e-01
   outer loop
     vertex  7.905170e+00  2.378286e+00  1.375000e+00
     vertex  8.482171e+00  3.720682e+00  2.750000e+00
     vertex  8.800145e+00  3.425403e+00  2.750000e+00
   endloop
 endfacet
 facet normal  6.256334e-01  4.105464e-01 -6.633509e-01
   outer loop
     vertex  7.905170e+00  2.378286e+00  1.375000e+00
     vertex  8.244102e+00  4.083477e+00  2.750000e+00
     vertex  8.482171e+00  3.720682e+00  2.750000e+00
   endloop
 endfacet
 facet normal  2.918115e-01  6.235628e-01 -7.252692e-01
   outer loop
     vertex  7.905170e+00  2.378286e+00  1.375000e+00
     vertex  9.184971e+00  1.779371e+00  1.375000e+00
     vertex  8.144422e+00  6.670520e-01  2.158420e-10
   endloop
 endfacet
 facet normal  3.082400e-01  6.586684e-01 -6.863993e-01
   outer loop
     vertex  7.905170e+00  2.378286e+00  1.375000e+00
     vertex  9.179544e+00  3.214801e+00  2.750000e+00
     vertex  9.184971e+00  1.779371e+00  1.375000e+00
   endloop
 endfacet
 facet normal  8.360635e-01  5.486326e-01  9.968253e-15
   outer loop
     vertex -1.123199e+01 -6.044154e+00  2.200000e+01
     vertex -1.147005e+01 -5.681359e+00  2.750000e+00
     vertex -1.147005e+01 -5.681359e+00  2.200000e+01
   endloop
 endfacet
 facet normal  8.360635e-01  5.486326e-01  9.866190e-15
   outer loop
     vertex -1.123199e+01 -6.044154e+00  2.200000e+01
     vertex -1.123199e+01 -6.044154e+00  2.750000e+00
     vertex -1.147005e+01 -5.681359e+00  2.750000e+00
   endloop
 endfacet
 facet normal  6.804727e-01  7.327735e-01  1.353829e-14
   outer loop
     vertex -1.091401e+01 -6.339433e+00  2.200000e+01
     vertex -1.091401e+01 -6.339433e+00  2.750000e+00
     vertex -1.123199e+01 -6.044154e+00  2.750000e+00
   endloop
 endfacet
 facet normal  6.804727e-01  7.327735e-01  1.337906e-14
   outer loop
     vertex -1.091401e+01 -6.339433e+00  2.200000e+01
     vertex -1.123199e+01 -6.044154e+00  2.750000e+00
     vertex -1.123199e+01 -6.044154e+00  2.200000e+01
   endloop
 endfacet
 facet normal  4.853352e-01  8.743282e-01  1.619920e-14
   outer loop
     vertex -1.053461e+01 -6.550035e+00  2.200000e+01
     vertex -1.053461e+01 -6.550035e+00  2.750000e+00
     vertex -1.091401e+01 -6.339433e+00  2.750000e+00
   endloop
 endfacet
 facet normal  4.853352e-01  8.743282e-01  1.624327e-14
   outer loop
     vertex -1.053461e+01 -6.550035e+00  2.200000e+01
     vertex -1.091401e+01 -6.339433e+00  2.750000e+00
     vertex -1.091401e+01 -6.339433e+00  2.200000e+01
   endloop
 endfacet
 facet normal  2.619918e-01  9.650701e-01  1.820792e-14
   outer loop
     vertex -1.011584e+01 -6.663722e+00  2.200000e+01
     vertex -1.011584e+01 -6.663722e+00  2.750000e+00
     vertex -1.053461e+01 -6.550035e+00  2.750000e+00
   endloop
 endfacet
 facet normal  2.619918e-01  9.650701e-01  1.798107e-14
   outer loop
     vertex -1.011584e+01 -6.663722e+00  2.200000e+01
     vertex -1.053461e+01 -6.550035e+00  2.750000e+00
     vertex -1.053461e+01 -6.550035e+00  2.200000e+01
   endloop
 endfacet
 facet normal  2.342242e-02  9.997257e-01  1.895366e-14
   outer loop
     vertex -9.682025e+00 -6.673885e+00  2.200000e+01
     vertex -9.682025e+00 -6.673885e+00  2.750000e+00
     vertex -1.011584e+01 -6.663722e+00  2.750000e+00
   endloop
 endfacet
 facet normal  2.342242e-02  9.997257e-01  1.890749e-14
   outer loop
     vertex -9.682025e+00 -6.673885e+00  2.200000e+01
     vertex -1.011584e+01 -6.663722e+00  2.750000e+00
     vertex -1.011584e+01 -6.663722e+00  2.200000e+01
   endloop
 endfacet
 facet normal -2.165082e-01  9.762808e-01  1.864344e-14
   outer loop
     vertex -9.258385e+00 -6.579936e+00  2.200000e+01
     vertex -9.258385e+00 -6.579936e+00  2.750000e+00
     vertex -9.682025e+00 -6.673885e+00  2.750000e+00
   endloop
 endfacet
 facet normal -2.165082e-01  9.762808e-01  1.855341e-14
   outer loop
     vertex -9.258385e+00 -6.579936e+00  2.200000e+01
     vertex -9.682025e+00 -6.673885e+00  2.750000e+00
     vertex -9.682025e+00 -6.673885e+00  2.200000e+01
   endloop
 endfacet
 facet normal -4.438562e-01  8.960980e-01  1.719883e-14
   outer loop
     vertex -8.869540e+00 -6.387332e+00  2.200000e+01
     vertex -8.869540e+00 -6.387332e+00  2.750000e+00
     vertex -9.258385e+00 -6.579936e+00  2.750000e+00
   endloop
 endfacet
 facet normal -4.438562e-01  8.960980e-01  1.715702e-14
   outer loop
     vertex -8.869540e+00 -6.387332e+00  2.200000e+01
     vertex -9.258385e+00 -6.579936e+00  2.750000e+00
     vertex -9.258385e+00 -6.579936e+00  2.200000e+01
   endloop
 endfacet
 facet normal -6.454088e-01  7.638373e-01  1.482875e-14
   outer loop
     vertex -8.538086e+00 -6.107269e+00  2.200000e+01
     vertex -8.538086e+00 -6.107269e+00  2.750000e+00
     vertex -8.869540e+00 -6.387332e+00  2.750000e+00
   endloop
 endfacet
 facet normal -6.454088e-01  7.638373e-01  1.470982e-14
   outer loop
     vertex -8.538086e+00 -6.107269e+00  2.200000e+01
     vertex -8.869540e+00 -6.387332e+00  2.750000e+00
     vertex -8.869540e+00 -6.387332e+00  2.200000e+01
   endloop
 endfacet
 facet normal -8.094526e-01  5.871852e-01  1.146736e-14
   outer loop
     vertex -8.283288e+00 -5.756021e+00  2.200000e+01
     vertex -8.283288e+00 -5.756021e+00  2.750000e+00
     vertex -8.538086e+00 -6.107269e+00  2.750000e+00
   endloop
 endfacet
 facet normal -8.094526e-01  5.871852e-01  1.151499e-14
   outer loop
     vertex -8.283288e+00 -5.756021e+00  2.200000e+01
     vertex -8.538086e+00 -6.107269e+00  2.750000e+00
     vertex -8.538086e+00 -6.107269e+00  2.200000e+01
   endloop
 endfacet
 facet normal -9.264540e-01  3.764079e-01  7.669555e-15
   outer loop
     vertex -8.119952e+00 -5.354003e+00  2.200000e+01
     vertex -8.119952e+00 -5.354003e+00  2.750000e+00
     vertex -8.283288e+00 -5.756021e+00  2.750000e+00
   endloop
 endfacet
 facet normal -9.264540e-01  3.764079e-01  7.462898e-15
   outer loop
     vertex -8.119952e+00 -5.354003e+00  2.200000e+01
     vertex -8.283288e+00 -5.756021e+00  2.750000e+00
     vertex -8.283288e+00 -5.756021e+00  2.200000e+01
   endloop
 endfacet
 facet normal -9.896133e-01  1.437553e-01  3.293875e-15
   outer loop
     vertex -8.057572e+00 -4.924578e+00  2.200000e+01
     vertex -8.057572e+00 -4.924578e+00  2.750000e+00
     vertex -8.119952e+00 -5.354003e+00  2.750000e+00
   endloop
 endfacet
 facet normal -9.896133e-01  1.437553e-01  3.222653e-15
   outer loop
     vertex -8.057572e+00 -4.924578e+00  2.200000e+01
     vertex -8.119952e+00 -5.354003e+00  2.750000e+00
     vertex -8.119952e+00 -5.354003e+00  2.200000e+01
   endloop
 endfacet
 facet normal -9.952598e-01 -9.725197e-02 -1.311111e-15
   outer loop
     vertex -8.099773e+00 -4.492703e+00  2.200000e+01
     vertex -8.099773e+00 -4.492703e+00  2.750000e+00
     vertex -8.057572e+00 -4.924578e+00  2.750000e+00
   endloop
 endfacet
 facet normal -9.952598e-01 -9.725197e-02 -1.306256e-15
   outer loop
     vertex -8.099773e+00 -4.492703e+00  2.200000e+01
     vertex -8.057572e+00 -4.924578e+00  2.750000e+00
     vertex -8.057572e+00 -4.924578e+00  2.200000e+01
   endloop
 endfacet
 facet normal -9.430654e-01 -3.326073e-01 -5.841479e-15
   outer loop
     vertex -8.244102e+00 -4.083477e+00  2.200000e+01
     vertex -8.244102e+00 -4.083477e+00  2.750000e+00
     vertex -8.099773e+00 -4.492703e+00  2.750000e+00
   endloop
 endfacet
 facet normal -9.430654e-01 -3.326073e-01 -5.846380e-15
   outer loop
     vertex -8.244102e+00 -4.083477e+00  2.200000e+01
     vertex -8.099773e+00 -4.492703e+00  2.750000e+00
     vertex -8.099773e+00 -4.492703e+00  2.200000e+01
   endloop
 endfacet
 facet normal  8.360635e-01  5.486326e-01  1.010615e-14
   outer loop
     vertex -6.257325e+00  8.695343e+00  2.200000e+01
     vertex -6.495394e+00  9.058137e+00  2.750000e+00
     vertex -6.495394e+00  9.058137e+00  2.200000e+01
   endloop
 endfacet
 facet normal  8.360635e-01  5.486326e-01  1.012295e-14
   outer loop
     vertex -6.257325e+00  8.695343e+00  2.200000e+01
     vertex -6.257325e+00  8.695343e+00  2.750000e+00
     vertex -6.495394e+00  9.058137e+00  2.750000e+00
   endloop
 endfacet
 facet normal  6.804727e-01  7.327735e-01  1.366871e-14
   outer loop
     vertex -5.939351e+00  8.400064e+00  2.200000e+01
     vertex -5.939351e+00  8.400064e+00  2.750000e+00
     vertex -6.257325e+00  8.695343e+00  2.750000e+00
   endloop
 endfacet
 facet normal  6.804727e-01  7.327735e-01  1.360168e-14
   outer loop
     vertex -5.939351e+00  8.400064e+00  2.200000e+01
     vertex -6.257325e+00  8.695343e+00  2.750000e+00
     vertex -6.257325e+00  8.695343e+00  2.200000e+01
   endloop
 endfacet
 facet normal  4.853352e-01  8.743282e-01  1.647253e-14
   outer loop
     vertex -5.559952e+00  8.189461e+00  2.200000e+01
     vertex -5.559952e+00  8.189461e+00  2.750000e+00
     vertex -5.939351e+00  8.400064e+00  2.750000e+00
   endloop
 endfacet
 facet normal  4.853352e-01  8.743282e-01  1.636953e-14
   outer loop
     vertex -5.559952e+00  8.189461e+00  2.200000e+01
     vertex -5.939351e+00  8.400064e+00  2.750000e+00
     vertex -5.939351e+00  8.400064e+00  2.200000e+01
   endloop
 endfacet
 facet normal  2.619918e-01  9.650701e-01  1.824419e-14
   outer loop
     vertex -5.141177e+00  8.075775e+00  2.200000e+01
     vertex -5.141177e+00  8.075775e+00  2.750000e+00
     vertex -5.559952e+00  8.189461e+00  2.750000e+00
   endloop
 endfacet
 facet normal  2.619918e-01  9.650701e-01  1.822030e-14
   outer loop
     vertex -5.141177e+00  8.075775e+00  2.200000e+01
     vertex -5.559952e+00  8.189461e+00  2.750000e+00
     vertex -5.559952e+00  8.189461e+00  2.200000e+01
   endloop
 endfacet
 facet normal  2.342242e-02  9.997257e-01  1.900087e-14
   outer loop
     vertex -4.707364e+00  8.065611e+00  2.200000e+01
     vertex -4.707364e+00  8.065611e+00  2.750000e+00
     vertex -5.141177e+00  8.075775e+00  2.750000e+00
   endloop
 endfacet
 facet normal  2.342242e-02  9.997257e-01  1.891081e-14
   outer loop
     vertex -4.707364e+00  8.065611e+00  2.200000e+01
     vertex -5.141177e+00  8.075775e+00  2.750000e+00
     vertex -5.141177e+00  8.075775e+00  2.200000e+01
   endloop
 endfacet
 facet normal -2.165082e-01  9.762808e-01  1.867850e-14
   outer loop
     vertex -4.283725e+00  8.159561e+00  2.200000e+01
     vertex -4.283725e+00  8.159561e+00  2.750000e+00
     vertex -4.707364e+00  8.065611e+00  2.750000e+00
   endloop
 endfacet
 facet normal -2.165082e-01  9.762808e-01  1.858830e-14
   outer loop
     vertex -4.283725e+00  8.159561e+00  2.200000e+01
     vertex -4.707364e+00  8.065611e+00  2.750000e+00
     vertex -4.707364e+00  8.065611e+00  2.200000e+01
   endloop
 endfacet
 facet normal -4.438562e-01  8.960980e-01  1.717835e-14
   outer loop
     vertex -3.894879e+00  8.352164e+00  2.200000e+01
     vertex -3.894879e+00  8.352164e+00  2.750000e+00
     vertex -4.283725e+00  8.159561e+00  2.750000e+00
   endloop
 endfacet
 facet normal -4.438562e-01  8.960980e-01  1.717862e-14
   outer loop
     vertex -3.894879e+00  8.352164e+00  2.200000e+01
     vertex -4.283725e+00  8.159561e+00  2.750000e+00
     vertex -4.283725e+00  8.159561e+00  2.200000e+01
   endloop
 endfacet
 facet normal -6.454088e-01  7.638373e-01  1.478012e-14
   outer loop
     vertex -3.563426e+00  8.632228e+00  2.200000e+01
     vertex -3.563426e+00  8.632228e+00  2.750000e+00
     vertex -3.894879e+00  8.352164e+00  2.750000e+00
   endloop
 endfacet
 facet normal -6.454088e-01  7.638373e-01  1.467991e-14
   outer loop
     vertex -3.563426e+00  8.632228e+00  2.200000e+01
     vertex -3.894879e+00  8.352164e+00  2.750000e+00
     vertex -3.894879e+00  8.352164e+00  2.200000e+01
   endloop
 endfacet
 facet normal -8.094526e-01  5.871852e-01  1.154863e-14
   outer loop
     vertex -3.308627e+00  8.983475e+00  2.200000e+01
     vertex -3.308627e+00  8.983475e+00  2.750000e+00
     vertex -3.563426e+00  8.632228e+00  2.750000e+00
   endloop
 endfacet
 facet normal -8.094526e-01  5.871852e-01  1.141863e-14
   outer loop
     vertex -3.308627e+00  8.983475e+00  2.200000e+01
     vertex -3.563426e+00  8.632228e+00  2.750000e+00
     vertex -3.563426e+00  8.632228e+00  2.200000e+01
   endloop
 endfacet
 facet normal -9.264540e-01  3.764079e-01  7.558684e-15
   outer loop
     vertex -3.145292e+00  9.385493e+00  2.200000e+01
     vertex -3.145292e+00  9.385493e+00  2.750000e+00
     vertex -3.308627e+00  8.983475e+00  2.750000e+00
   endloop
 endfacet
 facet normal -9.264540e-01  3.764079e-01  7.516062e-15
   outer loop
     vertex -3.145292e+00  9.385493e+00  2.200000e+01
     vertex -3.308627e+00  8.983475e+00  2.750000e+00
     vertex -3.308627e+00  8.983475e+00  2.200000e+01
   endloop
 endfacet
 facet normal -9.896133e-01  1.437553e-01  3.232787e-15
   outer loop
     vertex -3.082912e+00  9.814918e+00  2.200000e+01
     vertex -3.082912e+00  9.814918e+00  2.750000e+00
     vertex -3.145292e+00  9.385493e+00  2.750000e+00
   endloop
 endfacet
 facet normal -9.896133e-01  1.437553e-01  3.091820e-15
   outer loop
     vertex -3.082912e+00  9.814918e+00  2.200000e+01
     vertex -3.145292e+00  9.385493e+00  2.750000e+00
     vertex -3.145292e+00  9.385493e+00  2.200000e+01
   endloop
 endfacet
 facet normal -9.952598e-01 -9.725197e-02 -1.370492e-15
   outer loop
     vertex -3.125112e+00  1.024679e+01  2.200000e+01
     vertex -3.125112e+00  1.024679e+01  2.750000e+00
     vertex -3.082912e+00  9.814918e+00  2.750000e+00
   endloop
 endfacet
 facet normal -9.952598e-01 -9.725197e-02 -1.457026e-15
   outer loop
     vertex -3.125112e+00  1.024679e+01  2.200000e+01
     vertex -3.082912e+00  9.814918e+00  2.750000e+00
     vertex -3.082912e+00  9.814918e+00  2.200000e+01
   endloop
 endfacet
 facet normal -9.430654e-01 -3.326073e-01 -5.974542e-15
   outer loop
     vertex -3.269441e+00  1.065602e+01  2.200000e+01
     vertex -3.269441e+00  1.065602e+01  2.750000e+00
     vertex -3.125112e+00  1.024679e+01  2.750000e+00
   endloop
 endfacet
 facet normal -9.430654e-01 -3.326073e-01 -5.936094e-15
   outer loop
     vertex -3.269441e+00  1.065602e+01  2.200000e+01
     vertex -3.125112e+00  1.024679e+01  2.750000e+00
     vertex -3.125112e+00  1.024679e+01  2.200000e+01
   endloop
 endfacet
 facet normal  8.360635e-01  5.486326e-01  9.915089e-15
   outer loop
     vertex  8.482171e+00  3.720682e+00  2.200000e+01
     vertex  8.244102e+00  4.083477e+00  2.750000e+00
     vertex  8.244102e+00  4.083477e+00  2.200000e+01
   endloop
 endfacet
 facet normal  8.360635e-01  5.486326e-01  1.003315e-14
   outer loop
     vertex  8.482171e+00  3.720682e+00  2.200000e+01
     vertex  8.482171e+00  3.720682e+00  2.750000e+00
     vertex  8.244102e+00  4.083477e+00  2.750000e+00
   endloop
 endfacet
 facet normal  6.804727e-01  7.327735e-01  1.352139e-14
   outer loop
     vertex  8.800145e+00  3.425403e+00  2.200000e+01
     vertex  8.800145e+00  3.425403e+00  2.750000e+00
     vertex  8.482171e+00  3.720682e+00  2.750000e+00
   endloop
 endfacet
 facet normal  6.804727e-01  7.327735e-01  1.352027e-14
   outer loop
     vertex  8.800145e+00  3.425403e+00  2.200000e+01
     vertex  8.482171e+00  3.720682e+00  2.750000e+00
     vertex  8.482171e+00  3.720682e+00  2.200000e+01
   endloop
 endfacet
 facet normal  4.853352e-01  8.743282e-01  1.627988e-14
   outer loop
     vertex  9.179544e+00  3.214801e+00  2.200000e+01
     vertex  9.179544e+00  3.214801e+00  2.750000e+00
     vertex  8.800145e+00  3.425403e+00  2.750000e+00
   endloop
 endfacet
 facet normal  4.853352e-01  8.743282e-01  1.622499e-14
   outer loop
     vertex  9.179544e+00  3.214801e+00  2.200000e+01
     vertex  8.800145e+00  3.425403e+00  2.750000e+00
     vertex  8.800145e+00  3.425403e+00  2.200000e+01
   endloop
 endfacet
 facet normal  2.619918e-01  9.650701e-01  1.820792e-14
   outer loop
     vertex  9.598319e+00  3.101114e+00  2.200000e+01
     vertex  9.598319e+00  3.101114e+00  2.750000e+00
     vertex  9.179544e+00  3.214801e+00  2.750000e+00
   endloop
 endfacet
 facet normal  2.619918e-01  9.650701e-01  1.807078e-14
   outer loop
     vertex  9.598319e+00  3.101114e+00  2.200000e+01
     vertex  9.179544e+00  3.214801e+00  2.750000e+00
     vertex  9.179544e+00  3.214801e+00  2.200000e+01
   endloop
 endfacet
 facet normal  2.342242e-02  9.997257e-01  1.885925e-14
   outer loop
     vertex  1.003213e+01  3.090950e+00  2.200000e+01
     vertex  1.003213e+01  3.090950e+00  2.750000e+00
     vertex  9.598319e+00  3.101114e+00  2.750000e+00
   endloop
 endfacet
 facet normal  2.342242e-02  9.997257e-01  1.890749e-14
   outer loop
     vertex  1.003213e+01  3.090950e+00  2.200000e+01
     vertex  9.598319e+00  3.101114e+00  2.750000e+00
     vertex  9.598319e+00  3.101114e+00  2.200000e+01
   endloop
 endfacet
 facet normal -2.165082e-01  9.762808e-01  1.861838e-14
   outer loop
     vertex  1.045577e+01  3.184900e+00  2.200000e+01
     vertex  1.045577e+01  3.184900e+00  2.750000e+00
     vertex  1.003213e+01  3.090950e+00  2.750000e+00
   endloop
 endfacet
 facet normal -2.165082e-01  9.762808e-01  1.848280e-14
   outer loop
     vertex  1.045577e+01  3.184900e+00  2.200000e+01
     vertex  1.003213e+01  3.090950e+00  2.750000e+00
     vertex  1.003213e+01  3.090950e+00  2.200000e+01
   endloop
 endfacet
 facet normal -4.438562e-01  8.960980e-01  1.723978e-14
   outer loop
     vertex  1.084462e+01  3.377503e+00  2.200000e+01
     vertex  1.084462e+01  3.377503e+00  2.750000e+00
     vertex  1.045577e+01  3.184900e+00  2.750000e+00
   endloop
 endfacet
 facet normal -4.438562e-01  8.960980e-01  1.715702e-14
   outer loop
     vertex  1.084462e+01  3.377503e+00  2.200000e+01
     vertex  1.045577e+01  3.184900e+00  2.750000e+00
     vertex  1.045577e+01  3.184900e+00  2.200000e+01
   endloop
 endfacet
 facet normal -6.454088e-01  7.638373e-01  1.480443e-14
   outer loop
     vertex  1.117607e+01  3.657567e+00  2.200000e+01
     vertex  1.117607e+01  3.657567e+00  2.750000e+00
     vertex  1.084462e+01  3.377503e+00  2.750000e+00
   endloop
 endfacet
 facet normal -6.454088e-01  7.638373e-01  1.476797e-14
   outer loop
     vertex  1.117607e+01  3.657567e+00  2.200000e+01
     vertex  1.084462e+01  3.377503e+00  2.750000e+00
     vertex  1.084462e+01  3.377503e+00  2.200000e+01
   endloop
 endfacet
 facet normal -8.094526e-01  5.871852e-01  1.161674e-14
   outer loop
     vertex  1.143087e+01  4.008814e+00  2.200000e+01
     vertex  1.143087e+01  4.008814e+00  2.750000e+00
     vertex  1.117607e+01  3.657567e+00  2.750000e+00
   endloop
 endfacet
 facet normal -8.094526e-01  5.871852e-01  1.146681e-14
   outer loop
     vertex  1.143087e+01  4.008814e+00  2.200000e+01
     vertex  1.117607e+01  3.657567e+00  2.750000e+00
     vertex  1.117607e+01  3.657567e+00  2.200000e+01
   endloop
 endfacet
 facet normal -9.264540e-01  3.764079e-01  7.601430e-15
   outer loop
     vertex  1.159420e+01  4.410833e+00  2.200000e+01
     vertex  1.159420e+01  4.410833e+00  2.750000e+00
     vertex  1.143087e+01  4.008814e+00  2.750000e+00
   endloop
 endfacet
 facet normal -9.264540e-01  3.764079e-01  7.635681e-15
   outer loop
     vertex  1.159420e+01  4.410833e+00  2.200000e+01
     vertex  1.143087e+01  4.008814e+00  2.750000e+00
     vertex  1.143087e+01  4.008814e+00  2.200000e+01
   endloop
 endfacet
 facet normal -9.896133e-01  1.437553e-01  3.215820e-15
   outer loop
     vertex  1.165658e+01  4.840257e+00  2.200000e+01
     vertex  1.165658e+01  4.840257e+00  2.750000e+00
     vertex  1.159420e+01  4.410833e+00  2.750000e+00
   endloop
 endfacet
 facet normal -9.896133e-01  1.437553e-01  3.137507e-15
   outer loop
     vertex  1.165658e+01  4.840257e+00  2.200000e+01
     vertex  1.159420e+01  4.410833e+00  2.750000e+00
     vertex  1.159420e+01  4.410833e+00  2.200000e+01
   endloop
 endfacet
 facet normal -9.952598e-01 -9.725197e-02 -1.320085e-15
   outer loop
     vertex  1.161438e+01  5.272133e+00  2.200000e+01
     vertex  1.161438e+01  5.272133e+00  2.750000e+00
     vertex  1.165658e+01  4.840257e+00  2.750000e+00
   endloop
 endfacet
 facet normal -9.952598e-01 -9.725197e-02 -1.407185e-15
   outer loop
     vertex  1.161438e+01  5.272133e+00  2.200000e+01
     vertex  1.165658e+01  4.840257e+00  2.750000e+00
     vertex  1.165658e+01  4.840257e+00  2.200000e+01
   endloop
 endfacet
 facet normal -9.430654e-01 -3.326073e-01 -5.872171e-15
   outer loop
     vertex  1.147005e+01  5.681359e+00  2.200000e+01
     vertex  1.147005e+01  5.681359e+00  2.750000e+00
     vertex  1.161438e+01  5.272133e+00  2.750000e+00
   endloop
 endfacet
 facet normal -9.430654e-01 -3.326073e-01 -5.877116e-15
   outer loop
     vertex  1.147005e+01  5.681359e+00  2.200000e+01
     vertex  1.161438e+01  5.272133e+00  2.750000e+00
     vertex  1.161438e+01  5.272133e+00  2.200000e+01
   endloop
 endfacet
 facet normal  8.360635e-01  5.486326e-01  1.010116e-14
   outer loop
     vertex  3.507511e+00 -1.101881e+01  2.200000e+01
     vertex  3.269441e+00 -1.065602e+01  2.750000e+00
     vertex  3.269441e+00 -1.065602e+01  2.200000e+01
   endloop
 endfacet
 facet normal  8.360635e-01  5.486326e-01  1.014706e-14
   outer loop
     vertex  3.507511e+00 -1.101881e+01  2.200000e+01
     vertex  3.507511e+00 -1.101881e+01  2.750000e+00
     vertex  3.269441e+00 -1.065602e+01  2.750000e+00
   endloop
 endfacet
 facet normal  6.804727e-01  7.327735e-01  1.380394e-14
   outer loop
     vertex  3.825484e+00 -1.131409e+01  2.200000e+01
     vertex  3.825484e+00 -1.131409e+01  2.750000e+00
     vertex  3.507511e+00 -1.101881e+01  2.750000e+00
   endloop
 endfacet
 facet normal  6.804727e-01  7.327735e-01  1.367312e-14
   outer loop
     vertex  3.825484e+00 -1.131409e+01  2.200000e+01
     vertex  3.507511e+00 -1.101881e+01  2.750000e+00
     vertex  3.507511e+00 -1.101881e+01  2.200000e+01
   endloop
 endfacet
 facet normal  4.853352e-01  8.743282e-01  1.645014e-14
   outer loop
     vertex  4.204883e+00 -1.152470e+01  2.200000e+01
     vertex  4.204883e+00 -1.152470e+01  2.750000e+00
     vertex  3.825484e+00 -1.131409e+01  2.750000e+00
   endloop
 endfacet
 facet normal  4.853352e-01  8.743282e-01  1.653069e-14
   outer loop
     vertex  4.204883e+00 -1.152470e+01  2.200000e+01
     vertex  3.825484e+00 -1.131409e+01  2.750000e+00
     vertex  3.825484e+00 -1.131409e+01  2.200000e+01
   endloop
 endfacet
 facet normal  2.619918e-01  9.650701e-01  1.839812e-14
   outer loop
     vertex  4.623658e+00 -1.163838e+01  2.200000e+01
     vertex  4.623658e+00 -1.163838e+01  2.750000e+00
     vertex  4.204883e+00 -1.152470e+01  2.750000e+00
   endloop
 endfacet
 facet normal  2.619918e-01  9.650701e-01  1.820784e-14
   outer loop
     vertex  4.623658e+00 -1.163838e+01  2.200000e+01
     vertex  4.204883e+00 -1.152470e+01  2.750000e+00
     vertex  4.204883e+00 -1.152470e+01  2.200000e+01
   endloop
 endfacet
 facet normal  2.342242e-02  9.997257e-01  1.909204e-14
   outer loop
     vertex  5.057471e+00 -1.164855e+01  2.200000e+01
     vertex  5.057471e+00 -1.164855e+01  2.750000e+00
     vertex  4.623658e+00 -1.163838e+01  2.750000e+00
   endloop
 endfacet
 facet normal  2.342242e-02  9.997257e-01  1.909315e-14
   outer loop
     vertex  5.057471e+00 -1.164855e+01  2.200000e+01
     vertex  4.623658e+00 -1.163838e+01  2.750000e+00
     vertex  4.623658e+00 -1.163838e+01  2.200000e+01
   endloop
 endfacet
 facet normal -2.165082e-01  9.762808e-01  1.877858e-14
   outer loop
     vertex  5.481111e+00 -1.155460e+01  2.200000e+01
     vertex  5.481111e+00 -1.155460e+01  2.750000e+00
     vertex  5.057471e+00 -1.164855e+01  2.750000e+00
   endloop
 endfacet
 facet normal -2.165082e-01  9.762808e-01  1.868881e-14
   outer loop
     vertex  5.481111e+00 -1.155460e+01  2.200000e+01
     vertex  5.057471e+00 -1.164855e+01  2.750000e+00
     vertex  5.057471e+00 -1.164855e+01  2.200000e+01
   endloop
 endfacet
 facet normal -4.438562e-01  8.960980e-01  1.726104e-14
   outer loop
     vertex  5.869956e+00 -1.136199e+01  2.200000e+01
     vertex  5.869956e+00 -1.136199e+01  2.750000e+00
     vertex  5.481111e+00 -1.155460e+01  2.750000e+00
   endloop
 endfacet
 facet normal -4.438562e-01  8.960980e-01  1.728163e-14
   outer loop
     vertex  5.869956e+00 -1.136199e+01  2.200000e+01
     vertex  5.481111e+00 -1.155460e+01  2.750000e+00
     vertex  5.481111e+00 -1.155460e+01  2.200000e+01
   endloop
 endfacet
 facet normal -6.454088e-01  7.638373e-01  1.479105e-14
   outer loop
     vertex  6.201410e+00 -1.108193e+01  2.200000e+01
     vertex  6.201410e+00 -1.108193e+01  2.750000e+00
     vertex  5.869956e+00 -1.136199e+01  2.750000e+00
   endloop
 endfacet
 facet normal -6.454088e-01  7.638373e-01  1.475135e-14
   outer loop
     vertex  6.201410e+00 -1.108193e+01  2.200000e+01
     vertex  5.869956e+00 -1.136199e+01  2.750000e+00
     vertex  5.869956e+00 -1.136199e+01  2.200000e+01
   endloop
 endfacet
 facet normal -8.094526e-01  5.871852e-01  1.160282e-14
   outer loop
     vertex  6.456208e+00 -1.073068e+01  2.200000e+01
     vertex  6.456208e+00 -1.073068e+01  2.750000e+00
     vertex  6.201410e+00 -1.108193e+01  2.750000e+00
   endloop
 endfacet
 facet normal -8.094526e-01  5.871852e-01  1.140036e-14
   outer loop
     vertex  6.456208e+00 -1.073068e+01  2.200000e+01
     vertex  6.201410e+00 -1.108193e+01  2.750000e+00
     vertex  6.201410e+00 -1.108193e+01  2.200000e+01
   endloop
 endfacet
 facet normal -9.264540e-01  3.764079e-01  7.628153e-15
   outer loop
     vertex  6.619544e+00 -1.032866e+01  2.200000e+01
     vertex  6.619544e+00 -1.032866e+01  2.750000e+00
     vertex  6.456208e+00 -1.073068e+01  2.750000e+00
   endloop
 endfacet
 facet normal -9.264540e-01  3.764079e-01  7.550951e-15
   outer loop
     vertex  6.619544e+00 -1.032866e+01  2.200000e+01
     vertex  6.456208e+00 -1.073068e+01  2.750000e+00
     vertex  6.456208e+00 -1.073068e+01  2.200000e+01
   endloop
 endfacet
 facet normal -9.896133e-01  1.437553e-01  3.274746e-15
   outer loop
     vertex  6.681924e+00 -9.899239e+00  2.200000e+01
     vertex  6.681924e+00 -9.899239e+00  2.750000e+00
     vertex  6.619544e+00 -1.032866e+01  2.750000e+00
   endloop
 endfacet
 facet normal -9.896133e-01  1.437553e-01  3.118402e-15
   outer loop
     vertex  6.681924e+00 -9.899239e+00  2.200000e+01
     vertex  6.619544e+00 -1.032866e+01  2.750000e+00
     vertex  6.619544e+00 -1.032866e+01  2.200000e+01
   endloop
 endfacet
 facet normal -9.952598e-01 -9.725197e-02 -1.434361e-15
   outer loop
     vertex  6.639723e+00 -9.467364e+00  2.200000e+01
     vertex  6.639723e+00 -9.467364e+00  2.750000e+00
     vertex  6.681924e+00 -9.899239e+00  2.750000e+00
   endloop
 endfacet
 facet normal -9.952598e-01 -9.725197e-02 -1.370219e-15
   outer loop
     vertex  6.639723e+00 -9.467364e+00  2.200000e+01
     vertex  6.681924e+00 -9.899239e+00  2.750000e+00
     vertex  6.681924e+00 -9.899239e+00  2.200000e+01
   endloop
 endfacet
 facet normal -9.430654e-01 -3.326073e-01 -5.918210e-15
   outer loop
     vertex  6.495394e+00 -9.058137e+00  2.200000e+01
     vertex  6.495394e+00 -9.058137e+00  2.750000e+00
     vertex  6.639723e+00 -9.467364e+00  2.750000e+00
   endloop
 endfacet
 facet normal -9.430654e-01 -3.326073e-01 -6.040761e-15
   outer loop
     vertex  6.495394e+00 -9.058137e+00  2.200000e+01
     vertex  6.639723e+00 -9.467364e+00  2.750000e+00
     vertex  6.639723e+00 -9.467364e+00  2.200000e+01
   endloop
 endfacet
 facet normal  8.360635e-01  5.486326e-01  1.009489e-14
   outer loop
     vertex -4.773983e+00 -4.033805e+00  2.200000e+01
     vertex -5.600613e+00 -2.774101e+00  2.157842e-10
     vertex -5.600613e+00 -2.774101e+00  2.200000e+01
   endloop
 endfacet
 facet normal  8.360635e-01  5.486326e-01  1.010637e-14
   outer loop
     vertex -4.773983e+00 -4.033805e+00  2.200000e+01
     vertex -4.773983e+00 -4.033805e+00  2.157600e-10
     vertex -5.600613e+00 -2.774101e+00  2.157842e-10
   endloop
 endfacet
 facet normal  6.804727e-01  7.327735e-01  1.362945e-14
   outer loop
     vertex -3.669907e+00 -5.059079e+00  2.200000e+01
     vertex -3.669907e+00 -5.059079e+00  2.157401e-10
     vertex -4.773983e+00 -4.033805e+00  2.157600e-10
   endloop
 endfacet
 facet normal  6.804727e-01  7.327735e-01  1.365858e-14
   outer loop
     vertex -3.669907e+00 -5.059079e+00  2.200000e+01
     vertex -4.773983e+00 -4.033805e+00  2.157600e-10
     vertex -4.773983e+00 -4.033805e+00  2.200000e+01
   endloop
 endfacet
 facet normal  4.853352e-01  8.743282e-01  1.641379e-14
   outer loop
     vertex -2.352550e+00 -5.790338e+00  2.200000e+01
     vertex -2.352550e+00 -5.790338e+00  2.157257e-10
     vertex -3.669907e+00 -5.059079e+00  2.157401e-10
   endloop
 endfacet
 facet normal  4.853352e-01  8.743282e-01  1.639498e-14
   outer loop
     vertex -2.352550e+00 -5.790338e+00  2.200000e+01
     vertex -3.669907e+00 -5.059079e+00  2.157401e-10
     vertex -3.669907e+00 -5.059079e+00  2.200000e+01
   endloop
 endfacet
 facet normal  2.619918e-01  9.650701e-01  1.819559e-14
   outer loop
     vertex -8.984703e-01 -6.185083e+00  2.200000e+01
     vertex -8.984703e-01 -6.185083e+00  2.157176e-10
     vertex -2.352550e+00 -5.790338e+00  2.157257e-10
   endloop
 endfacet
 facet normal  2.619918e-01  9.650701e-01  1.821367e-14
   outer loop
     vertex -8.984703e-01 -6.185083e+00  2.200000e+01
     vertex -2.352550e+00 -5.790338e+00  2.157257e-10
     vertex -2.352550e+00 -5.790338e+00  2.200000e+01
   endloop
 endfacet
 facet normal  2.342242e-02  9.997257e-01  1.879838e-14
   outer loop
     vertex  6.078248e-01 -6.220374e+00  2.200000e+01
     vertex  6.078248e-01 -6.220374e+00  2.157163e-10
     vertex -8.984703e-01 -6.185083e+00  2.157176e-10
   endloop
 endfacet
 facet normal -2.165082e-01  9.762808e-01  1.845659e-14
   outer loop
     vertex  6.078248e-01 -6.220374e+00  2.200000e+01
     vertex  2.078795e+00 -5.894159e+00  2.157219e-10
     vertex  6.078248e-01 -6.220374e+00  2.157163e-10
   endloop
 endfacet
 facet normal  2.342242e-02  9.997257e-01  1.895911e-14
   outer loop
     vertex  6.078248e-01 -6.220374e+00  2.200000e+01
     vertex -8.984703e-01 -6.185083e+00  2.157176e-10
     vertex -8.984703e-01 -6.185083e+00  2.200000e+01
   endloop
 endfacet
 facet normal -2.165082e-01  9.762808e-01  1.853324e-14
   outer loop
     vertex  2.078795e+00 -5.894159e+00  2.200000e+01
     vertex  2.078795e+00 -5.894159e+00  2.157219e-10
     vertex  6.078248e-01 -6.220374e+00  2.200000e+01
   endloop
 endfacet
 facet normal -4.438562e-01  8.960980e-01  1.712797e-14
   outer loop
     vertex  3.428954e+00 -5.225397e+00  2.200000e+01
     vertex  3.428954e+00 -5.225397e+00  2.157340e-10
     vertex  2.078795e+00 -5.894159e+00  2.157219e-10
   endloop
 endfacet
 facet normal -4.438562e-01  8.960980e-01  1.710839e-14
   outer loop
     vertex  3.428954e+00 -5.225397e+00  2.200000e+01
     vertex  2.078795e+00 -5.894159e+00  2.157219e-10
     vertex  2.078795e+00 -5.894159e+00  2.200000e+01
   endloop
 endfacet
 facet normal -6.454088e-01  7.638373e-01  1.472333e-14
   outer loop
     vertex  4.579834e+00 -4.252954e+00  2.200000e+01
     vertex  4.579834e+00 -4.252954e+00  2.157520e-10
     vertex  3.428954e+00 -5.225397e+00  2.157340e-10
   endloop
 endfacet
 facet normal -6.454088e-01  7.638373e-01  1.471697e-14
   outer loop
     vertex  4.579834e+00 -4.252954e+00  2.200000e+01
     vertex  3.428954e+00 -5.225397e+00  2.157340e-10
     vertex  3.428954e+00 -5.225397e+00  2.200000e+01
   endloop
 endfacet
 facet normal -8.094526e-01  5.871852e-01  1.148641e-14
   outer loop
     vertex  5.464551e+00 -3.033345e+00  2.200000e+01
     vertex  5.464551e+00 -3.033345e+00  2.157747e-10
     vertex  4.579834e+00 -4.252954e+00  2.157520e-10
   endloop
 endfacet
 facet normal -8.094526e-01  5.871852e-01  1.144802e-14
   outer loop
     vertex  5.464551e+00 -3.033345e+00  2.200000e+01
     vertex  4.579834e+00 -4.252954e+00  2.157520e-10
     vertex  4.579834e+00 -4.252954e+00  2.200000e+01
   endloop
 endfacet
 facet normal -9.264540e-01  3.764079e-01  7.493467e-15
   outer loop
     vertex  6.031688e+00 -1.637449e+00  2.200000e+01
     vertex  6.031688e+00 -1.637449e+00  2.158009e-10
     vertex  5.464551e+00 -3.033345e+00  2.157747e-10
   endloop
 endfacet
 facet normal -9.896133e-01  1.437553e-01  3.118534e-15
   outer loop
     vertex  6.031688e+00 -1.637449e+00  2.200000e+01
     vertex  6.248285e+00 -1.463901e-01  2.158291e-10
     vertex  6.031688e+00 -1.637449e+00  2.158009e-10
   endloop
 endfacet
 facet normal -9.264540e-01  3.764079e-01  7.559444e-15
   outer loop
     vertex  6.031688e+00 -1.637449e+00  2.200000e+01
     vertex  5.464551e+00 -3.033345e+00  2.157747e-10
     vertex  5.464551e+00 -3.033345e+00  2.200000e+01
   endloop
 endfacet
 facet normal -9.896133e-01  1.437553e-01  3.087287e-15
   outer loop
     vertex  6.248285e+00 -1.463901e-01  2.200000e+01
     vertex  6.248285e+00 -1.463901e-01  2.158291e-10
     vertex  6.031688e+00 -1.637449e+00  2.200000e+01
   endloop
 endfacet
 facet normal -9.952598e-01 -9.725197e-02 -1.361201e-15
   outer loop
     vertex  6.101755e+00  1.353176e+00  2.200000e+01
     vertex  6.101755e+00  1.353176e+00  2.158576e-10
     vertex  6.248285e+00 -1.463901e-01  2.158291e-10
   endloop
 endfacet
 facet normal -9.952598e-01 -9.725197e-02 -1.483754e-15
   outer loop
     vertex  6.101755e+00  1.353176e+00  2.200000e+01
     vertex  6.248285e+00 -1.463901e-01  2.158291e-10
     vertex  6.248285e+00 -1.463901e-01  2.200000e+01
   endloop
 endfacet
 facet normal -9.430654e-01 -3.326073e-01 -5.923684e-15
   outer loop
     vertex  5.600613e+00  2.774101e+00  2.200000e+01
     vertex  5.600613e+00  2.774101e+00  2.158847e-10
     vertex  6.101755e+00  1.353176e+00  2.158576e-10
   endloop
 endfacet
 facet normal -9.430654e-01 -3.326073e-01 -5.847935e-15
   outer loop
     vertex  5.600613e+00  2.774101e+00  2.200000e+01
     vertex  6.101755e+00  1.353176e+00  2.158576e-10
     vertex  6.101755e+00  1.353176e+00  2.200000e+01
   endloop
 endfacet
 facet normal -9.430654e-01 -3.326073e-01 -5.960786e-15
   outer loop
     vertex -1.464421e+01 -3.247623e+00  8.000000e+00
     vertex -1.344147e+01 -6.657842e+00  2.200000e+01
     vertex -1.464421e+01 -3.247623e+00  2.200000e+01
   endloop
 endfacet
 facet normal -9.430654e-01 -3.326073e-01 -6.052723e-15
   outer loop
     vertex -1.464421e+01 -3.247623e+00  8.000000e+00
     vertex -1.344147e+01 -6.657842e+00  8.000000e+00
     vertex -1.344147e+01 -6.657842e+00  2.200000e+01
   endloop
 endfacet
 facet normal -9.952598e-01 -9.725197e-02 -1.321134e-15
   outer loop
     vertex -1.499588e+01  3.513362e-01  8.000000e+00
     vertex -1.464421e+01 -3.247623e+00  2.200000e+01
     vertex -1.499588e+01  3.513362e-01  2.200000e+01
   endloop
 endfacet
 facet normal -9.952598e-01 -9.725197e-02 -1.469320e-15
   outer loop
     vertex -1.499588e+01  3.513362e-01  8.000000e+00
     vertex -1.464421e+01 -3.247623e+00  8.000000e+00
     vertex -1.464421e+01 -3.247623e+00  2.200000e+01
   endloop
 endfacet
 facet normal -9.896133e-01  1.437553e-01  3.130941e-15
   outer loop
     vertex -1.447605e+01  3.929877e+00  8.000000e+00
     vertex -1.499588e+01  3.513362e-01  2.200000e+01
     vertex -1.447605e+01  3.929877e+00  2.200000e+01
   endloop
 endfacet
 facet normal -9.896133e-01  1.437553e-01  3.201803e-15
   outer loop
     vertex -1.447605e+01  3.929877e+00  8.000000e+00
     vertex -1.499588e+01  3.513362e-01  8.000000e+00
     vertex -1.499588e+01  3.513362e-01  2.200000e+01
   endloop
 endfacet
 facet normal -9.264540e-01  3.764079e-01  7.468838e-15
   outer loop
     vertex -1.311492e+01  7.280028e+00  8.000000e+00
     vertex -1.447605e+01  3.929877e+00  2.200000e+01
     vertex -1.311492e+01  7.280028e+00  2.200000e+01
   endloop
 endfacet
 facet normal -9.264540e-01  3.764079e-01  7.561518e-15
   outer loop
     vertex -1.311492e+01  7.280028e+00  8.000000e+00
     vertex -1.447605e+01  3.929877e+00  8.000000e+00
     vertex -1.447605e+01  3.929877e+00  2.200000e+01
   endloop
 endfacet
 facet normal -8.094526e-01  5.871852e-01  1.151186e-14
   outer loop
     vertex -1.099160e+01  1.020709e+01  8.000000e+00
     vertex -1.311492e+01  7.280028e+00  2.200000e+01
     vertex -1.099160e+01  1.020709e+01  2.200000e+01
   endloop
 endfacet
 facet normal -8.094526e-01  5.871852e-01  1.140368e-14
   outer loop
     vertex -1.099160e+01  1.020709e+01  8.000000e+00
     vertex -1.311492e+01  7.280028e+00  8.000000e+00
     vertex -1.311492e+01  7.280028e+00  2.200000e+01
   endloop
 endfacet
 facet normal -6.454088e-01  7.638373e-01  1.478333e-14
   outer loop
     vertex -8.229489e+00  1.254095e+01  8.000000e+00
     vertex -1.099160e+01  1.020709e+01  2.200000e+01
     vertex -8.229489e+00  1.254095e+01  2.200000e+01
   endloop
 endfacet
 facet normal -6.454088e-01  7.638373e-01  1.477215e-14
   outer loop
     vertex -8.229489e+00  1.254095e+01  8.000000e+00
     vertex -1.099160e+01  1.020709e+01  8.000000e+00
     vertex -1.099160e+01  1.020709e+01  2.200000e+01
   endloop
 endfacet
 facet normal -2.165082e-01  9.762808e-01  1.878725e-14
   outer loop
     vertex -4.989109e+00  1.414598e+01  8.000000e+00
     vertex -4.989109e+00  1.414598e+01  2.200000e+01
     vertex -1.458780e+00  1.492890e+01  2.200000e+01
   endloop
 endfacet
 facet normal -4.438562e-01  8.960980e-01  1.733754e-14
   outer loop
     vertex -4.989109e+00  1.414598e+01  8.000000e+00
     vertex -8.229489e+00  1.254095e+01  2.200000e+01
     vertex -4.989109e+00  1.414598e+01  2.200000e+01
   endloop
 endfacet
 facet normal -4.438562e-01  8.960980e-01  1.722833e-14
   outer loop
     vertex -4.989109e+00  1.414598e+01  8.000000e+00
     vertex -8.229489e+00  1.254095e+01  8.000000e+00
     vertex -8.229489e+00  1.254095e+01  2.200000e+01
   endloop
 endfacet
 facet normal -2.165082e-01  9.762808e-01  1.851203e-14
   outer loop
     vertex -1.458780e+00  1.492890e+01  8.000000e+00
     vertex -4.989109e+00  1.414598e+01  8.000000e+00
     vertex -1.458780e+00  1.492890e+01  2.200000e+01
   endloop
 endfacet
 facet normal  2.342242e-02  9.997257e-01  1.901826e-14
   outer loop
     vertex  2.156329e+00  1.484420e+01  8.000000e+00
     vertex -1.458780e+00  1.492890e+01  2.200000e+01
     vertex  2.156329e+00  1.484420e+01  2.200000e+01
   endloop
 endfacet
 facet normal  2.342242e-02  9.997257e-01  1.889393e-14
   outer loop
     vertex  2.156329e+00  1.484420e+01  8.000000e+00
     vertex -1.458780e+00  1.492890e+01  8.000000e+00
     vertex -1.458780e+00  1.492890e+01  2.200000e+01
   endloop
 endfacet
 facet normal  4.853352e-01  8.743282e-01  1.639424e-14
   outer loop
     vertex  5.646119e+00  1.389681e+01  8.000000e+00
     vertex  5.646119e+00  1.389681e+01  2.200000e+01
     vertex  8.807778e+00  1.214179e+01  2.200000e+01
   endloop
 endfacet
 facet normal  2.619918e-01  9.650701e-01  1.823463e-14
   outer loop
     vertex  5.646119e+00  1.389681e+01  8.000000e+00
     vertex  2.156329e+00  1.484420e+01  2.200000e+01
     vertex  5.646119e+00  1.389681e+01  2.200000e+01
   endloop
 endfacet
 facet normal  2.619918e-01  9.650701e-01  1.827221e-14
   outer loop
     vertex  5.646119e+00  1.389681e+01  8.000000e+00
     vertex  2.156329e+00  1.484420e+01  8.000000e+00
     vertex  2.156329e+00  1.484420e+01  2.200000e+01
   endloop
 endfacet
 facet normal  4.853352e-01  8.743282e-01  1.639424e-14
   outer loop
     vertex  8.807778e+00  1.214179e+01  8.000000e+00
     vertex  5.646119e+00  1.389681e+01  8.000000e+00
     vertex  8.807778e+00  1.214179e+01  2.200000e+01
   endloop
 endfacet
 facet normal  8.360635e-01  5.486326e-01  1.005394e-14
   outer loop
     vertex  1.145756e+01  9.681132e+00  8.000000e+00
     vertex  1.145756e+01  9.681132e+00  2.200000e+01
     vertex  1.344147e+01  6.657842e+00  2.200000e+01
   endloop
 endfacet
 facet normal  6.804727e-01  7.327735e-01  1.359444e-14
   outer loop
     vertex  1.145756e+01  9.681132e+00  8.000000e+00
     vertex  8.807778e+00  1.214179e+01  2.200000e+01
     vertex  1.145756e+01  9.681132e+00  2.200000e+01
   endloop
 endfacet
 facet normal  6.804727e-01  7.327735e-01  1.359670e-14
   outer loop
     vertex  1.145756e+01  9.681132e+00  8.000000e+00
     vertex  8.807778e+00  1.214179e+01  8.000000e+00
     vertex  8.807778e+00  1.214179e+01  2.200000e+01
   endloop
 endfacet
 facet normal  8.360635e-01  5.486326e-01  9.982659e-15
   outer loop
     vertex  1.344147e+01  6.657842e+00  8.000000e+00
     vertex  1.145756e+01  9.681132e+00  8.000000e+00
     vertex  1.344147e+01  6.657842e+00  2.200000e+01
   endloop
 endfacet
 facet normal -9.430654e-01 -3.326073e-01 -6.129853e-15
   outer loop
     vertex -1.708491e+01 -3.788894e+00  6.000000e+00
     vertex -1.568172e+01 -7.767483e+00  8.000000e+00
     vertex -1.708491e+01 -3.788894e+00  8.000000e+00
   endloop
 endfacet
 facet normal -9.430654e-01 -3.326073e-01 -5.579032e-15
   outer loop
     vertex -1.708491e+01 -3.788894e+00  6.000000e+00
     vertex -1.568172e+01 -7.767483e+00  6.000000e+00
     vertex -1.568172e+01 -7.767483e+00  8.000000e+00
   endloop
 endfacet
 facet normal -9.952598e-01 -9.725197e-02 -1.900296e-15
   outer loop
     vertex -1.749520e+01  4.098923e-01  6.000000e+00
     vertex -1.708491e+01 -3.788894e+00  8.000000e+00
     vertex -1.749520e+01  4.098923e-01  8.000000e+00
   endloop
 endfacet
 facet normal -9.952598e-01 -9.725197e-02 -1.815817e-15
   outer loop
     vertex -1.749520e+01  4.098923e-01  6.000000e+00
     vertex -1.708491e+01 -3.788894e+00  6.000000e+00
     vertex -1.708491e+01 -3.788894e+00  8.000000e+00
   endloop
 endfacet
 facet normal -9.896133e-01  1.437553e-01  2.553606e-15
   outer loop
     vertex -1.688873e+01  4.584857e+00  6.000000e+00
     vertex -1.749520e+01  4.098923e-01  8.000000e+00
     vertex -1.688873e+01  4.584857e+00  8.000000e+00
   endloop
 endfacet
 facet normal -9.896133e-01  1.437553e-01  2.842148e-15
   outer loop
     vertex -1.688873e+01  4.584857e+00  6.000000e+00
     vertex -1.749520e+01  4.098923e-01  6.000000e+00
     vertex -1.749520e+01  4.098923e-01  8.000000e+00
   endloop
 endfacet
 facet normal -9.264540e-01  3.764079e-01  9.000696e-15
   outer loop
     vertex -1.530074e+01  8.493366e+00  6.000000e+00
     vertex -1.688873e+01  4.584857e+00  8.000000e+00
     vertex -1.530074e+01  8.493366e+00  8.000000e+00
   endloop
 endfacet
 facet normal -9.264540e-01  3.764079e-01  6.631679e-15
   outer loop
     vertex -1.530074e+01  8.493366e+00  6.000000e+00
     vertex -1.688873e+01  4.584857e+00  6.000000e+00
     vertex -1.688873e+01  4.584857e+00  8.000000e+00
   endloop
 endfacet
 facet normal -8.094526e-01  5.871852e-01  1.186838e-14
   outer loop
     vertex -1.282354e+01  1.190827e+01  6.000000e+00
     vertex -1.530074e+01  8.493366e+00  8.000000e+00
     vertex -1.282354e+01  1.190827e+01  8.000000e+00
   endloop
 endfacet
 facet normal -8.094526e-01  5.871852e-01  1.284230e-14
   outer loop
     vertex -1.282354e+01  1.190827e+01  6.000000e+00
     vertex -1.530074e+01  8.493366e+00  6.000000e+00
     vertex -1.530074e+01  8.493366e+00  8.000000e+00
   endloop
 endfacet
 facet normal -4.438562e-01  8.960980e-01  1.631212e-14
   outer loop
     vertex -9.601071e+00  1.463111e+01  6.000000e+00
     vertex -9.601071e+00  1.463111e+01  8.000000e+00
     vertex -5.820627e+00  1.650365e+01  8.000000e+00
   endloop
 endfacet
 facet normal -6.454088e-01  7.638373e-01  1.414171e-14
   outer loop
     vertex -9.601071e+00  1.463111e+01  6.000000e+00
     vertex -1.282354e+01  1.190827e+01  8.000000e+00
     vertex -9.601071e+00  1.463111e+01  8.000000e+00
   endloop
 endfacet
 facet normal -6.454088e-01  7.638373e-01  1.473706e-14
   outer loop
     vertex -9.601071e+00  1.463111e+01  6.000000e+00
     vertex -1.282354e+01  1.190827e+01  6.000000e+00
     vertex -1.282354e+01  1.190827e+01  8.000000e+00
   endloop
 endfacet
 facet normal -4.438562e-01  8.960980e-01  1.731258e-14
   outer loop
     vertex -5.820627e+00  1.650365e+01  6.000000e+00
     vertex -9.601071e+00  1.463111e+01  6.000000e+00
     vertex -5.820627e+00  1.650365e+01  8.000000e+00
   endloop
 endfacet
 facet normal -2.165082e-01  9.762808e-01  1.743838e-14
   outer loop
     vertex -1.701910e+00  1.741705e+01  6.000000e+00
     vertex -5.820627e+00  1.650365e+01  8.000000e+00
     vertex -1.701910e+00  1.741705e+01  8.000000e+00
   endloop
 endfacet
 facet normal -2.165082e-01  9.762808e-01  1.900029e-14
   outer loop
     vertex -1.701910e+00  1.741705e+01  6.000000e+00
     vertex -5.820627e+00  1.650365e+01  6.000000e+00
     vertex -5.820627e+00  1.650365e+01  8.000000e+00
   endloop
 endfacet
 facet normal  2.342242e-02  9.997257e-01  1.774829e-14
   outer loop
     vertex  2.515717e+00  1.731823e+01  6.000000e+00
     vertex -1.701910e+00  1.741705e+01  8.000000e+00
     vertex  2.515717e+00  1.731823e+01  8.000000e+00
   endloop
 endfacet
 facet normal  2.342242e-02  9.997257e-01  1.775027e-14
   outer loop
     vertex  2.515717e+00  1.731823e+01  6.000000e+00
     vertex -1.701910e+00  1.741705e+01  6.000000e+00
     vertex -1.701910e+00  1.741705e+01  8.000000e+00
   endloop
 endfacet
 facet normal  2.619918e-01  9.650701e-01  1.691039e-14
   outer loop
     vertex  6.587139e+00  1.621295e+01  6.000000e+00
     vertex  2.515717e+00  1.731823e+01  8.000000e+00
     vertex  6.587139e+00  1.621295e+01  8.000000e+00
   endloop
 endfacet
 facet normal  2.619918e-01  9.650701e-01  1.694762e-14
   outer loop
     vertex  6.587139e+00  1.621295e+01  6.000000e+00
     vertex  2.515717e+00  1.731823e+01  6.000000e+00
     vertex  2.515717e+00  1.731823e+01  8.000000e+00
   endloop
 endfacet
 facet normal  4.853352e-01  8.743282e-01  1.742980e-14
   outer loop
     vertex  1.027574e+01  1.416542e+01  6.000000e+00
     vertex  6.587139e+00  1.621295e+01  8.000000e+00
     vertex  1.027574e+01  1.416542e+01  8.000000e+00
   endloop
 endfacet
 facet normal  4.853352e-01  8.743282e-01  1.505286e-14
   outer loop
     vertex  1.027574e+01  1.416542e+01  6.000000e+00
     vertex  6.587139e+00  1.621295e+01  6.000000e+00
     vertex  6.587139e+00  1.621295e+01  8.000000e+00
   endloop
 endfacet
 facet normal  6.804727e-01  7.327735e-01  1.427189e-14
   outer loop
     vertex  1.336715e+01  1.129465e+01  6.000000e+00
     vertex  1.027574e+01  1.416542e+01  8.000000e+00
     vertex  1.336715e+01  1.129465e+01  8.000000e+00
   endloop
 endfacet
 facet normal  6.804727e-01  7.327735e-01  1.452654e-14
   outer loop
     vertex  1.336715e+01  1.129465e+01  6.000000e+00
     vertex  1.027574e+01  1.416542e+01  6.000000e+00
     vertex  1.027574e+01  1.416542e+01  8.000000e+00
   endloop
 endfacet
 facet normal  8.360635e-01  5.486326e-01  1.244903e-14
   outer loop
     vertex  1.568172e+01  7.767483e+00  6.000000e+00
     vertex  1.336715e+01  1.129465e+01  8.000000e+00
     vertex  1.568172e+01  7.767483e+00  8.000000e+00
   endloop
 endfacet
 facet normal  8.360635e-01  5.486326e-01  1.094753e-14
   outer loop
     vertex  1.568172e+01  7.767483e+00  6.000000e+00
     vertex  1.336715e+01  1.129465e+01  6.000000e+00
     vertex  1.336715e+01  1.129465e+01  8.000000e+00
   endloop
 endfacet
 facet normal -9.430654e-01 -3.326073e-01 -5.983088e-15
   outer loop
     vertex -2.782400e+01 -6.170484e+00  7.000000e+00
     vertex -2.553879e+01 -1.264990e+01  1.750000e+01
     vertex -2.782400e+01 -6.170484e+00  1.750000e+01
   endloop
 endfacet
 facet normal -9.430654e-01 -3.326073e-01 -5.983470e-15
   outer loop
     vertex -2.782400e+01 -6.170484e+00  7.000000e+00
     vertex -2.553879e+01 -1.264990e+01  7.000000e+00
     vertex -2.553879e+01 -1.264990e+01  1.750000e+01
   endloop
 endfacet
 facet normal -9.896133e-01  1.437553e-01  3.058686e-15
   outer loop
     vertex -2.849218e+01  6.675388e-01  7.000000e+00
     vertex -2.849218e+01  6.675388e-01  1.750000e+01
     vertex -2.750450e+01  7.466767e+00  1.750000e+01
   endloop
 endfacet
 facet normal -9.952598e-01 -9.725197e-02 -1.505962e-15
   outer loop
     vertex -2.849218e+01  6.675388e-01  7.000000e+00
     vertex -2.782400e+01 -6.170484e+00  1.750000e+01
     vertex -2.849218e+01  6.675388e-01  1.750000e+01
   endloop
 endfacet
 facet normal -9.952598e-01 -9.725197e-02 -1.502023e-15
   outer loop
     vertex -2.849218e+01  6.675388e-01  7.000000e+00
     vertex -2.782400e+01 -6.170484e+00  7.000000e+00
     vertex -2.782400e+01 -6.170484e+00  1.750000e+01
   endloop
 endfacet
 facet normal -9.896133e-01  1.437553e-01  3.369205e-15
   outer loop
     vertex -2.750450e+01  7.466767e+00  7.000000e+00
     vertex -2.849218e+01  6.675388e-01  7.000000e+00
     vertex -2.750450e+01  7.466767e+00  1.750000e+01
   endloop
 endfacet
 facet normal -9.264540e-01  3.764079e-01  7.759043e-15
   outer loop
     vertex -2.491835e+01  1.383205e+01  7.000000e+00
     vertex -2.750450e+01  7.466767e+00  1.750000e+01
     vertex -2.491835e+01  1.383205e+01  1.750000e+01
   endloop
 endfacet
 facet normal -9.264540e-01  3.764079e-01  7.682480e-15
   outer loop
     vertex -2.491835e+01  1.383205e+01  7.000000e+00
     vertex -2.750450e+01  7.466767e+00  7.000000e+00
     vertex -2.750450e+01  7.466767e+00  1.750000e+01
   endloop
 endfacet
 facet normal -8.094526e-01  5.871852e-01  1.147496e-14
   outer loop
     vertex -2.088404e+01  1.939347e+01  7.000000e+00
     vertex -2.491835e+01  1.383205e+01  1.750000e+01
     vertex -2.088404e+01  1.939347e+01  1.750000e+01
   endloop
 endfacet
 facet normal -8.094526e-01  5.871852e-01  1.167146e-14
   outer loop
     vertex -2.088404e+01  1.939347e+01  7.000000e+00
     vertex -2.491835e+01  1.383205e+01  7.000000e+00
     vertex -2.491835e+01  1.383205e+01  1.750000e+01
   endloop
 endfacet
 facet normal -6.454088e-01  7.638373e-01  1.443297e-14
   outer loop
     vertex -1.563603e+01  2.382781e+01  7.000000e+00
     vertex -2.088404e+01  1.939347e+01  1.750000e+01
     vertex -1.563603e+01  2.382781e+01  1.750000e+01
   endloop
 endfacet
 facet normal -6.454088e-01  7.638373e-01  1.467551e-14
   outer loop
     vertex -1.563603e+01  2.382781e+01  7.000000e+00
     vertex -2.088404e+01  1.939347e+01  7.000000e+00
     vertex -2.088404e+01  1.939347e+01  1.750000e+01
   endloop
 endfacet
 facet normal -2.165082e-01  9.762808e-01  1.886534e-14
   outer loop
     vertex -9.479307e+00  2.687736e+01  7.000000e+00
     vertex -9.479307e+00  2.687736e+01  1.750000e+01
     vertex -2.771681e+00  2.836490e+01  1.750000e+01
   endloop
 endfacet
 facet normal -4.438562e-01  8.960980e-01  1.735738e-14
   outer loop
     vertex -9.479307e+00  2.687736e+01  7.000000e+00
     vertex -1.563603e+01  2.382781e+01  1.750000e+01
     vertex -9.479307e+00  2.687736e+01  1.750000e+01
   endloop
 endfacet
 facet normal -4.438562e-01  8.960980e-01  1.684236e-14
   outer loop
     vertex -9.479307e+00  2.687736e+01  7.000000e+00
     vertex -1.563603e+01  2.382781e+01  7.000000e+00
     vertex -1.563603e+01  2.382781e+01  1.750000e+01
   endloop
 endfacet
 facet normal  2.342242e-02  9.997257e-01  1.894657e-14
   outer loop
     vertex -2.771681e+00  2.836490e+01  7.000000e+00
     vertex -2.771681e+00  2.836490e+01  1.750000e+01
     vertex  4.097025e+00  2.820398e+01  1.750000e+01
   endloop
 endfacet
 facet normal -2.165082e-01  9.762808e-01  1.846175e-14
   outer loop
     vertex -2.771681e+00  2.836490e+01  7.000000e+00
     vertex -9.479307e+00  2.687736e+01  7.000000e+00
     vertex -2.771681e+00  2.836490e+01  1.750000e+01
   endloop
 endfacet
 facet normal  2.342242e-02  9.997257e-01  1.893468e-14
   outer loop
     vertex  4.097025e+00  2.820398e+01  7.000000e+00
     vertex -2.771681e+00  2.836490e+01  7.000000e+00
     vertex  4.097025e+00  2.820398e+01  1.750000e+01
   endloop
 endfacet
 facet normal  2.619918e-01  9.650701e-01  1.819732e-14
   outer loop
     vertex  1.072763e+01  2.640394e+01  7.000000e+00
     vertex  4.097025e+00  2.820398e+01  1.750000e+01
     vertex  1.072763e+01  2.640394e+01  1.750000e+01
   endloop
 endfacet
 facet normal  2.619918e-01  9.650701e-01  1.819664e-14
   outer loop
     vertex  1.072763e+01  2.640394e+01  7.000000e+00
     vertex  4.097025e+00  2.820398e+01  7.000000e+00
     vertex  4.097025e+00  2.820398e+01  1.750000e+01
   endloop
 endfacet
 facet normal  4.853352e-01  8.743282e-01  1.610655e-14
   outer loop
     vertex  1.673478e+01  2.306940e+01  7.000000e+00
     vertex  1.072763e+01  2.640394e+01  1.750000e+01
     vertex  1.673478e+01  2.306940e+01  1.750000e+01
   endloop
 endfacet
 facet normal  4.853352e-01  8.743282e-01  1.639914e-14
   outer loop
     vertex  1.673478e+01  2.306940e+01  7.000000e+00
     vertex  1.072763e+01  2.640394e+01  7.000000e+00
     vertex  1.072763e+01  2.640394e+01  1.750000e+01
   endloop
 endfacet
 facet normal  6.804727e-01  7.327735e-01  1.365421e-14
   outer loop
     vertex  2.176936e+01  1.839415e+01  7.000000e+00
     vertex  1.673478e+01  2.306940e+01  1.750000e+01
     vertex  2.176936e+01  1.839415e+01  1.750000e+01
   endloop
 endfacet
 facet normal  6.804727e-01  7.327735e-01  1.339509e-14
   outer loop
     vertex  2.176936e+01  1.839415e+01  7.000000e+00
     vertex  1.673478e+01  2.306940e+01  7.000000e+00
     vertex  1.673478e+01  2.306940e+01  1.750000e+01
   endloop
 endfacet
 facet normal  8.360635e-01  5.486326e-01  9.546729e-15
   outer loop
     vertex  2.553879e+01  1.264990e+01  7.000000e+00
     vertex  2.176936e+01  1.839415e+01  1.750000e+01
     vertex  2.553879e+01  1.264990e+01  1.750000e+01
   endloop
 endfacet
 facet normal  8.360635e-01  5.486326e-01  1.009557e-14
   outer loop
     vertex  2.553879e+01  1.264990e+01  7.000000e+00
     vertex  2.176936e+01  1.839415e+01  7.000000e+00
     vertex  2.176936e+01  1.839415e+01  1.750000e+01
   endloop
 endfacet
 facet normal  2.302430e-01 -9.731332e-01 -1.884591e-14
   outer loop
     vertex  3.134797e+00 -2.832707e+01  7.000000e+00
     vertex  9.891329e+00 -2.672848e+01  1.750000e+01
     vertex  3.134797e+00 -2.832707e+01  1.750000e+01
   endloop
 endfacet
 facet normal  2.302430e-01 -9.731332e-01 -1.851838e-14
   outer loop
     vertex  3.134797e+00 -2.832707e+01  7.000000e+00
     vertex  9.891329e+00 -2.672848e+01  7.000000e+00
     vertex  9.891329e+00 -2.672848e+01  1.750000e+01
   endloop
 endfacet
 facet normal -1.189531e-02 -9.999292e-01 -1.894647e-14
   outer loop
     vertex -3.807781e+00 -2.824448e+01  7.000000e+00
     vertex  3.134797e+00 -2.832707e+01  1.750000e+01
     vertex -3.807781e+00 -2.824448e+01  1.750000e+01
   endloop
 endfacet
 facet normal -1.189531e-02 -9.999292e-01 -1.928135e-14
   outer loop
     vertex -3.807781e+00 -2.824448e+01  7.000000e+00
     vertex  3.134797e+00 -2.832707e+01  7.000000e+00
     vertex  3.134797e+00 -2.832707e+01  1.750000e+01
   endloop
 endfacet
 facet normal -2.533276e-01 -9.673805e-01 -1.824402e-14
   outer loop
     vertex -1.052437e+01 -2.648561e+01  7.000000e+00
     vertex -3.807781e+00 -2.824448e+01  1.750000e+01
     vertex -1.052437e+01 -2.648561e+01  1.750000e+01
   endloop
 endfacet
 facet normal -2.533276e-01 -9.673805e-01 -1.834782e-14
   outer loop
     vertex -1.052437e+01 -2.648561e+01  7.000000e+00
     vertex -3.807781e+00 -2.824448e+01  7.000000e+00
     vertex -3.807781e+00 -2.824448e+01  1.750000e+01
   endloop
 endfacet
 facet normal -6.776516e-01 -7.353831e-01 -1.393390e-14
   outer loop
     vertex -1.661635e+01 -2.315485e+01  7.000000e+00
     vertex -1.661635e+01 -2.315485e+01  1.750000e+01
     vertex -2.172217e+01 -1.844986e+01  1.750000e+01
   endloop
 endfacet
 facet normal -4.797252e-01 -8.774188e-01 -1.662516e-14
   outer loop
     vertex -1.661635e+01 -2.315485e+01  7.000000e+00
     vertex -1.052437e+01 -2.648561e+01  1.750000e+01
     vertex -1.661635e+01 -2.315485e+01  1.750000e+01
   endloop
 endfacet
 facet normal -4.797252e-01 -8.774188e-01 -1.647161e-14
   outer loop
     vertex -1.661635e+01 -2.315485e+01  7.000000e+00
     vertex -1.052437e+01 -2.648561e+01  7.000000e+00
     vertex -1.052437e+01 -2.648561e+01  1.750000e+01
   endloop
 endfacet
 facet normal -6.776516e-01 -7.353831e-01 -1.345579e-14
   outer loop
     vertex -2.172217e+01 -1.844986e+01  7.000000e+00
     vertex -1.661635e+01 -2.315485e+01  7.000000e+00
     vertex -2.172217e+01 -1.844986e+01  1.750000e+01
   endloop
 endfacet
 facet normal -8.353601e-01 -5.497032e-01 -1.013302e-14
   outer loop
     vertex -2.553879e+01 -1.264990e+01  7.000000e+00
     vertex -2.172217e+01 -1.844986e+01  1.750000e+01
     vertex -2.553879e+01 -1.264990e+01  1.750000e+01
   endloop
 endfacet
 facet normal -8.353601e-01 -5.497032e-01 -9.941446e-15
   outer loop
     vertex -2.553879e+01 -1.264990e+01  7.000000e+00
     vertex -2.172217e+01 -1.844986e+01  7.000000e+00
     vertex -2.172217e+01 -1.844986e+01  1.750000e+01
   endloop
 endfacet
 facet normal -1.934089e-01  9.811182e-01  1.902016e-14
   outer loop
     vertex -2.959225e+00  3.888757e+01  2.165726e-10
     vertex -1.202055e+01  3.710130e+01  7.000000e+00
     vertex -2.959225e+00  3.888757e+01  7.000000e+00
   endloop
 endfacet
 facet normal -1.934089e-01  9.811182e-01  2.005787e-14
   outer loop
     vertex -2.959225e+00  3.888757e+01  2.165726e-10
     vertex -1.202055e+01  3.710130e+01  2.165425e-10
     vertex -1.202055e+01  3.710130e+01  7.000000e+00
   endloop
 endfacet
 facet normal  4.272138e-02  9.990870e-01  1.823274e-14
   outer loop
     vertex  6.268051e+00  3.849301e+01  2.165613e-10
     vertex -2.959225e+00  3.888757e+01  7.000000e+00
     vertex  6.268051e+00  3.849301e+01  7.000000e+00
   endloop
 endfacet
 facet normal  4.272138e-02  9.990870e-01  1.924731e-14
   outer loop
     vertex  6.268051e+00  3.849301e+01  2.165613e-10
     vertex -2.959225e+00  3.888757e+01  2.165726e-10
     vertex -2.959225e+00  3.888757e+01  7.000000e+00
   endloop
 endfacet
 facet normal  2.764559e-01  9.610266e-01  1.825389e-14
   outer loop
     vertex  1.514381e+01  3.593974e+01  2.165093e-10
     vertex  6.268051e+00  3.849301e+01  7.000000e+00
     vertex  1.514381e+01  3.593974e+01  7.000000e+00
   endloop
 endfacet
 facet normal  2.764559e-01  9.610266e-01  1.742012e-14
   outer loop
     vertex  1.514381e+01  3.593974e+01  2.165093e-10
     vertex  6.268051e+00  3.849301e+01  2.165613e-10
     vertex  6.268051e+00  3.849301e+01  7.000000e+00
   endloop
 endfacet
 facet normal  4.946866e-01  8.690714e-01  1.701212e-14
   outer loop
     vertex  2.317030e+01  3.137096e+01  2.164194e-10
     vertex  1.514381e+01  3.593974e+01  7.000000e+00
     vertex  2.317030e+01  3.137096e+01  7.000000e+00
   endloop
 endfacet
 facet normal  4.946866e-01  8.690714e-01  1.626611e-14
   outer loop
     vertex  2.317030e+01  3.137096e+01  2.164194e-10
     vertex  1.514381e+01  3.593974e+01  2.165093e-10
     vertex  1.514381e+01  3.593974e+01  7.000000e+00
   endloop
 endfacet
 facet normal  6.851751e-01  7.283784e-01  1.439537e-14
   outer loop
     vertex  2.989739e+01  2.504288e+01  2.162967e-10
     vertex  2.317030e+01  3.137096e+01  7.000000e+00
     vertex  2.989739e+01  2.504288e+01  7.000000e+00
   endloop
 endfacet
 facet normal  6.851751e-01  7.283784e-01  1.439771e-14
   outer loop
     vertex  2.989739e+01  2.504288e+01  2.162967e-10
     vertex  2.317030e+01  3.137096e+01  2.164194e-10
     vertex  2.317030e+01  3.137096e+01  7.000000e+00
   endloop
 endfacet
 facet normal  8.372387e-01  5.468376e-01  1.111871e-14
   outer loop
     vertex  3.494782e+01  1.731039e+01  2.161480e-10
     vertex  2.989739e+01  2.504288e+01  7.000000e+00
     vertex  3.494782e+01  1.731039e+01  7.000000e+00
   endloop
 endfacet
 facet normal  8.372387e-01  5.468376e-01  1.099061e-14
   outer loop
     vertex  3.494782e+01  1.731039e+01  2.161480e-10
     vertex  2.989739e+01  2.504288e+01  2.162967e-10
     vertex  2.989739e+01  2.504288e+01  7.000000e+00
   endloop
 endfacet
 facet normal  9.430654e-01  3.326073e-01  7.179596e-15
   outer loop
     vertex  3.807495e+01  8.443820e+00  2.159787e-10
     vertex  3.494782e+01  1.731039e+01  2.161480e-10
     vertex  3.494782e+01  1.731039e+01  7.000000e+00
   endloop
 endfacet
 facet normal  9.430654e-01  3.326073e-01  6.245909e-15
   outer loop
     vertex  3.807495e+01  8.443820e+00  2.159787e-10
     vertex  3.494782e+01  1.731039e+01  7.000000e+00
     vertex  3.807495e+01  8.443820e+00  7.000000e+00
   endloop
 endfacet
 facet normal  9.952598e-01  9.725197e-02  1.826259e-15
   outer loop
     vertex  3.898930e+01 -9.134742e-01  2.158010e-10
     vertex  3.807495e+01  8.443820e+00  7.000000e+00
     vertex  3.898930e+01 -9.134742e-01  7.000000e+00
   endloop
 endfacet
 facet normal  9.952598e-01  9.725197e-02  1.808394e-15
   outer loop
     vertex  3.898930e+01 -9.134742e-01  2.158010e-10
     vertex  3.807495e+01  8.443820e+00  2.159787e-10
     vertex  3.807495e+01  8.443820e+00  7.000000e+00
   endloop
 endfacet
 facet normal  9.896133e-01 -1.437553e-01 -4.672082e-15
   outer loop
     vertex  3.763773e+01 -1.021768e+01  2.156252e-10
     vertex  3.898930e+01 -9.134742e-01  7.000000e+00
     vertex  3.763773e+01 -1.021768e+01  7.000000e+00
   endloop
 endfacet
 facet normal  9.896133e-01 -1.437553e-01 -2.699096e-15
   outer loop
     vertex  3.763773e+01 -1.021768e+01  2.156252e-10
     vertex  3.898930e+01 -9.134742e-01  2.158010e-10
     vertex  3.898930e+01 -9.134742e-01  7.000000e+00
   endloop
 endfacet
 facet normal  9.264540e-01 -3.764079e-01 -7.435717e-15
   outer loop
     vertex  3.409880e+01 -1.892807e+01  2.154616e-10
     vertex  3.763773e+01 -1.021768e+01  7.000000e+00
     vertex  3.409880e+01 -1.892807e+01  7.000000e+00
   endloop
 endfacet
 facet normal  9.264540e-01 -3.764079e-01 -8.853035e-15
   outer loop
     vertex  3.409880e+01 -1.892807e+01  2.154616e-10
     vertex  3.763773e+01 -1.021768e+01  2.156252e-10
     vertex  3.763773e+01 -1.021768e+01  7.000000e+00
   endloop
 endfacet
 facet normal  8.094526e-01 -5.871852e-01 -1.214619e-14
   outer loop
     vertex  2.857817e+01 -2.653843e+01  2.153197e-10
     vertex  3.409880e+01 -1.892807e+01  7.000000e+00
     vertex  2.857817e+01 -2.653843e+01  7.000000e+00
   endloop
 endfacet
 facet normal  8.094526e-01 -5.871852e-01 -1.090435e-14
   outer loop
     vertex  2.857817e+01 -2.653843e+01  2.153197e-10
     vertex  3.409880e+01 -1.892807e+01  2.154616e-10
     vertex  3.409880e+01 -1.892807e+01  7.000000e+00
   endloop
 endfacet
 facet normal  4.438562e-01 -8.960980e-01 -1.750756e-14
   outer loop
     vertex  2.139667e+01 -3.260648e+01  2.152077e-10
     vertex  2.139667e+01 -3.260648e+01  7.000000e+00
     vertex  1.297168e+01 -3.677955e+01  7.000000e+00
   endloop
 endfacet
 facet normal  6.454088e-01 -7.638373e-01 -1.505905e-14
   outer loop
     vertex  2.139667e+01 -3.260648e+01  2.152077e-10
     vertex  2.857817e+01 -2.653843e+01  7.000000e+00
     vertex  2.139667e+01 -3.260648e+01  7.000000e+00
   endloop
 endfacet
 facet normal  6.454088e-01 -7.638373e-01 -1.543883e-14
   outer loop
     vertex  2.139667e+01 -3.260648e+01  2.152077e-10
     vertex  2.857817e+01 -2.653843e+01  2.153197e-10
     vertex  2.857817e+01 -2.653843e+01  7.000000e+00
   endloop
 endfacet
 facet normal  4.438562e-01 -8.960980e-01 -1.750756e-14
   outer loop
     vertex  1.297168e+01 -3.677955e+01  2.151321e-10
     vertex  2.139667e+01 -3.260648e+01  2.152077e-10
     vertex  1.297168e+01 -3.677955e+01  7.000000e+00
   endloop
 endfacet
 facet normal -2.342242e-02 -9.997257e-01 -1.926898e-14
   outer loop
     vertex  3.792827e+00 -3.881513e+01  2.150973e-10
     vertex  3.792827e+00 -3.881513e+01  7.000000e+00
     vertex -5.606455e+00 -3.859492e+01  7.000000e+00
   endloop
 endfacet
 facet normal  2.165082e-01 -9.762808e-01 -1.893859e-14
   outer loop
     vertex  3.792827e+00 -3.881513e+01  2.150973e-10
     vertex  1.297168e+01 -3.677955e+01  7.000000e+00
     vertex  3.792827e+00 -3.881513e+01  7.000000e+00
   endloop
 endfacet
 facet normal  2.165082e-01 -9.762808e-01 -1.894765e-14
   outer loop
     vertex  3.792827e+00 -3.881513e+01  2.150973e-10
     vertex  1.297168e+01 -3.677955e+01  2.151321e-10
     vertex  1.297168e+01 -3.677955e+01  7.000000e+00
   endloop
 endfacet
 facet normal -2.342242e-02 -9.997257e-01 -2.027188e-14
   outer loop
     vertex -5.606455e+00 -3.859492e+01  2.151054e-10
     vertex  3.792827e+00 -3.881513e+01  2.150973e-10
     vertex -5.606455e+00 -3.859492e+01  7.000000e+00
   endloop
 endfacet
 facet normal -2.619918e-01 -9.650701e-01 -1.632086e-14
   outer loop
     vertex -1.467991e+01 -3.613171e+01  2.151558e-10
     vertex -5.606455e+00 -3.859492e+01  7.000000e+00
     vertex -1.467991e+01 -3.613171e+01  7.000000e+00
   endloop
 endfacet
 facet normal -2.619918e-01 -9.650701e-01 -1.932553e-14
   outer loop
     vertex -1.467991e+01 -3.613171e+01  2.151558e-10
     vertex -5.606455e+00 -3.859492e+01  2.151054e-10
     vertex -5.606455e+00 -3.859492e+01  7.000000e+00
   endloop
 endfacet
 facet normal -4.853352e-01 -8.743282e-01 -1.691133e-14
   outer loop
     vertex -2.290022e+01 -3.156865e+01  2.152457e-10
     vertex -1.467991e+01 -3.613171e+01  7.000000e+00
     vertex -2.290022e+01 -3.156865e+01  7.000000e+00
   endloop
 endfacet
 facet normal -4.853352e-01 -8.743282e-01 -1.446715e-14
   outer loop
     vertex -2.290022e+01 -3.156865e+01  2.152457e-10
     vertex -1.467991e+01 -3.613171e+01  2.151558e-10
     vertex -1.467991e+01 -3.613171e+01  7.000000e+00
   endloop
 endfacet
 facet normal -6.804727e-01 -7.327735e-01 -1.272440e-14
   outer loop
     vertex -2.978966e+01 -2.517094e+01  2.153698e-10
     vertex -2.290022e+01 -3.156865e+01  7.000000e+00
     vertex -2.978966e+01 -2.517094e+01  7.000000e+00
   endloop
 endfacet
 facet normal -6.804727e-01 -7.327735e-01 -1.446715e-14
   outer loop
     vertex -2.978966e+01 -2.517094e+01  2.153698e-10
     vertex -2.290022e+01 -3.156865e+01  2.152457e-10
     vertex -2.290022e+01 -3.156865e+01  7.000000e+00
   endloop
 endfacet
 facet normal -8.360635e-01 -5.486326e-01 -1.030257e-14
   outer loop
     vertex -3.494782e+01 -1.731039e+01  2.155209e-10
     vertex -2.978966e+01 -2.517094e+01  7.000000e+00
     vertex -3.494782e+01 -1.731039e+01  7.000000e+00
   endloop
 endfacet
 facet normal -8.360635e-01 -5.486326e-01 -9.068963e-15
   outer loop
     vertex -3.494782e+01 -1.731039e+01  2.155209e-10
     vertex -2.978966e+01 -2.517094e+01  2.153698e-10
     vertex -2.978966e+01 -2.517094e+01  7.000000e+00
   endloop
 endfacet
 facet normal  4.673427e-16 -1.885781e-14  1.000000e+00
   outer loop
     vertex -1.595694e+01 -3.192447e+01  7.000000e+00
     vertex -1.643388e+01 -3.179499e+01  7.000000e+00
     vertex -1.467991e+01 -3.613171e+01  7.000000e+00
   endloop
 endfacet
 facet normal  6.302362e-16 -1.852384e-14  1.000000e+00
   outer loop
     vertex -1.686597e+01 -3.155514e+01  7.000000e+00
     vertex -2.290022e+01 -3.156865e+01  7.000000e+00
     vertex -1.467991e+01 -3.613171e+01  7.000000e+00
   endloop
 endfacet
 facet normal -3.031226e-15 -2.027279e-14  1.000000e+00
   outer loop
     vertex -1.686597e+01 -3.155514e+01  7.000000e+00
     vertex -1.467991e+01 -3.613171e+01  7.000000e+00
     vertex -1.643388e+01 -3.179499e+01  7.000000e+00
   endloop
 endfacet
 facet normal -4.483283e-16 -1.913574e-14  1.000000e+00
   outer loop
     vertex -1.546288e+01 -3.193605e+01  7.000000e+00
     vertex -1.595694e+01 -3.192447e+01  7.000000e+00
     vertex -1.467991e+01 -3.613171e+01  7.000000e+00
   endloop
 endfacet
 facet normal  6.404390e-16 -2.308033e-14  1.000000e+00
   outer loop
     vertex -1.722811e+01 -3.121885e+01  7.000000e+00
     vertex -2.290022e+01 -3.156865e+01  7.000000e+00
     vertex -1.686597e+01 -3.155514e+01  7.000000e+00
   endloop
 endfacet
 facet normal  5.218189e-16 -1.895470e-14  1.000000e+00
   outer loop
     vertex -1.498040e+01 -3.182905e+01  7.000000e+00
     vertex -1.546288e+01 -3.193605e+01  7.000000e+00
     vertex -1.467991e+01 -3.613171e+01  7.000000e+00
   endloop
 endfacet
 facet normal  3.942135e-16 -1.908772e-14  1.000000e+00
   outer loop
     vertex -1.749924e+01 -3.080567e+01  7.000000e+00
     vertex -2.290022e+01 -3.156865e+01  7.000000e+00
     vertex -1.722811e+01 -3.121885e+01  7.000000e+00
   endloop
 endfacet
 facet normal  1.338074e-15 -1.889769e-14  1.000000e+00
   outer loop
     vertex -1.453755e+01 -3.160969e+01  7.000000e+00
     vertex -1.498040e+01 -3.182905e+01  7.000000e+00
     vertex -1.467991e+01 -3.613171e+01  7.000000e+00
   endloop
 endfacet
 facet normal  3.713750e-16 -1.892605e-14  1.000000e+00
   outer loop
     vertex -1.766362e+01 -3.033961e+01  7.000000e+00
     vertex -2.290022e+01 -3.156865e+01  7.000000e+00
     vertex -1.749924e+01 -3.080567e+01  7.000000e+00
   endloop
 endfacet
 facet normal -5.526050e-16 -1.883817e-14  1.000000e+00
   outer loop
     vertex -1.416006e+01 -3.129073e+01  7.000000e+00
     vertex -1.453755e+01 -3.160969e+01  7.000000e+00
     vertex -1.467991e+01 -3.613171e+01  7.000000e+00
   endloop
 endfacet
 facet normal  1.637957e-16 -1.804162e-14  1.000000e+00
   outer loop
     vertex -1.771168e+01 -2.984775e+01  7.000000e+00
     vertex -2.290022e+01 -3.156865e+01  7.000000e+00
     vertex -1.766362e+01 -3.033961e+01  7.000000e+00
   endloop
 endfacet
 facet normal  4.538822e-16 -1.888100e-14  1.000000e+00
   outer loop
     vertex -1.386987e+01 -3.089070e+01  7.000000e+00
     vertex -1.467991e+01 -3.613171e+01  7.000000e+00
     vertex -5.606455e+00 -3.859492e+01  7.000000e+00
   endloop
 endfacet
 facet normal  1.837073e-15 -1.909479e-14  1.000000e+00
   outer loop
     vertex -1.386987e+01 -3.089070e+01  7.000000e+00
     vertex -1.416006e+01 -3.129073e+01  7.000000e+00
     vertex -1.467991e+01 -3.613171e+01  7.000000e+00
   endloop
 endfacet
 facet normal  8.463998e-16 -2.009968e-14  1.000000e+00
   outer loop
     vertex -1.764064e+01 -2.935868e+01  7.000000e+00
     vertex -2.290022e+01 -3.156865e+01  7.000000e+00
     vertex -1.771168e+01 -2.984775e+01  7.000000e+00
   endloop
 endfacet
 facet normal -2.089266e-17 -1.939024e-14  1.000000e+00
   outer loop
     vertex -1.368385e+01 -3.043285e+01  7.000000e+00
     vertex -1.386987e+01 -3.089070e+01  7.000000e+00
     vertex -5.606455e+00 -3.859492e+01  7.000000e+00
   endloop
 endfacet
 facet normal -3.174067e-16 -1.732990e-14  1.000000e+00
   outer loop
     vertex -1.745462e+01 -2.890083e+01  7.000000e+00
     vertex -2.290022e+01 -3.156865e+01  7.000000e+00
     vertex -1.764064e+01 -2.935868e+01  7.000000e+00
   endloop
 endfacet
 facet normal  4.431765e-16 -1.894682e-14  1.000000e+00
   outer loop
     vertex  4.606570e+00 -3.542092e+01  7.000000e+00
     vertex  4.129632e+00 -3.529145e+01  7.000000e+00
     vertex  3.792827e+00 -3.881513e+01  7.000000e+00
   endloop
 endfacet
 facet normal -2.052597e-16 -1.888484e-14  1.000000e+00
   outer loop
     vertex  3.697539e+00 -3.505159e+01  7.000000e+00
     vertex  3.792827e+00 -3.881513e+01  7.000000e+00
     vertex  4.129632e+00 -3.529145e+01  7.000000e+00
   endloop
 endfacet
 facet normal -4.389473e-16 -1.873534e-14  1.000000e+00
   outer loop
     vertex  5.100635e+00 -3.543250e+01  7.000000e+00
     vertex  4.606570e+00 -3.542092e+01  7.000000e+00
     vertex  3.792827e+00 -3.881513e+01  7.000000e+00
   endloop
 endfacet
 facet normal  2.138986e-15 -1.882549e-14  1.000000e+00
   outer loop
     vertex  3.335402e+00 -3.471530e+01  7.000000e+00
     vertex  3.792827e+00 -3.881513e+01  7.000000e+00
     vertex  3.697539e+00 -3.505159e+01  7.000000e+00
   endloop
 endfacet
 facet normal  4.048561e-16 -1.901897e-14  1.000000e+00
   outer loop
     vertex  3.335402e+00 -3.471530e+01  7.000000e+00
     vertex -5.606455e+00 -3.859492e+01  7.000000e+00
     vertex  3.792827e+00 -3.881513e+01  7.000000e+00
   endloop
 endfacet
 facet normal  4.585726e-15 -2.067800e-14  1.000000e+00
   outer loop
     vertex  5.583113e+00 -3.532550e+01  7.000000e+00
     vertex  5.100635e+00 -3.543250e+01  7.000000e+00
     vertex  3.792827e+00 -3.881513e+01  7.000000e+00
   endloop
 endfacet
 facet normal  4.257165e-16 -1.906705e-14  1.000000e+00
   outer loop
     vertex  3.064267e+00 -3.430212e+01  7.000000e+00
     vertex -5.606455e+00 -3.859492e+01  7.000000e+00
     vertex  3.335402e+00 -3.471530e+01  7.000000e+00
   endloop
 endfacet
 facet normal -3.963850e-15 -1.629181e-14  1.000000e+00
   outer loop
     vertex  6.025965e+00 -3.510615e+01  7.000000e+00
     vertex  5.583113e+00 -3.532550e+01  7.000000e+00
     vertex  3.792827e+00 -3.881513e+01  7.000000e+00
   endloop
 endfacet
 facet normal  3.582099e-16 -1.893070e-14  1.000000e+00
   outer loop
     vertex  2.899893e+00 -3.383606e+01  7.000000e+00
     vertex -5.606455e+00 -3.859492e+01  7.000000e+00
     vertex  3.064267e+00 -3.430212e+01  7.000000e+00
   endloop
 endfacet
 facet normal  4.252870e-16 -1.893446e-14  1.000000e+00
   outer loop
     vertex  1.297168e+01 -3.677955e+01  7.000000e+00
     vertex  6.025965e+00 -3.510615e+01  7.000000e+00
     vertex  3.792827e+00 -3.881513e+01  7.000000e+00
   endloop
 endfacet
 facet normal  2.263721e-16 -1.976008e-14  1.000000e+00
   outer loop
     vertex  1.297168e+01 -3.677955e+01  7.000000e+00
     vertex  6.403454e+00 -3.478718e+01  7.000000e+00
     vertex  6.025965e+00 -3.510615e+01  7.000000e+00
   endloop
 endfacet
 facet normal -1.234779e-16 -1.806969e-14  1.000000e+00
   outer loop
     vertex  2.851831e+00 -3.334420e+01  7.000000e+00
     vertex -5.606455e+00 -3.859492e+01  7.000000e+00
     vertex  2.899893e+00 -3.383606e+01  7.000000e+00
   endloop
 endfacet
 facet normal  6.822814e-16 -1.825709e-14  1.000000e+00
   outer loop
     vertex  6.693641e+00 -3.438715e+01  7.000000e+00
     vertex  6.403454e+00 -3.478718e+01  7.000000e+00
     vertex  1.297168e+01 -3.677955e+01  7.000000e+00
   endloop
 endfacet
 facet normal  1.494340e-15 -1.612612e-14  1.000000e+00
   outer loop
     vertex  6.879662e+00 -3.392930e+01  7.000000e+00
     vertex  6.693641e+00 -3.438715e+01  7.000000e+00
     vertex  1.297168e+01 -3.677955e+01  7.000000e+00
   endloop
 endfacet
 facet normal -7.866770e-16 -1.804638e-14  1.000000e+00
   outer loop
     vertex -1.052437e+01 -2.648561e+01  7.000000e+00
     vertex -1.361280e+01 -2.994378e+01  7.000000e+00
     vertex -1.368385e+01 -3.043285e+01  7.000000e+00
   endloop
 endfacet
 facet normal  1.124786e-15 -1.975348e-14  1.000000e+00
   outer loop
     vertex -1.052437e+01 -2.648561e+01  7.000000e+00
     vertex -1.366087e+01 -2.945192e+01  7.000000e+00
     vertex -1.361280e+01 -2.994378e+01  7.000000e+00
   endloop
 endfacet
 facet normal  3.495395e-16 -1.893376e-14  1.000000e+00
   outer loop
     vertex -1.052437e+01 -2.648561e+01  7.000000e+00
     vertex -1.382524e+01 -2.898586e+01  7.000000e+00
     vertex -1.366087e+01 -2.945192e+01  7.000000e+00
   endloop
 endfacet
 facet normal  4.422735e-16 -1.905618e-14  1.000000e+00
   outer loop
     vertex -1.052437e+01 -2.648561e+01  7.000000e+00
     vertex -1.409638e+01 -2.857268e+01  7.000000e+00
     vertex -1.382524e+01 -2.898586e+01  7.000000e+00
   endloop
 endfacet
 facet normal  6.761451e-17 -1.841496e-14  1.000000e+00
   outer loop
     vertex -1.052437e+01 -2.648561e+01  7.000000e+00
     vertex -1.445851e+01 -2.823639e+01  7.000000e+00
     vertex -1.409638e+01 -2.857268e+01  7.000000e+00
   endloop
 endfacet
 facet normal  9.769010e-16 -2.045820e-14  1.000000e+00
   outer loop
     vertex -1.052437e+01 -2.648561e+01  7.000000e+00
     vertex -1.489061e+01 -2.799653e+01  7.000000e+00
     vertex -1.445851e+01 -2.823639e+01  7.000000e+00
   endloop
 endfacet
 facet normal  1.276827e-15 -1.797762e-14  1.000000e+00
   outer loop
     vertex -3.807781e+00 -2.824448e+01  7.000000e+00
     vertex  2.922875e+00 -3.285513e+01  7.000000e+00
     vertex  3.108896e+00 -3.239728e+01  7.000000e+00
   endloop
 endfacet
 facet normal -8.422609e-17 -1.996449e-14  1.000000e+00
   outer loop
     vertex -3.807781e+00 -2.824448e+01  7.000000e+00
     vertex  2.851831e+00 -3.334420e+01  7.000000e+00
     vertex  2.922875e+00 -3.285513e+01  7.000000e+00
   endloop
 endfacet
 facet normal  2.203434e-16 -1.885243e-14  1.000000e+00
   outer loop
     vertex -3.807781e+00 -2.824448e+01  7.000000e+00
     vertex -1.052437e+01 -2.648561e+01  7.000000e+00
     vertex -1.368385e+01 -3.043285e+01  7.000000e+00
   endloop
 endfacet
 facet normal  5.437199e-16 -1.914447e-14  1.000000e+00
   outer loop
     vertex -3.807781e+00 -2.824448e+01  7.000000e+00
     vertex -5.606455e+00 -3.859492e+01  7.000000e+00
     vertex  2.851831e+00 -3.334420e+01  7.000000e+00
   endloop
 endfacet
 facet normal  2.746949e-16 -1.909772e-14  1.000000e+00
   outer loop
     vertex -3.807781e+00 -2.824448e+01  7.000000e+00
     vertex -1.368385e+01 -3.043285e+01  7.000000e+00
     vertex -5.606455e+00 -3.859492e+01  7.000000e+00
   endloop
 endfacet
 facet normal  4.445192e-16 -1.891973e-14  1.000000e+00
   outer loop
     vertex -1.661635e+01 -2.315485e+01  7.000000e+00
     vertex -1.489061e+01 -2.799653e+01  7.000000e+00
     vertex -1.052437e+01 -2.648561e+01  7.000000e+00
   endloop
 endfacet
 facet normal  5.459712e-16 -1.909224e-14  1.000000e+00
   outer loop
     vertex -1.661635e+01 -2.315485e+01  7.000000e+00
     vertex -2.290022e+01 -3.156865e+01  7.000000e+00
     vertex -1.745462e+01 -2.890083e+01  7.000000e+00
   endloop
 endfacet
 facet normal -3.672330e-15 -2.038712e-14  1.000000e+00
   outer loop
     vertex -1.661635e+01 -2.315485e+01  7.000000e+00
     vertex -1.536754e+01 -2.786706e+01  7.000000e+00
     vertex -1.489061e+01 -2.799653e+01  7.000000e+00
   endloop
 endfacet
 facet normal  3.160169e-15 -1.857641e-14  1.000000e+00
   outer loop
     vertex -1.661635e+01 -2.315485e+01  7.000000e+00
     vertex -1.586161e+01 -2.785548e+01  7.000000e+00
     vertex -1.536754e+01 -2.786706e+01  7.000000e+00
   endloop
 endfacet
 facet normal  5.315253e-16 -1.899847e-14  1.000000e+00
   outer loop
     vertex -1.661635e+01 -2.315485e+01  7.000000e+00
     vertex -1.634409e+01 -2.796248e+01  7.000000e+00
     vertex -1.586161e+01 -2.785548e+01  7.000000e+00
   endloop
 endfacet
 facet normal  1.364620e-15 -1.895129e-14  1.000000e+00
   outer loop
     vertex -1.661635e+01 -2.315485e+01  7.000000e+00
     vertex -1.678694e+01 -2.818183e+01  7.000000e+00
     vertex -1.634409e+01 -2.796248e+01  7.000000e+00
   endloop
 endfacet
 facet normal -5.108000e-16 -1.888765e-14  1.000000e+00
   outer loop
     vertex -1.661635e+01 -2.315485e+01  7.000000e+00
     vertex -1.716443e+01 -2.850079e+01  7.000000e+00
     vertex -1.678694e+01 -2.818183e+01  7.000000e+00
   endloop
 endfacet
 facet normal -1.673513e-15 -1.876844e-14  1.000000e+00
   outer loop
     vertex -1.661635e+01 -2.315485e+01  7.000000e+00
     vertex -1.745462e+01 -2.890083e+01  7.000000e+00
     vertex -1.716443e+01 -2.850079e+01  7.000000e+00
   endloop
 endfacet
 facet normal -1.264465e-15 -1.872029e-14  1.000000e+00
   outer loop
     vertex  1.443792e+01 -3.298812e+01  7.000000e+00
     vertex  1.373996e+01 -3.279865e+01  7.000000e+00
     vertex  1.297168e+01 -3.677955e+01  7.000000e+00
   endloop
 endfacet
 facet normal  6.411792e-16 -1.908806e-14  1.000000e+00
   outer loop
     vertex  1.310763e+01 -3.244764e+01  7.000000e+00
     vertex  1.297168e+01 -3.677955e+01  7.000000e+00
     vertex  1.373996e+01 -3.279865e+01  7.000000e+00
   endloop
 endfacet
 facet normal  4.423572e-15 -2.091999e-14  1.000000e+00
   outer loop
     vertex  1.516094e+01 -3.300506e+01  7.000000e+00
     vertex  1.443792e+01 -3.298812e+01  7.000000e+00
     vertex  1.297168e+01 -3.677955e+01  7.000000e+00
   endloop
 endfacet
 facet normal  8.912255e-16 -2.192225e-14  1.000000e+00
   outer loop
     vertex  1.257767e+01 -3.195551e+01  7.000000e+00
     vertex  6.950706e+00 -3.344023e+01  7.000000e+00
     vertex  6.879662e+00 -3.392930e+01  7.000000e+00
   endloop
 endfacet
 facet normal -5.845481e-18 -1.933256e-14  1.000000e+00
   outer loop
     vertex  1.257767e+01 -3.195551e+01  7.000000e+00
     vertex  6.879662e+00 -3.392930e+01  7.000000e+00
     vertex  1.297168e+01 -3.677955e+01  7.000000e+00
   endloop
 endfacet
 facet normal  2.336277e-15 -1.914126e-14  1.000000e+00
   outer loop
     vertex  1.257767e+01 -3.195551e+01  7.000000e+00
     vertex  1.297168e+01 -3.677955e+01  7.000000e+00
     vertex  1.310763e+01 -3.244764e+01  7.000000e+00
   endloop
 endfacet
 facet normal -2.546830e-15 -1.687706e-14  1.000000e+00
   outer loop
     vertex  1.586700e+01 -3.284848e+01  7.000000e+00
     vertex  1.516094e+01 -3.300506e+01  7.000000e+00
     vertex  1.297168e+01 -3.677955e+01  7.000000e+00
   endloop
 endfacet
 facet normal  6.774119e-17 -1.916416e-14  1.000000e+00
   outer loop
     vertex -3.101495e+01 -1.687938e+01  7.000000e+00
     vertex -3.494782e+01 -1.731039e+01  7.000000e+00
     vertex -2.978966e+01 -2.517094e+01  7.000000e+00
   endloop
 endfacet
 facet normal  4.277564e-15 -1.854205e-14  1.000000e+00
   outer loop
     vertex -3.053801e+01 -1.700885e+01  7.000000e+00
     vertex -3.101495e+01 -1.687938e+01  7.000000e+00
     vertex -2.978966e+01 -2.517094e+01  7.000000e+00
   endloop
 endfacet
 facet normal  2.292464e-16 -1.973485e-14  1.000000e+00
   outer loop
     vertex  3.134797e+00 -2.832707e+01  7.000000e+00
     vertex  5.195967e+00 -3.136351e+01  7.000000e+00
     vertex  5.672905e+00 -3.149298e+01  7.000000e+00
   endloop
 endfacet
 facet normal  1.353207e-15 -1.897190e-14  1.000000e+00
   outer loop
     vertex  3.134797e+00 -2.832707e+01  7.000000e+00
     vertex  4.701902e+00 -3.135193e+01  7.000000e+00
     vertex  5.195967e+00 -3.136351e+01  7.000000e+00
   endloop
 endfacet
 facet normal  6.109165e-16 -1.935646e-14  1.000000e+00
   outer loop
     vertex  3.134797e+00 -2.832707e+01  7.000000e+00
     vertex  4.219424e+00 -3.145893e+01  7.000000e+00
     vertex  4.701902e+00 -3.135193e+01  7.000000e+00
   endloop
 endfacet
 facet normal -2.863592e-16 -1.966720e-14  1.000000e+00
   outer loop
     vertex  3.134797e+00 -2.832707e+01  7.000000e+00
     vertex  3.776572e+00 -3.167829e+01  7.000000e+00
     vertex  4.219424e+00 -3.145893e+01  7.000000e+00
   endloop
 endfacet
 facet normal  2.112573e-15 -1.920780e-14  1.000000e+00
   outer loop
     vertex  3.134797e+00 -2.832707e+01  7.000000e+00
     vertex  3.399083e+00 -3.199725e+01  7.000000e+00
     vertex  3.776572e+00 -3.167829e+01  7.000000e+00
   endloop
 endfacet
 facet normal -7.806511e-16 -1.941613e-14  1.000000e+00
   outer loop
     vertex  3.134797e+00 -2.832707e+01  7.000000e+00
     vertex  3.108896e+00 -3.239728e+01  7.000000e+00
     vertex  3.399083e+00 -3.199725e+01  7.000000e+00
   endloop
 endfacet
 facet normal  4.085931e-16 -1.942370e-14  1.000000e+00
   outer loop
     vertex  3.134797e+00 -2.832707e+01  7.000000e+00
     vertex -3.807781e+00 -2.824448e+01  7.000000e+00
     vertex  3.108896e+00 -3.239728e+01  7.000000e+00
   endloop
 endfacet
 facet normal -3.417461e-16 -1.542771e-14  1.000000e+00
   outer loop
     vertex -3.144704e+01 -1.663952e+01  7.000000e+00
     vertex -3.494782e+01 -1.731039e+01  7.000000e+00
     vertex -3.101495e+01 -1.687938e+01  7.000000e+00
   endloop
 endfacet
 facet normal  2.362998e-16 -1.919135e-14  1.000000e+00
   outer loop
     vertex  1.218089e+01 -3.135085e+01  7.000000e+00
     vertex  6.467135e+00 -3.206913e+01  7.000000e+00
     vertex  6.738269e+00 -3.248231e+01  7.000000e+00
   endloop
 endfacet
 facet normal  4.457373e-16 -1.981983e-14  1.000000e+00
   outer loop
     vertex  1.218089e+01 -3.135085e+01  7.000000e+00
     vertex  6.902644e+00 -3.294837e+01  7.000000e+00
     vertex  6.950706e+00 -3.344023e+01  7.000000e+00
   endloop
 endfacet
 facet normal  1.941432e-16 -1.898856e-14  1.000000e+00
   outer loop
     vertex  1.218089e+01 -3.135085e+01  7.000000e+00
     vertex  6.738269e+00 -3.248231e+01  7.000000e+00
     vertex  6.902644e+00 -3.294837e+01  7.000000e+00
   endloop
 endfacet
 facet normal  1.239361e-16 -1.901429e-14  1.000000e+00
   outer loop
     vertex  1.218089e+01 -3.135085e+01  7.000000e+00
     vertex  6.950706e+00 -3.344023e+01  7.000000e+00
     vertex  1.257767e+01 -3.195551e+01  7.000000e+00
   endloop
 endfacet
 facet normal -4.445625e-16 -1.897501e-14  1.000000e+00
   outer loop
     vertex -3.004394e+01 -1.702043e+01  7.000000e+00
     vertex -3.053801e+01 -1.700885e+01  7.000000e+00
     vertex -2.978966e+01 -2.517094e+01  7.000000e+00
   endloop
 endfacet
 facet normal  2.028107e-16 -1.826937e-14  1.000000e+00
   outer loop
     vertex -3.180918e+01 -1.630323e+01  7.000000e+00
     vertex -3.494782e+01 -1.731039e+01  7.000000e+00
     vertex -3.144704e+01 -1.663952e+01  7.000000e+00
   endloop
 endfacet
 facet normal  1.677896e-15 -1.998866e-14  1.000000e+00
   outer loop
     vertex  1.651508e+01 -3.252748e+01  7.000000e+00
     vertex  1.586700e+01 -3.284848e+01  7.000000e+00
     vertex  1.297168e+01 -3.677955e+01  7.000000e+00
   endloop
 endfacet
 facet normal  5.196515e-16 -1.894493e-14  1.000000e+00
   outer loop
     vertex -2.956146e+01 -1.691343e+01  7.000000e+00
     vertex -3.004394e+01 -1.702043e+01  7.000000e+00
     vertex -2.978966e+01 -2.517094e+01  7.000000e+00
   endloop
 endfacet
 facet normal  4.530265e-16 -1.904913e-14  1.000000e+00
   outer loop
     vertex -3.208031e+01 -1.589005e+01  7.000000e+00
     vertex -3.494782e+01 -1.731039e+01  7.000000e+00
     vertex -3.180918e+01 -1.630323e+01  7.000000e+00
   endloop
 endfacet
 facet normal -2.693690e-15 -1.885613e-14  1.000000e+00
   outer loop
     vertex -2.911861e+01 -1.669408e+01  7.000000e+00
     vertex -2.956146e+01 -1.691343e+01  7.000000e+00
     vertex -2.978966e+01 -2.517094e+01  7.000000e+00
   endloop
 endfacet
 facet normal -1.218128e-15 -1.567525e-14  1.000000e+00
   outer loop
     vertex -3.224468e+01 -1.542399e+01  7.000000e+00
     vertex -3.494782e+01 -1.731039e+01  7.000000e+00
     vertex -3.208031e+01 -1.589005e+01  7.000000e+00
   endloop
 endfacet
 facet normal  2.775494e-15 -2.139794e-14  1.000000e+00
   outer loop
     vertex -3.229275e+01 -1.493213e+01  7.000000e+00
     vertex -3.494782e+01 -1.731039e+01  7.000000e+00
     vertex -3.224468e+01 -1.542399e+01  7.000000e+00
   endloop
 endfacet
 facet normal  3.526137e-16 -1.905614e-14  1.000000e+00
   outer loop
     vertex -2.172217e+01 -1.844986e+01  7.000000e+00
     vertex -2.978966e+01 -2.517094e+01  7.000000e+00
     vertex -2.290022e+01 -3.156865e+01  7.000000e+00
   endloop
 endfacet
 facet normal  5.174663e-16 -1.907095e-14  1.000000e+00
   outer loop
     vertex -2.172217e+01 -1.844986e+01  7.000000e+00
     vertex -2.290022e+01 -3.156865e+01  7.000000e+00
     vertex -1.661635e+01 -2.315485e+01  7.000000e+00
   endloop
 endfacet
 facet normal  1.263352e-15 -1.541815e-14  1.000000e+00
   outer loop
     vertex -2.172217e+01 -1.844986e+01  7.000000e+00
     vertex -2.874112e+01 -1.637511e+01  7.000000e+00
     vertex -2.911861e+01 -1.669408e+01  7.000000e+00
   endloop
 endfacet
 facet normal  3.893017e-16 -1.910018e-14  1.000000e+00
   outer loop
     vertex -2.172217e+01 -1.844986e+01  7.000000e+00
     vertex -2.911861e+01 -1.669408e+01  7.000000e+00
     vertex -2.978966e+01 -2.517094e+01  7.000000e+00
   endloop
 endfacet
 facet normal  4.697547e-16 -1.810292e-14  1.000000e+00
   outer loop
     vertex -2.845094e+01 -1.597508e+01  7.000000e+00
     vertex -2.874112e+01 -1.637511e+01  7.000000e+00
     vertex -2.172217e+01 -1.844986e+01  7.000000e+00
   endloop
 endfacet
 facet normal  6.218660e-17 -1.864224e-14  1.000000e+00
   outer loop
     vertex  2.139667e+01 -3.260648e+01  7.000000e+00
     vertex  1.651508e+01 -3.252748e+01  7.000000e+00
     vertex  1.297168e+01 -3.677955e+01  7.000000e+00
   endloop
 endfacet
 facet normal  5.489097e-17 -1.909304e-14  1.000000e+00
   outer loop
     vertex  2.139667e+01 -3.260648e+01  7.000000e+00
     vertex  1.706750e+01 -3.206070e+01  7.000000e+00
     vertex  1.651508e+01 -3.252748e+01  7.000000e+00
   endloop
 endfacet
 facet normal  1.527257e-16 -1.831700e-14  1.000000e+00
   outer loop
     vertex  2.139667e+01 -3.260648e+01  7.000000e+00
     vertex  1.749217e+01 -3.147529e+01  7.000000e+00
     vertex  1.706750e+01 -3.206070e+01  7.000000e+00
   endloop
 endfacet
 facet normal  1.727190e-15 -2.022762e-14  1.000000e+00
   outer loop
     vertex -3.222170e+01 -1.444306e+01  7.000000e+00
     vertex -3.494782e+01 -1.731039e+01  7.000000e+00
     vertex -3.229275e+01 -1.493213e+01  7.000000e+00
   endloop
 endfacet
 facet normal -5.943538e-18 -1.939631e-14  1.000000e+00
   outer loop
     vertex -2.826492e+01 -1.551723e+01  7.000000e+00
     vertex -2.845094e+01 -1.597508e+01  7.000000e+00
     vertex -2.172217e+01 -1.844986e+01  7.000000e+00
   endloop
 endfacet
 facet normal  7.414331e-17 -1.858824e-14  1.000000e+00
   outer loop
     vertex  1.776439e+01 -3.080526e+01  7.000000e+00
     vertex  1.749217e+01 -3.147529e+01  7.000000e+00
     vertex  2.139667e+01 -3.260648e+01  7.000000e+00
   endloop
 endfacet
 facet normal -5.171070e-16 -1.978054e-14  1.000000e+00
   outer loop
     vertex  1.786836e+01 -3.008955e+01  7.000000e+00
     vertex  1.776439e+01 -3.080526e+01  7.000000e+00
     vertex  2.139667e+01 -3.260648e+01  7.000000e+00
   endloop
 endfacet
 facet normal -8.057682e-17 -1.857454e-14  1.000000e+00
   outer loop
     vertex  9.891329e+00 -2.672848e+01  7.000000e+00
     vertex  6.104998e+00 -3.173284e+01  7.000000e+00
     vertex  6.467135e+00 -3.206913e+01  7.000000e+00
   endloop
 endfacet
 facet normal -4.707929e-17 -1.859988e-14  1.000000e+00
   outer loop
     vertex  9.891329e+00 -2.672848e+01  7.000000e+00
     vertex  5.672905e+00 -3.149298e+01  7.000000e+00
     vertex  6.104998e+00 -3.173284e+01  7.000000e+00
   endloop
 endfacet
 facet normal  7.569714e-16 -1.931178e-14  1.000000e+00
   outer loop
     vertex  9.891329e+00 -2.672848e+01  7.000000e+00
     vertex  3.134797e+00 -2.832707e+01  7.000000e+00
     vertex  5.672905e+00 -3.149298e+01  7.000000e+00
   endloop
 endfacet
 facet normal  1.797426e-16 -1.874144e-14  1.000000e+00
   outer loop
     vertex  9.891329e+00 -2.672848e+01  7.000000e+00
     vertex  6.467135e+00 -3.206913e+01  7.000000e+00
     vertex  1.218089e+01 -3.135085e+01  7.000000e+00
   endloop
 endfacet
 facet normal  4.191116e-16 -1.846811e-14  1.000000e+00
   outer loop
     vertex  1.779802e+01 -2.936976e+01  7.000000e+00
     vertex  1.786836e+01 -3.008955e+01  7.000000e+00
     vertex  2.139667e+01 -3.260648e+01  7.000000e+00
   endloop
 endfacet
 facet normal  3.814167e-16 -1.894813e-14  1.000000e+00
   outer loop
     vertex -3.803837e+01 -8.607124e+00  7.000000e+00
     vertex -3.494782e+01 -1.731039e+01  7.000000e+00
     vertex -3.222170e+01 -1.444306e+01  7.000000e+00
   endloop
 endfacet
 facet normal -1.295006e-15 -2.167992e-14  1.000000e+00
   outer loop
     vertex -3.803837e+01 -8.607124e+00  7.000000e+00
     vertex -3.136801e+01 -1.326622e+01  7.000000e+00
     vertex -3.092515e+01 -1.304686e+01  7.000000e+00
   endloop
 endfacet
 facet normal  2.257164e-15 -1.659432e-14  1.000000e+00
   outer loop
     vertex -3.803837e+01 -8.607124e+00  7.000000e+00
     vertex -3.174549e+01 -1.358518e+01  7.000000e+00
     vertex -3.136801e+01 -1.326622e+01  7.000000e+00
   endloop
 endfacet
 facet normal  8.471837e-16 -1.837671e-14  1.000000e+00
   outer loop
     vertex -3.803837e+01 -8.607124e+00  7.000000e+00
     vertex -3.203568e+01 -1.398521e+01  7.000000e+00
     vertex -3.174549e+01 -1.358518e+01  7.000000e+00
   endloop
 endfacet
 facet normal -5.021101e-17 -1.937833e-14  1.000000e+00
   outer loop
     vertex -3.803837e+01 -8.607124e+00  7.000000e+00
     vertex -3.222170e+01 -1.444306e+01  7.000000e+00
     vertex -3.203568e+01 -1.398521e+01  7.000000e+00
   endloop
 endfacet
 facet normal  2.506659e-16 -1.882381e-14  1.000000e+00
   outer loop
     vertex -2.553879e+01 -1.264990e+01  7.000000e+00
     vertex -2.826492e+01 -1.551723e+01  7.000000e+00
     vertex -2.172217e+01 -1.844986e+01  7.000000e+00
   endloop
 endfacet
 facet normal -1.154090e-15 -1.580453e-14  1.000000e+00
   outer loop
     vertex -2.553879e+01 -1.264990e+01  7.000000e+00
     vertex -2.867744e+01 -1.365706e+01  7.000000e+00
     vertex -2.840631e+01 -1.407024e+01  7.000000e+00
   endloop
 endfacet
 facet normal  1.041903e-15 -2.264800e-14  1.000000e+00
   outer loop
     vertex -2.553879e+01 -1.264990e+01  7.000000e+00
     vertex -2.903958e+01 -1.332077e+01  7.000000e+00
     vertex -2.867744e+01 -1.365706e+01  7.000000e+00
   endloop
 endfacet
 facet normal -3.417461e-16 -1.542771e-14  1.000000e+00
   outer loop
     vertex -2.553879e+01 -1.264990e+01  7.000000e+00
     vertex -2.947167e+01 -1.308091e+01  7.000000e+00
     vertex -2.903958e+01 -1.332077e+01  7.000000e+00
   endloop
 endfacet
 facet normal  3.981803e-15 -2.237120e-14  1.000000e+00
   outer loop
     vertex -2.553879e+01 -1.264990e+01  7.000000e+00
     vertex -2.819387e+01 -1.502816e+01  7.000000e+00
     vertex -2.826492e+01 -1.551723e+01  7.000000e+00
   endloop
 endfacet
 facet normal -1.378852e-15 -1.638660e-14  1.000000e+00
   outer loop
     vertex -2.553879e+01 -1.264990e+01  7.000000e+00
     vertex -2.824193e+01 -1.453630e+01  7.000000e+00
     vertex -2.819387e+01 -1.502816e+01  7.000000e+00
   endloop
 endfacet
 facet normal  3.889884e-16 -1.891984e-14  1.000000e+00
   outer loop
     vertex -2.553879e+01 -1.264990e+01  7.000000e+00
     vertex -2.840631e+01 -1.407024e+01  7.000000e+00
     vertex -2.824193e+01 -1.453630e+01  7.000000e+00
   endloop
 endfacet
 facet normal  2.164610e-16 -1.869343e-14  1.000000e+00
   outer loop
     vertex  2.282103e+01 -2.603321e+01  7.000000e+00
     vertex  1.779802e+01 -2.936976e+01  7.000000e+00
     vertex  2.139667e+01 -3.260648e+01  7.000000e+00
   endloop
 endfacet
 facet normal  4.955501e-16 -1.875390e-14  1.000000e+00
   outer loop
     vertex  2.329796e+01 -2.616268e+01  7.000000e+00
     vertex  2.282103e+01 -2.603321e+01  7.000000e+00
     vertex  2.139667e+01 -3.260648e+01  7.000000e+00
   endloop
 endfacet
 facet normal  7.064565e-16 -1.928430e-14  1.000000e+00
   outer loop
     vertex  2.238893e+01 -2.579335e+01  7.000000e+00
     vertex  1.755748e+01 -2.868772e+01  7.000000e+00
     vertex  1.779802e+01 -2.936976e+01  7.000000e+00
   endloop
 endfacet
 facet normal  4.460770e-17 -1.843471e-14  1.000000e+00
   outer loop
     vertex  2.238893e+01 -2.579335e+01  7.000000e+00
     vertex  1.779802e+01 -2.936976e+01  7.000000e+00
     vertex  2.282103e+01 -2.603321e+01  7.000000e+00
   endloop
 endfacet
 facet normal -2.218318e-15 -1.795315e-14  1.000000e+00
   outer loop
     vertex  2.379203e+01 -2.617426e+01  7.000000e+00
     vertex  2.329796e+01 -2.616268e+01  7.000000e+00
     vertex  2.139667e+01 -3.260648e+01  7.000000e+00
   endloop
 endfacet
 facet normal -8.223881e-16 -1.673225e-14  1.000000e+00
   outer loop
     vertex  2.202679e+01 -2.545706e+01  7.000000e+00
     vertex  1.755748e+01 -2.868772e+01  7.000000e+00
     vertex  2.238893e+01 -2.579335e+01  7.000000e+00
   endloop
 endfacet
 facet normal  4.539550e-15 -2.046978e-14  1.000000e+00
   outer loop
     vertex  2.427451e+01 -2.606726e+01  7.000000e+00
     vertex  2.379203e+01 -2.617426e+01  7.000000e+00
     vertex  2.139667e+01 -3.260648e+01  7.000000e+00
   endloop
 endfacet
 facet normal  3.885652e-15 -2.324541e-14  1.000000e+00
   outer loop
     vertex  2.175566e+01 -2.504388e+01  7.000000e+00
     vertex  1.755748e+01 -2.868772e+01  7.000000e+00
     vertex  2.202679e+01 -2.545706e+01  7.000000e+00
   endloop
 endfacet
 facet normal  5.888498e-16 -1.873095e-14  1.000000e+00
   outer loop
     vertex  2.159129e+01 -2.457782e+01  7.000000e+00
     vertex  1.526792e+01 -2.406534e+01  7.000000e+00
     vertex  1.755748e+01 -2.868772e+01  7.000000e+00
   endloop
 endfacet
 facet normal -3.607535e-15 -1.461226e-14  1.000000e+00
   outer loop
     vertex  2.159129e+01 -2.457782e+01  7.000000e+00
     vertex  1.755748e+01 -2.868772e+01  7.000000e+00
     vertex  2.175566e+01 -2.504388e+01  7.000000e+00
   endloop
 endfacet
 facet normal  2.129599e-16 -2.067527e-14  1.000000e+00
   outer loop
     vertex  2.857817e+01 -2.653843e+01  7.000000e+00
     vertex  2.471736e+01 -2.584791e+01  7.000000e+00
     vertex  2.427451e+01 -2.606726e+01  7.000000e+00
   endloop
 endfacet
 facet normal  3.503945e-16 -1.990686e-14  1.000000e+00
   outer loop
     vertex  2.857817e+01 -2.653843e+01  7.000000e+00
     vertex  2.509485e+01 -2.552895e+01  7.000000e+00
     vertex  2.471736e+01 -2.584791e+01  7.000000e+00
   endloop
 endfacet
 facet normal  4.333040e-16 -1.866267e-14  1.000000e+00
   outer loop
     vertex  2.857817e+01 -2.653843e+01  7.000000e+00
     vertex  2.427451e+01 -2.606726e+01  7.000000e+00
     vertex  2.139667e+01 -3.260648e+01  7.000000e+00
   endloop
 endfacet
 facet normal  3.535237e-16 -2.163461e-14  1.000000e+00
   outer loop
     vertex  2.154322e+01 -2.408596e+01  7.000000e+00
     vertex  1.526792e+01 -2.406534e+01  7.000000e+00
     vertex  2.159129e+01 -2.457782e+01  7.000000e+00
   endloop
 endfacet
 facet normal  8.031085e-16 -1.834474e-14  1.000000e+00
   outer loop
     vertex  2.538503e+01 -2.512891e+01  7.000000e+00
     vertex  2.509485e+01 -2.552895e+01  7.000000e+00
     vertex  2.857817e+01 -2.653843e+01  7.000000e+00
   endloop
 endfacet
 facet normal  3.528356e-16 -2.184405e-14  1.000000e+00
   outer loop
     vertex  2.161427e+01 -2.359689e+01  7.000000e+00
     vertex  1.526792e+01 -2.406534e+01  7.000000e+00
     vertex  2.154322e+01 -2.408596e+01  7.000000e+00
   endloop
 endfacet
 facet normal  1.738644e-15 -1.622537e-14  1.000000e+00
   outer loop
     vertex  2.557106e+01 -2.467106e+01  7.000000e+00
     vertex  2.538503e+01 -2.512891e+01  7.000000e+00
     vertex  2.857817e+01 -2.653843e+01  7.000000e+00
   endloop
 endfacet
 facet normal  5.356405e-17 -1.903480e-14  1.000000e+00
   outer loop
     vertex -2.782400e+01 -6.170484e+00  7.000000e+00
     vertex -2.947167e+01 -1.308091e+01  7.000000e+00
     vertex -2.553879e+01 -1.264990e+01  7.000000e+00
   endloop
 endfacet
 facet normal  4.268362e-16 -1.892124e-14  1.000000e+00
   outer loop
     vertex -2.782400e+01 -6.170484e+00  7.000000e+00
     vertex -3.803837e+01 -8.607124e+00  7.000000e+00
     vertex -3.092515e+01 -1.304686e+01  7.000000e+00
   endloop
 endfacet
 facet normal  3.895137e-15 -1.995075e-14  1.000000e+00
   outer loop
     vertex -2.782400e+01 -6.170484e+00  7.000000e+00
     vertex -2.994861e+01 -1.295144e+01  7.000000e+00
     vertex -2.947167e+01 -1.308091e+01  7.000000e+00
   endloop
 endfacet
 facet normal -4.356321e-16 -1.859384e-14  1.000000e+00
   outer loop
     vertex -2.782400e+01 -6.170484e+00  7.000000e+00
     vertex -3.044268e+01 -1.293986e+01  7.000000e+00
     vertex -2.994861e+01 -1.295144e+01  7.000000e+00
   endloop
 endfacet
 facet normal  5.241285e-16 -1.896511e-14  1.000000e+00
   outer loop
     vertex -2.782400e+01 -6.170484e+00  7.000000e+00
     vertex -3.092515e+01 -1.304686e+01  7.000000e+00
     vertex -3.044268e+01 -1.293986e+01  7.000000e+00
   endloop
 endfacet
 facet normal -1.576440e-15 -2.156379e-14  1.000000e+00
   outer loop
     vertex  2.564210e+01 -2.418199e+01  7.000000e+00
     vertex  2.557106e+01 -2.467106e+01  7.000000e+00
     vertex  2.857817e+01 -2.653843e+01  7.000000e+00
   endloop
 endfacet
 facet normal  2.915476e-15 -1.596698e-14  1.000000e+00
   outer loop
     vertex  2.559404e+01 -2.369013e+01  7.000000e+00
     vertex  2.564210e+01 -2.418199e+01  7.000000e+00
     vertex  2.857817e+01 -2.653843e+01  7.000000e+00
   endloop
 endfacet
 facet normal  1.201946e-16 -1.869233e-14  1.000000e+00
   outer loop
     vertex  2.063391e+01 -1.965940e+01  7.000000e+00
     vertex  1.526792e+01 -2.406534e+01  7.000000e+00
     vertex  2.161427e+01 -2.359689e+01  7.000000e+00
   endloop
 endfacet
 facet normal  1.381323e-15 -1.777180e-14  1.000000e+00
   outer loop
     vertex  2.063391e+01 -1.965940e+01  7.000000e+00
     vertex  2.339329e+01 -2.209369e+01  7.000000e+00
     vertex  2.388736e+01 -2.210527e+01  7.000000e+00
   endloop
 endfacet
 facet normal  4.848491e-16 -1.878799e-14  1.000000e+00
   outer loop
     vertex  2.063391e+01 -1.965940e+01  7.000000e+00
     vertex  2.291082e+01 -2.220069e+01  7.000000e+00
     vertex  2.339329e+01 -2.209369e+01  7.000000e+00
   endloop
 endfacet
 facet normal -3.509367e-16 -1.953683e-14  1.000000e+00
   outer loop
     vertex  2.063391e+01 -1.965940e+01  7.000000e+00
     vertex  2.246796e+01 -2.242005e+01  7.000000e+00
     vertex  2.291082e+01 -2.220069e+01  7.000000e+00
   endloop
 endfacet
 facet normal  1.404931e-15 -1.837030e-14  1.000000e+00
   outer loop
     vertex  2.063391e+01 -1.965940e+01  7.000000e+00
     vertex  2.209048e+01 -2.273901e+01  7.000000e+00
     vertex  2.246796e+01 -2.242005e+01  7.000000e+00
   endloop
 endfacet
 facet normal -7.907568e-16 -1.940880e-14  1.000000e+00
   outer loop
     vertex  2.063391e+01 -1.965940e+01  7.000000e+00
     vertex  2.180029e+01 -2.313904e+01  7.000000e+00
     vertex  2.209048e+01 -2.273901e+01  7.000000e+00
   endloop
 endfacet
 facet normal  4.888475e-15 -1.750512e-14  1.000000e+00
   outer loop
     vertex  2.063391e+01 -1.965940e+01  7.000000e+00
     vertex  2.161427e+01 -2.359689e+01  7.000000e+00
     vertex  2.180029e+01 -2.313904e+01  7.000000e+00
   endloop
 endfacet
 facet normal  4.459131e-16 -1.900121e-14  1.000000e+00
   outer loop
     vertex -3.899570e+01  5.788327e-01  7.000000e+00
     vertex -3.803837e+01 -8.607124e+00  7.000000e+00
     vertex -2.782400e+01 -6.170484e+00  7.000000e+00
   endloop
 endfacet
 facet normal  4.145902e-16 -1.905305e-14  1.000000e+00
   outer loop
     vertex -2.849218e+01  6.675388e-01  7.000000e+00
     vertex -3.899570e+01  5.788327e-01  7.000000e+00
     vertex -2.782400e+01 -6.170484e+00  7.000000e+00
   endloop
 endfacet
 facet normal  4.123662e-16 -1.878972e-14  1.000000e+00
   outer loop
     vertex -3.356716e+01  3.628672e+00  7.000000e+00
     vertex -3.899570e+01  5.788327e-01  7.000000e+00
     vertex -2.849218e+01  6.675388e-01  7.000000e+00
   endloop
 endfacet
 facet normal  4.618943e-16 -1.887787e-14  1.000000e+00
   outer loop
     vertex -3.356716e+01  3.628672e+00  7.000000e+00
     vertex -3.404410e+01  3.758148e+00  7.000000e+00
     vertex -3.899570e+01  5.788327e-01  7.000000e+00
   endloop
 endfacet
 facet normal  1.061556e-16 -1.832383e-14  1.000000e+00
   outer loop
     vertex -3.447619e+01  3.998001e+00  7.000000e+00
     vertex -3.899570e+01  5.788327e-01  7.000000e+00
     vertex -3.404410e+01  3.758148e+00  7.000000e+00
   endloop
 endfacet
 facet normal  3.269912e-15 -1.389227e-14  1.000000e+00
   outer loop
     vertex -3.307309e+01  3.617096e+00  7.000000e+00
     vertex -3.356716e+01  3.628672e+00  7.000000e+00
     vertex -2.849218e+01  6.675388e-01  7.000000e+00
   endloop
 endfacet
 facet normal  1.227913e-15 -1.980659e-14  1.000000e+00
   outer loop
     vertex -3.483833e+01  4.334291e+00  7.000000e+00
     vertex -3.899570e+01  5.788327e-01  7.000000e+00
     vertex -3.447619e+01  3.998001e+00  7.000000e+00
   endloop
 endfacet
 facet normal  6.487971e-17 -1.895351e-14  1.000000e+00
   outer loop
     vertex  3.409880e+01 -1.892807e+01  7.000000e+00
     vertex  2.559404e+01 -2.369013e+01  7.000000e+00
     vertex  2.857817e+01 -2.653843e+01  7.000000e+00
   endloop
 endfacet
 facet normal -1.253903e-15 -1.587003e-14  1.000000e+00
   outer loop
     vertex  3.409880e+01 -1.892807e+01  7.000000e+00
     vertex  2.515853e+01 -2.281089e+01  7.000000e+00
     vertex  2.542966e+01 -2.322407e+01  7.000000e+00
   endloop
 endfacet
 facet normal  1.483354e-15 -2.217262e-14  1.000000e+00
   outer loop
     vertex  3.409880e+01 -1.892807e+01  7.000000e+00
     vertex  2.479639e+01 -2.247460e+01  7.000000e+00
     vertex  2.515853e+01 -2.281089e+01  7.000000e+00
   endloop
 endfacet
 facet normal  1.884759e-15 -2.220371e-14  1.000000e+00
   outer loop
     vertex  3.409880e+01 -1.892807e+01  7.000000e+00
     vertex  2.542966e+01 -2.322407e+01  7.000000e+00
     vertex  2.559404e+01 -2.369013e+01  7.000000e+00
   endloop
 endfacet
 facet normal -2.347740e-15 -2.261696e-14  1.000000e+00
   outer loop
     vertex -3.259061e+01  3.724095e+00  7.000000e+00
     vertex -3.307309e+01  3.617096e+00  7.000000e+00
     vertex -2.849218e+01  6.675388e-01  7.000000e+00
   endloop
 endfacet
 facet normal -1.928308e-15 -1.631258e-14  1.000000e+00
   outer loop
     vertex -3.510946e+01  4.747474e+00  7.000000e+00
     vertex -3.899570e+01  5.788327e-01  7.000000e+00
     vertex -3.483833e+01  4.334291e+00  7.000000e+00
   endloop
 endfacet
 facet normal  9.740852e-16 -1.816284e-14  1.000000e+00
   outer loop
     vertex -3.214776e+01  3.943449e+00  7.000000e+00
     vertex -3.259061e+01  3.724095e+00  7.000000e+00
     vertex -2.849218e+01  6.675388e-01  7.000000e+00
   endloop
 endfacet
 facet normal  3.703027e-15 -2.156243e-14  1.000000e+00
   outer loop
     vertex -3.527384e+01  5.213537e+00  7.000000e+00
     vertex -3.899570e+01  5.788327e-01  7.000000e+00
     vertex -3.510946e+01  4.747474e+00  7.000000e+00
   endloop
 endfacet
 facet normal  2.316628e-15 -1.666470e-14  1.000000e+00
   outer loop
     vertex -3.177027e+01  4.262410e+00  7.000000e+00
     vertex -3.214776e+01  3.943449e+00  7.000000e+00
     vertex -2.849218e+01  6.675388e-01  7.000000e+00
   endloop
 endfacet
 facet normal -5.896271e-16 -1.811524e-14  1.000000e+00
   outer loop
     vertex -3.532190e+01  5.705395e+00  7.000000e+00
     vertex -3.899570e+01  5.788327e-01  7.000000e+00
     vertex -3.527384e+01  5.213537e+00  7.000000e+00
   endloop
 endfacet
 facet normal -2.092182e-15 -2.068500e-14  1.000000e+00
   outer loop
     vertex -3.148009e+01  4.662442e+00  7.000000e+00
     vertex -3.177027e+01  4.262410e+00  7.000000e+00
     vertex -2.849218e+01  6.675388e-01  7.000000e+00
   endloop
 endfacet
 facet normal  4.638687e-16 -1.899218e-14  1.000000e+00
   outer loop
     vertex  2.477530e+01 -1.408668e+01  7.000000e+00
     vertex  2.063391e+01 -1.965940e+01  7.000000e+00
     vertex  2.388736e+01 -2.210527e+01  7.000000e+00
   endloop
 endfacet
 facet normal -2.439502e-16 -1.895454e-14  1.000000e+00
   outer loop
     vertex  2.477530e+01 -1.408668e+01  7.000000e+00
     vertex  2.436430e+01 -2.223475e+01  7.000000e+00
     vertex  2.479639e+01 -2.247460e+01  7.000000e+00
   endloop
 endfacet
 facet normal  4.318267e-16 -1.898863e-14  1.000000e+00
   outer loop
     vertex  2.477530e+01 -1.408668e+01  7.000000e+00
     vertex  2.388736e+01 -2.210527e+01  7.000000e+00
     vertex  2.436430e+01 -2.223475e+01  7.000000e+00
   endloop
 endfacet
 facet normal  2.559877e-16 -1.895329e-14  1.000000e+00
   outer loop
     vertex  2.477530e+01 -1.408668e+01  7.000000e+00
     vertex  2.479639e+01 -2.247460e+01  7.000000e+00
     vertex  3.409880e+01 -1.892807e+01  7.000000e+00
   endloop
 endfacet
 facet normal -2.413129e-16 -1.930069e-14  1.000000e+00
   outer loop
     vertex -3.129407e+01  5.120296e+00  7.000000e+00
     vertex -3.148009e+01  4.662442e+00  7.000000e+00
     vertex -2.849218e+01  6.675388e-01  7.000000e+00
   endloop
 endfacet
 facet normal  8.250333e-16 -1.912902e-14  1.000000e+00
   outer loop
     vertex -3.776615e+01  9.732329e+00  7.000000e+00
     vertex -3.899570e+01  5.788327e-01  7.000000e+00
     vertex -3.532190e+01  5.705395e+00  7.000000e+00
   endloop
 endfacet
 facet normal  3.231164e-15 -1.457000e-14  1.000000e+00
   outer loop
     vertex -3.776615e+01  9.732329e+00  7.000000e+00
     vertex -3.395430e+01  7.590663e+00  7.000000e+00
     vertex -3.347183e+01  7.697661e+00  7.000000e+00
   endloop
 endfacet
 facet normal  2.151707e-15 -1.649127e-14  1.000000e+00
   outer loop
     vertex -3.776615e+01  9.732329e+00  7.000000e+00
     vertex -3.439716e+01  7.371309e+00  7.000000e+00
     vertex -3.395430e+01  7.590663e+00  7.000000e+00
   endloop
 endfacet
 facet normal -3.173587e-15 -2.409004e-14  1.000000e+00
   outer loop
     vertex -3.776615e+01  9.732329e+00  7.000000e+00
     vertex -3.477465e+01  7.052348e+00  7.000000e+00
     vertex -3.439716e+01  7.371309e+00  7.000000e+00
   endloop
 endfacet
 facet normal  2.718037e-15 -1.751358e-14  1.000000e+00
   outer loop
     vertex -3.776615e+01  9.732329e+00  7.000000e+00
     vertex -3.506483e+01  6.652316e+00  7.000000e+00
     vertex -3.477465e+01  7.052348e+00  7.000000e+00
   endloop
 endfacet
 facet normal  1.900179e-15 -1.823088e-14  1.000000e+00
   outer loop
     vertex -3.776615e+01  9.732329e+00  7.000000e+00
     vertex -3.525085e+01  6.194462e+00  7.000000e+00
     vertex -3.506483e+01  6.652316e+00  7.000000e+00
   endloop
 endfacet
 facet normal -4.611988e-16 -1.990973e-14  1.000000e+00
   outer loop
     vertex -3.776615e+01  9.732329e+00  7.000000e+00
     vertex -3.532190e+01  5.705395e+00  7.000000e+00
     vertex -3.525085e+01  6.194462e+00  7.000000e+00
   endloop
 endfacet
 facet normal -5.538949e-18 -1.815986e-14  1.000000e+00
   outer loop
     vertex -2.750450e+01  7.466767e+00  7.000000e+00
     vertex -3.122302e+01  5.609363e+00  7.000000e+00
     vertex -3.129407e+01  5.120296e+00  7.000000e+00
   endloop
 endfacet
 facet normal  8.060353e-16 -1.978463e-14  1.000000e+00
   outer loop
     vertex -2.750450e+01  7.466767e+00  7.000000e+00
     vertex -3.127108e+01  6.101221e+00  7.000000e+00
     vertex -3.122302e+01  5.609363e+00  7.000000e+00
   endloop
 endfacet
 facet normal -7.443658e-16 -1.550816e-14  1.000000e+00
   outer loop
     vertex -2.750450e+01  7.466767e+00  7.000000e+00
     vertex -3.143546e+01  6.567284e+00  7.000000e+00
     vertex -3.127108e+01  6.101221e+00  7.000000e+00
   endloop
 endfacet
 facet normal  4.366882e-16 -1.887406e-14  1.000000e+00
   outer loop
     vertex -2.750450e+01  7.466767e+00  7.000000e+00
     vertex -3.129407e+01  5.120296e+00  7.000000e+00
     vertex -2.849218e+01  6.675388e-01  7.000000e+00
   endloop
 endfacet
 facet normal  9.717371e-16 -2.300795e-14  1.000000e+00
   outer loop
     vertex -2.750450e+01  7.466767e+00  7.000000e+00
     vertex -3.170659e+01  6.980467e+00  7.000000e+00
     vertex -3.143546e+01  6.567284e+00  7.000000e+00
   endloop
 endfacet
 facet normal  3.989126e-16 -1.805820e-14  1.000000e+00
   outer loop
     vertex -2.750450e+01  7.466767e+00  7.000000e+00
     vertex -3.206873e+01  7.316757e+00  7.000000e+00
     vertex -3.170659e+01  6.980467e+00  7.000000e+00
   endloop
 endfacet
 facet normal  6.205934e-16 -2.480310e-14  1.000000e+00
   outer loop
     vertex -2.750450e+01  7.466767e+00  7.000000e+00
     vertex -3.250082e+01  7.556610e+00  7.000000e+00
     vertex -3.206873e+01  7.316757e+00  7.000000e+00
   endloop
 endfacet
 facet normal  9.928639e-16 -1.940044e-14  1.000000e+00
   outer loop
     vertex  3.250082e+01 -7.556610e+00  7.000000e+00
     vertex  2.744630e+01 -7.677943e+00  7.000000e+00
     vertex  2.477530e+01 -1.408668e+01  7.000000e+00
   endloop
 endfacet
 facet normal  3.925737e-16 -1.869025e-14  1.000000e+00
   outer loop
     vertex  3.250082e+01 -7.556610e+00  7.000000e+00
     vertex  2.477530e+01 -1.408668e+01  7.000000e+00
     vertex  3.409880e+01 -1.892807e+01  7.000000e+00
   endloop
 endfacet
 facet normal  6.406823e-16 -1.881842e-14  1.000000e+00
   outer loop
     vertex  3.297776e+01 -7.686086e+00  7.000000e+00
     vertex  3.409880e+01 -1.892807e+01  7.000000e+00
     vertex  3.763773e+01 -1.021768e+01  7.000000e+00
   endloop
 endfacet
 facet normal -3.354625e-15 -1.921683e-14  1.000000e+00
   outer loop
     vertex  3.297776e+01 -7.686086e+00  7.000000e+00
     vertex  3.250082e+01 -7.556610e+00  7.000000e+00
     vertex  3.409880e+01 -1.892807e+01  7.000000e+00
   endloop
 endfacet
 facet normal  1.101747e-15 -2.393631e-14  1.000000e+00
   outer loop
     vertex  3.206873e+01 -7.316757e+00  7.000000e+00
     vertex  2.744630e+01 -7.677943e+00  7.000000e+00
     vertex  3.250082e+01 -7.556610e+00  7.000000e+00
   endloop
 endfacet
 facet normal -2.368358e-15 -2.435724e-14  1.000000e+00
   outer loop
     vertex  3.347183e+01 -7.697661e+00  7.000000e+00
     vertex  3.297776e+01 -7.686086e+00  7.000000e+00
     vertex  3.763773e+01 -1.021768e+01  7.000000e+00
   endloop
 endfacet
 facet normal  6.235438e-16 -1.781630e-14  1.000000e+00
   outer loop
     vertex  3.170659e+01 -6.980467e+00  7.000000e+00
     vertex  2.744630e+01 -7.677943e+00  7.000000e+00
     vertex  3.206873e+01 -7.316757e+00  7.000000e+00
   endloop
 endfacet
 facet normal  3.317257e-15 -1.495820e-14  1.000000e+00
   outer loop
     vertex  3.395430e+01 -7.590663e+00  7.000000e+00
     vertex  3.347183e+01 -7.697661e+00  7.000000e+00
     vertex  3.763773e+01 -1.021768e+01  7.000000e+00
   endloop
 endfacet
 facet normal  1.424821e-15 -2.271063e-14  1.000000e+00
   outer loop
     vertex  3.143546e+01 -6.567284e+00  7.000000e+00
     vertex  2.744630e+01 -7.677943e+00  7.000000e+00
     vertex  3.170659e+01 -6.980467e+00  7.000000e+00
   endloop
 endfacet
 facet normal  2.181288e-15 -1.655098e-14  1.000000e+00
   outer loop
     vertex  3.439716e+01 -7.371309e+00  7.000000e+00
     vertex  3.395430e+01 -7.590663e+00  7.000000e+00
     vertex  3.763773e+01 -1.021768e+01  7.000000e+00
   endloop
 endfacet
 facet normal -5.951390e-16 -1.545553e-14  1.000000e+00
   outer loop
     vertex  3.127108e+01 -6.101221e+00  7.000000e+00
     vertex  2.744630e+01 -7.677943e+00  7.000000e+00
     vertex  3.143546e+01 -6.567284e+00  7.000000e+00
   endloop
 endfacet
 facet normal -3.794850e-15 -2.335478e-14  1.000000e+00
   outer loop
     vertex  3.477465e+01 -7.052348e+00  7.000000e+00
     vertex  3.439716e+01 -7.371309e+00  7.000000e+00
     vertex  3.763773e+01 -1.021768e+01  7.000000e+00
   endloop
 endfacet
 facet normal  1.174633e-15 -1.974861e-14  1.000000e+00
   outer loop
     vertex  3.122302e+01 -5.609363e+00  7.000000e+00
     vertex  2.744630e+01 -7.677943e+00  7.000000e+00
     vertex  3.127108e+01 -6.101221e+00  7.000000e+00
   endloop
 endfacet
 facet normal  2.687487e-15 -1.749142e-14  1.000000e+00
   outer loop
     vertex  3.506483e+01 -6.652316e+00  7.000000e+00
     vertex  3.477465e+01 -7.052348e+00  7.000000e+00
     vertex  3.763773e+01 -1.021768e+01  7.000000e+00
   endloop
 endfacet
 facet normal  7.275740e-16 -1.885372e-14  1.000000e+00
   outer loop
     vertex -2.491835e+01  1.383205e+01  7.000000e+00
     vertex -3.250082e+01  7.556610e+00  7.000000e+00
     vertex -2.750450e+01  7.466767e+00  7.000000e+00
   endloop
 endfacet
 facet normal  3.312392e-16 -1.820878e-14  1.000000e+00
   outer loop
     vertex  3.129407e+01 -5.120296e+00  7.000000e+00
     vertex  2.744630e+01 -7.677943e+00  7.000000e+00
     vertex  3.122302e+01 -5.609363e+00  7.000000e+00
   endloop
 endfacet
 facet normal  1.748299e-15 -1.816917e-14  1.000000e+00
   outer loop
     vertex  3.525085e+01 -6.194462e+00  7.000000e+00
     vertex  3.506483e+01 -6.652316e+00  7.000000e+00
     vertex  3.763773e+01 -1.021768e+01  7.000000e+00
   endloop
 endfacet
 facet normal -1.043046e-15 -1.982521e-14  1.000000e+00
   outer loop
     vertex  3.532190e+01 -5.705395e+00  7.000000e+00
     vertex  3.525085e+01 -6.194462e+00  7.000000e+00
     vertex  3.763773e+01 -1.021768e+01  7.000000e+00
   endloop
 endfacet
 facet normal  6.399229e-16 -1.874782e-14  1.000000e+00
   outer loop
     vertex -3.441865e+01  1.834003e+01  7.000000e+00
     vertex -3.250082e+01  7.556610e+00  7.000000e+00
     vertex -2.491835e+01  1.383205e+01  7.000000e+00
   endloop
 endfacet
 facet normal  1.126825e-15 -1.901136e-14  1.000000e+00
   outer loop
     vertex -3.441865e+01  1.834003e+01  7.000000e+00
     vertex -3.776615e+01  9.732329e+00  7.000000e+00
     vertex -3.347183e+01  7.697661e+00  7.000000e+00
   endloop
 endfacet
 facet normal -3.423488e-15 -1.947049e-14  1.000000e+00
   outer loop
     vertex -3.441865e+01  1.834003e+01  7.000000e+00
     vertex -3.297776e+01  7.686086e+00  7.000000e+00
     vertex -3.250082e+01  7.556610e+00  7.000000e+00
   endloop
 endfacet
 facet normal -2.250149e-15 -1.931180e-14  1.000000e+00
   outer loop
     vertex -3.441865e+01  1.834003e+01  7.000000e+00
     vertex -3.347183e+01  7.697661e+00  7.000000e+00
     vertex -3.297776e+01  7.686086e+00  7.000000e+00
   endloop
 endfacet
 facet normal  8.726082e-16 -1.902322e-14  1.000000e+00
   outer loop
     vertex  2.848839e+01 -8.135230e-01  7.000000e+00
     vertex  2.744630e+01 -7.677943e+00  7.000000e+00
     vertex  3.129407e+01 -5.120296e+00  7.000000e+00
   endloop
 endfacet
 facet normal  3.260115e-15 -1.431045e-14  1.000000e+00
   outer loop
     vertex  2.848839e+01 -8.135230e-01  7.000000e+00
     vertex  3.307309e+01 -3.617096e+00  7.000000e+00
     vertex  3.356716e+01 -3.628672e+00  7.000000e+00
   endloop
 endfacet
 facet normal -2.207118e-15 -2.325106e-14  1.000000e+00
   outer loop
     vertex  2.848839e+01 -8.135230e-01  7.000000e+00
     vertex  3.259061e+01 -3.724095e+00  7.000000e+00
     vertex  3.307309e+01 -3.617096e+00  7.000000e+00
   endloop
 endfacet
 facet normal  1.150428e-15 -1.851886e-14  1.000000e+00
   outer loop
     vertex  2.848839e+01 -8.135230e-01  7.000000e+00
     vertex  3.214776e+01 -3.943449e+00  7.000000e+00
     vertex  3.259061e+01 -3.724095e+00  7.000000e+00
   endloop
 endfacet
 facet normal  2.525196e-15 -1.691154e-14  1.000000e+00
   outer loop
     vertex  2.848839e+01 -8.135230e-01  7.000000e+00
     vertex  3.177027e+01 -4.262410e+00  7.000000e+00
     vertex  3.214776e+01 -3.943449e+00  7.000000e+00
   endloop
 endfacet
 facet normal -1.722275e-15 -2.095334e-14  1.000000e+00
   outer loop
     vertex  2.848839e+01 -8.135230e-01  7.000000e+00
     vertex  3.148009e+01 -4.662442e+00  7.000000e+00
     vertex  3.177027e+01 -4.262410e+00  7.000000e+00
   endloop
 endfacet
 facet normal  1.824262e-16 -1.947285e-14  1.000000e+00
   outer loop
     vertex  2.848839e+01 -8.135230e-01  7.000000e+00
     vertex  3.129407e+01 -5.120296e+00  7.000000e+00
     vertex  3.148009e+01 -4.662442e+00  7.000000e+00
   endloop
 endfacet
 facet normal  4.068600e-16 -1.945797e-14  1.000000e+00
   outer loop
     vertex  3.898930e+01 -9.134742e-01  7.000000e+00
     vertex  2.848839e+01 -8.135230e-01  7.000000e+00
     vertex  3.356716e+01 -3.628672e+00  7.000000e+00
   endloop
 endfacet
 facet normal  3.005519e-16 -1.913564e-14  1.000000e+00
   outer loop
     vertex  3.898930e+01 -9.134742e-01  7.000000e+00
     vertex  3.532190e+01 -5.705395e+00  7.000000e+00
     vertex  3.763773e+01 -1.021768e+01  7.000000e+00
   endloop
 endfacet
 facet normal -2.089403e-15 -1.641829e-14  1.000000e+00
   outer loop
     vertex  3.898930e+01 -9.134742e-01  7.000000e+00
     vertex  3.483833e+01 -4.334291e+00  7.000000e+00
     vertex  3.510946e+01 -4.747474e+00  7.000000e+00
   endloop
 endfacet
 facet normal  9.497466e-16 -2.010613e-14  1.000000e+00
   outer loop
     vertex  3.898930e+01 -9.134742e-01  7.000000e+00
     vertex  3.447619e+01 -3.998001e+00  7.000000e+00
     vertex  3.483833e+01 -4.334291e+00  7.000000e+00
   endloop
 endfacet
 facet normal -6.170587e-17 -1.862623e-14  1.000000e+00
   outer loop
     vertex  3.898930e+01 -9.134742e-01  7.000000e+00
     vertex  3.404410e+01 -3.758148e+00  7.000000e+00
     vertex  3.447619e+01 -3.998001e+00  7.000000e+00
   endloop
 endfacet
 facet normal  3.404283e-16 -1.932531e-14  1.000000e+00
   outer loop
     vertex  3.898930e+01 -9.134742e-01  7.000000e+00
     vertex  3.356716e+01 -3.628672e+00  7.000000e+00
     vertex  3.404410e+01 -3.758148e+00  7.000000e+00
   endloop
 endfacet
 facet normal -9.825512e-16 -1.815364e-14  1.000000e+00
   outer loop
     vertex  3.898930e+01 -9.134742e-01  7.000000e+00
     vertex  3.527384e+01 -5.213537e+00  7.000000e+00
     vertex  3.532190e+01 -5.705395e+00  7.000000e+00
   endloop
 endfacet
 facet normal  3.177213e-15 -2.174788e-14  1.000000e+00
   outer loop
     vertex  3.898930e+01 -9.134742e-01  7.000000e+00
     vertex  3.510946e+01 -4.747474e+00  7.000000e+00
     vertex  3.527384e+01 -5.213537e+00  7.000000e+00
   endloop
 endfacet
 facet normal  1.741349e-16 -1.913105e-14  1.000000e+00
   outer loop
     vertex -2.388736e+01  2.210527e+01  7.000000e+00
     vertex -2.491835e+01  1.383205e+01  7.000000e+00
     vertex -2.088404e+01  1.939347e+01  7.000000e+00
   endloop
 endfacet
 facet normal  3.859971e-16 -1.915745e-14  1.000000e+00
   outer loop
     vertex -2.388736e+01  2.210527e+01  7.000000e+00
     vertex -2.436430e+01  2.223475e+01  7.000000e+00
     vertex -2.491835e+01  1.383205e+01  7.000000e+00
   endloop
 endfacet
 facet normal  4.626512e-16 -1.912140e-14  1.000000e+00
   outer loop
     vertex -2.479639e+01  2.247460e+01  7.000000e+00
     vertex -3.441865e+01  1.834003e+01  7.000000e+00
     vertex -2.491835e+01  1.383205e+01  7.000000e+00
   endloop
 endfacet
 facet normal -3.303615e-16 -1.911021e-14  1.000000e+00
   outer loop
     vertex -2.479639e+01  2.247460e+01  7.000000e+00
     vertex -2.491835e+01  1.383205e+01  7.000000e+00
     vertex -2.436430e+01  2.223475e+01  7.000000e+00
   endloop
 endfacet
 facet normal  1.380787e-15 -1.779468e-14  1.000000e+00
   outer loop
     vertex -2.339329e+01  2.209369e+01  7.000000e+00
     vertex -2.388736e+01  2.210527e+01  7.000000e+00
     vertex -2.088404e+01  1.939347e+01  7.000000e+00
   endloop
 endfacet
 facet normal  1.681868e-15 -2.195885e-14  1.000000e+00
   outer loop
     vertex -2.515853e+01  2.281089e+01  7.000000e+00
     vertex -3.441865e+01  1.834003e+01  7.000000e+00
     vertex -2.479639e+01  2.247460e+01  7.000000e+00
   endloop
 endfacet
 facet normal  4.552930e-16 -1.865472e-14  1.000000e+00
   outer loop
     vertex -2.291082e+01  2.220069e+01  7.000000e+00
     vertex -2.339329e+01  2.209369e+01  7.000000e+00
     vertex -2.088404e+01  1.939347e+01  7.000000e+00
   endloop
 endfacet
 facet normal -1.256910e-15 -1.587200e-14  1.000000e+00
   outer loop
     vertex -2.542966e+01  2.322407e+01  7.000000e+00
     vertex -3.441865e+01  1.834003e+01  7.000000e+00
     vertex -2.515853e+01  2.281089e+01  7.000000e+00
   endloop
 endfacet
 facet normal -4.603989e-16 -1.931584e-14  1.000000e+00
   outer loop
     vertex -2.246796e+01  2.242005e+01  7.000000e+00
     vertex -2.291082e+01  2.220069e+01  7.000000e+00
     vertex -2.088404e+01  1.939347e+01  7.000000e+00
   endloop
 endfacet
 facet normal  1.386964e-15 -1.834904e-14  1.000000e+00
   outer loop
     vertex -2.209048e+01  2.273901e+01  7.000000e+00
     vertex -2.246796e+01  2.242005e+01  7.000000e+00
     vertex -2.088404e+01  1.939347e+01  7.000000e+00
   endloop
 endfacet
 facet normal  4.138845e-16 -1.871997e-14  1.000000e+00
   outer loop
     vertex  2.783972e+01  6.099179e+00  7.000000e+00
     vertex  2.848839e+01 -8.135230e-01  7.000000e+00
     vertex  3.898930e+01 -9.134742e-01  7.000000e+00
   endloop
 endfacet
 facet normal -1.043473e-15 -1.922548e-14  1.000000e+00
   outer loop
     vertex -2.180029e+01  2.313904e+01  7.000000e+00
     vertex -2.209048e+01  2.273901e+01  7.000000e+00
     vertex -2.088404e+01  1.939347e+01  7.000000e+00
   endloop
 endfacet
 facet normal -8.584014e-16 -2.166810e-14  1.000000e+00
   outer loop
     vertex -2.914094e+01  2.591922e+01  7.000000e+00
     vertex -2.564210e+01  2.418199e+01  7.000000e+00
     vertex -2.557106e+01  2.467106e+01  7.000000e+00
   endloop
 endfacet
 facet normal  1.924196e-15 -1.606384e-14  1.000000e+00
   outer loop
     vertex -2.914094e+01  2.591922e+01  7.000000e+00
     vertex -2.559404e+01  2.369013e+01  7.000000e+00
     vertex -2.564210e+01  2.418199e+01  7.000000e+00
   endloop
 endfacet
 facet normal -3.022060e-15 -2.393428e-14  1.000000e+00
   outer loop
     vertex -2.914094e+01  2.591922e+01  7.000000e+00
     vertex -2.542966e+01  2.322407e+01  7.000000e+00
     vertex -2.559404e+01  2.369013e+01  7.000000e+00
   endloop
 endfacet
 facet normal  4.934017e-16 -1.909342e-14  1.000000e+00
   outer loop
     vertex -2.914094e+01  2.591922e+01  7.000000e+00
     vertex -3.441865e+01  1.834003e+01  7.000000e+00
     vertex -2.542966e+01  2.322407e+01  7.000000e+00
   endloop
 endfacet
 facet normal  1.130901e-15 -1.597846e-14  1.000000e+00
   outer loop
     vertex -2.538503e+01  2.512891e+01  7.000000e+00
     vertex -2.914094e+01  2.591922e+01  7.000000e+00
     vertex -2.557106e+01  2.467106e+01  7.000000e+00
   endloop
 endfacet
 facet normal  6.555227e-16 -1.823768e-14  1.000000e+00
   outer loop
     vertex -2.509485e+01  2.552895e+01  7.000000e+00
     vertex -2.914094e+01  2.591922e+01  7.000000e+00
     vertex -2.538503e+01  2.512891e+01  7.000000e+00
   endloop
 endfacet
 facet normal  4.797518e-16 -2.005996e-14  1.000000e+00
   outer loop
     vertex -2.471736e+01  2.584791e+01  7.000000e+00
     vertex -2.914094e+01  2.591922e+01  7.000000e+00
     vertex -2.509485e+01  2.552895e+01  7.000000e+00
   endloop
 endfacet
 facet normal  3.802463e-16 -1.887721e-14  1.000000e+00
   outer loop
     vertex -1.563603e+01  2.382781e+01  7.000000e+00
     vertex -2.180029e+01  2.313904e+01  7.000000e+00
     vertex -2.088404e+01  1.939347e+01  7.000000e+00
   endloop
 endfacet
 facet normal  5.249099e-18 -1.552112e-14  1.000000e+00
   outer loop
     vertex -1.563603e+01  2.382781e+01  7.000000e+00
     vertex -2.161427e+01  2.359689e+01  7.000000e+00
     vertex -2.180029e+01  2.313904e+01  7.000000e+00
   endloop
 endfacet
 facet normal  2.488974e-16 -2.182895e-14  1.000000e+00
   outer loop
     vertex -1.563603e+01  2.382781e+01  7.000000e+00
     vertex -2.154322e+01  2.408596e+01  7.000000e+00
     vertex -2.161427e+01  2.359689e+01  7.000000e+00
   endloop
 endfacet
 facet normal  2.642771e-16 -1.895784e-14  1.000000e+00
   outer loop
     vertex  3.807495e+01  8.443820e+00  7.000000e+00
     vertex  2.783972e+01  6.099179e+00  7.000000e+00
     vertex  3.898930e+01 -9.134742e-01  7.000000e+00
   endloop
 endfacet
 facet normal  3.809234e-16 -1.880782e-14  1.000000e+00
   outer loop
     vertex -1.724762e+01  2.714807e+01  7.000000e+00
     vertex -2.154322e+01  2.408596e+01  7.000000e+00
     vertex -1.563603e+01  2.382781e+01  7.000000e+00
   endloop
 endfacet
 facet normal  2.262981e-15 -2.144802e-14  1.000000e+00
   outer loop
     vertex -1.724762e+01  2.714807e+01  7.000000e+00
     vertex -2.159129e+01  2.457782e+01  7.000000e+00
     vertex -2.154322e+01  2.408596e+01  7.000000e+00
   endloop
 endfacet
 facet normal -1.403068e-16 -1.906082e-14  1.000000e+00
   outer loop
     vertex -1.618905e+01  2.686069e+01  7.000000e+00
     vertex -1.724762e+01  2.714807e+01  7.000000e+00
     vertex -1.563603e+01  2.382781e+01  7.000000e+00
   endloop
 endfacet
 facet normal  1.642241e-15 -2.039899e-14  1.000000e+00
   outer loop
     vertex -1.820666e+01  2.768042e+01  7.000000e+00
     vertex -2.159129e+01  2.457782e+01  7.000000e+00
     vertex -1.724762e+01  2.714807e+01  7.000000e+00
   endloop
 endfacet
 facet normal  3.124717e-15 -2.374474e-14  1.000000e+00
   outer loop
     vertex -1.820666e+01  2.768042e+01  7.000000e+00
     vertex -2.202679e+01  2.545706e+01  7.000000e+00
     vertex -2.175566e+01  2.504388e+01  7.000000e+00
   endloop
 endfacet
 facet normal -3.648929e-15 -1.462685e-14  1.000000e+00
   outer loop
     vertex -1.820666e+01  2.768042e+01  7.000000e+00
     vertex -2.175566e+01  2.504388e+01  7.000000e+00
     vertex -2.159129e+01  2.457782e+01  7.000000e+00
   endloop
 endfacet
 facet normal  1.992391e-15 -1.867194e-14  1.000000e+00
   outer loop
     vertex -1.509247e+01  2.683500e+01  7.000000e+00
     vertex -1.618905e+01  2.686069e+01  7.000000e+00
     vertex -1.563603e+01  2.382781e+01  7.000000e+00
   endloop
 endfacet
 facet normal -6.141581e-16 -1.732067e-14  1.000000e+00
   outer loop
     vertex -1.901043e+01  2.842682e+01  7.000000e+00
     vertex -2.202679e+01  2.545706e+01  7.000000e+00
     vertex -1.820666e+01  2.768042e+01  7.000000e+00
   endloop
 endfacet
 facet normal -1.002511e-15 -1.692622e-14  1.000000e+00
   outer loop
     vertex -1.901043e+01  2.842682e+01  7.000000e+00
     vertex -2.238893e+01  2.579335e+01  7.000000e+00
     vertex -2.202679e+01  2.545706e+01  7.000000e+00
   endloop
 endfacet
 facet normal -9.536575e-16 -1.813943e-14  1.000000e+00
   outer loop
     vertex -1.402160e+01  2.707248e+01  7.000000e+00
     vertex -1.509247e+01  2.683500e+01  7.000000e+00
     vertex -1.563603e+01  2.382781e+01  7.000000e+00
   endloop
 endfacet
 facet normal  5.970108e-16 -1.897827e-14  1.000000e+00
   outer loop
     vertex -1.961221e+01  2.934389e+01  7.000000e+00
     vertex -2.238893e+01  2.579335e+01  7.000000e+00
     vertex -1.901043e+01  2.842682e+01  7.000000e+00
   endloop
 endfacet
 facet normal  1.431986e-18 -1.851249e-14  1.000000e+00
   outer loop
     vertex -1.961221e+01  2.934389e+01  7.000000e+00
     vertex -2.282103e+01  2.603321e+01  7.000000e+00
     vertex -2.238893e+01  2.579335e+01  7.000000e+00
   endloop
 endfacet
 facet normal  4.445049e-16 -1.894193e-14  1.000000e+00
   outer loop
     vertex -1.961221e+01  2.934389e+01  7.000000e+00
     vertex -2.329796e+01  2.616268e+01  7.000000e+00
     vertex -2.282103e+01  2.603321e+01  7.000000e+00
   endloop
 endfacet
 facet normal  6.030173e-17 -1.909628e-14  1.000000e+00
   outer loop
     vertex  2.947167e+01  1.308091e+01  7.000000e+00
     vertex  2.553879e+01  1.264990e+01  7.000000e+00
     vertex  2.783972e+01  6.099179e+00  7.000000e+00
   endloop
 endfacet
 facet normal  3.884441e-15 -1.999016e-14  1.000000e+00
   outer loop
     vertex  2.994861e+01  1.295144e+01  7.000000e+00
     vertex  2.947167e+01  1.308091e+01  7.000000e+00
     vertex  2.783972e+01  6.099179e+00  7.000000e+00
   endloop
 endfacet
 facet normal -3.417461e-16 -1.542771e-14  1.000000e+00
   outer loop
     vertex  2.903958e+01  1.332077e+01  7.000000e+00
     vertex  2.553879e+01  1.264990e+01  7.000000e+00
     vertex  2.947167e+01  1.308091e+01  7.000000e+00
   endloop
 endfacet
 facet normal -4.371847e-16 -1.866011e-14  1.000000e+00
   outer loop
     vertex  3.044268e+01  1.293986e+01  7.000000e+00
     vertex  2.994861e+01  1.295144e+01  7.000000e+00
     vertex  2.783972e+01  6.099179e+00  7.000000e+00
   endloop
 endfacet
 facet normal  1.041903e-15 -2.264800e-14  1.000000e+00
   outer loop
     vertex  2.867744e+01  1.365706e+01  7.000000e+00
     vertex  2.553879e+01  1.264990e+01  7.000000e+00
     vertex  2.903958e+01  1.332077e+01  7.000000e+00
   endloop
 endfacet
 facet normal  2.519667e-16 -1.890410e-14  1.000000e+00
   outer loop
     vertex  3.092515e+01  1.304686e+01  7.000000e+00
     vertex  2.783972e+01  6.099179e+00  7.000000e+00
     vertex  3.807495e+01  8.443820e+00  7.000000e+00
   endloop
 endfacet
 facet normal  5.388510e-16 -1.903150e-14  1.000000e+00
   outer loop
     vertex  3.092515e+01  1.304686e+01  7.000000e+00
     vertex  3.044268e+01  1.293986e+01  7.000000e+00
     vertex  2.783972e+01  6.099179e+00  7.000000e+00
   endloop
 endfacet
 facet normal -1.154090e-15 -1.580453e-14  1.000000e+00
   outer loop
     vertex  2.840631e+01  1.407024e+01  7.000000e+00
     vertex  2.553879e+01  1.264990e+01  7.000000e+00
     vertex  2.867744e+01  1.365706e+01  7.000000e+00
   endloop
 endfacet
 facet normal  3.658109e-16 -1.879595e-14  1.000000e+00
   outer loop
     vertex -9.479307e+00  2.687736e+01  7.000000e+00
     vertex -1.402160e+01  2.707248e+01  7.000000e+00
     vertex -1.563603e+01  2.382781e+01  7.000000e+00
   endloop
 endfacet
 facet normal  3.584733e-16 -1.896676e-14  1.000000e+00
   outer loop
     vertex -9.479307e+00  2.687736e+01  7.000000e+00
     vertex -1.303869e+01  2.755934e+01  7.000000e+00
     vertex -1.402160e+01  2.707248e+01  7.000000e+00
   endloop
 endfacet
 facet normal -1.399409e-15 -2.146914e-14  1.000000e+00
   outer loop
     vertex  3.136801e+01  1.326622e+01  7.000000e+00
     vertex  3.092515e+01  1.304686e+01  7.000000e+00
     vertex  3.807495e+01  8.443820e+00  7.000000e+00
   endloop
 endfacet
 facet normal  3.889884e-16 -1.891984e-14  1.000000e+00
   outer loop
     vertex  2.824193e+01  1.453630e+01  7.000000e+00
     vertex  2.553879e+01  1.264990e+01  7.000000e+00
     vertex  2.840631e+01  1.407024e+01  7.000000e+00
   endloop
 endfacet
 facet normal  3.152944e-16 -1.919212e-14  1.000000e+00
   outer loop
     vertex -1.220085e+01  2.826728e+01  7.000000e+00
     vertex -1.303869e+01  2.755934e+01  7.000000e+00
     vertex -9.479307e+00  2.687736e+01  7.000000e+00
   endloop
 endfacet
 facet normal  2.175311e-15 -1.649745e-14  1.000000e+00
   outer loop
     vertex  3.174549e+01  1.358518e+01  7.000000e+00
     vertex  3.136801e+01  1.326622e+01  7.000000e+00
     vertex  3.807495e+01  8.443820e+00  7.000000e+00
   endloop
 endfacet
 facet normal  4.972373e-16 -1.897529e-14  1.000000e+00
   outer loop
     vertex -2.222899e+01  3.204484e+01  7.000000e+00
     vertex -2.914094e+01  2.591922e+01  7.000000e+00
     vertex -2.471736e+01  2.584791e+01  7.000000e+00
   endloop
 endfacet
 facet normal  4.580794e-16 -1.895766e-14  1.000000e+00
   outer loop
     vertex -2.222899e+01  3.204484e+01  7.000000e+00
     vertex -2.329796e+01  2.616268e+01  7.000000e+00
     vertex -1.961221e+01  2.934389e+01  7.000000e+00
   endloop
 endfacet
 facet normal -2.230405e-15 -1.846908e-14  1.000000e+00
   outer loop
     vertex -2.222899e+01  3.204484e+01  7.000000e+00
     vertex -2.379203e+01  2.617426e+01  7.000000e+00
     vertex -2.329796e+01  2.616268e+01  7.000000e+00
   endloop
 endfacet
 facet normal  4.492835e-15 -2.025913e-14  1.000000e+00
   outer loop
     vertex -2.222899e+01  3.204484e+01  7.000000e+00
     vertex -2.427451e+01  2.606726e+01  7.000000e+00
     vertex -2.379203e+01  2.617426e+01  7.000000e+00
   endloop
 endfacet
 facet normal -9.087149e-16 -1.841073e-14  1.000000e+00
   outer loop
     vertex -2.222899e+01  3.204484e+01  7.000000e+00
     vertex -2.471736e+01  2.584791e+01  7.000000e+00
     vertex -2.427451e+01  2.606726e+01  7.000000e+00
   endloop
 endfacet
 facet normal -1.378852e-15 -1.638660e-14  1.000000e+00
   outer loop
     vertex  2.819387e+01  1.502816e+01  7.000000e+00
     vertex  2.553879e+01  1.264990e+01  7.000000e+00
     vertex  2.824193e+01  1.453630e+01  7.000000e+00
   endloop
 endfacet
 facet normal -1.011553e-15 -2.038149e-14  1.000000e+00
   outer loop
     vertex -2.076292e+01  3.166704e+01  7.000000e+00
     vertex -2.222899e+01  3.204484e+01  7.000000e+00
     vertex -1.961221e+01  2.934389e+01  7.000000e+00
   endloop
 endfacet
 facet normal  7.223577e-16 -1.828616e-14  1.000000e+00
   outer loop
     vertex  3.203568e+01  1.398521e+01  7.000000e+00
     vertex  3.174549e+01  1.358518e+01  7.000000e+00
     vertex  3.807495e+01  8.443820e+00  7.000000e+00
   endloop
 endfacet
 facet normal  4.011403e-15 -1.039570e-14  1.000000e+00
   outer loop
     vertex -2.177455e+01  3.221648e+01  7.000000e+00
     vertex -2.076292e+01  3.166704e+01  7.000000e+00
     vertex -2.089756e+01  3.187140e+01  7.000000e+00
   endloop
 endfacet
 facet normal  1.411836e-14 -5.807846e-14  1.000000e+00
   outer loop
     vertex -2.177455e+01  3.221648e+01  7.000000e+00
     vertex -2.201235e+01  3.215868e+01  7.000000e+00
     vertex -2.222899e+01  3.204484e+01  7.000000e+00
   endloop
 endfacet
 facet normal -6.498699e-16 -1.897798e-14  1.000000e+00
   outer loop
     vertex -2.177455e+01  3.221648e+01  7.000000e+00
     vertex -2.222899e+01  3.204484e+01  7.000000e+00
     vertex -2.076292e+01  3.166704e+01  7.000000e+00
   endloop
 endfacet
 facet normal -2.555096e-14 -5.464837e-14  1.000000e+00
   outer loop
     vertex -2.129285e+01  3.215373e+01  7.000000e+00
     vertex -2.089756e+01  3.187140e+01  7.000000e+00
     vertex -2.107780e+01  3.203693e+01  7.000000e+00
   endloop
 endfacet
 facet normal -4.036954e-15 -5.929606e-14  1.000000e+00
   outer loop
     vertex -2.129285e+01  3.215373e+01  7.000000e+00
     vertex -2.152983e+01  3.221480e+01  7.000000e+00
     vertex -2.177455e+01  3.221648e+01  7.000000e+00
   endloop
 endfacet
 facet normal  1.502934e-15 -1.677062e-14  1.000000e+00
   outer loop
     vertex -2.129285e+01  3.215373e+01  7.000000e+00
     vertex -2.177455e+01  3.221648e+01  7.000000e+00
     vertex -2.089756e+01  3.187140e+01  7.000000e+00
   endloop
 endfacet
 facet normal  3.981803e-15 -2.237120e-14  1.000000e+00
   outer loop
     vertex  2.826492e+01  1.551723e+01  7.000000e+00
     vertex  2.553879e+01  1.264990e+01  7.000000e+00
     vertex  2.819387e+01  1.502816e+01  7.000000e+00
   endloop
 endfacet
 facet normal  6.720209e-16 -1.849363e-14  1.000000e+00
   outer loop
     vertex -1.155677e+01  2.915516e+01  7.000000e+00
     vertex -1.220085e+01  2.826728e+01  7.000000e+00
     vertex -9.479307e+00  2.687736e+01  7.000000e+00
   endloop
 endfacet
 facet normal -2.174313e-16 -1.931039e-14  1.000000e+00
   outer loop
     vertex  3.222170e+01  1.444306e+01  7.000000e+00
     vertex  3.203568e+01  1.398521e+01  7.000000e+00
     vertex  3.807495e+01  8.443820e+00  7.000000e+00
   endloop
 endfacet
 facet normal  5.579970e-16 -1.911601e-14  1.000000e+00
   outer loop
     vertex  2.176936e+01  1.839415e+01  7.000000e+00
     vertex  2.553879e+01  1.264990e+01  7.000000e+00
     vertex  2.826492e+01  1.551723e+01  7.000000e+00
   endloop
 endfacet
 facet normal  3.667783e-16 -1.954775e-14  1.000000e+00
   outer loop
     vertex  2.176936e+01  1.839415e+01  7.000000e+00
     vertex  2.826492e+01  1.551723e+01  7.000000e+00
     vertex  2.845094e+01  1.597508e+01  7.000000e+00
   endloop
 endfacet
 facet normal  8.024904e-16 -1.834429e-14  1.000000e+00
   outer loop
     vertex  2.874112e+01  1.637511e+01  7.000000e+00
     vertex  2.176936e+01  1.839415e+01  7.000000e+00
     vertex  2.845094e+01  1.597508e+01  7.000000e+00
   endloop
 endfacet
 facet normal -9.226699e-17 -1.919070e-14  1.000000e+00
   outer loop
     vertex -1.114390e+01  3.017137e+01  7.000000e+00
     vertex -1.155677e+01  2.915516e+01  7.000000e+00
     vertex -9.479307e+00  2.687736e+01  7.000000e+00
   endloop
 endfacet
 facet normal  1.551237e-15 -1.575886e-14  1.000000e+00
   outer loop
     vertex  2.911861e+01  1.669408e+01  7.000000e+00
     vertex  2.176936e+01  1.839415e+01  7.000000e+00
     vertex  2.874112e+01  1.637511e+01  7.000000e+00
   endloop
 endfacet
 facet normal  1.727190e-15 -2.022762e-14  1.000000e+00
   outer loop
     vertex  3.494782e+01  1.731039e+01  7.000000e+00
     vertex  3.229275e+01  1.493213e+01  7.000000e+00
     vertex  3.222170e+01  1.444306e+01  7.000000e+00
   endloop
 endfacet
 facet normal  2.775494e-15 -2.139794e-14  1.000000e+00
   outer loop
     vertex  3.494782e+01  1.731039e+01  7.000000e+00
     vertex  3.224468e+01  1.542399e+01  7.000000e+00
     vertex  3.229275e+01  1.493213e+01  7.000000e+00
   endloop
 endfacet
 facet normal -1.218128e-15 -1.567525e-14  1.000000e+00
   outer loop
     vertex  3.494782e+01  1.731039e+01  7.000000e+00
     vertex  3.208031e+01  1.589005e+01  7.000000e+00
     vertex  3.224468e+01  1.542399e+01  7.000000e+00
   endloop
 endfacet
 facet normal  2.661705e-16 -1.883856e-14  1.000000e+00
   outer loop
     vertex  3.494782e+01  1.731039e+01  7.000000e+00
     vertex  3.222170e+01  1.444306e+01  7.000000e+00
     vertex  3.807495e+01  8.443820e+00  7.000000e+00
   endloop
 endfacet
 facet normal  4.530265e-16 -1.904913e-14  1.000000e+00
   outer loop
     vertex  3.494782e+01  1.731039e+01  7.000000e+00
     vertex  3.180918e+01  1.630323e+01  7.000000e+00
     vertex  3.208031e+01  1.589005e+01  7.000000e+00
   endloop
 endfacet
 facet normal  2.028107e-16 -1.826937e-14  1.000000e+00
   outer loop
     vertex  3.494782e+01  1.731039e+01  7.000000e+00
     vertex  3.144704e+01  1.663952e+01  7.000000e+00
     vertex  3.180918e+01  1.630323e+01  7.000000e+00
   endloop
 endfacet
 facet normal -3.417461e-16 -1.542771e-14  1.000000e+00
   outer loop
     vertex  3.494782e+01  1.731039e+01  7.000000e+00
     vertex  3.101495e+01  1.687938e+01  7.000000e+00
     vertex  3.144704e+01  1.663952e+01  7.000000e+00
   endloop
 endfacet
 facet normal  4.244882e-16 -1.901566e-14  1.000000e+00
   outer loop
     vertex -5.195967e+00  3.136351e+01  7.000000e+00
     vertex -5.672905e+00  3.149298e+01  7.000000e+00
     vertex -9.479307e+00  2.687736e+01  7.000000e+00
   endloop
 endfacet
 facet normal  7.003213e-16 -1.927903e-14  1.000000e+00
   outer loop
     vertex -5.195967e+00  3.136351e+01  7.000000e+00
     vertex -9.479307e+00  2.687736e+01  7.000000e+00
     vertex -2.771681e+00  2.836490e+01  7.000000e+00
   endloop
 endfacet
 facet normal -5.731827e-17 -1.861833e-14  1.000000e+00
   outer loop
     vertex -6.104998e+00  3.173284e+01  7.000000e+00
     vertex -9.479307e+00  2.687736e+01  7.000000e+00
     vertex -5.672905e+00  3.149298e+01  7.000000e+00
   endloop
 endfacet
 facet normal  4.048321e-16 -1.893950e-14  1.000000e+00
   outer loop
     vertex -6.104998e+00  3.173284e+01  7.000000e+00
     vertex -1.114390e+01  3.017137e+01  7.000000e+00
     vertex -9.479307e+00  2.687736e+01  7.000000e+00
   endloop
 endfacet
 facet normal  1.358477e-15 -1.874693e-14  1.000000e+00
   outer loop
     vertex -4.701902e+00  3.135193e+01  7.000000e+00
     vertex -5.195967e+00  3.136351e+01  7.000000e+00
     vertex -2.771681e+00  2.836490e+01  7.000000e+00
   endloop
 endfacet
 facet normal  1.985816e-16 -1.827392e-14  1.000000e+00
   outer loop
     vertex -6.467135e+00  3.206913e+01  7.000000e+00
     vertex -1.114390e+01  3.017137e+01  7.000000e+00
     vertex -6.104998e+00  3.173284e+01  7.000000e+00
   endloop
 endfacet
 facet normal  4.461591e-16 -1.888404e-14  1.000000e+00
   outer loop
     vertex -6.467135e+00  3.206913e+01  7.000000e+00
     vertex -1.098621e+01  3.125686e+01  7.000000e+00
     vertex -1.114390e+01  3.017137e+01  7.000000e+00
   endloop
 endfacet
 facet normal  5.863876e-16 -1.924585e-14  1.000000e+00
   outer loop
     vertex -4.219424e+00  3.145893e+01  7.000000e+00
     vertex -4.701902e+00  3.135193e+01  7.000000e+00
     vertex -2.771681e+00  2.836490e+01  7.000000e+00
   endloop
 endfacet
 facet normal  4.734257e-16 -1.903574e-14  1.000000e+00
   outer loop
     vertex -6.738269e+00  3.248231e+01  7.000000e+00
     vertex -1.098621e+01  3.125686e+01  7.000000e+00
     vertex -6.467135e+00  3.206913e+01  7.000000e+00
   endloop
 endfacet
 facet normal -2.915785e-16 -1.965667e-14  1.000000e+00
   outer loop
     vertex -3.776572e+00  3.167829e+01  7.000000e+00
     vertex -4.219424e+00  3.145893e+01  7.000000e+00
     vertex -2.771681e+00  2.836490e+01  7.000000e+00
   endloop
 endfacet
 facet normal  4.352808e-16 -1.890352e-14  1.000000e+00
   outer loop
     vertex -6.902644e+00  3.294837e+01  7.000000e+00
     vertex -1.098621e+01  3.125686e+01  7.000000e+00
     vertex -6.738269e+00  3.248231e+01  7.000000e+00
   endloop
 endfacet
 facet normal  3.422879e-16 -1.867902e-14  1.000000e+00
   outer loop
     vertex -6.902644e+00  3.294837e+01  7.000000e+00
     vertex -1.109289e+01  3.234854e+01  7.000000e+00
     vertex -1.098621e+01  3.125686e+01  7.000000e+00
   endloop
 endfacet
 facet normal  1.924067e-15 -1.898470e-14  1.000000e+00
   outer loop
     vertex -3.399083e+00  3.199725e+01  7.000000e+00
     vertex -3.776572e+00  3.167829e+01  7.000000e+00
     vertex -2.771681e+00  2.836490e+01  7.000000e+00
   endloop
 endfacet
 facet normal  5.047692e-16 -1.981407e-14  1.000000e+00
   outer loop
     vertex -6.950706e+00  3.344023e+01  7.000000e+00
     vertex -1.109289e+01  3.234854e+01  7.000000e+00
     vertex -6.902644e+00  3.294837e+01  7.000000e+00
   endloop
 endfacet
 facet normal  3.184533e-17 -1.801965e-14  1.000000e+00
   outer loop
     vertex -6.950706e+00  3.344023e+01  7.000000e+00
     vertex -1.145772e+01  3.338298e+01  7.000000e+00
     vertex -1.109289e+01  3.234854e+01  7.000000e+00
   endloop
 endfacet
 facet normal -7.408549e-16 -1.944500e-14  1.000000e+00
   outer loop
     vertex -3.108896e+00  3.239728e+01  7.000000e+00
     vertex -3.399083e+00  3.199725e+01  7.000000e+00
     vertex -2.771681e+00  2.836490e+01  7.000000e+00
   endloop
 endfacet
 facet normal  1.927953e-16 -1.936692e-14  1.000000e+00
   outer loop
     vertex -3.108896e+00  3.239728e+01  7.000000e+00
     vertex -2.771681e+00  2.836490e+01  7.000000e+00
     vertex  4.097025e+00  2.820398e+01  7.000000e+00
   endloop
 endfacet
 facet normal  7.992455e-17 -2.180440e-14  1.000000e+00
   outer loop
     vertex -6.879662e+00  3.392930e+01  7.000000e+00
     vertex -1.145772e+01  3.338298e+01  7.000000e+00
     vertex -6.950706e+00  3.344023e+01  7.000000e+00
   endloop
 endfacet
 facet normal  1.053959e-15 -1.788707e-14  1.000000e+00
   outer loop
     vertex -2.922875e+00  3.285513e+01  7.000000e+00
     vertex -3.108896e+00  3.239728e+01  7.000000e+00
     vertex  4.097025e+00  2.820398e+01  7.000000e+00
   endloop
 endfacet
 facet normal -5.406759e-14 -3.049500e-14  1.000000e+00
   outer loop
     vertex -1.271185e+01  3.618076e+01  7.000000e+00
     vertex -1.268940e+01  3.593707e+01  7.000000e+00
     vertex -1.260843e+01  3.570613e+01  7.000000e+00
   endloop
 endfacet
 facet normal -7.042921e-16 -1.523284e-14  1.000000e+00
   outer loop
     vertex -6.693641e+00  3.438715e+01  7.000000e+00
     vertex -1.145772e+01  3.338298e+01  7.000000e+00
     vertex -6.879662e+00  3.392930e+01  7.000000e+00
   endloop
 endfacet
 facet normal -3.015554e-16 -1.993292e-14  1.000000e+00
   outer loop
     vertex -2.851831e+00  3.334420e+01  7.000000e+00
     vertex -2.922875e+00  3.285513e+01  7.000000e+00
     vertex  4.097025e+00  2.820398e+01  7.000000e+00
   endloop
 endfacet
 facet normal  5.208904e-14 -3.376360e-14  1.000000e+00
   outer loop
     vertex -1.257942e+01  3.664813e+01  7.000000e+00
     vertex -1.267445e+01  3.642261e+01  7.000000e+00
     vertex -1.271185e+01  3.618076e+01  7.000000e+00
   endloop
 endfacet
 facet normal -5.800727e-16 -1.883940e-14  1.000000e+00
   outer loop
     vertex -1.257942e+01  3.664813e+01  7.000000e+00
     vertex -1.271185e+01  3.618076e+01  7.000000e+00
     vertex -1.260843e+01  3.570613e+01  7.000000e+00
   endloop
 endfacet
 facet normal  1.799564e-15 -1.950650e-14  1.000000e+00
   outer loop
     vertex -1.224238e+01  3.699795e+01  7.000000e+00
     vertex -1.243246e+01  3.684382e+01  7.000000e+00
     vertex -1.257942e+01  3.664813e+01  7.000000e+00
   endloop
 endfacet
 facet normal  1.162872e-15 -1.889306e-14  1.000000e+00
   outer loop
     vertex -1.224238e+01  3.699795e+01  7.000000e+00
     vertex -1.257942e+01  3.664813e+01  7.000000e+00
     vertex -1.260843e+01  3.570613e+01  7.000000e+00
   endloop
 endfacet
 facet normal  4.222080e-16 -1.894982e-14  1.000000e+00
   outer loop
     vertex  1.489061e+01  2.799653e+01  7.000000e+00
     vertex  1.072763e+01  2.640394e+01  7.000000e+00
     vertex  1.673478e+01  2.306940e+01  7.000000e+00
   endloop
 endfacet
 facet normal  1.588013e-16 -1.980178e-14  1.000000e+00
   outer loop
     vertex -1.202055e+01  3.710130e+01  7.000000e+00
     vertex -1.260843e+01  3.570613e+01  7.000000e+00
     vertex -1.145772e+01  3.338298e+01  7.000000e+00
   endloop
 endfacet
 facet normal  9.399899e-16 -1.844403e-14  1.000000e+00
   outer loop
     vertex -1.202055e+01  3.710130e+01  7.000000e+00
     vertex -6.693641e+00  3.438715e+01  7.000000e+00
     vertex -6.403454e+00  3.478718e+01  7.000000e+00
   endloop
 endfacet
 facet normal  2.556635e-16 -1.978712e-14  1.000000e+00
   outer loop
     vertex -1.202055e+01  3.710130e+01  7.000000e+00
     vertex -1.145772e+01  3.338298e+01  7.000000e+00
     vertex -6.693641e+00  3.438715e+01  7.000000e+00
   endloop
 endfacet
 facet normal -8.487263e-15 -1.615862e-14  1.000000e+00
   outer loop
     vertex -1.202055e+01  3.710130e+01  7.000000e+00
     vertex -1.224238e+01  3.699795e+01  7.000000e+00
     vertex -1.260843e+01  3.570613e+01  7.000000e+00
   endloop
 endfacet
 facet normal -3.701110e-15 -2.049314e-14  1.000000e+00
   outer loop
     vertex  1.536754e+01  2.786706e+01  7.000000e+00
     vertex  1.489061e+01  2.799653e+01  7.000000e+00
     vertex  1.673478e+01  2.306940e+01  7.000000e+00
   endloop
 endfacet
 facet normal  3.416167e-16 -1.989648e-14  1.000000e+00
   outer loop
     vertex -6.025965e+00  3.510615e+01  7.000000e+00
     vertex -1.202055e+01  3.710130e+01  7.000000e+00
     vertex -6.403454e+00  3.478718e+01  7.000000e+00
   endloop
 endfacet
 facet normal  9.901344e-16 -2.043436e-14  1.000000e+00
   outer loop
     vertex  1.445851e+01  2.823639e+01  7.000000e+00
     vertex  1.072763e+01  2.640394e+01  7.000000e+00
     vertex  1.489061e+01  2.799653e+01  7.000000e+00
   endloop
 endfacet
 facet normal  3.161079e-15 -1.853755e-14  1.000000e+00
   outer loop
     vertex  1.586161e+01  2.785548e+01  7.000000e+00
     vertex  1.536754e+01  2.786706e+01  7.000000e+00
     vertex  1.673478e+01  2.306940e+01  7.000000e+00
   endloop
 endfacet
 facet normal  2.227324e-17 -1.846378e-14  1.000000e+00
   outer loop
     vertex  1.409638e+01  2.857268e+01  7.000000e+00
     vertex  1.072763e+01  2.640394e+01  7.000000e+00
     vertex  1.445851e+01  2.823639e+01  7.000000e+00
   endloop
 endfacet
 facet normal -6.711526e-16 -2.293941e-14  1.000000e+00
   outer loop
     vertex -5.583113e+00  3.532550e+01  7.000000e+00
     vertex -1.202055e+01  3.710130e+01  7.000000e+00
     vertex -6.025965e+00  3.510615e+01  7.000000e+00
   endloop
 endfacet
 facet normal  5.355368e-16 -1.901656e-14  1.000000e+00
   outer loop
     vertex  1.634409e+01  2.796248e+01  7.000000e+00
     vertex  1.586161e+01  2.785548e+01  7.000000e+00
     vertex  1.673478e+01  2.306940e+01  7.000000e+00
   endloop
 endfacet
 facet normal  4.151208e-16 -1.907400e-14  1.000000e+00
   outer loop
     vertex  1.382524e+01  2.898586e+01  7.000000e+00
     vertex  1.072763e+01  2.640394e+01  7.000000e+00
     vertex  1.409638e+01  2.857268e+01  7.000000e+00
   endloop
 endfacet
 facet normal  1.364177e-15 -1.895039e-14  1.000000e+00
   outer loop
     vertex  1.678694e+01  2.818183e+01  7.000000e+00
     vertex  1.634409e+01  2.796248e+01  7.000000e+00
     vertex  1.673478e+01  2.306940e+01  7.000000e+00
   endloop
 endfacet
 facet normal  3.098809e-16 -1.894774e-14  1.000000e+00
   outer loop
     vertex  1.366087e+01  2.945192e+01  7.000000e+00
     vertex  1.072763e+01  2.640394e+01  7.000000e+00
     vertex  1.382524e+01  2.898586e+01  7.000000e+00
   endloop
 endfacet
 facet normal -4.736260e-16 -1.893164e-14  1.000000e+00
   outer loop
     vertex  1.716443e+01  2.850079e+01  7.000000e+00
     vertex  1.678694e+01  2.818183e+01  7.000000e+00
     vertex  1.673478e+01  2.306940e+01  7.000000e+00
   endloop
 endfacet
 facet normal  1.145077e-15 -1.975150e-14  1.000000e+00
   outer loop
     vertex  1.361280e+01  2.994378e+01  7.000000e+00
     vertex  1.072763e+01  2.640394e+01  7.000000e+00
     vertex  1.366087e+01  2.945192e+01  7.000000e+00
   endloop
 endfacet
 facet normal -1.567864e-15 -1.884508e-14  1.000000e+00
   outer loop
     vertex  1.745462e+01  2.890083e+01  7.000000e+00
     vertex  1.716443e+01  2.850079e+01  7.000000e+00
     vertex  1.673478e+01  2.306940e+01  7.000000e+00
   endloop
 endfacet
 facet normal -9.816925e-16 -1.801806e-14  1.000000e+00
   outer loop
     vertex  1.368385e+01  3.043285e+01  7.000000e+00
     vertex  1.072763e+01  2.640394e+01  7.000000e+00
     vertex  1.361280e+01  2.994378e+01  7.000000e+00
   endloop
 endfacet
 facet normal  4.494433e-16 -1.906816e-14  1.000000e+00
   outer loop
     vertex  1.368385e+01  3.043285e+01  7.000000e+00
     vertex  4.097025e+00  2.820398e+01  7.000000e+00
     vertex  1.072763e+01  2.640394e+01  7.000000e+00
   endloop
 endfacet
 facet normal  6.505551e-17 -1.913966e-14  1.000000e+00
   outer loop
     vertex  2.989739e+01  2.504288e+01  7.000000e+00
     vertex  3.101495e+01  1.687938e+01  7.000000e+00
     vertex  3.494782e+01  1.731039e+01  7.000000e+00
   endloop
 endfacet
 facet normal  4.271664e-15 -1.856379e-14  1.000000e+00
   outer loop
     vertex  2.989739e+01  2.504288e+01  7.000000e+00
     vertex  3.053801e+01  1.700885e+01  7.000000e+00
     vertex  3.101495e+01  1.687938e+01  7.000000e+00
   endloop
 endfacet
 facet normal -4.437372e-16 -1.893978e-14  1.000000e+00
   outer loop
     vertex  2.989739e+01  2.504288e+01  7.000000e+00
     vertex  3.004394e+01  1.702043e+01  7.000000e+00
     vertex  3.053801e+01  1.700885e+01  7.000000e+00
   endloop
 endfacet
 facet normal  5.146284e-16 -1.892228e-14  1.000000e+00
   outer loop
     vertex  2.989739e+01  2.504288e+01  7.000000e+00
     vertex  2.956146e+01  1.691343e+01  7.000000e+00
     vertex  3.004394e+01  1.702043e+01  7.000000e+00
   endloop
 endfacet
 facet normal -2.727280e-15 -1.878831e-14  1.000000e+00
   outer loop
     vertex  2.989739e+01  2.504288e+01  7.000000e+00
     vertex  2.911861e+01  1.669408e+01  7.000000e+00
     vertex  2.956146e+01  1.691343e+01  7.000000e+00
   endloop
 endfacet
 facet normal  7.748741e-16 -1.911499e-14  1.000000e+00
   outer loop
     vertex  2.989739e+01  2.504288e+01  7.000000e+00
     vertex  2.176936e+01  1.839415e+01  7.000000e+00
     vertex  2.911861e+01  1.669408e+01  7.000000e+00
   endloop
 endfacet
 facet normal  5.364264e-16 -1.899440e-14  1.000000e+00
   outer loop
     vertex -2.959225e+00  3.888757e+01  7.000000e+00
     vertex -3.335402e+00  3.471530e+01  7.000000e+00
     vertex -3.064267e+00  3.430212e+01  7.000000e+00
   endloop
 endfacet
 facet normal  1.870440e-15 -1.911468e-14  1.000000e+00
   outer loop
     vertex -2.959225e+00  3.888757e+01  7.000000e+00
     vertex -3.697539e+00  3.505159e+01  7.000000e+00
     vertex -3.335402e+00  3.471530e+01  7.000000e+00
   endloop
 endfacet
 facet normal -1.201638e-16 -1.873154e-14  1.000000e+00
   outer loop
     vertex -2.959225e+00  3.888757e+01  7.000000e+00
     vertex -4.129632e+00  3.529145e+01  7.000000e+00
     vertex -3.697539e+00  3.505159e+01  7.000000e+00
   endloop
 endfacet
 facet normal  4.511417e-16 -1.891748e-14  1.000000e+00
   outer loop
     vertex -2.959225e+00  3.888757e+01  7.000000e+00
     vertex -4.606570e+00  3.542092e+01  7.000000e+00
     vertex -4.129632e+00  3.529145e+01  7.000000e+00
   endloop
 endfacet
 facet normal -4.333672e-16 -1.849717e-14  1.000000e+00
   outer loop
     vertex -2.959225e+00  3.888757e+01  7.000000e+00
     vertex -5.100635e+00  3.543250e+01  7.000000e+00
     vertex -4.606570e+00  3.542092e+01  7.000000e+00
   endloop
 endfacet
 facet normal  4.824821e-15 -2.175613e-14  1.000000e+00
   outer loop
     vertex -2.959225e+00  3.888757e+01  7.000000e+00
     vertex -5.583113e+00  3.532550e+01  7.000000e+00
     vertex -5.100635e+00  3.543250e+01  7.000000e+00
   endloop
 endfacet
 facet normal  5.283148e-16 -1.859124e-14  1.000000e+00
   outer loop
     vertex -2.959225e+00  3.888757e+01  7.000000e+00
     vertex -1.202055e+01  3.710130e+01  7.000000e+00
     vertex -5.583113e+00  3.532550e+01  7.000000e+00
   endloop
 endfacet
 facet normal  3.400478e-16 -1.912327e-14  1.000000e+00
   outer loop
     vertex  2.317030e+01  3.137096e+01  7.000000e+00
     vertex  1.722811e+01  3.121885e+01  7.000000e+00
     vertex  1.749924e+01  3.080567e+01  7.000000e+00
   endloop
 endfacet
 facet normal  4.466817e-16 -2.328897e-14  1.000000e+00
   outer loop
     vertex  2.317030e+01  3.137096e+01  7.000000e+00
     vertex  1.686597e+01  3.155514e+01  7.000000e+00
     vertex  1.722811e+01  3.121885e+01  7.000000e+00
   endloop
 endfacet
 facet normal  5.870166e-16 -1.888534e-14  1.000000e+00
   outer loop
     vertex  2.317030e+01  3.137096e+01  7.000000e+00
     vertex  2.176936e+01  1.839415e+01  7.000000e+00
     vertex  2.989739e+01  2.504288e+01  7.000000e+00
   endloop
 endfacet
 facet normal -2.723237e-16 -1.734821e-14  1.000000e+00
   outer loop
     vertex  2.317030e+01  3.137096e+01  7.000000e+00
     vertex  1.764064e+01  2.935868e+01  7.000000e+00
     vertex  1.745462e+01  2.890083e+01  7.000000e+00
   endloop
 endfacet
 facet normal  7.223958e-16 -2.008166e-14  1.000000e+00
   outer loop
     vertex  2.317030e+01  3.137096e+01  7.000000e+00
     vertex  1.771168e+01  2.984775e+01  7.000000e+00
     vertex  1.764064e+01  2.935868e+01  7.000000e+00
   endloop
 endfacet
 facet normal  1.534112e-16 -1.804264e-14  1.000000e+00
   outer loop
     vertex  2.317030e+01  3.137096e+01  7.000000e+00
     vertex  1.766362e+01  3.033961e+01  7.000000e+00
     vertex  1.771168e+01  2.984775e+01  7.000000e+00
   endloop
 endfacet
 facet normal  3.221213e-16 -1.894343e-14  1.000000e+00
   outer loop
     vertex  2.317030e+01  3.137096e+01  7.000000e+00
     vertex  1.749924e+01  3.080567e+01  7.000000e+00
     vertex  1.766362e+01  3.033961e+01  7.000000e+00
   endloop
 endfacet
 facet normal  1.481150e-16 -1.883796e-14  1.000000e+00
   outer loop
     vertex  2.317030e+01  3.137096e+01  7.000000e+00
     vertex  1.673478e+01  2.306940e+01  7.000000e+00
     vertex  2.176936e+01  1.839415e+01  7.000000e+00
   endloop
 endfacet
 facet normal  4.840370e-16 -1.909837e-14  1.000000e+00
   outer loop
     vertex  2.317030e+01  3.137096e+01  7.000000e+00
     vertex  1.745462e+01  2.890083e+01  7.000000e+00
     vertex  1.673478e+01  2.306940e+01  7.000000e+00
   endloop
 endfacet
 facet normal  2.468883e-16 -1.898777e-14  1.000000e+00
   outer loop
     vertex  6.268051e+00  3.849301e+01  7.000000e+00
     vertex -2.959225e+00  3.888757e+01  7.000000e+00
     vertex -3.064267e+00  3.430212e+01  7.000000e+00
   endloop
 endfacet
 facet normal  1.013406e-15 -1.849729e-14  1.000000e+00
   outer loop
     vertex  6.268051e+00  3.849301e+01  7.000000e+00
     vertex  1.386987e+01  3.089070e+01  7.000000e+00
     vertex  1.416006e+01  3.129073e+01  7.000000e+00
   endloop
 endfacet
 facet normal  7.957765e-17 -1.943106e-14  1.000000e+00
   outer loop
     vertex  6.268051e+00  3.849301e+01  7.000000e+00
     vertex  1.368385e+01  3.043285e+01  7.000000e+00
     vertex  1.386987e+01  3.089070e+01  7.000000e+00
   endloop
 endfacet
 facet normal  4.537732e-16 -1.908678e-14  1.000000e+00
   outer loop
     vertex  6.268051e+00  3.849301e+01  7.000000e+00
     vertex  4.097025e+00  2.820398e+01  7.000000e+00
     vertex  1.368385e+01  3.043285e+01  7.000000e+00
   endloop
 endfacet
 facet normal -2.140562e-16 -1.807854e-14  1.000000e+00
   outer loop
     vertex  6.268051e+00  3.849301e+01  7.000000e+00
     vertex -2.899893e+00  3.383606e+01  7.000000e+00
     vertex -2.851831e+00  3.334420e+01  7.000000e+00
   endloop
 endfacet
 facet normal  2.399844e-16 -1.897239e-14  1.000000e+00
   outer loop
     vertex  6.268051e+00  3.849301e+01  7.000000e+00
     vertex -3.064267e+00  3.430212e+01  7.000000e+00
     vertex -2.899893e+00  3.383606e+01  7.000000e+00
   endloop
 endfacet
 facet normal  3.418271e-16 -1.906316e-14  1.000000e+00
   outer loop
     vertex  6.268051e+00  3.849301e+01  7.000000e+00
     vertex -2.851831e+00  3.334420e+01  7.000000e+00
     vertex  4.097025e+00  2.820398e+01  7.000000e+00
   endloop
 endfacet
 facet normal -2.858445e-15 -1.996153e-14  1.000000e+00
   outer loop
     vertex  1.514381e+01  3.593974e+01  7.000000e+00
     vertex  1.643388e+01  3.179499e+01  7.000000e+00
     vertex  1.686597e+01  3.155514e+01  7.000000e+00
   endloop
 endfacet
 facet normal  4.470134e-16 -1.893269e-14  1.000000e+00
   outer loop
     vertex  1.514381e+01  3.593974e+01  7.000000e+00
     vertex  1.595694e+01  3.192447e+01  7.000000e+00
     vertex  1.643388e+01  3.179499e+01  7.000000e+00
   endloop
 endfacet
 facet normal -4.478166e-16 -1.911390e-14  1.000000e+00
   outer loop
     vertex  1.514381e+01  3.593974e+01  7.000000e+00
     vertex  1.546288e+01  3.193605e+01  7.000000e+00
     vertex  1.595694e+01  3.192447e+01  7.000000e+00
   endloop
 endfacet
 facet normal  5.396729e-16 -1.903521e-14  1.000000e+00
   outer loop
     vertex  1.514381e+01  3.593974e+01  7.000000e+00
     vertex  1.498040e+01  3.182905e+01  7.000000e+00
     vertex  1.546288e+01  3.193605e+01  7.000000e+00
   endloop
 endfacet
 facet normal  1.423592e-15 -1.907034e-14  1.000000e+00
   outer loop
     vertex  1.514381e+01  3.593974e+01  7.000000e+00
     vertex  1.453755e+01  3.160969e+01  7.000000e+00
     vertex  1.498040e+01  3.182905e+01  7.000000e+00
   endloop
 endfacet
 facet normal -5.952700e-16 -1.878768e-14  1.000000e+00
   outer loop
     vertex  1.514381e+01  3.593974e+01  7.000000e+00
     vertex  1.416006e+01  3.129073e+01  7.000000e+00
     vertex  1.453755e+01  3.160969e+01  7.000000e+00
   endloop
 endfacet
 facet normal  5.309194e-16 -1.902598e-14  1.000000e+00
   outer loop
     vertex  1.514381e+01  3.593974e+01  7.000000e+00
     vertex  6.268051e+00  3.849301e+01  7.000000e+00
     vertex  1.416006e+01  3.129073e+01  7.000000e+00
   endloop
 endfacet
 facet normal  5.833882e-16 -1.860966e-14  1.000000e+00
   outer loop
     vertex  1.514381e+01  3.593974e+01  7.000000e+00
     vertex  1.686597e+01  3.155514e+01  7.000000e+00
     vertex  2.317030e+01  3.137096e+01  7.000000e+00
   endloop
 endfacet
 facet normal -5.359817e-16  1.850172e-14 -1.000000e+00
   outer loop
     vertex -1.595694e+01 -3.192447e+01  2.152343e-10
     vertex -1.467991e+01 -3.613171e+01  2.151558e-10
     vertex -1.643388e+01 -3.179499e+01  2.152370e-10
   endloop
 endfacet
 facet normal -7.003205e-16  1.843525e-14 -1.000000e+00
   outer loop
     vertex -1.686597e+01 -3.155514e+01  2.152417e-10
     vertex -1.467991e+01 -3.613171e+01  2.151558e-10
     vertex -2.290022e+01 -3.156865e+01  2.152457e-10
   endloop
 endfacet
 facet normal -7.003205e-16  1.843525e-14 -1.000000e+00
   outer loop
     vertex -1.686597e+01 -3.155514e+01  2.152417e-10
     vertex -1.643388e+01 -3.179499e+01  2.152370e-10
     vertex -1.467991e+01 -3.613171e+01  2.151558e-10
   endloop
 endfacet
 facet normal -4.237253e-16  1.853579e-14 -1.000000e+00
   outer loop
     vertex -1.546288e+01 -3.193605e+01  2.152339e-10
     vertex -1.467991e+01 -3.613171e+01  2.151558e-10
     vertex -1.595694e+01 -3.192447e+01  2.152343e-10
   endloop
 endfacet
 facet normal -7.007840e-16  1.864223e-14 -1.000000e+00
   outer loop
     vertex -1.722811e+01 -3.121885e+01  2.152482e-10
     vertex -1.686597e+01 -3.155514e+01  2.152417e-10
     vertex -2.290022e+01 -3.156865e+01  2.152457e-10
   endloop
 endfacet
 facet normal -3.259482e-16  1.855404e-14 -1.000000e+00
   outer loop
     vertex -1.498040e+01 -3.182905e+01  2.152357e-10
     vertex -1.467991e+01 -3.613171e+01  2.151558e-10
     vertex -1.546288e+01 -3.193605e+01  2.152339e-10
   endloop
 endfacet
 facet normal -7.079344e-16  1.875818e-14 -1.000000e+00
   outer loop
     vertex -1.749924e+01 -3.080567e+01  2.152562e-10
     vertex -1.722811e+01 -3.121885e+01  2.152482e-10
     vertex -2.290022e+01 -3.156865e+01  2.152457e-10
   endloop
 endfacet
 facet normal -2.209721e-16  1.856137e-14 -1.000000e+00
   outer loop
     vertex -1.453755e+01 -3.160969e+01  2.152397e-10
     vertex -1.467991e+01 -3.613171e+01  2.151558e-10
     vertex -1.498040e+01 -3.182905e+01  2.152357e-10
   endloop
 endfacet
 facet normal -7.199397e-16  1.884316e-14 -1.000000e+00
   outer loop
     vertex -1.766362e+01 -3.033961e+01  2.152651e-10
     vertex -1.749924e+01 -3.080567e+01  2.152562e-10
     vertex -2.290022e+01 -3.156865e+01  2.152457e-10
   endloop
 endfacet
 facet normal -8.099791e-17  1.855696e-14 -1.000000e+00
   outer loop
     vertex -1.416006e+01 -3.129073e+01  2.152456e-10
     vertex -1.467991e+01 -3.613171e+01  2.151558e-10
     vertex -1.453755e+01 -3.160969e+01  2.152397e-10
   endloop
 endfacet
 facet normal -7.378377e-16  1.891942e-14 -1.000000e+00
   outer loop
     vertex -1.771168e+01 -2.984775e+01  2.152744e-10
     vertex -1.766362e+01 -3.033961e+01  2.152651e-10
     vertex -2.290022e+01 -3.156865e+01  2.152457e-10
   endloop
 endfacet
 facet normal -5.002330e-16  1.863340e-14 -1.000000e+00
   outer loop
     vertex -1.386987e+01 -3.089070e+01  2.152531e-10
     vertex -5.606455e+00 -3.859492e+01  2.151054e-10
     vertex -1.467991e+01 -3.613171e+01  2.151558e-10
   endloop
 endfacet
 facet normal  1.658225e-16  1.853046e-14 -1.000000e+00
   outer loop
     vertex -1.386987e+01 -3.089070e+01  2.152531e-10
     vertex -1.467991e+01 -3.613171e+01  2.151558e-10
     vertex -1.416006e+01 -3.129073e+01  2.152456e-10
   endloop
 endfacet
 facet normal -7.652572e-16  1.900209e-14 -1.000000e+00
   outer loop
     vertex -1.764064e+01 -2.935868e+01  2.152837e-10
     vertex -1.771168e+01 -2.984775e+01  2.152744e-10
     vertex -2.290022e+01 -3.156865e+01  2.152457e-10
   endloop
 endfacet
 facet normal -2.617411e-16  1.888920e-14 -1.000000e+00
   outer loop
     vertex -1.368385e+01 -3.043285e+01  2.152617e-10
     vertex -5.606455e+00 -3.859492e+01  2.151054e-10
     vertex -1.386987e+01 -3.089070e+01  2.152531e-10
   endloop
 endfacet
 facet normal -6.225344e-16  1.872650e-14 -1.000000e+00
   outer loop
     vertex -1.745462e+01 -2.890083e+01  2.152923e-10
     vertex -2.290022e+01 -3.156865e+01  2.152457e-10
     vertex -2.978966e+01 -2.517094e+01  2.153698e-10
   endloop
 endfacet
 facet normal -8.117134e-16  1.911265e-14 -1.000000e+00
   outer loop
     vertex -1.745462e+01 -2.890083e+01  2.152923e-10
     vertex -1.764064e+01 -2.935868e+01  2.152837e-10
     vertex -2.290022e+01 -3.156865e+01  2.152457e-10
   endloop
 endfacet
 facet normal -2.267225e-16  1.892386e-14 -1.000000e+00
   outer loop
     vertex -1.361280e+01 -2.994378e+01  2.152709e-10
     vertex -5.606455e+00 -3.859492e+01  2.151054e-10
     vertex -1.368385e+01 -3.043285e+01  2.152617e-10
   endloop
 endfacet
 facet normal -5.293309e-16  1.903473e-14 -1.000000e+00
   outer loop
     vertex -1.716443e+01 -2.850079e+01  2.152997e-10
     vertex -1.745462e+01 -2.890083e+01  2.152923e-10
     vertex -2.978966e+01 -2.517094e+01  2.153698e-10
   endloop
 endfacet
 facet normal -5.442635e-16  1.847121e-14 -1.000000e+00
   outer loop
     vertex  4.606570e+00 -3.542092e+01  2.151596e-10
     vertex  3.792827e+00 -3.881513e+01  2.150973e-10
     vertex  4.129632e+00 -3.529145e+01  2.151622e-10
   endloop
 endfacet
 facet normal -5.187113e-16  1.907499e-14 -1.000000e+00
   outer loop
     vertex -1.678694e+01 -2.818183e+01  2.153056e-10
     vertex -1.716443e+01 -2.850079e+01  2.152997e-10
     vertex -2.978966e+01 -2.517094e+01  2.153698e-10
   endloop
 endfacet
 facet normal -6.735024e-16  1.848356e-14 -1.000000e+00
   outer loop
     vertex  3.697539e+00 -3.505159e+01  2.151669e-10
     vertex  4.129632e+00 -3.529145e+01  2.151622e-10
     vertex  3.792827e+00 -3.881513e+01  2.150973e-10
   endloop
 endfacet
 facet normal -4.259031e-16  1.844284e-14 -1.000000e+00
   outer loop
     vertex  5.100635e+00 -3.543250e+01  2.151591e-10
     vertex  3.792827e+00 -3.881513e+01  2.150973e-10
     vertex  4.606570e+00 -3.542092e+01  2.151596e-10
   endloop
 endfacet
 facet normal -4.239351e-16  1.852683e-14 -1.000000e+00
   outer loop
     vertex  3.335402e+00 -3.471530e+01  2.151735e-10
     vertex  3.792827e+00 -3.881513e+01  2.150973e-10
     vertex -5.606455e+00 -3.859492e+01  2.151054e-10
   endloop
 endfacet
 facet normal -8.523326e-16  1.847904e-14 -1.000000e+00
   outer loop
     vertex  3.335402e+00 -3.471530e+01  2.151735e-10
     vertex  3.697539e+00 -3.505159e+01  2.151669e-10
     vertex  3.792827e+00 -3.881513e+01  2.150973e-10
   endloop
 endfacet
 facet normal -2.896001e-16  1.839014e-14 -1.000000e+00
   outer loop
     vertex  5.583113e+00 -3.532550e+01  2.151610e-10
     vertex  3.792827e+00 -3.881513e+01  2.150973e-10
     vertex  5.100635e+00 -3.543250e+01  2.151591e-10
   endloop
 endfacet
 facet normal -5.650030e-16  1.885197e-14 -1.000000e+00
   outer loop
     vertex  3.064267e+00 -3.430212e+01  2.151814e-10
     vertex  3.335402e+00 -3.471530e+01  2.151735e-10
     vertex -5.606455e+00 -3.859492e+01  2.151054e-10
   endloop
 endfacet
 facet normal -8.388096e-17  1.828460e-14 -1.000000e+00
   outer loop
     vertex  6.025965e+00 -3.510615e+01  2.151649e-10
     vertex  3.792827e+00 -3.881513e+01  2.150973e-10
     vertex  5.583113e+00 -3.532550e+01  2.151610e-10
   endloop
 endfacet
 facet normal -5.843217e-16  1.889099e-14 -1.000000e+00
   outer loop
     vertex  2.899893e+00 -3.383606e+01  2.151903e-10
     vertex  3.064267e+00 -3.430212e+01  2.151814e-10
     vertex -5.606455e+00 -3.859492e+01  2.151054e-10
   endloop
 endfacet
 facet normal -2.196549e-16  1.872106e-14 -1.000000e+00
   outer loop
     vertex  1.297168e+01 -3.677955e+01  2.151321e-10
     vertex  6.025965e+00 -3.510615e+01  2.151649e-10
     vertex  6.403454e+00 -3.478718e+01  2.151708e-10
   endloop
 endfacet
 facet normal -2.942893e-16  1.841128e-14 -1.000000e+00
   outer loop
     vertex  1.297168e+01 -3.677955e+01  2.151321e-10
     vertex  3.792827e+00 -3.881513e+01  2.150973e-10
     vertex  6.025965e+00 -3.510615e+01  2.151649e-10
   endloop
 endfacet
 facet normal -6.073583e-16  1.893217e-14 -1.000000e+00
   outer loop
     vertex  2.851831e+00 -3.334420e+01  2.151996e-10
     vertex  2.899893e+00 -3.383606e+01  2.151903e-10
     vertex -5.606455e+00 -3.859492e+01  2.151054e-10
   endloop
 endfacet
 facet normal -1.975211e-16  1.879403e-14 -1.000000e+00
   outer loop
     vertex  6.693641e+00 -3.438715e+01  2.151783e-10
     vertex  1.297168e+01 -3.677955e+01  2.151321e-10
     vertex  6.403454e+00 -3.478718e+01  2.151708e-10
   endloop
 endfacet
 facet normal -4.561728e-16  1.871151e-14 -1.000000e+00
   outer loop
     vertex  2.922875e+00 -3.285513e+01  2.152089e-10
     vertex -5.606455e+00 -3.859492e+01  2.151054e-10
     vertex -1.361280e+01 -2.994378e+01  2.152709e-10
   endloop
 endfacet
 facet normal -6.394151e-16  1.898381e-14 -1.000000e+00
   outer loop
     vertex  2.922875e+00 -3.285513e+01  2.152089e-10
     vertex  2.851831e+00 -3.334420e+01  2.151996e-10
     vertex -5.606455e+00 -3.859492e+01  2.151054e-10
   endloop
 endfacet
 facet normal -1.747253e-16  1.885385e-14 -1.000000e+00
   outer loop
     vertex  6.879662e+00 -3.392930e+01  2.151869e-10
     vertex  1.297168e+01 -3.677955e+01  2.151321e-10
     vertex  6.693641e+00 -3.438715e+01  2.151783e-10
   endloop
 endfacet
 facet normal -4.139959e-16  1.895106e-14 -1.000000e+00
   outer loop
     vertex  3.108896e+00 -3.239728e+01  2.152175e-10
     vertex -1.361280e+01 -2.994378e+01  2.152709e-10
     vertex -1.366087e+01 -2.945192e+01  2.152802e-10
   endloop
 endfacet
 facet normal -4.139959e-16  1.895106e-14 -1.000000e+00
   outer loop
     vertex  3.108896e+00 -3.239728e+01  2.152175e-10
     vertex  2.922875e+00 -3.285513e+01  2.152089e-10
     vertex -1.361280e+01 -2.994378e+01  2.152709e-10
   endloop
 endfacet
 facet normal -1.473640e-16  1.891233e-14 -1.000000e+00
   outer loop
     vertex  6.950706e+00 -3.344023e+01  2.151961e-10
     vertex  1.297168e+01 -3.677955e+01  2.151321e-10
     vertex  6.879662e+00 -3.392930e+01  2.151869e-10
   endloop
 endfacet
 facet normal -4.139959e-16  1.895106e-14 -1.000000e+00
   outer loop
     vertex  3.399083e+00 -3.199725e+01  2.152249e-10
     vertex -1.366087e+01 -2.945192e+01  2.152802e-10
     vertex -1.382524e+01 -2.898586e+01  2.152891e-10
   endloop
 endfacet
 facet normal -4.139959e-16  1.895106e-14 -1.000000e+00
   outer loop
     vertex  3.399083e+00 -3.199725e+01  2.152249e-10
     vertex  3.108896e+00 -3.239728e+01  2.152175e-10
     vertex -1.366087e+01 -2.945192e+01  2.152802e-10
   endloop
 endfacet
 facet normal -1.093739e-16  1.898083e-14 -1.000000e+00
   outer loop
     vertex  6.902644e+00 -3.294837e+01  2.152055e-10
     vertex  1.297168e+01 -3.677955e+01  2.151321e-10
     vertex  6.950706e+00 -3.344023e+01  2.151961e-10
   endloop
 endfacet
 facet normal -4.630081e-17  1.908075e-14 -1.000000e+00
   outer loop
     vertex  6.738269e+00 -3.248231e+01  2.152144e-10
     vertex  1.297168e+01 -3.677955e+01  2.151321e-10
     vertex  6.902644e+00 -3.294837e+01  2.152055e-10
   endloop
 endfacet
 facet normal -8.254858e-16  1.868104e-14 -1.000000e+00
   outer loop
     vertex -3.101495e+01 -1.687938e+01  2.155257e-10
     vertex -2.978966e+01 -2.517094e+01  2.153698e-10
     vertex -3.494782e+01 -1.731039e+01  2.155209e-10
   endloop
 endfacet
 facet normal -4.731663e-16  1.873310e-14 -1.000000e+00
   outer loop
     vertex -3.053801e+01 -1.700885e+01  2.155230e-10
     vertex -2.978966e+01 -2.517094e+01  2.153698e-10
     vertex -3.101495e+01 -1.687938e+01  2.155257e-10
   endloop
 endfacet
 facet normal -7.823534e-16  1.828747e-14 -1.000000e+00
   outer loop
     vertex -3.144704e+01 -1.663952e+01  2.155304e-10
     vertex -3.101495e+01 -1.687938e+01  2.155257e-10
     vertex -3.494782e+01 -1.731039e+01  2.155209e-10
   endloop
 endfacet
 facet normal -4.189861e-16  1.873807e-14 -1.000000e+00
   outer loop
     vertex -3.004394e+01 -1.702043e+01  2.155226e-10
     vertex -2.978966e+01 -2.517094e+01  2.153698e-10
     vertex -3.053801e+01 -1.700885e+01  2.155230e-10
   endloop
 endfacet
 facet normal -8.247549e-16  1.850873e-14 -1.000000e+00
   outer loop
     vertex -3.180918e+01 -1.630323e+01  2.155369e-10
     vertex -3.144704e+01 -1.663952e+01  2.155304e-10
     vertex -3.494782e+01 -1.731039e+01  2.155209e-10
   endloop
 endfacet
 facet normal -3.671200e-16  1.873969e-14 -1.000000e+00
   outer loop
     vertex -2.956146e+01 -1.691343e+01  2.155244e-10
     vertex -2.978966e+01 -2.517094e+01  2.153698e-10
     vertex -3.004394e+01 -1.702043e+01  2.155226e-10
   endloop
 endfacet
 facet normal -8.705557e-16  1.865147e-14 -1.000000e+00
   outer loop
     vertex -3.208031e+01 -1.589005e+01  2.155449e-10
     vertex -3.180918e+01 -1.630323e+01  2.155369e-10
     vertex -3.494782e+01 -1.731039e+01  2.155209e-10
   endloop
 endfacet
 facet normal -3.084957e-16  1.873807e-14 -1.000000e+00
   outer loop
     vertex -2.911861e+01 -1.669408e+01  2.155284e-10
     vertex -2.978966e+01 -2.517094e+01  2.153698e-10
     vertex -2.956146e+01 -1.691343e+01  2.155244e-10
   endloop
 endfacet
 facet normal -9.289876e-16  1.876943e-14 -1.000000e+00
   outer loop
     vertex -3.224468e+01 -1.542399e+01  2.155538e-10
     vertex -3.208031e+01 -1.589005e+01  2.155449e-10
     vertex -3.494782e+01 -1.731039e+01  2.155209e-10
   endloop
 endfacet
 facet normal -5.882661e-16  1.877462e-14 -1.000000e+00
   outer loop
     vertex -2.874112e+01 -1.637511e+01  2.155343e-10
     vertex -1.678694e+01 -2.818183e+01  2.153056e-10
     vertex -2.978966e+01 -2.517094e+01  2.153698e-10
   endloop
 endfacet
 facet normal -2.286875e-16  1.873175e-14 -1.000000e+00
   outer loop
     vertex -2.874112e+01 -1.637511e+01  2.155343e-10
     vertex -2.978966e+01 -2.517094e+01  2.153698e-10
     vertex -2.911861e+01 -1.669408e+01  2.155284e-10
   endloop
 endfacet
 facet normal -1.014772e-15  1.889236e-14 -1.000000e+00
   outer loop
     vertex -3.229275e+01 -1.493213e+01  2.155631e-10
     vertex -3.224468e+01 -1.542399e+01  2.155538e-10
     vertex -3.494782e+01 -1.731039e+01  2.155209e-10
   endloop
 endfacet
 facet normal -4.139959e-16  1.895106e-14 -1.000000e+00
   outer loop
     vertex -2.845094e+01 -1.597508e+01  2.155418e-10
     vertex -1.634409e+01 -2.796248e+01  2.153096e-10
     vertex -1.678694e+01 -2.818183e+01  2.153056e-10
   endloop
 endfacet
 facet normal -4.139959e-16  1.895106e-14 -1.000000e+00
   outer loop
     vertex -2.845094e+01 -1.597508e+01  2.155418e-10
     vertex -1.678694e+01 -2.818183e+01  2.153056e-10
     vertex -2.874112e+01 -1.637511e+01  2.155343e-10
   endloop
 endfacet
 facet normal -2.976425e-16  1.871616e-14 -1.000000e+00
   outer loop
     vertex  2.139667e+01 -3.260648e+01  2.152077e-10
     vertex  1.297168e+01 -3.677955e+01  2.151321e-10
     vertex  6.738269e+00 -3.248231e+01  2.152144e-10
   endloop
 endfacet
 facet normal -1.165088e-15  1.906017e-14 -1.000000e+00
   outer loop
     vertex -3.222170e+01 -1.444306e+01  2.155724e-10
     vertex -3.229275e+01 -1.493213e+01  2.155631e-10
     vertex -3.494782e+01 -1.731039e+01  2.155209e-10
   endloop
 endfacet
 facet normal -4.139959e-16  1.895106e-14 -1.000000e+00
   outer loop
     vertex -2.826492e+01 -1.551723e+01  2.155504e-10
     vertex -1.586161e+01 -2.785548e+01  2.153114e-10
     vertex -1.634409e+01 -2.796248e+01  2.153096e-10
   endloop
 endfacet
 facet normal -4.139959e-16  1.895106e-14 -1.000000e+00
   outer loop
     vertex -2.826492e+01 -1.551723e+01  2.155504e-10
     vertex -1.634409e+01 -2.796248e+01  2.153096e-10
     vertex -2.845094e+01 -1.597508e+01  2.155418e-10
   endloop
 endfacet
 facet normal -4.779302e-16  1.923936e-14 -1.000000e+00
   outer loop
     vertex -3.803837e+01 -8.607124e+00  2.156871e-10
     vertex -3.044268e+01 -1.293986e+01  2.156001e-10
     vertex -3.092515e+01 -1.304686e+01  2.155983e-10
   endloop
 endfacet
 facet normal -5.218998e-16  1.916891e-14 -1.000000e+00
   outer loop
     vertex -3.803837e+01 -8.607124e+00  2.156871e-10
     vertex -3.092515e+01 -1.304686e+01  2.155983e-10
     vertex -3.136801e+01 -1.326622e+01  2.155943e-10
   endloop
 endfacet
 facet normal -5.563688e-16  1.911956e-14 -1.000000e+00
   outer loop
     vertex -3.803837e+01 -8.607124e+00  2.156871e-10
     vertex -3.136801e+01 -1.326622e+01  2.155943e-10
     vertex -3.174549e+01 -1.358518e+01  2.155884e-10
   endloop
 endfacet
 facet normal -5.891497e-16  1.907812e-14 -1.000000e+00
   outer loop
     vertex -3.803837e+01 -8.607124e+00  2.156871e-10
     vertex -3.174549e+01 -1.358518e+01  2.155884e-10
     vertex -3.203568e+01 -1.398521e+01  2.155810e-10
   endloop
 endfacet
 facet normal -6.258643e-16  1.903714e-14 -1.000000e+00
   outer loop
     vertex -3.803837e+01 -8.607124e+00  2.156871e-10
     vertex -3.203568e+01 -1.398521e+01  2.155810e-10
     vertex -3.222170e+01 -1.444306e+01  2.155724e-10
   endloop
 endfacet
 facet normal -8.772913e-16  1.878655e-14 -1.000000e+00
   outer loop
     vertex -3.803837e+01 -8.607124e+00  2.156871e-10
     vertex -3.222170e+01 -1.444306e+01  2.155724e-10
     vertex -3.494782e+01 -1.731039e+01  2.155209e-10
   endloop
 endfacet
 facet normal -4.816592e-16  1.870182e-14 -1.000000e+00
   outer loop
     vertex  2.329796e+01 -2.616268e+01  2.153273e-10
     vertex  2.139667e+01 -3.260648e+01  2.152077e-10
     vertex  2.282103e+01 -2.603321e+01  2.153299e-10
   endloop
 endfacet
 facet normal -5.447600e-16  1.871549e-14 -1.000000e+00
   outer loop
     vertex  2.238893e+01 -2.579335e+01  2.153346e-10
     vertex  2.282103e+01 -2.603321e+01  2.153299e-10
     vertex  2.139667e+01 -3.260648e+01  2.152077e-10
   endloop
 endfacet
 facet normal -4.202599e-16  1.868370e-14 -1.000000e+00
   outer loop
     vertex  2.379203e+01 -2.617426e+01  2.153268e-10
     vertex  2.139667e+01 -3.260648e+01  2.152077e-10
     vertex  2.329796e+01 -2.616268e+01  2.153273e-10
   endloop
 endfacet
 facet normal -6.222702e-16  1.872678e-14 -1.000000e+00
   outer loop
     vertex  2.202679e+01 -2.545706e+01  2.153412e-10
     vertex  2.238893e+01 -2.579335e+01  2.153346e-10
     vertex  2.139667e+01 -3.260648e+01  2.152077e-10
   endloop
 endfacet
 facet normal -3.488025e-16  1.865709e-14 -1.000000e+00
   outer loop
     vertex  2.427451e+01 -2.606726e+01  2.153287e-10
     vertex  2.139667e+01 -3.260648e+01  2.152077e-10
     vertex  2.379203e+01 -2.617426e+01  2.153268e-10
   endloop
 endfacet
 facet normal -7.399717e-16  1.873716e-14 -1.000000e+00
   outer loop
     vertex  2.175566e+01 -2.504388e+01  2.153491e-10
     vertex  2.202679e+01 -2.545706e+01  2.153412e-10
     vertex  2.139667e+01 -3.260648e+01  2.152077e-10
   endloop
 endfacet
 facet normal -2.976425e-16  1.871616e-14 -1.000000e+00
   outer loop
     vertex  2.175566e+01 -2.504388e+01  2.153491e-10
     vertex  2.139667e+01 -3.260648e+01  2.152077e-10
     vertex  6.738269e+00 -3.248231e+01  2.152144e-10
   endloop
 endfacet
 facet normal -4.139959e-16  1.895106e-14 -1.000000e+00
   outer loop
     vertex  2.175566e+01 -2.504388e+01  2.153491e-10
     vertex  6.738269e+00 -3.248231e+01  2.152144e-10
     vertex  6.467135e+00 -3.206913e+01  2.152223e-10
   endloop
 endfacet
 facet normal -4.139959e-16  1.895106e-14 -1.000000e+00
   outer loop
     vertex  2.159129e+01 -2.457782e+01  2.153580e-10
     vertex  2.175566e+01 -2.504388e+01  2.153491e-10
     vertex  6.467135e+00 -3.206913e+01  2.152223e-10
   endloop
 endfacet
 facet normal -4.139959e-16  1.895106e-14 -1.000000e+00
   outer loop
     vertex  2.159129e+01 -2.457782e+01  2.153580e-10
     vertex  6.467135e+00 -3.206913e+01  2.152223e-10
     vertex  6.104998e+00 -3.173284e+01  2.152288e-10
   endloop
 endfacet
 facet normal -5.715161e-17  1.852874e-14 -1.000000e+00
   outer loop
     vertex  2.857817e+01 -2.653843e+01  2.153197e-10
     vertex  2.139667e+01 -3.260648e+01  2.152077e-10
     vertex  2.427451e+01 -2.606726e+01  2.153287e-10
   endloop
 endfacet
 facet normal -8.388096e-17  1.828460e-14 -1.000000e+00
   outer loop
     vertex  2.857817e+01 -2.653843e+01  2.153197e-10
     vertex  2.427451e+01 -2.606726e+01  2.153287e-10
     vertex  2.471736e+01 -2.584791e+01  2.153326e-10
   endloop
 endfacet
 facet normal -4.317332e-17  1.851220e-14 -1.000000e+00
   outer loop
     vertex  2.857817e+01 -2.653843e+01  2.153197e-10
     vertex  2.471736e+01 -2.584791e+01  2.153326e-10
     vertex  2.509485e+01 -2.552895e+01  2.153385e-10
   endloop
 endfacet
 facet normal -4.139959e-16  1.895106e-14 -1.000000e+00
   outer loop
     vertex  2.154322e+01 -2.408596e+01  2.153674e-10
     vertex  2.159129e+01 -2.457782e+01  2.153580e-10
     vertex  6.104998e+00 -3.173284e+01  2.152288e-10
   endloop
 endfacet
 facet normal -2.496060e-18  1.865256e-14 -1.000000e+00
   outer loop
     vertex  2.538503e+01 -2.512891e+01  2.153460e-10
     vertex  2.857817e+01 -2.653843e+01  2.153197e-10
     vertex  2.509485e+01 -2.552895e+01  2.153385e-10
   endloop
 endfacet
 facet normal  4.665571e-17  1.876391e-14 -1.000000e+00
   outer loop
     vertex  2.557106e+01 -2.467106e+01  2.153546e-10
     vertex  2.857817e+01 -2.653843e+01  2.153197e-10
     vertex  2.538503e+01 -2.512891e+01  2.153460e-10
   endloop
 endfacet
 facet normal  1.151457e-16  1.887420e-14 -1.000000e+00
   outer loop
     vertex  2.564210e+01 -2.418199e+01  2.153638e-10
     vertex  2.857817e+01 -2.653843e+01  2.153197e-10
     vertex  2.557106e+01 -2.467106e+01  2.153546e-10
   endloop
 endfacet
 facet normal  2.271156e-16  1.901371e-14 -1.000000e+00
   outer loop
     vertex  2.559404e+01 -2.369013e+01  2.153732e-10
     vertex  2.857817e+01 -2.653843e+01  2.153197e-10
     vertex  2.564210e+01 -2.418199e+01  2.153638e-10
   endloop
 endfacet
 facet normal -4.139959e-16  1.895106e-14 -1.000000e+00
   outer loop
     vertex -1.156973e+01 -9.097784e+00  2.156651e-10
     vertex -1.536754e+01 -2.786706e+01  2.153110e-10
     vertex -1.586161e+01 -2.785548e+01  2.153114e-10
   endloop
 endfacet
 facet normal -4.139959e-16  1.895106e-14 -1.000000e+00
   outer loop
     vertex  3.169762e+00 -1.407244e+01  2.155647e-10
     vertex  4.219424e+00 -3.145893e+01  2.152348e-10
     vertex  3.776572e+00 -3.167829e+01  2.152308e-10
   endloop
 endfacet
 facet normal -4.139959e-16  1.895106e-14 -1.000000e+00
   outer loop
     vertex -1.051116e+01 -9.385158e+00  2.156592e-10
     vertex -1.489061e+01 -2.799653e+01  2.153083e-10
     vertex -1.536754e+01 -2.786706e+01  2.153110e-10
   endloop
 endfacet
 facet normal -4.139959e-16  1.895106e-14 -1.000000e+00
   outer loop
     vertex -1.051116e+01 -9.385158e+00  2.156592e-10
     vertex -1.536754e+01 -2.786706e+01  2.153110e-10
     vertex -1.156973e+01 -9.097784e+00  2.156651e-10
   endloop
 endfacet
 facet normal -4.139959e-16  1.895106e-14 -1.000000e+00
   outer loop
     vertex  4.228331e+00 -1.435982e+01  2.155588e-10
     vertex  4.219424e+00 -3.145893e+01  2.152348e-10
     vertex  3.169762e+00 -1.407244e+01  2.155647e-10
   endloop
 endfacet
 facet normal -4.139959e-16  1.895106e-14 -1.000000e+00
   outer loop
     vertex  4.228331e+00 -1.435982e+01  2.155588e-10
     vertex  4.701902e+00 -3.135193e+01  2.152366e-10
     vertex  4.219424e+00 -3.145893e+01  2.152348e-10
   endloop
 endfacet
 facet normal -4.139959e-16  1.895106e-14 -1.000000e+00
   outer loop
     vertex -1.252877e+01 -8.565427e+00  2.156756e-10
     vertex -2.826492e+01 -1.551723e+01  2.155504e-10
     vertex -2.819387e+01 -1.502816e+01  2.155596e-10
   endloop
 endfacet
 facet normal -4.139959e-16  1.895106e-14 -1.000000e+00
   outer loop
     vertex -1.252877e+01 -8.565427e+00  2.156756e-10
     vertex -1.586161e+01 -2.785548e+01  2.153114e-10
     vertex -2.826492e+01 -1.551723e+01  2.155504e-10
   endloop
 endfacet
 facet normal -4.139959e-16  1.895106e-14 -1.000000e+00
   outer loop
     vertex -1.252877e+01 -8.565427e+00  2.156756e-10
     vertex -1.156973e+01 -9.097784e+00  2.156651e-10
     vertex -1.586161e+01 -2.785548e+01  2.153114e-10
   endloop
 endfacet
 facet normal -4.139959e-16  1.895106e-14 -1.000000e+00
   outer loop
     vertex  2.210725e+00 -1.354009e+01  2.155752e-10
     vertex -1.382524e+01 -2.898586e+01  2.152891e-10
     vertex -1.409638e+01 -2.857268e+01  2.152971e-10
   endloop
 endfacet
 facet normal -4.139959e-16  1.895106e-14 -1.000000e+00
   outer loop
     vertex  2.210725e+00 -1.354009e+01  2.155752e-10
     vertex  3.399083e+00 -3.199725e+01  2.152249e-10
     vertex -1.382524e+01 -2.898586e+01  2.152891e-10
   endloop
 endfacet
 facet normal -4.139959e-16  1.895106e-14 -1.000000e+00
   outer loop
     vertex  2.210725e+00 -1.354009e+01  2.155752e-10
     vertex  3.169762e+00 -1.407244e+01  2.155647e-10
     vertex  3.776572e+00 -3.167829e+01  2.152308e-10
   endloop
 endfacet
 facet normal -4.139959e-16  1.895106e-14 -1.000000e+00
   outer loop
     vertex  2.210725e+00 -1.354009e+01  2.155752e-10
     vertex  3.776572e+00 -3.167829e+01  2.152308e-10
     vertex  3.399083e+00 -3.199725e+01  2.152249e-10
   endloop
 endfacet
 facet normal -4.139959e-16  1.895106e-14 -1.000000e+00
   outer loop
     vertex -9.414582e+00 -9.410850e+00  2.156583e-10
     vertex -1.445851e+01 -2.823639e+01  2.153036e-10
     vertex -1.489061e+01 -2.799653e+01  2.153083e-10
   endloop
 endfacet
 facet normal -4.139959e-16  1.895106e-14 -1.000000e+00
   outer loop
     vertex -9.414582e+00 -9.410850e+00  2.156583e-10
     vertex -1.489061e+01 -2.799653e+01  2.153083e-10
     vertex -1.051116e+01 -9.385158e+00  2.156592e-10
   endloop
 endfacet
 facet normal -4.139959e-16  1.895106e-14 -1.000000e+00
   outer loop
     vertex  5.324914e+00 -1.438551e+01  2.155579e-10
     vertex  4.701902e+00 -3.135193e+01  2.152366e-10
     vertex  4.228331e+00 -1.435982e+01  2.155588e-10
   endloop
 endfacet
 facet normal -4.139959e-16  1.895106e-14 -1.000000e+00
   outer loop
     vertex  5.324914e+00 -1.438551e+01  2.155579e-10
     vertex  5.672905e+00 -3.149298e+01  2.152336e-10
     vertex  5.195967e+00 -3.136351e+01  2.152362e-10
   endloop
 endfacet
 facet normal -4.139959e-16  1.895106e-14 -1.000000e+00
   outer loop
     vertex  5.324914e+00 -1.438551e+01  2.155579e-10
     vertex  5.195967e+00 -3.136351e+01  2.152362e-10
     vertex  4.701902e+00 -3.135193e+01  2.152366e-10
   endloop
 endfacet
 facet normal -4.139959e-16  1.895106e-14 -1.000000e+00
   outer loop
     vertex -1.333254e+01 -7.819028e+00  2.156901e-10
     vertex -2.819387e+01 -1.502816e+01  2.155596e-10
     vertex -2.824193e+01 -1.453630e+01  2.155689e-10
   endloop
 endfacet
 facet normal -4.139959e-16  1.895106e-14 -1.000000e+00
   outer loop
     vertex -1.333254e+01 -7.819028e+00  2.156901e-10
     vertex -1.252877e+01 -8.565427e+00  2.156756e-10
     vertex -2.819387e+01 -1.502816e+01  2.155596e-10
   endloop
 endfacet
 facet normal -4.139959e-16  1.895106e-14 -1.000000e+00
   outer loop
     vertex  1.406958e+00 -1.279369e+01  2.155897e-10
     vertex -1.409638e+01 -2.857268e+01  2.152971e-10
     vertex -1.445851e+01 -2.823639e+01  2.153036e-10
   endloop
 endfacet
 facet normal -4.139959e-16  1.895106e-14 -1.000000e+00
   outer loop
     vertex  1.406958e+00 -1.279369e+01  2.155897e-10
     vertex  2.210725e+00 -1.354009e+01  2.155752e-10
     vertex -1.409638e+01 -2.857268e+01  2.152971e-10
   endloop
 endfacet
 facet normal -4.139959e-16  1.895106e-14 -1.000000e+00
   outer loop
     vertex  1.406958e+00 -1.279369e+01  2.155897e-10
     vertex -1.445851e+01 -2.823639e+01  2.153036e-10
     vertex -9.414582e+00 -9.410850e+00  2.156583e-10
   endloop
 endfacet
 facet normal -4.139959e-16  1.895106e-14 -1.000000e+00
   outer loop
     vertex -8.343715e+00 -9.173365e+00  2.156623e-10
     vertex  1.406958e+00 -1.279369e+01  2.155897e-10
     vertex -9.414582e+00 -9.410850e+00  2.156583e-10
   endloop
 endfacet
 facet normal -4.139959e-16  1.895106e-14 -1.000000e+00
   outer loop
     vertex  6.395781e+00 -1.414803e+01  2.155620e-10
     vertex  6.104998e+00 -3.173284e+01  2.152288e-10
     vertex  5.672905e+00 -3.149298e+01  2.152336e-10
   endloop
 endfacet
 facet normal -4.139959e-16  1.895106e-14 -1.000000e+00
   outer loop
     vertex  6.395781e+00 -1.414803e+01  2.155620e-10
     vertex  5.672905e+00 -3.149298e+01  2.152336e-10
     vertex  5.324914e+00 -1.438551e+01  2.155579e-10
   endloop
 endfacet
 facet normal -4.139959e-16  1.895106e-14 -1.000000e+00
   outer loop
     vertex -1.393432e+01 -6.901963e+00  2.157077e-10
     vertex -2.824193e+01 -1.453630e+01  2.155689e-10
     vertex -2.840631e+01 -1.407024e+01  2.155778e-10
   endloop
 endfacet
 facet normal -4.139959e-16  1.895106e-14 -1.000000e+00
   outer loop
     vertex -1.393432e+01 -6.901963e+00  2.157077e-10
     vertex -2.840631e+01 -1.407024e+01  2.155778e-10
     vertex -2.867744e+01 -1.365706e+01  2.155858e-10
   endloop
 endfacet
 facet normal -4.139959e-16  1.895106e-14 -1.000000e+00
   outer loop
     vertex -1.393432e+01 -6.901963e+00  2.157077e-10
     vertex -1.333254e+01 -7.819028e+00  2.156901e-10
     vertex -2.824193e+01 -1.453630e+01  2.155689e-10
   endloop
 endfacet
 facet normal -4.139959e-16  1.895106e-14 -1.000000e+00
   outer loop
     vertex  8.051716e-01 -1.187662e+01  2.156073e-10
     vertex  1.406958e+00 -1.279369e+01  2.155897e-10
     vertex -8.343715e+00 -9.173365e+00  2.156623e-10
   endloop
 endfacet
 facet normal -4.139959e-16  1.895106e-14 -1.000000e+00
   outer loop
     vertex -7.360800e+00 -8.686507e+00  2.156712e-10
     vertex  8.051716e-01 -1.187662e+01  2.156073e-10
     vertex -8.343715e+00 -9.173365e+00  2.156623e-10
   endloop
 endfacet
 facet normal -4.139959e-16  1.895106e-14 -1.000000e+00
   outer loop
     vertex  7.378696e+00 -1.366117e+01  2.155708e-10
     vertex  2.154322e+01 -2.408596e+01  2.153674e-10
     vertex  6.104998e+00 -3.173284e+01  2.152288e-10
   endloop
 endfacet
 facet normal -4.139959e-16  1.895106e-14 -1.000000e+00
   outer loop
     vertex  7.378696e+00 -1.366117e+01  2.155708e-10
     vertex  6.104998e+00 -3.173284e+01  2.152288e-10
     vertex  6.395781e+00 -1.414803e+01  2.155620e-10
   endloop
 endfacet
 facet normal -4.139959e-16  1.895106e-14 -1.000000e+00
   outer loop
     vertex  7.378696e+00 -1.366117e+01  2.155708e-10
     vertex  2.161427e+01 -2.359689e+01  2.153766e-10
     vertex  2.154322e+01 -2.408596e+01  2.153674e-10
   endloop
 endfacet
 facet normal -4.139959e-16  1.895106e-14 -1.000000e+00
   outer loop
     vertex -1.429916e+01 -5.867530e+00  2.157275e-10
     vertex -1.393432e+01 -6.901963e+00  2.157077e-10
     vertex -2.867744e+01 -1.365706e+01  2.155858e-10
   endloop
 endfacet
 facet normal -4.139959e-16  1.895106e-14 -1.000000e+00
   outer loop
     vertex -1.429916e+01 -5.867530e+00  2.157275e-10
     vertex -2.867744e+01 -1.365706e+01  2.155858e-10
     vertex -2.903958e+01 -1.332077e+01  2.155923e-10
   endloop
 endfacet
 facet normal -4.139959e-16  1.895106e-14 -1.000000e+00
   outer loop
     vertex  4.403401e-01 -1.084219e+01  2.156271e-10
     vertex  8.051716e-01 -1.187662e+01  2.156073e-10
     vertex -7.360800e+00 -8.686507e+00  2.156712e-10
   endloop
 endfacet
 facet normal -4.139959e-16  1.895106e-14 -1.000000e+00
   outer loop
     vertex -6.522959e+00 -7.978568e+00  2.156842e-10
     vertex  4.403401e-01 -1.084219e+01  2.156271e-10
     vertex -7.360800e+00 -8.686507e+00  2.156712e-10
   endloop
 endfacet
 facet normal -4.139959e-16  1.895106e-14 -1.000000e+00
   outer loop
     vertex  8.216537e+00 -1.295323e+01  2.155838e-10
     vertex  2.161427e+01 -2.359689e+01  2.153766e-10
     vertex  7.378696e+00 -1.366117e+01  2.155708e-10
   endloop
 endfacet
 facet normal -4.139959e-16  1.895106e-14 -1.000000e+00
   outer loop
     vertex  8.216537e+00 -1.295323e+01  2.155838e-10
     vertex  2.209048e+01 -2.273901e+01  2.153927e-10
     vertex  2.180029e+01 -2.313904e+01  2.153852e-10
   endloop
 endfacet
 facet normal -4.139959e-16  1.895106e-14 -1.000000e+00
   outer loop
     vertex  8.216537e+00 -1.295323e+01  2.155838e-10
     vertex  2.180029e+01 -2.313904e+01  2.153852e-10
     vertex  2.161427e+01 -2.359689e+01  2.153766e-10
   endloop
 endfacet
 facet normal -4.139959e-16  1.895106e-14 -1.000000e+00
   outer loop
     vertex -1.440583e+01 -4.775846e+00  2.157482e-10
     vertex -2.903958e+01 -1.332077e+01  2.155923e-10
     vertex -2.947167e+01 -1.308091e+01  2.155970e-10
   endloop
 endfacet
 facet normal -4.139959e-16  1.895106e-14 -1.000000e+00
   outer loop
     vertex -1.440583e+01 -4.775846e+00  2.157482e-10
     vertex -1.429916e+01 -5.867530e+00  2.157275e-10
     vertex -2.903958e+01 -1.332077e+01  2.155923e-10
   endloop
 endfacet
 facet normal -4.139959e-16  1.895106e-14 -1.000000e+00
   outer loop
     vertex  3.336660e-01 -9.750507e+00  2.156478e-10
     vertex  4.403401e-01 -1.084219e+01  2.156271e-10
     vertex -6.522959e+00 -7.978568e+00  2.156842e-10
   endloop
 endfacet
 facet normal -4.139959e-16  1.895106e-14 -1.000000e+00
   outer loop
     vertex -5.878885e+00 -7.090693e+00  2.157008e-10
     vertex  3.336660e-01 -9.750507e+00  2.156478e-10
     vertex -6.522959e+00 -7.978568e+00  2.156842e-10
   endloop
 endfacet
 facet normal -4.139959e-16  1.895106e-14 -1.000000e+00
   outer loop
     vertex  8.860611e+00 -1.206535e+01  2.156004e-10
     vertex  2.209048e+01 -2.273901e+01  2.153927e-10
     vertex  8.216537e+00 -1.295323e+01  2.155838e-10
   endloop
 endfacet
 facet normal -4.139959e-16  1.895106e-14 -1.000000e+00
   outer loop
     vertex  8.860611e+00 -1.206535e+01  2.156004e-10
     vertex  2.246796e+01 -2.242005e+01  2.153985e-10
     vertex  2.209048e+01 -2.273901e+01  2.153927e-10
   endloop
 endfacet
 facet normal -4.139959e-16  1.895106e-14 -1.000000e+00
   outer loop
     vertex  9.273487e+00 -1.104914e+01  2.156195e-10
     vertex  2.246796e+01 -2.242005e+01  2.153985e-10
     vertex  8.860611e+00 -1.206535e+01  2.156004e-10
   endloop
 endfacet
 facet normal -4.139959e-16  1.895106e-14 -1.000000e+00
   outer loop
     vertex  9.273487e+00 -1.104914e+01  2.156195e-10
     vertex  2.291082e+01 -2.220069e+01  2.154025e-10
     vertex  2.246796e+01 -2.242005e+01  2.153985e-10
   endloop
 endfacet
 facet normal -5.181029e-16  1.856758e-14 -1.000000e+00
   outer loop
     vertex -3.356716e+01  3.628672e+00  2.159154e-10
     vertex -3.899570e+01  5.788327e-01  2.158616e-10
     vertex -3.404410e+01  3.758148e+00  2.159180e-10
   endloop
 endfacet
 facet normal -5.764365e-16  1.865843e-14 -1.000000e+00
   outer loop
     vertex -3.447619e+01  3.998001e+00  2.159228e-10
     vertex -3.404410e+01  3.758148e+00  2.159180e-10
     vertex -3.899570e+01  5.788327e-01  2.158616e-10
   endloop
 endfacet
 facet normal -6.920298e-16  1.892209e-14 -1.000000e+00
   outer loop
     vertex -3.307309e+01  3.617096e+00  2.159150e-10
     vertex -3.803837e+01 -8.607124e+00  2.156871e-10
     vertex -3.899570e+01  5.788327e-01  2.158616e-10
   endloop
 endfacet
 facet normal -4.267886e-16  1.840504e-14 -1.000000e+00
   outer loop
     vertex -3.307309e+01  3.617096e+00  2.159150e-10
     vertex -3.899570e+01  5.788327e-01  2.158616e-10
     vertex -3.356716e+01  3.628672e+00  2.159154e-10
   endloop
 endfacet
 facet normal -6.255094e-16  1.872329e-14 -1.000000e+00
   outer loop
     vertex -3.483833e+01  4.334291e+00  2.159293e-10
     vertex -3.447619e+01  3.998001e+00  2.159228e-10
     vertex -3.899570e+01  5.788327e-01  2.158616e-10
   endloop
 endfacet
 facet normal -2.436625e-16  1.901114e-14 -1.000000e+00
   outer loop
     vertex  3.409880e+01 -1.892807e+01  2.154616e-10
     vertex  2.559404e+01 -2.369013e+01  2.153732e-10
     vertex  2.542966e+01 -2.322407e+01  2.153821e-10
   endloop
 endfacet
 facet normal -7.050764e-17  1.870189e-14 -1.000000e+00
   outer loop
     vertex  3.409880e+01 -1.892807e+01  2.154616e-10
     vertex  2.857817e+01 -2.653843e+01  2.153197e-10
     vertex  2.559404e+01 -2.369013e+01  2.153732e-10
   endloop
 endfacet
 facet normal -2.629956e-16  1.905015e-14 -1.000000e+00
   outer loop
     vertex  3.409880e+01 -1.892807e+01  2.154616e-10
     vertex  2.542966e+01 -2.322407e+01  2.153821e-10
     vertex  2.515853e+01 -2.281089e+01  2.153900e-10
   endloop
 endfacet
 facet normal -2.817914e-16  1.909343e-14 -1.000000e+00
   outer loop
     vertex  3.409880e+01 -1.892807e+01  2.154616e-10
     vertex  2.515853e+01 -2.281089e+01  2.153900e-10
     vertex  2.479639e+01 -2.247460e+01  2.153965e-10
   endloop
 endfacet
 facet normal -3.034438e-16  1.915022e-14 -1.000000e+00
   outer loop
     vertex  3.409880e+01 -1.892807e+01  2.154616e-10
     vertex  2.479639e+01 -2.247460e+01  2.153965e-10
     vertex  2.436430e+01 -2.223475e+01  2.154013e-10
   endloop
 endfacet
 facet normal -6.605031e-16  1.891929e-14 -1.000000e+00
   outer loop
     vertex -3.259061e+01  3.724095e+00  2.159168e-10
     vertex -3.044268e+01 -1.293986e+01  2.156001e-10
     vertex -3.803837e+01 -8.607124e+00  2.156871e-10
   endloop
 endfacet
 facet normal -3.794096e-16  1.879511e-14 -1.000000e+00
   outer loop
     vertex -3.259061e+01  3.724095e+00  2.159168e-10
     vertex -3.803837e+01 -8.607124e+00  2.156871e-10
     vertex -3.307309e+01  3.617096e+00  2.159150e-10
   endloop
 endfacet
 facet normal -4.139959e-16  1.895106e-14 -1.000000e+00
   outer loop
     vertex -3.259061e+01  3.724095e+00  2.159168e-10
     vertex -2.994861e+01 -1.295144e+01  2.155997e-10
     vertex -3.044268e+01 -1.293986e+01  2.156001e-10
   endloop
 endfacet
 facet normal -6.759697e-16  1.877915e-14 -1.000000e+00
   outer loop
     vertex -3.510946e+01  4.747474e+00  2.159372e-10
     vertex -3.483833e+01  4.334291e+00  2.159293e-10
     vertex -3.899570e+01  5.788327e-01  2.158616e-10
   endloop
 endfacet
 facet normal -4.139959e-16  1.895106e-14 -1.000000e+00
   outer loop
     vertex -3.214776e+01  3.943449e+00  2.159208e-10
     vertex -2.947167e+01 -1.308091e+01  2.155970e-10
     vertex -2.994861e+01 -1.295144e+01  2.155997e-10
   endloop
 endfacet
 facet normal -4.139959e-16  1.895106e-14 -1.000000e+00
   outer loop
     vertex -3.214776e+01  3.943449e+00  2.159208e-10
     vertex -2.994861e+01 -1.295144e+01  2.155997e-10
     vertex -3.259061e+01  3.724095e+00  2.159168e-10
   endloop
 endfacet
 facet normal -4.139959e-16  1.895106e-14 -1.000000e+00
   outer loop
     vertex  9.431170e+00 -9.963650e+00  2.156400e-10
     vertex  2.291082e+01 -2.220069e+01  2.154025e-10
     vertex  9.273487e+00 -1.104914e+01  2.156195e-10
   endloop
 endfacet
 facet normal -4.139959e-16  1.895106e-14 -1.000000e+00
   outer loop
     vertex  9.431170e+00 -9.963650e+00  2.156400e-10
     vertex  2.339329e+01 -2.209369e+01  2.154043e-10
     vertex  2.291082e+01 -2.220069e+01  2.154025e-10
   endloop
 endfacet
 facet normal -7.378516e-16  1.883684e-14 -1.000000e+00
   outer loop
     vertex -3.527384e+01  5.213537e+00  2.159461e-10
     vertex -3.510946e+01  4.747474e+00  2.159372e-10
     vertex -3.899570e+01  5.788327e-01  2.158616e-10
   endloop
 endfacet
 facet normal -1.497009e-16  1.956838e-14 -1.000000e+00
   outer loop
     vertex -2.352550e+00 -5.790338e+00  2.157257e-10
     vertex  3.336660e-01 -9.750507e+00  2.156478e-10
     vertex -5.878885e+00 -7.090693e+00  2.157008e-10
   endloop
 endfacet
 facet normal -9.458773e-16  1.902833e-14 -1.000000e+00
   outer loop
     vertex -2.352550e+00 -5.790338e+00  2.157257e-10
     vertex  4.913488e-01 -8.665016e+00  2.156683e-10
     vertex  3.336660e-01 -9.750507e+00  2.156478e-10
   endloop
 endfacet
 facet normal  1.646279e-16  1.871598e-14 -1.000000e+00
   outer loop
     vertex -2.352550e+00 -5.790338e+00  2.157257e-10
     vertex -5.878885e+00 -7.090693e+00  2.157008e-10
     vertex -5.466010e+00 -6.074481e+00  2.157199e-10
   endloop
 endfacet
 facet normal -1.900229e-16  1.977609e-14 -1.000000e+00
   outer loop
     vertex -8.984703e-01 -6.185083e+00  2.157176e-10
     vertex  4.913488e-01 -8.665016e+00  2.156683e-10
     vertex -2.352550e+00 -5.790338e+00  2.157257e-10
   endloop
 endfacet
 facet normal -1.137585e-15  1.924505e-14 -1.000000e+00
   outer loop
     vertex -8.984703e-01 -6.185083e+00  2.157176e-10
     vertex  9.042246e-01 -7.648803e+00  2.156874e-10
     vertex  4.913488e-01 -8.665016e+00  2.156683e-10
   endloop
 endfacet
 facet normal -4.139959e-16  1.895106e-14 -1.000000e+00
   outer loop
     vertex -3.177027e+01  4.262410e+00  2.159267e-10
     vertex -2.947167e+01 -1.308091e+01  2.155970e-10
     vertex -3.214776e+01  3.943449e+00  2.159208e-10
   endloop
 endfacet
 facet normal -4.139959e-16  1.895106e-14 -1.000000e+00
   outer loop
     vertex -3.177027e+01  4.262410e+00  2.159267e-10
     vertex -1.440583e+01 -4.775846e+00  2.157482e-10
     vertex -2.947167e+01 -1.308091e+01  2.155970e-10
   endloop
 endfacet
 facet normal -4.139959e-16  1.895106e-14 -1.000000e+00
   outer loop
     vertex -3.177027e+01  4.262410e+00  2.159267e-10
     vertex -1.424815e+01 -3.690355e+00  2.157687e-10
     vertex -1.440583e+01 -4.775846e+00  2.157482e-10
   endloop
 endfacet
 facet normal  6.382439e-16  1.879821e-14 -1.000000e+00
   outer loop
     vertex -3.669907e+00 -5.059079e+00  2.157401e-10
     vertex -5.466010e+00 -6.074481e+00  2.157199e-10
     vertex -5.308327e+00 -4.988990e+00  2.157404e-10
   endloop
 endfacet
 facet normal  6.450341e-17  1.981308e-14 -1.000000e+00
   outer loop
     vertex -3.669907e+00 -5.059079e+00  2.157401e-10
     vertex -2.352550e+00 -5.790338e+00  2.157257e-10
     vertex -5.466010e+00 -6.074481e+00  2.157199e-10
   endloop
 endfacet
 facet normal -8.295234e-16  1.891046e-14 -1.000000e+00
   outer loop
     vertex -3.532190e+01  5.705395e+00  2.159555e-10
     vertex -3.527384e+01  5.213537e+00  2.159461e-10
     vertex -3.899570e+01  5.788327e-01  2.158616e-10
   endloop
 endfacet
 facet normal -1.715757e-15  1.989537e-14 -1.000000e+00
   outer loop
     vertex  6.078248e-01 -6.220374e+00  2.157163e-10
     vertex  1.548298e+00 -6.760928e+00  2.157040e-10
     vertex  9.042246e-01 -7.648803e+00  2.156874e-10
   endloop
 endfacet
 facet normal -3.854043e-16  2.017142e-14 -1.000000e+00
   outer loop
     vertex  6.078248e-01 -6.220374e+00  2.157163e-10
     vertex  9.042246e-01 -7.648803e+00  2.156874e-10
     vertex -8.984703e-01 -6.185083e+00  2.157176e-10
   endloop
 endfacet
 facet normal -4.139959e-16  1.895106e-14 -1.000000e+00
   outer loop
     vertex -3.148009e+01  4.662442e+00  2.159341e-10
     vertex -1.383527e+01 -2.674143e+00  2.157878e-10
     vertex -1.424815e+01 -3.690355e+00  2.157687e-10
   endloop
 endfacet
 facet normal -4.139959e-16  1.895106e-14 -1.000000e+00
   outer loop
     vertex -3.148009e+01  4.662442e+00  2.159341e-10
     vertex -1.424815e+01 -3.690355e+00  2.157687e-10
     vertex -3.177027e+01  4.262410e+00  2.159267e-10
   endloop
 endfacet
 facet normal  2.349713e-15  1.922112e-14 -1.000000e+00
   outer loop
     vertex -4.773983e+00 -4.033805e+00  2.157600e-10
     vertex -5.308327e+00 -4.988990e+00  2.157404e-10
     vertex -5.415001e+00 -3.897305e+00  2.157611e-10
   endloop
 endfacet
 facet normal  6.959123e-16  2.014628e-14 -1.000000e+00
   outer loop
     vertex -4.773983e+00 -4.033805e+00  2.157600e-10
     vertex -3.669907e+00 -5.059079e+00  2.157401e-10
     vertex -5.308327e+00 -4.988990e+00  2.157404e-10
   endloop
 endfacet
 facet normal -4.139959e-16  1.895106e-14 -1.000000e+00
   outer loop
     vertex -3.129407e+01  5.120296e+00  2.159427e-10
     vertex -1.319120e+01 -1.786267e+00  2.158043e-10
     vertex -1.383527e+01 -2.674143e+00  2.157878e-10
   endloop
 endfacet
 facet normal -4.139959e-16  1.895106e-14 -1.000000e+00
   outer loop
     vertex -3.129407e+01  5.120296e+00  2.159427e-10
     vertex -1.383527e+01 -2.674143e+00  2.157878e-10
     vertex -3.148009e+01  4.662442e+00  2.159341e-10
   endloop
 endfacet
 facet normal -3.916232e-15  2.309594e-14 -1.000000e+00
   outer loop
     vertex  2.078795e+00 -5.894159e+00  2.157219e-10
     vertex  2.386139e+00 -6.052989e+00  2.157170e-10
     vertex  1.548298e+00 -6.760928e+00  2.157040e-10
   endloop
 endfacet
 facet normal -9.275399e-16  2.126674e-14 -1.000000e+00
   outer loop
     vertex  2.078795e+00 -5.894159e+00  2.157219e-10
     vertex  1.548298e+00 -6.760928e+00  2.157040e-10
     vertex  6.078248e-01 -6.220374e+00  2.157163e-10
   endloop
 endfacet
 facet normal -4.139959e-16  1.895106e-14 -1.000000e+00
   outer loop
     vertex -3.122302e+01  5.609363e+00  2.159520e-10
     vertex -1.319120e+01 -1.786267e+00  2.158043e-10
     vertex -3.129407e+01  5.120296e+00  2.159427e-10
   endloop
 endfacet
 facet normal  7.825871e-15  2.185716e-14 -1.000000e+00
   outer loop
     vertex -5.600613e+00 -2.774101e+00  2.157842e-10
     vertex -5.415001e+00 -3.897305e+00  2.157611e-10
     vertex -5.779832e+00 -2.862872e+00  2.157809e-10
   endloop
 endfacet
 facet normal  2.731781e-15  2.101535e-14 -1.000000e+00
   outer loop
     vertex -5.600613e+00 -2.774101e+00  2.157842e-10
     vertex -4.773983e+00 -4.033805e+00  2.157600e-10
     vertex -5.415001e+00 -3.897305e+00  2.157611e-10
   endloop
 endfacet
 facet normal  6.890961e-15  2.374464e-14 -1.000000e+00
   outer loop
     vertex -6.381619e+00 -1.945808e+00  2.157985e-10
     vertex -5.600613e+00 -2.774101e+00  2.157842e-10
     vertex -5.779832e+00 -2.862872e+00  2.157809e-10
   endloop
 endfacet
 facet normal -3.176270e-15  2.452780e-14 -1.000000e+00
   outer loop
     vertex  3.428954e+00 -5.225397e+00  2.157340e-10
     vertex  3.369055e+00 -5.566131e+00  2.157258e-10
     vertex  2.386139e+00 -6.052989e+00  2.157170e-10
   endloop
 endfacet
 facet normal -3.176270e-15  2.452780e-14 -1.000000e+00
   outer loop
     vertex  3.428954e+00 -5.225397e+00  2.157340e-10
     vertex  2.386139e+00 -6.052989e+00  2.157170e-10
     vertex  2.078795e+00 -5.894159e+00  2.157219e-10
   endloop
 endfacet
 facet normal -1.588853e-15  2.424874e-14 -1.000000e+00
   outer loop
     vertex  4.439921e+00 -5.328646e+00  2.157299e-10
     vertex  3.369055e+00 -5.566131e+00  2.157258e-10
     vertex  3.428954e+00 -5.225397e+00  2.157340e-10
   endloop
 endfacet
 facet normal  3.134386e-15  2.020253e-14 -1.000000e+00
   outer loop
     vertex -6.101755e+00 -1.353176e+00  2.158113e-10
     vertex -5.600613e+00 -2.774101e+00  2.157842e-10
     vertex -6.381619e+00 -1.945808e+00  2.157985e-10
   endloop
 endfacet
 facet normal  1.475590e-15  2.098588e-14 -1.000000e+00
   outer loop
     vertex -6.101755e+00 -1.353176e+00  2.158113e-10
     vertex -6.381619e+00 -1.945808e+00  2.157985e-10
     vertex -7.185386e+00 -1.199408e+00  2.158130e-10
   endloop
 endfacet
 facet normal -5.427891e-16  1.953182e-14 -1.000000e+00
   outer loop
     vertex -3.776615e+01  9.732329e+00  2.160345e-10
     vertex -3.347183e+01  7.697661e+00  2.159925e-10
     vertex -3.395430e+01  7.590663e+00  2.159906e-10
   endloop
 endfacet
 facet normal -6.272213e-16  1.938154e-14 -1.000000e+00
   outer loop
     vertex -3.776615e+01  9.732329e+00  2.160345e-10
     vertex -3.395430e+01  7.590663e+00  2.159906e-10
     vertex -3.439716e+01  7.371309e+00  2.159867e-10
   endloop
 endfacet
 facet normal -6.954588e-16  1.928417e-14 -1.000000e+00
   outer loop
     vertex -3.776615e+01  9.732329e+00  2.160345e-10
     vertex -3.439716e+01  7.371309e+00  2.159867e-10
     vertex -3.477465e+01  7.052348e+00  2.159808e-10
   endloop
 endfacet
 facet normal -7.654686e-16  1.920603e-14 -1.000000e+00
   outer loop
     vertex -3.776615e+01  9.732329e+00  2.160345e-10
     vertex -3.477465e+01  7.052348e+00  2.159808e-10
     vertex -3.506483e+01  6.652316e+00  2.159733e-10
   endloop
 endfacet
 facet normal -8.528677e-16  1.912937e-14 -1.000000e+00
   outer loop
     vertex -3.776615e+01  9.732329e+00  2.160345e-10
     vertex -3.506483e+01  6.652316e+00  2.159733e-10
     vertex -3.525085e+01  6.194462e+00  2.159647e-10
   endloop
 endfacet
 facet normal -9.866598e-16  1.903425e-14 -1.000000e+00
   outer loop
     vertex -3.776615e+01  9.732329e+00  2.160345e-10
     vertex -3.525085e+01  6.194462e+00  2.159647e-10
     vertex -3.532190e+01  5.705395e+00  2.159555e-10
   endloop
 endfacet
 facet normal -9.951091e-16  1.902912e-14 -1.000000e+00
   outer loop
     vertex -3.776615e+01  9.732329e+00  2.160345e-10
     vertex -3.532190e+01  5.705395e+00  2.159555e-10
     vertex -3.899570e+01  5.788327e-01  2.158616e-10
   endloop
 endfacet
 facet normal -1.944865e-15  2.076284e-14 -1.000000e+00
   outer loop
     vertex  4.579834e+00 -4.252954e+00  2.157520e-10
     vertex  4.439921e+00 -5.328646e+00  2.157299e-10
     vertex  3.428954e+00 -5.225397e+00  2.157340e-10
   endloop
 endfacet
 facet normal -3.763280e-16  2.055882e-14 -1.000000e+00
   outer loop
     vertex  4.579834e+00 -4.252954e+00  2.157520e-10
     vertex  5.536504e+00 -5.354338e+00  2.157290e-10
     vertex  4.439921e+00 -5.328646e+00  2.157299e-10
   endloop
 endfacet
 facet normal  1.209357e-15  1.910969e-14 -1.000000e+00
   outer loop
     vertex -6.248285e+00  1.463901e-01  2.158398e-10
     vertex -6.101755e+00 -1.353176e+00  2.158113e-10
     vertex -7.185386e+00 -1.199408e+00  2.158130e-10
   endloop
 endfacet
 facet normal  1.020531e-16  1.988072e-14 -1.000000e+00
   outer loop
     vertex -6.248285e+00  1.463901e-01  2.158398e-10
     vertex -7.185386e+00 -1.199408e+00  2.158130e-10
     vertex -8.144422e+00 -6.670519e-01  2.158235e-10
   endloop
 endfacet
 facet normal -2.093723e-16  1.970481e-14 -1.000000e+00
   outer loop
     vertex  5.464551e+00 -3.033345e+00  2.157747e-10
     vertex  6.595074e+00 -5.641713e+00  2.157231e-10
     vertex  5.536504e+00 -5.354338e+00  2.157290e-10
   endloop
 endfacet
 facet normal -1.402090e-15  1.966784e-14 -1.000000e+00
   outer loop
     vertex  5.464551e+00 -3.033345e+00  2.157747e-10
     vertex  5.536504e+00 -5.354338e+00  2.157290e-10
     vertex  4.579834e+00 -4.252954e+00  2.157520e-10
   endloop
 endfacet
 facet normal  5.616788e-16  1.880933e-14 -1.000000e+00
   outer loop
     vertex -6.031688e+00  1.637449e+00  2.158680e-10
     vertex -6.248285e+00  1.463901e-01  2.158398e-10
     vertex -8.144422e+00 -6.670519e-01  2.158235e-10
   endloop
 endfacet
 facet normal -2.503670e-16  1.955381e-14 -1.000000e+00
   outer loop
     vertex -6.031688e+00  1.637449e+00  2.158680e-10
     vertex -8.144422e+00 -6.670519e-01  2.158235e-10
     vertex -9.202992e+00 -3.796774e-01  2.158293e-10
   endloop
 endfacet
 facet normal -1.531458e-16  1.942098e-14 -1.000000e+00
   outer loop
     vertex  6.031688e+00 -1.637449e+00  2.158009e-10
     vertex  7.554110e+00 -6.174069e+00  2.157126e-10
     vertex  6.595074e+00 -5.641713e+00  2.157231e-10
   endloop
 endfacet
 facet normal -1.206008e-15  1.927285e-14 -1.000000e+00
   outer loop
     vertex  6.031688e+00 -1.637449e+00  2.158009e-10
     vertex  6.595074e+00 -5.641713e+00  2.157231e-10
     vertex  5.464551e+00 -3.033345e+00  2.157747e-10
   endloop
 endfacet
 facet normal  3.780163e-16  1.862928e-14 -1.000000e+00
   outer loop
     vertex -6.595074e+00  5.641713e+00  2.159424e-10
     vertex -5.464551e+00  3.033345e+00  2.158942e-10
     vertex -6.031688e+00  1.637449e+00  2.158680e-10
   endloop
 endfacet
 facet normal -1.389671e-15  1.909279e-14 -1.000000e+00
   outer loop
     vertex  8.144422e+00  6.670520e-01  2.158420e-10
     vertex  6.031688e+00 -1.637449e+00  2.158009e-10
     vertex  6.248285e+00 -1.463901e-01  2.158291e-10
   endloop
 endfacet
 facet normal -1.090449e-16  1.882717e-14 -1.000000e+00
   outer loop
     vertex  3.297776e+01 -7.686086e+00  2.156734e-10
     vertex  3.763773e+01 -1.021768e+01  2.156252e-10
     vertex  3.409880e+01 -1.892807e+01  2.154616e-10
   endloop
 endfacet
 facet normal -4.570521e-16  1.879246e-14 -1.000000e+00
   outer loop
     vertex  3.297776e+01 -7.686086e+00  2.156734e-10
     vertex  3.409880e+01 -1.892807e+01  2.154616e-10
     vertex  3.250082e+01 -7.556610e+00  2.156761e-10
   endloop
 endfacet
 facet normal  5.740985e-16  1.823429e-14 -1.000000e+00
   outer loop
     vertex -5.536504e+00  5.354338e+00  2.159365e-10
     vertex -4.579834e+00  4.252954e+00  2.159170e-10
     vertex -5.464551e+00  3.033345e+00  2.158942e-10
   endloop
 endfacet
 facet normal -6.186195e-16  1.819731e-14 -1.000000e+00
   outer loop
     vertex -5.536504e+00  5.354338e+00  2.159365e-10
     vertex -5.464551e+00  3.033345e+00  2.158942e-10
     vertex -6.595074e+00  5.641713e+00  2.159424e-10
   endloop
 endfacet
 facet normal -1.065215e-15  1.911491e-14 -1.000000e+00
   outer loop
     vertex  9.202992e+00  3.796774e-01  2.158361e-10
     vertex  7.554110e+00 -6.174069e+00  2.157126e-10
     vertex  6.031688e+00 -1.637449e+00  2.158009e-10
   endloop
 endfacet
 facet normal -5.776249e-16  1.834832e-14 -1.000000e+00
   outer loop
     vertex  9.202992e+00  3.796774e-01  2.158361e-10
     vertex  6.031688e+00 -1.637449e+00  2.158009e-10
     vertex  8.144422e+00  6.670520e-01  2.158420e-10
   endloop
 endfacet
 facet normal -1.978784e-16  1.883945e-14 -1.000000e+00
   outer loop
     vertex  3.206873e+01 -7.316757e+00  2.156808e-10
     vertex  3.409880e+01 -1.892807e+01  2.154616e-10
     vertex  2.436430e+01 -2.223475e+01  2.154013e-10
   endloop
 endfacet
 facet normal -4.139959e-16  1.895106e-14 -1.000000e+00
   outer loop
     vertex  3.206873e+01 -7.316757e+00  2.156808e-10
     vertex  2.436430e+01 -2.223475e+01  2.154013e-10
     vertex  2.388736e+01 -2.210527e+01  2.154039e-10
   endloop
 endfacet
 facet normal -5.058403e-16  1.878561e-14 -1.000000e+00
   outer loop
     vertex  3.206873e+01 -7.316757e+00  2.156808e-10
     vertex  3.250082e+01 -7.556610e+00  2.156761e-10
     vertex  3.409880e+01 -1.892807e+01  2.154616e-10
   endloop
 endfacet
 facet normal -4.307736e-16  1.823495e-14 -1.000000e+00
   outer loop
     vertex  3.347183e+01 -7.697661e+00  2.156730e-10
     vertex  3.763773e+01 -1.021768e+01  2.156252e-10
     vertex  3.297776e+01 -7.686086e+00  2.156734e-10
   endloop
 endfacet
 facet normal -4.139959e-16  1.895106e-14 -1.000000e+00
   outer loop
     vertex -7.554110e+00  6.174069e+00  2.159529e-10
     vertex -9.202992e+00 -3.796774e-01  2.158293e-10
     vertex -1.029957e+01 -3.539857e-01  2.158303e-10
   endloop
 endfacet
 facet normal  2.372236e-16  1.878722e-14 -1.000000e+00
   outer loop
     vertex -7.554110e+00  6.174069e+00  2.159529e-10
     vertex -6.031688e+00  1.637449e+00  2.158680e-10
     vertex -9.202992e+00 -3.796774e-01  2.158293e-10
   endloop
 endfacet
 facet normal -6.748460e-16  1.848114e-14 -1.000000e+00
   outer loop
     vertex -7.554110e+00  6.174069e+00  2.159529e-10
     vertex -6.595074e+00  5.641713e+00  2.159424e-10
     vertex -6.031688e+00  1.637449e+00  2.158680e-10
   endloop
 endfacet
 facet normal -9.300450e-16  1.802140e-14 -1.000000e+00
   outer loop
     vertex  7.185386e+00  1.199408e+00  2.158525e-10
     vertex  8.144422e+00  6.670520e-01  2.158420e-10
     vertex  6.248285e+00 -1.463901e-01  2.158291e-10
   endloop
 endfacet
 facet normal -2.037348e-15  1.879244e-14 -1.000000e+00
   outer loop
     vertex  7.185386e+00  1.199408e+00  2.158525e-10
     vertex  6.248285e+00 -1.463901e-01  2.158291e-10
     vertex  6.101755e+00  1.353176e+00  2.158576e-10
   endloop
 endfacet
 facet normal -4.139959e-16  1.895106e-14 -1.000000e+00
   outer loop
     vertex  3.170659e+01 -6.980467e+00  2.156873e-10
     vertex  2.388736e+01 -2.210527e+01  2.154039e-10
     vertex  2.339329e+01 -2.209369e+01  2.154043e-10
   endloop
 endfacet
 facet normal -4.139959e-16  1.895106e-14 -1.000000e+00
   outer loop
     vertex  3.170659e+01 -6.980467e+00  2.156873e-10
     vertex  3.206873e+01 -7.316757e+00  2.156808e-10
     vertex  2.388736e+01 -2.210527e+01  2.154039e-10
   endloop
 endfacet
 facet normal -4.516638e-16  1.734331e-14 -1.000000e+00
   outer loop
     vertex -4.439921e+00  5.328646e+00  2.159355e-10
     vertex -4.579834e+00  4.252954e+00  2.159170e-10
     vertex -5.536504e+00  5.354338e+00  2.159365e-10
   endloop
 endfacet
 facet normal -4.139959e-16  1.895106e-14 -1.000000e+00
   outer loop
     vertex  1.029957e+01  3.539857e-01  2.158352e-10
     vertex  8.357878e+00 -6.920468e+00  2.156981e-10
     vertex  7.554110e+00 -6.174069e+00  2.157126e-10
   endloop
 endfacet
 facet normal -4.139959e-16  1.895106e-14 -1.000000e+00
   outer loop
     vertex  1.029957e+01  3.539857e-01  2.158352e-10
     vertex  7.554110e+00 -6.174069e+00  2.157126e-10
     vertex  9.202992e+00  3.796774e-01  2.158361e-10
   endloop
 endfacet
 facet normal -3.022887e-16  1.844735e-14 -1.000000e+00
   outer loop
     vertex  3.395430e+01 -7.590663e+00  2.156748e-10
     vertex  3.763773e+01 -1.021768e+01  2.156252e-10
     vertex  3.347183e+01 -7.697661e+00  2.156730e-10
   endloop
 endfacet
 facet normal -4.139959e-16  1.895106e-14 -1.000000e+00
   outer loop
     vertex  3.143546e+01 -6.567284e+00  2.156953e-10
     vertex  2.339329e+01 -2.209369e+01  2.154043e-10
     vertex  9.431170e+00 -9.963650e+00  2.156400e-10
   endloop
 endfacet
 facet normal -4.139959e-16  1.895106e-14 -1.000000e+00
   outer loop
     vertex  3.143546e+01 -6.567284e+00  2.156953e-10
     vertex  3.170659e+01 -6.980467e+00  2.156873e-10
     vertex  2.339329e+01 -2.209369e+01  2.154043e-10
   endloop
 endfacet
 facet normal  1.116873e-15  1.713929e-14 -1.000000e+00
   outer loop
     vertex -3.428954e+00  5.225397e+00  2.159349e-10
     vertex -4.579834e+00  4.252954e+00  2.159170e-10
     vertex -4.439921e+00  5.328646e+00  2.159355e-10
   endloop
 endfacet
 facet normal -4.139959e-16  1.895106e-14 -1.000000e+00
   outer loop
     vertex -8.357878e+00  6.920468e+00  2.159673e-10
     vertex -1.029957e+01 -3.539857e-01  2.158303e-10
     vertex -1.137044e+01 -5.914700e-01  2.158262e-10
   endloop
 endfacet
 facet normal -4.139959e-16  1.895106e-14 -1.000000e+00
   outer loop
     vertex -8.357878e+00  6.920468e+00  2.159673e-10
     vertex -7.554110e+00  6.174069e+00  2.159529e-10
     vertex -1.029957e+01 -3.539857e-01  2.158303e-10
   endloop
 endfacet
 facet normal -2.303581e-15  1.691625e-14 -1.000000e+00
   outer loop
     vertex  6.381619e+00  1.945808e+00  2.158670e-10
     vertex  7.185386e+00  1.199408e+00  2.158525e-10
     vertex  6.101755e+00  1.353176e+00  2.158576e-10
   endloop
 endfacet
 facet normal -2.209721e-16  1.856137e-14 -1.000000e+00
   outer loop
     vertex  3.439716e+01 -7.371309e+00  2.156788e-10
     vertex  3.763773e+01 -1.021768e+01  2.156252e-10
     vertex  3.395430e+01 -7.590663e+00  2.156748e-10
   endloop
 endfacet
 facet normal  7.608609e-16  1.365339e-14 -1.000000e+00
   outer loop
     vertex -3.369055e+00  5.566131e+00  2.159396e-10
     vertex -3.428954e+00  5.225397e+00  2.159349e-10
     vertex -4.439921e+00  5.328646e+00  2.159355e-10
   endloop
 endfacet
 facet normal -4.139959e-16  1.895106e-14 -1.000000e+00
   outer loop
     vertex  1.137044e+01  5.914701e-01  2.158392e-10
     vertex  8.959664e+00 -7.837533e+00  2.156805e-10
     vertex  8.357878e+00 -6.920468e+00  2.156981e-10
   endloop
 endfacet
 facet normal -4.139959e-16  1.895106e-14 -1.000000e+00
   outer loop
     vertex  1.137044e+01  5.914701e-01  2.158392e-10
     vertex  8.357878e+00 -6.920468e+00  2.156981e-10
     vertex  1.029957e+01  3.539857e-01  2.158352e-10
   endloop
 endfacet
 facet normal -4.139959e-16  1.895106e-14 -1.000000e+00
   outer loop
     vertex  3.127108e+01 -6.101221e+00  2.157042e-10
     vertex  9.431170e+00 -9.963650e+00  2.156400e-10
     vertex  9.324495e+00 -8.871966e+00  2.156607e-10
   endloop
 endfacet
 facet normal -4.139959e-16  1.895106e-14 -1.000000e+00
   outer loop
     vertex  3.127108e+01 -6.101221e+00  2.157042e-10
     vertex  3.143546e+01 -6.567284e+00  2.156953e-10
     vertex  9.431170e+00 -9.963650e+00  2.156400e-10
   endloop
 endfacet
 facet normal -3.962378e-15  1.769959e-14 -1.000000e+00
   outer loop
     vertex  5.600613e+00  2.774101e+00  2.158847e-10
     vertex  6.381619e+00  1.945808e+00  2.158670e-10
     vertex  6.101755e+00  1.353176e+00  2.158576e-10
   endloop
 endfacet
 facet normal -1.515265e-16  1.864043e-14 -1.000000e+00
   outer loop
     vertex  3.477465e+01 -7.052348e+00  2.156847e-10
     vertex  3.763773e+01 -1.021768e+01  2.156252e-10
     vertex  3.439716e+01 -7.371309e+00  2.156788e-10
   endloop
 endfacet
 facet normal -4.139959e-16  1.895106e-14 -1.000000e+00
   outer loop
     vertex -8.959664e+00  7.837533e+00  2.159850e-10
     vertex -1.137044e+01 -5.914700e-01  2.158262e-10
     vertex -1.235336e+01 -1.078329e+00  2.158174e-10
   endloop
 endfacet
 facet normal -4.139959e-16  1.895106e-14 -1.000000e+00
   outer loop
     vertex -8.959664e+00  7.837533e+00  2.159850e-10
     vertex -8.357878e+00  6.920468e+00  2.159673e-10
     vertex -1.137044e+01 -5.914700e-01  2.158262e-10
   endloop
 endfacet
 facet normal -7.718952e-15  1.415748e-14 -1.000000e+00
   outer loop
     vertex  5.779832e+00  2.862872e+00  2.158846e-10
     vertex  6.381619e+00  1.945808e+00  2.158670e-10
     vertex  5.600613e+00  2.774101e+00  2.158847e-10
   endloop
 endfacet
 facet normal -4.139959e-16  1.895106e-14 -1.000000e+00
   outer loop
     vertex  3.122302e+01 -5.609363e+00  2.157135e-10
     vertex  3.127108e+01 -6.101221e+00  2.157042e-10
     vertex  9.324495e+00 -8.871966e+00  2.156607e-10
   endloop
 endfacet
 facet normal -7.776055e-17  1.870716e-14 -1.000000e+00
   outer loop
     vertex  3.506483e+01 -6.652316e+00  2.156921e-10
     vertex  3.763773e+01 -1.021768e+01  2.156252e-10
     vertex  3.477465e+01 -7.052348e+00  2.156847e-10
   endloop
 endfacet
 facet normal  2.348278e-15  1.337433e-14 -1.000000e+00
   outer loop
     vertex -2.078795e+00  5.894159e+00  2.159470e-10
     vertex -3.428954e+00  5.225397e+00  2.159349e-10
     vertex -3.369055e+00  5.566131e+00  2.159396e-10
   endloop
 endfacet
 facet normal  2.348278e-15  1.337433e-14 -1.000000e+00
   outer loop
     vertex -2.386139e+00  6.052989e+00  2.159484e-10
     vertex -2.078795e+00  5.894159e+00  2.159470e-10
     vertex -3.369055e+00  5.566131e+00  2.159396e-10
   endloop
 endfacet
 facet normal -4.139959e-16  1.895106e-14 -1.000000e+00
   outer loop
     vertex  1.235336e+01  1.078329e+00  2.158480e-10
     vertex  9.324495e+00 -8.871966e+00  2.156607e-10
     vertex  8.959664e+00 -7.837533e+00  2.156805e-10
   endloop
 endfacet
 facet normal -4.139959e-16  1.895106e-14 -1.000000e+00
   outer loop
     vertex  1.235336e+01  1.078329e+00  2.158480e-10
     vertex  8.959664e+00 -7.837533e+00  2.156805e-10
     vertex  1.137044e+01  5.914701e-01  2.158392e-10
   endloop
 endfacet
 facet normal  1.736965e-17  1.877580e-14 -1.000000e+00
   outer loop
     vertex  3.525085e+01 -6.194462e+00  2.157007e-10
     vertex  3.763773e+01 -1.021768e+01  2.156252e-10
     vertex  3.506483e+01 -6.652316e+00  2.156921e-10
   endloop
 endfacet
 facet normal -4.139959e-16  1.895106e-14 -1.000000e+00
   outer loop
     vertex -9.324495e+00  8.871966e+00  2.160047e-10
     vertex -1.235336e+01 -1.078329e+00  2.158174e-10
     vertex -1.319120e+01 -1.786267e+00  2.158043e-10
   endloop
 endfacet
 facet normal -4.139959e-16  1.895106e-14 -1.000000e+00
   outer loop
     vertex -9.324495e+00  8.871966e+00  2.160047e-10
     vertex -1.319120e+01 -1.786267e+00  2.158043e-10
     vertex -3.122302e+01  5.609363e+00  2.159520e-10
   endloop
 endfacet
 facet normal -4.139959e-16  1.895106e-14 -1.000000e+00
   outer loop
     vertex -9.324495e+00  8.871966e+00  2.160047e-10
     vertex -8.959664e+00  7.837533e+00  2.159850e-10
     vertex -1.235336e+01 -1.078329e+00  2.158174e-10
   endloop
 endfacet
 facet normal -4.139959e-16  1.895106e-14 -1.000000e+00
   outer loop
     vertex -9.324495e+00  8.871966e+00  2.160047e-10
     vertex -3.122302e+01  5.609363e+00  2.159520e-10
     vertex -3.127108e+01  6.101221e+00  2.159613e-10
   endloop
 endfacet
 facet normal -8.653863e-15  1.604497e-14 -1.000000e+00
   outer loop
     vertex  5.415001e+00  3.897305e+00  2.159043e-10
     vertex  5.779832e+00  2.862872e+00  2.158846e-10
     vertex  5.600613e+00  2.774101e+00  2.158847e-10
   endloop
 endfacet
 facet normal -3.559772e-15  1.688678e-14 -1.000000e+00
   outer loop
     vertex  5.415001e+00  3.897305e+00  2.159043e-10
     vertex  5.600613e+00  2.774101e+00  2.158847e-10
     vertex  4.773983e+00  4.033805e+00  2.159089e-10
   endloop
 endfacet
 facet normal  1.698286e-16  1.886626e-14 -1.000000e+00
   outer loop
     vertex  3.532190e+01 -5.705395e+00  2.157100e-10
     vertex  3.763773e+01 -1.021768e+01  2.156252e-10
     vertex  3.525085e+01 -6.194462e+00  2.157007e-10
   endloop
 endfacet
 facet normal  3.088241e-15  1.480619e-14 -1.000000e+00
   outer loop
     vertex -1.548298e+00  6.760928e+00  2.159615e-10
     vertex -2.078795e+00  5.894159e+00  2.159470e-10
     vertex -2.386139e+00  6.052989e+00  2.159484e-10
   endloop
 endfacet
 facet normal  9.954801e-17  1.663539e-14 -1.000000e+00
   outer loop
     vertex -1.548298e+00  6.760928e+00  2.159615e-10
     vertex -6.078248e-01  6.220374e+00  2.159526e-10
     vertex -2.078795e+00  5.894159e+00  2.159470e-10
   endloop
 endfacet
 facet normal -4.139959e-16  1.895106e-14 -1.000000e+00
   outer loop
     vertex  1.319120e+01  1.786267e+00  2.158611e-10
     vertex  9.324495e+00 -8.871966e+00  2.156607e-10
     vertex  1.235336e+01  1.078329e+00  2.158480e-10
   endloop
 endfacet
 facet normal -4.139959e-16  1.895106e-14 -1.000000e+00
   outer loop
     vertex  1.319120e+01  1.786267e+00  2.158611e-10
     vertex  3.122302e+01 -5.609363e+00  2.157135e-10
     vertex  9.324495e+00 -8.871966e+00  2.156607e-10
   endloop
 endfacet
 facet normal -4.139959e-16  1.895106e-14 -1.000000e+00
   outer loop
     vertex  1.319120e+01  1.786267e+00  2.158611e-10
     vertex  3.129407e+01 -5.120296e+00  2.157227e-10
     vertex  3.122302e+01 -5.609363e+00  2.157135e-10
   endloop
 endfacet
 facet normal -4.101690e-16  1.911441e-14 -1.000000e+00
   outer loop
     vertex -3.441865e+01  1.834003e+01  2.161963e-10
     vertex -3.297776e+01  7.686086e+00  2.159920e-10
     vertex -3.347183e+01  7.697661e+00  2.159925e-10
   endloop
 endfacet
 facet normal -7.551014e-16  1.908372e-14 -1.000000e+00
   outer loop
     vertex -3.441865e+01  1.834003e+01  2.161963e-10
     vertex -3.347183e+01  7.697661e+00  2.159925e-10
     vertex -3.776615e+01  9.732329e+00  2.160345e-10
   endloop
 endfacet
 facet normal -3.149167e-16  1.912955e-14 -1.000000e+00
   outer loop
     vertex -3.441865e+01  1.834003e+01  2.161963e-10
     vertex -3.206873e+01  7.316757e+00  2.159847e-10
     vertex -3.250082e+01  7.556610e+00  2.159894e-10
   endloop
 endfacet
 facet normal -3.681085e-16  1.912009e-14 -1.000000e+00
   outer loop
     vertex -3.441865e+01  1.834003e+01  2.161963e-10
     vertex -3.250082e+01  7.556610e+00  2.159894e-10
     vertex -3.297776e+01  7.686086e+00  2.159920e-10
   endloop
 endfacet
 facet normal -4.139959e-16  1.895106e-14 -1.000000e+00
   outer loop
     vertex -9.431170e+00  9.963651e+00  2.160255e-10
     vertex -9.324495e+00  8.871966e+00  2.160047e-10
     vertex -3.127108e+01  6.101221e+00  2.159613e-10
   endloop
 endfacet
 facet normal -4.139959e-16  1.895106e-14 -1.000000e+00
   outer loop
     vertex -9.431170e+00  9.963651e+00  2.160255e-10
     vertex -3.127108e+01  6.101221e+00  2.159613e-10
     vertex -3.143546e+01  6.567284e+00  2.159702e-10
   endloop
 endfacet
 facet normal -3.177705e-15  1.868101e-14 -1.000000e+00
   outer loop
     vertex  5.308327e+00  4.988990e+00  2.159251e-10
     vertex  5.415001e+00  3.897305e+00  2.159043e-10
     vertex  4.773983e+00  4.033805e+00  2.159089e-10
   endloop
 endfacet
 facet normal -1.523904e-15  1.775585e-14 -1.000000e+00
   outer loop
     vertex  5.308327e+00  4.988990e+00  2.159251e-10
     vertex  4.773983e+00  4.033805e+00  2.159089e-10
     vertex  3.669907e+00  5.059079e+00  2.159288e-10
   endloop
 endfacet
 facet normal  8.877654e-16  1.800675e-14 -1.000000e+00
   outer loop
     vertex -9.042246e-01  7.648803e+00  2.159781e-10
     vertex -6.078248e-01  6.220374e+00  2.159526e-10
     vertex -1.548298e+00  6.760928e+00  2.159615e-10
   endloop
 endfacet
 facet normal -4.425875e-16  1.773070e-14 -1.000000e+00
   outer loop
     vertex -9.042246e-01  7.648803e+00  2.159781e-10
     vertex  8.984703e-01  6.185083e+00  2.159513e-10
     vertex -6.078248e-01  6.220374e+00  2.159526e-10
   endloop
 endfacet
 facet normal -4.139959e-16  1.895106e-14 -1.000000e+00
   outer loop
     vertex  1.383527e+01  2.674143e+00  2.158777e-10
     vertex  3.148009e+01 -4.662442e+00  2.157313e-10
     vertex  3.129407e+01 -5.120296e+00  2.157227e-10
   endloop
 endfacet
 facet normal -4.139959e-16  1.895106e-14 -1.000000e+00
   outer loop
     vertex  1.383527e+01  2.674143e+00  2.158777e-10
     vertex  3.129407e+01 -5.120296e+00  2.157227e-10
     vertex  1.319120e+01  1.786267e+00  2.158611e-10
   endloop
 endfacet
 facet normal -1.466236e-15  1.910392e-14 -1.000000e+00
   outer loop
     vertex  5.466010e+00  6.074481e+00  2.159456e-10
     vertex  5.308327e+00  4.988990e+00  2.159251e-10
     vertex  3.669907e+00  5.059079e+00  2.159288e-10
   endloop
 endfacet
 facet normal -8.924953e-16  1.808905e-14 -1.000000e+00
   outer loop
     vertex  5.466010e+00  6.074481e+00  2.159456e-10
     vertex  3.669907e+00  5.059079e+00  2.159288e-10
     vertex  2.352550e+00  5.790338e+00  2.159432e-10
   endloop
 endfacet
 facet normal  3.095930e-16  1.865708e-14 -1.000000e+00
   outer loop
     vertex -4.913488e-01  8.665016e+00  2.159971e-10
     vertex  8.984703e-01  6.185083e+00  2.159513e-10
     vertex -9.042246e-01  7.648803e+00  2.159781e-10
   endloop
 endfacet
 facet normal -6.379690e-16  1.812604e-14 -1.000000e+00
   outer loop
     vertex -4.913488e-01  8.665016e+00  2.159971e-10
     vertex  2.352550e+00  5.790338e+00  2.159432e-10
     vertex  8.984703e-01  6.185083e+00  2.159513e-10
   endloop
 endfacet
 facet normal -4.139959e-16  1.895106e-14 -1.000000e+00
   outer loop
     vertex  1.424815e+01  3.690355e+00  2.158968e-10
     vertex  3.177027e+01 -4.262410e+00  2.157388e-10
     vertex  3.148009e+01 -4.662442e+00  2.157313e-10
   endloop
 endfacet
 facet normal -4.139959e-16  1.895106e-14 -1.000000e+00
   outer loop
     vertex  1.424815e+01  3.690355e+00  2.158968e-10
     vertex  3.148009e+01 -4.662442e+00  2.157313e-10
     vertex  1.383527e+01  2.674143e+00  2.158777e-10
   endloop
 endfacet
 facet normal -9.926198e-16  1.918615e-14 -1.000000e+00
   outer loop
     vertex  5.878885e+00  7.090693e+00  2.159647e-10
     vertex  5.466010e+00  6.074481e+00  2.159456e-10
     vertex  2.352550e+00  5.790338e+00  2.159432e-10
   endloop
 endfacet
 facet normal  1.178854e-16  1.887380e-14 -1.000000e+00
   outer loop
     vertex -3.336660e-01  9.750507e+00  2.160176e-10
     vertex  2.352550e+00  5.790338e+00  2.159432e-10
     vertex -4.913488e-01  8.665016e+00  2.159971e-10
   endloop
 endfacet
 facet normal -6.782909e-16  1.833375e-14 -1.000000e+00
   outer loop
     vertex -3.336660e-01  9.750507e+00  2.160176e-10
     vertex  5.878885e+00  7.090693e+00  2.159647e-10
     vertex  2.352550e+00  5.790338e+00  2.159432e-10
   endloop
 endfacet
 facet normal -4.139959e-16  1.895106e-14 -1.000000e+00
   outer loop
     vertex  1.440583e+01  4.775846e+00  2.159173e-10
     vertex  3.177027e+01 -4.262410e+00  2.157388e-10
     vertex  1.424815e+01  3.690355e+00  2.158968e-10
   endloop
 endfacet
 facet normal -4.139959e-16  1.895106e-14 -1.000000e+00
   outer loop
     vertex  6.522959e+00  7.978568e+00  2.159812e-10
     vertex  5.878885e+00  7.090693e+00  2.159647e-10
     vertex -3.336660e-01  9.750507e+00  2.160176e-10
   endloop
 endfacet
 facet normal -4.139959e-16  1.895106e-14 -1.000000e+00
   outer loop
     vertex -4.403401e-01  1.084219e+01  2.160384e-10
     vertex  6.522959e+00  7.978568e+00  2.159812e-10
     vertex -3.336660e-01  9.750507e+00  2.160176e-10
   endloop
 endfacet
 facet normal -4.139959e-16  1.895106e-14 -1.000000e+00
   outer loop
     vertex  7.360800e+00  8.686507e+00  2.159943e-10
     vertex  6.522959e+00  7.978568e+00  2.159812e-10
     vertex -4.403401e-01  1.084219e+01  2.160384e-10
   endloop
 endfacet
 facet normal -4.139959e-16  1.895106e-14 -1.000000e+00
   outer loop
     vertex -8.051717e-01  1.187662e+01  2.160581e-10
     vertex  7.360800e+00  8.686507e+00  2.159943e-10
     vertex -4.403401e-01  1.084219e+01  2.160384e-10
   endloop
 endfacet
 facet normal -4.139959e-16  1.895106e-14 -1.000000e+00
   outer loop
     vertex  8.343715e+00  9.173365e+00  2.160031e-10
     vertex  7.360800e+00  8.686507e+00  2.159943e-10
     vertex -8.051717e-01  1.187662e+01  2.160581e-10
   endloop
 endfacet
 facet normal  5.460463e-18  1.899205e-14 -1.000000e+00
   outer loop
     vertex  3.898930e+01 -9.134742e-01  2.158010e-10
     vertex  3.532190e+01 -5.705395e+00  2.157100e-10
     vertex  3.527384e+01 -5.213537e+00  2.157193e-10
   endloop
 endfacet
 facet normal -8.243837e-17  1.906800e-14 -1.000000e+00
   outer loop
     vertex  3.898930e+01 -9.134742e-01  2.158010e-10
     vertex  3.527384e+01 -5.213537e+00  2.157193e-10
     vertex  3.510946e+01 -4.747474e+00  2.157282e-10
   endloop
 endfacet
 facet normal -1.427651e-16  1.912905e-14 -1.000000e+00
   outer loop
     vertex  3.898930e+01 -9.134742e-01  2.158010e-10
     vertex  3.510946e+01 -4.747474e+00  2.157282e-10
     vertex  3.483833e+01 -4.334291e+00  2.157362e-10
   endloop
 endfacet
 facet normal  1.698286e-16  1.886626e-14 -1.000000e+00
   outer loop
     vertex  3.898930e+01 -9.134742e-01  2.158010e-10
     vertex  3.763773e+01 -1.021768e+01  2.156252e-10
     vertex  3.532190e+01 -5.705395e+00  2.157100e-10
   endloop
 endfacet
 facet normal -1.925809e-16  1.918950e-14 -1.000000e+00
   outer loop
     vertex  3.898930e+01 -9.134742e-01  2.158010e-10
     vertex  3.483833e+01 -4.334291e+00  2.157362e-10
     vertex  3.447619e+01 -3.998001e+00  2.157427e-10
   endloop
 endfacet
 facet normal -2.417272e-16  1.926140e-14 -1.000000e+00
   outer loop
     vertex  3.898930e+01 -9.134742e-01  2.158010e-10
     vertex  3.447619e+01 -3.998001e+00  2.157427e-10
     vertex  3.404410e+01 -3.758148e+00  2.157474e-10
   endloop
 endfacet
 facet normal -3.015255e-16  1.936536e-14 -1.000000e+00
   outer loop
     vertex  3.898930e+01 -9.134742e-01  2.158010e-10
     vertex  3.404410e+01 -3.758148e+00  2.157474e-10
     vertex  3.356716e+01 -3.628672e+00  2.157501e-10
   endloop
 endfacet
 facet normal -4.139959e-16  1.895106e-14 -1.000000e+00
   outer loop
     vertex -1.406958e+00  1.279369e+01  2.160758e-10
     vertex  8.343715e+00  9.173365e+00  2.160031e-10
     vertex -8.051717e-01  1.187662e+01  2.160581e-10
   endloop
 endfacet
 facet normal -4.139959e-16  1.895106e-14 -1.000000e+00
   outer loop
     vertex  9.414582e+00  9.410850e+00  2.160072e-10
     vertex  8.343715e+00  9.173365e+00  2.160031e-10
     vertex -1.406958e+00  1.279369e+01  2.160758e-10
   endloop
 endfacet
 facet normal -6.296794e-16  1.906245e-14 -1.000000e+00
   outer loop
     vertex -2.436430e+01  2.223475e+01  2.162642e-10
     vertex -3.206873e+01  7.316757e+00  2.159847e-10
     vertex -3.441865e+01  1.834003e+01  2.161963e-10
   endloop
 endfacet
 facet normal -4.139959e-16  1.895106e-14 -1.000000e+00
   outer loop
     vertex -2.388736e+01  2.210527e+01  2.162615e-10
     vertex -3.206873e+01  7.316757e+00  2.159847e-10
     vertex -2.436430e+01  2.223475e+01  2.162642e-10
   endloop
 endfacet
 facet normal -4.139959e-16  1.895106e-14 -1.000000e+00
   outer loop
     vertex -2.388736e+01  2.210527e+01  2.162615e-10
     vertex -3.170659e+01  6.980467e+00  2.159781e-10
     vertex -3.206873e+01  7.316757e+00  2.159847e-10
   endloop
 endfacet
 facet normal -5.156162e-16  1.876800e-14 -1.000000e+00
   outer loop
     vertex -2.479639e+01  2.247460e+01  2.162689e-10
     vertex -2.436430e+01  2.223475e+01  2.162642e-10
     vertex -3.441865e+01  1.834003e+01  2.161963e-10
   endloop
 endfacet
 facet normal -4.139959e-16  1.895106e-14 -1.000000e+00
   outer loop
     vertex -2.339329e+01  2.209369e+01  2.162611e-10
     vertex -3.170659e+01  6.980467e+00  2.159781e-10
     vertex -2.388736e+01  2.210527e+01  2.162615e-10
   endloop
 endfacet
 facet normal -4.139959e-16  1.895106e-14 -1.000000e+00
   outer loop
     vertex -2.339329e+01  2.209369e+01  2.162611e-10
     vertex -9.431170e+00  9.963651e+00  2.160255e-10
     vertex -3.143546e+01  6.567284e+00  2.159702e-10
   endloop
 endfacet
 facet normal -4.139959e-16  1.895106e-14 -1.000000e+00
   outer loop
     vertex -2.339329e+01  2.209369e+01  2.162611e-10
     vertex -3.143546e+01  6.567284e+00  2.159702e-10
     vertex -3.170659e+01  6.980467e+00  2.159781e-10
   endloop
 endfacet
 facet normal -5.372480e-16  1.881834e-14 -1.000000e+00
   outer loop
     vertex -2.515853e+01  2.281089e+01  2.162754e-10
     vertex -2.479639e+01  2.247460e+01  2.162689e-10
     vertex -3.441865e+01  1.834003e+01  2.161963e-10
   endloop
 endfacet
 facet normal -4.139959e-16  1.895106e-14 -1.000000e+00
   outer loop
     vertex -2.291082e+01  2.220069e+01  2.162629e-10
     vertex -9.431170e+00  9.963651e+00  2.160255e-10
     vertex -2.339329e+01  2.209369e+01  2.162611e-10
   endloop
 endfacet
 facet normal -4.139959e-16  1.895106e-14 -1.000000e+00
   outer loop
     vertex -2.291082e+01  2.220069e+01  2.162629e-10
     vertex -9.273487e+00  1.104914e+01  2.160460e-10
     vertex -9.431170e+00  9.963651e+00  2.160255e-10
   endloop
 endfacet
 facet normal -5.562571e-16  1.885771e-14 -1.000000e+00
   outer loop
     vertex -2.542966e+01  2.322407e+01  2.162834e-10
     vertex -2.515853e+01  2.281089e+01  2.162754e-10
     vertex -3.441865e+01  1.834003e+01  2.161963e-10
   endloop
 endfacet
 facet normal -4.139959e-16  1.895106e-14 -1.000000e+00
   outer loop
     vertex -2.246796e+01  2.242005e+01  2.162669e-10
     vertex -9.273487e+00  1.104914e+01  2.160460e-10
     vertex -2.291082e+01  2.220069e+01  2.162629e-10
   endloop
 endfacet
 facet normal -4.139959e-16  1.895106e-14 -1.000000e+00
   outer loop
     vertex -2.246796e+01  2.242005e+01  2.162669e-10
     vertex -8.860611e+00  1.206535e+01  2.160650e-10
     vertex -9.273487e+00  1.104914e+01  2.160460e-10
   endloop
 endfacet
 facet normal -4.139959e-16  1.895106e-14 -1.000000e+00
   outer loop
     vertex -2.209048e+01  2.273901e+01  2.162728e-10
     vertex -8.216537e+00  1.295323e+01  2.160816e-10
     vertex -8.860611e+00  1.206535e+01  2.160650e-10
   endloop
 endfacet
 facet normal -4.139959e-16  1.895106e-14 -1.000000e+00
   outer loop
     vertex -2.209048e+01  2.273901e+01  2.162728e-10
     vertex -8.860611e+00  1.206535e+01  2.160650e-10
     vertex -2.246796e+01  2.242005e+01  2.162669e-10
   endloop
 endfacet
 facet normal -4.139959e-16  1.895106e-14 -1.000000e+00
   outer loop
     vertex -2.180029e+01  2.313904e+01  2.162803e-10
     vertex -8.216537e+00  1.295323e+01  2.160816e-10
     vertex -2.209048e+01  2.273901e+01  2.162728e-10
   endloop
 endfacet
 facet normal -8.764417e-16  1.901824e-14 -1.000000e+00
   outer loop
     vertex -2.914094e+01  2.591922e+01  2.163377e-10
     vertex -2.557106e+01  2.467106e+01  2.163109e-10
     vertex -2.564210e+01  2.418199e+01  2.163016e-10
   endloop
 endfacet
 facet normal -9.350773e-16  1.890015e-14 -1.000000e+00
   outer loop
     vertex -2.914094e+01  2.591922e+01  2.163377e-10
     vertex -2.564210e+01  2.418199e+01  2.163016e-10
     vertex -2.559404e+01  2.369013e+01  2.162923e-10
   endloop
 endfacet
 facet normal -1.042353e-15  1.872945e-14 -1.000000e+00
   outer loop
     vertex -2.914094e+01  2.591922e+01  2.163377e-10
     vertex -2.559404e+01  2.369013e+01  2.162923e-10
     vertex -2.542966e+01  2.322407e+01  2.162834e-10
   endloop
 endfacet
 facet normal -7.244321e-16  1.916723e-14 -1.000000e+00
   outer loop
     vertex -2.914094e+01  2.591922e+01  2.163377e-10
     vertex -2.542966e+01  2.322407e+01  2.162834e-10
     vertex -3.441865e+01  1.834003e+01  2.161963e-10
   endloop
 endfacet
 facet normal -8.394868e-16  1.912394e-14 -1.000000e+00
   outer loop
     vertex -2.538503e+01  2.512891e+01  2.163195e-10
     vertex -2.557106e+01  2.467106e+01  2.163109e-10
     vertex -2.914094e+01  2.591922e+01  2.163377e-10
   endloop
 endfacet
 facet normal -8.146993e-16  1.924174e-14 -1.000000e+00
   outer loop
     vertex -2.509485e+01  2.552895e+01  2.163269e-10
     vertex -2.538503e+01  2.512891e+01  2.163195e-10
     vertex -2.914094e+01  2.591922e+01  2.163377e-10
   endloop
 endfacet
 facet normal -7.988082e-16  1.940649e-14 -1.000000e+00
   outer loop
     vertex -2.471736e+01  2.584791e+01  2.163328e-10
     vertex -2.509485e+01  2.552895e+01  2.163269e-10
     vertex -2.914094e+01  2.591922e+01  2.163377e-10
   endloop
 endfacet
 facet normal -1.089874e-16  1.898087e-14 -1.000000e+00
   outer loop
     vertex  3.807495e+01  8.443820e+00  2.159787e-10
     vertex  3.898930e+01 -9.134742e-01  2.158010e-10
     vertex  3.356716e+01 -3.628672e+00  2.157501e-10
   endloop
 endfacet
 facet normal -4.106586e-16  1.909351e-14 -1.000000e+00
   outer loop
     vertex  3.807495e+01  8.443820e+00  2.159787e-10
     vertex  3.356716e+01 -3.628672e+00  2.157501e-10
     vertex  3.307309e+01 -3.617096e+00  2.157505e-10
   endloop
 endfacet
 facet normal -4.491236e-16  1.910946e-14 -1.000000e+00
   outer loop
     vertex  3.807495e+01  8.443820e+00  2.159787e-10
     vertex  3.307309e+01 -3.617096e+00  2.157505e-10
     vertex  3.259061e+01 -3.724095e+00  2.157487e-10
   endloop
 endfacet
 facet normal -4.139959e-16  1.895106e-14 -1.000000e+00
   outer loop
     vertex -1.724762e+01  2.714807e+01  2.163544e-10
     vertex -2.161427e+01  2.359689e+01  2.162889e-10
     vertex -2.154322e+01  2.408596e+01  2.162981e-10
   endloop
 endfacet
 facet normal -4.139959e-16  1.895106e-14 -1.000000e+00
   outer loop
     vertex -1.724762e+01  2.714807e+01  2.163544e-10
     vertex -2.154322e+01  2.408596e+01  2.162981e-10
     vertex -2.159129e+01  2.457782e+01  2.163074e-10
   endloop
 endfacet
 facet normal -4.139959e-16  1.895106e-14 -1.000000e+00
   outer loop
     vertex -1.618905e+01  2.686069e+01  2.163485e-10
     vertex -2.180029e+01  2.313904e+01  2.162803e-10
     vertex -2.161427e+01  2.359689e+01  2.162889e-10
   endloop
 endfacet
 facet normal -4.139959e-16  1.895106e-14 -1.000000e+00
   outer loop
     vertex -1.618905e+01  2.686069e+01  2.163485e-10
     vertex -2.161427e+01  2.359689e+01  2.162889e-10
     vertex -1.724762e+01  2.714807e+01  2.163544e-10
   endloop
 endfacet
 facet normal -4.139959e-16  1.895106e-14 -1.000000e+00
   outer loop
     vertex -1.820666e+01  2.768042e+01  2.163648e-10
     vertex -2.159129e+01  2.457782e+01  2.163074e-10
     vertex -2.175566e+01  2.504388e+01  2.163163e-10
   endloop
 endfacet
 facet normal -4.139959e-16  1.895106e-14 -1.000000e+00
   outer loop
     vertex -1.820666e+01  2.768042e+01  2.163648e-10
     vertex -2.175566e+01  2.504388e+01  2.163163e-10
     vertex -2.202679e+01  2.545706e+01  2.163243e-10
   endloop
 endfacet
 facet normal -4.139959e-16  1.895106e-14 -1.000000e+00
   outer loop
     vertex -1.820666e+01  2.768042e+01  2.163648e-10
     vertex -1.724762e+01  2.714807e+01  2.163544e-10
     vertex -2.159129e+01  2.457782e+01  2.163074e-10
   endloop
 endfacet
 facet normal -4.139959e-16  1.895106e-14 -1.000000e+00
   outer loop
     vertex -1.509247e+01  2.683500e+01  2.163475e-10
     vertex -8.216537e+00  1.295323e+01  2.160816e-10
     vertex -2.180029e+01  2.313904e+01  2.162803e-10
   endloop
 endfacet
 facet normal -4.139959e-16  1.895106e-14 -1.000000e+00
   outer loop
     vertex -1.509247e+01  2.683500e+01  2.163475e-10
     vertex -2.180029e+01  2.313904e+01  2.162803e-10
     vertex -1.618905e+01  2.686069e+01  2.163485e-10
   endloop
 endfacet
 facet normal -4.139959e-16  1.895106e-14 -1.000000e+00
   outer loop
     vertex -1.901043e+01  2.842682e+01  2.163793e-10
     vertex -2.202679e+01  2.545706e+01  2.163243e-10
     vertex -2.238893e+01  2.579335e+01  2.163308e-10
   endloop
 endfacet
 facet normal -4.139959e-16  1.895106e-14 -1.000000e+00
   outer loop
     vertex -1.901043e+01  2.842682e+01  2.163793e-10
     vertex -1.820666e+01  2.768042e+01  2.163648e-10
     vertex -2.202679e+01  2.545706e+01  2.163243e-10
   endloop
 endfacet
 facet normal -4.139959e-16  1.895106e-14 -1.000000e+00
   outer loop
     vertex -1.402160e+01  2.707248e+01  2.163516e-10
     vertex -8.216537e+00  1.295323e+01  2.160816e-10
     vertex -1.509247e+01  2.683500e+01  2.163475e-10
   endloop
 endfacet
 facet normal -4.139959e-16  1.895106e-14 -1.000000e+00
   outer loop
     vertex -1.402160e+01  2.707248e+01  2.163516e-10
     vertex -7.378696e+00  1.366117e+01  2.160947e-10
     vertex -8.216537e+00  1.295323e+01  2.160816e-10
   endloop
 endfacet
 facet normal -4.139959e-16  1.895106e-14 -1.000000e+00
   outer loop
     vertex -1.402160e+01  2.707248e+01  2.163516e-10
     vertex -6.395781e+00  1.414803e+01  2.161035e-10
     vertex -7.378696e+00  1.366117e+01  2.160947e-10
   endloop
 endfacet
 facet normal -4.139959e-16  1.895106e-14 -1.000000e+00
   outer loop
     vertex -1.961221e+01  2.934389e+01  2.163969e-10
     vertex -2.238893e+01  2.579335e+01  2.163308e-10
     vertex -2.282103e+01  2.603321e+01  2.163355e-10
   endloop
 endfacet
 facet normal -4.139959e-16  1.895106e-14 -1.000000e+00
   outer loop
     vertex -1.961221e+01  2.934389e+01  2.163969e-10
     vertex -2.282103e+01  2.603321e+01  2.163355e-10
     vertex -2.329796e+01  2.616268e+01  2.163382e-10
   endloop
 endfacet
 facet normal -4.139959e-16  1.895106e-14 -1.000000e+00
   outer loop
     vertex -1.961221e+01  2.934389e+01  2.163969e-10
     vertex -1.901043e+01  2.842682e+01  2.163793e-10
     vertex -2.238893e+01  2.579335e+01  2.163308e-10
   endloop
 endfacet
 facet normal -4.139959e-16  1.895106e-14 -1.000000e+00
   outer loop
     vertex  2.947167e+01  1.308091e+01  2.160684e-10
     vertex  3.177027e+01 -4.262410e+00  2.157388e-10
     vertex  1.440583e+01  4.775846e+00  2.159173e-10
   endloop
 endfacet
 facet normal -4.139959e-16  1.895106e-14 -1.000000e+00
   outer loop
     vertex  2.947167e+01  1.308091e+01  2.160684e-10
     vertex  3.214776e+01 -3.943449e+00  2.157447e-10
     vertex  3.177027e+01 -4.262410e+00  2.157388e-10
   endloop
 endfacet
 facet normal -4.139959e-16  1.895106e-14 -1.000000e+00
   outer loop
     vertex  2.994861e+01  1.295144e+01  2.160658e-10
     vertex  3.259061e+01 -3.724095e+00  2.157487e-10
     vertex  3.214776e+01 -3.943449e+00  2.157447e-10
   endloop
 endfacet
 facet normal -4.139959e-16  1.895106e-14 -1.000000e+00
   outer loop
     vertex  2.994861e+01  1.295144e+01  2.160658e-10
     vertex  3.214776e+01 -3.943449e+00  2.157447e-10
     vertex  2.947167e+01  1.308091e+01  2.160684e-10
   endloop
 endfacet
 facet normal -4.139959e-16  1.895106e-14 -1.000000e+00
   outer loop
     vertex  2.903958e+01  1.332077e+01  2.160731e-10
     vertex  2.947167e+01  1.308091e+01  2.160684e-10
     vertex  1.440583e+01  4.775846e+00  2.159173e-10
   endloop
 endfacet
 facet normal -4.139959e-16  1.895106e-14 -1.000000e+00
   outer loop
     vertex  2.903958e+01  1.332077e+01  2.160731e-10
     vertex  1.440583e+01  4.775846e+00  2.159173e-10
     vertex  1.429916e+01  5.867530e+00  2.159380e-10
   endloop
 endfacet
 facet normal -4.139959e-16  1.895106e-14 -1.000000e+00
   outer loop
     vertex -1.303869e+01  2.755934e+01  2.163604e-10
     vertex -6.395781e+00  1.414803e+01  2.161035e-10
     vertex -1.402160e+01  2.707248e+01  2.163516e-10
   endloop
 endfacet
 facet normal -4.139959e-16  1.895106e-14 -1.000000e+00
   outer loop
     vertex  3.044268e+01  1.293986e+01  2.160653e-10
     vertex  3.259061e+01 -3.724095e+00  2.157487e-10
     vertex  2.994861e+01  1.295144e+01  2.160658e-10
   endloop
 endfacet
 facet normal -1.680317e-16  1.898277e-14 -1.000000e+00
   outer loop
     vertex  3.044268e+01  1.293986e+01  2.160653e-10
     vertex  3.807495e+01  8.443820e+00  2.159787e-10
     vertex  3.259061e+01 -3.724095e+00  2.157487e-10
   endloop
 endfacet
 facet normal -4.139959e-16  1.895106e-14 -1.000000e+00
   outer loop
     vertex  2.867744e+01  1.365706e+01  2.160797e-10
     vertex  2.903958e+01  1.332077e+01  2.160731e-10
     vertex  1.429916e+01  5.867530e+00  2.159380e-10
   endloop
 endfacet
 facet normal -4.139959e-16  1.895106e-14 -1.000000e+00
   outer loop
     vertex  2.867744e+01  1.365706e+01  2.160797e-10
     vertex  1.429916e+01  5.867530e+00  2.159380e-10
     vertex  1.393432e+01  6.901963e+00  2.159578e-10
   endloop
 endfacet
 facet normal -3.518325e-16  1.867076e-14 -1.000000e+00
   outer loop
     vertex  3.092515e+01  1.304686e+01  2.160672e-10
     vertex  3.807495e+01  8.443820e+00  2.159787e-10
     vertex  3.044268e+01  1.293986e+01  2.160653e-10
   endloop
 endfacet
 facet normal -4.139959e-16  1.895106e-14 -1.000000e+00
   outer loop
     vertex  2.840631e+01  1.407024e+01  2.160876e-10
     vertex  2.867744e+01  1.365706e+01  2.160797e-10
     vertex  1.393432e+01  6.901963e+00  2.159578e-10
   endloop
 endfacet
 facet normal -3.084957e-16  1.873807e-14 -1.000000e+00
   outer loop
     vertex  3.136801e+01  1.326622e+01  2.160711e-10
     vertex  3.807495e+01  8.443820e+00  2.159787e-10
     vertex  3.092515e+01  1.304686e+01  2.160672e-10
   endloop
 endfacet
 facet normal -4.139959e-16  1.895106e-14 -1.000000e+00
   outer loop
     vertex  2.824193e+01  1.453630e+01  2.160965e-10
     vertex  2.840631e+01  1.407024e+01  2.160876e-10
     vertex  1.393432e+01  6.901963e+00  2.159578e-10
   endloop
 endfacet
 facet normal -4.139959e-16  1.895106e-14 -1.000000e+00
   outer loop
     vertex  2.824193e+01  1.453630e+01  2.160965e-10
     vertex  1.393432e+01  6.901963e+00  2.159578e-10
     vertex  1.333254e+01  7.819028e+00  2.159754e-10
   endloop
 endfacet
 facet normal -4.139959e-16  1.895106e-14 -1.000000e+00
   outer loop
     vertex -1.220085e+01  2.826728e+01  2.163735e-10
     vertex -6.395781e+00  1.414803e+01  2.161035e-10
     vertex -1.303869e+01  2.755934e+01  2.163604e-10
   endloop
 endfacet
 facet normal -4.139959e-16  1.895106e-14 -1.000000e+00
   outer loop
     vertex -1.220085e+01  2.826728e+01  2.163735e-10
     vertex -5.324914e+00  1.438551e+01  2.161076e-10
     vertex -6.395781e+00  1.414803e+01  2.161035e-10
   endloop
 endfacet
 facet normal -2.742591e-16  1.878569e-14 -1.000000e+00
   outer loop
     vertex  3.174549e+01  1.358518e+01  2.160770e-10
     vertex  3.807495e+01  8.443820e+00  2.159787e-10
     vertex  3.136801e+01  1.326622e+01  2.160711e-10
   endloop
 endfacet
 facet normal -4.071158e-16  1.924473e-14 -1.000000e+00
   outer loop
     vertex -2.222899e+01  3.204484e+01  2.164509e-10
     vertex -2.329796e+01  2.616268e+01  2.163382e-10
     vertex -2.379203e+01  2.617426e+01  2.163386e-10
   endloop
 endfacet
 facet normal -4.836393e-16  1.926510e-14 -1.000000e+00
   outer loop
     vertex -2.222899e+01  3.204484e+01  2.164509e-10
     vertex -2.379203e+01  2.617426e+01  2.163386e-10
     vertex -2.427451e+01  2.606726e+01  2.163368e-10
   endloop
 endfacet
 facet normal -5.870774e-16  1.930050e-14 -1.000000e+00
   outer loop
     vertex -2.222899e+01  3.204484e+01  2.164509e-10
     vertex -2.427451e+01  2.606726e+01  2.163368e-10
     vertex -2.471736e+01  2.584791e+01  2.163328e-10
   endloop
 endfacet
 facet normal -7.158909e-16  1.930084e-14 -1.000000e+00
   outer loop
     vertex -2.222899e+01  3.204484e+01  2.164509e-10
     vertex -1.961221e+01  2.934389e+01  2.163969e-10
     vertex -2.329796e+01  2.616268e+01  2.163382e-10
   endloop
 endfacet
 facet normal -7.991440e-16  1.938565e-14 -1.000000e+00
   outer loop
     vertex -2.222899e+01  3.204484e+01  2.164509e-10
     vertex -2.471736e+01  2.584791e+01  2.163328e-10
     vertex -2.914094e+01  2.591922e+01  2.163377e-10
   endloop
 endfacet
 facet normal -4.139959e-16  1.895106e-14 -1.000000e+00
   outer loop
     vertex  2.819387e+01  1.502816e+01  2.161059e-10
     vertex  2.824193e+01  1.453630e+01  2.160965e-10
     vertex  1.333254e+01  7.819028e+00  2.159754e-10
   endloop
 endfacet
 facet normal -4.139959e-16  1.895106e-14 -1.000000e+00
   outer loop
     vertex  2.819387e+01  1.502816e+01  2.161059e-10
     vertex  1.333254e+01  7.819028e+00  2.159754e-10
     vertex  1.252877e+01  8.565427e+00  2.159899e-10
   endloop
 endfacet
 facet normal -1.770375e-15  1.827922e-14 -1.000000e+00
   outer loop
     vertex -2.076292e+01  3.166704e+01  2.164414e-10
     vertex -1.961221e+01  2.934389e+01  2.163969e-10
     vertex -2.222899e+01  3.204484e+01  2.164509e-10
   endloop
 endfacet
 facet normal -2.415419e-16  1.882596e-14 -1.000000e+00
   outer loop
     vertex  3.203568e+01  1.398521e+01  2.160845e-10
     vertex  3.807495e+01  8.443820e+00  2.159787e-10
     vertex  3.174549e+01  1.358518e+01  2.160770e-10
   endloop
 endfacet
 facet normal -4.139959e-16  1.895106e-14 -1.000000e+00
   outer loop
     vertex -2.177455e+01  3.221648e+01  2.164540e-10
     vertex -2.222899e+01  3.204484e+01  2.164509e-10
     vertex -2.201235e+01  3.215868e+01  2.164530e-10
   endloop
 endfacet
 facet normal -1.117351e-15  2.081327e-14 -1.000000e+00
   outer loop
     vertex -2.177455e+01  3.221648e+01  2.164540e-10
     vertex -2.076292e+01  3.166704e+01  2.164414e-10
     vertex -2.222899e+01  3.204484e+01  2.164509e-10
   endloop
 endfacet
 facet normal  1.270832e-16  2.310451e-14 -1.000000e+00
   outer loop
     vertex -2.129285e+01  3.215373e+01  2.164526e-10
     vertex -2.076292e+01  3.166704e+01  2.164414e-10
     vertex -2.177455e+01  3.221648e+01  2.164540e-10
   endloop
 endfacet
 facet normal -4.139959e-16  1.895106e-14 -1.000000e+00
   outer loop
     vertex -2.129285e+01  3.215373e+01  2.164526e-10
     vertex -2.177455e+01  3.221648e+01  2.164540e-10
     vertex -2.152983e+01  3.221480e+01  2.164539e-10
   endloop
 endfacet
 facet normal -4.139959e-16  1.895106e-14 -1.000000e+00
   outer loop
     vertex -2.129285e+01  3.215373e+01  2.164526e-10
     vertex -2.107780e+01  3.203693e+01  2.164503e-10
     vertex -2.089756e+01  3.187140e+01  2.164471e-10
   endloop
 endfacet
 facet normal  1.103796e-14  3.498477e-14 -1.000000e+00
   outer loop
     vertex -2.129285e+01  3.215373e+01  2.164526e-10
     vertex -2.089756e+01  3.187140e+01  2.164471e-10
     vertex -2.076292e+01  3.166704e+01  2.164414e-10
   endloop
 endfacet
 facet normal -4.139959e-16  1.895106e-14 -1.000000e+00
   outer loop
     vertex  2.826492e+01  1.551723e+01  2.161151e-10
     vertex  2.819387e+01  1.502816e+01  2.161059e-10
     vertex  1.252877e+01  8.565427e+00  2.159899e-10
   endloop
 endfacet
 facet normal -2.047580e-16  1.886605e-14 -1.000000e+00
   outer loop
     vertex  3.222170e+01  1.444306e+01  2.160931e-10
     vertex  3.807495e+01  8.443820e+00  2.159787e-10
     vertex  3.203568e+01  1.398521e+01  2.160845e-10
   endloop
 endfacet
 facet normal -3.236909e-18  1.939339e-14 -1.000000e+00
   outer loop
     vertex  3.494782e+01  1.731039e+01  2.161480e-10
     vertex  3.180918e+01  1.630323e+01  2.161285e-10
     vertex  3.144704e+01  1.663952e+01  2.161350e-10
   endloop
 endfacet
 facet normal -4.563843e-17  1.961466e-14 -1.000000e+00
   outer loop
     vertex  3.494782e+01  1.731039e+01  2.161480e-10
     vertex  3.144704e+01  1.663952e+01  2.161350e-10
     vertex  3.101495e+01  1.687938e+01  2.161398e-10
   endloop
 endfacet
 facet normal  5.015762e-17  1.911476e-14 -1.000000e+00
   outer loop
     vertex  3.494782e+01  1.731039e+01  2.161480e-10
     vertex  3.807495e+01  8.443820e+00  2.159787e-10
     vertex  3.222170e+01  1.444306e+01  2.160931e-10
   endloop
 endfacet
 facet normal  3.370963e-16  1.884196e-14 -1.000000e+00
   outer loop
     vertex  3.494782e+01  1.731039e+01  2.161480e-10
     vertex  3.222170e+01  1.444306e+01  2.160931e-10
     vertex  3.229275e+01  1.493213e+01  2.161023e-10
   endloop
 endfacet
 facet normal  1.867805e-16  1.900977e-14 -1.000000e+00
   outer loop
     vertex  3.494782e+01  1.731039e+01  2.161480e-10
     vertex  3.229275e+01  1.493213e+01  2.161023e-10
     vertex  3.224468e+01  1.542399e+01  2.161117e-10
   endloop
 endfacet
 facet normal  1.009957e-16  1.913269e-14 -1.000000e+00
   outer loop
     vertex  3.494782e+01  1.731039e+01  2.161480e-10
     vertex  3.224468e+01  1.542399e+01  2.161117e-10
     vertex  3.208031e+01  1.589005e+01  2.161206e-10
   endloop
 endfacet
 facet normal  4.256386e-17  1.925066e-14 -1.000000e+00
   outer loop
     vertex  3.494782e+01  1.731039e+01  2.161480e-10
     vertex  3.208031e+01  1.589005e+01  2.161206e-10
     vertex  3.180918e+01  1.630323e+01  2.161285e-10
   endloop
 endfacet
 facet normal -4.139959e-16  1.895106e-14 -1.000000e+00
   outer loop
     vertex -5.672905e+00  3.149298e+01  2.164319e-10
     vertex -1.155677e+01  2.915516e+01  2.163900e-10
     vertex -1.114390e+01  3.017137e+01  2.164091e-10
   endloop
 endfacet
 facet normal -4.139959e-16  1.895106e-14 -1.000000e+00
   outer loop
     vertex -5.195967e+00  3.136351e+01  2.164292e-10
     vertex -1.220085e+01  2.826728e+01  2.163735e-10
     vertex -1.155677e+01  2.915516e+01  2.163900e-10
   endloop
 endfacet
 facet normal -4.139959e-16  1.895106e-14 -1.000000e+00
   outer loop
     vertex -5.195967e+00  3.136351e+01  2.164292e-10
     vertex -1.155677e+01  2.915516e+01  2.163900e-10
     vertex -5.672905e+00  3.149298e+01  2.164319e-10
   endloop
 endfacet
 facet normal -4.139959e-16  1.895106e-14 -1.000000e+00
   outer loop
     vertex -5.195967e+00  3.136351e+01  2.164292e-10
     vertex -5.324914e+00  1.438551e+01  2.161076e-10
     vertex -1.220085e+01  2.826728e+01  2.163735e-10
   endloop
 endfacet
 facet normal -4.139959e-16  1.895106e-14 -1.000000e+00
   outer loop
     vertex -6.104998e+00  3.173284e+01  2.164366e-10
     vertex -5.672905e+00  3.149298e+01  2.164319e-10
     vertex -1.114390e+01  3.017137e+01  2.164091e-10
   endloop
 endfacet
 facet normal -4.139959e-16  1.895106e-14 -1.000000e+00
   outer loop
     vertex -4.701902e+00  3.135193e+01  2.164288e-10
     vertex -5.324914e+00  1.438551e+01  2.161076e-10
     vertex -5.195967e+00  3.136351e+01  2.164292e-10
   endloop
 endfacet
 facet normal -4.139959e-16  1.895106e-14 -1.000000e+00
   outer loop
     vertex -4.701902e+00  3.135193e+01  2.164288e-10
     vertex -4.228331e+00  1.435982e+01  2.161066e-10
     vertex -5.324914e+00  1.438551e+01  2.161076e-10
   endloop
 endfacet
 facet normal -4.139959e-16  1.895106e-14 -1.000000e+00
   outer loop
     vertex -6.467135e+00  3.206913e+01  2.164431e-10
     vertex -1.114390e+01  3.017137e+01  2.164091e-10
     vertex -1.098621e+01  3.125686e+01  2.164296e-10
   endloop
 endfacet
 facet normal -4.139959e-16  1.895106e-14 -1.000000e+00
   outer loop
     vertex -6.467135e+00  3.206913e+01  2.164431e-10
     vertex -6.104998e+00  3.173284e+01  2.164366e-10
     vertex -1.114390e+01  3.017137e+01  2.164091e-10
   endloop
 endfacet
 facet normal -4.139959e-16  1.895106e-14 -1.000000e+00
   outer loop
     vertex -4.219424e+00  3.145893e+01  2.164307e-10
     vertex -4.228331e+00  1.435982e+01  2.161066e-10
     vertex -4.701902e+00  3.135193e+01  2.164288e-10
   endloop
 endfacet
 facet normal -4.139959e-16  1.895106e-14 -1.000000e+00
   outer loop
     vertex -4.219424e+00  3.145893e+01  2.164307e-10
     vertex -3.169762e+00  1.407244e+01  2.161007e-10
     vertex -4.228331e+00  1.435982e+01  2.161066e-10
   endloop
 endfacet
 facet normal -4.139959e-16  1.895106e-14 -1.000000e+00
   outer loop
     vertex -6.738269e+00  3.248231e+01  2.164511e-10
     vertex -6.467135e+00  3.206913e+01  2.164431e-10
     vertex -1.098621e+01  3.125686e+01  2.164296e-10
   endloop
 endfacet
 facet normal -4.139959e-16  1.895106e-14 -1.000000e+00
   outer loop
     vertex -3.776572e+00  3.167829e+01  2.164346e-10
     vertex -3.169762e+00  1.407244e+01  2.161007e-10
     vertex -4.219424e+00  3.145893e+01  2.164307e-10
   endloop
 endfacet
 facet normal -4.139959e-16  1.895106e-14 -1.000000e+00
   outer loop
     vertex -3.776572e+00  3.167829e+01  2.164346e-10
     vertex -2.210725e+00  1.354009e+01  2.160902e-10
     vertex -3.169762e+00  1.407244e+01  2.161007e-10
   endloop
 endfacet
 facet normal -4.139959e-16  1.895106e-14 -1.000000e+00
   outer loop
     vertex -6.902644e+00  3.294837e+01  2.164600e-10
     vertex -1.098621e+01  3.125686e+01  2.164296e-10
     vertex -1.109289e+01  3.234854e+01  2.164504e-10
   endloop
 endfacet
 facet normal -4.139959e-16  1.895106e-14 -1.000000e+00
   outer loop
     vertex -6.902644e+00  3.294837e+01  2.164600e-10
     vertex -6.738269e+00  3.248231e+01  2.164511e-10
     vertex -1.098621e+01  3.125686e+01  2.164296e-10
   endloop
 endfacet
 facet normal -4.139959e-16  1.895106e-14 -1.000000e+00
   outer loop
     vertex -3.399083e+00  3.199725e+01  2.164405e-10
     vertex -2.210725e+00  1.354009e+01  2.160902e-10
     vertex -3.776572e+00  3.167829e+01  2.164346e-10
   endloop
 endfacet
 facet normal -4.139959e-16  1.895106e-14 -1.000000e+00
   outer loop
     vertex -6.950706e+00  3.344023e+01  2.164693e-10
     vertex -6.902644e+00  3.294837e+01  2.164600e-10
     vertex -1.109289e+01  3.234854e+01  2.164504e-10
   endloop
 endfacet
 facet normal -4.139959e-16  1.895106e-14 -1.000000e+00
   outer loop
     vertex -6.950706e+00  3.344023e+01  2.164693e-10
     vertex -1.109289e+01  3.234854e+01  2.164504e-10
     vertex -1.145772e+01  3.338298e+01  2.164701e-10
   endloop
 endfacet
 facet normal -4.139959e-16  1.895106e-14 -1.000000e+00
   outer loop
     vertex -6.879662e+00  3.392930e+01  2.164786e-10
     vertex -6.950706e+00  3.344023e+01  2.164693e-10
     vertex -1.145772e+01  3.338298e+01  2.164701e-10
   endloop
 endfacet
 facet normal -2.947537e-14  1.627311e-14 -1.000000e+00
   outer loop
     vertex -1.271185e+01  3.618076e+01  2.165254e-10
     vertex -1.260843e+01  3.570613e+01  2.165146e-10
     vertex -1.268940e+01  3.593707e+01  2.165208e-10
   endloop
 endfacet
 facet normal -4.139959e-16  1.895106e-14 -1.000000e+00
   outer loop
     vertex -6.693641e+00  3.438715e+01  2.164872e-10
     vertex -6.879662e+00  3.392930e+01  2.164786e-10
     vertex -1.145772e+01  3.338298e+01  2.164701e-10
   endloop
 endfacet
 facet normal -4.139959e-16  1.895106e-14 -1.000000e+00
   outer loop
     vertex -1.243246e+01  3.684382e+01  2.165378e-10
     vertex -1.267445e+01  3.642261e+01  2.165300e-10
     vertex -1.257942e+01  3.664813e+01  2.165342e-10
   endloop
 endfacet
 facet normal -5.026340e-15  2.160086e-14 -1.000000e+00
   outer loop
     vertex -1.224238e+01  3.699795e+01  2.165407e-10
     vertex -1.260843e+01  3.570613e+01  2.165146e-10
     vertex -1.271185e+01  3.618076e+01  2.165254e-10
   endloop
 endfacet
 facet normal -4.139959e-16  1.895106e-14 -1.000000e+00
   outer loop
     vertex -1.224238e+01  3.699795e+01  2.165407e-10
     vertex -1.267445e+01  3.642261e+01  2.165300e-10
     vertex -1.243246e+01  3.684382e+01  2.165378e-10
   endloop
 endfacet
 facet normal -4.139959e-16  1.895106e-14 -1.000000e+00
   outer loop
     vertex -1.224238e+01  3.699795e+01  2.165407e-10
     vertex -1.271185e+01  3.618076e+01  2.165254e-10
     vertex -1.267445e+01  3.642261e+01  2.165300e-10
   endloop
 endfacet
 facet normal -4.139959e-16  1.895106e-14 -1.000000e+00
   outer loop
     vertex  1.489061e+01  2.799653e+01  2.163571e-10
     vertex  1.051116e+01  9.385158e+00  2.160062e-10
     vertex  9.414582e+00  9.410850e+00  2.160072e-10
   endloop
 endfacet
 facet normal -1.134770e-15  2.049815e-14 -1.000000e+00
   outer loop
     vertex -1.202055e+01  3.710130e+01  2.165425e-10
     vertex -1.260843e+01  3.570613e+01  2.165146e-10
     vertex -1.224238e+01  3.699795e+01  2.165407e-10
   endloop
 endfacet
 facet normal -5.092918e-16  1.940317e-14 -1.000000e+00
   outer loop
     vertex -1.202055e+01  3.710130e+01  2.165425e-10
     vertex -6.693641e+00  3.438715e+01  2.164872e-10
     vertex -1.145772e+01  3.338298e+01  2.164701e-10
   endloop
 endfacet
 facet normal  9.423836e-16  1.962291e-14 -1.000000e+00
   outer loop
     vertex -1.202055e+01  3.710130e+01  2.165425e-10
     vertex -1.145772e+01  3.338298e+01  2.164701e-10
     vertex -1.260843e+01  3.570613e+01  2.165146e-10
   endloop
 endfacet
 facet normal -6.517669e-16  1.912355e-14 -1.000000e+00
   outer loop
     vertex -1.202055e+01  3.710130e+01  2.165425e-10
     vertex -6.403454e+00  3.478718e+01  2.164946e-10
     vertex -6.693641e+00  3.438715e+01  2.164872e-10
   endloop
 endfacet
 facet normal -4.139959e-16  1.895106e-14 -1.000000e+00
   outer loop
     vertex  1.536754e+01  2.786706e+01  2.163545e-10
     vertex  1.051116e+01  9.385158e+00  2.160062e-10
     vertex  1.489061e+01  2.799653e+01  2.163571e-10
   endloop
 endfacet
 facet normal -4.139959e-16  1.895106e-14 -1.000000e+00
   outer loop
     vertex  1.536754e+01  2.786706e+01  2.163545e-10
     vertex  1.156973e+01  9.097784e+00  2.160003e-10
     vertex  1.051116e+01  9.385158e+00  2.160062e-10
   endloop
 endfacet
 facet normal -6.216022e-16  1.919676e-14 -1.000000e+00
   outer loop
     vertex -6.025965e+00  3.510615e+01  2.165005e-10
     vertex -6.403454e+00  3.478718e+01  2.164946e-10
     vertex -1.202055e+01  3.710130e+01  2.165425e-10
   endloop
 endfacet
 facet normal -4.139959e-16  1.895106e-14 -1.000000e+00
   outer loop
     vertex  1.445851e+01  2.823639e+01  2.163619e-10
     vertex  9.414582e+00  9.410850e+00  2.160072e-10
     vertex -1.406958e+00  1.279369e+01  2.160758e-10
   endloop
 endfacet
 facet normal -4.139959e-16  1.895106e-14 -1.000000e+00
   outer loop
     vertex  1.445851e+01  2.823639e+01  2.163619e-10
     vertex  1.489061e+01  2.799653e+01  2.163571e-10
     vertex  9.414582e+00  9.410850e+00  2.160072e-10
   endloop
 endfacet
 facet normal -4.139959e-16  1.895106e-14 -1.000000e+00
   outer loop
     vertex  1.586161e+01  2.785548e+01  2.163541e-10
     vertex  2.826492e+01  1.551723e+01  2.161151e-10
     vertex  1.252877e+01  8.565427e+00  2.159899e-10
   endloop
 endfacet
 facet normal -4.139959e-16  1.895106e-14 -1.000000e+00
   outer loop
     vertex  1.586161e+01  2.785548e+01  2.163541e-10
     vertex  1.156973e+01  9.097784e+00  2.160003e-10
     vertex  1.536754e+01  2.786706e+01  2.163545e-10
   endloop
 endfacet
 facet normal -4.139959e-16  1.895106e-14 -1.000000e+00
   outer loop
     vertex  1.586161e+01  2.785548e+01  2.163541e-10
     vertex  1.252877e+01  8.565427e+00  2.159899e-10
     vertex  1.156973e+01  9.097784e+00  2.160003e-10
   endloop
 endfacet
 facet normal -4.139959e-16  1.895106e-14 -1.000000e+00
   outer loop
     vertex  1.409638e+01  2.857268e+01  2.163684e-10
     vertex  1.445851e+01  2.823639e+01  2.163619e-10
     vertex -1.406958e+00  1.279369e+01  2.160758e-10
   endloop
 endfacet
 facet normal -4.139959e-16  1.895106e-14 -1.000000e+00
   outer loop
     vertex  1.409638e+01  2.857268e+01  2.163684e-10
     vertex -1.406958e+00  1.279369e+01  2.160758e-10
     vertex -2.210725e+00  1.354009e+01  2.160902e-10
   endloop
 endfacet
 facet normal -5.870774e-16  1.930050e-14 -1.000000e+00
   outer loop
     vertex -5.583113e+00  3.532550e+01  2.165045e-10
     vertex -6.025965e+00  3.510615e+01  2.165005e-10
     vertex -1.202055e+01  3.710130e+01  2.165425e-10
   endloop
 endfacet
 facet normal -4.139959e-16  1.895106e-14 -1.000000e+00
   outer loop
     vertex  1.634409e+01  2.796248e+01  2.163559e-10
     vertex  2.845094e+01  1.597508e+01  2.161237e-10
     vertex  2.826492e+01  1.551723e+01  2.161151e-10
   endloop
 endfacet
 facet normal -4.139959e-16  1.895106e-14 -1.000000e+00
   outer loop
     vertex  1.634409e+01  2.796248e+01  2.163559e-10
     vertex  2.826492e+01  1.551723e+01  2.161151e-10
     vertex  1.586161e+01  2.785548e+01  2.163541e-10
   endloop
 endfacet
 facet normal -4.139959e-16  1.895106e-14 -1.000000e+00
   outer loop
     vertex  1.382524e+01  2.898586e+01  2.163763e-10
     vertex -2.210725e+00  1.354009e+01  2.160902e-10
     vertex -3.399083e+00  3.199725e+01  2.164405e-10
   endloop
 endfacet
 facet normal -4.139959e-16  1.895106e-14 -1.000000e+00
   outer loop
     vertex  1.382524e+01  2.898586e+01  2.163763e-10
     vertex  1.409638e+01  2.857268e+01  2.163684e-10
     vertex -2.210725e+00  1.354009e+01  2.160902e-10
   endloop
 endfacet
 facet normal -4.139959e-16  1.895106e-14 -1.000000e+00
   outer loop
     vertex  1.678694e+01  2.818183e+01  2.163599e-10
     vertex  2.874112e+01  1.637511e+01  2.161312e-10
     vertex  2.845094e+01  1.597508e+01  2.161237e-10
   endloop
 endfacet
 facet normal -4.139959e-16  1.895106e-14 -1.000000e+00
   outer loop
     vertex  1.678694e+01  2.818183e+01  2.163599e-10
     vertex  2.845094e+01  1.597508e+01  2.161237e-10
     vertex  1.634409e+01  2.796248e+01  2.163559e-10
   endloop
 endfacet
 facet normal -4.139959e-16  1.895106e-14 -1.000000e+00
   outer loop
     vertex  1.366087e+01  2.945192e+01  2.163852e-10
     vertex -3.399083e+00  3.199725e+01  2.164405e-10
     vertex -3.108896e+00  3.239728e+01  2.164480e-10
   endloop
 endfacet
 facet normal -4.139959e-16  1.895106e-14 -1.000000e+00
   outer loop
     vertex  1.366087e+01  2.945192e+01  2.163852e-10
     vertex  1.382524e+01  2.898586e+01  2.163763e-10
     vertex -3.399083e+00  3.199725e+01  2.164405e-10
   endloop
 endfacet
 facet normal -4.139959e-16  1.895106e-14 -1.000000e+00
   outer loop
     vertex  1.361280e+01  2.994378e+01  2.163946e-10
     vertex -3.108896e+00  3.239728e+01  2.164480e-10
     vertex -2.922875e+00  3.285513e+01  2.164566e-10
   endloop
 endfacet
 facet normal -4.139959e-16  1.895106e-14 -1.000000e+00
   outer loop
     vertex  1.361280e+01  2.994378e+01  2.163946e-10
     vertex  1.366087e+01  2.945192e+01  2.163852e-10
     vertex -3.108896e+00  3.239728e+01  2.164480e-10
   endloop
 endfacet
 facet normal -3.540817e-16  1.917176e-14 -1.000000e+00
   outer loop
     vertex  2.989739e+01  2.504288e+01  2.162967e-10
     vertex  3.101495e+01  1.687938e+01  2.161398e-10
     vertex  3.053801e+01  1.700885e+01  2.161424e-10
   endloop
 endfacet
 facet normal -4.089277e-16  1.916739e-14 -1.000000e+00
   outer loop
     vertex  2.989739e+01  2.504288e+01  2.162967e-10
     vertex  3.053801e+01  1.700885e+01  2.161424e-10
     vertex  3.004394e+01  1.702043e+01  2.161428e-10
   endloop
 endfacet
 facet normal -4.617562e-16  1.916642e-14 -1.000000e+00
   outer loop
     vertex  2.989739e+01  2.504288e+01  2.162967e-10
     vertex  3.004394e+01  1.702043e+01  2.161428e-10
     vertex  2.956146e+01  1.691343e+01  2.161410e-10
   endloop
 endfacet
 facet normal -5.218998e-16  1.916891e-14 -1.000000e+00
   outer loop
     vertex  2.989739e+01  2.504288e+01  2.162967e-10
     vertex  2.956146e+01  1.691343e+01  2.161410e-10
     vertex  2.911861e+01  1.669408e+01  2.161370e-10
   endloop
 endfacet
 facet normal -6.045834e-16  1.917662e-14 -1.000000e+00
   outer loop
     vertex  2.989739e+01  2.504288e+01  2.162967e-10
     vertex  2.911861e+01  1.669408e+01  2.161370e-10
     vertex  2.874112e+01  1.637511e+01  2.161312e-10
   endloop
 endfacet
 facet normal -2.393411e-16  1.912790e-14 -1.000000e+00
   outer loop
     vertex  2.989739e+01  2.504288e+01  2.162967e-10
     vertex  2.874112e+01  1.637511e+01  2.161312e-10
     vertex  1.678694e+01  2.818183e+01  2.163599e-10
   endloop
 endfacet
 facet normal -3.108943e-16  1.882904e-14 -1.000000e+00
   outer loop
     vertex  2.989739e+01  2.504288e+01  2.162967e-10
     vertex  1.678694e+01  2.818183e+01  2.163599e-10
     vertex  1.716443e+01  2.850079e+01  2.163657e-10
   endloop
 endfacet
 facet normal -2.377086e-18  1.921991e-14 -1.000000e+00
   outer loop
     vertex  2.989739e+01  2.504288e+01  2.162967e-10
     vertex  3.494782e+01  1.731039e+01  2.161480e-10
     vertex  3.101495e+01  1.687938e+01  2.161398e-10
   endloop
 endfacet
 facet normal  1.430665e-16  1.931661e-14 -1.000000e+00
   outer loop
     vertex -2.959225e+00  3.888757e+01  2.165726e-10
     vertex -3.064267e+00  3.430212e+01  2.164841e-10
     vertex -3.335402e+00  3.471530e+01  2.164920e-10
   endloop
 endfacet
 facet normal -5.772551e-17  1.933472e-14 -1.000000e+00
   outer loop
     vertex -2.959225e+00  3.888757e+01  2.165726e-10
     vertex -3.335402e+00  3.471530e+01  2.164920e-10
     vertex -3.697539e+00  3.505159e+01  2.164985e-10
   endloop
 endfacet
 facet normal -1.871990e-16  1.935964e-14 -1.000000e+00
   outer loop
     vertex -2.959225e+00  3.888757e+01  2.165726e-10
     vertex -3.697539e+00  3.505159e+01  2.164985e-10
     vertex -4.129632e+00  3.529145e+01  2.165032e-10
   endloop
 endfacet
 facet normal -2.936714e-16  1.939429e-14 -1.000000e+00
   outer loop
     vertex -2.959225e+00  3.888757e+01  2.165726e-10
     vertex -4.129632e+00  3.529145e+01  2.165032e-10
     vertex -4.606570e+00  3.542092e+01  2.165059e-10
   endloop
 endfacet
 facet normal -4.024011e-16  1.944596e-14 -1.000000e+00
   outer loop
     vertex -2.959225e+00  3.888757e+01  2.165726e-10
     vertex -4.606570e+00  3.542092e+01  2.165059e-10
     vertex -5.100635e+00  3.543250e+01  2.165063e-10
   endloop
 endfacet
 facet normal -5.430847e-16  1.953315e-14 -1.000000e+00
   outer loop
     vertex -2.959225e+00  3.888757e+01  2.165726e-10
     vertex -5.100635e+00  3.543250e+01  2.165063e-10
     vertex -5.583113e+00  3.532550e+01  2.165045e-10
   endloop
 endfacet
 facet normal -5.263074e-16  1.952079e-14 -1.000000e+00
   outer loop
     vertex -2.959225e+00  3.888757e+01  2.165726e-10
     vertex -5.583113e+00  3.532550e+01  2.165045e-10
     vertex -1.202055e+01  3.710130e+01  2.165425e-10
   endloop
 endfacet
 facet normal -2.224623e-16  1.915467e-14 -1.000000e+00
   outer loop
     vertex  2.317030e+01  3.137096e+01  2.164194e-10
     vertex  2.989739e+01  2.504288e+01  2.162967e-10
     vertex  1.716443e+01  2.850079e+01  2.163657e-10
   endloop
 endfacet
 facet normal  2.810399e-17  1.863036e-14 -1.000000e+00
   outer loop
     vertex  2.317030e+01  3.137096e+01  2.164194e-10
     vertex  1.716443e+01  2.850079e+01  2.163657e-10
     vertex  1.745462e+01  2.890083e+01  2.163732e-10
   endloop
 endfacet
 facet normal -4.585352e-17  1.880149e-14 -1.000000e+00
   outer loop
     vertex  2.317030e+01  3.137096e+01  2.164194e-10
     vertex  1.745462e+01  2.890083e+01  2.163732e-10
     vertex  1.764064e+01  2.935868e+01  2.163818e-10
   endloop
 endfacet
 facet normal -8.277456e-17  1.890295e-14 -1.000000e+00
   outer loop
     vertex  2.317030e+01  3.137096e+01  2.164194e-10
     vertex  1.764064e+01  2.935868e+01  2.163818e-10
     vertex  1.771168e+01  2.984775e+01  2.163910e-10
   endloop
 endfacet
 facet normal -1.046361e-16  1.898129e-14 -1.000000e+00
   outer loop
     vertex  2.317030e+01  3.137096e+01  2.164194e-10
     vertex  1.771168e+01  2.984775e+01  2.163910e-10
     vertex  1.766362e+01  3.033961e+01  2.164004e-10
   endloop
 endfacet
 facet normal -1.184940e-16  1.905528e-14 -1.000000e+00
   outer loop
     vertex  2.317030e+01  3.137096e+01  2.164194e-10
     vertex  1.766362e+01  3.033961e+01  2.164004e-10
     vertex  1.749924e+01  3.080567e+01  2.164093e-10
   endloop
 endfacet
 facet normal -1.268855e-16  1.913947e-14 -1.000000e+00
   outer loop
     vertex  2.317030e+01  3.137096e+01  2.164194e-10
     vertex  1.749924e+01  3.080567e+01  2.164093e-10
     vertex  1.722811e+01  3.121885e+01  2.164172e-10
   endloop
 endfacet
 facet normal -1.298941e-16  1.925700e-14 -1.000000e+00
   outer loop
     vertex  2.317030e+01  3.137096e+01  2.164194e-10
     vertex  1.722811e+01  3.121885e+01  2.164172e-10
     vertex  1.686597e+01  3.155514e+01  2.164237e-10
   endloop
 endfacet
 facet normal -3.978350e-16  1.932900e-14 -1.000000e+00
   outer loop
     vertex  6.268051e+00  3.849301e+01  2.165613e-10
     vertex -3.064267e+00  3.430212e+01  2.164841e-10
     vertex -2.959225e+00  3.888757e+01  2.165726e-10
   endloop
 endfacet
 facet normal -2.067892e-16  1.892096e-14 -1.000000e+00
   outer loop
     vertex  6.268051e+00  3.849301e+01  2.165613e-10
     vertex -2.922875e+00  3.285513e+01  2.164566e-10
     vertex -2.851831e+00  3.334420e+01  2.164658e-10
   endloop
 endfacet
 facet normal -2.337274e-16  1.896868e-14 -1.000000e+00
   outer loop
     vertex  6.268051e+00  3.849301e+01  2.165613e-10
     vertex -2.851831e+00  3.334420e+01  2.164658e-10
     vertex -2.899893e+00  3.383606e+01  2.164752e-10
   endloop
 endfacet
 facet normal -2.535278e-16  1.900766e-14 -1.000000e+00
   outer loop
     vertex  6.268051e+00  3.849301e+01  2.165613e-10
     vertex -2.899893e+00  3.383606e+01  2.164752e-10
     vertex -3.064267e+00  3.430212e+01  2.164841e-10
   endloop
 endfacet
 facet normal -5.462499e-16  1.904700e-14 -1.000000e+00
   outer loop
     vertex  6.268051e+00  3.849301e+01  2.165613e-10
     vertex  1.416006e+01  3.129073e+01  2.164199e-10
     vertex  1.386987e+01  3.089070e+01  2.164124e-10
   endloop
 endfacet
 facet normal -3.719037e-16  1.919014e-14 -1.000000e+00
   outer loop
     vertex  6.268051e+00  3.849301e+01  2.165613e-10
     vertex  1.361280e+01  2.994378e+01  2.163946e-10
     vertex -2.922875e+00  3.285513e+01  2.164566e-10
   endloop
 endfacet
 facet normal -5.762629e-16  1.901699e-14 -1.000000e+00
   outer loop
     vertex  6.268051e+00  3.849301e+01  2.165613e-10
     vertex  1.386987e+01  3.089070e+01  2.164124e-10
     vertex  1.368385e+01  3.043285e+01  2.164038e-10
   endloop
 endfacet
 facet normal -6.160216e-16  1.898041e-14 -1.000000e+00
   outer loop
     vertex  6.268051e+00  3.849301e+01  2.165613e-10
     vertex  1.368385e+01  3.043285e+01  2.164038e-10
     vertex  1.361280e+01  2.994378e+01  2.163946e-10
   endloop
 endfacet
 facet normal -1.239451e-16  1.946063e-14 -1.000000e+00
   outer loop
     vertex  1.514381e+01  3.593974e+01  2.165093e-10
     vertex  2.317030e+01  3.137096e+01  2.164194e-10
     vertex  1.686597e+01  3.155514e+01  2.164237e-10
   endloop
 endfacet
 facet normal -1.331449e-16  1.945702e-14 -1.000000e+00
   outer loop
     vertex  1.514381e+01  3.593974e+01  2.165093e-10
     vertex  1.686597e+01  3.155514e+01  2.164237e-10
     vertex  1.643388e+01  3.179499e+01  2.164285e-10
   endloop
 endfacet
 facet normal -2.898874e-16  1.940823e-14 -1.000000e+00
   outer loop
     vertex  1.514381e+01  3.593974e+01  2.165093e-10
     vertex  1.643388e+01  3.179499e+01  2.164285e-10
     vertex  1.595694e+01  3.192447e+01  2.164311e-10
   endloop
 endfacet
 facet normal -4.038257e-16  1.938515e-14 -1.000000e+00
   outer loop
     vertex  1.514381e+01  3.593974e+01  2.165093e-10
     vertex  1.595694e+01  3.192447e+01  2.164311e-10
     vertex  1.546288e+01  3.193605e+01  2.164315e-10
   endloop
 endfacet
 facet normal -5.084152e-16  1.937682e-14 -1.000000e+00
   outer loop
     vertex  1.514381e+01  3.593974e+01  2.165093e-10
     vertex  1.546288e+01  3.193605e+01  2.164315e-10
     vertex  1.498040e+01  3.182905e+01  2.164297e-10
   endloop
 endfacet
 facet normal -6.272213e-16  1.938154e-14 -1.000000e+00
   outer loop
     vertex  1.514381e+01  3.593974e+01  2.165093e-10
     vertex  1.498040e+01  3.182905e+01  2.164297e-10
     vertex  1.453755e+01  3.160969e+01  2.164257e-10
   endloop
 endfacet
 facet normal -7.979272e-16  1.940544e-14 -1.000000e+00
   outer loop
     vertex  1.514381e+01  3.593974e+01  2.165093e-10
     vertex  1.453755e+01  3.160969e+01  2.164257e-10
     vertex  1.416006e+01  3.129073e+01  2.164199e-10
   endloop
 endfacet
 facet normal -3.128153e-16  1.930279e-14 -1.000000e+00
   outer loop
     vertex  1.514381e+01  3.593974e+01  2.165093e-10
     vertex  1.416006e+01  3.129073e+01  2.164199e-10
     vertex  6.268051e+00  3.849301e+01  2.165613e-10
   endloop
 endfacet
 facet normal -9.423496e-01 -3.346299e-01 -6.319603e-15
   outer loop
     vertex -3.803837e+01 -8.607124e+00  2.156871e-10
     vertex -3.494782e+01 -1.731039e+01  2.155209e-10
     vertex -3.494782e+01 -1.731039e+01  7.000000e+00
   endloop
 endfacet
 facet normal -9.423496e-01 -3.346299e-01 -6.283891e-15
   outer loop
     vertex -3.803837e+01 -8.607124e+00  2.156871e-10
     vertex -3.494782e+01 -1.731039e+01  7.000000e+00
     vertex -3.803837e+01 -8.607124e+00  7.000000e+00
   endloop
 endfacet
 facet normal -9.910985e-01  1.331309e-01  3.607394e-15
   outer loop
     vertex -3.899570e+01  5.788327e-01  2.158616e-10
     vertex -3.899570e+01  5.788327e-01  7.000000e+00
     vertex -3.776615e+01  9.732329e+00  7.000000e+00
   endloop
 endfacet
 facet normal -9.946132e-01 -1.036560e-01 -1.015838e-15
   outer loop
     vertex -3.899570e+01  5.788327e-01  2.158616e-10
     vertex -3.803837e+01 -8.607124e+00  7.000000e+00
     vertex -3.899570e+01  5.788327e-01  7.000000e+00
   endloop
 endfacet
 facet normal -9.946132e-01 -1.036560e-01 -1.950834e-15
   outer loop
     vertex -3.899570e+01  5.788327e-01  2.158616e-10
     vertex -3.803837e+01 -8.607124e+00  2.156871e-10
     vertex -3.803837e+01 -8.607124e+00  7.000000e+00
   endloop
 endfacet
 facet normal -9.910985e-01  1.331309e-01  2.466232e-15
   outer loop
     vertex -3.776615e+01  9.732329e+00  2.160345e-10
     vertex -3.899570e+01  5.788327e-01  2.158616e-10
     vertex -3.776615e+01  9.732329e+00  7.000000e+00
   endloop
 endfacet
 facet normal -9.320025e-01  3.624518e-01  6.438438e-15
   outer loop
     vertex -3.441865e+01  1.834003e+01  2.161963e-10
     vertex -3.776615e+01  9.732329e+00  7.000000e+00
     vertex -3.441865e+01  1.834003e+01  7.000000e+00
   endloop
 endfacet
 facet normal -9.320025e-01  3.624518e-01  6.759228e-15
   outer loop
     vertex -3.441865e+01  1.834003e+01  2.161963e-10
     vertex -3.776615e+01  9.732329e+00  2.160345e-10
     vertex -3.776615e+01  9.732329e+00  7.000000e+00
   endloop
 endfacet
 facet normal -8.206395e-01  5.714463e-01  1.285056e-14
   outer loop
     vertex -2.914094e+01  2.591922e+01  2.163377e-10
     vertex -3.441865e+01  1.834003e+01  7.000000e+00
     vertex -2.914094e+01  2.591922e+01  7.000000e+00
   endloop
 endfacet
 facet normal -8.206395e-01  5.714463e-01  1.022127e-14
   outer loop
     vertex -2.914094e+01  2.591922e+01  2.163377e-10
     vertex -3.441865e+01  1.834003e+01  2.161963e-10
     vertex -3.441865e+01  1.834003e+01  7.000000e+00
   endloop
 endfacet
 facet normal -6.632546e-01  7.483938e-01  1.477026e-14
   outer loop
     vertex -2.222899e+01  3.204484e+01  2.164509e-10
     vertex -2.914094e+01  2.591922e+01  7.000000e+00
     vertex -2.222899e+01  3.204484e+01  7.000000e+00
   endloop
 endfacet
 facet normal -6.632546e-01  7.483938e-01  1.626611e-14
   outer loop
     vertex -2.222899e+01  3.204484e+01  2.164509e-10
     vertex -2.914094e+01  2.591922e+01  2.163377e-10
     vertex -2.914094e+01  2.591922e+01  7.000000e+00
   endloop
 endfacet
 facet normal  9.434907e-01  3.313989e-01  5.336217e-15
   outer loop
     vertex  2.783972e+01  6.099179e+00  7.000000e+00
     vertex  2.553879e+01  1.264990e+01  7.000000e+00
     vertex  2.553879e+01  1.264990e+01  1.750000e+01
   endloop
 endfacet
 facet normal  9.434907e-01  3.313989e-01  6.335348e-15
   outer loop
     vertex  2.783972e+01  6.099179e+00  7.000000e+00
     vertex  2.553879e+01  1.264990e+01  1.750000e+01
     vertex  2.783972e+01  6.099179e+00  1.750000e+01
   endloop
 endfacet
 facet normal  9.956262e-01  9.342649e-02  7.596057e-16
   outer loop
     vertex  2.848839e+01 -8.135230e-01  7.000000e+00
     vertex  2.783972e+01  6.099179e+00  1.750000e+01
     vertex  2.848839e+01 -8.135230e-01  1.750000e+01
   endloop
 endfacet
 facet normal  9.956262e-01  9.342649e-02  1.778739e-15
   outer loop
     vertex  2.848839e+01 -8.135230e-01  7.000000e+00
     vertex  2.783972e+01  6.099179e+00  7.000000e+00
     vertex  2.783972e+01  6.099179e+00  1.750000e+01
   endloop
 endfacet
 facet normal  9.886722e-01 -1.500907e-01 -2.818498e-15
   outer loop
     vertex  2.744630e+01 -7.677943e+00  7.000000e+00
     vertex  2.848839e+01 -8.135230e-01  1.750000e+01
     vertex  2.744630e+01 -7.677943e+00  1.750000e+01
   endloop
 endfacet
 facet normal  9.886722e-01 -1.500907e-01 -3.849874e-15
   outer loop
     vertex  2.744630e+01 -7.677943e+00  7.000000e+00
     vertex  2.848839e+01 -8.135230e-01  7.000000e+00
     vertex  2.848839e+01 -8.135230e-01  1.750000e+01
   endloop
 endfacet
 facet normal  9.230416e-01 -3.847002e-01 -7.354307e-15
   outer loop
     vertex  2.477530e+01 -1.408668e+01  7.000000e+00
     vertex  2.744630e+01 -7.677943e+00  1.750000e+01
     vertex  2.477530e+01 -1.408668e+01  1.750000e+01
   endloop
 endfacet
 facet normal  9.230416e-01 -3.847002e-01 -7.212422e-15
   outer loop
     vertex  2.477530e+01 -1.408668e+01  7.000000e+00
     vertex  2.744630e+01 -7.677943e+00  7.000000e+00
     vertex  2.744630e+01 -7.677943e+00  1.750000e+01
   endloop
 endfacet
 facet normal  6.345819e-01 -7.728556e-01 -1.438242e-14
   outer loop
     vertex  2.063391e+01 -1.965940e+01  7.000000e+00
     vertex  2.063391e+01 -1.965940e+01  1.750000e+01
     vertex  1.526792e+01 -2.406534e+01  1.750000e+01
   endloop
 endfacet
 facet normal  8.026294e-01 -5.964781e-01 -1.110013e-14
   outer loop
     vertex  2.063391e+01 -1.965940e+01  7.000000e+00
     vertex  2.477530e+01 -1.408668e+01  1.750000e+01
     vertex  2.063391e+01 -1.965940e+01  1.750000e+01
   endloop
 endfacet
 facet normal  8.026294e-01 -5.964781e-01 -1.140342e-14
   outer loop
     vertex  2.063391e+01 -1.965940e+01  7.000000e+00
     vertex  2.477530e+01 -1.408668e+01  7.000000e+00
     vertex  2.477530e+01 -1.408668e+01  1.750000e+01
   endloop
 endfacet
 facet normal  6.345819e-01 -7.728556e-01 -1.471828e-14
   outer loop
     vertex  1.526792e+01 -2.406534e+01  7.000000e+00
     vertex  2.063391e+01 -1.965940e+01  7.000000e+00
     vertex  1.526792e+01 -2.406534e+01  1.750000e+01
   endloop
 endfacet
 facet normal  9.430654e-01  3.326073e-01  8.315915e-15
   outer loop
     vertex  1.708491e+01  3.788894e+00  6.000000e+00
     vertex  1.568172e+01  7.767483e+00  6.000000e+00
     vertex  1.568172e+01  7.767483e+00  8.000000e+00
   endloop
 endfacet
 facet normal  9.430654e-01  3.326073e-01  4.750047e-15
   outer loop
     vertex  1.708491e+01  3.788894e+00  6.000000e+00
     vertex  1.568172e+01  7.767483e+00  8.000000e+00
     vertex  1.708491e+01  3.788894e+00  8.000000e+00
   endloop
 endfacet
 facet normal  9.952598e-01  9.725197e-02  1.900296e-15
   outer loop
     vertex  1.749520e+01 -4.098923e-01  6.000000e+00
     vertex  1.708491e+01  3.788894e+00  8.000000e+00
     vertex  1.749520e+01 -4.098923e-01  8.000000e+00
   endloop
 endfacet
 facet normal  9.952598e-01  9.725197e-02  1.052647e-16
   outer loop
     vertex  1.749520e+01 -4.098923e-01  6.000000e+00
     vertex  1.708491e+01  3.788894e+00  6.000000e+00
     vertex  1.708491e+01  3.788894e+00  8.000000e+00
   endloop
 endfacet
 facet normal  9.896133e-01 -1.437553e-01 -2.681287e-15
   outer loop
     vertex  1.688873e+01 -4.584857e+00  6.000000e+00
     vertex  1.749520e+01 -4.098923e-01  8.000000e+00
     vertex  1.688873e+01 -4.584857e+00  8.000000e+00
   endloop
 endfacet
 facet normal  9.896133e-01 -1.437553e-01 -2.789516e-15
   outer loop
     vertex  1.688873e+01 -4.584857e+00  6.000000e+00
     vertex  1.749520e+01 -4.098923e-01  6.000000e+00
     vertex  1.749520e+01 -4.098923e-01  8.000000e+00
   endloop
 endfacet
 facet normal  9.264540e-01 -3.764079e-01 -5.374953e-15
   outer loop
     vertex  1.530074e+01 -8.493366e+00  6.000000e+00
     vertex  1.688873e+01 -4.584857e+00  8.000000e+00
     vertex  1.530074e+01 -8.493366e+00  8.000000e+00
   endloop
 endfacet
 facet normal  9.264540e-01 -3.764079e-01 -7.052738e-15
   outer loop
     vertex  1.530074e+01 -8.493366e+00  6.000000e+00
     vertex  1.688873e+01 -4.584857e+00  6.000000e+00
     vertex  1.688873e+01 -4.584857e+00  8.000000e+00
   endloop
 endfacet
 facet normal  8.094526e-01 -5.871852e-01 -8.471102e-15
   outer loop
     vertex  1.282354e+01 -1.190827e+01  6.000000e+00
     vertex  1.530074e+01 -8.493366e+00  8.000000e+00
     vertex  1.282354e+01 -1.190827e+01  8.000000e+00
   endloop
 endfacet
 facet normal  8.094526e-01 -5.871852e-01 -9.473827e-15
   outer loop
     vertex  1.282354e+01 -1.190827e+01  6.000000e+00
     vertex  1.530074e+01 -8.493366e+00  6.000000e+00
     vertex  1.530074e+01 -8.493366e+00  8.000000e+00
   endloop
 endfacet
 facet normal  6.454088e-01 -7.638373e-01 -1.231681e-14
   outer loop
     vertex  9.601071e+00 -1.463111e+01  6.000000e+00
     vertex  1.282354e+01 -1.190827e+01  8.000000e+00
     vertex  9.601071e+00 -1.463111e+01  8.000000e+00
   endloop
 endfacet
 facet normal  6.454088e-01 -7.638373e-01 -1.157912e-14
   outer loop
     vertex  9.601071e+00 -1.463111e+01  6.000000e+00
     vertex  1.282354e+01 -1.190827e+01  6.000000e+00
     vertex  1.282354e+01 -1.190827e+01  8.000000e+00
   endloop
 endfacet
 facet normal  4.438562e-01 -8.960980e-01 -1.611501e-14
   outer loop
     vertex  5.820627e+00 -1.650365e+01  6.000000e+00
     vertex  9.601071e+00 -1.463111e+01  8.000000e+00
     vertex  5.820627e+00 -1.650365e+01  8.000000e+00
   endloop
 endfacet
 facet normal  4.438562e-01 -8.960980e-01 -1.473706e-14
   outer loop
     vertex  5.820627e+00 -1.650365e+01  6.000000e+00
     vertex  9.601071e+00 -1.463111e+01  6.000000e+00
     vertex  9.601071e+00 -1.463111e+01  8.000000e+00
   endloop
 endfacet
 facet normal  2.165082e-01 -9.762808e-01 -1.907645e-14
   outer loop
     vertex  1.701910e+00 -1.741705e+01  6.000000e+00
     vertex  5.820627e+00 -1.650365e+01  8.000000e+00
     vertex  1.701910e+00 -1.741705e+01  8.000000e+00
   endloop
 endfacet
 facet normal  2.165082e-01 -9.762808e-01 -1.747395e-14
   outer loop
     vertex  1.701910e+00 -1.741705e+01  6.000000e+00
     vertex  5.820627e+00 -1.650365e+01  6.000000e+00
     vertex  5.820627e+00 -1.650365e+01  8.000000e+00
   endloop
 endfacet
 facet normal -2.342242e-02 -9.997257e-01 -1.952416e-14
   outer loop
     vertex -2.515717e+00 -1.731823e+01  6.000000e+00
     vertex  1.701910e+00 -1.741705e+01  8.000000e+00
     vertex -2.515717e+00 -1.731823e+01  8.000000e+00
   endloop
 endfacet
 facet normal -2.342242e-02 -9.997257e-01 -1.953977e-14
   outer loop
     vertex -2.515717e+00 -1.731823e+01  6.000000e+00
     vertex  1.701910e+00 -1.741705e+01  6.000000e+00
     vertex  1.701910e+00 -1.741705e+01  8.000000e+00
   endloop
 endfacet
 facet normal -2.619918e-01 -9.650701e-01 -1.714309e-14
   outer loop
     vertex -6.587139e+00 -1.621295e+01  6.000000e+00
     vertex -2.515717e+00 -1.731823e+01  8.000000e+00
     vertex -6.587139e+00 -1.621295e+01  8.000000e+00
   endloop
 endfacet
 facet normal -2.619918e-01 -9.650701e-01 -1.873712e-14
   outer loop
     vertex -6.587139e+00 -1.621295e+01  6.000000e+00
     vertex -2.515717e+00 -1.731823e+01  6.000000e+00
     vertex -2.515717e+00 -1.731823e+01  8.000000e+00
   endloop
 endfacet
 facet normal -4.853352e-01 -8.743282e-01 -1.673881e-14
   outer loop
     vertex -1.027574e+01 -1.416542e+01  6.000000e+00
     vertex -6.587139e+00 -1.621295e+01  8.000000e+00
     vertex -1.027574e+01 -1.416542e+01  8.000000e+00
   endloop
 endfacet
 facet normal -4.853352e-01 -8.743282e-01 -1.547392e-14
   outer loop
     vertex -1.027574e+01 -1.416542e+01  6.000000e+00
     vertex -6.587139e+00 -1.621295e+01  6.000000e+00
     vertex -6.587139e+00 -1.621295e+01  8.000000e+00
   endloop
 endfacet
 facet normal -6.804727e-01 -7.327735e-01 -1.487627e-14
   outer loop
     vertex -1.336715e+01 -1.129465e+01  6.000000e+00
     vertex -1.027574e+01 -1.416542e+01  8.000000e+00
     vertex -1.336715e+01 -1.129465e+01  8.000000e+00
   endloop
 endfacet
 facet normal -6.804727e-01 -7.327735e-01 -1.431601e-14
   outer loop
     vertex -1.336715e+01 -1.129465e+01  6.000000e+00
     vertex -1.027574e+01 -1.416542e+01  6.000000e+00
     vertex -1.027574e+01 -1.416542e+01  8.000000e+00
   endloop
 endfacet
 facet normal -8.360635e-01 -5.486326e-01 -9.734025e-15
   outer loop
     vertex -1.568172e+01 -7.767483e+00  6.000000e+00
     vertex -1.336715e+01 -1.129465e+01  8.000000e+00
     vertex -1.568172e+01 -7.767483e+00  8.000000e+00
   endloop
 endfacet
 facet normal -8.360635e-01 -5.486326e-01 -1.178965e-14
   outer loop
     vertex -1.568172e+01 -7.767483e+00  6.000000e+00
     vertex -1.336715e+01 -1.129465e+01  6.000000e+00
     vertex -1.336715e+01 -1.129465e+01  8.000000e+00
   endloop
 endfacet
 facet normal  7.463599e-16 -1.947696e-14  1.000000e+00
   outer loop
     vertex -5.646119e+00 -1.389681e+01  8.000000e+00
     vertex -1.027574e+01 -1.416542e+01  8.000000e+00
     vertex -6.587139e+00 -1.621295e+01  8.000000e+00
   endloop
 endfacet
 facet normal  1.613372e-16 -1.869145e-14  1.000000e+00
   outer loop
     vertex -2.156329e+00 -1.484420e+01  8.000000e+00
     vertex -6.587139e+00 -1.621295e+01  8.000000e+00
     vertex -2.515717e+00 -1.731823e+01  8.000000e+00
   endloop
 endfacet
 facet normal  3.548558e-16 -1.931789e-14  1.000000e+00
   outer loop
     vertex -2.156329e+00 -1.484420e+01  8.000000e+00
     vertex -5.646119e+00 -1.389681e+01  8.000000e+00
     vertex -6.587139e+00 -1.621295e+01  8.000000e+00
   endloop
 endfacet
 facet normal  6.628100e-16 -1.803694e-14  1.000000e+00
   outer loop
     vertex -8.807778e+00 -1.214179e+01  8.000000e+00
     vertex -1.027574e+01 -1.416542e+01  8.000000e+00
     vertex -5.646119e+00 -1.389681e+01  8.000000e+00
   endloop
 endfacet
 facet normal  4.083955e-16 -1.852219e-14  1.000000e+00
   outer loop
     vertex  1.458780e+00 -1.492890e+01  8.000000e+00
     vertex -2.515717e+00 -1.731823e+01  8.000000e+00
     vertex  1.701910e+00 -1.741705e+01  8.000000e+00
   endloop
 endfacet
 facet normal  5.435209e-16 -1.874696e-14  1.000000e+00
   outer loop
     vertex  1.458780e+00 -1.492890e+01  8.000000e+00
     vertex -2.156329e+00 -1.484420e+01  8.000000e+00
     vertex -2.515717e+00 -1.731823e+01  8.000000e+00
   endloop
 endfacet
 facet normal -5.544758e-16 -1.916032e-14  1.000000e+00
   outer loop
     vertex -1.145756e+01 -9.681132e+00  8.000000e+00
     vertex -1.336715e+01 -1.129465e+01  8.000000e+00
     vertex -1.027574e+01 -1.416542e+01  8.000000e+00
   endloop
 endfacet
 facet normal  1.474344e-15 -1.862563e-14  1.000000e+00
   outer loop
     vertex -1.145756e+01 -9.681132e+00  8.000000e+00
     vertex -1.027574e+01 -1.416542e+01  8.000000e+00
     vertex -8.807778e+00 -1.214179e+01  8.000000e+00
   endloop
 endfacet
 facet normal  8.291527e-16 -1.929699e-14  1.000000e+00
   outer loop
     vertex  4.989109e+00 -1.414598e+01  8.000000e+00
     vertex  1.701910e+00 -1.741705e+01  8.000000e+00
     vertex  5.820627e+00 -1.650365e+01  8.000000e+00
   endloop
 endfacet
 facet normal  8.919158e-17 -1.855338e-14  1.000000e+00
   outer loop
     vertex  4.989109e+00 -1.414598e+01  8.000000e+00
     vertex  1.458780e+00 -1.492890e+01  8.000000e+00
     vertex  1.701910e+00 -1.741705e+01  8.000000e+00
   endloop
 endfacet
 facet normal  2.600204e-16 -1.949772e-14  1.000000e+00
   outer loop
     vertex  9.601071e+00 -1.463111e+01  8.000000e+00
     vertex  4.989109e+00 -1.414598e+01  8.000000e+00
     vertex  5.820627e+00 -1.650365e+01  8.000000e+00
   endloop
 endfacet
 facet normal  7.595860e-16 -1.914276e-14  1.000000e+00
   outer loop
     vertex -1.344147e+01 -6.657842e+00  8.000000e+00
     vertex -1.568172e+01 -7.767483e+00  8.000000e+00
     vertex -1.336715e+01 -1.129465e+01  8.000000e+00
   endloop
 endfacet
 facet normal -5.515545e-16 -1.916378e-14  1.000000e+00
   outer loop
     vertex -1.344147e+01 -6.657842e+00  8.000000e+00
     vertex -1.336715e+01 -1.129465e+01  8.000000e+00
     vertex -1.145756e+01 -9.681132e+00  8.000000e+00
   endloop
 endfacet
 facet normal  3.697637e-16 -1.845443e-14  1.000000e+00
   outer loop
     vertex  8.229489e+00 -1.254095e+01  8.000000e+00
     vertex  4.989109e+00 -1.414598e+01  8.000000e+00
     vertex  9.601071e+00 -1.463111e+01  8.000000e+00
   endloop
 endfacet
 facet normal -9.599453e-16 -1.864420e-14  1.000000e+00
   outer loop
     vertex -1.464421e+01 -3.247623e+00  8.000000e+00
     vertex -1.708491e+01 -3.788894e+00  8.000000e+00
     vertex -1.568172e+01 -7.767483e+00  8.000000e+00
   endloop
 endfacet
 facet normal  7.015460e-16 -1.902559e-14  1.000000e+00
   outer loop
     vertex -1.464421e+01 -3.247623e+00  8.000000e+00
     vertex -1.568172e+01 -7.767483e+00  8.000000e+00
     vertex -1.344147e+01 -6.657842e+00  8.000000e+00
   endloop
 endfacet
 facet normal  2.337987e-16 -1.854365e-14  1.000000e+00
   outer loop
     vertex  1.099160e+01 -1.020709e+01  8.000000e+00
     vertex  9.601071e+00 -1.463111e+01  8.000000e+00
     vertex  1.282354e+01 -1.190827e+01  8.000000e+00
   endloop
 endfacet
 facet normal  2.337987e-16 -1.854365e-14  1.000000e+00
   outer loop
     vertex  1.099160e+01 -1.020709e+01  8.000000e+00
     vertex  8.229489e+00 -1.254095e+01  8.000000e+00
     vertex  9.601071e+00 -1.463111e+01  8.000000e+00
   endloop
 endfacet
 facet normal  1.660242e-15 -2.014486e-14  1.000000e+00
   outer loop
     vertex -1.499588e+01  3.513362e-01  8.000000e+00
     vertex -1.749520e+01  4.098923e-01  8.000000e+00
     vertex -1.708491e+01 -3.788894e+00  8.000000e+00
   endloop
 endfacet
 facet normal -9.153487e-16 -1.884530e-14  1.000000e+00
   outer loop
     vertex -1.499588e+01  3.513362e-01  8.000000e+00
     vertex -1.708491e+01 -3.788894e+00  8.000000e+00
     vertex -1.464421e+01 -3.247623e+00  8.000000e+00
   endloop
 endfacet
 facet normal  3.830300e-17 -1.875417e-14  1.000000e+00
   outer loop
     vertex  1.530074e+01 -8.493366e+00  8.000000e+00
     vertex  1.099160e+01 -1.020709e+01  8.000000e+00
     vertex  1.282354e+01 -1.190827e+01  8.000000e+00
   endloop
 endfacet
 facet normal  8.676158e-17 -1.887602e-14  1.000000e+00
   outer loop
     vertex  1.311492e+01 -7.280028e+00  8.000000e+00
     vertex  1.099160e+01 -1.020709e+01  8.000000e+00
     vertex  1.530074e+01 -8.493366e+00  8.000000e+00
   endloop
 endfacet
 facet normal  1.697791e-15 -1.854220e-14  1.000000e+00
   outer loop
     vertex -1.688873e+01  4.584857e+00  8.000000e+00
     vertex -1.749520e+01  4.098923e-01  8.000000e+00
     vertex -1.499588e+01  3.513362e-01  8.000000e+00
   endloop
 endfacet
 facet normal  7.401087e-16 -1.897038e-14  1.000000e+00
   outer loop
     vertex -1.447605e+01  3.929877e+00  8.000000e+00
     vertex -1.688873e+01  4.584857e+00  8.000000e+00
     vertex -1.499588e+01  3.513362e-01  8.000000e+00
   endloop
 endfacet
 facet normal -2.537708e-17 -1.907804e-14  1.000000e+00
   outer loop
     vertex  1.688873e+01 -4.584857e+00  8.000000e+00
     vertex  1.447605e+01 -3.929877e+00  8.000000e+00
     vertex  1.311492e+01 -7.280028e+00  8.000000e+00
   endloop
 endfacet
 facet normal -2.537708e-17 -1.907804e-14  1.000000e+00
   outer loop
     vertex  1.688873e+01 -4.584857e+00  8.000000e+00
     vertex  1.311492e+01 -7.280028e+00  8.000000e+00
     vertex  1.530074e+01 -8.493366e+00  8.000000e+00
   endloop
 endfacet
 facet normal  8.970329e-16 -1.839234e-14  1.000000e+00
   outer loop
     vertex -1.311492e+01  7.280028e+00  8.000000e+00
     vertex -1.688873e+01  4.584857e+00  8.000000e+00
     vertex -1.447605e+01  3.929877e+00  8.000000e+00
   endloop
 endfacet
 facet normal  1.506719e-15 -1.924603e-14  1.000000e+00
   outer loop
     vertex -1.530074e+01  8.493366e+00  8.000000e+00
     vertex -1.688873e+01  4.584857e+00  8.000000e+00
     vertex -1.311492e+01  7.280028e+00  8.000000e+00
   endloop
 endfacet
 facet normal  6.882313e-17 -1.873104e-14  1.000000e+00
   outer loop
     vertex  1.749520e+01 -4.098923e-01  8.000000e+00
     vertex  1.447605e+01 -3.929877e+00  8.000000e+00
     vertex  1.688873e+01 -4.584857e+00  8.000000e+00
   endloop
 endfacet
 facet normal -4.288459e-16 -1.830418e-14  1.000000e+00
   outer loop
     vertex  1.749520e+01 -4.098923e-01  8.000000e+00
     vertex  1.499588e+01 -3.513362e-01  8.000000e+00
     vertex  1.447605e+01 -3.929877e+00  8.000000e+00
   endloop
 endfacet
 facet normal  1.279821e-15 -1.965478e-14  1.000000e+00
   outer loop
     vertex -1.282354e+01  1.190827e+01  8.000000e+00
     vertex -1.530074e+01  8.493366e+00  8.000000e+00
     vertex -1.311492e+01  7.280028e+00  8.000000e+00
   endloop
 endfacet
 facet normal -1.599358e-15 -1.947351e-14  1.000000e+00
   outer loop
     vertex -1.282354e+01  1.190827e+01  8.000000e+00
     vertex -1.311492e+01  7.280028e+00  8.000000e+00
     vertex -1.099160e+01  1.020709e+01  8.000000e+00
   endloop
 endfacet
 facet normal -4.371247e-16 -1.865755e-14  1.000000e+00
   outer loop
     vertex  1.708491e+01  3.788894e+00  8.000000e+00
     vertex  1.499588e+01 -3.513362e-01  8.000000e+00
     vertex  1.749520e+01 -4.098923e-01  8.000000e+00
   endloop
 endfacet
 facet normal  6.165262e-16 -1.918919e-14  1.000000e+00
   outer loop
     vertex  1.708491e+01  3.788894e+00  8.000000e+00
     vertex  1.464421e+01  3.247623e+00  8.000000e+00
     vertex  1.499588e+01 -3.513362e-01  8.000000e+00
   endloop
 endfacet
 facet normal -2.281601e-16 -1.799693e-14  1.000000e+00
   outer loop
     vertex -9.601071e+00  1.463111e+01  8.000000e+00
     vertex -1.282354e+01  1.190827e+01  8.000000e+00
     vertex -1.099160e+01  1.020709e+01  8.000000e+00
   endloop
 endfacet
 facet normal  6.475192e-16 -1.827216e-14  1.000000e+00
   outer loop
     vertex -9.601071e+00  1.463111e+01  8.000000e+00
     vertex -1.099160e+01  1.020709e+01  8.000000e+00
     vertex -8.229489e+00  1.254095e+01  8.000000e+00
   endloop
 endfacet
 facet normal  5.737390e-16 -1.899625e-14  1.000000e+00
   outer loop
     vertex  1.568172e+01  7.767483e+00  8.000000e+00
     vertex  1.464421e+01  3.247623e+00  8.000000e+00
     vertex  1.708491e+01  3.788894e+00  8.000000e+00
   endloop
 endfacet
 facet normal  7.015460e-16 -1.902559e-14  1.000000e+00
   outer loop
     vertex  1.568172e+01  7.767483e+00  8.000000e+00
     vertex  1.344147e+01  6.657842e+00  8.000000e+00
     vertex  1.464421e+01  3.247623e+00  8.000000e+00
   endloop
 endfacet
 facet normal  6.654549e-16 -1.895272e-14  1.000000e+00
   outer loop
     vertex  1.145756e+01  9.681132e+00  8.000000e+00
     vertex  1.344147e+01  6.657842e+00  8.000000e+00
     vertex  1.568172e+01  7.767483e+00  8.000000e+00
   endloop
 endfacet
 facet normal -4.576774e-16 -1.899740e-14  1.000000e+00
   outer loop
     vertex -5.820627e+00  1.650365e+01  8.000000e+00
     vertex -9.601071e+00  1.463111e+01  8.000000e+00
     vertex -8.229489e+00  1.254095e+01  8.000000e+00
   endloop
 endfacet
 facet normal  4.507841e-16 -2.018388e-14  1.000000e+00
   outer loop
     vertex -5.820627e+00  1.650365e+01  8.000000e+00
     vertex -4.989109e+00  1.414598e+01  8.000000e+00
     vertex -1.458780e+00  1.492890e+01  8.000000e+00
   endloop
 endfacet
 facet normal  1.111052e-15 -1.995101e-14  1.000000e+00
   outer loop
     vertex -5.820627e+00  1.650365e+01  8.000000e+00
     vertex -8.229489e+00  1.254095e+01  8.000000e+00
     vertex -4.989109e+00  1.414598e+01  8.000000e+00
   endloop
 endfacet
 facet normal  8.277904e-16 -1.859439e-14  1.000000e+00
   outer loop
     vertex  1.336715e+01  1.129465e+01  8.000000e+00
     vertex  1.145756e+01  9.681132e+00  8.000000e+00
     vertex  1.568172e+01  7.767483e+00  8.000000e+00
   endloop
 endfacet
 facet normal  5.108868e-16 -1.821933e-14  1.000000e+00
   outer loop
     vertex  1.336715e+01  1.129465e+01  8.000000e+00
     vertex  8.807778e+00  1.214179e+01  8.000000e+00
     vertex  1.145756e+01  9.681132e+00  8.000000e+00
   endloop
 endfacet
 facet normal  1.074187e-15 -1.845713e-14  1.000000e+00
   outer loop
     vertex -1.701910e+00  1.741705e+01  8.000000e+00
     vertex -5.820627e+00  1.650365e+01  8.000000e+00
     vertex -1.458780e+00  1.492890e+01  8.000000e+00
   endloop
 endfacet
 facet normal  2.713443e-16 -1.950858e-14  1.000000e+00
   outer loop
     vertex  1.027574e+01  1.416542e+01  8.000000e+00
     vertex  8.807778e+00  1.214179e+01  8.000000e+00
     vertex  1.336715e+01  1.129465e+01  8.000000e+00
   endloop
 endfacet
 facet normal  3.685939e-16 -1.957912e-14  1.000000e+00
   outer loop
     vertex  1.027574e+01  1.416542e+01  8.000000e+00
     vertex  5.646119e+00  1.389681e+01  8.000000e+00
     vertex  8.807778e+00  1.214179e+01  8.000000e+00
   endloop
 endfacet
 facet normal  5.111255e-16 -1.874226e-14  1.000000e+00
   outer loop
     vertex  2.515717e+00  1.731823e+01  8.000000e+00
     vertex  2.156329e+00  1.484420e+01  8.000000e+00
     vertex  5.646119e+00  1.389681e+01  8.000000e+00
   endloop
 endfacet
 facet normal  5.435209e-16 -1.874696e-14  1.000000e+00
   outer loop
     vertex  2.515717e+00  1.731823e+01  8.000000e+00
     vertex -1.458780e+00  1.492890e+01  8.000000e+00
     vertex  2.156329e+00  1.484420e+01  8.000000e+00
   endloop
 endfacet
 facet normal  4.083955e-16 -1.852219e-14  1.000000e+00
   outer loop
     vertex  2.515717e+00  1.731823e+01  8.000000e+00
     vertex -1.701910e+00  1.741705e+01  8.000000e+00
     vertex -1.458780e+00  1.492890e+01  8.000000e+00
   endloop
 endfacet
 facet normal  6.078723e-16 -1.865374e-14  1.000000e+00
   outer loop
     vertex  6.587139e+00  1.621295e+01  8.000000e+00
     vertex  2.515717e+00  1.731823e+01  8.000000e+00
     vertex  5.646119e+00  1.389681e+01  8.000000e+00
   endloop
 endfacet
 facet normal  3.078303e-16 -1.853184e-14  1.000000e+00
   outer loop
     vertex  6.587139e+00  1.621295e+01  8.000000e+00
     vertex  5.646119e+00  1.389681e+01  8.000000e+00
     vertex  1.027574e+01  1.416542e+01  8.000000e+00
   endloop
 endfacet
 facet normal  9.430654e-01  3.326073e-01  5.824649e-15
   outer loop
     vertex  1.464421e+01  3.247623e+00  8.000000e+00
     vertex  1.344147e+01  6.657842e+00  8.000000e+00
     vertex  1.344147e+01  6.657842e+00  2.200000e+01
   endloop
 endfacet
 facet normal  9.430654e-01  3.326073e-01  5.798926e-15
   outer loop
     vertex  1.464421e+01  3.247623e+00  8.000000e+00
     vertex  1.344147e+01  6.657842e+00  2.200000e+01
     vertex  1.464421e+01  3.247623e+00  2.200000e+01
   endloop
 endfacet
 facet normal  9.952598e-01  9.725197e-02  1.327304e-15
   outer loop
     vertex  1.499588e+01 -3.513362e-01  8.000000e+00
     vertex  1.464421e+01  3.247623e+00  2.200000e+01
     vertex  1.499588e+01 -3.513362e-01  2.200000e+01
   endloop
 endfacet
 facet normal  9.952598e-01  9.725197e-02  1.328967e-15
   outer loop
     vertex  1.499588e+01 -3.513362e-01  8.000000e+00
     vertex  1.464421e+01  3.247623e+00  8.000000e+00
     vertex  1.464421e+01  3.247623e+00  2.200000e+01
   endloop
 endfacet
 facet normal  9.896133e-01 -1.437553e-01 -3.112701e-15
   outer loop
     vertex  1.447605e+01 -3.929877e+00  8.000000e+00
     vertex  1.499588e+01 -3.513362e-01  2.200000e+01
     vertex  1.447605e+01 -3.929877e+00  2.200000e+01
   endloop
 endfacet
 facet normal  9.896133e-01 -1.437553e-01 -3.210575e-15
   outer loop
     vertex  1.447605e+01 -3.929877e+00  8.000000e+00
     vertex  1.499588e+01 -3.513362e-01  8.000000e+00
     vertex  1.499588e+01 -3.513362e-01  2.200000e+01
   endloop
 endfacet
 facet normal  9.264540e-01 -3.764079e-01 -7.610268e-15
   outer loop
     vertex  1.311492e+01 -7.280028e+00  8.000000e+00
     vertex  1.447605e+01 -3.929877e+00  2.200000e+01
     vertex  1.311492e+01 -7.280028e+00  2.200000e+01
   endloop
 endfacet
 facet normal  9.264540e-01 -3.764079e-01 -7.508885e-15
   outer loop
     vertex  1.311492e+01 -7.280028e+00  8.000000e+00
     vertex  1.447605e+01 -3.929877e+00  8.000000e+00
     vertex  1.447605e+01 -3.929877e+00  2.200000e+01
   endloop
 endfacet
 facet normal  8.094526e-01 -5.871852e-01 -1.145545e-14
   outer loop
     vertex  1.099160e+01 -1.020709e+01  8.000000e+00
     vertex  1.311492e+01 -7.280028e+00  2.200000e+01
     vertex  1.099160e+01 -1.020709e+01  2.200000e+01
   endloop
 endfacet
 facet normal  8.094526e-01 -5.871852e-01 -1.154403e-14
   outer loop
     vertex  1.099160e+01 -1.020709e+01  8.000000e+00
     vertex  1.311492e+01 -7.280028e+00  8.000000e+00
     vertex  1.311492e+01 -7.280028e+00  2.200000e+01
   endloop
 endfacet
 facet normal  4.438562e-01 -8.960980e-01 -1.733754e-14
   outer loop
     vertex  8.229489e+00 -1.254095e+01  8.000000e+00
     vertex  8.229489e+00 -1.254095e+01  2.200000e+01
     vertex  4.989109e+00 -1.414598e+01  2.200000e+01
   endloop
 endfacet
 facet normal  6.454088e-01 -7.638373e-01 -1.488024e-14
   outer loop
     vertex  8.229489e+00 -1.254095e+01  8.000000e+00
     vertex  1.099160e+01 -1.020709e+01  2.200000e+01
     vertex  8.229489e+00 -1.254095e+01  2.200000e+01
   endloop
 endfacet
 facet normal  6.454088e-01 -7.638373e-01 -1.478970e-14
   outer loop
     vertex  8.229489e+00 -1.254095e+01  8.000000e+00
     vertex  1.099160e+01 -1.020709e+01  8.000000e+00
     vertex  1.099160e+01 -1.020709e+01  2.200000e+01
   endloop
 endfacet
 facet normal  4.438562e-01 -8.960980e-01 -1.716753e-14
   outer loop
     vertex  4.989109e+00 -1.414598e+01  8.000000e+00
     vertex  8.229489e+00 -1.254095e+01  8.000000e+00
     vertex  4.989109e+00 -1.414598e+01  2.200000e+01
   endloop
 endfacet
 facet normal -2.342242e-02 -9.997257e-01 -1.889438e-14
   outer loop
     vertex  1.458780e+00 -1.492890e+01  8.000000e+00
     vertex  1.458780e+00 -1.492890e+01  2.200000e+01
     vertex -2.156329e+00 -1.484420e+01  2.200000e+01
   endloop
 endfacet
 facet normal  2.165082e-01 -9.762808e-01 -1.851203e-14
   outer loop
     vertex  1.458780e+00 -1.492890e+01  8.000000e+00
     vertex  4.989109e+00 -1.414598e+01  2.200000e+01
     vertex  1.458780e+00 -1.492890e+01  2.200000e+01
   endloop
 endfacet
 facet normal  2.165082e-01 -9.762808e-01 -1.863186e-14
   outer loop
     vertex  1.458780e+00 -1.492890e+01  8.000000e+00
     vertex  4.989109e+00 -1.414598e+01  8.000000e+00
     vertex  4.989109e+00 -1.414598e+01  2.200000e+01
   endloop
 endfacet
 facet normal -2.342242e-02 -9.997257e-01 -1.889290e-14
   outer loop
     vertex -2.156329e+00 -1.484420e+01  8.000000e+00
     vertex  1.458780e+00 -1.492890e+01  8.000000e+00
     vertex -2.156329e+00 -1.484420e+01  2.200000e+01
   endloop
 endfacet
 facet normal -2.619918e-01 -9.650701e-01 -1.849615e-14
   outer loop
     vertex -5.646119e+00 -1.389681e+01  8.000000e+00
     vertex -2.156329e+00 -1.484420e+01  2.200000e+01
     vertex -5.646119e+00 -1.389681e+01  2.200000e+01
   endloop
 endfacet
 facet normal -2.619918e-01 -9.650701e-01 -1.815817e-14
   outer loop
     vertex -5.646119e+00 -1.389681e+01  8.000000e+00
     vertex -2.156329e+00 -1.484420e+01  8.000000e+00
     vertex -2.156329e+00 -1.484420e+01  2.200000e+01
   endloop
 endfacet
 facet normal -4.853352e-01 -8.743282e-01 -1.650517e-14
   outer loop
     vertex -8.807778e+00 -1.214179e+01  8.000000e+00
     vertex -5.646119e+00 -1.389681e+01  2.200000e+01
     vertex -8.807778e+00 -1.214179e+01  2.200000e+01
   endloop
 endfacet
 facet normal -4.853352e-01 -8.743282e-01 -1.664937e-14
   outer loop
     vertex -8.807778e+00 -1.214179e+01  8.000000e+00
     vertex -5.646119e+00 -1.389681e+01  8.000000e+00
     vertex -5.646119e+00 -1.389681e+01  2.200000e+01
   endloop
 endfacet
 facet normal -8.360635e-01 -5.486326e-01 -9.878241e-15
   outer loop
     vertex -1.145756e+01 -9.681132e+00  8.000000e+00
     vertex -1.145756e+01 -9.681132e+00  2.200000e+01
     vertex -1.344147e+01 -6.657842e+00  2.200000e+01
   endloop
 endfacet
 facet normal -6.804727e-01 -7.327735e-01 -1.341512e-14
   outer loop
     vertex -1.145756e+01 -9.681132e+00  8.000000e+00
     vertex -8.807778e+00 -1.214179e+01  2.200000e+01
     vertex -1.145756e+01 -9.681132e+00  2.200000e+01
   endloop
 endfacet
 facet normal -6.804727e-01 -7.327735e-01 -1.368442e-14
   outer loop
     vertex -1.145756e+01 -9.681132e+00  8.000000e+00
     vertex -8.807778e+00 -1.214179e+01  8.000000e+00
     vertex -8.807778e+00 -1.214179e+01  2.200000e+01
   endloop
 endfacet
 facet normal -8.360635e-01 -5.486326e-01 -1.016002e-14
   outer loop
     vertex -1.344147e+01 -6.657842e+00  8.000000e+00
     vertex -1.145756e+01 -9.681132e+00  8.000000e+00
     vertex -1.344147e+01 -6.657842e+00  2.200000e+01
   endloop
 endfacet
 facet normal -4.563310e-15 -1.680936e-14  1.000000e+00
   outer loop
     vertex -1.011584e+01 -6.663722e+00  2.200000e+01
     vertex -1.053461e+01 -6.550035e+00  2.200000e+01
     vertex -1.145756e+01 -9.681132e+00  2.200000e+01
   endloop
 endfacet
 facet normal -1.484001e-14 -2.341443e-14  1.000000e+00
   outer loop
     vertex  4.623658e+00 -1.163838e+01  2.200000e+01
     vertex  4.204883e+00 -1.152470e+01  2.200000e+01
     vertex  4.989109e+00 -1.414598e+01  2.200000e+01
   endloop
 endfacet
 facet normal  8.894815e-16 -1.821816e-14  1.000000e+00
   outer loop
     vertex -1.091401e+01 -6.339433e+00  2.200000e+01
     vertex -1.344147e+01 -6.657842e+00  2.200000e+01
     vertex -1.145756e+01 -9.681132e+00  2.200000e+01
   endloop
 endfacet
 facet normal -6.130856e-16 -1.797376e-14  1.000000e+00
   outer loop
     vertex -1.091401e+01 -6.339433e+00  2.200000e+01
     vertex -1.145756e+01 -9.681132e+00  2.200000e+01
     vertex -1.053461e+01 -6.550035e+00  2.200000e+01
   endloop
 endfacet
 facet normal  1.355421e-16 -1.876239e-14  1.000000e+00
   outer loop
     vertex  3.825484e+00 -1.131409e+01  2.200000e+01
     vertex  1.458780e+00 -1.492890e+01  2.200000e+01
     vertex  4.989109e+00 -1.414598e+01  2.200000e+01
   endloop
 endfacet
 facet normal -1.401414e-15 -1.939392e-14  1.000000e+00
   outer loop
     vertex  3.825484e+00 -1.131409e+01  2.200000e+01
     vertex  4.989109e+00 -1.414598e+01  2.200000e+01
     vertex  4.204883e+00 -1.152470e+01  2.200000e+01
   endloop
 endfacet
 facet normal -4.368131e-16 -1.864424e-14  1.000000e+00
   outer loop
     vertex -9.682025e+00 -6.673885e+00  2.200000e+01
     vertex -1.011584e+01 -6.663722e+00  2.200000e+01
     vertex -1.145756e+01 -9.681132e+00  2.200000e+01
   endloop
 endfacet
 facet normal -4.996083e-16 -2.132450e-14  1.000000e+00
   outer loop
     vertex  5.057471e+00 -1.164855e+01  2.200000e+01
     vertex  4.623658e+00 -1.163838e+01  2.200000e+01
     vertex  4.989109e+00 -1.414598e+01  2.200000e+01
   endloop
 endfacet
 facet normal  1.431650e-15 -2.252176e-14  1.000000e+00
   outer loop
     vertex -1.123199e+01 -6.044154e+00  2.200000e+01
     vertex -1.344147e+01 -6.657842e+00  2.200000e+01
     vertex -1.091401e+01 -6.339433e+00  2.200000e+01
   endloop
 endfacet
 facet normal  3.112639e-15 -2.071157e-14  1.000000e+00
   outer loop
     vertex  3.507511e+00 -1.101881e+01  2.200000e+01
     vertex  1.458780e+00 -1.492890e+01  2.200000e+01
     vertex  3.825484e+00 -1.131409e+01  2.200000e+01
   endloop
 endfacet
 facet normal  1.054751e-15 -1.907748e-14  1.000000e+00
   outer loop
     vertex -9.258385e+00 -6.579936e+00  2.200000e+01
     vertex -1.145756e+01 -9.681132e+00  2.200000e+01
     vertex -8.807778e+00 -1.214179e+01  2.200000e+01
   endloop
 endfacet
 facet normal  4.823465e-15 -2.175001e-14  1.000000e+00
   outer loop
     vertex -9.258385e+00 -6.579936e+00  2.200000e+01
     vertex -9.682025e+00 -6.673885e+00  2.200000e+01
     vertex -1.145756e+01 -9.681132e+00  2.200000e+01
   endloop
 endfacet
 facet normal  8.122745e-16 -1.934781e-14  1.000000e+00
   outer loop
     vertex  5.481111e+00 -1.155460e+01  2.200000e+01
     vertex  4.989109e+00 -1.414598e+01  2.200000e+01
     vertex  8.229489e+00 -1.254095e+01  2.200000e+01
   endloop
 endfacet
 facet normal  1.319842e-14 -2.169945e-14  1.000000e+00
   outer loop
     vertex  5.481111e+00 -1.155460e+01  2.200000e+01
     vertex  5.057471e+00 -1.164855e+01  2.200000e+01
     vertex  4.989109e+00 -1.414598e+01  2.200000e+01
   endloop
 endfacet
 facet normal  5.210600e-16 -1.924333e-14  1.000000e+00
   outer loop
     vertex -1.147005e+01 -5.681359e+00  2.200000e+01
     vertex -1.344147e+01 -6.657842e+00  2.200000e+01
     vertex -1.123199e+01 -6.044154e+00  2.200000e+01
   endloop
 endfacet
 facet normal  4.275528e-16 -1.930469e-14  1.000000e+00
   outer loop
     vertex  3.269441e+00 -1.065602e+01  2.200000e+01
     vertex  1.458780e+00 -1.492890e+01  2.200000e+01
     vertex  3.507511e+00 -1.101881e+01  2.200000e+01
   endloop
 endfacet
 facet normal  3.415299e-16 -1.913526e-14  1.000000e+00
   outer loop
     vertex -8.869540e+00 -6.387332e+00  2.200000e+01
     vertex -9.258385e+00 -6.579936e+00  2.200000e+01
     vertex -8.807778e+00 -1.214179e+01  2.200000e+01
   endloop
 endfacet
 facet normal  8.336000e-15  1.616254e-15  1.000000e+00
   outer loop
     vertex  5.869956e+00 -1.136199e+01  2.200000e+01
     vertex  5.481111e+00 -1.155460e+01  2.200000e+01
     vertex  8.229489e+00 -1.254095e+01  2.200000e+01
   endloop
 endfacet
 facet normal -3.492563e-16 -1.748625e-14  1.000000e+00
   outer loop
     vertex -1.161438e+01 -5.272133e+00  2.200000e+01
     vertex -1.344147e+01 -6.657842e+00  2.200000e+01
     vertex -1.147005e+01 -5.681359e+00  2.200000e+01
   endloop
 endfacet
 facet normal  5.338524e-16 -1.915964e-14  1.000000e+00
   outer loop
     vertex  3.125112e+00 -1.024679e+01  2.200000e+01
     vertex -2.156329e+00 -1.484420e+01  2.200000e+01
     vertex  1.458780e+00 -1.492890e+01  2.200000e+01
   endloop
 endfacet
 facet normal -2.267304e-15 -1.816272e-14  1.000000e+00
   outer loop
     vertex  3.125112e+00 -1.024679e+01  2.200000e+01
     vertex  1.458780e+00 -1.492890e+01  2.200000e+01
     vertex  3.269441e+00 -1.065602e+01  2.200000e+01
   endloop
 endfacet
 facet normal -1.584056e-14 -1.930894e-14  1.000000e+00
   outer loop
     vertex -8.538086e+00 -6.107269e+00  2.200000e+01
     vertex -8.869540e+00 -6.387332e+00  2.200000e+01
     vertex -8.807778e+00 -1.214179e+01  2.200000e+01
   endloop
 endfacet
 facet normal -7.218210e-15 -2.951344e-14  1.000000e+00
   outer loop
     vertex  6.201410e+00 -1.108193e+01  2.200000e+01
     vertex  5.869956e+00 -1.136199e+01  2.200000e+01
     vertex  8.229489e+00 -1.254095e+01  2.200000e+01
   endloop
 endfacet
 facet normal -6.863620e-15 -8.896932e-15  1.000000e+00
   outer loop
     vertex -1.165658e+01 -4.840257e+00  2.200000e+01
     vertex -1.344147e+01 -6.657842e+00  2.200000e+01
     vertex -1.161438e+01 -5.272133e+00  2.200000e+01
   endloop
 endfacet
 facet normal -3.541454e-16 -1.997222e-14  1.000000e+00
   outer loop
     vertex  6.456208e+00 -1.073068e+01  2.200000e+01
     vertex  6.201410e+00 -1.108193e+01  2.200000e+01
     vertex  8.229489e+00 -1.254095e+01  2.200000e+01
   endloop
 endfacet
 facet normal  2.333899e-15 -1.792898e-14  1.000000e+00
   outer loop
     vertex -1.464421e+01 -3.247623e+00  2.200000e+01
     vertex -1.344147e+01 -6.657842e+00  2.200000e+01
     vertex -1.165658e+01 -4.840257e+00  2.200000e+01
   endloop
 endfacet
 facet normal -5.336326e-15 -3.231758e-14  1.000000e+00
   outer loop
     vertex -1.464421e+01 -3.247623e+00  2.200000e+01
     vertex -1.165658e+01 -4.840257e+00  2.200000e+01
     vertex -1.159420e+01 -4.410832e+00  2.200000e+01
   endloop
 endfacet
 facet normal  1.407734e-15 -1.824634e-14  1.000000e+00
   outer loop
     vertex  6.619544e+00 -1.032866e+01  2.200000e+01
     vertex  6.456208e+00 -1.073068e+01  2.200000e+01
     vertex  8.229489e+00 -1.254095e+01  2.200000e+01
   endloop
 endfacet
 facet normal  2.149708e-16 -1.776174e-14  1.000000e+00
   outer loop
     vertex -1.143087e+01 -4.008814e+00  2.200000e+01
     vertex -1.464421e+01 -3.247623e+00  2.200000e+01
     vertex -1.159420e+01 -4.410832e+00  2.200000e+01
   endloop
 endfacet
 facet normal -1.583286e-14 -3.079281e-14  1.000000e+00
   outer loop
     vertex  6.681924e+00 -9.899239e+00  2.200000e+01
     vertex  6.619544e+00 -1.032866e+01  2.200000e+01
     vertex  8.229489e+00 -1.254095e+01  2.200000e+01
   endloop
 endfacet
 facet normal -3.153289e-16 -2.000038e-14  1.000000e+00
   outer loop
     vertex -1.117607e+01 -3.657567e+00  2.200000e+01
     vertex -1.464421e+01 -3.247623e+00  2.200000e+01
     vertex -1.143087e+01 -4.008814e+00  2.200000e+01
   endloop
 endfacet
 facet normal -2.148949e-15 -3.551288e-14  1.000000e+00
   outer loop
     vertex -1.084462e+01 -3.377503e+00  2.200000e+01
     vertex -1.464421e+01 -3.247623e+00  2.200000e+01
     vertex -1.117607e+01 -3.657567e+00  2.200000e+01
   endloop
 endfacet
 facet normal  1.000829e-15 -1.881340e-14  1.000000e+00
   outer loop
     vertex -2.352550e+00 -5.790338e+00  2.200000e+01
     vertex -5.646119e+00 -1.389681e+01  2.200000e+01
     vertex -2.156329e+00 -1.484420e+01  2.200000e+01
   endloop
 endfacet
 facet normal  6.323645e-16 -1.917029e-14  1.000000e+00
   outer loop
     vertex  1.099160e+01 -1.020709e+01  2.200000e+01
     vertex  6.257325e+00 -8.695343e+00  2.200000e+01
     vertex  6.495394e+00 -9.058137e+00  2.200000e+01
   endloop
 endfacet
 facet normal  1.837253e-15 -2.044133e-14  1.000000e+00
   outer loop
     vertex  1.099160e+01 -1.020709e+01  2.200000e+01
     vertex  6.681924e+00 -9.899239e+00  2.200000e+01
     vertex  8.229489e+00 -1.254095e+01  2.200000e+01
   endloop
 endfacet
 facet normal  2.728854e-15 -7.959602e-15  1.000000e+00
   outer loop
     vertex  1.099160e+01 -1.020709e+01  2.200000e+01
     vertex  6.639723e+00 -9.467364e+00  2.200000e+01
     vertex  6.681924e+00 -9.899239e+00  2.200000e+01
   endloop
 endfacet
 facet normal  1.202557e-15 -1.693895e-14  1.000000e+00
   outer loop
     vertex  1.099160e+01 -1.020709e+01  2.200000e+01
     vertex  6.495394e+00 -9.058137e+00  2.200000e+01
     vertex  6.639723e+00 -9.467364e+00  2.200000e+01
   endloop
 endfacet
 facet normal  3.256495e-16 -1.892046e-14  1.000000e+00
   outer loop
     vertex -8.984703e-01 -6.185083e+00  2.200000e+01
     vertex -2.156329e+00 -1.484420e+01  2.200000e+01
     vertex  3.125112e+00 -1.024679e+01  2.200000e+01
   endloop
 endfacet
 facet normal  3.125271e-15 -1.614712e-14  1.000000e+00
   outer loop
     vertex -8.984703e-01 -6.185083e+00  2.200000e+01
     vertex  3.125112e+00 -1.024679e+01  2.200000e+01
     vertex  3.082912e+00 -9.814918e+00  2.200000e+01
   endloop
 endfacet
 facet normal -2.280377e-16 -1.884003e-14  1.000000e+00
   outer loop
     vertex -8.984703e-01 -6.185083e+00  2.200000e+01
     vertex -2.352550e+00 -5.790338e+00  2.200000e+01
     vertex -2.156329e+00 -1.484420e+01  2.200000e+01
   endloop
 endfacet
 facet normal -1.347529e-16 -1.846158e-14  1.000000e+00
   outer loop
     vertex -3.669907e+00 -5.059079e+00  2.200000e+01
     vertex -8.807778e+00 -1.214179e+01  2.200000e+01
     vertex -5.646119e+00 -1.389681e+01  2.200000e+01
   endloop
 endfacet
 facet normal  2.141179e-15 -2.011257e-14  1.000000e+00
   outer loop
     vertex -3.669907e+00 -5.059079e+00  2.200000e+01
     vertex -8.538086e+00 -6.107269e+00  2.200000e+01
     vertex -8.807778e+00 -1.214179e+01  2.200000e+01
   endloop
 endfacet
 facet normal  4.650131e-16 -1.859570e-14  1.000000e+00
   outer loop
     vertex -3.669907e+00 -5.059079e+00  2.200000e+01
     vertex -5.646119e+00 -1.389681e+01  2.200000e+01
     vertex -2.352550e+00 -5.790338e+00  2.200000e+01
   endloop
 endfacet
 facet normal -2.594603e-15  1.882152e-15  1.000000e+00
   outer loop
     vertex -3.669907e+00 -5.059079e+00  2.200000e+01
     vertex -8.283288e+00 -5.756021e+00  2.200000e+01
     vertex -8.538086e+00 -6.107269e+00  2.200000e+01
   endloop
 endfacet
 facet normal  3.833271e-16 -1.783014e-14  1.000000e+00
   outer loop
     vertex -3.669907e+00 -5.059079e+00  2.200000e+01
     vertex -8.119952e+00 -5.354003e+00  2.200000e+01
     vertex -8.283288e+00 -5.756021e+00  2.200000e+01
   endloop
 endfacet
 facet normal  1.165070e-15 -1.814775e-14  1.000000e+00
   outer loop
     vertex  6.078248e-01 -6.220374e+00  2.200000e+01
     vertex  3.145292e+00 -9.385493e+00  2.200000e+01
     vertex  3.308627e+00 -8.983475e+00  2.200000e+01
   endloop
 endfacet
 facet normal -6.059154e-15 -2.393939e-14  1.000000e+00
   outer loop
     vertex  6.078248e-01 -6.220374e+00  2.200000e+01
     vertex  3.082912e+00 -9.814918e+00  2.200000e+01
     vertex  3.145292e+00 -9.385493e+00  2.200000e+01
   endloop
 endfacet
 facet normal -4.707177e-16 -2.009137e-14  1.000000e+00
   outer loop
     vertex  6.078248e-01 -6.220374e+00  2.200000e+01
     vertex -8.984703e-01 -6.185083e+00  2.200000e+01
     vertex  3.082912e+00 -9.814918e+00  2.200000e+01
   endloop
 endfacet
 facet normal  5.409384e-16 -2.020830e-14  1.000000e+00
   outer loop
     vertex -4.773983e+00 -4.033805e+00  2.200000e+01
     vertex -8.119952e+00 -5.354003e+00  2.200000e+01
     vertex -3.669907e+00 -5.059079e+00  2.200000e+01
   endloop
 endfacet
 facet normal  2.503890e-15 -2.518329e-14  1.000000e+00
   outer loop
     vertex -4.773983e+00 -4.033805e+00  2.200000e+01
     vertex -8.057572e+00 -4.924578e+00  2.200000e+01
     vertex -8.119952e+00 -5.354003e+00  2.200000e+01
   endloop
 endfacet
 facet normal  1.319021e-16 -1.643962e-14  1.000000e+00
   outer loop
     vertex -4.773983e+00 -4.033805e+00  2.200000e+01
     vertex -8.099773e+00 -4.492703e+00  2.200000e+01
     vertex -8.057572e+00 -4.924578e+00  2.200000e+01
   endloop
 endfacet
 facet normal  3.175485e-15 -1.644355e-14  1.000000e+00
   outer loop
     vertex  2.078795e+00 -5.894159e+00  2.200000e+01
     vertex  3.563426e+00 -8.632228e+00  2.200000e+01
     vertex  3.894879e+00 -8.352164e+00  2.200000e+01
   endloop
 endfacet
 facet normal -1.628054e-15 -1.904812e-14  1.000000e+00
   outer loop
     vertex  2.078795e+00 -5.894159e+00  2.200000e+01
     vertex  3.308627e+00 -8.983475e+00  2.200000e+01
     vertex  3.563426e+00 -8.632228e+00  2.200000e+01
   endloop
 endfacet
 facet normal  1.530226e-15 -1.779083e-14  1.000000e+00
   outer loop
     vertex  2.078795e+00 -5.894159e+00  2.200000e+01
     vertex  6.078248e-01 -6.220374e+00  2.200000e+01
     vertex  3.308627e+00 -8.983475e+00  2.200000e+01
   endloop
 endfacet
 facet normal  9.649229e-15 -5.695392e-15  1.000000e+00
   outer loop
     vertex -1.499588e+01  3.513362e-01  2.200000e+01
     vertex -1.045577e+01 -3.184900e+00  2.200000e+01
     vertex -1.003213e+01 -3.090950e+00  2.200000e+01
   endloop
 endfacet
 facet normal -1.095664e-16 -1.822454e-14  1.000000e+00
   outer loop
     vertex -1.499588e+01  3.513362e-01  2.200000e+01
     vertex -1.084462e+01 -3.377503e+00  2.200000e+01
     vertex -1.045577e+01 -3.184900e+00  2.200000e+01
   endloop
 endfacet
 facet normal -1.615288e-15 -1.990084e-14  1.000000e+00
   outer loop
     vertex -1.499588e+01  3.513362e-01  2.200000e+01
     vertex -1.464421e+01 -3.247623e+00  2.200000e+01
     vertex -1.084462e+01 -3.377503e+00  2.200000e+01
   endloop
 endfacet
 facet normal  2.213879e-16 -1.943998e-14  1.000000e+00
   outer loop
     vertex -5.600613e+00 -2.774101e+00  2.200000e+01
     vertex -8.482171e+00 -3.720682e+00  2.200000e+01
     vertex -8.244102e+00 -4.083477e+00  2.200000e+01
   endloop
 endfacet
 facet normal -6.872812e-16 -1.760547e-14  1.000000e+00
   outer loop
     vertex -5.600613e+00 -2.774101e+00  2.200000e+01
     vertex -8.244102e+00 -4.083477e+00  2.200000e+01
     vertex -8.099773e+00 -4.492703e+00  2.200000e+01
   endloop
 endfacet
 facet normal  5.387780e-16 -1.938838e-14  1.000000e+00
   outer loop
     vertex -5.600613e+00 -2.774101e+00  2.200000e+01
     vertex -8.099773e+00 -4.492703e+00  2.200000e+01
     vertex -4.773983e+00 -4.033805e+00  2.200000e+01
   endloop
 endfacet
 facet normal -4.738973e-16 -2.022709e-14  1.000000e+00
   outer loop
     vertex  3.428954e+00 -5.225397e+00  2.200000e+01
     vertex  4.707364e+00 -8.065611e+00  2.200000e+01
     vertex  5.141177e+00 -8.075775e+00  2.200000e+01
   endloop
 endfacet
 facet normal -1.121449e-14 -2.506154e-14  1.000000e+00
   outer loop
     vertex  3.428954e+00 -5.225397e+00  2.200000e+01
     vertex  4.283725e+00 -8.159561e+00  2.200000e+01
     vertex  4.707364e+00 -8.065611e+00  2.200000e+01
   endloop
 endfacet
 facet normal  1.741847e-14 -1.672028e-14  1.000000e+00
   outer loop
     vertex  3.428954e+00 -5.225397e+00  2.200000e+01
     vertex  3.894879e+00 -8.352164e+00  2.200000e+01
     vertex  4.283725e+00 -8.159561e+00  2.200000e+01
   endloop
 endfacet
 facet normal -8.919486e-16 -1.944875e-14  1.000000e+00
   outer loop
     vertex  3.428954e+00 -5.225397e+00  2.200000e+01
     vertex  2.078795e+00 -5.894159e+00  2.200000e+01
     vertex  3.894879e+00 -8.352164e+00  2.200000e+01
   endloop
 endfacet
 facet normal  2.908337e-15 -2.093157e-14  1.000000e+00
   outer loop
     vertex -6.101755e+00 -1.353176e+00  2.200000e+01
     vertex -8.800145e+00 -3.425403e+00  2.200000e+01
     vertex -8.482171e+00 -3.720682e+00  2.200000e+01
   endloop
 endfacet
 facet normal -8.865007e-17 -1.702899e-14  1.000000e+00
   outer loop
     vertex -6.101755e+00 -1.353176e+00  2.200000e+01
     vertex -9.179544e+00 -3.214801e+00  2.200000e+01
     vertex -8.800145e+00 -3.425403e+00  2.200000e+01
   endloop
 endfacet
 facet normal -3.721236e-16 -1.763322e-14  1.000000e+00
   outer loop
     vertex -6.101755e+00 -1.353176e+00  2.200000e+01
     vertex -8.482171e+00 -3.720682e+00  2.200000e+01
     vertex -5.600613e+00 -2.774101e+00  2.200000e+01
   endloop
 endfacet
 facet normal  1.078067e-15 -1.777450e-14  1.000000e+00
   outer loop
     vertex  1.311492e+01 -7.280028e+00  2.200000e+01
     vertex  6.257325e+00 -8.695343e+00  2.200000e+01
     vertex  1.099160e+01 -1.020709e+01  2.200000e+01
   endloop
 endfacet
 facet normal -1.220769e-14 -2.199208e-14  1.000000e+00
   outer loop
     vertex  4.579834e+00 -4.252954e+00  2.200000e+01
     vertex  5.559952e+00 -8.189461e+00  2.200000e+01
     vertex  5.939351e+00 -8.400064e+00  2.200000e+01
   endloop
 endfacet
 facet normal -5.518123e-15 -2.032650e-14  1.000000e+00
   outer loop
     vertex  4.579834e+00 -4.252954e+00  2.200000e+01
     vertex  5.141177e+00 -8.075775e+00  2.200000e+01
     vertex  5.559952e+00 -8.189461e+00  2.200000e+01
   endloop
 endfacet
 facet normal  9.390600e-16 -1.937832e-14  1.000000e+00
   outer loop
     vertex  4.579834e+00 -4.252954e+00  2.200000e+01
     vertex  3.428954e+00 -5.225397e+00  2.200000e+01
     vertex  5.141177e+00 -8.075775e+00  2.200000e+01
   endloop
 endfacet
 facet normal -1.057181e-14 -7.692131e-15  1.000000e+00
   outer loop
     vertex -6.248285e+00  1.463901e-01  2.200000e+01
     vertex -9.598319e+00 -3.101114e+00  2.200000e+01
     vertex -9.179544e+00 -3.214801e+00  2.200000e+01
   endloop
 endfacet
 facet normal  1.556705e-14 -3.465624e-14  1.000000e+00
   outer loop
     vertex -6.248285e+00  1.463901e-01  2.200000e+01
     vertex -1.003213e+01 -3.090950e+00  2.200000e+01
     vertex -9.598319e+00 -3.101114e+00  2.200000e+01
   endloop
 endfacet
 facet normal  1.205854e-15 -1.787068e-14  1.000000e+00
   outer loop
     vertex -6.248285e+00  1.463901e-01  2.200000e+01
     vertex -1.499588e+01  3.513362e-01  2.200000e+01
     vertex -1.003213e+01 -3.090950e+00  2.200000e+01
   endloop
 endfacet
 facet normal -3.377660e-16 -1.661713e-14  1.000000e+00
   outer loop
     vertex -6.248285e+00  1.463901e-01  2.200000e+01
     vertex -9.179544e+00 -3.214801e+00  2.200000e+01
     vertex -6.101755e+00 -1.353176e+00  2.200000e+01
   endloop
 endfacet
 facet normal  1.843551e-14 -1.624272e-14  1.000000e+00
   outer loop
     vertex  5.464551e+00 -3.033345e+00  2.200000e+01
     vertex  5.939351e+00 -8.400064e+00  2.200000e+01
     vertex  6.257325e+00 -8.695343e+00  2.200000e+01
   endloop
 endfacet
 facet normal  1.258305e-15 -1.864781e-14  1.000000e+00
   outer loop
     vertex  5.464551e+00 -3.033345e+00  2.200000e+01
     vertex  6.257325e+00 -8.695343e+00  2.200000e+01
     vertex  1.311492e+01 -7.280028e+00  2.200000e+01
   endloop
 endfacet
 facet normal  4.862701e-16 -1.783071e-14  1.000000e+00
   outer loop
     vertex  5.464551e+00 -3.033345e+00  2.200000e+01
     vertex  4.579834e+00 -4.252954e+00  2.200000e+01
     vertex  5.939351e+00 -8.400064e+00  2.200000e+01
   endloop
 endfacet
 facet normal  1.118327e-15 -2.160656e-14  1.000000e+00
   outer loop
     vertex -6.031688e+00  1.637449e+00  2.200000e+01
     vertex -1.499588e+01  3.513362e-01  2.200000e+01
     vertex -6.248285e+00  1.463901e-01  2.200000e+01
   endloop
 endfacet
 facet normal  7.401087e-16 -1.897038e-14  1.000000e+00
   outer loop
     vertex -6.031688e+00  1.637449e+00  2.200000e+01
     vertex -1.447605e+01  3.929877e+00  2.200000e+01
     vertex -1.499588e+01  3.513362e-01  2.200000e+01
   endloop
 endfacet
 facet normal  2.508100e-16 -2.046281e-14  1.000000e+00
   outer loop
     vertex  6.031688e+00 -1.637449e+00  2.200000e+01
     vertex  5.464551e+00 -3.033345e+00  2.200000e+01
     vertex  1.311492e+01 -7.280028e+00  2.200000e+01
   endloop
 endfacet
 facet normal  3.784531e-16 -2.030257e-14  1.000000e+00
   outer loop
     vertex  1.447605e+01 -3.929877e+00  2.200000e+01
     vertex  6.031688e+00 -1.637449e+00  2.200000e+01
     vertex  1.311492e+01 -7.280028e+00  2.200000e+01
   endloop
 endfacet
 facet normal  3.265951e-16 -2.049360e-14  1.000000e+00
   outer loop
     vertex -5.464551e+00  3.033345e+00  2.200000e+01
     vertex -1.447605e+01  3.929877e+00  2.200000e+01
     vertex -6.031688e+00  1.637449e+00  2.200000e+01
   endloop
 endfacet
 facet normal  3.468760e-16 -2.028974e-14  1.000000e+00
   outer loop
     vertex -1.311492e+01  7.280028e+00  2.200000e+01
     vertex -1.447605e+01  3.929877e+00  2.200000e+01
     vertex -5.464551e+00  3.033345e+00  2.200000e+01
   endloop
 endfacet
 facet normal  7.401087e-16 -1.897038e-14  1.000000e+00
   outer loop
     vertex  1.499588e+01 -3.513362e-01  2.200000e+01
     vertex  6.031688e+00 -1.637449e+00  2.200000e+01
     vertex  1.447605e+01 -3.929877e+00  2.200000e+01
   endloop
 endfacet
 facet normal  1.118327e-15 -2.160656e-14  1.000000e+00
   outer loop
     vertex  1.499588e+01 -3.513362e-01  2.200000e+01
     vertex  6.248285e+00 -1.463901e-01  2.200000e+01
     vertex  6.031688e+00 -1.637449e+00  2.200000e+01
   endloop
 endfacet
 facet normal -3.377660e-16 -1.661713e-14  1.000000e+00
   outer loop
     vertex  9.179544e+00  3.214801e+00  2.200000e+01
     vertex  6.101755e+00  1.353176e+00  2.200000e+01
     vertex  6.248285e+00 -1.463901e-01  2.200000e+01
   endloop
 endfacet
 facet normal  9.390600e-16 -1.937832e-14  1.000000e+00
   outer loop
     vertex -5.141177e+00  8.075775e+00  2.200000e+01
     vertex -4.579834e+00  4.252954e+00  2.200000e+01
     vertex -3.428954e+00  5.225397e+00  2.200000e+01
   endloop
 endfacet
 facet normal -5.518123e-15 -2.032650e-14  1.000000e+00
   outer loop
     vertex -5.141177e+00  8.075775e+00  2.200000e+01
     vertex -5.559952e+00  8.189461e+00  2.200000e+01
     vertex -4.579834e+00  4.252954e+00  2.200000e+01
   endloop
 endfacet
 facet normal -1.057181e-14 -7.692131e-15  1.000000e+00
   outer loop
     vertex  9.598319e+00  3.101114e+00  2.200000e+01
     vertex  9.179544e+00  3.214801e+00  2.200000e+01
     vertex  6.248285e+00 -1.463901e-01  2.200000e+01
   endloop
 endfacet
 facet normal  4.862701e-16 -1.783071e-14  1.000000e+00
   outer loop
     vertex -5.939351e+00  8.400064e+00  2.200000e+01
     vertex -5.464551e+00  3.033345e+00  2.200000e+01
     vertex -4.579834e+00  4.252954e+00  2.200000e+01
   endloop
 endfacet
 facet normal -1.220769e-14 -2.199208e-14  1.000000e+00
   outer loop
     vertex -5.939351e+00  8.400064e+00  2.200000e+01
     vertex -4.579834e+00  4.252954e+00  2.200000e+01
     vertex -5.559952e+00  8.189461e+00  2.200000e+01
   endloop
 endfacet
 facet normal -8.865007e-17 -1.702899e-14  1.000000e+00
   outer loop
     vertex  8.800145e+00  3.425403e+00  2.200000e+01
     vertex  6.101755e+00  1.353176e+00  2.200000e+01
     vertex  9.179544e+00  3.214801e+00  2.200000e+01
   endloop
 endfacet
 facet normal -4.738973e-16 -2.022709e-14  1.000000e+00
   outer loop
     vertex -4.707364e+00  8.065611e+00  2.200000e+01
     vertex -5.141177e+00  8.075775e+00  2.200000e+01
     vertex -3.428954e+00  5.225397e+00  2.200000e+01
   endloop
 endfacet
 facet normal  1.205854e-15 -1.787068e-14  1.000000e+00
   outer loop
     vertex  1.003213e+01  3.090950e+00  2.200000e+01
     vertex  6.248285e+00 -1.463901e-01  2.200000e+01
     vertex  1.499588e+01 -3.513362e-01  2.200000e+01
   endloop
 endfacet
 facet normal  1.556705e-14 -3.465624e-14  1.000000e+00
   outer loop
     vertex  1.003213e+01  3.090950e+00  2.200000e+01
     vertex  9.598319e+00  3.101114e+00  2.200000e+01
     vertex  6.248285e+00 -1.463901e-01  2.200000e+01
   endloop
 endfacet
 facet normal  1.078067e-15 -1.777450e-14  1.000000e+00
   outer loop
     vertex -6.257325e+00  8.695343e+00  2.200000e+01
     vertex -1.099160e+01  1.020709e+01  2.200000e+01
     vertex -1.311492e+01  7.280028e+00  2.200000e+01
   endloop
 endfacet
 facet normal  1.258305e-15 -1.864781e-14  1.000000e+00
   outer loop
     vertex -6.257325e+00  8.695343e+00  2.200000e+01
     vertex -1.311492e+01  7.280028e+00  2.200000e+01
     vertex -5.464551e+00  3.033345e+00  2.200000e+01
   endloop
 endfacet
 facet normal  1.843551e-14 -1.624272e-14  1.000000e+00
   outer loop
     vertex -6.257325e+00  8.695343e+00  2.200000e+01
     vertex -5.464551e+00  3.033345e+00  2.200000e+01
     vertex -5.939351e+00  8.400064e+00  2.200000e+01
   endloop
 endfacet
 facet normal  2.908337e-15 -2.093157e-14  1.000000e+00
   outer loop
     vertex  8.482171e+00  3.720682e+00  2.200000e+01
     vertex  6.101755e+00  1.353176e+00  2.200000e+01
     vertex  8.800145e+00  3.425403e+00  2.200000e+01
   endloop
 endfacet
 facet normal -3.721236e-16 -1.763322e-14  1.000000e+00
   outer loop
     vertex  8.482171e+00  3.720682e+00  2.200000e+01
     vertex  5.600613e+00  2.774101e+00  2.200000e+01
     vertex  6.101755e+00  1.353176e+00  2.200000e+01
   endloop
 endfacet
 facet normal -1.121449e-14 -2.506154e-14  1.000000e+00
   outer loop
     vertex -4.283725e+00  8.159561e+00  2.200000e+01
     vertex -4.707364e+00  8.065611e+00  2.200000e+01
     vertex -3.428954e+00  5.225397e+00  2.200000e+01
   endloop
 endfacet
 facet normal  9.649229e-15 -5.695392e-15  1.000000e+00
   outer loop
     vertex  1.045577e+01  3.184900e+00  2.200000e+01
     vertex  1.003213e+01  3.090950e+00  2.200000e+01
     vertex  1.499588e+01 -3.513362e-01  2.200000e+01
   endloop
 endfacet
 facet normal  6.323645e-16 -1.917029e-14  1.000000e+00
   outer loop
     vertex -6.495394e+00  9.058137e+00  2.200000e+01
     vertex -1.099160e+01  1.020709e+01  2.200000e+01
     vertex -6.257325e+00  8.695343e+00  2.200000e+01
   endloop
 endfacet
 facet normal  2.213879e-16 -1.943998e-14  1.000000e+00
   outer loop
     vertex  8.244102e+00  4.083477e+00  2.200000e+01
     vertex  5.600613e+00  2.774101e+00  2.200000e+01
     vertex  8.482171e+00  3.720682e+00  2.200000e+01
   endloop
 endfacet
 facet normal -8.919486e-16 -1.944875e-14  1.000000e+00
   outer loop
     vertex -3.894879e+00  8.352164e+00  2.200000e+01
     vertex -3.428954e+00  5.225397e+00  2.200000e+01
     vertex -2.078795e+00  5.894159e+00  2.200000e+01
   endloop
 endfacet
 facet normal  1.741847e-14 -1.672028e-14  1.000000e+00
   outer loop
     vertex -3.894879e+00  8.352164e+00  2.200000e+01
     vertex -4.283725e+00  8.159561e+00  2.200000e+01
     vertex -3.428954e+00  5.225397e+00  2.200000e+01
   endloop
 endfacet
 facet normal -1.095664e-16 -1.822454e-14  1.000000e+00
   outer loop
     vertex  1.084462e+01  3.377503e+00  2.200000e+01
     vertex  1.045577e+01  3.184900e+00  2.200000e+01
     vertex  1.499588e+01 -3.513362e-01  2.200000e+01
   endloop
 endfacet
 facet normal  1.202557e-15 -1.693895e-14  1.000000e+00
   outer loop
     vertex -6.639723e+00  9.467364e+00  2.200000e+01
     vertex -1.099160e+01  1.020709e+01  2.200000e+01
     vertex -6.495394e+00  9.058137e+00  2.200000e+01
   endloop
 endfacet
 facet normal  5.387780e-16 -1.938838e-14  1.000000e+00
   outer loop
     vertex  8.099773e+00  4.492703e+00  2.200000e+01
     vertex  4.773983e+00  4.033805e+00  2.200000e+01
     vertex  5.600613e+00  2.774101e+00  2.200000e+01
   endloop
 endfacet
 facet normal -6.872812e-16 -1.760547e-14  1.000000e+00
   outer loop
     vertex  8.099773e+00  4.492703e+00  2.200000e+01
     vertex  5.600613e+00  2.774101e+00  2.200000e+01
     vertex  8.244102e+00  4.083477e+00  2.200000e+01
   endloop
 endfacet
 facet normal  3.175485e-15 -1.644355e-14  1.000000e+00
   outer loop
     vertex -3.563426e+00  8.632228e+00  2.200000e+01
     vertex -3.894879e+00  8.352164e+00  2.200000e+01
     vertex -2.078795e+00  5.894159e+00  2.200000e+01
   endloop
 endfacet
 facet normal  2.728854e-15 -7.959602e-15  1.000000e+00
   outer loop
     vertex -6.681924e+00  9.899239e+00  2.200000e+01
     vertex -1.099160e+01  1.020709e+01  2.200000e+01
     vertex -6.639723e+00  9.467364e+00  2.200000e+01
   endloop
 endfacet
 facet normal  1.319021e-16 -1.643962e-14  1.000000e+00
   outer loop
     vertex  8.057572e+00  4.924578e+00  2.200000e+01
     vertex  4.773983e+00  4.033805e+00  2.200000e+01
     vertex  8.099773e+00  4.492703e+00  2.200000e+01
   endloop
 endfacet
 facet normal  1.530226e-15 -1.779083e-14  1.000000e+00
   outer loop
     vertex -3.308627e+00  8.983475e+00  2.200000e+01
     vertex -2.078795e+00  5.894159e+00  2.200000e+01
     vertex -6.078248e-01  6.220374e+00  2.200000e+01
   endloop
 endfacet
 facet normal -1.628054e-15 -1.904812e-14  1.000000e+00
   outer loop
     vertex -3.308627e+00  8.983475e+00  2.200000e+01
     vertex -3.563426e+00  8.632228e+00  2.200000e+01
     vertex -2.078795e+00  5.894159e+00  2.200000e+01
   endloop
 endfacet
 facet normal  5.409384e-16 -2.020830e-14  1.000000e+00
   outer loop
     vertex  8.119952e+00  5.354003e+00  2.200000e+01
     vertex  3.669907e+00  5.059079e+00  2.200000e+01
     vertex  4.773983e+00  4.033805e+00  2.200000e+01
   endloop
 endfacet
 facet normal  2.503890e-15 -2.518329e-14  1.000000e+00
   outer loop
     vertex  8.119952e+00  5.354003e+00  2.200000e+01
     vertex  4.773983e+00  4.033805e+00  2.200000e+01
     vertex  8.057572e+00  4.924578e+00  2.200000e+01
   endloop
 endfacet
 facet normal -1.615288e-15 -1.990084e-14  1.000000e+00
   outer loop
     vertex  1.464421e+01  3.247623e+00  2.200000e+01
     vertex  1.084462e+01  3.377503e+00  2.200000e+01
     vertex  1.499588e+01 -3.513362e-01  2.200000e+01
   endloop
 endfacet
 facet normal -2.148949e-15 -3.551288e-14  1.000000e+00
   outer loop
     vertex  1.464421e+01  3.247623e+00  2.200000e+01
     vertex  1.117607e+01  3.657567e+00  2.200000e+01
     vertex  1.084462e+01  3.377503e+00  2.200000e+01
   endloop
 endfacet
 facet normal -3.153289e-16 -2.000038e-14  1.000000e+00
   outer loop
     vertex  1.464421e+01  3.247623e+00  2.200000e+01
     vertex  1.143087e+01  4.008814e+00  2.200000e+01
     vertex  1.117607e+01  3.657567e+00  2.200000e+01
   endloop
 endfacet
 facet normal  1.165070e-15 -1.814775e-14  1.000000e+00
   outer loop
     vertex -3.145292e+00  9.385493e+00  2.200000e+01
     vertex -3.308627e+00  8.983475e+00  2.200000e+01
     vertex -6.078248e-01  6.220374e+00  2.200000e+01
   endloop
 endfacet
 facet normal  2.149708e-16 -1.776174e-14  1.000000e+00
   outer loop
     vertex  1.159420e+01  4.410833e+00  2.200000e+01
     vertex  1.143087e+01  4.008814e+00  2.200000e+01
     vertex  1.464421e+01  3.247623e+00  2.200000e+01
   endloop
 endfacet
 facet normal  3.833271e-16 -1.783014e-14  1.000000e+00
   outer loop
     vertex  8.283288e+00  5.756021e+00  2.200000e+01
     vertex  3.669907e+00  5.059079e+00  2.200000e+01
     vertex  8.119952e+00  5.354003e+00  2.200000e+01
   endloop
 endfacet
 facet normal -4.707177e-16 -2.009137e-14  1.000000e+00
   outer loop
     vertex -3.082912e+00  9.814918e+00  2.200000e+01
     vertex -6.078248e-01  6.220374e+00  2.200000e+01
     vertex  8.984703e-01  6.185083e+00  2.200000e+01
   endloop
 endfacet
 facet normal -6.059154e-15 -2.393939e-14  1.000000e+00
   outer loop
     vertex -3.082912e+00  9.814918e+00  2.200000e+01
     vertex -3.145292e+00  9.385493e+00  2.200000e+01
     vertex -6.078248e-01  6.220374e+00  2.200000e+01
   endloop
 endfacet
 facet normal -5.336326e-15 -3.231758e-14  1.000000e+00
   outer loop
     vertex  1.165658e+01  4.840257e+00  2.200000e+01
     vertex  1.159420e+01  4.410833e+00  2.200000e+01
     vertex  1.464421e+01  3.247623e+00  2.200000e+01
   endloop
 endfacet
 facet normal -2.594603e-15  1.882152e-15  1.000000e+00
   outer loop
     vertex  8.538086e+00  6.107269e+00  2.200000e+01
     vertex  3.669907e+00  5.059079e+00  2.200000e+01
     vertex  8.283288e+00  5.756021e+00  2.200000e+01
   endloop
 endfacet
 facet normal  3.125271e-15 -1.614712e-14  1.000000e+00
   outer loop
     vertex -3.125112e+00  1.024679e+01  2.200000e+01
     vertex -3.082912e+00  9.814918e+00  2.200000e+01
     vertex  8.984703e-01  6.185083e+00  2.200000e+01
   endloop
 endfacet
 facet normal -7.218210e-15 -2.951344e-14  1.000000e+00
   outer loop
     vertex -8.229489e+00  1.254095e+01  2.200000e+01
     vertex -6.201410e+00  1.108193e+01  2.200000e+01
     vertex -5.869957e+00  1.136199e+01  2.200000e+01
   endloop
 endfacet
 facet normal -3.541454e-16 -1.997222e-14  1.000000e+00
   outer loop
     vertex -8.229489e+00  1.254095e+01  2.200000e+01
     vertex -6.456208e+00  1.073068e+01  2.200000e+01
     vertex -6.201410e+00  1.108193e+01  2.200000e+01
   endloop
 endfacet
 facet normal  1.407734e-15 -1.824634e-14  1.000000e+00
   outer loop
     vertex -8.229489e+00  1.254095e+01  2.200000e+01
     vertex -6.619544e+00  1.032866e+01  2.200000e+01
     vertex -6.456208e+00  1.073068e+01  2.200000e+01
   endloop
 endfacet
 facet normal -1.583286e-14 -3.079281e-14  1.000000e+00
   outer loop
     vertex -8.229489e+00  1.254095e+01  2.200000e+01
     vertex -6.681924e+00  9.899239e+00  2.200000e+01
     vertex -6.619544e+00  1.032866e+01  2.200000e+01
   endloop
 endfacet
 facet normal  1.837253e-15 -2.044133e-14  1.000000e+00
   outer loop
     vertex -8.229489e+00  1.254095e+01  2.200000e+01
     vertex -1.099160e+01  1.020709e+01  2.200000e+01
     vertex -6.681924e+00  9.899239e+00  2.200000e+01
   endloop
 endfacet
 facet normal -6.863620e-15 -8.896932e-15  1.000000e+00
   outer loop
     vertex  1.344147e+01  6.657842e+00  2.200000e+01
     vertex  1.161438e+01  5.272133e+00  2.200000e+01
     vertex  1.165658e+01  4.840257e+00  2.200000e+01
   endloop
 endfacet
 facet normal -3.492563e-16 -1.748625e-14  1.000000e+00
   outer loop
     vertex  1.344147e+01  6.657842e+00  2.200000e+01
     vertex  1.147005e+01  5.681359e+00  2.200000e+01
     vertex  1.161438e+01  5.272133e+00  2.200000e+01
   endloop
 endfacet
 facet normal  2.333899e-15 -1.792898e-14  1.000000e+00
   outer loop
     vertex  1.344147e+01  6.657842e+00  2.200000e+01
     vertex  1.165658e+01  4.840257e+00  2.200000e+01
     vertex  1.464421e+01  3.247623e+00  2.200000e+01
   endloop
 endfacet
 facet normal  5.210600e-16 -1.924333e-14  1.000000e+00
   outer loop
     vertex  1.344147e+01  6.657842e+00  2.200000e+01
     vertex  1.123199e+01  6.044154e+00  2.200000e+01
     vertex  1.147005e+01  5.681359e+00  2.200000e+01
   endloop
 endfacet
 facet normal  1.431650e-15 -2.252176e-14  1.000000e+00
   outer loop
     vertex  1.344147e+01  6.657842e+00  2.200000e+01
     vertex  1.091401e+01  6.339433e+00  2.200000e+01
     vertex  1.123199e+01  6.044154e+00  2.200000e+01
   endloop
 endfacet
 facet normal -6.568647e-16 -1.638178e-14  1.000000e+00
   outer loop
     vertex -4.989109e+00  1.414598e+01  2.200000e+01
     vertex -8.229489e+00  1.254095e+01  2.200000e+01
     vertex -5.869957e+00  1.136199e+01  2.200000e+01
   endloop
 endfacet
 facet normal -1.401414e-15 -1.939392e-14  1.000000e+00
   outer loop
     vertex -4.989109e+00  1.414598e+01  2.200000e+01
     vertex -4.204883e+00  1.152470e+01  2.200000e+01
     vertex -3.825484e+00  1.131409e+01  2.200000e+01
   endloop
 endfacet
 facet normal -1.484001e-14 -2.341443e-14  1.000000e+00
   outer loop
     vertex -4.989109e+00  1.414598e+01  2.200000e+01
     vertex -4.623658e+00  1.163838e+01  2.200000e+01
     vertex -4.204883e+00  1.152470e+01  2.200000e+01
   endloop
 endfacet
 facet normal -4.996083e-16 -2.132450e-14  1.000000e+00
   outer loop
     vertex -4.989109e+00  1.414598e+01  2.200000e+01
     vertex -5.057471e+00  1.164855e+01  2.200000e+01
     vertex -4.623658e+00  1.163838e+01  2.200000e+01
   endloop
 endfacet
 facet normal  1.319842e-14 -2.169945e-14  1.000000e+00
   outer loop
     vertex -4.989109e+00  1.414598e+01  2.200000e+01
     vertex -5.481111e+00  1.155460e+01  2.200000e+01
     vertex -5.057471e+00  1.164855e+01  2.200000e+01
   endloop
 endfacet
 facet normal  2.057883e-14 -2.310070e-14  1.000000e+00
   outer loop
     vertex -4.989109e+00  1.414598e+01  2.200000e+01
     vertex -5.869957e+00  1.136199e+01  2.200000e+01
     vertex -5.481111e+00  1.155460e+01  2.200000e+01
   endloop
 endfacet
 facet normal  8.894815e-16 -1.821816e-14  1.000000e+00
   outer loop
     vertex  1.145756e+01  9.681132e+00  2.200000e+01
     vertex  1.091401e+01  6.339433e+00  2.200000e+01
     vertex  1.344147e+01  6.657842e+00  2.200000e+01
   endloop
 endfacet
 facet normal -6.130856e-16 -1.797376e-14  1.000000e+00
   outer loop
     vertex  1.145756e+01  9.681132e+00  2.200000e+01
     vertex  1.053461e+01  6.550035e+00  2.200000e+01
     vertex  1.091401e+01  6.339433e+00  2.200000e+01
   endloop
 endfacet
 facet normal -4.563310e-15 -1.680936e-14  1.000000e+00
   outer loop
     vertex  1.145756e+01  9.681132e+00  2.200000e+01
     vertex  1.011584e+01  6.663722e+00  2.200000e+01
     vertex  1.053461e+01  6.550035e+00  2.200000e+01
   endloop
 endfacet
 facet normal -4.368131e-16 -1.864424e-14  1.000000e+00
   outer loop
     vertex  1.145756e+01  9.681132e+00  2.200000e+01
     vertex  9.682025e+00  6.673885e+00  2.200000e+01
     vertex  1.011584e+01  6.663722e+00  2.200000e+01
   endloop
 endfacet
 facet normal  4.823465e-15 -2.175001e-14  1.000000e+00
   outer loop
     vertex  1.145756e+01  9.681132e+00  2.200000e+01
     vertex  9.258385e+00  6.579936e+00  2.200000e+01
     vertex  9.682025e+00  6.673885e+00  2.200000e+01
   endloop
 endfacet
 facet normal  1.355421e-16 -1.876239e-14  1.000000e+00
   outer loop
     vertex -1.458780e+00  1.492890e+01  2.200000e+01
     vertex -4.989109e+00  1.414598e+01  2.200000e+01
     vertex -3.825484e+00  1.131409e+01  2.200000e+01
   endloop
 endfacet
 facet normal  4.275528e-16 -1.930469e-14  1.000000e+00
   outer loop
     vertex -1.458780e+00  1.492890e+01  2.200000e+01
     vertex -3.507511e+00  1.101881e+01  2.200000e+01
     vertex -3.269441e+00  1.065602e+01  2.200000e+01
   endloop
 endfacet
 facet normal  3.112639e-15 -2.071157e-14  1.000000e+00
   outer loop
     vertex -1.458780e+00  1.492890e+01  2.200000e+01
     vertex -3.825484e+00  1.131409e+01  2.200000e+01
     vertex -3.507511e+00  1.101881e+01  2.200000e+01
   endloop
 endfacet
 facet normal -2.267304e-15 -1.816272e-14  1.000000e+00
   outer loop
     vertex -1.458780e+00  1.492890e+01  2.200000e+01
     vertex -3.269441e+00  1.065602e+01  2.200000e+01
     vertex -3.125112e+00  1.024679e+01  2.200000e+01
   endloop
 endfacet
 facet normal  2.141179e-15 -2.011257e-14  1.000000e+00
   outer loop
     vertex  8.807778e+00  1.214179e+01  2.200000e+01
     vertex  3.669907e+00  5.059079e+00  2.200000e+01
     vertex  8.538086e+00  6.107269e+00  2.200000e+01
   endloop
 endfacet
 facet normal  3.459099e-16 -1.881026e-14  1.000000e+00
   outer loop
     vertex  8.807778e+00  1.214179e+01  2.200000e+01
     vertex  2.352550e+00  5.790338e+00  2.200000e+01
     vertex  3.669907e+00  5.059079e+00  2.200000e+01
   endloop
 endfacet
 facet normal  1.054751e-15 -1.907748e-14  1.000000e+00
   outer loop
     vertex  8.807778e+00  1.214179e+01  2.200000e+01
     vertex  9.258385e+00  6.579936e+00  2.200000e+01
     vertex  1.145756e+01  9.681132e+00  2.200000e+01
   endloop
 endfacet
 facet normal  3.415299e-16 -1.913526e-14  1.000000e+00
   outer loop
     vertex  8.807778e+00  1.214179e+01  2.200000e+01
     vertex  8.869540e+00  6.387332e+00  2.200000e+01
     vertex  9.258385e+00  6.579936e+00  2.200000e+01
   endloop
 endfacet
 facet normal -1.584056e-14 -1.930894e-14  1.000000e+00
   outer loop
     vertex  8.807778e+00  1.214179e+01  2.200000e+01
     vertex  8.538086e+00  6.107269e+00  2.200000e+01
     vertex  8.869540e+00  6.387332e+00  2.200000e+01
   endloop
 endfacet
 facet normal -2.280377e-16 -1.884003e-14  1.000000e+00
   outer loop
     vertex  2.156329e+00  1.484420e+01  2.200000e+01
     vertex  8.984703e-01  6.185083e+00  2.200000e+01
     vertex  2.352550e+00  5.790338e+00  2.200000e+01
   endloop
 endfacet
 facet normal  5.338524e-16 -1.915964e-14  1.000000e+00
   outer loop
     vertex  2.156329e+00  1.484420e+01  2.200000e+01
     vertex -1.458780e+00  1.492890e+01  2.200000e+01
     vertex -3.125112e+00  1.024679e+01  2.200000e+01
   endloop
 endfacet
 facet normal  3.256495e-16 -1.892046e-14  1.000000e+00
   outer loop
     vertex  2.156329e+00  1.484420e+01  2.200000e+01
     vertex -3.125112e+00  1.024679e+01  2.200000e+01
     vertex  8.984703e-01  6.185083e+00  2.200000e+01
   endloop
 endfacet
 facet normal  1.000829e-15 -1.881340e-14  1.000000e+00
   outer loop
     vertex  5.646119e+00  1.389681e+01  2.200000e+01
     vertex  2.156329e+00  1.484420e+01  2.200000e+01
     vertex  2.352550e+00  5.790338e+00  2.200000e+01
   endloop
 endfacet
 facet normal -8.512657e-17 -1.837218e-14  1.000000e+00
   outer loop
     vertex  5.646119e+00  1.389681e+01  2.200000e+01
     vertex  2.352550e+00  5.790338e+00  2.200000e+01
     vertex  8.807778e+00  1.214179e+01  2.200000e+01
   endloop
 endfacet
 facet normal -8.360635e-01 -5.486326e-01 -1.006140e-14
   outer loop
     vertex  4.773983e+00  4.033805e+00  2.200000e+01
     vertex  5.600613e+00  2.774101e+00  2.158847e-10
     vertex  5.600613e+00  2.774101e+00  2.200000e+01
   endloop
 endfacet
 facet normal -8.360635e-01 -5.486326e-01 -1.010637e-14
   outer loop
     vertex  4.773983e+00  4.033805e+00  2.200000e+01
     vertex  4.773983e+00  4.033805e+00  2.159089e-10
     vertex  5.600613e+00  2.774101e+00  2.158847e-10
   endloop
 endfacet
 facet normal -6.804727e-01 -7.327735e-01 -1.358825e-14
   outer loop
     vertex  3.669907e+00  5.059079e+00  2.200000e+01
     vertex  3.669907e+00  5.059079e+00  2.159288e-10
     vertex  4.773983e+00  4.033805e+00  2.159089e-10
   endloop
 endfacet
 facet normal -4.853352e-01 -8.743282e-01 -1.636480e-14
   outer loop
     vertex  3.669907e+00  5.059079e+00  2.200000e+01
     vertex  2.352550e+00  5.790338e+00  2.159432e-10
     vertex  3.669907e+00  5.059079e+00  2.159288e-10
   endloop
 endfacet
 facet normal -6.804727e-01 -7.327735e-01 -1.365858e-14
   outer loop
     vertex  3.669907e+00  5.059079e+00  2.200000e+01
     vertex  4.773983e+00  4.033805e+00  2.159089e-10
     vertex  4.773983e+00  4.033805e+00  2.200000e+01
   endloop
 endfacet
 facet normal -4.853352e-01 -8.743282e-01 -1.635890e-14
   outer loop
     vertex  2.352550e+00  5.790338e+00  2.200000e+01
     vertex  2.352550e+00  5.790338e+00  2.159432e-10
     vertex  3.669907e+00  5.059079e+00  2.200000e+01
   endloop
 endfacet
 facet normal -2.619918e-01 -9.650701e-01 -1.812824e-14
   outer loop
     vertex  8.984703e-01  6.185083e+00  2.200000e+01
     vertex  8.984703e-01  6.185083e+00  2.159513e-10
     vertex  2.352550e+00  5.790338e+00  2.159432e-10
   endloop
 endfacet
 facet normal -2.342242e-02 -9.997257e-01 -1.887934e-14
   outer loop
     vertex  8.984703e-01  6.185083e+00  2.200000e+01
     vertex -6.078248e-01  6.220374e+00  2.159526e-10
     vertex  8.984703e-01  6.185083e+00  2.159513e-10
   endloop
 endfacet
 facet normal -2.619918e-01 -9.650701e-01 -1.816678e-14
   outer loop
     vertex  8.984703e-01  6.185083e+00  2.200000e+01
     vertex  2.352550e+00  5.790338e+00  2.159432e-10
     vertex  2.352550e+00  5.790338e+00  2.200000e+01
   endloop
 endfacet
 facet normal -2.342242e-02 -9.997257e-01 -1.891875e-14
   outer loop
     vertex -6.078248e-01  6.220374e+00  2.200000e+01
     vertex -6.078248e-01  6.220374e+00  2.159526e-10
     vertex  8.984703e-01  6.185083e+00  2.200000e+01
   endloop
 endfacet
 facet normal  2.165082e-01 -9.762808e-01 -1.862080e-14
   outer loop
     vertex -2.078795e+00  5.894159e+00  2.200000e+01
     vertex -2.078795e+00  5.894159e+00  2.159470e-10
     vertex -6.078248e-01  6.220374e+00  2.159526e-10
   endloop
 endfacet
 facet normal  2.165082e-01 -9.762808e-01 -1.858042e-14
   outer loop
     vertex -2.078795e+00  5.894159e+00  2.200000e+01
     vertex -6.078248e-01  6.220374e+00  2.159526e-10
     vertex -6.078248e-01  6.220374e+00  2.200000e+01
   endloop
 endfacet
 facet normal  4.438562e-01 -8.960980e-01 -1.716414e-14
   outer loop
     vertex -3.428954e+00  5.225397e+00  2.200000e+01
     vertex -3.428954e+00  5.225397e+00  2.159349e-10
     vertex -2.078795e+00  5.894159e+00  2.159470e-10
   endloop
 endfacet
 facet normal  4.438562e-01 -8.960980e-01 -1.719882e-14
   outer loop
     vertex -3.428954e+00  5.225397e+00  2.200000e+01
     vertex -2.078795e+00  5.894159e+00  2.159470e-10
     vertex -2.078795e+00  5.894159e+00  2.200000e+01
   endloop
 endfacet
 facet normal  6.454088e-01 -7.638373e-01 -1.480628e-14
   outer loop
     vertex -4.579834e+00  4.252954e+00  2.200000e+01
     vertex -4.579834e+00  4.252954e+00  2.159170e-10
     vertex -3.428954e+00  5.225397e+00  2.159349e-10
   endloop
 endfacet
 facet normal  6.454088e-01 -7.638373e-01 -1.475046e-14
   outer loop
     vertex -4.579834e+00  4.252954e+00  2.200000e+01
     vertex -3.428954e+00  5.225397e+00  2.159349e-10
     vertex -3.428954e+00  5.225397e+00  2.200000e+01
   endloop
 endfacet
 facet normal  8.094526e-01 -5.871852e-01 -1.148929e-14
   outer loop
     vertex -5.464551e+00  3.033345e+00  2.200000e+01
     vertex -5.464551e+00  3.033345e+00  2.158942e-10
     vertex -4.579834e+00  4.252954e+00  2.159170e-10
   endloop
 endfacet
 facet normal  9.264540e-01 -3.764079e-01 -7.546066e-15
   outer loop
     vertex -5.464551e+00  3.033345e+00  2.200000e+01
     vertex -6.031688e+00  1.637449e+00  2.158680e-10
     vertex -5.464551e+00  3.033345e+00  2.158942e-10
   endloop
 endfacet
 facet normal  8.094526e-01 -5.871852e-01 -1.153510e-14
   outer loop
     vertex -5.464551e+00  3.033345e+00  2.200000e+01
     vertex -4.579834e+00  4.252954e+00  2.159170e-10
     vertex -4.579834e+00  4.252954e+00  2.200000e+01
   endloop
 endfacet
 facet normal  9.264540e-01 -3.764079e-01 -7.546066e-15
   outer loop
     vertex -6.031688e+00  1.637449e+00  2.200000e+01
     vertex -6.031688e+00  1.637449e+00  2.158680e-10
     vertex -5.464551e+00  3.033345e+00  2.200000e+01
   endloop
 endfacet
 facet normal  9.896133e-01 -1.437553e-01 -3.087287e-15
   outer loop
     vertex -6.248285e+00  1.463901e-01  2.200000e+01
     vertex -6.248285e+00  1.463901e-01  2.158398e-10
     vertex -6.031688e+00  1.637449e+00  2.158680e-10
   endloop
 endfacet
 facet normal  9.896133e-01 -1.437553e-01 -3.165120e-15
   outer loop
     vertex -6.248285e+00  1.463901e-01  2.200000e+01
     vertex -6.031688e+00  1.637449e+00  2.158680e-10
     vertex -6.031688e+00  1.637449e+00  2.200000e+01
   endloop
 endfacet
 facet normal  9.952598e-01  9.725197e-02  1.361201e-15
   outer loop
     vertex -6.101755e+00 -1.353176e+00  2.200000e+01
     vertex -6.101755e+00 -1.353176e+00  2.158113e-10
     vertex -6.248285e+00  1.463901e-01  2.158398e-10
   endloop
 endfacet
 facet normal  9.952598e-01  9.725197e-02  1.483754e-15
   outer loop
     vertex -6.101755e+00 -1.353176e+00  2.200000e+01
     vertex -6.248285e+00  1.463901e-01  2.158398e-10
     vertex -6.248285e+00  1.463901e-01  2.200000e+01
   endloop
 endfacet
 facet normal  9.430654e-01  3.326073e-01  5.961757e-15
   outer loop
     vertex -5.600613e+00 -2.774101e+00  2.200000e+01
     vertex -5.600613e+00 -2.774101e+00  2.157842e-10
     vertex -6.101755e+00 -1.353176e+00  2.158113e-10
   endloop
 endfacet
 facet normal  9.430654e-01  3.326073e-01  5.847935e-15
   outer loop
     vertex -5.600613e+00 -2.774101e+00  2.200000e+01
     vertex -6.101755e+00 -1.353176e+00  2.158113e-10
     vertex -6.101755e+00 -1.353176e+00  2.200000e+01
   endloop
 endfacet
 facet normal -8.360635e-01 -5.486326e-01 -1.009286e-14
   outer loop
     vertex  6.257325e+00 -8.695343e+00  2.200000e+01
     vertex  6.495394e+00 -9.058137e+00  2.750000e+00
     vertex  6.495394e+00 -9.058137e+00  2.200000e+01
   endloop
 endfacet
 facet normal -8.360635e-01 -5.486326e-01 -1.008196e-14
   outer loop
     vertex  6.257325e+00 -8.695343e+00  2.200000e+01
     vertex  6.257325e+00 -8.695343e+00  2.750000e+00
     vertex  6.495394e+00 -9.058137e+00  2.750000e+00
   endloop
 endfacet
 facet normal -6.804727e-01 -7.327735e-01 -1.371458e-14
   outer loop
     vertex  5.939351e+00 -8.400064e+00  2.200000e+01
     vertex  5.939351e+00 -8.400064e+00  2.750000e+00
     vertex  6.257325e+00 -8.695343e+00  2.750000e+00
   endloop
 endfacet
 facet normal -6.804727e-01 -7.327735e-01 -1.364654e-14
   outer loop
     vertex  5.939351e+00 -8.400064e+00  2.200000e+01
     vertex  6.257325e+00 -8.695343e+00  2.750000e+00
     vertex  6.257325e+00 -8.695343e+00  2.200000e+01
   endloop
 endfacet
 facet normal -4.853352e-01 -8.743282e-01 -1.651304e-14
   outer loop
     vertex  5.559952e+00 -8.189461e+00  2.200000e+01
     vertex  5.559952e+00 -8.189461e+00  2.750000e+00
     vertex  5.939351e+00 -8.400064e+00  2.750000e+00
   endloop
 endfacet
 facet normal -4.853352e-01 -8.743282e-01 -1.649912e-14
   outer loop
     vertex  5.559952e+00 -8.189461e+00  2.200000e+01
     vertex  5.939351e+00 -8.400064e+00  2.750000e+00
     vertex  5.939351e+00 -8.400064e+00  2.200000e+01
   endloop
 endfacet
 facet normal -2.619918e-01 -9.650701e-01 -1.823654e-14
   outer loop
     vertex  5.141177e+00 -8.075775e+00  2.200000e+01
     vertex  5.141177e+00 -8.075775e+00  2.750000e+00
     vertex  5.559952e+00 -8.189461e+00  2.750000e+00
   endloop
 endfacet
 facet normal -2.619918e-01 -9.650701e-01 -1.837813e-14
   outer loop
     vertex  5.141177e+00 -8.075775e+00  2.200000e+01
     vertex  5.559952e+00 -8.189461e+00  2.750000e+00
     vertex  5.559952e+00 -8.189461e+00  2.200000e+01
   endloop
 endfacet
 facet normal -2.342242e-02 -9.997257e-01 -1.908556e-14
   outer loop
     vertex  4.707364e+00 -8.065611e+00  2.200000e+01
     vertex  4.707364e+00 -8.065611e+00  2.750000e+00
     vertex  5.141177e+00 -8.075775e+00  2.750000e+00
   endloop
 endfacet
 facet normal -2.342242e-02 -9.997257e-01 -1.899440e-14
   outer loop
     vertex  4.707364e+00 -8.065611e+00  2.200000e+01
     vertex  5.141177e+00 -8.075775e+00  2.750000e+00
     vertex  5.141177e+00 -8.075775e+00  2.200000e+01
   endloop
 endfacet
 facet normal  2.165082e-01 -9.762808e-01 -1.874842e-14
   outer loop
     vertex  4.283725e+00 -8.159561e+00  2.200000e+01
     vertex  4.283725e+00 -8.159561e+00  2.750000e+00
     vertex  4.707364e+00 -8.065611e+00  2.750000e+00
   endloop
 endfacet
 facet normal  2.165082e-01 -9.762808e-01 -1.874779e-14
   outer loop
     vertex  4.283725e+00 -8.159561e+00  2.200000e+01
     vertex  4.707364e+00 -8.065611e+00  2.750000e+00
     vertex  4.707364e+00 -8.065611e+00  2.200000e+01
   endloop
 endfacet
 facet normal  4.438562e-01 -8.960980e-01 -1.731146e-14
   outer loop
     vertex  3.894879e+00 -8.352164e+00  2.200000e+01
     vertex  3.894879e+00 -8.352164e+00  2.750000e+00
     vertex  4.283725e+00 -8.159561e+00  2.750000e+00
   endloop
 endfacet
 facet normal  4.438562e-01 -8.960980e-01 -1.732150e-14
   outer loop
     vertex  3.894879e+00 -8.352164e+00  2.200000e+01
     vertex  4.283725e+00 -8.159561e+00  2.750000e+00
     vertex  4.283725e+00 -8.159561e+00  2.200000e+01
   endloop
 endfacet
 facet normal  6.454088e-01 -7.638373e-01 -1.488830e-14
   outer loop
     vertex  3.563426e+00 -8.632228e+00  2.200000e+01
     vertex  3.563426e+00 -8.632228e+00  2.750000e+00
     vertex  3.894879e+00 -8.352164e+00  2.750000e+00
   endloop
 endfacet
 facet normal  6.454088e-01 -7.638373e-01 -1.487429e-14
   outer loop
     vertex  3.563426e+00 -8.632228e+00  2.200000e+01
     vertex  3.894879e+00 -8.352164e+00  2.750000e+00
     vertex  3.894879e+00 -8.352164e+00  2.200000e+01
   endloop
 endfacet
 facet normal  8.094526e-01 -5.871852e-01 -1.149812e-14
   outer loop
     vertex  3.308627e+00 -8.983475e+00  2.200000e+01
     vertex  3.308627e+00 -8.983475e+00  2.750000e+00
     vertex  3.563426e+00 -8.632228e+00  2.750000e+00
   endloop
 endfacet
 facet normal  8.094526e-01 -5.871852e-01 -1.158975e-14
   outer loop
     vertex  3.308627e+00 -8.983475e+00  2.200000e+01
     vertex  3.563426e+00 -8.632228e+00  2.750000e+00
     vertex  3.563426e+00 -8.632228e+00  2.200000e+01
   endloop
 endfacet
 facet normal  9.896133e-01 -1.437553e-01 -3.166459e-15
   outer loop
     vertex  3.145292e+00 -9.385493e+00  2.200000e+01
     vertex  3.082912e+00 -9.814918e+00  2.750000e+00
     vertex  3.145292e+00 -9.385493e+00  2.750000e+00
   endloop
 endfacet
 facet normal  9.264540e-01 -3.764079e-01 -7.561346e-15
   outer loop
     vertex  3.145292e+00 -9.385493e+00  2.200000e+01
     vertex  3.145292e+00 -9.385493e+00  2.750000e+00
     vertex  3.308627e+00 -8.983475e+00  2.750000e+00
   endloop
 endfacet
 facet normal  9.264540e-01 -3.764079e-01 -7.539322e-15
   outer loop
     vertex  3.145292e+00 -9.385493e+00  2.200000e+01
     vertex  3.308627e+00 -8.983475e+00  2.750000e+00
     vertex  3.308627e+00 -8.983475e+00  2.200000e+01
   endloop
 endfacet
 facet normal  9.952598e-01  9.725197e-02  1.389490e-15
   outer loop
     vertex  3.082912e+00 -9.814918e+00  2.200000e+01
     vertex  3.125112e+00 -1.024679e+01  2.750000e+00
     vertex  3.082912e+00 -9.814918e+00  2.750000e+00
   endloop
 endfacet
 facet normal  9.896133e-01 -1.437553e-01 -3.189289e-15
   outer loop
     vertex  3.082912e+00 -9.814918e+00  2.200000e+01
     vertex  3.082912e+00 -9.814918e+00  2.750000e+00
     vertex  3.145292e+00 -9.385493e+00  2.200000e+01
   endloop
 endfacet
 facet normal  9.952598e-01  9.725197e-02  1.435411e-15
   outer loop
     vertex  3.125112e+00 -1.024679e+01  2.200000e+01
     vertex  3.125112e+00 -1.024679e+01  2.750000e+00
     vertex  3.082912e+00 -9.814918e+00  2.200000e+01
   endloop
 endfacet
 facet normal  9.430654e-01  3.326073e-01  5.952786e-15
   outer loop
     vertex  3.269441e+00 -1.065602e+01  2.200000e+01
     vertex  3.269441e+00 -1.065602e+01  2.750000e+00
     vertex  3.125112e+00 -1.024679e+01  2.750000e+00
   endloop
 endfacet
 facet normal  9.430654e-01  3.326073e-01  5.930280e-15
   outer loop
     vertex  3.269441e+00 -1.065602e+01  2.200000e+01
     vertex  3.125112e+00 -1.024679e+01  2.750000e+00
     vertex  3.125112e+00 -1.024679e+01  2.200000e+01
   endloop
 endfacet
 facet normal -8.360635e-01 -5.486326e-01 -1.001809e-14
   outer loop
     vertex  1.123199e+01  6.044154e+00  2.200000e+01
     vertex  1.147005e+01  5.681359e+00  2.750000e+00
     vertex  1.147005e+01  5.681359e+00  2.200000e+01
   endloop
 endfacet
 facet normal -8.360635e-01 -5.486326e-01 -1.009522e-14
   outer loop
     vertex  1.123199e+01  6.044154e+00  2.200000e+01
     vertex  1.123199e+01  6.044154e+00  2.750000e+00
     vertex  1.147005e+01  5.681359e+00  2.750000e+00
   endloop
 endfacet
 facet normal -6.804727e-01 -7.327735e-01 -1.345134e-14
   outer loop
     vertex  1.091401e+01  6.339433e+00  2.200000e+01
     vertex  1.091401e+01  6.339433e+00  2.750000e+00
     vertex  1.123199e+01  6.044154e+00  2.750000e+00
   endloop
 endfacet
 facet normal -6.804727e-01 -7.327735e-01 -1.364488e-14
   outer loop
     vertex  1.091401e+01  6.339433e+00  2.200000e+01
     vertex  1.123199e+01  6.044154e+00  2.750000e+00
     vertex  1.123199e+01  6.044154e+00  2.200000e+01
   endloop
 endfacet
 facet normal -4.853352e-01 -8.743282e-01 -1.618586e-14
   outer loop
     vertex  1.053461e+01  6.550035e+00  2.200000e+01
     vertex  1.053461e+01  6.550035e+00  2.750000e+00
     vertex  1.091401e+01  6.339433e+00  2.750000e+00
   endloop
 endfacet
 facet normal -4.853352e-01 -8.743282e-01 -1.623164e-14
   outer loop
     vertex  1.053461e+01  6.550035e+00  2.200000e+01
     vertex  1.091401e+01  6.339433e+00  2.750000e+00
     vertex  1.091401e+01  6.339433e+00  2.200000e+01
   endloop
 endfacet
 facet normal -2.619918e-01 -9.650701e-01 -1.820027e-14
   outer loop
     vertex  1.011584e+01  6.663722e+00  2.200000e+01
     vertex  1.011584e+01  6.663722e+00  2.750000e+00
     vertex  1.053461e+01  6.550035e+00  2.750000e+00
   endloop
 endfacet
 facet normal -2.619918e-01 -9.650701e-01 -1.804171e-14
   outer loop
     vertex  1.011584e+01  6.663722e+00  2.200000e+01
     vertex  1.053461e+01  6.550035e+00  2.750000e+00
     vertex  1.053461e+01  6.550035e+00  2.200000e+01
   endloop
 endfacet
 facet normal -2.342242e-02 -9.997257e-01 -1.894502e-14
   outer loop
     vertex  9.682025e+00  6.673885e+00  2.200000e+01
     vertex  9.682025e+00  6.673885e+00  2.750000e+00
     vertex  1.011584e+01  6.663722e+00  2.750000e+00
   endloop
 endfacet
 facet normal -2.342242e-02 -9.997257e-01 -1.899118e-14
   outer loop
     vertex  9.682025e+00  6.673885e+00  2.200000e+01
     vertex  1.011584e+01  6.663722e+00  2.750000e+00
     vertex  1.011584e+01  6.663722e+00  2.200000e+01
   endloop
 endfacet
 facet normal  2.165082e-01 -9.762808e-01 -1.854318e-14
   outer loop
     vertex  9.258385e+00  6.579936e+00  2.200000e+01
     vertex  9.258385e+00  6.579936e+00  2.750000e+00
     vertex  9.682025e+00  6.673885e+00  2.750000e+00
   endloop
 endfacet
 facet normal  2.165082e-01 -9.762808e-01 -1.863316e-14
   outer loop
     vertex  9.258385e+00  6.579936e+00  2.200000e+01
     vertex  9.682025e+00  6.673885e+00  2.750000e+00
     vertex  9.682025e+00  6.673885e+00  2.200000e+01
   endloop
 endfacet
 facet normal  4.438562e-01 -8.960980e-01 -1.711459e-14
   outer loop
     vertex  8.869540e+00  6.387332e+00  2.200000e+01
     vertex  8.869540e+00  6.387332e+00  2.750000e+00
     vertex  9.258385e+00  6.579936e+00  2.750000e+00
   endloop
 endfacet
 facet normal  4.438562e-01 -8.960980e-01 -1.715536e-14
   outer loop
     vertex  8.869540e+00  6.387332e+00  2.200000e+01
     vertex  9.258385e+00  6.579936e+00  2.750000e+00
     vertex  9.258385e+00  6.579936e+00  2.200000e+01
   endloop
 endfacet
 facet normal  6.454088e-01 -7.638373e-01 -1.480689e-14
   outer loop
     vertex  8.538086e+00  6.107269e+00  2.200000e+01
     vertex  8.538086e+00  6.107269e+00  2.750000e+00
     vertex  8.869540e+00  6.387332e+00  2.750000e+00
   endloop
 endfacet
 facet normal  6.454088e-01 -7.638373e-01 -1.473640e-14
   outer loop
     vertex  8.538086e+00  6.107269e+00  2.200000e+01
     vertex  8.869540e+00  6.387332e+00  2.750000e+00
     vertex  8.869540e+00  6.387332e+00  2.200000e+01
   endloop
 endfacet
 facet normal  8.094526e-01 -5.871852e-01 -1.160358e-14
   outer loop
     vertex  8.283288e+00  5.756021e+00  2.200000e+01
     vertex  8.283288e+00  5.756021e+00  2.750000e+00
     vertex  8.538086e+00  6.107269e+00  2.750000e+00
   endloop
 endfacet
 facet normal  8.094526e-01 -5.871852e-01 -1.155653e-14
   outer loop
     vertex  8.283288e+00  5.756021e+00  2.200000e+01
     vertex  8.538086e+00  6.107269e+00  2.750000e+00
     vertex  8.538086e+00  6.107269e+00  2.200000e+01
   endloop
 endfacet
 facet normal  9.896133e-01 -1.437553e-01 -3.254078e-15
   outer loop
     vertex  8.119952e+00  5.354003e+00  2.200000e+01
     vertex  8.057572e+00  4.924578e+00  2.750000e+00
     vertex  8.119952e+00  5.354003e+00  2.750000e+00
   endloop
 endfacet
 facet normal  9.264540e-01 -3.764079e-01 -7.598742e-15
   outer loop
     vertex  8.119952e+00  5.354003e+00  2.200000e+01
     vertex  8.119952e+00  5.354003e+00  2.750000e+00
     vertex  8.283288e+00  5.756021e+00  2.750000e+00
   endloop
 endfacet
 facet normal  9.264540e-01 -3.764079e-01 -7.702136e-15
   outer loop
     vertex  8.119952e+00  5.354003e+00  2.200000e+01
     vertex  8.283288e+00  5.756021e+00  2.750000e+00
     vertex  8.283288e+00  5.756021e+00  2.200000e+01
   endloop
 endfacet
 facet normal  9.952598e-01  9.725197e-02  1.371542e-15
   outer loop
     vertex  8.057572e+00  4.924578e+00  2.200000e+01
     vertex  8.099773e+00  4.492703e+00  2.750000e+00
     vertex  8.057572e+00  4.924578e+00  2.750000e+00
   endloop
 endfacet
 facet normal  9.896133e-01 -1.437553e-01 -3.162758e-15
   outer loop
     vertex  8.057572e+00  4.924578e+00  2.200000e+01
     vertex  8.057572e+00  4.924578e+00  2.750000e+00
     vertex  8.119952e+00  5.354003e+00  2.200000e+01
   endloop
 endfacet
 facet normal  9.952598e-01  9.725197e-02  1.463382e-15
   outer loop
     vertex  8.099773e+00  4.492703e+00  2.200000e+01
     vertex  8.099773e+00  4.492703e+00  2.750000e+00
     vertex  8.057572e+00  4.924578e+00  2.200000e+01
   endloop
 endfacet
 facet normal  9.430654e-01  3.326073e-01  5.769801e-15
   outer loop
     vertex  8.244102e+00  4.083477e+00  2.200000e+01
     vertex  8.244102e+00  4.083477e+00  2.750000e+00
     vertex  8.099773e+00  4.492703e+00  2.750000e+00
   endloop
 endfacet
 facet normal  9.430654e-01  3.326073e-01  5.912835e-15
   outer loop
     vertex  8.244102e+00  4.083477e+00  2.200000e+01
     vertex  8.099773e+00  4.492703e+00  2.750000e+00
     vertex  8.099773e+00  4.492703e+00  2.200000e+01
   endloop
 endfacet
 facet normal -8.360635e-01 -5.486326e-01 -1.012110e-14
   outer loop
     vertex -3.507511e+00  1.101881e+01  2.200000e+01
     vertex -3.269441e+00  1.065602e+01  2.750000e+00
     vertex -3.269441e+00  1.065602e+01  2.200000e+01
   endloop
 endfacet
 facet normal -8.360635e-01 -5.486326e-01 -1.013259e-14
   outer loop
     vertex -3.507511e+00  1.101881e+01  2.200000e+01
     vertex -3.507511e+00  1.101881e+01  2.750000e+00
     vertex -3.269441e+00  1.065602e+01  2.750000e+00
   endloop
 endfacet
 facet normal -6.804727e-01 -7.327735e-01 -1.367836e-14
   outer loop
     vertex -3.825484e+00  1.131409e+01  2.200000e+01
     vertex -3.825484e+00  1.131409e+01  2.750000e+00
     vertex -3.507511e+00  1.101881e+01  2.750000e+00
   endloop
 endfacet
 facet normal -6.804727e-01 -7.327735e-01 -1.371465e-14
   outer loop
     vertex -3.825484e+00  1.131409e+01  2.200000e+01
     vertex -3.507511e+00  1.101881e+01  2.750000e+00
     vertex -3.507511e+00  1.101881e+01  2.200000e+01
   endloop
 endfacet
 facet normal -4.853352e-01 -8.743282e-01 -1.647714e-14
   outer loop
     vertex -4.204883e+00  1.152470e+01  2.200000e+01
     vertex -4.204883e+00  1.152470e+01  2.750000e+00
     vertex -3.825484e+00  1.131409e+01  2.750000e+00
   endloop
 endfacet
 facet normal -4.853352e-01 -8.743282e-01 -1.644097e-14
   outer loop
     vertex -4.204883e+00  1.152470e+01  2.200000e+01
     vertex -3.825484e+00  1.131409e+01  2.750000e+00
     vertex -3.825484e+00  1.131409e+01  2.200000e+01
   endloop
 endfacet
 facet normal -2.619918e-01 -9.650701e-01 -1.824863e-14
   outer loop
     vertex -4.623658e+00  1.163838e+01  2.200000e+01
     vertex -4.623658e+00  1.163838e+01  2.750000e+00
     vertex -4.204883e+00  1.152470e+01  2.750000e+00
   endloop
 endfacet
 facet normal -2.619918e-01 -9.650701e-01 -1.831417e-14
   outer loop
     vertex -4.623658e+00  1.163838e+01  2.200000e+01
     vertex -4.204883e+00  1.152470e+01  2.750000e+00
     vertex -4.204883e+00  1.152470e+01  2.200000e+01
   endloop
 endfacet
 facet normal -2.342242e-02 -9.997257e-01 -1.908556e-14
   outer loop
     vertex -5.057471e+00  1.164855e+01  2.200000e+01
     vertex -5.057471e+00  1.164855e+01  2.750000e+00
     vertex -4.623658e+00  1.163838e+01  2.750000e+00
   endloop
 endfacet
 facet normal -2.342242e-02 -9.997257e-01 -1.899554e-14
   outer loop
     vertex -5.057471e+00  1.164855e+01  2.200000e+01
     vertex -4.623658e+00  1.163838e+01  2.750000e+00
     vertex -4.623658e+00  1.163838e+01  2.200000e+01
   endloop
 endfacet
 facet normal  2.165082e-01 -9.762808e-01 -1.874842e-14
   outer loop
     vertex -5.481111e+00  1.155460e+01  2.200000e+01
     vertex -5.481111e+00  1.155460e+01  2.750000e+00
     vertex -5.057471e+00  1.164855e+01  2.750000e+00
   endloop
 endfacet
 facet normal  2.165082e-01 -9.762808e-01 -1.874779e-14
   outer loop
     vertex -5.481111e+00  1.155460e+01  2.200000e+01
     vertex -5.057471e+00  1.164855e+01  2.750000e+00
     vertex -5.057471e+00  1.164855e+01  2.200000e+01
   endloop
 endfacet
 facet normal  4.438562e-01 -8.960980e-01 -1.740439e-14
   outer loop
     vertex -5.869957e+00  1.136199e+01  2.200000e+01
     vertex -5.869957e+00  1.136199e+01  2.750000e+00
     vertex -5.481111e+00  1.155460e+01  2.750000e+00
   endloop
 endfacet
 facet normal  4.438562e-01 -8.960980e-01 -1.732150e-14
   outer loop
     vertex -5.869957e+00  1.136199e+01  2.200000e+01
     vertex -5.481111e+00  1.155460e+01  2.750000e+00
     vertex -5.481111e+00  1.155460e+01  2.200000e+01
   endloop
 endfacet
 facet normal  6.454088e-01 -7.638373e-01 -1.481782e-14
   outer loop
     vertex -6.201410e+00  1.108193e+01  2.200000e+01
     vertex -6.201410e+00  1.108193e+01  2.750000e+00
     vertex -5.869957e+00  1.136199e+01  2.750000e+00
   endloop
 endfacet
 facet normal  6.454088e-01 -7.638373e-01 -1.495902e-14
   outer loop
     vertex -6.201410e+00  1.108193e+01  2.200000e+01
     vertex -5.869957e+00  1.136199e+01  2.750000e+00
     vertex -5.869957e+00  1.136199e+01  2.200000e+01
   endloop
 endfacet
 facet normal  8.094526e-01 -5.871852e-01 -1.149812e-14
   outer loop
     vertex -6.456208e+00  1.073068e+01  2.200000e+01
     vertex -6.456208e+00  1.073068e+01  2.750000e+00
     vertex -6.201410e+00  1.108193e+01  2.750000e+00
   endloop
 endfacet
 facet normal  8.094526e-01 -5.871852e-01 -1.153493e-14
   outer loop
     vertex -6.456208e+00  1.073068e+01  2.200000e+01
     vertex -6.201410e+00  1.108193e+01  2.750000e+00
     vertex -6.201410e+00  1.108193e+01  2.200000e+01
   endloop
 endfacet
 facet normal  9.896133e-01 -1.437553e-01 -3.143629e-15
   outer loop
     vertex -6.619544e+00  1.032866e+01  2.200000e+01
     vertex -6.681924e+00  9.899239e+00  2.750000e+00
     vertex -6.619544e+00  1.032866e+01  2.750000e+00
   endloop
 endfacet
 facet normal  9.264540e-01 -3.764079e-01 -7.539973e-15
   outer loop
     vertex -6.619544e+00  1.032866e+01  2.200000e+01
     vertex -6.619544e+00  1.032866e+01  2.750000e+00
     vertex -6.456208e+00  1.073068e+01  2.750000e+00
   endloop
 endfacet
 facet normal  9.264540e-01 -3.764079e-01 -7.540983e-15
   outer loop
     vertex -6.619544e+00  1.032866e+01  2.200000e+01
     vertex -6.456208e+00  1.073068e+01  2.750000e+00
     vertex -6.456208e+00  1.073068e+01  2.200000e+01
   endloop
 endfacet
 facet normal  9.952598e-01  9.725197e-02  1.352544e-15
   outer loop
     vertex -6.681924e+00  9.899239e+00  2.200000e+01
     vertex -6.639723e+00  9.467364e+00  2.750000e+00
     vertex -6.681924e+00  9.899239e+00  2.750000e+00
   endloop
 endfacet
 facet normal  9.896133e-01 -1.437553e-01 -3.248215e-15
   outer loop
     vertex -6.681924e+00  9.899239e+00  2.200000e+01
     vertex -6.681924e+00  9.899239e+00  2.750000e+00
     vertex -6.619544e+00  1.032866e+01  2.200000e+01
   endloop
 endfacet
 facet normal  9.952598e-01  9.725197e-02  1.444385e-15
   outer loop
     vertex -6.639723e+00  9.467364e+00  2.200000e+01
     vertex -6.639723e+00  9.467364e+00  2.750000e+00
     vertex -6.681924e+00  9.899239e+00  2.200000e+01
   endloop
 endfacet
 facet normal  9.430654e-01  3.326073e-01  5.905390e-15
   outer loop
     vertex -6.495394e+00  9.058137e+00  2.200000e+01
     vertex -6.495394e+00  9.058137e+00  2.750000e+00
     vertex -6.639723e+00  9.467364e+00  2.750000e+00
   endloop
 endfacet
 facet normal  9.430654e-01  3.326073e-01  5.961846e-15
   outer loop
     vertex -6.495394e+00  9.058137e+00  2.200000e+01
     vertex -6.639723e+00  9.467364e+00  2.750000e+00
     vertex -6.639723e+00  9.467364e+00  2.200000e+01
   endloop
 endfacet
 facet normal -8.360635e-01 -5.486326e-01 -9.968253e-15
   outer loop
     vertex -8.482171e+00 -3.720682e+00  2.200000e+01
     vertex -8.244102e+00 -4.083477e+00  2.750000e+00
     vertex -8.244102e+00 -4.083477e+00  2.200000e+01
   endloop
 endfacet
 facet normal -8.360635e-01 -5.486326e-01 -9.940920e-15
   outer loop
     vertex -8.482171e+00 -3.720682e+00  2.200000e+01
     vertex -8.482171e+00 -3.720682e+00  2.750000e+00
     vertex -8.244102e+00 -4.083477e+00  2.750000e+00
   endloop
 endfacet
 facet normal -6.804727e-01 -7.327735e-01 -1.350206e-14
   outer loop
     vertex -8.800145e+00 -3.425403e+00  2.200000e+01
     vertex -8.800145e+00 -3.425403e+00  2.750000e+00
     vertex -8.482171e+00 -3.720682e+00  2.750000e+00
   endloop
 endfacet
 facet normal -6.804727e-01 -7.327735e-01 -1.351861e-14
   outer loop
     vertex -8.800145e+00 -3.425403e+00  2.200000e+01
     vertex -8.482171e+00 -3.720682e+00  2.750000e+00
     vertex -8.482171e+00 -3.720682e+00  2.200000e+01
   endloop
 endfacet
 facet normal -4.853352e-01 -8.743282e-01 -1.642107e-14
   outer loop
     vertex -9.179544e+00 -3.214801e+00  2.200000e+01
     vertex -9.179544e+00 -3.214801e+00  2.750000e+00
     vertex -8.800145e+00 -3.425403e+00  2.750000e+00
   endloop
 endfacet
 facet normal -4.853352e-01 -8.743282e-01 -1.629145e-14
   outer loop
     vertex -9.179544e+00 -3.214801e+00  2.200000e+01
     vertex -8.800145e+00 -3.425403e+00  2.750000e+00
     vertex -8.800145e+00 -3.425403e+00  2.200000e+01
   endloop
 endfacet
 facet normal -2.619918e-01 -9.650701e-01 -1.811122e-14
   outer loop
     vertex -9.598319e+00 -3.101114e+00  2.200000e+01
     vertex -9.598319e+00 -3.101114e+00  2.750000e+00
     vertex -9.179544e+00 -3.214801e+00  2.750000e+00
   endloop
 endfacet
 facet normal -2.619918e-01 -9.650701e-01 -1.822612e-14
   outer loop
     vertex -9.598319e+00 -3.101114e+00  2.200000e+01
     vertex -9.179544e+00 -3.214801e+00  2.750000e+00
     vertex -9.179544e+00 -3.214801e+00  2.200000e+01
   endloop
 endfacet
 facet normal -2.342242e-02 -9.997257e-01 -1.885492e-14
   outer loop
     vertex -1.003213e+01 -3.090950e+00  2.200000e+01
     vertex -1.003213e+01 -3.090950e+00  2.750000e+00
     vertex -9.598319e+00 -3.101114e+00  2.750000e+00
   endloop
 endfacet
 facet normal -2.342242e-02 -9.997257e-01 -1.889887e-14
   outer loop
     vertex -1.003213e+01 -3.090950e+00  2.200000e+01
     vertex -9.598319e+00 -3.101114e+00  2.750000e+00
     vertex -9.598319e+00 -3.101114e+00  2.200000e+01
   endloop
 endfacet
 facet normal  2.165082e-01 -9.762808e-01 -1.849813e-14
   outer loop
     vertex -1.045577e+01 -3.184900e+00  2.200000e+01
     vertex -1.045577e+01 -3.184900e+00  2.750000e+00
     vertex -1.003213e+01 -3.090950e+00  2.750000e+00
   endloop
 endfacet
 facet normal  2.165082e-01 -9.762808e-01 -1.852351e-14
   outer loop
     vertex -1.045577e+01 -3.184900e+00  2.200000e+01
     vertex -1.003213e+01 -3.090950e+00  2.750000e+00
     vertex -1.003213e+01 -3.090950e+00  2.200000e+01
   endloop
 endfacet
 facet normal  4.438562e-01 -8.960980e-01 -1.713565e-14
   outer loop
     vertex -1.084462e+01 -3.377503e+00  2.200000e+01
     vertex -1.084462e+01 -3.377503e+00  2.750000e+00
     vertex -1.045577e+01 -3.184900e+00  2.750000e+00
   endloop
 endfacet
 facet normal  4.438562e-01 -8.960980e-01 -1.711383e-14
   outer loop
     vertex -1.084462e+01 -3.377503e+00  2.200000e+01
     vertex -1.045577e+01 -3.184900e+00  2.750000e+00
     vertex -1.045577e+01 -3.184900e+00  2.200000e+01
   endloop
 endfacet
 facet normal  6.454088e-01 -7.638373e-01 -1.472971e-14
   outer loop
     vertex -1.117607e+01 -3.657567e+00  2.200000e+01
     vertex -1.117607e+01 -3.657567e+00  2.750000e+00
     vertex -1.084462e+01 -3.377503e+00  2.750000e+00
   endloop
 endfacet
 facet normal  6.454088e-01 -7.638373e-01 -1.472975e-14
   outer loop
     vertex -1.117607e+01 -3.657567e+00  2.200000e+01
     vertex -1.084462e+01 -3.377503e+00  2.750000e+00
     vertex -1.084462e+01 -3.377503e+00  2.200000e+01
   endloop
 endfacet
 facet normal  8.094526e-01 -5.871852e-01 -1.150179e-14
   outer loop
     vertex -1.143087e+01 -4.008814e+00  2.200000e+01
     vertex -1.143087e+01 -4.008814e+00  2.750000e+00
     vertex -1.117607e+01 -3.657567e+00  2.750000e+00
   endloop
 endfacet
 facet normal  8.094526e-01 -5.871852e-01 -1.146681e-14
   outer loop
     vertex -1.143087e+01 -4.008814e+00  2.200000e+01
     vertex -1.117607e+01 -3.657567e+00  2.750000e+00
     vertex -1.117607e+01 -3.657567e+00  2.200000e+01
   endloop
 endfacet
 facet normal  9.896133e-01 -1.437553e-01 -3.162758e-15
   outer loop
     vertex -1.159420e+01 -4.410832e+00  2.200000e+01
     vertex -1.165658e+01 -4.840257e+00  2.750000e+00
     vertex -1.159420e+01 -4.410832e+00  2.750000e+00
   endloop
 endfacet
 facet normal  9.264540e-01 -3.764079e-01 -7.513250e-15
   outer loop
     vertex -1.159420e+01 -4.410832e+00  2.200000e+01
     vertex -1.159420e+01 -4.410832e+00  2.750000e+00
     vertex -1.143087e+01 -4.008814e+00  2.750000e+00
   endloop
 endfacet
 facet normal  9.264540e-01 -3.764079e-01 -7.599131e-15
   outer loop
     vertex -1.159420e+01 -4.410832e+00  2.200000e+01
     vertex -1.143087e+01 -4.008814e+00  2.750000e+00
     vertex -1.143087e+01 -4.008814e+00  2.200000e+01
   endloop
 endfacet
 facet normal  9.896133e-01 -1.437553e-01 -3.078071e-15
   outer loop
     vertex -1.165658e+01 -4.840257e+00  2.200000e+01
     vertex -1.165658e+01 -4.840257e+00  2.750000e+00
     vertex -1.159420e+01 -4.410832e+00  2.200000e+01
   endloop
 endfacet
 facet normal  9.952598e-01  9.725197e-02  1.467870e-15
   outer loop
     vertex -1.161438e+01 -5.272133e+00  2.200000e+01
     vertex -1.161438e+01 -5.272133e+00  2.750000e+00
     vertex -1.165658e+01 -4.840257e+00  2.750000e+00
   endloop
 endfacet
 facet normal  9.952598e-01  9.725197e-02  1.467825e-15
   outer loop
     vertex -1.161438e+01 -5.272133e+00  2.200000e+01
     vertex -1.165658e+01 -4.840257e+00  2.750000e+00
     vertex -1.165658e+01 -4.840257e+00  2.200000e+01
   endloop
 endfacet
 facet normal  9.430654e-01  3.326073e-01  5.841479e-15
   outer loop
     vertex -1.147005e+01 -5.681359e+00  2.200000e+01
     vertex -1.147005e+01 -5.681359e+00  2.750000e+00
     vertex -1.161438e+01 -5.272133e+00  2.750000e+00
   endloop
 endfacet
 facet normal  9.430654e-01  3.326073e-01  5.928618e-15
   outer loop
     vertex -1.147005e+01 -5.681359e+00  2.200000e+01
     vertex -1.161438e+01 -5.272133e+00  2.750000e+00
     vertex -1.161438e+01 -5.272133e+00  2.200000e+01
   endloop
 endfacet
 facet normal  6.347059e-01  2.238528e-01 -7.396204e-01
   outer loop
     vertex  6.682274e+00  4.847181e+00  1.375000e+00
     vertex  5.779832e+00  2.862872e+00  2.158846e-10
     vertex  5.415001e+00  3.897305e+00  2.159043e-10
   endloop
 endfacet
 facet normal  7.092414e-01  6.930364e-02 -7.015509e-01
   outer loop
     vertex  6.682274e+00  4.847181e+00  1.375000e+00
     vertex  5.415001e+00  3.897305e+00  2.159043e-10
     vertex  5.308327e+00  4.988990e+00  2.159251e-10
   endloop
 endfacet
 facet normal  6.984753e-01 -1.014634e-01 -7.084048e-01
   outer loop
     vertex  6.682274e+00  4.847181e+00  1.375000e+00
     vertex  5.308327e+00  4.988990e+00  2.159251e-10
     vertex  5.466010e+00  6.074481e+00  2.159456e-10
   endloop
 endfacet
 facet normal  6.962624e-01  1.670683e-01 -6.980737e-01
   outer loop
     vertex  6.682274e+00  4.847181e+00  1.375000e+00
     vertex  8.244102e+00  4.083477e+00  2.750000e+00
     vertex  5.779832e+00  2.862872e+00  2.158846e-10
   endloop
 endfacet
 facet normal  7.057039e-01  2.488928e-01 -6.633509e-01
   outer loop
     vertex  6.682274e+00  4.847181e+00  1.375000e+00
     vertex  8.099773e+00  4.492703e+00  2.750000e+00
     vertex  8.244102e+00  4.083477e+00  2.750000e+00
   endloop
 endfacet
 facet normal  7.034208e-01  6.873488e-02 -7.074424e-01
   outer loop
     vertex  6.682274e+00  4.847181e+00  1.375000e+00
     vertex  8.057572e+00  4.924578e+00  2.750000e+00
     vertex  8.099773e+00  4.492703e+00  2.750000e+00
   endloop
 endfacet
 facet normal  7.061813e-01 -1.025828e-01 -7.005603e-01
   outer loop
     vertex  6.682274e+00  4.847181e+00  1.375000e+00
     vertex  8.119952e+00  5.354003e+00  2.750000e+00
     vertex  8.057572e+00  4.924578e+00  2.750000e+00
   endloop
 endfacet
 facet normal  6.620267e-01 -2.689741e-01 -6.995525e-01
   outer loop
     vertex  6.981390e+00  6.228167e+00  1.375000e+00
     vertex  5.466010e+00  6.074481e+00  2.159456e-10
     vertex  5.878885e+00  7.090693e+00  2.159647e-10
   endloop
 endfacet
 facet normal  5.674193e-01 -4.116118e-01 -7.131697e-01
   outer loop
     vertex  6.981390e+00  6.228167e+00  1.375000e+00
     vertex  5.878885e+00  7.090693e+00  2.159647e-10
     vertex  6.522959e+00  7.978568e+00  2.159812e-10
   endloop
 endfacet
 facet normal  6.529928e-01 -2.653037e-01 -7.093760e-01
   outer loop
     vertex  6.981390e+00  6.228167e+00  1.375000e+00
     vertex  8.283288e+00  5.756021e+00  2.750000e+00
     vertex  8.119952e+00  5.354003e+00  2.750000e+00
   endloop
 endfacet
 facet normal  5.815864e-01 -4.218887e-01 -6.955338e-01
   outer loop
     vertex  6.981390e+00  6.228167e+00  1.375000e+00
     vertex  8.538086e+00  6.107269e+00  2.750000e+00
     vertex  8.283288e+00  5.756021e+00  2.750000e+00
   endloop
 endfacet
 facet normal  6.728630e-01 -1.457394e-01 -7.252692e-01
   outer loop
     vertex  6.981390e+00  6.228167e+00  1.375000e+00
     vertex  6.682274e+00  4.847181e+00  1.375000e+00
     vertex  5.466010e+00  6.074481e+00  2.159456e-10
   endloop
 endfacet
 facet normal  7.107441e-01 -1.539443e-01 -6.863993e-01
   outer loop
     vertex  6.981390e+00  6.228167e+00  1.375000e+00
     vertex  8.119952e+00  5.354003e+00  2.750000e+00
     vertex  6.682274e+00  4.847181e+00  1.375000e+00
   endloop
 endfacet
 facet normal  4.618318e-01 -5.465750e-01 -6.985464e-01
   outer loop
     vertex  7.850071e+00  7.342610e+00  1.375000e+00
     vertex  6.522959e+00  7.978568e+00  2.159812e-10
     vertex  7.360800e+00  8.686507e+00  2.159943e-10
   endloop
 endfacet
 facet normal  3.086002e-01 -6.230308e-01 -7.187479e-01
   outer loop
     vertex  7.850071e+00  7.342610e+00  1.375000e+00
     vertex  7.360800e+00  8.686507e+00  2.159943e-10
     vertex  8.343715e+00  9.173365e+00  2.160031e-10
   endloop
 endfacet
 facet normal  4.542783e-01 -5.376356e-01 -7.103374e-01
   outer loop
     vertex  7.850071e+00  7.342610e+00  1.375000e+00
     vertex  8.869540e+00  6.387332e+00  2.750000e+00
     vertex  8.538086e+00  6.107269e+00  2.750000e+00
   endloop
 endfacet
 facet normal  5.451361e-01 -4.249201e-01 -7.226822e-01
   outer loop
     vertex  7.850071e+00  7.342610e+00  1.375000e+00
     vertex  6.981390e+00  6.228167e+00  1.375000e+00
     vertex  6.522959e+00  7.978568e+00  2.159812e-10
   endloop
 endfacet
 facet normal  5.726724e-01 -4.463840e-01 -6.875956e-01
   outer loop
     vertex  7.850071e+00  7.342610e+00  1.375000e+00
     vertex  8.538086e+00  6.107269e+00  2.750000e+00
     vertex  6.981390e+00  6.228167e+00  1.375000e+00
   endloop
 endfacet
 facet normal  1.549256e-01 -6.985921e-01 -6.985464e-01
   outer loop
     vertex  9.116265e+00  7.969782e+00  1.375000e+00
     vertex  8.343715e+00  9.173365e+00  2.160031e-10
     vertex  9.414582e+00  9.410850e+00  2.160072e-10
   endloop
 endfacet
 facet normal  3.215303e-01 -6.491352e-01 -6.893778e-01
   outer loop
     vertex  9.116265e+00  7.969782e+00  1.375000e+00
     vertex  9.258385e+00  6.579936e+00  2.750000e+00
     vertex  8.869540e+00  6.387332e+00  2.750000e+00
   endloop
 endfacet
 facet normal  1.523918e-01 -6.871663e-01 -7.103374e-01
   outer loop
     vertex  9.116265e+00  7.969782e+00  1.375000e+00
     vertex  9.682025e+00  6.673885e+00  2.750000e+00
     vertex  9.258385e+00  6.579936e+00  2.750000e+00
   endloop
 endfacet
 facet normal  3.086002e-01 -6.230308e-01 -7.187479e-01
   outer loop
     vertex  9.116265e+00  7.969782e+00  1.375000e+00
     vertex  7.850071e+00  7.342610e+00  1.375000e+00
     vertex  8.343715e+00  9.173365e+00  2.160031e-10
   endloop
 endfacet
 facet normal  3.215303e-01 -6.491352e-01 -6.893778e-01
   outer loop
     vertex  9.116265e+00  7.969782e+00  1.375000e+00
     vertex  8.869540e+00  6.387332e+00  2.750000e+00
     vertex  7.850071e+00  7.342610e+00  1.375000e+00
   endloop
 endfacet
 facet normal -1.641891e-02 -7.007991e-01 -7.131697e-01
   outer loop
     vertex  1.052919e+01  7.985464e+00  1.375000e+00
     vertex  9.414582e+00  9.410850e+00  2.160072e-10
     vertex  1.051116e+01  9.385158e+00  2.160062e-10
   endloop
 endfacet
 facet normal -1.872144e-01 -6.896210e-01 -6.995525e-01
   outer loop
     vertex  1.052919e+01  7.985464e+00  1.375000e+00
     vertex  1.051116e+01  9.385158e+00  2.160062e-10
     vertex  1.156973e+01  9.097784e+00  2.160003e-10
   endloop
 endfacet
 facet normal -1.682885e-02 -7.182963e-01 -6.955338e-01
   outer loop
     vertex  1.052919e+01  7.985464e+00  1.375000e+00
     vertex  1.011584e+01  6.663722e+00  2.750000e+00
     vertex  9.682025e+00  6.673885e+00  2.750000e+00
   endloop
 endfacet
 facet normal -1.846598e-01 -6.802106e-01 -7.093760e-01
   outer loop
     vertex  1.052919e+01  7.985464e+00  1.375000e+00
     vertex  1.053461e+01  6.550035e+00  2.750000e+00
     vertex  1.011584e+01  6.663722e+00  2.750000e+00
   endloop
 endfacet
 facet normal  7.670867e-03 -6.911379e-01 -7.226822e-01
   outer loop
     vertex  1.052919e+01  7.985464e+00  1.375000e+00
     vertex  9.116265e+00  7.969782e+00  1.375000e+00
     vertex  9.414582e+00  9.410850e+00  2.160072e-10
   endloop
 endfacet
 facet normal  8.058343e-03 -7.260491e-01 -6.875956e-01
   outer loop
     vertex  1.052919e+01  7.985464e+00  1.375000e+00
     vertex  9.682025e+00  6.673885e+00  2.750000e+00
     vertex  9.116265e+00  7.969782e+00  1.375000e+00
   endloop
 endfacet
 facet normal -3.425527e-01 -6.171064e-01 -7.084048e-01
   outer loop
     vertex  1.180899e+01  7.386550e+00  1.375000e+00
     vertex  1.156973e+01  9.097784e+00  2.160003e-10
     vertex  1.252877e+01  8.565427e+00  2.159899e-10
   endloop
 endfacet
 facet normal -4.849180e-01 -5.221886e-01 -7.015509e-01
   outer loop
     vertex  1.180899e+01  7.386550e+00  1.375000e+00
     vertex  1.252877e+01  8.565427e+00  2.159899e-10
     vertex  1.333254e+01  7.819028e+00  2.159754e-10
   endloop
 endfacet
 facet normal -5.626911e-01 -3.692431e-01 -7.396204e-01
   outer loop
     vertex  1.180899e+01  7.386550e+00  1.375000e+00
     vertex  1.333254e+01  7.819028e+00  2.159754e-10
     vertex  1.393432e+01  6.901963e+00  2.159578e-10
   endloop
 endfacet
 facet normal -3.463319e-01 -6.239147e-01 -7.005603e-01
   outer loop
     vertex  1.180899e+01  7.386550e+00  1.375000e+00
     vertex  1.091401e+01  6.339433e+00  2.750000e+00
     vertex  1.053461e+01  6.550035e+00  2.750000e+00
   endloop
 endfacet
 facet normal -4.809384e-01 -5.179031e-01 -7.074424e-01
   outer loop
     vertex  1.180899e+01  7.386550e+00  1.375000e+00
     vertex  1.123199e+01  6.044154e+00  2.750000e+00
     vertex  1.091401e+01  6.339433e+00  2.750000e+00
   endloop
 endfacet
 facet normal -6.256334e-01 -4.105464e-01 -6.633509e-01
   outer loop
     vertex  1.180899e+01  7.386550e+00  1.375000e+00
     vertex  1.147005e+01  5.681359e+00  2.750000e+00
     vertex  1.123199e+01  6.044154e+00  2.750000e+00
   endloop
 endfacet
 facet normal -5.548225e-01 -4.526203e-01 -6.980737e-01
   outer loop
     vertex  1.180899e+01  7.386550e+00  1.375000e+00
     vertex  1.393432e+01  6.901963e+00  2.159578e-10
     vertex  1.147005e+01  5.681359e+00  2.750000e+00
   endloop
 endfacet
 facet normal -2.918115e-01 -6.235628e-01 -7.252692e-01
   outer loop
     vertex  1.180899e+01  7.386550e+00  1.375000e+00
     vertex  1.052919e+01  7.985464e+00  1.375000e+00
     vertex  1.156973e+01  9.097784e+00  2.160003e-10
   endloop
 endfacet
 facet normal -3.082400e-01 -6.586684e-01 -6.863993e-01
   outer loop
     vertex  1.180899e+01  7.386550e+00  1.375000e+00
     vertex  1.053461e+01  6.550035e+00  2.750000e+00
     vertex  1.052919e+01  7.985464e+00  1.375000e+00
   endloop
 endfacet
 facet normal  6.347059e-01  2.238528e-01 -7.396204e-01
   outer loop
     vertex  1.707613e+00 -9.892315e+00  1.375000e+00
     vertex  8.051716e-01 -1.187662e+01  2.156073e-10
     vertex  4.403401e-01 -1.084219e+01  2.156271e-10
   endloop
 endfacet
 facet normal  7.092414e-01  6.930364e-02 -7.015509e-01
   outer loop
     vertex  1.707613e+00 -9.892315e+00  1.375000e+00
     vertex  4.403401e-01 -1.084219e+01  2.156271e-10
     vertex  3.336660e-01 -9.750507e+00  2.156478e-10
   endloop
 endfacet
 facet normal  6.984753e-01 -1.014634e-01 -7.084048e-01
   outer loop
     vertex  1.707613e+00 -9.892315e+00  1.375000e+00
     vertex  3.336660e-01 -9.750507e+00  2.156478e-10
     vertex  4.913488e-01 -8.665016e+00  2.156683e-10
   endloop
 endfacet
 facet normal  6.962624e-01  1.670683e-01 -6.980737e-01
   outer loop
     vertex  1.707613e+00 -9.892315e+00  1.375000e+00
     vertex  3.269441e+00 -1.065602e+01  2.750000e+00
     vertex  8.051716e-01 -1.187662e+01  2.156073e-10
   endloop
 endfacet
 facet normal  7.057039e-01  2.488928e-01 -6.633509e-01
   outer loop
     vertex  1.707613e+00 -9.892315e+00  1.375000e+00
     vertex  3.125112e+00 -1.024679e+01  2.750000e+00
     vertex  3.269441e+00 -1.065602e+01  2.750000e+00
   endloop
 endfacet
 facet normal  7.034208e-01  6.873488e-02 -7.074424e-01
   outer loop
     vertex  1.707613e+00 -9.892315e+00  1.375000e+00
     vertex  3.082912e+00 -9.814918e+00  2.750000e+00
     vertex  3.125112e+00 -1.024679e+01  2.750000e+00
   endloop
 endfacet
 facet normal  7.061813e-01 -1.025828e-01 -7.005603e-01
   outer loop
     vertex  1.707613e+00 -9.892315e+00  1.375000e+00
     vertex  3.145292e+00 -9.385493e+00  2.750000e+00
     vertex  3.082912e+00 -9.814918e+00  2.750000e+00
   endloop
 endfacet
 facet normal  6.620267e-01 -2.689741e-01 -6.995525e-01
   outer loop
     vertex  2.006729e+00 -8.511330e+00  1.375000e+00
     vertex  4.913488e-01 -8.665016e+00  2.156683e-10
     vertex  9.042246e-01 -7.648803e+00  2.156874e-10
   endloop
 endfacet
 facet normal  5.674193e-01 -4.116118e-01 -7.131697e-01
   outer loop
     vertex  2.006729e+00 -8.511330e+00  1.375000e+00
     vertex  9.042246e-01 -7.648803e+00  2.156874e-10
     vertex  1.548298e+00 -6.760928e+00  2.157040e-10
   endloop
 endfacet
 facet normal  6.529928e-01 -2.653037e-01 -7.093760e-01
   outer loop
     vertex  2.006729e+00 -8.511330e+00  1.375000e+00
     vertex  3.308627e+00 -8.983475e+00  2.750000e+00
     vertex  3.145292e+00 -9.385493e+00  2.750000e+00
   endloop
 endfacet
 facet normal  5.815864e-01 -4.218887e-01 -6.955338e-01
   outer loop
     vertex  2.006729e+00 -8.511330e+00  1.375000e+00
     vertex  3.563426e+00 -8.632228e+00  2.750000e+00
     vertex  3.308627e+00 -8.983475e+00  2.750000e+00
   endloop
 endfacet
 facet normal  6.728630e-01 -1.457394e-01 -7.252692e-01
   outer loop
     vertex  2.006729e+00 -8.511330e+00  1.375000e+00
     vertex  1.707613e+00 -9.892315e+00  1.375000e+00
     vertex  4.913488e-01 -8.665016e+00  2.156683e-10
   endloop
 endfacet
 facet normal  7.107441e-01 -1.539443e-01 -6.863993e-01
   outer loop
     vertex  2.006729e+00 -8.511330e+00  1.375000e+00
     vertex  3.145292e+00 -9.385493e+00  2.750000e+00
     vertex  1.707613e+00 -9.892315e+00  1.375000e+00
   endloop
 endfacet
 facet normal  4.618318e-01 -5.465750e-01 -6.985464e-01
   outer loop
     vertex  2.875410e+00 -7.396886e+00  1.375000e+00
     vertex  1.548298e+00 -6.760928e+00  2.157040e-10
     vertex  2.386139e+00 -6.052989e+00  2.157170e-10
   endloop
 endfacet
 facet normal  3.086002e-01 -6.230308e-01 -7.187479e-01
   outer loop
     vertex  2.875410e+00 -7.396886e+00  1.375000e+00
     vertex  2.386139e+00 -6.052989e+00  2.157170e-10
     vertex  3.369055e+00 -5.566131e+00  2.157258e-10
   endloop
 endfacet
 facet normal  4.542783e-01 -5.376356e-01 -7.103374e-01
   outer loop
     vertex  2.875410e+00 -7.396886e+00  1.375000e+00
     vertex  3.894879e+00 -8.352164e+00  2.750000e+00
     vertex  3.563426e+00 -8.632228e+00  2.750000e+00
   endloop
 endfacet
 facet normal  3.215303e-01 -6.491352e-01 -6.893778e-01
   outer loop
     vertex  2.875410e+00 -7.396886e+00  1.375000e+00
     vertex  4.283725e+00 -8.159561e+00  2.750000e+00
     vertex  3.894879e+00 -8.352164e+00  2.750000e+00
   endloop
 endfacet
 facet normal  5.451361e-01 -4.249201e-01 -7.226822e-01
   outer loop
     vertex  2.875410e+00 -7.396886e+00  1.375000e+00
     vertex  2.006729e+00 -8.511330e+00  1.375000e+00
     vertex  1.548298e+00 -6.760928e+00  2.157040e-10
   endloop
 endfacet
 facet normal  5.726724e-01 -4.463840e-01 -6.875956e-01
   outer loop
     vertex  2.875410e+00 -7.396886e+00  1.375000e+00
     vertex  3.563426e+00 -8.632228e+00  2.750000e+00
     vertex  2.006729e+00 -8.511330e+00  1.375000e+00
   endloop
 endfacet
 facet normal  1.549256e-01 -6.985921e-01 -6.985464e-01
   outer loop
     vertex  4.141604e+00 -6.769714e+00  1.375000e+00
     vertex  3.369055e+00 -5.566131e+00  2.157258e-10
     vertex  4.439921e+00 -5.328646e+00  2.157299e-10
   endloop
 endfacet
 facet normal  1.523918e-01 -6.871663e-01 -7.103374e-01
   outer loop
     vertex  4.141604e+00 -6.769714e+00  1.375000e+00
     vertex  4.707364e+00 -8.065611e+00  2.750000e+00
     vertex  4.283725e+00 -8.159561e+00  2.750000e+00
   endloop
 endfacet
 facet normal  3.215303e-01 -6.491352e-01 -6.893778e-01
   outer loop
     vertex  4.141604e+00 -6.769714e+00  1.375000e+00
     vertex  4.283725e+00 -8.159561e+00  2.750000e+00
     vertex  2.875410e+00 -7.396886e+00  1.375000e+00
   endloop
 endfacet
 facet normal  3.086002e-01 -6.230308e-01 -7.187479e-01
   outer loop
     vertex  4.141604e+00 -6.769714e+00  1.375000e+00
     vertex  2.875410e+00 -7.396886e+00  1.375000e+00
     vertex  3.369055e+00 -5.566131e+00  2.157258e-10
   endloop
 endfacet
 facet normal -1.641891e-02 -7.007991e-01 -7.131697e-01
   outer loop
     vertex  5.554525e+00 -6.754032e+00  1.375000e+00
     vertex  4.439921e+00 -5.328646e+00  2.157299e-10
     vertex  5.536504e+00 -5.354338e+00  2.157290e-10
   endloop
 endfacet
 facet normal -1.872144e-01 -6.896210e-01 -6.995525e-01
   outer loop
     vertex  5.554525e+00 -6.754032e+00  1.375000e+00
     vertex  5.536504e+00 -5.354338e+00  2.157290e-10
     vertex  6.595074e+00 -5.641713e+00  2.157231e-10
   endloop
 endfacet
 facet normal -1.682885e-02 -7.182963e-01 -6.955338e-01
   outer loop
     vertex  5.554525e+00 -6.754032e+00  1.375000e+00
     vertex  5.141177e+00 -8.075775e+00  2.750000e+00
     vertex  4.707364e+00 -8.065611e+00  2.750000e+00
   endloop
 endfacet
 facet normal -1.846598e-01 -6.802106e-01 -7.093760e-01
   outer loop
     vertex  5.554525e+00 -6.754032e+00  1.375000e+00
     vertex  5.559952e+00 -8.189461e+00  2.750000e+00
     vertex  5.141177e+00 -8.075775e+00  2.750000e+00
   endloop
 endfacet
 facet normal  7.670867e-03 -6.911379e-01 -7.226822e-01
   outer loop
     vertex  5.554525e+00 -6.754032e+00  1.375000e+00
     vertex  4.141604e+00 -6.769714e+00  1.375000e+00
     vertex  4.439921e+00 -5.328646e+00  2.157299e-10
   endloop
 endfacet
 facet normal  8.058343e-03 -7.260491e-01 -6.875956e-01
   outer loop
     vertex  5.554525e+00 -6.754032e+00  1.375000e+00
     vertex  4.707364e+00 -8.065611e+00  2.750000e+00
     vertex  4.141604e+00 -6.769714e+00  1.375000e+00
   endloop
 endfacet
 facet normal -3.425527e-01 -6.171064e-01 -7.084048e-01
   outer loop
     vertex  6.834327e+00 -7.352947e+00  1.375000e+00
     vertex  6.595074e+00 -5.641713e+00  2.157231e-10
     vertex  7.554110e+00 -6.174069e+00  2.157126e-10
   endloop
 endfacet
 facet normal -4.849180e-01 -5.221886e-01 -7.015509e-01
   outer loop
     vertex  6.834327e+00 -7.352947e+00  1.375000e+00
     vertex  7.554110e+00 -6.174069e+00  2.157126e-10
     vertex  8.357878e+00 -6.920468e+00  2.156981e-10
   endloop
 endfacet
 facet normal -5.626911e-01 -3.692431e-01 -7.396204e-01
   outer loop
     vertex  6.834327e+00 -7.352947e+00  1.375000e+00
     vertex  8.357878e+00 -6.920468e+00  2.156981e-10
     vertex  8.959664e+00 -7.837533e+00  2.156805e-10
   endloop
 endfacet
 facet normal -3.463319e-01 -6.239147e-01 -7.005603e-01
   outer loop
     vertex  6.834327e+00 -7.352947e+00  1.375000e+00
     vertex  5.939351e+00 -8.400064e+00  2.750000e+00
     vertex  5.559952e+00 -8.189461e+00  2.750000e+00
   endloop
 endfacet
 facet normal -4.809384e-01 -5.179031e-01 -7.074424e-01
   outer loop
     vertex  6.834327e+00 -7.352947e+00  1.375000e+00
     vertex  6.257325e+00 -8.695343e+00  2.750000e+00
     vertex  5.939351e+00 -8.400064e+00  2.750000e+00
   endloop
 endfacet
 facet normal -6.256334e-01 -4.105464e-01 -6.633509e-01
   outer loop
     vertex  6.834327e+00 -7.352947e+00  1.375000e+00
     vertex  6.495394e+00 -9.058137e+00  2.750000e+00
     vertex  6.257325e+00 -8.695343e+00  2.750000e+00
   endloop
 endfacet
 facet normal -5.548225e-01 -4.526203e-01 -6.980737e-01
   outer loop
     vertex  6.834327e+00 -7.352947e+00  1.375000e+00
     vertex  8.959664e+00 -7.837533e+00  2.156805e-10
     vertex  6.495394e+00 -9.058137e+00  2.750000e+00
   endloop
 endfacet
 facet normal -2.918115e-01 -6.235628e-01 -7.252692e-01
   outer loop
     vertex  6.834327e+00 -7.352947e+00  1.375000e+00
     vertex  5.554525e+00 -6.754032e+00  1.375000e+00
     vertex  6.595074e+00 -5.641713e+00  2.157231e-10
   endloop
 endfacet
 facet normal -3.082400e-01 -6.586684e-01 -6.863993e-01
   outer loop
     vertex  6.834327e+00 -7.352947e+00  1.375000e+00
     vertex  5.559952e+00 -8.189461e+00  2.750000e+00
     vertex  5.554525e+00 -6.754032e+00  1.375000e+00
   endloop
 endfacet
 facet normal  6.347059e-01  2.238528e-01 -7.396204e-01
   outer loop
     vertex -1.303188e+01 -4.917655e+00  1.375000e+00
     vertex -1.393432e+01 -6.901963e+00  2.157077e-10
     vertex -1.429916e+01 -5.867530e+00  2.157275e-10
   endloop
 endfacet
 facet normal  7.092414e-01  6.930364e-02 -7.015509e-01
   outer loop
     vertex -1.303188e+01 -4.917655e+00  1.375000e+00
     vertex -1.429916e+01 -5.867530e+00  2.157275e-10
     vertex -1.440583e+01 -4.775846e+00  2.157482e-10
   endloop
 endfacet
 facet normal  6.984753e-01 -1.014634e-01 -7.084048e-01
   outer loop
     vertex -1.303188e+01 -4.917655e+00  1.375000e+00
     vertex -1.440583e+01 -4.775846e+00  2.157482e-10
     vertex -1.424815e+01 -3.690355e+00  2.157687e-10
   endloop
 endfacet
 facet normal  6.962624e-01  1.670683e-01 -6.980737e-01
   outer loop
     vertex -1.303188e+01 -4.917655e+00  1.375000e+00
     vertex -1.147005e+01 -5.681359e+00  2.750000e+00
     vertex -1.393432e+01 -6.901963e+00  2.157077e-10
   endloop
 endfacet
 facet normal  7.057039e-01  2.488928e-01 -6.633509e-01
   outer loop
     vertex -1.303188e+01 -4.917655e+00  1.375000e+00
     vertex -1.161438e+01 -5.272133e+00  2.750000e+00
     vertex -1.147005e+01 -5.681359e+00  2.750000e+00
   endloop
 endfacet
 facet normal  7.034208e-01  6.873488e-02 -7.074424e-01
   outer loop
     vertex -1.303188e+01 -4.917655e+00  1.375000e+00
     vertex -1.165658e+01 -4.840257e+00  2.750000e+00
     vertex -1.161438e+01 -5.272133e+00  2.750000e+00
   endloop
 endfacet
 facet normal  7.061813e-01 -1.025828e-01 -7.005603e-01
   outer loop
     vertex -1.303188e+01 -4.917655e+00  1.375000e+00
     vertex -1.159420e+01 -4.410832e+00  2.750000e+00
     vertex -1.165658e+01 -4.840257e+00  2.750000e+00
   endloop
 endfacet
 facet normal  6.620267e-01 -2.689741e-01 -6.995525e-01
   outer loop
     vertex -1.273277e+01 -3.536669e+00  1.375000e+00
     vertex -1.424815e+01 -3.690355e+00  2.157687e-10
     vertex -1.383527e+01 -2.674143e+00  2.157878e-10
   endloop
 endfacet
 facet normal  5.674193e-01 -4.116118e-01 -7.131697e-01
   outer loop
     vertex -1.273277e+01 -3.536669e+00  1.375000e+00
     vertex -1.383527e+01 -2.674143e+00  2.157878e-10
     vertex -1.319120e+01 -1.786267e+00  2.158043e-10
   endloop
 endfacet
 facet normal  6.529928e-01 -2.653037e-01 -7.093760e-01
   outer loop
     vertex -1.273277e+01 -3.536669e+00  1.375000e+00
     vertex -1.143087e+01 -4.008814e+00  2.750000e+00
     vertex -1.159420e+01 -4.410832e+00  2.750000e+00
   endloop
 endfacet
 facet normal  5.815864e-01 -4.218887e-01 -6.955338e-01
   outer loop
     vertex -1.273277e+01 -3.536669e+00  1.375000e+00
     vertex -1.117607e+01 -3.657567e+00  2.750000e+00
     vertex -1.143087e+01 -4.008814e+00  2.750000e+00
   endloop
 endfacet
 facet normal  6.728630e-01 -1.457394e-01 -7.252692e-01
   outer loop
     vertex -1.273277e+01 -3.536669e+00  1.375000e+00
     vertex -1.303188e+01 -4.917655e+00  1.375000e+00
     vertex -1.424815e+01 -3.690355e+00  2.157687e-10
   endloop
 endfacet
 facet normal  7.107441e-01 -1.539443e-01 -6.863993e-01
   outer loop
     vertex -1.273277e+01 -3.536669e+00  1.375000e+00
     vertex -1.159420e+01 -4.410832e+00  2.750000e+00
     vertex -1.303188e+01 -4.917655e+00  1.375000e+00
   endloop
 endfacet
 facet normal  4.618318e-01 -5.465750e-01 -6.985464e-01
   outer loop
     vertex -1.186409e+01 -2.422225e+00  1.375000e+00
     vertex -1.319120e+01 -1.786267e+00  2.158043e-10
     vertex -1.235336e+01 -1.078329e+00  2.158174e-10
   endloop
 endfacet
 facet normal  4.542783e-01 -5.376356e-01 -7.103374e-01
   outer loop
     vertex -1.186409e+01 -2.422225e+00  1.375000e+00
     vertex -1.084462e+01 -3.377503e+00  2.750000e+00
     vertex -1.117607e+01 -3.657567e+00  2.750000e+00
   endloop
 endfacet
 facet normal  5.451361e-01 -4.249201e-01 -7.226822e-01
   outer loop
     vertex -1.186409e+01 -2.422225e+00  1.375000e+00
     vertex -1.273277e+01 -3.536669e+00  1.375000e+00
     vertex -1.319120e+01 -1.786267e+00  2.158043e-10
   endloop
 endfacet
 facet normal  5.726724e-01 -4.463840e-01 -6.875956e-01
   outer loop
     vertex -1.186409e+01 -2.422225e+00  1.375000e+00
     vertex -1.117607e+01 -3.657567e+00  2.750000e+00
     vertex -1.273277e+01 -3.536669e+00  1.375000e+00
   endloop
 endfacet
 facet normal  3.086002e-01 -6.230308e-01 -7.187479e-01
   outer loop
     vertex -1.059789e+01 -1.795053e+00  1.375000e+00
     vertex -1.235336e+01 -1.078329e+00  2.158174e-10
     vertex -1.137044e+01 -5.914700e-01  2.158262e-10
   endloop
 endfacet
 facet normal  1.549256e-01 -6.985921e-01 -6.985464e-01
   outer loop
     vertex -1.059789e+01 -1.795053e+00  1.375000e+00
     vertex -1.137044e+01 -5.914700e-01  2.158262e-10
     vertex -1.029957e+01 -3.539857e-01  2.158303e-10
   endloop
 endfacet
 facet normal  3.215303e-01 -6.491352e-01 -6.893778e-01
   outer loop
     vertex -1.059789e+01 -1.795053e+00  1.375000e+00
     vertex -1.045577e+01 -3.184900e+00  2.750000e+00
     vertex -1.084462e+01 -3.377503e+00  2.750000e+00
   endloop
 endfacet
 facet normal  1.523918e-01 -6.871663e-01 -7.103374e-01
   outer loop
     vertex -1.059789e+01 -1.795053e+00  1.375000e+00
     vertex -1.003213e+01 -3.090950e+00  2.750000e+00
     vertex -1.045577e+01 -3.184900e+00  2.750000e+00
   endloop
 endfacet
 facet normal  3.086002e-01 -6.230308e-01 -7.187479e-01
   outer loop
     vertex -1.059789e+01 -1.795053e+00  1.375000e+00
     vertex -1.186409e+01 -2.422225e+00  1.375000e+00
     vertex -1.235336e+01 -1.078329e+00  2.158174e-10
   endloop
 endfacet
 facet normal  3.215303e-01 -6.491352e-01 -6.893778e-01
   outer loop
     vertex -1.059789e+01 -1.795053e+00  1.375000e+00
     vertex -1.084462e+01 -3.377503e+00  2.750000e+00
     vertex -1.186409e+01 -2.422225e+00  1.375000e+00
   endloop
 endfacet
 facet normal -1.641891e-02 -7.007991e-01 -7.131697e-01
   outer loop
     vertex -9.184971e+00 -1.779371e+00  1.375000e+00
     vertex -1.029957e+01 -3.539857e-01  2.158303e-10
     vertex -9.202992e+00 -3.796774e-01  2.158293e-10
   endloop
 endfacet
 facet normal -1.872144e-01 -6.896210e-01 -6.995525e-01
   outer loop
     vertex -9.184971e+00 -1.779371e+00  1.375000e+00
     vertex -9.202992e+00 -3.796774e-01  2.158293e-10
     vertex -8.144422e+00 -6.670519e-01  2.158235e-10
   endloop
 endfacet
 facet normal -1.682885e-02 -7.182963e-01 -6.955338e-01
   outer loop
     vertex -9.184971e+00 -1.779371e+00  1.375000e+00
     vertex -9.598319e+00 -3.101114e+00  2.750000e+00
     vertex -1.003213e+01 -3.090950e+00  2.750000e+00
   endloop
 endfacet
 facet normal -1.846598e-01 -6.802106e-01 -7.093760e-01
   outer loop
     vertex -9.184971e+00 -1.779371e+00  1.375000e+00
     vertex -9.179544e+00 -3.214801e+00  2.750000e+00
     vertex -9.598319e+00 -3.101114e+00  2.750000e+00
   endloop
 endfacet
 facet normal  7.670867e-03 -6.911379e-01 -7.226822e-01
   outer loop
     vertex -9.184971e+00 -1.779371e+00  1.375000e+00
     vertex -1.059789e+01 -1.795053e+00  1.375000e+00
     vertex -1.029957e+01 -3.539857e-01  2.158303e-10
   endloop
 endfacet
 facet normal  8.058343e-03 -7.260491e-01 -6.875956e-01
   outer loop
     vertex -9.184971e+00 -1.779371e+00  1.375000e+00
     vertex -1.003213e+01 -3.090950e+00  2.750000e+00
     vertex -1.059789e+01 -1.795053e+00  1.375000e+00
   endloop
 endfacet
 facet normal -3.425527e-01 -6.171064e-01 -7.084048e-01
   outer loop
     vertex -7.905170e+00 -2.378286e+00  1.375000e+00
     vertex -8.144422e+00 -6.670519e-01  2.158235e-10
     vertex -7.185386e+00 -1.199408e+00  2.158130e-10
   endloop
 endfacet
 facet normal -4.849180e-01 -5.221886e-01 -7.015509e-01
   outer loop
     vertex -7.905170e+00 -2.378286e+00  1.375000e+00
     vertex -7.185386e+00 -1.199408e+00  2.158130e-10
     vertex -6.381619e+00 -1.945808e+00  2.157985e-10
   endloop
 endfacet
 facet normal -5.626911e-01 -3.692431e-01 -7.396204e-01
   outer loop
     vertex -7.905170e+00 -2.378286e+00  1.375000e+00
     vertex -6.381619e+00 -1.945808e+00  2.157985e-10
     vertex -5.779832e+00 -2.862872e+00  2.157809e-10
   endloop
 endfacet
 facet normal -3.463319e-01 -6.239147e-01 -7.005603e-01
   outer loop
     vertex -7.905170e+00 -2.378286e+00  1.375000e+00
     vertex -8.800145e+00 -3.425403e+00  2.750000e+00
     vertex -9.179544e+00 -3.214801e+00  2.750000e+00
   endloop
 endfacet
 facet normal -4.809384e-01 -5.179031e-01 -7.074424e-01
   outer loop
     vertex -7.905170e+00 -2.378286e+00  1.375000e+00
     vertex -8.482171e+00 -3.720682e+00  2.750000e+00
     vertex -8.800145e+00 -3.425403e+00  2.750000e+00
   endloop
 endfacet
 facet normal -6.256334e-01 -4.105464e-01 -6.633509e-01
   outer loop
     vertex -7.905170e+00 -2.378286e+00  1.375000e+00
     vertex -8.244102e+00 -4.083477e+00  2.750000e+00
     vertex -8.482171e+00 -3.720682e+00  2.750000e+00
   endloop
 endfacet
 facet normal -5.548225e-01 -4.526203e-01 -6.980737e-01
   outer loop
     vertex -7.905170e+00 -2.378286e+00  1.375000e+00
     vertex -5.779832e+00 -2.862872e+00  2.157809e-10
     vertex -8.244102e+00 -4.083477e+00  2.750000e+00
   endloop
 endfacet
 facet normal -3.082400e-01 -6.586684e-01 -6.863993e-01
   outer loop
     vertex -7.905170e+00 -2.378286e+00  1.375000e+00
     vertex -9.179544e+00 -3.214801e+00  2.750000e+00
     vertex -9.184971e+00 -1.779371e+00  1.375000e+00
   endloop
 endfacet
 facet normal -2.918115e-01 -6.235628e-01 -7.252692e-01
   outer loop
     vertex -7.905170e+00 -2.378286e+00  1.375000e+00
     vertex -9.184971e+00 -1.779371e+00  1.375000e+00
     vertex -8.144422e+00 -6.670519e-01  2.158235e-10
   endloop
 endfacet
 facet normal  6.347059e-01  2.238528e-01 -7.396204e-01
   outer loop
     vertex -8.057222e+00  9.821842e+00  1.375000e+00
     vertex -8.959664e+00  7.837533e+00  2.159850e-10
     vertex -9.324495e+00  8.871966e+00  2.160047e-10
   endloop
 endfacet
 facet normal  7.092414e-01  6.930364e-02 -7.015509e-01
   outer loop
     vertex -8.057222e+00  9.821842e+00  1.375000e+00
     vertex -9.324495e+00  8.871966e+00  2.160047e-10
     vertex -9.431170e+00  9.963651e+00  2.160255e-10
   endloop
 endfacet
 facet normal  6.984753e-01 -1.014634e-01 -7.084048e-01
   outer loop
     vertex -8.057222e+00  9.821842e+00  1.375000e+00
     vertex -9.431170e+00  9.963651e+00  2.160255e-10
     vertex -9.273487e+00  1.104914e+01  2.160460e-10
   endloop
 endfacet
 facet normal  6.962624e-01  1.670683e-01 -6.980737e-01
   outer loop
     vertex -8.057222e+00  9.821842e+00  1.375000e+00
     vertex -6.495394e+00  9.058137e+00  2.750000e+00
     vertex -8.959664e+00  7.837533e+00  2.159850e-10
   endloop
 endfacet
 facet normal  7.057039e-01  2.488928e-01 -6.633509e-01
   outer loop
     vertex -8.057222e+00  9.821842e+00  1.375000e+00
     vertex -6.639723e+00  9.467364e+00  2.750000e+00
     vertex -6.495394e+00  9.058137e+00  2.750000e+00
   endloop
 endfacet
 facet normal  7.034208e-01  6.873488e-02 -7.074424e-01
   outer loop
     vertex -8.057222e+00  9.821842e+00  1.375000e+00
     vertex -6.681924e+00  9.899239e+00  2.750000e+00
     vertex -6.639723e+00  9.467364e+00  2.750000e+00
   endloop
 endfacet
 facet normal  7.061813e-01 -1.025828e-01 -7.005603e-01
   outer loop
     vertex -8.057222e+00  9.821842e+00  1.375000e+00
     vertex -6.619544e+00  1.032866e+01  2.750000e+00
     vertex -6.681924e+00  9.899239e+00  2.750000e+00
   endloop
 endfacet
 facet normal  6.620267e-01 -2.689741e-01 -6.995525e-01
   outer loop
     vertex -7.758106e+00  1.120283e+01  1.375000e+00
     vertex -9.273487e+00  1.104914e+01  2.160460e-10
     vertex -8.860611e+00  1.206535e+01  2.160650e-10
   endloop
 endfacet
 facet normal  5.674193e-01 -4.116118e-01 -7.131697e-01
   outer loop
     vertex -7.758106e+00  1.120283e+01  1.375000e+00
     vertex -8.860611e+00  1.206535e+01  2.160650e-10
     vertex -8.216537e+00  1.295323e+01  2.160816e-10
   endloop
 endfacet
 facet normal  6.529928e-01 -2.653037e-01 -7.093760e-01
   outer loop
     vertex -7.758106e+00  1.120283e+01  1.375000e+00
     vertex -6.456208e+00  1.073068e+01  2.750000e+00
     vertex -6.619544e+00  1.032866e+01  2.750000e+00
   endloop
 endfacet
 facet normal  5.815864e-01 -4.218887e-01 -6.955338e-01
   outer loop
     vertex -7.758106e+00  1.120283e+01  1.375000e+00
     vertex -6.201410e+00  1.108193e+01  2.750000e+00
     vertex -6.456208e+00  1.073068e+01  2.750000e+00
   endloop
 endfacet
 facet normal  6.728630e-01 -1.457394e-01 -7.252692e-01
   outer loop
     vertex -7.758106e+00  1.120283e+01  1.375000e+00
     vertex -8.057222e+00  9.821842e+00  1.375000e+00
     vertex -9.273487e+00  1.104914e+01  2.160460e-10
   endloop
 endfacet
 facet normal  7.107441e-01 -1.539443e-01 -6.863993e-01
   outer loop
     vertex -7.758106e+00  1.120283e+01  1.375000e+00
     vertex -6.619544e+00  1.032866e+01  2.750000e+00
     vertex -8.057222e+00  9.821842e+00  1.375000e+00
   endloop
 endfacet
 facet normal  4.618318e-01 -5.465750e-01 -6.985464e-01
   outer loop
     vertex -6.889425e+00  1.231727e+01  1.375000e+00
     vertex -8.216537e+00  1.295323e+01  2.160816e-10
     vertex -7.378696e+00  1.366117e+01  2.160947e-10
   endloop
 endfacet
 facet normal  4.542783e-01 -5.376356e-01 -7.103374e-01
   outer loop
     vertex -6.889425e+00  1.231727e+01  1.375000e+00
     vertex -5.869957e+00  1.136199e+01  2.750000e+00
     vertex -6.201410e+00  1.108193e+01  2.750000e+00
   endloop
 endfacet
 facet normal  3.215303e-01 -6.491352e-01 -6.893778e-01
   outer loop
     vertex -6.889425e+00  1.231727e+01  1.375000e+00
     vertex -5.481111e+00  1.155460e+01  2.750000e+00
     vertex -5.869957e+00  1.136199e+01  2.750000e+00
   endloop
 endfacet
 facet normal  5.451361e-01 -4.249201e-01 -7.226822e-01
   outer loop
     vertex -6.889425e+00  1.231727e+01  1.375000e+00
     vertex -7.758106e+00  1.120283e+01  1.375000e+00
     vertex -8.216537e+00  1.295323e+01  2.160816e-10
   endloop
 endfacet
 facet normal  5.726724e-01 -4.463840e-01 -6.875956e-01
   outer loop
     vertex -6.889425e+00  1.231727e+01  1.375000e+00
     vertex -6.201410e+00  1.108193e+01  2.750000e+00
     vertex -7.758106e+00  1.120283e+01  1.375000e+00
   endloop
 endfacet
 facet normal  3.086002e-01 -6.230308e-01 -7.187479e-01
   outer loop
     vertex -5.623232e+00  1.294444e+01  1.375000e+00
     vertex -7.378696e+00  1.366117e+01  2.160947e-10
     vertex -6.395781e+00  1.414803e+01  2.161035e-10
   endloop
 endfacet
 facet normal  1.549256e-01 -6.985921e-01 -6.985464e-01
   outer loop
     vertex -5.623232e+00  1.294444e+01  1.375000e+00
     vertex -6.395781e+00  1.414803e+01  2.161035e-10
     vertex -5.324914e+00  1.438551e+01  2.161076e-10
   endloop
 endfacet
 facet normal  1.523918e-01 -6.871663e-01 -7.103374e-01
   outer loop
     vertex -5.623232e+00  1.294444e+01  1.375000e+00
     vertex -5.057471e+00  1.164855e+01  2.750000e+00
     vertex -5.481111e+00  1.155460e+01  2.750000e+00
   endloop
 endfacet
 facet normal  3.215303e-01 -6.491352e-01 -6.893778e-01
   outer loop
     vertex -5.623232e+00  1.294444e+01  1.375000e+00
     vertex -5.481111e+00  1.155460e+01  2.750000e+00
     vertex -6.889425e+00  1.231727e+01  1.375000e+00
   endloop
 endfacet
 facet normal  3.086002e-01 -6.230308e-01 -7.187479e-01
   outer loop
     vertex -5.623232e+00  1.294444e+01  1.375000e+00
     vertex -6.889425e+00  1.231727e+01  1.375000e+00
     vertex -7.378696e+00  1.366117e+01  2.160947e-10
   endloop
 endfacet
 facet normal -1.641891e-02 -7.007991e-01 -7.131697e-01
   outer loop
     vertex -4.210311e+00  1.296012e+01  1.375000e+00
     vertex -5.324914e+00  1.438551e+01  2.161076e-10
     vertex -4.228331e+00  1.435982e+01  2.161066e-10
   endloop
 endfacet
 facet normal -1.872144e-01 -6.896210e-01 -6.995525e-01
   outer loop
     vertex -4.210311e+00  1.296012e+01  1.375000e+00
     vertex -4.228331e+00  1.435982e+01  2.161066e-10
     vertex -3.169762e+00  1.407244e+01  2.161007e-10
   endloop
 endfacet
 facet normal -1.682885e-02 -7.182963e-01 -6.955338e-01
   outer loop
     vertex -4.210311e+00  1.296012e+01  1.375000e+00
     vertex -4.623658e+00  1.163838e+01  2.750000e+00
     vertex -5.057471e+00  1.164855e+01  2.750000e+00
   endloop
 endfacet
 facet normal -1.846598e-01 -6.802106e-01 -7.093760e-01
   outer loop
     vertex -4.210311e+00  1.296012e+01  1.375000e+00
     vertex -4.204883e+00  1.152470e+01  2.750000e+00
     vertex -4.623658e+00  1.163838e+01  2.750000e+00
   endloop
 endfacet
 facet normal  7.670867e-03 -6.911379e-01 -7.226822e-01
   outer loop
     vertex -4.210311e+00  1.296012e+01  1.375000e+00
     vertex -5.623232e+00  1.294444e+01  1.375000e+00
     vertex -5.324914e+00  1.438551e+01  2.161076e-10
   endloop
 endfacet
 facet normal  8.058343e-03 -7.260491e-01 -6.875956e-01
   outer loop
     vertex -4.210311e+00  1.296012e+01  1.375000e+00
     vertex -5.057471e+00  1.164855e+01  2.750000e+00
     vertex -5.623232e+00  1.294444e+01  1.375000e+00
   endloop
 endfacet
 facet normal -3.425527e-01 -6.171064e-01 -7.084048e-01
   outer loop
     vertex -2.930509e+00  1.236121e+01  1.375000e+00
     vertex -3.169762e+00  1.407244e+01  2.161007e-10
     vertex -2.210725e+00  1.354009e+01  2.160902e-10
   endloop
 endfacet
 facet normal -4.849180e-01 -5.221886e-01 -7.015509e-01
   outer loop
     vertex -2.930509e+00  1.236121e+01  1.375000e+00
     vertex -2.210725e+00  1.354009e+01  2.160902e-10
     vertex -1.406958e+00  1.279369e+01  2.160758e-10
   endloop
 endfacet
 facet normal -5.626911e-01 -3.692431e-01 -7.396204e-01
   outer loop
     vertex -2.930509e+00  1.236121e+01  1.375000e+00
     vertex -1.406958e+00  1.279369e+01  2.160758e-10
     vertex -8.051717e-01  1.187662e+01  2.160581e-10
   endloop
 endfacet
 facet normal -3.463319e-01 -6.239147e-01 -7.005603e-01
   outer loop
     vertex -2.930509e+00  1.236121e+01  1.375000e+00
     vertex -3.825484e+00  1.131409e+01  2.750000e+00
     vertex -4.204883e+00  1.152470e+01  2.750000e+00
   endloop
 endfacet
 facet normal -4.809384e-01 -5.179031e-01 -7.074424e-01
   outer loop
     vertex -2.930509e+00  1.236121e+01  1.375000e+00
     vertex -3.507511e+00  1.101881e+01  2.750000e+00
     vertex -3.825484e+00  1.131409e+01  2.750000e+00
   endloop
 endfacet
 facet normal -6.256334e-01 -4.105464e-01 -6.633509e-01
   outer loop
     vertex -2.930509e+00  1.236121e+01  1.375000e+00
     vertex -3.269441e+00  1.065602e+01  2.750000e+00
     vertex -3.507511e+00  1.101881e+01  2.750000e+00
   endloop
 endfacet
 facet normal -5.548225e-01 -4.526203e-01 -6.980737e-01
   outer loop
     vertex -2.930509e+00  1.236121e+01  1.375000e+00
     vertex -8.051717e-01  1.187662e+01  2.160581e-10
     vertex -3.269441e+00  1.065602e+01  2.750000e+00
   endloop
 endfacet
 facet normal -2.918115e-01 -6.235628e-01 -7.252692e-01
   outer loop
     vertex -2.930509e+00  1.236121e+01  1.375000e+00
     vertex -4.210311e+00  1.296012e+01  1.375000e+00
     vertex -3.169762e+00  1.407244e+01  2.161007e-10
   endloop
 endfacet
 facet normal -3.082400e-01 -6.586684e-01 -6.863993e-01
   outer loop
     vertex -2.930509e+00  1.236121e+01  1.375000e+00
     vertex -4.204883e+00  1.152470e+01  2.750000e+00
     vertex -4.210311e+00  1.296012e+01  1.375000e+00
   endloop
 endfacet
 facet normal  3.952425e-16 -1.847654e-14  1.000000e+00
   outer loop
     vertex -9.974810e+00 -2.455103e+01  1.750000e+01
     vertex -1.661635e+01 -2.315485e+01  1.750000e+01
     vertex -1.052437e+01 -2.648561e+01  1.750000e+01
   endloop
 endfacet
 facet normal  2.225839e-16 -1.934885e-14  1.000000e+00
   outer loop
     vertex -3.809514e+00 -2.622475e+01  1.750000e+01
     vertex -1.052437e+01 -2.648561e+01  1.750000e+01
     vertex -3.807781e+00 -2.824448e+01  1.750000e+01
   endloop
 endfacet
 facet normal  1.863918e-16 -1.841722e-14  1.000000e+00
   outer loop
     vertex -3.809514e+00 -2.622475e+01  1.750000e+01
     vertex -9.974810e+00 -2.455103e+01  1.750000e+01
     vertex -1.052437e+01 -2.648561e+01  1.750000e+01
   endloop
 endfacet
 facet normal  3.487721e-15  6.283106e-15  1.000000e+00
   outer loop
     vertex  1.586700e+01 -3.284848e+01  1.750000e+01
     vertex  1.310763e+01 -3.244764e+01  1.750000e+01
     vertex  1.373996e+01 -3.279865e+01  1.750000e+01
   endloop
 endfacet
 facet normal  2.213686e-15 -4.809579e-14  1.000000e+00
   outer loop
     vertex  1.586700e+01 -3.284848e+01  1.750000e+01
     vertex  1.373996e+01 -3.279865e+01  1.750000e+01
     vertex  1.443792e+01 -3.298812e+01  1.750000e+01
   endloop
 endfacet
 facet normal -8.407603e-15  6.060064e-14  1.000000e+00
   outer loop
     vertex  1.586700e+01 -3.284848e+01  1.750000e+01
     vertex  1.443792e+01 -3.298812e+01  1.750000e+01
     vertex  1.516094e+01 -3.300506e+01  1.750000e+01
   endloop
 endfacet
 facet normal  9.581290e-15 -1.133940e-14  1.000000e+00
   outer loop
     vertex  1.218089e+01 -3.135085e+01  1.750000e+01
     vertex  1.257767e+01 -3.195551e+01  1.750000e+01
     vertex  1.310763e+01 -3.244764e+01  1.750000e+01
   endloop
 endfacet
 facet normal -2.829495e-16 -1.967424e-14  1.000000e+00
   outer loop
     vertex  1.218089e+01 -3.135085e+01  1.750000e+01
     vertex  1.310763e+01 -3.244764e+01  1.750000e+01
     vertex  1.586700e+01 -3.284848e+01  1.750000e+01
   endloop
 endfacet
 facet normal -7.046738e-16 -2.071223e-14  1.000000e+00
   outer loop
     vertex  1.651508e+01 -3.252748e+01  1.750000e+01
     vertex  1.218089e+01 -3.135085e+01  1.750000e+01
     vertex  1.586700e+01 -3.284848e+01  1.750000e+01
   endloop
 endfacet
 facet normal  2.968877e-16 -1.894441e-14  1.000000e+00
   outer loop
     vertex -1.556041e+01 -2.145049e+01  1.750000e+01
     vertex -1.661635e+01 -2.315485e+01  1.750000e+01
     vertex -9.974810e+00 -2.455103e+01  1.750000e+01
   endloop
 endfacet
 facet normal  5.115280e-16 -1.907739e-14  1.000000e+00
   outer loop
     vertex -2.172217e+01 -1.844986e+01  1.750000e+01
     vertex -1.661635e+01 -2.315485e+01  1.750000e+01
     vertex -1.556041e+01 -2.145049e+01  1.750000e+01
   endloop
 endfacet
 facet normal  6.513548e-15 -2.293120e-14  1.000000e+00
   outer loop
     vertex  1.749217e+01 -3.147529e+01  1.750000e+01
     vertex  1.651508e+01 -3.252748e+01  1.750000e+01
     vertex  1.706750e+01 -3.206070e+01  1.750000e+01
   endloop
 endfacet
 facet normal  2.962968e-16 -1.810935e-14  1.000000e+00
   outer loop
     vertex  2.577177e+00 -2.637438e+01  1.750000e+01
     vertex -3.807781e+00 -2.824448e+01  1.750000e+01
     vertex  3.134797e+00 -2.832707e+01  1.750000e+01
   endloop
 endfacet
 facet normal  6.592242e-16 -1.934847e-14  1.000000e+00
   outer loop
     vertex  2.577177e+00 -2.637438e+01  1.750000e+01
     vertex -3.809514e+00 -2.622475e+01  1.750000e+01
     vertex -3.807781e+00 -2.824448e+01  1.750000e+01
   endloop
 endfacet
 facet normal -2.420282e-14 -1.137594e-14  1.000000e+00
   outer loop
     vertex  1.786836e+01 -3.008955e+01  1.750000e+01
     vertex  1.749217e+01 -3.147529e+01  1.750000e+01
     vertex  1.776439e+01 -3.080526e+01  1.750000e+01
   endloop
 endfacet
 facet normal  1.618856e-15 -1.838586e-14  1.000000e+00
   outer loop
     vertex  1.786836e+01 -3.008955e+01  1.750000e+01
     vertex  1.651508e+01 -3.252748e+01  1.750000e+01
     vertex  1.749217e+01 -3.147529e+01  1.750000e+01
   endloop
 endfacet
 facet normal  5.261271e-16 -1.904741e-14  1.000000e+00
   outer loop
     vertex -2.024169e+01 -1.710333e+01  1.750000e+01
     vertex -2.172217e+01 -1.844986e+01  1.750000e+01
     vertex -1.556041e+01 -2.145049e+01  1.750000e+01
   endloop
 endfacet
 facet normal  3.588006e-15 -1.947893e-14  1.000000e+00
   outer loop
     vertex  1.755748e+01 -2.868772e+01  1.750000e+01
     vertex  1.651508e+01 -3.252748e+01  1.750000e+01
     vertex  1.786836e+01 -3.008955e+01  1.750000e+01
   endloop
 endfacet
 facet normal  2.141034e-16 -1.910872e-14  1.000000e+00
   outer loop
     vertex  1.755748e+01 -2.868772e+01  1.750000e+01
     vertex  9.891329e+00 -2.672848e+01  1.750000e+01
     vertex  1.218089e+01 -3.135085e+01  1.750000e+01
   endloop
 endfacet
 facet normal -7.528924e-14 -3.697141e-14  1.000000e+00
   outer loop
     vertex  1.755748e+01 -2.868772e+01  1.750000e+01
     vertex  1.786836e+01 -3.008955e+01  1.750000e+01
     vertex  1.779802e+01 -2.936976e+01  1.750000e+01
   endloop
 endfacet
 facet normal -9.819610e-17 -1.847822e-14  1.000000e+00
   outer loop
     vertex  1.755748e+01 -2.868772e+01  1.750000e+01
     vertex  1.218089e+01 -3.135085e+01  1.750000e+01
     vertex  1.651508e+01 -3.252748e+01  1.750000e+01
   endloop
 endfacet
 facet normal  4.463203e-17 -1.818122e-14  1.000000e+00
   outer loop
     vertex  8.814093e+00 -2.499123e+01  1.750000e+01
     vertex  2.577177e+00 -2.637438e+01  1.750000e+01
     vertex  3.134797e+00 -2.832707e+01  1.750000e+01
   endloop
 endfacet
 facet normal  1.009663e-15 -1.982419e-14  1.000000e+00
   outer loop
     vertex  8.814093e+00 -2.499123e+01  1.750000e+01
     vertex  3.134797e+00 -2.832707e+01  1.750000e+01
     vertex  9.891329e+00 -2.672848e+01  1.750000e+01
   endloop
 endfacet
 facet normal  2.957664e-16 -1.879414e-14  1.000000e+00
   outer loop
     vertex -2.553879e+01 -1.264990e+01  1.750000e+01
     vertex -2.172217e+01 -1.844986e+01  1.750000e+01
     vertex -2.024169e+01 -1.710333e+01  1.750000e+01
   endloop
 endfacet
 facet normal -2.694754e-16 -1.946646e-14  1.000000e+00
   outer loop
     vertex -2.374660e+01 -1.176219e+01  1.750000e+01
     vertex -2.553879e+01 -1.264990e+01  1.750000e+01
     vertex -2.024169e+01 -1.710333e+01  1.750000e+01
   endloop
 endfacet
 facet normal  2.141034e-16 -1.910872e-14  1.000000e+00
   outer loop
     vertex  1.526792e+01 -2.406534e+01  1.750000e+01
     vertex  9.891329e+00 -2.672848e+01  1.750000e+01
     vertex  1.755748e+01 -2.868772e+01  1.750000e+01
   endloop
 endfacet
 facet normal  1.102476e-15 -1.976664e-14  1.000000e+00
   outer loop
     vertex  1.453876e+01 -2.215568e+01  1.750000e+01
     vertex  8.814093e+00 -2.499123e+01  1.750000e+01
     vertex  9.891329e+00 -2.672848e+01  1.750000e+01
   endloop
 endfacet
 facet normal -3.022015e-17 -1.861546e-14  1.000000e+00
   outer loop
     vertex  1.453876e+01 -2.215568e+01  1.750000e+01
     vertex  9.891329e+00 -2.672848e+01  1.750000e+01
     vertex  1.526792e+01 -2.406534e+01  1.750000e+01
   endloop
 endfacet
 facet normal  1.641811e-17 -2.004365e-14  1.000000e+00
   outer loop
     vertex -2.587144e+01 -5.737467e+00  1.750000e+01
     vertex -2.553879e+01 -1.264990e+01  1.750000e+01
     vertex -2.374660e+01 -1.176219e+01  1.750000e+01
   endloop
 endfacet
 facet normal -2.802921e-15 -2.017932e-14  1.000000e+00
   outer loop
     vertex -2.587144e+01 -5.737467e+00  1.750000e+01
     vertex -2.782400e+01 -6.170484e+00  1.750000e+01
     vertex -2.553879e+01 -1.264990e+01  1.750000e+01
   endloop
 endfacet
 facet normal  3.624220e-17 -1.859008e-14  1.000000e+00
   outer loop
     vertex  2.063391e+01 -1.965940e+01  1.750000e+01
     vertex  1.453876e+01 -2.215568e+01  1.750000e+01
     vertex  1.526792e+01 -2.406534e+01  1.750000e+01
   endloop
 endfacet
 facet normal -1.008286e-15 -1.603967e-14  1.000000e+00
   outer loop
     vertex  1.941850e+01 -1.803253e+01  1.750000e+01
     vertex  1.453876e+01 -2.215568e+01  1.750000e+01
     vertex  2.063391e+01 -1.965940e+01  1.750000e+01
   endloop
 endfacet
 facet normal -2.999896e-15 -1.929112e-14  1.000000e+00
   outer loop
     vertex -2.649273e+01  6.206940e-01  1.750000e+01
     vertex -2.782400e+01 -6.170484e+00  1.750000e+01
     vertex -2.587144e+01 -5.737467e+00  1.750000e+01
   endloop
 endfacet
 facet normal -2.232338e-15 -1.944159e-14  1.000000e+00
   outer loop
     vertex -2.649273e+01  6.206940e-01  1.750000e+01
     vertex -2.849218e+01  6.675388e-01  1.750000e+01
     vertex -2.782400e+01 -6.170484e+00  1.750000e+01
   endloop
 endfacet
 facet normal -2.148429e-15 -1.689146e-14  1.000000e+00
   outer loop
     vertex  2.477530e+01 -1.408668e+01  1.750000e+01
     vertex  1.941850e+01 -1.803253e+01  1.750000e+01
     vertex  2.063391e+01 -1.965940e+01  1.750000e+01
   endloop
 endfacet
 facet normal  1.829454e-16 -2.005649e-14  1.000000e+00
   outer loop
     vertex  2.316970e+01 -1.286138e+01  1.750000e+01
     vertex  1.941850e+01 -1.803253e+01  1.750000e+01
     vertex  2.477530e+01 -1.408668e+01  1.750000e+01
   endloop
 endfacet
 facet normal  3.995921e-16 -1.886867e-14  1.000000e+00
   outer loop
     vertex -2.557436e+01  6.942783e+00  1.750000e+01
     vertex -2.750450e+01  7.466767e+00  1.750000e+01
     vertex -2.849218e+01  6.675388e-01  1.750000e+01
   endloop
 endfacet
 facet normal -2.190697e-15 -1.766425e-14  1.000000e+00
   outer loop
     vertex -2.557436e+01  6.942783e+00  1.750000e+01
     vertex -2.849218e+01  6.675388e-01  1.750000e+01
     vertex -2.649273e+01  6.206940e-01  1.750000e+01
   endloop
 endfacet
 facet normal  8.384745e-16 -1.919750e-14  1.000000e+00
   outer loop
     vertex  2.744630e+01 -7.677943e+00  1.750000e+01
     vertex  2.316970e+01 -1.286138e+01  1.750000e+01
     vertex  2.477530e+01 -1.408668e+01  1.750000e+01
   endloop
 endfacet
 facet normal  2.445814e-16 -1.870751e-14  1.000000e+00
   outer loop
     vertex  2.557436e+01 -6.942783e+00  1.750000e+01
     vertex  2.316970e+01 -1.286138e+01  1.750000e+01
     vertex  2.744630e+01 -7.677943e+00  1.750000e+01
   endloop
 endfacet
 facet normal  6.064133e-16 -1.810682e-14  1.000000e+00
   outer loop
     vertex -2.491835e+01  1.383205e+01  1.750000e+01
     vertex -2.750450e+01  7.466767e+00  1.750000e+01
     vertex -2.557436e+01  6.942783e+00  1.750000e+01
   endloop
 endfacet
 facet normal -1.797229e-15 -1.787794e-14  1.000000e+00
   outer loop
     vertex -2.491835e+01  1.383205e+01  1.750000e+01
     vertex -2.557436e+01  6.942783e+00  1.750000e+01
     vertex -2.316970e+01  1.286138e+01  1.750000e+01
   endloop
 endfacet
 facet normal  2.588158e-16 -1.867126e-14  1.000000e+00
   outer loop
     vertex  2.848839e+01 -8.135230e-01  1.750000e+01
     vertex  2.557436e+01 -6.942783e+00  1.750000e+01
     vertex  2.744630e+01 -7.677943e+00  1.750000e+01
   endloop
 endfacet
 facet normal -1.713494e-15 -1.773357e-14  1.000000e+00
   outer loop
     vertex  2.848839e+01 -8.135230e-01  1.750000e+01
     vertex  2.649273e+01 -6.206940e-01  1.750000e+01
     vertex  2.557436e+01 -6.942783e+00  1.750000e+01
   endloop
 endfacet
 facet normal -2.090911e-15 -1.840701e-14  1.000000e+00
   outer loop
     vertex -1.941850e+01  1.803253e+01  1.750000e+01
     vertex -2.491835e+01  1.383205e+01  1.750000e+01
     vertex -2.316970e+01  1.286138e+01  1.750000e+01
   endloop
 endfacet
 facet normal -2.297323e-15 -1.813674e-14  1.000000e+00
   outer loop
     vertex -2.088404e+01  1.939347e+01  1.750000e+01
     vertex -2.491835e+01  1.383205e+01  1.750000e+01
     vertex -1.941850e+01  1.803253e+01  1.750000e+01
   endloop
 endfacet
 facet normal -5.436042e-15 -1.952917e-14  1.000000e+00
   outer loop
     vertex  2.783972e+01  6.099179e+00  1.750000e+01
     vertex  2.587144e+01  5.737468e+00  1.750000e+01
     vertex  2.649273e+01 -6.206940e-01  1.750000e+01
   endloop
 endfacet
 facet normal -1.954426e-15 -2.022706e-14  1.000000e+00
   outer loop
     vertex  2.783972e+01  6.099179e+00  1.750000e+01
     vertex  2.649273e+01 -6.206940e-01  1.750000e+01
     vertex  2.848839e+01 -8.135230e-01  1.750000e+01
   endloop
 endfacet
 facet normal  1.026814e-15 -1.844820e-14  1.000000e+00
   outer loop
     vertex -1.563603e+01  2.382781e+01  1.750000e+01
     vertex -1.941850e+01  1.803253e+01  1.750000e+01
     vertex -1.453876e+01  2.215568e+01  1.750000e+01
   endloop
 endfacet
 facet normal -1.222968e-15 -1.697981e-14  1.000000e+00
   outer loop
     vertex -1.563603e+01  2.382781e+01  1.750000e+01
     vertex -2.088404e+01  1.939347e+01  1.750000e+01
     vertex -1.941850e+01  1.803253e+01  1.750000e+01
   endloop
 endfacet
 facet normal  1.641811e-17 -2.004365e-14  1.000000e+00
   outer loop
     vertex  2.553879e+01  1.264990e+01  1.750000e+01
     vertex  2.374660e+01  1.176219e+01  1.750000e+01
     vertex  2.587144e+01  5.737468e+00  1.750000e+01
   endloop
 endfacet
 facet normal -5.294528e-15 -2.029923e-14  1.000000e+00
   outer loop
     vertex  2.553879e+01  1.264990e+01  1.750000e+01
     vertex  2.587144e+01  5.737468e+00  1.750000e+01
     vertex  2.783972e+01  6.099179e+00  1.750000e+01
   endloop
 endfacet
 facet normal -2.552803e-16 -1.928952e-14  1.000000e+00
   outer loop
     vertex -9.479307e+00  2.687736e+01  1.750000e+01
     vertex -1.563603e+01  2.382781e+01  1.750000e+01
     vertex -1.453876e+01  2.215568e+01  1.750000e+01
   endloop
 endfacet
 facet normal  2.134578e-15 -2.185035e-14  1.000000e+00
   outer loop
     vertex -9.479307e+00  2.687736e+01  1.750000e+01
     vertex -1.453876e+01  2.215568e+01  1.750000e+01
     vertex -8.814093e+00  2.499123e+01  1.750000e+01
   endloop
 endfacet
 facet normal  9.509091e-16 -2.226781e-14  1.000000e+00
   outer loop
     vertex -2.577177e+00  2.637438e+01  1.750000e+01
     vertex -9.479307e+00  2.687736e+01  1.750000e+01
     vertex -8.814093e+00  2.499123e+01  1.750000e+01
   endloop
 endfacet
 facet normal  1.279915e-17 -1.928123e-14  1.000000e+00
   outer loop
     vertex  2.176936e+01  1.839415e+01  1.750000e+01
     vertex  2.024169e+01  1.710333e+01  1.750000e+01
     vertex  2.374660e+01  1.176219e+01  1.750000e+01
   endloop
 endfacet
 facet normal -3.130979e-16 -1.937839e-14  1.000000e+00
   outer loop
     vertex  2.176936e+01  1.839415e+01  1.750000e+01
     vertex  2.374660e+01  1.176219e+01  1.750000e+01
     vertex  2.553879e+01  1.264990e+01  1.750000e+01
   endloop
 endfacet
 facet normal  1.151114e-15 -1.952051e-14  1.000000e+00
   outer loop
     vertex -2.771681e+00  2.836490e+01  1.750000e+01
     vertex -9.479307e+00  2.687736e+01  1.750000e+01
     vertex -2.577177e+00  2.637438e+01  1.750000e+01
   endloop
 endfacet
 facet normal -1.188417e-16 -1.912543e-14  1.000000e+00
   outer loop
     vertex  1.673478e+01  2.306940e+01  1.750000e+01
     vertex  2.024169e+01  1.710333e+01  1.750000e+01
     vertex  2.176936e+01  1.839415e+01  1.750000e+01
   endloop
 endfacet
 facet normal  1.141810e-15 -1.838441e-14  1.000000e+00
   outer loop
     vertex  1.673478e+01  2.306940e+01  1.750000e+01
     vertex  1.556041e+01  2.145049e+01  1.750000e+01
     vertex  2.024169e+01  1.710333e+01  1.750000e+01
   endloop
 endfacet
 facet normal -1.674666e-16 -1.972068e-14  1.000000e+00
   outer loop
     vertex  4.097025e+00  2.820398e+01  1.750000e+01
     vertex  3.809514e+00  2.622475e+01  1.750000e+01
     vertex  9.974810e+00  2.455103e+01  1.750000e+01
   endloop
 endfacet
 facet normal  6.477293e-16 -1.983910e-14  1.000000e+00
   outer loop
     vertex  4.097025e+00  2.820398e+01  1.750000e+01
     vertex -2.577177e+00  2.637438e+01  1.750000e+01
     vertex  3.809514e+00  2.622475e+01  1.750000e+01
   endloop
 endfacet
 facet normal  5.758038e-16 -1.957672e-14  1.000000e+00
   outer loop
     vertex  4.097025e+00  2.820398e+01  1.750000e+01
     vertex -2.771681e+00  2.836490e+01  1.750000e+01
     vertex -2.577177e+00  2.637438e+01  1.750000e+01
   endloop
 endfacet
 facet normal  1.875310e-15 -1.610089e-14  1.000000e+00
   outer loop
     vertex  1.072763e+01  2.640394e+01  1.750000e+01
     vertex  9.974810e+00  2.455103e+01  1.750000e+01
     vertex  1.556041e+01  2.145049e+01  1.750000e+01
   endloop
 endfacet
 facet normal  2.200942e-16 -1.771579e-14  1.000000e+00
   outer loop
     vertex  1.072763e+01  2.640394e+01  1.750000e+01
     vertex  1.556041e+01  2.145049e+01  1.750000e+01
     vertex  1.673478e+01  2.306940e+01  1.750000e+01
   endloop
 endfacet
 facet normal  2.040471e-15 -1.616800e-14  1.000000e+00
   outer loop
     vertex  1.072763e+01  2.640394e+01  1.750000e+01
     vertex  4.097025e+00  2.820398e+01  1.750000e+01
     vertex  9.974810e+00  2.455103e+01  1.750000e+01
   endloop
 endfacet
 facet normal  9.430654e-01  3.326073e-01  6.044735e-15
   outer loop
     vertex -2.587144e+01 -5.737467e+00  6.000000e+00
     vertex -2.374660e+01 -1.176219e+01  1.750000e+01
     vertex -2.374660e+01 -1.176219e+01  6.000000e+00
   endloop
 endfacet
 facet normal  9.430654e-01  3.326073e-01  5.976584e-15
   outer loop
     vertex -2.587144e+01 -5.737467e+00  6.000000e+00
     vertex -2.587144e+01 -5.737467e+00  1.750000e+01
     vertex -2.374660e+01 -1.176219e+01  1.750000e+01
   endloop
 endfacet
 facet normal  9.952598e-01  9.725197e-02  1.540252e-15
   outer loop
     vertex -2.649273e+01  6.206940e-01  6.000000e+00
     vertex -2.649273e+01  6.206940e-01  1.750000e+01
     vertex -2.587144e+01 -5.737467e+00  1.750000e+01
   endloop
 endfacet
 facet normal  9.952598e-01  9.725197e-02  1.523273e-15
   outer loop
     vertex -2.649273e+01  6.206940e-01  6.000000e+00
     vertex -2.587144e+01 -5.737467e+00  1.750000e+01
     vertex -2.587144e+01 -5.737467e+00  6.000000e+00
   endloop
 endfacet
 facet normal  9.896133e-01 -1.437553e-01 -3.036971e-15
   outer loop
     vertex -2.557436e+01  6.942783e+00  6.000000e+00
     vertex -2.557436e+01  6.942783e+00  1.750000e+01
     vertex -2.649273e+01  6.206940e-01  1.750000e+01
   endloop
 endfacet
 facet normal  9.896133e-01 -1.437553e-01 -3.034457e-15
   outer loop
     vertex -2.557436e+01  6.942783e+00  6.000000e+00
     vertex -2.649273e+01  6.206940e-01  1.750000e+01
     vertex -2.649273e+01  6.206940e-01  6.000000e+00
   endloop
 endfacet
 facet normal  8.094526e-01 -5.871852e-01 -1.113407e-14
   outer loop
     vertex -2.316970e+01  1.286138e+01  6.000000e+00
     vertex -1.941850e+01  1.803253e+01  1.750000e+01
     vertex -2.316970e+01  1.286138e+01  1.750000e+01
   endloop
 endfacet
 facet normal  9.264540e-01 -3.764079e-01 -7.263270e-15
   outer loop
     vertex -2.316970e+01  1.286138e+01  6.000000e+00
     vertex -2.316970e+01  1.286138e+01  1.750000e+01
     vertex -2.557436e+01  6.942783e+00  1.750000e+01
   endloop
 endfacet
 facet normal  9.264540e-01 -3.764079e-01 -7.447114e-15
   outer loop
     vertex -2.316970e+01  1.286138e+01  6.000000e+00
     vertex -2.557436e+01  6.942783e+00  1.750000e+01
     vertex -2.557436e+01  6.942783e+00  6.000000e+00
   endloop
 endfacet
 facet normal  8.094526e-01 -5.871852e-01 -1.156554e-14
   outer loop
     vertex -1.941850e+01  1.803253e+01  6.000000e+00
     vertex -1.941850e+01  1.803253e+01  1.750000e+01
     vertex -2.316970e+01  1.286138e+01  6.000000e+00
   endloop
 endfacet
 facet normal  6.454088e-01 -7.638373e-01 -1.479316e-14
   outer loop
     vertex -1.453876e+01  2.215568e+01  6.000000e+00
     vertex -1.453876e+01  2.215568e+01  1.750000e+01
     vertex -1.941850e+01  1.803253e+01  1.750000e+01
   endloop
 endfacet
 facet normal  6.454088e-01 -7.638373e-01 -1.479751e-14
   outer loop
     vertex -1.453876e+01  2.215568e+01  6.000000e+00
     vertex -1.941850e+01  1.803253e+01  1.750000e+01
     vertex -1.941850e+01  1.803253e+01  6.000000e+00
   endloop
 endfacet
 facet normal  4.438562e-01 -8.960980e-01 -1.716106e-14
   outer loop
     vertex -8.814093e+00  2.499123e+01  6.000000e+00
     vertex -8.814093e+00  2.499123e+01  1.750000e+01
     vertex -1.453876e+01  2.215568e+01  1.750000e+01
   endloop
 endfacet
 facet normal  4.438562e-01 -8.960980e-01 -1.716705e-14
   outer loop
     vertex -8.814093e+00  2.499123e+01  6.000000e+00
     vertex -1.453876e+01  2.215568e+01  1.750000e+01
     vertex -1.453876e+01  2.215568e+01  6.000000e+00
   endloop
 endfacet
 facet normal  2.165082e-01 -9.762808e-01 -1.846473e-14
   outer loop
     vertex -2.577177e+00  2.637438e+01  6.000000e+00
     vertex -2.577177e+00  2.637438e+01  1.750000e+01
     vertex -8.814093e+00  2.499123e+01  1.750000e+01
   endloop
 endfacet
 facet normal  2.165082e-01 -9.762808e-01 -1.852107e-14
   outer loop
     vertex -2.577177e+00  2.637438e+01  6.000000e+00
     vertex -8.814093e+00  2.499123e+01  1.750000e+01
     vertex -8.814093e+00  2.499123e+01  6.000000e+00
   endloop
 endfacet
 facet normal -2.342242e-02 -9.997257e-01 -1.882881e-14
   outer loop
     vertex  3.809514e+00  2.622475e+01  6.000000e+00
     vertex  3.809514e+00  2.622475e+01  1.750000e+01
     vertex -2.577177e+00  2.637438e+01  1.750000e+01
   endloop
 endfacet
 facet normal -2.342242e-02 -9.997257e-01 -1.883237e-14
   outer loop
     vertex  3.809514e+00  2.622475e+01  6.000000e+00
     vertex -2.577177e+00  2.637438e+01  1.750000e+01
     vertex -2.577177e+00  2.637438e+01  6.000000e+00
   endloop
 endfacet
 facet normal -2.619918e-01 -9.650701e-01 -1.780750e-14
   outer loop
     vertex  9.974810e+00  2.455103e+01  6.000000e+00
     vertex  9.974810e+00  2.455103e+01  1.750000e+01
     vertex  3.809514e+00  2.622475e+01  1.750000e+01
   endloop
 endfacet
 facet normal -2.619918e-01 -9.650701e-01 -1.808585e-14
   outer loop
     vertex  9.974810e+00  2.455103e+01  6.000000e+00
     vertex  3.809514e+00  2.622475e+01  1.750000e+01
     vertex  3.809514e+00  2.622475e+01  6.000000e+00
   endloop
 endfacet
 facet normal -6.804727e-01 -7.327735e-01 -1.361493e-14
   outer loop
     vertex  1.556041e+01  2.145049e+01  6.000000e+00
     vertex  2.024169e+01  1.710333e+01  1.750000e+01
     vertex  1.556041e+01  2.145049e+01  1.750000e+01
   endloop
 endfacet
 facet normal -4.853352e-01 -8.743282e-01 -1.644680e-14
   outer loop
     vertex  1.556041e+01  2.145049e+01  6.000000e+00
     vertex  1.556041e+01  2.145049e+01  1.750000e+01
     vertex  9.974810e+00  2.455103e+01  1.750000e+01
   endloop
 endfacet
 facet normal -4.853352e-01 -8.743282e-01 -1.605482e-14
   outer loop
     vertex  1.556041e+01  2.145049e+01  6.000000e+00
     vertex  9.974810e+00  2.455103e+01  1.750000e+01
     vertex  9.974810e+00  2.455103e+01  6.000000e+00
   endloop
 endfacet
 facet normal -6.804727e-01 -7.327735e-01 -1.338855e-14
   outer loop
     vertex  2.024169e+01  1.710333e+01  6.000000e+00
     vertex  2.024169e+01  1.710333e+01  1.750000e+01
     vertex  1.556041e+01  2.145049e+01  6.000000e+00
   endloop
 endfacet
 facet normal -8.360635e-01 -5.486326e-01 -9.907060e-15
   outer loop
     vertex  2.374660e+01  1.176219e+01  6.000000e+00
     vertex  2.374660e+01  1.176219e+01  1.750000e+01
     vertex  2.024169e+01  1.710333e+01  1.750000e+01
   endloop
 endfacet
 facet normal -8.360635e-01 -5.486326e-01 -9.816650e-15
   outer loop
     vertex  2.374660e+01  1.176219e+01  6.000000e+00
     vertex  2.024169e+01  1.710333e+01  1.750000e+01
     vertex  2.024169e+01  1.710333e+01  6.000000e+00
   endloop
 endfacet
 facet normal  1.794883e-16 -1.897331e-14  1.000000e+00
   outer loop
     vertex -2.515717e+00 -1.731823e+01  6.000000e+00
     vertex -9.974810e+00 -2.455103e+01  6.000000e+00
     vertex -3.809514e+00 -2.622475e+01  6.000000e+00
   endloop
 endfacet
 facet normal  3.891662e-16 -1.900376e-14  1.000000e+00
   outer loop
     vertex -2.515717e+00 -1.731823e+01  6.000000e+00
     vertex -3.809514e+00 -2.622475e+01  6.000000e+00
     vertex  2.577177e+00 -2.637438e+01  6.000000e+00
   endloop
 endfacet
 facet normal  2.759601e-16 -1.907280e-14  1.000000e+00
   outer loop
     vertex -2.515717e+00 -1.731823e+01  6.000000e+00
     vertex -6.587139e+00 -1.621295e+01  6.000000e+00
     vertex -9.974810e+00 -2.455103e+01  6.000000e+00
   endloop
 endfacet
 facet normal  6.669200e-16 -1.913718e-14  1.000000e+00
   outer loop
     vertex -1.027574e+01 -1.416542e+01  6.000000e+00
     vertex -1.556041e+01 -2.145049e+01  6.000000e+00
     vertex -9.974810e+00 -2.455103e+01  6.000000e+00
   endloop
 endfacet
 facet normal  4.498986e-16 -1.914347e-14  1.000000e+00
   outer loop
     vertex -1.027574e+01 -1.416542e+01  6.000000e+00
     vertex -9.974810e+00 -2.455103e+01  6.000000e+00
     vertex -6.587139e+00 -1.621295e+01  6.000000e+00
   endloop
 endfacet
 facet normal  3.972190e-16 -1.899924e-14  1.000000e+00
   outer loop
     vertex  1.701910e+00 -1.741705e+01  6.000000e+00
     vertex -2.515717e+00 -1.731823e+01  6.000000e+00
     vertex  2.577177e+00 -2.637438e+01  6.000000e+00
   endloop
 endfacet
 facet normal  4.356454e-16 -1.917004e-14  1.000000e+00
   outer loop
     vertex -1.336715e+01 -1.129465e+01  6.000000e+00
     vertex -2.374660e+01 -1.176219e+01  6.000000e+00
     vertex -2.024169e+01 -1.710333e+01  6.000000e+00
   endloop
 endfacet
 facet normal  1.533308e-16 -1.883592e-14  1.000000e+00
   outer loop
     vertex -1.336715e+01 -1.129465e+01  6.000000e+00
     vertex -2.024169e+01 -1.710333e+01  6.000000e+00
     vertex -1.556041e+01 -2.145049e+01  6.000000e+00
   endloop
 endfacet
 facet normal  2.933058e-16 -1.886615e-14  1.000000e+00
   outer loop
     vertex -1.336715e+01 -1.129465e+01  6.000000e+00
     vertex -1.556041e+01 -2.145049e+01  6.000000e+00
     vertex -1.027574e+01 -1.416542e+01  6.000000e+00
   endloop
 endfacet
 facet normal  3.511911e-16 -1.892142e-14  1.000000e+00
   outer loop
     vertex  5.820627e+00 -1.650365e+01  6.000000e+00
     vertex  2.577177e+00 -2.637438e+01  6.000000e+00
     vertex  8.814093e+00 -2.499123e+01  6.000000e+00
   endloop
 endfacet
 facet normal  5.442879e-16 -1.898487e-14  1.000000e+00
   outer loop
     vertex  5.820627e+00 -1.650365e+01  6.000000e+00
     vertex  1.701910e+00 -1.741705e+01  6.000000e+00
     vertex  2.577177e+00 -2.637438e+01  6.000000e+00
   endloop
 endfacet
 facet normal  4.327352e-16 -1.910544e-14  1.000000e+00
   outer loop
     vertex -1.568172e+01 -7.767483e+00  6.000000e+00
     vertex -2.374660e+01 -1.176219e+01  6.000000e+00
     vertex -1.336715e+01 -1.129465e+01  6.000000e+00
   endloop
 endfacet
 facet normal  1.956632e-16 -1.887557e-14  1.000000e+00
   outer loop
     vertex  9.601071e+00 -1.463111e+01  6.000000e+00
     vertex  8.814093e+00 -2.499123e+01  6.000000e+00
     vertex  1.453876e+01 -2.215568e+01  6.000000e+00
   endloop
 endfacet
 facet normal  4.305765e-16 -1.889342e-14  1.000000e+00
   outer loop
     vertex  9.601071e+00 -1.463111e+01  6.000000e+00
     vertex  5.820627e+00 -1.650365e+01  6.000000e+00
     vertex  8.814093e+00 -2.499123e+01  6.000000e+00
   endloop
 endfacet
 facet normal  4.730569e-16 -1.899806e-14  1.000000e+00
   outer loop
     vertex -1.708491e+01 -3.788894e+00  6.000000e+00
     vertex -2.587144e+01 -5.737467e+00  6.000000e+00
     vertex -2.374660e+01 -1.176219e+01  6.000000e+00
   endloop
 endfacet
 facet normal  3.135340e-16 -1.886478e-14  1.000000e+00
   outer loop
     vertex -1.708491e+01 -3.788894e+00  6.000000e+00
     vertex -2.374660e+01 -1.176219e+01  6.000000e+00
     vertex -1.568172e+01 -7.767483e+00  6.000000e+00
   endloop
 endfacet
 facet normal  5.923470e-16 -1.879566e-14  1.000000e+00
   outer loop
     vertex  1.282354e+01 -1.190827e+01  6.000000e+00
     vertex  1.453876e+01 -2.215568e+01  6.000000e+00
     vertex  1.941850e+01 -1.803253e+01  6.000000e+00
   endloop
 endfacet
 facet normal  2.233083e-16 -1.885743e-14  1.000000e+00
   outer loop
     vertex  1.282354e+01 -1.190827e+01  6.000000e+00
     vertex  9.601071e+00 -1.463111e+01  6.000000e+00
     vertex  1.453876e+01 -2.215568e+01  6.000000e+00
   endloop
 endfacet
 facet normal  4.443386e-16 -1.895457e-14  1.000000e+00
   outer loop
     vertex -1.749520e+01  4.098923e-01  6.000000e+00
     vertex -2.649273e+01  6.206940e-01  6.000000e+00
     vertex -2.587144e+01 -5.737467e+00  6.000000e+00
   endloop
 endfacet
 facet normal  4.716699e-16 -1.899181e-14  1.000000e+00
   outer loop
     vertex -1.749520e+01  4.098923e-01  6.000000e+00
     vertex -2.587144e+01 -5.737467e+00  6.000000e+00
     vertex -1.708491e+01 -3.788894e+00  6.000000e+00
   endloop
 endfacet
 facet normal  6.934866e-16 -1.888103e-14  1.000000e+00
   outer loop
     vertex  1.530074e+01 -8.493366e+00  6.000000e+00
     vertex  1.941850e+01 -1.803253e+01  6.000000e+00
     vertex  2.316970e+01 -1.286138e+01  6.000000e+00
   endloop
 endfacet
 facet normal  3.923655e-16 -1.901101e-14  1.000000e+00
   outer loop
     vertex  1.530074e+01 -8.493366e+00  6.000000e+00
     vertex  1.282354e+01 -1.190827e+01  6.000000e+00
     vertex  1.941850e+01 -1.803253e+01  6.000000e+00
   endloop
 endfacet
 facet normal  4.458472e-16 -1.889017e-14  1.000000e+00
   outer loop
     vertex -2.557436e+01  6.942783e+00  6.000000e+00
     vertex -2.649273e+01  6.206940e-01  6.000000e+00
     vertex -1.749520e+01  4.098923e-01  6.000000e+00
   endloop
 endfacet
 facet normal  6.753063e-16 -1.860640e-14  1.000000e+00
   outer loop
     vertex -1.688873e+01  4.584857e+00  6.000000e+00
     vertex -2.557436e+01  6.942783e+00  6.000000e+00
     vertex -1.749520e+01  4.098923e-01  6.000000e+00
   endloop
 endfacet
 facet normal  4.903830e-16 -1.928759e-14  1.000000e+00
   outer loop
     vertex  2.557436e+01 -6.942783e+00  6.000000e+00
     vertex  1.688873e+01 -4.584857e+00  6.000000e+00
     vertex  1.530074e+01 -8.493366e+00  6.000000e+00
   endloop
 endfacet
 facet normal  4.855572e-16 -1.925561e-14  1.000000e+00
   outer loop
     vertex  2.557436e+01 -6.942783e+00  6.000000e+00
     vertex  1.530074e+01 -8.493366e+00  6.000000e+00
     vertex  2.316970e+01 -1.286138e+01  6.000000e+00
   endloop
 endfacet
 facet normal  4.977214e-16 -1.926055e-14  1.000000e+00
   outer loop
     vertex -2.316970e+01  1.286138e+01  6.000000e+00
     vertex -2.557436e+01  6.942783e+00  6.000000e+00
     vertex -1.688873e+01  4.584857e+00  6.000000e+00
   endloop
 endfacet
 facet normal  4.719630e-16 -1.928010e-14  1.000000e+00
   outer loop
     vertex -2.316970e+01  1.286138e+01  6.000000e+00
     vertex -1.688873e+01  4.584857e+00  6.000000e+00
     vertex -1.530074e+01  8.493366e+00  6.000000e+00
   endloop
 endfacet
 facet normal  5.924873e-16 -1.891148e-14  1.000000e+00
   outer loop
     vertex  2.649273e+01 -6.206940e-01  6.000000e+00
     vertex  1.688873e+01 -4.584857e+00  6.000000e+00
     vertex  2.557436e+01 -6.942783e+00  6.000000e+00
   endloop
 endfacet
 facet normal  4.532514e-16 -1.857415e-14  1.000000e+00
   outer loop
     vertex  2.649273e+01 -6.206940e-01  6.000000e+00
     vertex  1.749520e+01 -4.098923e-01  6.000000e+00
     vertex  1.688873e+01 -4.584857e+00  6.000000e+00
   endloop
 endfacet
 facet normal  6.934866e-16 -1.888103e-14  1.000000e+00
   outer loop
     vertex -1.941850e+01  1.803253e+01  6.000000e+00
     vertex -2.316970e+01  1.286138e+01  6.000000e+00
     vertex -1.530074e+01  8.493366e+00  6.000000e+00
   endloop
 endfacet
 facet normal  3.923655e-16 -1.901101e-14  1.000000e+00
   outer loop
     vertex -1.941850e+01  1.803253e+01  6.000000e+00
     vertex -1.530074e+01  8.493366e+00  6.000000e+00
     vertex -1.282354e+01  1.190827e+01  6.000000e+00
   endloop
 endfacet
 facet normal  4.443386e-16 -1.895457e-14  1.000000e+00
   outer loop
     vertex  2.587144e+01  5.737468e+00  6.000000e+00
     vertex  1.749520e+01 -4.098923e-01  6.000000e+00
     vertex  2.649273e+01 -6.206940e-01  6.000000e+00
   endloop
 endfacet
 facet normal  4.716699e-16 -1.899181e-14  1.000000e+00
   outer loop
     vertex  2.587144e+01  5.737468e+00  6.000000e+00
     vertex  1.708491e+01  3.788894e+00  6.000000e+00
     vertex  1.749520e+01 -4.098923e-01  6.000000e+00
   endloop
 endfacet
 facet normal  5.923470e-16 -1.879566e-14  1.000000e+00
   outer loop
     vertex -1.453876e+01  2.215568e+01  6.000000e+00
     vertex -1.941850e+01  1.803253e+01  6.000000e+00
     vertex -1.282354e+01  1.190827e+01  6.000000e+00
   endloop
 endfacet
 facet normal  2.233083e-16 -1.885743e-14  1.000000e+00
   outer loop
     vertex -1.453876e+01  2.215568e+01  6.000000e+00
     vertex -1.282354e+01  1.190827e+01  6.000000e+00
     vertex -9.601071e+00  1.463111e+01  6.000000e+00
   endloop
 endfacet
 facet normal  4.730569e-16 -1.899806e-14  1.000000e+00
   outer loop
     vertex  2.374660e+01  1.176219e+01  6.000000e+00
     vertex  1.708491e+01  3.788894e+00  6.000000e+00
     vertex  2.587144e+01  5.737468e+00  6.000000e+00
   endloop
 endfacet
 facet normal  3.135340e-16 -1.886478e-14  1.000000e+00
   outer loop
     vertex  2.374660e+01  1.176219e+01  6.000000e+00
     vertex  1.568172e+01  7.767483e+00  6.000000e+00
     vertex  1.708491e+01  3.788894e+00  6.000000e+00
   endloop
 endfacet
 facet normal  1.956632e-16 -1.887557e-14  1.000000e+00
   outer loop
     vertex -8.814093e+00  2.499123e+01  6.000000e+00
     vertex -1.453876e+01  2.215568e+01  6.000000e+00
     vertex -9.601071e+00  1.463111e+01  6.000000e+00
   endloop
 endfacet
 facet normal  4.305765e-16 -1.889342e-14  1.000000e+00
   outer loop
     vertex -8.814093e+00  2.499123e+01  6.000000e+00
     vertex -9.601071e+00  1.463111e+01  6.000000e+00
     vertex -5.820627e+00  1.650365e+01  6.000000e+00
   endloop
 endfacet
 facet normal  4.576001e-16 -1.915564e-14  1.000000e+00
   outer loop
     vertex  2.024169e+01  1.710333e+01  6.000000e+00
     vertex  1.568172e+01  7.767483e+00  6.000000e+00
     vertex  2.374660e+01  1.176219e+01  6.000000e+00
   endloop
 endfacet
 facet normal  3.994896e-16 -1.912725e-14  1.000000e+00
   outer loop
     vertex  2.024169e+01  1.710333e+01  6.000000e+00
     vertex  1.336715e+01  1.129465e+01  6.000000e+00
     vertex  1.568172e+01  7.767483e+00  6.000000e+00
   endloop
 endfacet
 facet normal  2.333901e-16 -1.893067e-14  1.000000e+00
   outer loop
     vertex  2.024169e+01  1.710333e+01  6.000000e+00
     vertex  1.027574e+01  1.416542e+01  6.000000e+00
     vertex  1.336715e+01  1.129465e+01  6.000000e+00
   endloop
 endfacet
 facet normal  5.442879e-16 -1.898487e-14  1.000000e+00
   outer loop
     vertex -2.577177e+00  2.637438e+01  6.000000e+00
     vertex -5.820627e+00  1.650365e+01  6.000000e+00
     vertex -1.701910e+00  1.741705e+01  6.000000e+00
   endloop
 endfacet
 facet normal  3.511911e-16 -1.892142e-14  1.000000e+00
   outer loop
     vertex -2.577177e+00  2.637438e+01  6.000000e+00
     vertex -8.814093e+00  2.499123e+01  6.000000e+00
     vertex -5.820627e+00  1.650365e+01  6.000000e+00
   endloop
 endfacet
 facet normal  5.146885e-16 -1.902675e-14  1.000000e+00
   outer loop
     vertex  1.556041e+01  2.145049e+01  6.000000e+00
     vertex  6.587139e+00  1.621295e+01  6.000000e+00
     vertex  1.027574e+01  1.416542e+01  6.000000e+00
   endloop
 endfacet
 facet normal  1.928978e-16 -1.879332e-14  1.000000e+00
   outer loop
     vertex  1.556041e+01  2.145049e+01  6.000000e+00
     vertex  1.027574e+01  1.416542e+01  6.000000e+00
     vertex  2.024169e+01  1.710333e+01  6.000000e+00
   endloop
 endfacet
 facet normal  3.892540e-16 -1.900001e-14  1.000000e+00
   outer loop
     vertex  3.809514e+00  2.622475e+01  6.000000e+00
     vertex -2.577177e+00  2.637438e+01  6.000000e+00
     vertex -1.701910e+00  1.741705e+01  6.000000e+00
   endloop
 endfacet
 facet normal  3.970859e-16 -1.900492e-14  1.000000e+00
   outer loop
     vertex  3.809514e+00  2.622475e+01  6.000000e+00
     vertex -1.701910e+00  1.741705e+01  6.000000e+00
     vertex  2.515717e+00  1.731823e+01  6.000000e+00
   endloop
 endfacet
 facet normal  2.759601e-16 -1.907280e-14  1.000000e+00
   outer loop
     vertex  9.974810e+00  2.455103e+01  6.000000e+00
     vertex  2.515717e+00  1.731823e+01  6.000000e+00
     vertex  6.587139e+00  1.621295e+01  6.000000e+00
   endloop
 endfacet
 facet normal  1.794883e-16 -1.897331e-14  1.000000e+00
   outer loop
     vertex  9.974810e+00  2.455103e+01  6.000000e+00
     vertex  3.809514e+00  2.622475e+01  6.000000e+00
     vertex  2.515717e+00  1.731823e+01  6.000000e+00
   endloop
 endfacet
 facet normal  6.241342e-16 -1.921426e-14  1.000000e+00
   outer loop
     vertex  9.974810e+00  2.455103e+01  6.000000e+00
     vertex  6.587139e+00  1.621295e+01  6.000000e+00
     vertex  1.556041e+01  2.145049e+01  6.000000e+00
   endloop
 endfacet
 facet normal -8.360635e-01 -5.486326e-01 -9.314967e-15
   outer loop
     vertex -3.170659e+01  6.980467e+00  7.000000e+00
     vertex -3.143546e+01  6.567284e+00  2.159702e-10
     vertex -3.143546e+01  6.567284e+00  7.000000e+00
   endloop
 endfacet
 facet normal -8.360635e-01 -5.486326e-01 -9.314689e-15
   outer loop
     vertex -3.170659e+01  6.980467e+00  7.000000e+00
     vertex -3.170659e+01  6.980467e+00  2.159781e-10
     vertex -3.143546e+01  6.567284e+00  2.159702e-10
   endloop
 endfacet
 facet normal -6.804727e-01 -7.327735e-01 -1.269786e-14
   outer loop
     vertex -3.206873e+01  7.316757e+00  7.000000e+00
     vertex -3.206873e+01  7.316757e+00  2.159847e-10
     vertex -3.170659e+01  6.980467e+00  2.159781e-10
   endloop
 endfacet
 facet normal -6.804727e-01 -7.327735e-01 -1.288530e-14
   outer loop
     vertex -3.206873e+01  7.316757e+00  7.000000e+00
     vertex -3.170659e+01  6.980467e+00  2.159781e-10
     vertex -3.170659e+01  6.980467e+00  7.000000e+00
   endloop
 endfacet
 facet normal -4.853352e-01 -8.743282e-01 -1.498965e-14
   outer loop
     vertex -3.250082e+01  7.556610e+00  7.000000e+00
     vertex -3.250082e+01  7.556610e+00  2.159894e-10
     vertex -3.206873e+01  7.316757e+00  2.159847e-10
   endloop
 endfacet
 facet normal -4.853352e-01 -8.743282e-01 -1.548082e-14
   outer loop
     vertex -3.250082e+01  7.556610e+00  7.000000e+00
     vertex -3.206873e+01  7.316757e+00  2.159847e-10
     vertex -3.206873e+01  7.316757e+00  7.000000e+00
   endloop
 endfacet
 facet normal -2.619918e-01 -9.650701e-01 -1.814373e-14
   outer loop
     vertex -3.297776e+01  7.686086e+00  7.000000e+00
     vertex -3.297776e+01  7.686086e+00  2.159920e-10
     vertex -3.250082e+01  7.556610e+00  2.159894e-10
   endloop
 endfacet
 facet normal -2.619918e-01 -9.650701e-01 -1.710151e-14
   outer loop
     vertex -3.297776e+01  7.686086e+00  7.000000e+00
     vertex -3.250082e+01  7.556610e+00  2.159894e-10
     vertex -3.250082e+01  7.556610e+00  7.000000e+00
   endloop
 endfacet
 facet normal -2.342242e-02 -9.997257e-01 -1.874970e-14
   outer loop
     vertex -3.347183e+01  7.697661e+00  7.000000e+00
     vertex -3.347183e+01  7.697661e+00  2.159925e-10
     vertex -3.297776e+01  7.686086e+00  2.159920e-10
   endloop
 endfacet
 facet normal -2.342242e-02 -9.997257e-01 -1.854343e-14
   outer loop
     vertex -3.347183e+01  7.697661e+00  7.000000e+00
     vertex -3.297776e+01  7.686086e+00  2.159920e-10
     vertex -3.297776e+01  7.686086e+00  7.000000e+00
   endloop
 endfacet
 facet normal  2.165082e-01 -9.762808e-01 -1.783772e-14
   outer loop
     vertex -3.395430e+01  7.590663e+00  7.000000e+00
     vertex -3.395430e+01  7.590663e+00  2.159906e-10
     vertex -3.347183e+01  7.697661e+00  2.159925e-10
   endloop
 endfacet
 facet normal  2.165082e-01 -9.762808e-01 -1.855371e-14
   outer loop
     vertex -3.395430e+01  7.590663e+00  7.000000e+00
     vertex -3.347183e+01  7.697661e+00  2.159925e-10
     vertex -3.347183e+01  7.697661e+00  7.000000e+00
   endloop
 endfacet
 facet normal  4.438562e-01 -8.960980e-01 -1.637270e-14
   outer loop
     vertex -3.439716e+01  7.371309e+00  7.000000e+00
     vertex -3.439716e+01  7.371309e+00  2.159867e-10
     vertex -3.395430e+01  7.590663e+00  2.159906e-10
   endloop
 endfacet
 facet normal  4.438562e-01 -8.960980e-01 -1.637140e-14
   outer loop
     vertex -3.439716e+01  7.371309e+00  7.000000e+00
     vertex -3.395430e+01  7.590663e+00  2.159906e-10
     vertex -3.395430e+01  7.590663e+00  7.000000e+00
   endloop
 endfacet
 facet normal  6.454088e-01 -7.638373e-01 -1.480511e-14
   outer loop
     vertex -3.477465e+01  7.052348e+00  7.000000e+00
     vertex -3.477465e+01  7.052348e+00  2.159808e-10
     vertex -3.439716e+01  7.371309e+00  2.159867e-10
   endloop
 endfacet
 facet normal  8.094526e-01 -5.871852e-01 -1.169917e-14
   outer loop
     vertex -3.477465e+01  7.052348e+00  7.000000e+00
     vertex -3.506483e+01  6.652316e+00  2.159733e-10
     vertex -3.477465e+01  7.052348e+00  2.159808e-10
   endloop
 endfacet
 facet normal  6.454088e-01 -7.638373e-01 -1.395640e-14
   outer loop
     vertex -3.477465e+01  7.052348e+00  7.000000e+00
     vertex -3.439716e+01  7.371309e+00  2.159867e-10
     vertex -3.439716e+01  7.371309e+00  7.000000e+00
   endloop
 endfacet
 facet normal  8.094526e-01 -5.871852e-01 -1.117554e-14
   outer loop
     vertex -3.506483e+01  6.652316e+00  7.000000e+00
     vertex -3.506483e+01  6.652316e+00  2.159733e-10
     vertex -3.477465e+01  7.052348e+00  7.000000e+00
   endloop
 endfacet
 facet normal  9.264540e-01 -3.764079e-01 -7.913313e-15
   outer loop
     vertex -3.525085e+01  6.194462e+00  7.000000e+00
     vertex -3.525085e+01  6.194462e+00  2.159647e-10
     vertex -3.506483e+01  6.652316e+00  2.159733e-10
   endloop
 endfacet
 facet normal  9.264540e-01 -3.764079e-01 -7.160731e-15
   outer loop
     vertex -3.525085e+01  6.194462e+00  7.000000e+00
     vertex -3.506483e+01  6.652316e+00  2.159733e-10
     vertex -3.506483e+01  6.652316e+00  7.000000e+00
   endloop
 endfacet
 facet normal  9.896133e-01 -1.437553e-01 -3.667564e-15
   outer loop
     vertex -3.532190e+01  5.705395e+00  7.000000e+00
     vertex -3.532190e+01  5.705395e+00  2.159555e-10
     vertex -3.525085e+01  6.194462e+00  2.159647e-10
   endloop
 endfacet
 facet normal  9.952598e-01  9.725197e-02  7.913301e-16
   outer loop
     vertex -3.532190e+01  5.705395e+00  7.000000e+00
     vertex -3.527384e+01  5.213537e+00  2.159461e-10
     vertex -3.532190e+01  5.705395e+00  2.159555e-10
   endloop
 endfacet
 facet normal  9.896133e-01 -1.437553e-01 -3.668621e-15
   outer loop
     vertex -3.532190e+01  5.705395e+00  7.000000e+00
     vertex -3.525085e+01  6.194462e+00  2.159647e-10
     vertex -3.525085e+01  6.194462e+00  7.000000e+00
   endloop
 endfacet
 facet normal  9.952598e-01  9.725197e-02  1.801580e-15
   outer loop
     vertex -3.527384e+01  5.213537e+00  7.000000e+00
     vertex -3.527384e+01  5.213537e+00  2.159461e-10
     vertex -3.532190e+01  5.705395e+00  7.000000e+00
   endloop
 endfacet
 facet normal  9.430654e-01  3.326073e-01  5.204235e-15
   outer loop
     vertex -3.510946e+01  4.747474e+00  7.000000e+00
     vertex -3.510946e+01  4.747474e+00  2.159372e-10
     vertex -3.527384e+01  5.213537e+00  2.159461e-10
   endloop
 endfacet
 facet normal  9.430654e-01  3.326073e-01  6.161839e-15
   outer loop
     vertex -3.510946e+01  4.747474e+00  7.000000e+00
     vertex -3.527384e+01  5.213537e+00  2.159461e-10
     vertex -3.527384e+01  5.213537e+00  7.000000e+00
   endloop
 endfacet
 facet normal -8.360635e-01 -5.486326e-01 -9.174561e-15
   outer loop
     vertex -2.202679e+01  2.545706e+01  7.000000e+00
     vertex -2.175566e+01  2.504388e+01  2.163163e-10
     vertex -2.175566e+01  2.504388e+01  7.000000e+00
   endloop
 endfacet
 facet normal -8.360635e-01 -5.486326e-01 -9.175466e-15
   outer loop
     vertex -2.202679e+01  2.545706e+01  7.000000e+00
     vertex -2.202679e+01  2.545706e+01  2.163243e-10
     vertex -2.175566e+01  2.504388e+01  2.163163e-10
   endloop
 endfacet
 facet normal -6.804727e-01 -7.327735e-01 -1.267131e-14
   outer loop
     vertex -2.238893e+01  2.579335e+01  7.000000e+00
     vertex -2.238893e+01  2.579335e+01  2.163308e-10
     vertex -2.202679e+01  2.545706e+01  2.163243e-10
   endloop
 endfacet
 facet normal -6.804727e-01 -7.327735e-01 -1.270077e-14
   outer loop
     vertex -2.238893e+01  2.579335e+01  7.000000e+00
     vertex -2.202679e+01  2.545706e+01  2.163243e-10
     vertex -2.202679e+01  2.545706e+01  7.000000e+00
   endloop
 endfacet
 facet normal -4.853352e-01 -8.743282e-01 -1.641868e-14
   outer loop
     vertex -2.282103e+01  2.603321e+01  7.000000e+00
     vertex -2.282103e+01  2.603321e+01  2.163355e-10
     vertex -2.238893e+01  2.579335e+01  2.163308e-10
   endloop
 endfacet
 facet normal -4.853352e-01 -8.743282e-01 -1.528425e-14
   outer loop
     vertex -2.282103e+01  2.603321e+01  7.000000e+00
     vertex -2.238893e+01  2.579335e+01  2.163308e-10
     vertex -2.238893e+01  2.579335e+01  7.000000e+00
   endloop
 endfacet
 facet normal -2.619918e-01 -9.650701e-01 -1.785676e-14
   outer loop
     vertex -2.329796e+01  2.616268e+01  7.000000e+00
     vertex -2.329796e+01  2.616268e+01  2.163382e-10
     vertex -2.282103e+01  2.603321e+01  2.163355e-10
   endloop
 endfacet
 facet normal -2.619918e-01 -9.650701e-01 -1.812447e-14
   outer loop
     vertex -2.329796e+01  2.616268e+01  7.000000e+00
     vertex -2.282103e+01  2.603321e+01  2.163355e-10
     vertex -2.282103e+01  2.603321e+01  7.000000e+00
   endloop
 endfacet
 facet normal -2.342242e-02 -9.997257e-01 -1.725130e-14
   outer loop
     vertex -2.379203e+01  2.617426e+01  7.000000e+00
     vertex -2.379203e+01  2.617426e+01  2.163386e-10
     vertex -2.329796e+01  2.616268e+01  2.163382e-10
   endloop
 endfacet
 facet normal -2.342242e-02 -9.997257e-01 -1.874953e-14
   outer loop
     vertex -2.379203e+01  2.617426e+01  7.000000e+00
     vertex -2.329796e+01  2.616268e+01  2.163382e-10
     vertex -2.329796e+01  2.616268e+01  7.000000e+00
   endloop
 endfacet
 facet normal  2.165082e-01 -9.762808e-01 -1.866287e-14
   outer loop
     vertex -2.427451e+01  2.606726e+01  7.000000e+00
     vertex -2.427451e+01  2.606726e+01  2.163368e-10
     vertex -2.379203e+01  2.617426e+01  2.163386e-10
   endloop
 endfacet
 facet normal  2.165082e-01 -9.762808e-01 -1.684677e-14
   outer loop
     vertex -2.427451e+01  2.606726e+01  7.000000e+00
     vertex -2.379203e+01  2.617426e+01  2.163386e-10
     vertex -2.379203e+01  2.617426e+01  7.000000e+00
   endloop
 endfacet
 facet normal  4.438562e-01 -8.960980e-01 -1.659797e-14
   outer loop
     vertex -2.471736e+01  2.584791e+01  7.000000e+00
     vertex -2.471736e+01  2.584791e+01  2.163328e-10
     vertex -2.427451e+01  2.606726e+01  2.163368e-10
   endloop
 endfacet
 facet normal  4.438562e-01 -8.960980e-01 -1.750668e-14
   outer loop
     vertex -2.471736e+01  2.584791e+01  7.000000e+00
     vertex -2.427451e+01  2.606726e+01  2.163368e-10
     vertex -2.427451e+01  2.606726e+01  7.000000e+00
   endloop
 endfacet
 facet normal  6.454088e-01 -7.638373e-01 -1.356848e-14
   outer loop
     vertex -2.509485e+01  2.552895e+01  7.000000e+00
     vertex -2.509485e+01  2.552895e+01  2.163269e-10
     vertex -2.471736e+01  2.584791e+01  2.163328e-10
   endloop
 endfacet
 facet normal  8.094526e-01 -5.871852e-01 -1.043050e-14
   outer loop
     vertex -2.509485e+01  2.552895e+01  7.000000e+00
     vertex -2.538503e+01  2.512891e+01  2.163195e-10
     vertex -2.509485e+01  2.552895e+01  2.163269e-10
   endloop
 endfacet
 facet normal  6.454088e-01 -7.638373e-01 -1.428135e-14
   outer loop
     vertex -2.509485e+01  2.552895e+01  7.000000e+00
     vertex -2.471736e+01  2.584791e+01  2.163328e-10
     vertex -2.471736e+01  2.584791e+01  7.000000e+00
   endloop
 endfacet
 facet normal  8.094526e-01 -5.871852e-01 -1.143735e-14
   outer loop
     vertex -2.538503e+01  2.512891e+01  7.000000e+00
     vertex -2.538503e+01  2.512891e+01  2.163195e-10
     vertex -2.509485e+01  2.552895e+01  7.000000e+00
   endloop
 endfacet
 facet normal  9.264540e-01 -3.764079e-01 -7.538629e-15
   outer loop
     vertex -2.557106e+01  2.467106e+01  7.000000e+00
     vertex -2.557106e+01  2.467106e+01  2.163109e-10
     vertex -2.538503e+01  2.512891e+01  2.163195e-10
   endloop
 endfacet
 facet normal  9.264540e-01 -3.764079e-01 -7.537822e-15
   outer loop
     vertex -2.557106e+01  2.467106e+01  7.000000e+00
     vertex -2.538503e+01  2.512891e+01  2.163195e-10
     vertex -2.538503e+01  2.512891e+01  7.000000e+00
   endloop
 endfacet
 facet normal  9.896133e-01 -1.437553e-01 -2.197268e-15
   outer loop
     vertex -2.564210e+01  2.418199e+01  7.000000e+00
     vertex -2.564210e+01  2.418199e+01  2.163016e-10
     vertex -2.557106e+01  2.467106e+01  2.163109e-10
   endloop
 endfacet
 facet normal  9.952598e-01  9.725197e-02  2.331383e-15
   outer loop
     vertex -2.564210e+01  2.418199e+01  7.000000e+00
     vertex -2.559404e+01  2.369013e+01  2.162923e-10
     vertex -2.564210e+01  2.418199e+01  2.163016e-10
   endloop
 endfacet
 facet normal  9.896133e-01 -1.437553e-01 -3.201268e-15
   outer loop
     vertex -2.564210e+01  2.418199e+01  7.000000e+00
     vertex -2.557106e+01  2.467106e+01  2.163109e-10
     vertex -2.557106e+01  2.467106e+01  7.000000e+00
   endloop
 endfacet
 facet normal  9.952598e-01  9.725197e-02 -2.435985e-16
   outer loop
     vertex -2.559404e+01  2.369013e+01  7.000000e+00
     vertex -2.559404e+01  2.369013e+01  2.162923e-10
     vertex -2.564210e+01  2.418199e+01  7.000000e+00
   endloop
 endfacet
 facet normal  9.430654e-01  3.326073e-01  5.119831e-15
   outer loop
     vertex -2.542966e+01  2.322407e+01  7.000000e+00
     vertex -2.542966e+01  2.322407e+01  2.162834e-10
     vertex -2.559404e+01  2.369013e+01  2.162923e-10
   endloop
 endfacet
 facet normal  9.430654e-01  3.326073e-01  4.164055e-15
   outer loop
     vertex -2.542966e+01  2.322407e+01  7.000000e+00
     vertex -2.559404e+01  2.369013e+01  2.162923e-10
     vertex -2.559404e+01  2.369013e+01  7.000000e+00
   endloop
 endfacet
 facet normal -8.360635e-01 -5.486326e-01 -8.829562e-15
   outer loop
     vertex -3.335402e+00  3.471530e+01  7.000000e+00
     vertex -3.064267e+00  3.430212e+01  2.164841e-10
     vertex -3.064267e+00  3.430212e+01  7.000000e+00
   endloop
 endfacet
 facet normal -8.360635e-01 -5.486326e-01 -9.387629e-15
   outer loop
     vertex -3.335402e+00  3.471530e+01  7.000000e+00
     vertex -3.335402e+00  3.471530e+01  2.164920e-10
     vertex -3.064267e+00  3.430212e+01  2.164841e-10
   endloop
 endfacet
 facet normal -6.804727e-01 -7.327735e-01 -1.418547e-14
   outer loop
     vertex -3.697539e+00  3.505159e+01  7.000000e+00
     vertex -3.697539e+00  3.505159e+01  2.164985e-10
     vertex -3.335402e+00  3.471530e+01  2.164920e-10
   endloop
 endfacet
 facet normal -6.804727e-01 -7.327735e-01 -1.286926e-14
   outer loop
     vertex -3.697539e+00  3.505159e+01  7.000000e+00
     vertex -3.335402e+00  3.471530e+01  2.164920e-10
     vertex -3.335402e+00  3.471530e+01  7.000000e+00
   endloop
 endfacet
 facet normal -4.853352e-01 -8.743282e-01 -1.572861e-14
   outer loop
     vertex -4.129632e+00  3.529145e+01  7.000000e+00
     vertex -4.129632e+00  3.529145e+01  2.165032e-10
     vertex -3.697539e+00  3.505159e+01  2.164985e-10
   endloop
 endfacet
 facet normal -4.853352e-01 -8.743282e-01 -1.725796e-14
   outer loop
     vertex -4.129632e+00  3.529145e+01  7.000000e+00
     vertex -3.697539e+00  3.505159e+01  2.164985e-10
     vertex -3.697539e+00  3.505159e+01  7.000000e+00
   endloop
 endfacet
 facet normal -2.619918e-01 -9.650701e-01 -1.736695e-14
   outer loop
     vertex -4.606570e+00  3.542092e+01  7.000000e+00
     vertex -4.606570e+00  3.542092e+01  2.165059e-10
     vertex -4.129632e+00  3.529145e+01  2.165032e-10
   endloop
 endfacet
 facet normal -2.619918e-01 -9.650701e-01 -1.750067e-14
   outer loop
     vertex -4.606570e+00  3.542092e+01  7.000000e+00
     vertex -4.129632e+00  3.529145e+01  2.165032e-10
     vertex -4.129632e+00  3.529145e+01  7.000000e+00
   endloop
 endfacet
 facet normal -2.342242e-02 -9.997257e-01 -1.724536e-14
   outer loop
     vertex -5.100635e+00  3.543250e+01  7.000000e+00
     vertex -5.100635e+00  3.543250e+01  2.165063e-10
     vertex -4.606570e+00  3.542092e+01  2.165059e-10
   endloop
 endfacet
 facet normal -2.342242e-02 -9.997257e-01 -1.824231e-14
   outer loop
     vertex -5.100635e+00  3.543250e+01  7.000000e+00
     vertex -4.606570e+00  3.542092e+01  2.165059e-10
     vertex -4.606570e+00  3.542092e+01  7.000000e+00
   endloop
 endfacet
 facet normal  2.165082e-01 -9.762808e-01 -1.899353e-14
   outer loop
     vertex -5.583113e+00  3.532550e+01  7.000000e+00
     vertex -5.583113e+00  3.532550e+01  2.165045e-10
     vertex -5.100635e+00  3.543250e+01  2.165063e-10
   endloop
 endfacet
 facet normal  2.165082e-01 -9.762808e-01 -1.690093e-14
   outer loop
     vertex -5.583113e+00  3.532550e+01  7.000000e+00
     vertex -5.100635e+00  3.543250e+01  2.165063e-10
     vertex -5.100635e+00  3.543250e+01  7.000000e+00
   endloop
 endfacet
 facet normal  4.438562e-01 -8.960980e-01 -1.659797e-14
   outer loop
     vertex -6.025965e+00  3.510615e+01  7.000000e+00
     vertex -6.025965e+00  3.510615e+01  2.165005e-10
     vertex -5.583113e+00  3.532550e+01  2.165045e-10
   endloop
 endfacet
 facet normal  4.438562e-01 -8.960980e-01 -1.761901e-14
   outer loop
     vertex -6.025965e+00  3.510615e+01  7.000000e+00
     vertex -5.583113e+00  3.532550e+01  2.165045e-10
     vertex -5.583113e+00  3.532550e+01  7.000000e+00
   endloop
 endfacet
 facet normal  6.454088e-01 -7.638373e-01 -1.522284e-14
   outer loop
     vertex -6.403454e+00  3.478718e+01  7.000000e+00
     vertex -6.403454e+00  3.478718e+01  2.164946e-10
     vertex -6.025965e+00  3.510615e+01  2.165005e-10
   endloop
 endfacet
 facet normal  8.094526e-01 -5.871852e-01 -1.194078e-14
   outer loop
     vertex -6.403454e+00  3.478718e+01  7.000000e+00
     vertex -6.693641e+00  3.438715e+01  2.164872e-10
     vertex -6.403454e+00  3.478718e+01  2.164946e-10
   endloop
 endfacet
 facet normal  6.454088e-01 -7.638373e-01 -1.428536e-14
   outer loop
     vertex -6.403454e+00  3.478718e+01  7.000000e+00
     vertex -6.025965e+00  3.510615e+01  2.165005e-10
     vertex -6.025965e+00  3.510615e+01  7.000000e+00
   endloop
 endfacet
 facet normal  8.094526e-01 -5.871852e-01 -1.134475e-14
   outer loop
     vertex -6.693641e+00  3.438715e+01  7.000000e+00
     vertex -6.693641e+00  3.438715e+01  2.164872e-10
     vertex -6.403454e+00  3.478718e+01  7.000000e+00
   endloop
 endfacet
 facet normal  9.264540e-01 -3.764079e-01 -7.230040e-15
   outer loop
     vertex -6.879662e+00  3.392930e+01  7.000000e+00
     vertex -6.879662e+00  3.392930e+01  2.164786e-10
     vertex -6.693641e+00  3.438715e+01  2.164872e-10
   endloop
 endfacet
 facet normal  9.264540e-01 -3.764079e-01 -7.585962e-15
   outer loop
     vertex -6.879662e+00  3.392930e+01  7.000000e+00
     vertex -6.693641e+00  3.438715e+01  2.164872e-10
     vertex -6.693641e+00  3.438715e+01  7.000000e+00
   endloop
 endfacet
 facet normal  9.896133e-01 -1.437553e-01 -2.731776e-15
   outer loop
     vertex -6.950706e+00  3.344023e+01  7.000000e+00
     vertex -6.950706e+00  3.344023e+01  2.164693e-10
     vertex -6.879662e+00  3.392930e+01  2.164786e-10
   endloop
 endfacet
 facet normal  9.952598e-01  9.725197e-02  1.425621e-15
   outer loop
     vertex -6.950706e+00  3.344023e+01  7.000000e+00
     vertex -6.902644e+00  3.294837e+01  2.164600e-10
     vertex -6.950706e+00  3.344023e+01  2.164693e-10
   endloop
 endfacet
 facet normal  9.896133e-01 -1.437553e-01 -3.002693e-15
   outer loop
     vertex -6.950706e+00  3.344023e+01  7.000000e+00
     vertex -6.879662e+00  3.392930e+01  2.164786e-10
     vertex -6.879662e+00  3.392930e+01  7.000000e+00
   endloop
 endfacet
 facet normal  9.952598e-01  9.725197e-02  1.019213e-15
   outer loop
     vertex -6.902644e+00  3.294837e+01  7.000000e+00
     vertex -6.902644e+00  3.294837e+01  2.164600e-10
     vertex -6.950706e+00  3.344023e+01  7.000000e+00
   endloop
 endfacet
 facet normal  9.430654e-01  3.326073e-01  5.598466e-15
   outer loop
     vertex -6.738269e+00  3.248231e+01  7.000000e+00
     vertex -6.738269e+00  3.248231e+01  2.164511e-10
     vertex -6.902644e+00  3.294837e+01  2.164600e-10
   endloop
 endfacet
 facet normal  9.430654e-01  3.326073e-01  5.355504e-15
   outer loop
     vertex -6.738269e+00  3.248231e+01  7.000000e+00
     vertex -6.902644e+00  3.294837e+01  2.164600e-10
     vertex -6.902644e+00  3.294837e+01  7.000000e+00
   endloop
 endfacet
 facet normal -8.360635e-01 -5.486326e-01 -1.030182e-14
   outer loop
     vertex  1.722811e+01  3.121885e+01  7.000000e+00
     vertex  1.749924e+01  3.080567e+01  2.164093e-10
     vertex  1.749924e+01  3.080567e+01  7.000000e+00
   endloop
 endfacet
 facet normal -8.360635e-01 -5.486326e-01 -9.599793e-15
   outer loop
     vertex  1.722811e+01  3.121885e+01  7.000000e+00
     vertex  1.722811e+01  3.121885e+01  2.164172e-10
     vertex  1.749924e+01  3.080567e+01  2.164093e-10
   endloop
 endfacet
 facet normal -6.804727e-01 -7.327735e-01 -1.304322e-14
   outer loop
     vertex  1.686597e+01  3.155514e+01  7.000000e+00
     vertex  1.686597e+01  3.155514e+01  2.164237e-10
     vertex  1.722811e+01  3.121885e+01  2.164172e-10
   endloop
 endfacet
 facet normal -6.804727e-01 -7.327735e-01 -1.304176e-14
   outer loop
     vertex  1.686597e+01  3.155514e+01  7.000000e+00
     vertex  1.722811e+01  3.121885e+01  2.164172e-10
     vertex  1.722811e+01  3.121885e+01  7.000000e+00
   endloop
 endfacet
 facet normal -4.853352e-01 -8.743282e-01 -1.661611e-14
   outer loop
     vertex  1.643388e+01  3.179499e+01  7.000000e+00
     vertex  1.643388e+01  3.179499e+01  2.164285e-10
     vertex  1.686597e+01  3.155514e+01  2.164237e-10
   endloop
 endfacet
 facet normal -4.853352e-01 -8.743282e-01 -1.572553e-14
   outer loop
     vertex  1.643388e+01  3.179499e+01  7.000000e+00
     vertex  1.686597e+01  3.155514e+01  2.164237e-10
     vertex  1.686597e+01  3.155514e+01  7.000000e+00
   endloop
 endfacet
 facet normal -2.619918e-01 -9.650701e-01 -1.736695e-14
   outer loop
     vertex  1.595694e+01  3.192447e+01  7.000000e+00
     vertex  1.595694e+01  3.192447e+01  2.164311e-10
     vertex  1.643388e+01  3.179499e+01  2.164285e-10
   endloop
 endfacet
 facet normal -2.619918e-01 -9.650701e-01 -1.847950e-14
   outer loop
     vertex  1.595694e+01  3.192447e+01  7.000000e+00
     vertex  1.643388e+01  3.179499e+01  2.164285e-10
     vertex  1.643388e+01  3.179499e+01  7.000000e+00
   endloop
 endfacet
 facet normal -2.342242e-02 -9.997257e-01 -1.825420e-14
   outer loop
     vertex  1.546288e+01  3.193605e+01  7.000000e+00
     vertex  1.546288e+01  3.193605e+01  2.164315e-10
     vertex  1.595694e+01  3.192447e+01  2.164311e-10
   endloop
 endfacet
 facet normal -2.342242e-02 -9.997257e-01 -1.824231e-14
   outer loop
     vertex  1.546288e+01  3.193605e+01  7.000000e+00
     vertex  1.595694e+01  3.192447e+01  2.164311e-10
     vertex  1.595694e+01  3.192447e+01  7.000000e+00
   endloop
 endfacet
 facet normal  2.165082e-01 -9.762808e-01 -1.888365e-14
   outer loop
     vertex  1.498040e+01  3.182905e+01  7.000000e+00
     vertex  1.498040e+01  3.182905e+01  2.164297e-10
     vertex  1.546288e+01  3.193605e+01  2.164315e-10
   endloop
 endfacet
 facet normal  2.165082e-01 -9.762808e-01 -1.794796e-14
   outer loop
     vertex  1.498040e+01  3.182905e+01  7.000000e+00
     vertex  1.546288e+01  3.193605e+01  2.164315e-10
     vertex  1.546288e+01  3.193605e+01  7.000000e+00
   endloop
 endfacet
 facet normal  4.438562e-01 -8.960980e-01 -1.728229e-14
   outer loop
     vertex  1.453755e+01  3.160969e+01  7.000000e+00
     vertex  1.453755e+01  3.160969e+01  2.164257e-10
     vertex  1.498040e+01  3.182905e+01  2.164297e-10
   endloop
 endfacet
 facet normal  4.438562e-01 -8.960980e-01 -1.739436e-14
   outer loop
     vertex  1.453755e+01  3.160969e+01  7.000000e+00
     vertex  1.498040e+01  3.182905e+01  2.164297e-10
     vertex  1.498040e+01  3.182905e+01  7.000000e+00
   endloop
 endfacet
 facet normal  6.454088e-01 -7.638373e-01 -1.505905e-14
   outer loop
     vertex  1.416006e+01  3.129073e+01  7.000000e+00
     vertex  1.416006e+01  3.129073e+01  2.164199e-10
     vertex  1.453755e+01  3.160969e+01  2.164257e-10
   endloop
 endfacet
 facet normal  8.094526e-01 -5.871852e-01 -1.173537e-14
   outer loop
     vertex  1.416006e+01  3.129073e+01  7.000000e+00
     vertex  1.386987e+01  3.089070e+01  2.164124e-10
     vertex  1.416006e+01  3.129073e+01  2.164199e-10
   endloop
 endfacet
 facet normal  6.454088e-01 -7.638373e-01 -1.473065e-14
   outer loop
     vertex  1.416006e+01  3.129073e+01  7.000000e+00
     vertex  1.453755e+01  3.160969e+01  2.164257e-10
     vertex  1.453755e+01  3.160969e+01  7.000000e+00
   endloop
 endfacet
 facet normal  8.094526e-01 -5.871852e-01 -1.113934e-14
   outer loop
     vertex  1.386987e+01  3.089070e+01  7.000000e+00
     vertex  1.386987e+01  3.089070e+01  2.164124e-10
     vertex  1.416006e+01  3.129073e+01  7.000000e+00
   endloop
 endfacet
 facet normal  9.264540e-01 -3.764079e-01 -7.391654e-15
   outer loop
     vertex  1.368385e+01  3.043285e+01  7.000000e+00
     vertex  1.368385e+01  3.043285e+01  2.164038e-10
     vertex  1.386987e+01  3.089070e+01  2.164124e-10
   endloop
 endfacet
 facet normal  9.264540e-01 -3.764079e-01 -7.345265e-15
   outer loop
     vertex  1.368385e+01  3.043285e+01  7.000000e+00
     vertex  1.386987e+01  3.089070e+01  2.164124e-10
     vertex  1.386987e+01  3.089070e+01  7.000000e+00
   endloop
 endfacet
 facet normal  9.896133e-01 -1.437553e-01 -2.553606e-15
   outer loop
     vertex  1.361280e+01  2.994378e+01  7.000000e+00
     vertex  1.361280e+01  2.994378e+01  2.163946e-10
     vertex  1.368385e+01  3.043285e+01  2.164038e-10
   endloop
 endfacet
 facet normal  9.952598e-01  9.725197e-02  1.727542e-15
   outer loop
     vertex  1.361280e+01  2.994378e+01  7.000000e+00
     vertex  1.366087e+01  2.945192e+01  2.163852e-10
     vertex  1.361280e+01  2.994378e+01  2.163946e-10
   endloop
 endfacet
 facet normal  9.896133e-01 -1.437553e-01 -3.307576e-15
   outer loop
     vertex  1.361280e+01  2.994378e+01  7.000000e+00
     vertex  1.368385e+01  3.043285e+01  2.164038e-10
     vertex  1.368385e+01  3.043285e+01  7.000000e+00
   endloop
 endfacet
 facet normal  9.952598e-01  9.725197e-02  9.698550e-16
   outer loop
     vertex  1.366087e+01  2.945192e+01  7.000000e+00
     vertex  1.366087e+01  2.945192e+01  2.163852e-10
     vertex  1.361280e+01  2.994378e+01  7.000000e+00
   endloop
 endfacet
 facet normal  9.430654e-01  3.326073e-01  5.119831e-15
   outer loop
     vertex  1.382524e+01  2.898586e+01  7.000000e+00
     vertex  1.382524e+01  2.898586e+01  2.163763e-10
     vertex  1.366087e+01  2.945192e+01  2.163852e-10
   endloop
 endfacet
 facet normal  9.430654e-01  3.326073e-01  5.191028e-15
   outer loop
     vertex  1.382524e+01  2.898586e+01  7.000000e+00
     vertex  1.366087e+01  2.945192e+01  2.163852e-10
     vertex  1.366087e+01  2.945192e+01  7.000000e+00
   endloop
 endfacet
 facet normal -8.360635e-01 -5.486326e-01 -1.030182e-14
   outer loop
     vertex  3.180918e+01  1.630323e+01  7.000000e+00
     vertex  3.208031e+01  1.589005e+01  2.161206e-10
     vertex  3.208031e+01  1.589005e+01  7.000000e+00
   endloop
 endfacet
 facet normal -8.360635e-01 -5.486326e-01 -8.472690e-15
   outer loop
     vertex  3.180918e+01  1.630323e+01  7.000000e+00
     vertex  3.180918e+01  1.630323e+01  2.161285e-10
     vertex  3.208031e+01  1.589005e+01  2.161206e-10
   endloop
 endfacet
 facet normal -6.804727e-01 -7.327735e-01 -1.341512e-14
   outer loop
     vertex  3.144704e+01  1.663952e+01  7.000000e+00
     vertex  3.144704e+01  1.663952e+01  2.161350e-10
     vertex  3.180918e+01  1.630323e+01  2.161285e-10
   endloop
 endfacet
 facet normal -6.804727e-01 -7.327735e-01 -1.198269e-14
   outer loop
     vertex  3.144704e+01  1.663952e+01  7.000000e+00
     vertex  3.180918e+01  1.630323e+01  2.161285e-10
     vertex  3.180918e+01  1.630323e+01  7.000000e+00
   endloop
 endfacet
 facet normal -4.853352e-01 -8.743282e-01 -1.661611e-14
   outer loop
     vertex  3.101495e+01  1.687938e+01  7.000000e+00
     vertex  3.101495e+01  1.687938e+01  2.161398e-10
     vertex  3.144704e+01  1.663952e+01  2.161350e-10
   endloop
 endfacet
 facet normal -4.853352e-01 -8.743282e-01 -1.617483e-14
   outer loop
     vertex  3.101495e+01  1.687938e+01  7.000000e+00
     vertex  3.144704e+01  1.663952e+01  2.161350e-10
     vertex  3.144704e+01  1.663952e+01  7.000000e+00
   endloop
 endfacet
 facet normal -2.619918e-01 -9.650701e-01 -1.812269e-14
   outer loop
     vertex  3.053801e+01  1.700885e+01  7.000000e+00
     vertex  3.053801e+01  1.700885e+01  2.161424e-10
     vertex  3.101495e+01  1.687938e+01  2.161398e-10
   endloop
 endfacet
 facet normal -2.619918e-01 -9.650701e-01 -1.847950e-14
   outer loop
     vertex  3.053801e+01  1.700885e+01  7.000000e+00
     vertex  3.101495e+01  1.687938e+01  2.161398e-10
     vertex  3.101495e+01  1.687938e+01  7.000000e+00
   endloop
 endfacet
 facet normal -2.342242e-02 -9.997257e-01 -1.877348e-14
   outer loop
     vertex  3.004394e+01  1.702043e+01  7.000000e+00
     vertex  3.004394e+01  1.702043e+01  2.161428e-10
     vertex  3.053801e+01  1.700885e+01  2.161424e-10
   endloop
 endfacet
 facet normal -2.342242e-02 -9.997257e-01 -1.877360e-14
   outer loop
     vertex  3.004394e+01  1.702043e+01  7.000000e+00
     vertex  3.053801e+01  1.700885e+01  2.161424e-10
     vertex  3.053801e+01  1.700885e+01  7.000000e+00
   endloop
 endfacet
 facet normal  2.165082e-01 -9.762808e-01 -1.833322e-14
   outer loop
     vertex  2.956146e+01  1.691343e+01  7.000000e+00
     vertex  2.956146e+01  1.691343e+01  2.161410e-10
     vertex  3.004394e+01  1.702043e+01  2.161428e-10
   endloop
 endfacet
 facet normal  2.165082e-01 -9.762808e-01 -1.833308e-14
   outer loop
     vertex  2.956146e+01  1.691343e+01  7.000000e+00
     vertex  3.004394e+01  1.702043e+01  2.161428e-10
     vertex  3.004394e+01  1.702043e+01  7.000000e+00
   endloop
 endfacet
 facet normal  4.438562e-01 -8.960980e-01 -1.750756e-14
   outer loop
     vertex  2.911861e+01  1.669408e+01  7.000000e+00
     vertex  2.911861e+01  1.669408e+01  2.161370e-10
     vertex  2.956146e+01  1.691343e+01  2.161410e-10
   endloop
 endfacet
 facet normal  4.438562e-01 -8.960980e-01 -1.682872e-14
   outer loop
     vertex  2.911861e+01  1.669408e+01  7.000000e+00
     vertex  2.956146e+01  1.691343e+01  2.161410e-10
     vertex  2.956146e+01  1.691343e+01  7.000000e+00
   endloop
 endfacet
 facet normal  6.454088e-01 -7.638373e-01 -1.473149e-14
   outer loop
     vertex  2.874112e+01  1.637511e+01  7.000000e+00
     vertex  2.874112e+01  1.637511e+01  2.161312e-10
     vertex  2.911861e+01  1.669408e+01  2.161370e-10
   endloop
 endfacet
 facet normal  8.094526e-01 -5.871852e-01 -1.132455e-14
   outer loop
     vertex  2.874112e+01  1.637511e+01  7.000000e+00
     vertex  2.845094e+01  1.597508e+01  2.161237e-10
     vertex  2.874112e+01  1.637511e+01  2.161312e-10
   endloop
 endfacet
 facet normal  6.454088e-01 -7.638373e-01 -1.505960e-14
   outer loop
     vertex  2.874112e+01  1.637511e+01  7.000000e+00
     vertex  2.911861e+01  1.669408e+01  2.161370e-10
     vertex  2.911861e+01  1.669408e+01  7.000000e+00
   endloop
 endfacet
 facet normal  8.094526e-01 -5.871852e-01 -1.158636e-14
   outer loop
     vertex  2.845094e+01  1.597508e+01  7.000000e+00
     vertex  2.845094e+01  1.597508e+01  2.161237e-10
     vertex  2.874112e+01  1.637511e+01  7.000000e+00
   endloop
 endfacet
 facet normal  9.264540e-01 -3.764079e-01 -6.972906e-15
   outer loop
     vertex  2.826492e+01  1.551723e+01  7.000000e+00
     vertex  2.826492e+01  1.551723e+01  2.161151e-10
     vertex  2.845094e+01  1.597508e+01  2.161237e-10
   endloop
 endfacet
 facet normal  9.264540e-01 -3.764079e-01 -7.634101e-15
   outer loop
     vertex  2.826492e+01  1.551723e+01  7.000000e+00
     vertex  2.845094e+01  1.597508e+01  2.161237e-10
     vertex  2.845094e+01  1.597508e+01  7.000000e+00
   endloop
 endfacet
 facet normal  9.896133e-01 -1.437553e-01 -3.238266e-15
   outer loop
     vertex  2.819387e+01  1.502816e+01  7.000000e+00
     vertex  2.819387e+01  1.502816e+01  2.161059e-10
     vertex  2.826492e+01  1.551723e+01  2.161151e-10
   endloop
 endfacet
 facet normal  9.952598e-01  9.725197e-02  1.345813e-15
   outer loop
     vertex  2.819387e+01  1.502816e+01  7.000000e+00
     vertex  2.824193e+01  1.453630e+01  2.160965e-10
     vertex  2.819387e+01  1.502816e+01  2.161059e-10
   endloop
 endfacet
 facet normal  9.896133e-01 -1.437553e-01 -2.661706e-15
   outer loop
     vertex  2.819387e+01  1.502816e+01  7.000000e+00
     vertex  2.826492e+01  1.551723e+01  2.161151e-10
     vertex  2.826492e+01  1.551723e+01  7.000000e+00
   endloop
 endfacet
 facet normal  9.952598e-01  9.725197e-02  1.370492e-15
   outer loop
     vertex  2.824193e+01  1.453630e+01  7.000000e+00
     vertex  2.824193e+01  1.453630e+01  2.160965e-10
     vertex  2.819387e+01  1.502816e+01  7.000000e+00
   endloop
 endfacet
 facet normal  9.430654e-01  3.326073e-01  5.288640e-15
   outer loop
     vertex  2.840631e+01  1.407024e+01  7.000000e+00
     vertex  2.840631e+01  1.407024e+01  2.160876e-10
     vertex  2.824193e+01  1.453630e+01  2.160965e-10
   endloop
 endfacet
 facet normal  9.430654e-01  3.326073e-01  5.937188e-15
   outer loop
     vertex  2.840631e+01  1.407024e+01  7.000000e+00
     vertex  2.824193e+01  1.453630e+01  2.160965e-10
     vertex  2.824193e+01  1.453630e+01  7.000000e+00
   endloop
 endfacet
 facet normal -8.360635e-01 -5.486326e-01 -1.030182e-14
   outer loop
     vertex  3.483833e+01 -4.334291e+00  7.000000e+00
     vertex  3.510946e+01 -4.747474e+00  2.157282e-10
     vertex  3.510946e+01 -4.747474e+00  7.000000e+00
   endloop
 endfacet
 facet normal -8.360635e-01 -5.486326e-01 -1.016335e-14
   outer loop
     vertex  3.483833e+01 -4.334291e+00  7.000000e+00
     vertex  3.483833e+01 -4.334291e+00  2.157362e-10
     vertex  3.510946e+01 -4.747474e+00  2.157282e-10
   endloop
 endfacet
 facet normal -6.804727e-01 -7.327735e-01 -1.376048e-14
   outer loop
     vertex  3.447619e+01 -3.998001e+00  7.000000e+00
     vertex  3.447619e+01 -3.998001e+00  2.157427e-10
     vertex  3.483833e+01 -4.334291e+00  2.157362e-10
   endloop
 endfacet
 facet normal -6.804727e-01 -7.327735e-01 -1.357530e-14
   outer loop
     vertex  3.447619e+01 -3.998001e+00  7.000000e+00
     vertex  3.483833e+01 -4.334291e+00  2.157362e-10
     vertex  3.483833e+01 -4.334291e+00  7.000000e+00
   endloop
 endfacet
 facet normal -4.853352e-01 -8.743282e-01 -1.498965e-14
   outer loop
     vertex  3.404410e+01 -3.758148e+00  7.000000e+00
     vertex  3.404410e+01 -3.758148e+00  2.157474e-10
     vertex  3.447619e+01 -3.998001e+00  2.157427e-10
   endloop
 endfacet
 facet normal -4.853352e-01 -8.743282e-01 -1.641954e-14
   outer loop
     vertex  3.404410e+01 -3.758148e+00  7.000000e+00
     vertex  3.447619e+01 -3.998001e+00  2.157427e-10
     vertex  3.447619e+01 -3.998001e+00  7.000000e+00
   endloop
 endfacet
 facet normal -2.619918e-01 -9.650701e-01 -1.836759e-14
   outer loop
     vertex  3.356716e+01 -3.628672e+00  7.000000e+00
     vertex  3.356716e+01 -3.628672e+00  2.157501e-10
     vertex  3.404410e+01 -3.758148e+00  2.157474e-10
   endloop
 endfacet
 facet normal -2.619918e-01 -9.650701e-01 -1.710151e-14
   outer loop
     vertex  3.356716e+01 -3.628672e+00  7.000000e+00
     vertex  3.404410e+01 -3.758148e+00  2.157474e-10
     vertex  3.404410e+01 -3.758148e+00  7.000000e+00
   endloop
 endfacet
 facet normal -2.342242e-02 -9.997257e-01 -1.851978e-14
   outer loop
     vertex  3.307309e+01 -3.617096e+00  7.000000e+00
     vertex  3.307309e+01 -3.617096e+00  2.157505e-10
     vertex  3.356716e+01 -3.628672e+00  2.157501e-10
   endloop
 endfacet
 facet normal -2.342242e-02 -9.997257e-01 -1.902734e-14
   outer loop
     vertex  3.307309e+01 -3.617096e+00  7.000000e+00
     vertex  3.356716e+01 -3.628672e+00  2.157501e-10
     vertex  3.356716e+01 -3.628672e+00  7.000000e+00
   endloop
 endfacet
 facet normal  2.165082e-01 -9.762808e-01 -1.808547e-14
   outer loop
     vertex  3.259061e+01 -3.724095e+00  7.000000e+00
     vertex  3.259061e+01 -3.724095e+00  2.157487e-10
     vertex  3.307309e+01 -3.617096e+00  2.157505e-10
   endloop
 endfacet
 facet normal  2.165082e-01 -9.762808e-01 -1.808636e-14
   outer loop
     vertex  3.259061e+01 -3.724095e+00  7.000000e+00
     vertex  3.307309e+01 -3.617096e+00  2.157505e-10
     vertex  3.307309e+01 -3.617096e+00  7.000000e+00
   endloop
 endfacet
 facet normal  4.438562e-01 -8.960980e-01 -1.727803e-14
   outer loop
     vertex  3.214776e+01 -3.943449e+00  7.000000e+00
     vertex  3.214776e+01 -3.943449e+00  2.157447e-10
     vertex  3.259061e+01 -3.724095e+00  2.157487e-10
   endloop
 endfacet
 facet normal  4.438562e-01 -8.960980e-01 -1.660006e-14
   outer loop
     vertex  3.214776e+01 -3.943449e+00  7.000000e+00
     vertex  3.259061e+01 -3.724095e+00  2.157487e-10
     vertex  3.259061e+01 -3.724095e+00  7.000000e+00
   endloop
 endfacet
 facet normal  6.454088e-01 -7.638373e-01 -1.447755e-14
   outer loop
     vertex  3.177027e+01 -4.262410e+00  7.000000e+00
     vertex  3.177027e+01 -4.262410e+00  2.157388e-10
     vertex  3.214776e+01 -3.943449e+00  2.157447e-10
   endloop
 endfacet
 facet normal  8.094526e-01 -5.871852e-01 -1.128835e-14
   outer loop
     vertex  3.177027e+01 -4.262410e+00  7.000000e+00
     vertex  3.148009e+01 -4.662442e+00  2.157313e-10
     vertex  3.177027e+01 -4.262410e+00  2.157388e-10
   endloop
 endfacet
 facet normal  6.454088e-01 -7.638373e-01 -1.499942e-14
   outer loop
     vertex  3.177027e+01 -4.262410e+00  7.000000e+00
     vertex  3.214776e+01 -3.943449e+00  2.157447e-10
     vertex  3.214776e+01 -3.943449e+00  7.000000e+00
   endloop
 endfacet
 facet normal  8.094526e-01 -5.871852e-01 -1.113934e-14
   outer loop
     vertex  3.148009e+01 -4.662442e+00  7.000000e+00
     vertex  3.148009e+01 -4.662442e+00  2.157313e-10
     vertex  3.177027e+01 -4.262410e+00  7.000000e+00
   endloop
 endfacet
 facet normal  9.264540e-01 -3.764079e-01 -7.347590e-15
   outer loop
     vertex  3.129407e+01 -5.120296e+00  7.000000e+00
     vertex  3.129407e+01 -5.120296e+00  2.157227e-10
     vertex  3.148009e+01 -4.662442e+00  2.157313e-10
   endloop
 endfacet
 facet normal  9.264540e-01 -3.764079e-01 -7.345265e-15
   outer loop
     vertex  3.129407e+01 -5.120296e+00  7.000000e+00
     vertex  3.148009e+01 -4.662442e+00  2.157313e-10
     vertex  3.148009e+01 -4.662442e+00  7.000000e+00
   endloop
 endfacet
 facet normal  9.896133e-01 -1.437553e-01 -3.165305e-15
   outer loop
     vertex  3.122302e+01 -5.609363e+00  7.000000e+00
     vertex  3.122302e+01 -5.609363e+00  2.157135e-10
     vertex  3.129407e+01 -5.120296e+00  2.157227e-10
   endloop
 endfacet
 facet normal  9.952598e-01  9.725197e-02  1.296455e-15
   outer loop
     vertex  3.122302e+01 -5.609363e+00  7.000000e+00
     vertex  3.127108e+01 -6.101221e+00  2.157042e-10
     vertex  3.122302e+01 -5.609363e+00  2.157135e-10
   endloop
 endfacet
 facet normal  9.896133e-01 -1.437553e-01 -3.127053e-15
   outer loop
     vertex  3.122302e+01 -5.609363e+00  7.000000e+00
     vertex  3.129407e+01 -5.120296e+00  2.157227e-10
     vertex  3.129407e+01 -5.120296e+00  7.000000e+00
   endloop
 endfacet
 facet normal  9.952598e-01  9.725197e-02  7.913301e-16
   outer loop
     vertex  3.127108e+01 -6.101221e+00  7.000000e+00
     vertex  3.127108e+01 -6.101221e+00  2.157042e-10
     vertex  3.122302e+01 -5.609363e+00  7.000000e+00
   endloop
 endfacet
 facet normal  9.430654e-01  3.326073e-01  5.119831e-15
   outer loop
     vertex  3.143546e+01 -6.567284e+00  7.000000e+00
     vertex  3.143546e+01 -6.567284e+00  2.156953e-10
     vertex  3.127108e+01 -6.101221e+00  2.157042e-10
   endloop
 endfacet
 facet normal  9.430654e-01  3.326073e-01  5.207075e-15
   outer loop
     vertex  3.143546e+01 -6.567284e+00  7.000000e+00
     vertex  3.127108e+01 -6.101221e+00  2.157042e-10
     vertex  3.127108e+01 -6.101221e+00  7.000000e+00
   endloop
 endfacet
 facet normal -8.360635e-01 -5.486326e-01 -9.455374e-15
   outer loop
     vertex  2.515853e+01 -2.281089e+01  7.000000e+00
     vertex  2.542966e+01 -2.322407e+01  2.153821e-10
     vertex  2.542966e+01 -2.322407e+01  7.000000e+00
   endloop
 endfacet
 facet normal -8.360635e-01 -5.486326e-01 -9.599793e-15
   outer loop
     vertex  2.515853e+01 -2.281089e+01  7.000000e+00
     vertex  2.515853e+01 -2.281089e+01  2.153900e-10
     vertex  2.542966e+01 -2.322407e+01  2.153821e-10
   endloop
 endfacet
 facet normal -6.804727e-01 -7.327735e-01 -1.269786e-14
   outer loop
     vertex  2.479639e+01 -2.247460e+01  7.000000e+00
     vertex  2.479639e+01 -2.247460e+01  2.153965e-10
     vertex  2.515853e+01 -2.281089e+01  2.153900e-10
   endloop
 endfacet
 facet normal -6.804727e-01 -7.327735e-01 -1.304176e-14
   outer loop
     vertex  2.479639e+01 -2.247460e+01  7.000000e+00
     vertex  2.515853e+01 -2.281089e+01  2.153900e-10
     vertex  2.515853e+01 -2.281089e+01  7.000000e+00
   endloop
 endfacet
 facet normal -4.853352e-01 -8.743282e-01 -1.592604e-14
   outer loop
     vertex  2.436430e+01 -2.223475e+01  7.000000e+00
     vertex  2.436430e+01 -2.223475e+01  2.154013e-10
     vertex  2.479639e+01 -2.247460e+01  2.153965e-10
   endloop
 endfacet
 facet normal -4.853352e-01 -8.743282e-01 -1.548483e-14
   outer loop
     vertex  2.436430e+01 -2.223475e+01  7.000000e+00
     vertex  2.479639e+01 -2.247460e+01  2.153965e-10
     vertex  2.479639e+01 -2.247460e+01  7.000000e+00
   endloop
 endfacet
 facet normal -2.619918e-01 -9.650701e-01 -1.798972e-14
   outer loop
     vertex  2.388736e+01 -2.210527e+01  7.000000e+00
     vertex  2.388736e+01 -2.210527e+01  2.154039e-10
     vertex  2.436430e+01 -2.223475e+01  2.154013e-10
   endloop
 endfacet
 facet normal -2.619918e-01 -9.650701e-01 -1.785770e-14
   outer loop
     vertex  2.388736e+01 -2.210527e+01  7.000000e+00
     vertex  2.436430e+01 -2.223475e+01  2.154013e-10
     vertex  2.436430e+01 -2.223475e+01  7.000000e+00
   endloop
 endfacet
 facet normal -2.342242e-02 -9.997257e-01 -1.826609e-14
   outer loop
     vertex  2.339329e+01 -2.209369e+01  7.000000e+00
     vertex  2.339329e+01 -2.209369e+01  2.154043e-10
     vertex  2.388736e+01 -2.210527e+01  2.154039e-10
   endloop
 endfacet
 facet normal -2.342242e-02 -9.997257e-01 -1.876157e-14
   outer loop
     vertex  2.339329e+01 -2.209369e+01  7.000000e+00
     vertex  2.388736e+01 -2.210527e+01  2.154039e-10
     vertex  2.388736e+01 -2.210527e+01  7.000000e+00
   endloop
 endfacet
 facet normal  2.165082e-01 -9.762808e-01 -1.877275e-14
   outer loop
     vertex  2.291082e+01 -2.220069e+01  7.000000e+00
     vertex  2.291082e+01 -2.220069e+01  2.154025e-10
     vertex  2.339329e+01 -2.209369e+01  2.154043e-10
   endloop
 endfacet
 facet normal  2.165082e-01 -9.762808e-01 -1.783764e-14
   outer loop
     vertex  2.291082e+01 -2.220069e+01  7.000000e+00
     vertex  2.339329e+01 -2.209369e+01  2.154043e-10
     vertex  2.339329e+01 -2.209369e+01  7.000000e+00
   endloop
 endfacet
 facet normal  4.438562e-01 -8.960980e-01 -1.727803e-14
   outer loop
     vertex  2.246796e+01 -2.242005e+01  7.000000e+00
     vertex  2.246796e+01 -2.242005e+01  2.153985e-10
     vertex  2.291082e+01 -2.220069e+01  2.154025e-10
   endloop
 endfacet
 facet normal  4.438562e-01 -8.960980e-01 -1.772732e-14
   outer loop
     vertex  2.246796e+01 -2.242005e+01  7.000000e+00
     vertex  2.291082e+01 -2.220069e+01  2.154025e-10
     vertex  2.291082e+01 -2.220069e+01  7.000000e+00
   endloop
 endfacet
 facet normal  6.454088e-01 -7.638373e-01 -1.467138e-14
   outer loop
     vertex  2.209048e+01 -2.273901e+01  7.000000e+00
     vertex  2.209048e+01 -2.273901e+01  2.153927e-10
     vertex  2.246796e+01 -2.242005e+01  2.153985e-10
   endloop
 endfacet
 facet normal  8.094526e-01 -5.871852e-01 -1.143735e-14
   outer loop
     vertex  2.209048e+01 -2.273901e+01  7.000000e+00
     vertex  2.180029e+01 -2.313904e+01  2.153852e-10
     vertex  2.209048e+01 -2.273901e+01  2.153927e-10
   endloop
 endfacet
 facet normal  6.454088e-01 -7.638373e-01 -1.499942e-14
   outer loop
     vertex  2.209048e+01 -2.273901e+01  7.000000e+00
     vertex  2.246796e+01 -2.242005e+01  2.153985e-10
     vertex  2.246796e+01 -2.242005e+01  7.000000e+00
   endloop
 endfacet
 facet normal  8.094526e-01 -5.871852e-01 -1.184818e-14
   outer loop
     vertex  2.180029e+01 -2.313904e+01  7.000000e+00
     vertex  2.180029e+01 -2.313904e+01  2.153852e-10
     vertex  2.209048e+01 -2.273901e+01  7.000000e+00
   endloop
 endfacet
 facet normal  9.264540e-01 -3.764079e-01 -7.347590e-15
   outer loop
     vertex  2.161427e+01 -2.359689e+01  7.000000e+00
     vertex  2.161427e+01 -2.359689e+01  2.153766e-10
     vertex  2.180029e+01 -2.313904e+01  2.153852e-10
   endloop
 endfacet
 facet normal  9.264540e-01 -3.764079e-01 -8.011193e-15
   outer loop
     vertex  2.161427e+01 -2.359689e+01  7.000000e+00
     vertex  2.180029e+01 -2.313904e+01  2.153852e-10
     vertex  2.180029e+01 -2.313904e+01  7.000000e+00
   endloop
 endfacet
 facet normal  9.896133e-01 -1.437553e-01 -3.201786e-15
   outer loop
     vertex  2.154322e+01 -2.408596e+01  7.000000e+00
     vertex  2.154322e+01 -2.408596e+01  2.153674e-10
     vertex  2.161427e+01 -2.359689e+01  2.153766e-10
   endloop
 endfacet
 facet normal  9.952598e-01  9.725197e-02  1.321134e-15
   outer loop
     vertex  2.154322e+01 -2.408596e+01  7.000000e+00
     vertex  2.159129e+01 -2.457782e+01  2.153580e-10
     vertex  2.154322e+01 -2.408596e+01  2.153674e-10
   endloop
 endfacet
 facet normal  9.896133e-01 -1.437553e-01 -3.129059e-15
   outer loop
     vertex  2.154322e+01 -2.408596e+01  7.000000e+00
     vertex  2.161427e+01 -2.359689e+01  2.153766e-10
     vertex  2.161427e+01 -2.359689e+01  7.000000e+00
   endloop
 endfacet
 facet normal  9.952598e-01  9.725197e-02  8.160093e-16
   outer loop
     vertex  2.159129e+01 -2.457782e+01  7.000000e+00
     vertex  2.159129e+01 -2.457782e+01  2.153580e-10
     vertex  2.154322e+01 -2.408596e+01  7.000000e+00
   endloop
 endfacet
 facet normal  9.430654e-01  3.326073e-01  6.245909e-15
   outer loop
     vertex  2.175566e+01 -2.504388e+01  7.000000e+00
     vertex  2.175566e+01 -2.504388e+01  2.153491e-10
     vertex  2.159129e+01 -2.457782e+01  2.153580e-10
   endloop
 endfacet
 facet normal  9.430654e-01  3.326073e-01  5.287307e-15
   outer loop
     vertex  2.175566e+01 -2.504388e+01  7.000000e+00
     vertex  2.159129e+01 -2.457782e+01  2.153580e-10
     vertex  2.159129e+01 -2.457782e+01  7.000000e+00
   endloop
 endfacet
 facet normal -8.360635e-01 -5.486326e-01 -9.150491e-15
   outer loop
     vertex  6.467135e+00 -3.206913e+01  7.000000e+00
     vertex  6.738269e+00 -3.248231e+01  2.152144e-10
     vertex  6.738269e+00 -3.248231e+01  7.000000e+00
   endloop
 endfacet
 facet normal -8.360635e-01 -5.486326e-01 -9.944525e-15
   outer loop
     vertex  6.467135e+00 -3.206913e+01  7.000000e+00
     vertex  6.467135e+00 -3.206913e+01  2.152223e-10
     vertex  6.738269e+00 -3.248231e+01  2.152144e-10
   endloop
 endfacet
 facet normal -6.804727e-01 -7.327735e-01 -1.212673e-14
   outer loop
     vertex  6.104998e+00 -3.173284e+01  7.000000e+00
     vertex  6.104998e+00 -3.173284e+01  2.152288e-10
     vertex  6.467135e+00 -3.206913e+01  2.152223e-10
   endloop
 endfacet
 facet normal -6.804727e-01 -7.327735e-01 -1.361542e-14
   outer loop
     vertex  6.104998e+00 -3.173284e+01  7.000000e+00
     vertex  6.467135e+00 -3.206913e+01  2.152223e-10
     vertex  6.467135e+00 -3.206913e+01  7.000000e+00
   endloop
 endfacet
 facet normal -4.853352e-01 -8.743282e-01 -1.585178e-14
   outer loop
     vertex  5.672905e+00 -3.149298e+01  7.000000e+00
     vertex  5.672905e+00 -3.149298e+01  2.152336e-10
     vertex  6.104998e+00 -3.173284e+01  2.152288e-10
   endloop
 endfacet
 facet normal -4.853352e-01 -8.743282e-01 -1.471861e-14
   outer loop
     vertex  5.672905e+00 -3.149298e+01  7.000000e+00
     vertex  6.104998e+00 -3.173284e+01  2.152288e-10
     vertex  6.104998e+00 -3.173284e+01  7.000000e+00
   endloop
 endfacet
 facet normal -2.619918e-01 -9.650701e-01 -1.707660e-14
   outer loop
     vertex  5.195967e+00 -3.136351e+01  7.000000e+00
     vertex  5.195967e+00 -3.136351e+01  2.152362e-10
     vertex  5.672905e+00 -3.149298e+01  2.152336e-10
   endloop
 endfacet
 facet normal -2.619918e-01 -9.650701e-01 -1.756686e-14
   outer loop
     vertex  5.195967e+00 -3.136351e+01  7.000000e+00
     vertex  5.672905e+00 -3.149298e+01  2.152336e-10
     vertex  5.672905e+00 -3.149298e+01  7.000000e+00
   endloop
 endfacet
 facet normal -2.342242e-02 -9.997257e-01 -1.876159e-14
   outer loop
     vertex  4.701902e+00 -3.135193e+01  7.000000e+00
     vertex  4.701902e+00 -3.135193e+01  2.152366e-10
     vertex  5.195967e+00 -3.136351e+01  2.152362e-10
   endloop
 endfacet
 facet normal -2.342242e-02 -9.997257e-01 -1.775264e-14
   outer loop
     vertex  4.701902e+00 -3.135193e+01  7.000000e+00
     vertex  5.195967e+00 -3.136351e+01  2.152362e-10
     vertex  5.195967e+00 -3.136351e+01  7.000000e+00
   endloop
 endfacet
 facet normal  2.165082e-01 -9.762808e-01 -1.794761e-14
   outer loop
     vertex  4.219424e+00 -3.145893e+01  7.000000e+00
     vertex  4.219424e+00 -3.145893e+01  2.152348e-10
     vertex  4.701902e+00 -3.135193e+01  2.152366e-10
   endloop
 endfacet
 facet normal  2.165082e-01 -9.762808e-01 -1.844339e-14
   outer loop
     vertex  4.219424e+00 -3.145893e+01  7.000000e+00
     vertex  4.701902e+00 -3.135193e+01  2.152366e-10
     vertex  4.701902e+00 -3.135193e+01  7.000000e+00
   endloop
 endfacet
 facet normal  4.438562e-01 -8.960980e-01 -1.659797e-14
   outer loop
     vertex  3.776572e+00 -3.167829e+01  7.000000e+00
     vertex  3.776572e+00 -3.167829e+01  2.152308e-10
     vertex  4.219424e+00 -3.145893e+01  2.152348e-10
   endloop
 endfacet
 facet normal  4.438562e-01 -8.960980e-01 -1.660006e-14
   outer loop
     vertex  3.776572e+00 -3.167829e+01  7.000000e+00
     vertex  4.219424e+00 -3.145893e+01  2.152348e-10
     vertex  4.219424e+00 -3.145893e+01  7.000000e+00
   endloop
 endfacet
 facet normal  6.454088e-01 -7.638373e-01 -1.411993e-14
   outer loop
     vertex  3.399083e+00 -3.199725e+01  7.000000e+00
     vertex  3.399083e+00 -3.199725e+01  2.152249e-10
     vertex  3.776572e+00 -3.167829e+01  2.152308e-10
   endloop
 endfacet
 facet normal  8.094526e-01 -5.871852e-01 -1.093393e-14
   outer loop
     vertex  3.399083e+00 -3.199725e+01  7.000000e+00
     vertex  3.108896e+00 -3.239728e+01  2.152175e-10
     vertex  3.399083e+00 -3.199725e+01  2.152249e-10
   endloop
 endfacet
 facet normal  6.454088e-01 -7.638373e-01 -1.428135e-14
   outer loop
     vertex  3.399083e+00 -3.199725e+01  7.000000e+00
     vertex  3.776572e+00 -3.167829e+01  2.152308e-10
     vertex  3.776572e+00 -3.167829e+01  7.000000e+00
   endloop
 endfacet
 facet normal  8.094526e-01 -5.871852e-01 -1.113934e-14
   outer loop
     vertex  3.108896e+00 -3.239728e+01  7.000000e+00
     vertex  3.108896e+00 -3.239728e+01  2.152175e-10
     vertex  3.399083e+00 -3.199725e+01  7.000000e+00
   endloop
 endfacet
 facet normal  9.264540e-01 -3.764079e-01 -7.964769e-15
   outer loop
     vertex  2.922875e+00 -3.285513e+01  7.000000e+00
     vertex  2.922875e+00 -3.285513e+01  2.152089e-10
     vertex  3.108896e+00 -3.239728e+01  2.152175e-10
   endloop
 endfacet
 facet normal  9.264540e-01 -3.764079e-01 -7.345265e-15
   outer loop
     vertex  2.922875e+00 -3.285513e+01  7.000000e+00
     vertex  3.108896e+00 -3.239728e+01  2.152175e-10
     vertex  3.108896e+00 -3.239728e+01  7.000000e+00
   endloop
 endfacet
 facet normal  9.896133e-01 -1.437553e-01 -3.128825e-15
   outer loop
     vertex  2.851831e+00 -3.334420e+01  7.000000e+00
     vertex  2.851831e+00 -3.334420e+01  2.151996e-10
     vertex  2.922875e+00 -3.285513e+01  2.152089e-10
   endloop
 endfacet
 facet normal  9.952598e-01  9.725197e-02  1.271776e-15
   outer loop
     vertex  2.851831e+00 -3.334420e+01  7.000000e+00
     vertex  2.899893e+00 -3.383606e+01  2.151903e-10
     vertex  2.851831e+00 -3.334420e+01  2.151996e-10
   endloop
 endfacet
 facet normal  9.896133e-01 -1.437553e-01 -3.526209e-15
   outer loop
     vertex  2.851831e+00 -3.334420e+01  7.000000e+00
     vertex  2.922875e+00 -3.285513e+01  2.152089e-10
     vertex  2.922875e+00 -3.285513e+01  7.000000e+00
   endloop
 endfacet
 facet normal  9.952598e-01  9.725197e-02  1.271776e-15
   outer loop
     vertex  2.899893e+00 -3.383606e+01  7.000000e+00
     vertex  2.899893e+00 -3.383606e+01  2.151903e-10
     vertex  2.851831e+00 -3.334420e+01  7.000000e+00
   endloop
 endfacet
 facet normal  9.430654e-01  3.326073e-01  5.936082e-15
   outer loop
     vertex  3.064267e+00 -3.430212e+01  7.000000e+00
     vertex  3.064267e+00 -3.430212e+01  2.151814e-10
     vertex  2.899893e+00 -3.383606e+01  2.151903e-10
   endloop
 endfacet
 facet normal  9.430654e-01  3.326073e-01  5.596201e-15
   outer loop
     vertex  3.064267e+00 -3.430212e+01  7.000000e+00
     vertex  2.899893e+00 -3.383606e+01  2.151903e-10
     vertex  2.899893e+00 -3.383606e+01  7.000000e+00
   endloop
 endfacet
 facet normal -8.360635e-01 -5.486326e-01 -9.387176e-15
   outer loop
     vertex -1.409638e+01 -2.857268e+01  7.000000e+00
     vertex -1.382524e+01 -2.898586e+01  2.152891e-10
     vertex -1.382524e+01 -2.898586e+01  7.000000e+00
   endloop
 endfacet
 facet normal -8.360635e-01 -5.486326e-01 -9.599793e-15
   outer loop
     vertex -1.409638e+01 -2.857268e+01  7.000000e+00
     vertex -1.409638e+01 -2.857268e+01  2.152971e-10
     vertex -1.382524e+01 -2.898586e+01  2.152891e-10
   endloop
 endfacet
 facet normal -6.804727e-01 -7.327735e-01 -1.341512e-14
   outer loop
     vertex -1.445851e+01 -2.823639e+01  7.000000e+00
     vertex -1.445851e+01 -2.823639e+01  2.153036e-10
     vertex -1.409638e+01 -2.857268e+01  2.152971e-10
   endloop
 endfacet
 facet normal -6.804727e-01 -7.327735e-01 -1.304577e-14
   outer loop
     vertex -1.445851e+01 -2.823639e+01  7.000000e+00
     vertex -1.409638e+01 -2.857268e+01  2.152971e-10
     vertex -1.409638e+01 -2.857268e+01  7.000000e+00
   endloop
 endfacet
 facet normal -4.853352e-01 -8.743282e-01 -1.503854e-14
   outer loop
     vertex -1.489061e+01 -2.799653e+01  7.000000e+00
     vertex -1.489061e+01 -2.799653e+01  2.153083e-10
     vertex -1.445851e+01 -2.823639e+01  2.153036e-10
   endloop
 endfacet
 facet normal -4.853352e-01 -8.743282e-01 -1.617082e-14
   outer loop
     vertex -1.489061e+01 -2.799653e+01  7.000000e+00
     vertex -1.445851e+01 -2.823639e+01  2.153036e-10
     vertex -1.445851e+01 -2.823639e+01  7.000000e+00
   endloop
 endfacet
 facet normal -2.619918e-01 -9.650701e-01 -1.798972e-14
   outer loop
     vertex -1.536754e+01 -2.786706e+01  7.000000e+00
     vertex -1.536754e+01 -2.786706e+01  2.153110e-10
     vertex -1.489061e+01 -2.799653e+01  2.153083e-10
   endloop
 endfacet
 facet normal -2.619918e-01 -9.650701e-01 -1.687887e-14
   outer loop
     vertex -1.536754e+01 -2.786706e+01  7.000000e+00
     vertex -1.489061e+01 -2.799653e+01  2.153083e-10
     vertex -1.489061e+01 -2.799653e+01  7.000000e+00
   endloop
 endfacet
 facet normal -2.342242e-02 -9.997257e-01 -1.826014e-14
   outer loop
     vertex -1.586161e+01 -2.785548e+01  7.000000e+00
     vertex -1.586161e+01 -2.785548e+01  2.153114e-10
     vertex -1.536754e+01 -2.786706e+01  2.153110e-10
   endloop
 endfacet
 facet normal -2.342242e-02 -9.997257e-01 -1.876182e-14
   outer loop
     vertex -1.586161e+01 -2.785548e+01  7.000000e+00
     vertex -1.536754e+01 -2.786706e+01  2.153110e-10
     vertex -1.536754e+01 -2.786706e+01  7.000000e+00
   endloop
 endfacet
 facet normal  2.165082e-01 -9.762808e-01 -1.844310e-14
   outer loop
     vertex -1.634409e+01 -2.796248e+01  7.000000e+00
     vertex -1.634409e+01 -2.796248e+01  2.153096e-10
     vertex -1.586161e+01 -2.785548e+01  2.153114e-10
   endloop
 endfacet
 facet normal  2.165082e-01 -9.762808e-01 -1.789180e-14
   outer loop
     vertex -1.634409e+01 -2.796248e+01  7.000000e+00
     vertex -1.586161e+01 -2.785548e+01  2.153114e-10
     vertex -1.586161e+01 -2.785548e+01  7.000000e+00
   endloop
 endfacet
 facet normal  4.438562e-01 -8.960980e-01 -1.705276e-14
   outer loop
     vertex -1.678694e+01 -2.818183e+01  7.000000e+00
     vertex -1.678694e+01 -2.818183e+01  2.153056e-10
     vertex -1.634409e+01 -2.796248e+01  2.153096e-10
   endloop
 endfacet
 facet normal  4.438562e-01 -8.960980e-01 -1.705337e-14
   outer loop
     vertex -1.678694e+01 -2.818183e+01  7.000000e+00
     vertex -1.634409e+01 -2.796248e+01  2.153096e-10
     vertex -1.634409e+01 -2.796248e+01  7.000000e+00
   endloop
 endfacet
 facet normal  6.454088e-01 -7.638373e-01 -1.499895e-14
   outer loop
     vertex -1.716443e+01 -2.850079e+01  7.000000e+00
     vertex -1.716443e+01 -2.850079e+01  2.152997e-10
     vertex -1.678694e+01 -2.818183e+01  2.153056e-10
   endloop
 endfacet
 facet normal  8.094526e-01 -5.871852e-01 -1.184818e-14
   outer loop
     vertex -1.716443e+01 -2.850079e+01  7.000000e+00
     vertex -1.745462e+01 -2.890083e+01  2.152923e-10
     vertex -1.716443e+01 -2.850079e+01  2.152997e-10
   endloop
 endfacet
 facet normal  6.454088e-01 -7.638373e-01 -1.467047e-14
   outer loop
     vertex -1.716443e+01 -2.850079e+01  7.000000e+00
     vertex -1.678694e+01 -2.818183e+01  2.153056e-10
     vertex -1.678694e+01 -2.818183e+01  7.000000e+00
   endloop
 endfacet
 facet normal  8.094526e-01 -5.871852e-01 -1.196098e-14
   outer loop
     vertex -1.745462e+01 -2.890083e+01  7.000000e+00
     vertex -1.745462e+01 -2.890083e+01  2.152923e-10
     vertex -1.716443e+01 -2.850079e+01  7.000000e+00
   endloop
 endfacet
 facet normal  9.264540e-01 -3.764079e-01 -7.626756e-15
   outer loop
     vertex -1.764064e+01 -2.935868e+01  7.000000e+00
     vertex -1.764064e+01 -2.935868e+01  2.152837e-10
     vertex -1.745462e+01 -2.890083e+01  2.152923e-10
   endloop
 endfacet
 facet normal  9.264540e-01 -3.764079e-01 -8.287994e-15
   outer loop
     vertex -1.764064e+01 -2.935868e+01  7.000000e+00
     vertex -1.745462e+01 -2.890083e+01  2.152923e-10
     vertex -1.745462e+01 -2.890083e+01  7.000000e+00
   endloop
 endfacet
 facet normal  9.896133e-01 -1.437553e-01 -2.626566e-15
   outer loop
     vertex -1.771168e+01 -2.984775e+01  7.000000e+00
     vertex -1.771168e+01 -2.984775e+01  2.152744e-10
     vertex -1.764064e+01 -2.935868e+01  2.152837e-10
   endloop
 endfacet
 facet normal  9.952598e-01  9.725197e-02  1.776900e-15
   outer loop
     vertex -1.771168e+01 -2.984775e+01  7.000000e+00
     vertex -1.766362e+01 -3.033961e+01  2.152651e-10
     vertex -1.771168e+01 -2.984775e+01  2.152744e-10
   endloop
 endfacet
 facet normal  9.896133e-01 -1.437553e-01 -3.558301e-15
   outer loop
     vertex -1.771168e+01 -2.984775e+01  7.000000e+00
     vertex -1.764064e+01 -2.935868e+01  2.152837e-10
     vertex -1.764064e+01 -2.935868e+01  7.000000e+00
   endloop
 endfacet
 facet normal  9.952598e-01  9.725197e-02  1.875617e-15
   outer loop
     vertex -1.766362e+01 -3.033961e+01  7.000000e+00
     vertex -1.766362e+01 -3.033961e+01  2.152651e-10
     vertex -1.771168e+01 -2.984775e+01  7.000000e+00
   endloop
 endfacet
 facet normal  9.430654e-01  3.326073e-01  4.782215e-15
   outer loop
     vertex -1.749924e+01 -3.080567e+01  7.000000e+00
     vertex -1.749924e+01 -3.080567e+01  2.152562e-10
     vertex -1.766362e+01 -3.033961e+01  2.152651e-10
   endloop
 endfacet
 facet normal  9.430654e-01  3.326073e-01  6.414571e-15
   outer loop
     vertex -1.749924e+01 -3.080567e+01  7.000000e+00
     vertex -1.766362e+01 -3.033961e+01  2.152651e-10
     vertex -1.766362e+01 -3.033961e+01  7.000000e+00
   endloop
 endfacet
 facet normal -8.360635e-01 -5.486326e-01 -9.455374e-15
   outer loop
     vertex -2.867744e+01 -1.365706e+01  7.000000e+00
     vertex -2.840631e+01 -1.407024e+01  2.155778e-10
     vertex -2.840631e+01 -1.407024e+01  7.000000e+00
   endloop
 endfacet
 facet normal -8.360635e-01 -5.486326e-01 -9.878241e-15
   outer loop
     vertex -2.867744e+01 -1.365706e+01  7.000000e+00
     vertex -2.867744e+01 -1.365706e+01  2.155858e-10
     vertex -2.840631e+01 -1.407024e+01  2.155778e-10
   endloop
 endfacet
 facet normal -6.804727e-01 -7.327735e-01 -1.288381e-14
   outer loop
     vertex -2.903958e+01 -1.332077e+01  7.000000e+00
     vertex -2.903958e+01 -1.332077e+01  2.155923e-10
     vertex -2.867744e+01 -1.365706e+01  2.155858e-10
   endloop
 endfacet
 facet normal -6.804727e-01 -7.327735e-01 -1.341484e-14
   outer loop
     vertex -2.903958e+01 -1.332077e+01  7.000000e+00
     vertex -2.867744e+01 -1.365706e+01  2.155858e-10
     vertex -2.867744e+01 -1.365706e+01  7.000000e+00
   endloop
 endfacet
 facet normal -4.853352e-01 -8.743282e-01 -1.617236e-14
   outer loop
     vertex -2.947167e+01 -1.308091e+01  7.000000e+00
     vertex -2.947167e+01 -1.308091e+01  2.155970e-10
     vertex -2.903958e+01 -1.332077e+01  2.155923e-10
   endloop
 endfacet
 facet normal -4.853352e-01 -8.743282e-01 -1.570547e-14
   outer loop
     vertex -2.947167e+01 -1.308091e+01  7.000000e+00
     vertex -2.903958e+01 -1.332077e+01  2.155923e-10
     vertex -2.903958e+01 -1.332077e+01  7.000000e+00
   endloop
 endfacet
 facet normal -2.619918e-01 -9.650701e-01 -1.823463e-14
   outer loop
     vertex -2.994861e+01 -1.295144e+01  7.000000e+00
     vertex -2.994861e+01 -1.295144e+01  2.155997e-10
     vertex -2.947167e+01 -1.308091e+01  2.155970e-10
   endloop
 endfacet
 facet normal -2.619918e-01 -9.650701e-01 -1.799008e-14
   outer loop
     vertex -2.994861e+01 -1.295144e+01  7.000000e+00
     vertex -2.947167e+01 -1.308091e+01  2.155970e-10
     vertex -2.947167e+01 -1.308091e+01  7.000000e+00
   endloop
 endfacet
 facet normal -2.342242e-02 -9.997257e-01 -1.851978e-14
   outer loop
     vertex -3.044268e+01 -1.293986e+01  7.000000e+00
     vertex -3.044268e+01 -1.293986e+01  2.156001e-10
     vertex -2.994861e+01 -1.295144e+01  2.155997e-10
   endloop
 endfacet
 facet normal -2.342242e-02 -9.997257e-01 -1.901530e-14
   outer loop
     vertex -3.044268e+01 -1.293986e+01  7.000000e+00
     vertex -2.994861e+01 -1.295144e+01  2.155997e-10
     vertex -2.994861e+01 -1.295144e+01  7.000000e+00
   endloop
 endfacet
 facet normal  2.165082e-01 -9.762808e-01 -1.869085e-14
   outer loop
     vertex -3.092515e+01 -1.304686e+01  7.000000e+00
     vertex -3.092515e+01 -1.304686e+01  2.155983e-10
     vertex -3.044268e+01 -1.293986e+01  2.156001e-10
   endloop
 endfacet
 facet normal  2.165082e-01 -9.762808e-01 -1.808636e-14
   outer loop
     vertex -3.092515e+01 -1.304686e+01  7.000000e+00
     vertex -3.044268e+01 -1.293986e+01  2.156001e-10
     vertex -3.044268e+01 -1.293986e+01  7.000000e+00
   endloop
 endfacet
 facet normal  4.438562e-01 -8.960980e-01 -1.750756e-14
   outer loop
     vertex -3.136801e+01 -1.326622e+01  7.000000e+00
     vertex -3.136801e+01 -1.326622e+01  2.155943e-10
     vertex -3.092515e+01 -1.304686e+01  2.155983e-10
   endloop
 endfacet
 facet normal  4.438562e-01 -8.960980e-01 -1.727802e-14
   outer loop
     vertex -3.136801e+01 -1.326622e+01  7.000000e+00
     vertex -3.092515e+01 -1.304686e+01  2.155983e-10
     vertex -3.092515e+01 -1.304686e+01  7.000000e+00
   endloop
 endfacet
 facet normal  6.454088e-01 -7.638373e-01 -1.434382e-14
   outer loop
     vertex -3.174549e+01 -1.358518e+01  7.000000e+00
     vertex -3.174549e+01 -1.358518e+01  2.155884e-10
     vertex -3.136801e+01 -1.326622e+01  2.155943e-10
   endloop
 endfacet
 facet normal  8.094526e-01 -5.871852e-01 -1.102653e-14
   outer loop
     vertex -3.174549e+01 -1.358518e+01  7.000000e+00
     vertex -3.203568e+01 -1.398521e+01  2.155810e-10
     vertex -3.174549e+01 -1.358518e+01  2.155884e-10
   endloop
 endfacet
 facet normal  6.454088e-01 -7.638373e-01 -1.505960e-14
   outer loop
     vertex -3.174549e+01 -1.358518e+01  7.000000e+00
     vertex -3.136801e+01 -1.326622e+01  2.155943e-10
     vertex -3.136801e+01 -1.326622e+01  7.000000e+00
   endloop
 endfacet
 facet normal  8.094526e-01 -5.871852e-01 -1.102653e-14
   outer loop
     vertex -3.203568e+01 -1.398521e+01  7.000000e+00
     vertex -3.203568e+01 -1.398521e+01  2.155810e-10
     vertex -3.174549e+01 -1.358518e+01  7.000000e+00
   endloop
 endfacet
 facet normal  9.264540e-01 -3.764079e-01 -6.319056e-15
   outer loop
     vertex -3.222170e+01 -1.444306e+01  7.000000e+00
     vertex -3.222170e+01 -1.444306e+01  2.155724e-10
     vertex -3.203568e+01 -1.398521e+01  2.155810e-10
   endloop
 endfacet
 facet normal  9.264540e-01 -3.764079e-01 -7.068464e-15
   outer loop
     vertex -3.222170e+01 -1.444306e+01  7.000000e+00
     vertex -3.203568e+01 -1.398521e+01  2.155810e-10
     vertex -3.203568e+01 -1.398521e+01  7.000000e+00
   endloop
 endfacet
 facet normal  9.896133e-01 -1.437553e-01 -1.767969e-15
   outer loop
     vertex -3.229275e+01 -1.493213e+01  7.000000e+00
     vertex -3.229275e+01 -1.493213e+01  2.155631e-10
     vertex -3.222170e+01 -1.444306e+01  2.155724e-10
   endloop
 endfacet
 facet normal  9.952598e-01  9.725197e-02  2.885867e-15
   outer loop
     vertex -3.229275e+01 -1.493213e+01  7.000000e+00
     vertex -3.224468e+01 -1.542399e+01  2.155538e-10
     vertex -3.229275e+01 -1.493213e+01  2.155631e-10
   endloop
 endfacet
 facet normal  9.896133e-01 -1.437553e-01 -1.769122e-15
   outer loop
     vertex -3.229275e+01 -1.493213e+01  7.000000e+00
     vertex -3.222170e+01 -1.444306e+01  2.155724e-10
     vertex -3.222170e+01 -1.444306e+01  7.000000e+00
   endloop
 endfacet
 facet normal  9.952598e-01  9.725197e-02  8.900468e-16
   outer loop
     vertex -3.224468e+01 -1.542399e+01  7.000000e+00
     vertex -3.224468e+01 -1.542399e+01  2.155538e-10
     vertex -3.229275e+01 -1.493213e+01  7.000000e+00
   endloop
 endfacet
 facet normal  9.430654e-01  3.326073e-01  5.288640e-15
   outer loop
     vertex -3.208031e+01 -1.589005e+01  7.000000e+00
     vertex -3.208031e+01 -1.589005e+01  2.155449e-10
     vertex -3.224468e+01 -1.542399e+01  2.155538e-10
   endloop
 endfacet
 facet normal  9.430654e-01  3.326073e-01  5.540039e-15
   outer loop
     vertex -3.208031e+01 -1.589005e+01  7.000000e+00
     vertex -3.224468e+01 -1.542399e+01  2.155538e-10
     vertex -3.224468e+01 -1.542399e+01  7.000000e+00
   endloop
 endfacet
 facet normal  9.430654e-01  3.326073e-01  5.889076e-15
   outer loop
     vertex  1.779802e+01 -2.936976e+01  7.000000e+00
     vertex  1.755748e+01 -2.868772e+01  1.750000e+01
     vertex  1.779802e+01 -2.936976e+01  1.750000e+01
   endloop
 endfacet
 facet normal  9.430654e-01  3.326073e-01  6.001553e-15
   outer loop
     vertex  1.779802e+01 -2.936976e+01  7.000000e+00
     vertex  1.755748e+01 -2.868772e+01  7.000000e+00
     vertex  1.755748e+01 -2.868772e+01  1.750000e+01
   endloop
 endfacet
 facet normal  9.952598e-01  9.725197e-02  1.505962e-15
   outer loop
     vertex  1.786836e+01 -3.008955e+01  7.000000e+00
     vertex  1.779802e+01 -2.936976e+01  1.750000e+01
     vertex  1.786836e+01 -3.008955e+01  1.750000e+01
   endloop
 endfacet
 facet normal  9.952598e-01  9.725197e-02  1.234485e-15
   outer loop
     vertex  1.786836e+01 -3.008955e+01  7.000000e+00
     vertex  1.779802e+01 -2.936976e+01  7.000000e+00
     vertex  1.779802e+01 -2.936976e+01  1.750000e+01
   endloop
 endfacet
 facet normal  9.896133e-01 -1.437553e-01 -3.442165e-15
   outer loop
     vertex  1.776439e+01 -3.080526e+01  7.000000e+00
     vertex  1.786836e+01 -3.008955e+01  1.750000e+01
     vertex  1.776439e+01 -3.080526e+01  1.750000e+01
   endloop
 endfacet
 facet normal  9.896133e-01 -1.437553e-01 -3.059257e-15
   outer loop
     vertex  1.776439e+01 -3.080526e+01  7.000000e+00
     vertex  1.786836e+01 -3.008955e+01  7.000000e+00
     vertex  1.786836e+01 -3.008955e+01  1.750000e+01
   endloop
 endfacet
 facet normal  8.094526e-01 -5.871852e-01 -1.187231e-14
   outer loop
     vertex  1.749217e+01 -3.147529e+01  7.000000e+00
     vertex  1.749217e+01 -3.147529e+01  1.750000e+01
     vertex  1.706750e+01 -3.206070e+01  1.750000e+01
   endloop
 endfacet
 facet normal  9.264540e-01 -3.764079e-01 -7.886402e-15
   outer loop
     vertex  1.749217e+01 -3.147529e+01  7.000000e+00
     vertex  1.776439e+01 -3.080526e+01  1.750000e+01
     vertex  1.749217e+01 -3.147529e+01  1.750000e+01
   endloop
 endfacet
 facet normal  9.264540e-01 -3.764079e-01 -7.883891e-15
   outer loop
     vertex  1.749217e+01 -3.147529e+01  7.000000e+00
     vertex  1.776439e+01 -3.080526e+01  7.000000e+00
     vertex  1.776439e+01 -3.080526e+01  1.750000e+01
   endloop
 endfacet
 facet normal  6.454088e-01 -7.638373e-01 -1.490979e-14
   outer loop
     vertex  1.706750e+01 -3.206070e+01  7.000000e+00
     vertex  1.706750e+01 -3.206070e+01  1.750000e+01
     vertex  1.651508e+01 -3.252748e+01  1.750000e+01
   endloop
 endfacet
 facet normal  8.094526e-01 -5.871852e-01 -1.167363e-14
   outer loop
     vertex  1.706750e+01 -3.206070e+01  7.000000e+00
     vertex  1.749217e+01 -3.147529e+01  7.000000e+00
     vertex  1.706750e+01 -3.206070e+01  1.750000e+01
   endloop
 endfacet
 facet normal  6.454088e-01 -7.638373e-01 -1.469142e-14
   outer loop
     vertex  1.651508e+01 -3.252748e+01  7.000000e+00
     vertex  1.706750e+01 -3.206070e+01  7.000000e+00
     vertex  1.651508e+01 -3.252748e+01  1.750000e+01
   endloop
 endfacet
 facet normal  2.165082e-01 -9.762808e-01 -1.853501e-14
   outer loop
     vertex  1.586700e+01 -3.284848e+01  7.000000e+00
     vertex  1.586700e+01 -3.284848e+01  1.750000e+01
     vertex  1.516094e+01 -3.300506e+01  1.750000e+01
   endloop
 endfacet
 facet normal  4.438562e-01 -8.960980e-01 -1.705418e-14
   outer loop
     vertex  1.586700e+01 -3.284848e+01  7.000000e+00
     vertex  1.651508e+01 -3.252748e+01  1.750000e+01
     vertex  1.586700e+01 -3.284848e+01  1.750000e+01
   endloop
 endfacet
 facet normal  4.438562e-01 -8.960980e-01 -1.713111e-14
   outer loop
     vertex  1.586700e+01 -3.284848e+01  7.000000e+00
     vertex  1.651508e+01 -3.252748e+01  7.000000e+00
     vertex  1.651508e+01 -3.252748e+01  1.750000e+01
   endloop
 endfacet
 facet normal  2.165082e-01 -9.762808e-01 -1.857164e-14
   outer loop
     vertex  1.516094e+01 -3.300506e+01  7.000000e+00
     vertex  1.586700e+01 -3.284848e+01  7.000000e+00
     vertex  1.516094e+01 -3.300506e+01  1.750000e+01
   endloop
 endfacet
 facet normal -2.342242e-02 -9.997257e-01 -1.893468e-14
   outer loop
     vertex  1.443792e+01 -3.298812e+01  7.000000e+00
     vertex  1.516094e+01 -3.300506e+01  1.750000e+01
     vertex  1.443792e+01 -3.298812e+01  1.750000e+01
   endloop
 endfacet
 facet normal -2.342242e-02 -9.997257e-01 -1.893463e-14
   outer loop
     vertex  1.443792e+01 -3.298812e+01  7.000000e+00
     vertex  1.516094e+01 -3.300506e+01  7.000000e+00
     vertex  1.516094e+01 -3.300506e+01  1.750000e+01
   endloop
 endfacet
 facet normal -4.853352e-01 -8.743282e-01 -1.632028e-14
   outer loop
     vertex  1.373996e+01 -3.279865e+01  7.000000e+00
     vertex  1.373996e+01 -3.279865e+01  1.750000e+01
     vertex  1.310763e+01 -3.244764e+01  1.750000e+01
   endloop
 endfacet
 facet normal -2.619918e-01 -9.650701e-01 -1.815299e-14
   outer loop
     vertex  1.373996e+01 -3.279865e+01  7.000000e+00
     vertex  1.443792e+01 -3.298812e+01  1.750000e+01
     vertex  1.373996e+01 -3.279865e+01  1.750000e+01
   endloop
 endfacet
 facet normal -2.619918e-01 -9.650701e-01 -1.819837e-14
   outer loop
     vertex  1.373996e+01 -3.279865e+01  7.000000e+00
     vertex  1.443792e+01 -3.298812e+01  7.000000e+00
     vertex  1.443792e+01 -3.298812e+01  1.750000e+01
   endloop
 endfacet
 facet normal -4.853352e-01 -8.743282e-01 -1.632028e-14
   outer loop
     vertex  1.310763e+01 -3.244764e+01  7.000000e+00
     vertex  1.373996e+01 -3.279865e+01  7.000000e+00
     vertex  1.310763e+01 -3.244764e+01  1.750000e+01
   endloop
 endfacet
 facet normal -8.360635e-01 -5.486326e-01 -9.971057e-15
   outer loop
     vertex  1.257767e+01 -3.195551e+01  7.000000e+00
     vertex  1.257767e+01 -3.195551e+01  1.750000e+01
     vertex  1.218089e+01 -3.135085e+01  1.750000e+01
   endloop
 endfacet
 facet normal -6.804727e-01 -7.327735e-01 -1.353909e-14
   outer loop
     vertex  1.257767e+01 -3.195551e+01  7.000000e+00
     vertex  1.310763e+01 -3.244764e+01  1.750000e+01
     vertex  1.257767e+01 -3.195551e+01  1.750000e+01
   endloop
 endfacet
 facet normal -6.804727e-01 -7.327735e-01 -1.353822e-14
   outer loop
     vertex  1.257767e+01 -3.195551e+01  7.000000e+00
     vertex  1.310763e+01 -3.244764e+01  7.000000e+00
     vertex  1.310763e+01 -3.244764e+01  1.750000e+01
   endloop
 endfacet
 facet normal -8.360635e-01 -5.486326e-01 -1.020088e-14
   outer loop
     vertex  1.218089e+01 -3.135085e+01  7.000000e+00
     vertex  1.257767e+01 -3.195551e+01  7.000000e+00
     vertex  1.218089e+01 -3.135085e+01  1.750000e+01
   endloop
 endfacet
 facet normal  8.960980e-01  4.438562e-01  6.723343e-15
   outer loop
     vertex  1.755748e+01 -2.868772e+01  1.750000e+01
     vertex  1.526792e+01 -2.406534e+01  7.000000e+00
     vertex  1.526792e+01 -2.406534e+01  1.750000e+01
   endloop
 endfacet
 facet normal  8.960980e-01  4.438562e-01  8.254245e-15
   outer loop
     vertex  1.755748e+01 -2.868772e+01  1.750000e+01
     vertex  1.755748e+01 -2.868772e+01  7.000000e+00
     vertex  1.526792e+01 -2.406534e+01  7.000000e+00
   endloop
 endfacet
 facet normal -8.960980e-01 -4.438562e-01 -8.100808e-15
   outer loop
     vertex  9.891329e+00 -2.672848e+01  1.750000e+01
     vertex  1.218089e+01 -3.135085e+01  7.000000e+00
     vertex  1.218089e+01 -3.135085e+01  1.750000e+01
   endloop
 endfacet
 facet normal -8.960980e-01 -4.438562e-01 -8.106902e-15
   outer loop
     vertex  9.891329e+00 -2.672848e+01  1.750000e+01
     vertex  9.891329e+00 -2.672848e+01  7.000000e+00
     vertex  1.218089e+01 -3.135085e+01  7.000000e+00
   endloop
 endfacet
 facet normal  8.360635e-01  5.486326e-01  1.045418e-14
   outer loop
     vertex -1.901043e+01  2.842682e+01  7.000000e+00
     vertex -1.961221e+01  2.934389e+01  2.163969e-10
     vertex -1.961221e+01  2.934389e+01  7.000000e+00
   endloop
 endfacet
 facet normal  8.360635e-01  5.486326e-01  9.321346e-15
   outer loop
     vertex -1.901043e+01  2.842682e+01  7.000000e+00
     vertex -1.901043e+01  2.842682e+01  2.163793e-10
     vertex -1.961221e+01  2.934389e+01  2.163969e-10
   endloop
 endfacet
 facet normal  6.804727e-01  7.327735e-01  1.376048e-14
   outer loop
     vertex -1.820666e+01  2.768042e+01  7.000000e+00
     vertex -1.820666e+01  2.768042e+01  2.163648e-10
     vertex -1.901043e+01  2.842682e+01  2.163793e-10
   endloop
 endfacet
 facet normal  6.804727e-01  7.327735e-01  1.266647e-14
   outer loop
     vertex -1.820666e+01  2.768042e+01  7.000000e+00
     vertex -1.901043e+01  2.842682e+01  2.163793e-10
     vertex -1.901043e+01  2.842682e+01  7.000000e+00
   endloop
 endfacet
 facet normal  4.853352e-01  8.743282e-01  1.641868e-14
   outer loop
     vertex -1.724762e+01  2.714807e+01  7.000000e+00
     vertex -1.724762e+01  2.714807e+01  2.163544e-10
     vertex -1.820666e+01  2.768042e+01  2.163648e-10
   endloop
 endfacet
 facet normal  4.853352e-01  8.743282e-01  1.641147e-14
   outer loop
     vertex -1.724762e+01  2.714807e+01  7.000000e+00
     vertex -1.820666e+01  2.768042e+01  2.163648e-10
     vertex -1.820666e+01  2.768042e+01  7.000000e+00
   endloop
 endfacet
 facet normal  2.619918e-01  9.650701e-01  1.785676e-14
   outer loop
     vertex -1.618905e+01  2.686069e+01  7.000000e+00
     vertex -1.618905e+01  2.686069e+01  2.163485e-10
     vertex -1.724762e+01  2.714807e+01  2.163544e-10
   endloop
 endfacet
 facet normal  2.342242e-02  9.997257e-01  1.874970e-14
   outer loop
     vertex -1.618905e+01  2.686069e+01  7.000000e+00
     vertex -1.509247e+01  2.683500e+01  2.163475e-10
     vertex -1.618905e+01  2.686069e+01  2.163485e-10
   endloop
 endfacet
 facet normal  2.619918e-01  9.650701e-01  1.812491e-14
   outer loop
     vertex -1.618905e+01  2.686069e+01  7.000000e+00
     vertex -1.724762e+01  2.714807e+01  2.163544e-10
     vertex -1.724762e+01  2.714807e+01  7.000000e+00
   endloop
 endfacet
 facet normal  2.342242e-02  9.997257e-01  1.875565e-14
   outer loop
     vertex -1.509247e+01  2.683500e+01  7.000000e+00
     vertex -1.509247e+01  2.683500e+01  2.163475e-10
     vertex -1.618905e+01  2.686069e+01  7.000000e+00
   endloop
 endfacet
 facet normal -2.165082e-01  9.762808e-01  1.849804e-14
   outer loop
     vertex -1.402160e+01  2.707248e+01  7.000000e+00
     vertex -1.402160e+01  2.707248e+01  2.163516e-10
     vertex -1.509247e+01  2.683500e+01  2.163475e-10
   endloop
 endfacet
 facet normal -2.165082e-01  9.762808e-01  1.850086e-14
   outer loop
     vertex -1.402160e+01  2.707248e+01  7.000000e+00
     vertex -1.509247e+01  2.683500e+01  2.163475e-10
     vertex -1.509247e+01  2.683500e+01  7.000000e+00
   endloop
 endfacet
 facet normal -4.438562e-01  8.960980e-01  1.705276e-14
   outer loop
     vertex -1.303869e+01  2.755934e+01  7.000000e+00
     vertex -1.303869e+01  2.755934e+01  2.163604e-10
     vertex -1.402160e+01  2.707248e+01  2.163516e-10
   endloop
 endfacet
 facet normal -6.454088e-01  7.638373e-01  1.467138e-14
   outer loop
     vertex -1.303869e+01  2.755934e+01  7.000000e+00
     vertex -1.220085e+01  2.826728e+01  2.163735e-10
     vertex -1.303869e+01  2.755934e+01  2.163604e-10
   endloop
 endfacet
 facet normal -4.438562e-01  8.960980e-01  1.716336e-14
   outer loop
     vertex -1.303869e+01  2.755934e+01  7.000000e+00
     vertex -1.402160e+01  2.707248e+01  2.163516e-10
     vertex -1.402160e+01  2.707248e+01  7.000000e+00
   endloop
 endfacet
 facet normal -6.454088e-01  7.638373e-01  1.483517e-14
   outer loop
     vertex -1.220085e+01  2.826728e+01  7.000000e+00
     vertex -1.220085e+01  2.826728e+01  2.163735e-10
     vertex -1.303869e+01  2.755934e+01  7.000000e+00
   endloop
 endfacet
 facet normal -8.094526e-01  5.871852e-01  1.143735e-14
   outer loop
     vertex -1.155677e+01  2.915516e+01  7.000000e+00
     vertex -1.155677e+01  2.915516e+01  2.163900e-10
     vertex -1.220085e+01  2.826728e+01  2.163735e-10
   endloop
 endfacet
 facet normal -9.264540e-01  3.764079e-01  7.538629e-15
   outer loop
     vertex -1.155677e+01  2.915516e+01  7.000000e+00
     vertex -1.114390e+01  3.017137e+01  2.164091e-10
     vertex -1.155677e+01  2.915516e+01  2.163900e-10
   endloop
 endfacet
 facet normal -8.094526e-01  5.871852e-01  1.163985e-14
   outer loop
     vertex -1.155677e+01  2.915516e+01  7.000000e+00
     vertex -1.220085e+01  2.826728e+01  2.163735e-10
     vertex -1.220085e+01  2.826728e+01  7.000000e+00
   endloop
 endfacet
 facet normal -9.896133e-01  1.437553e-01  3.452915e-15
   outer loop
     vertex -1.114390e+01  3.017137e+01  7.000000e+00
     vertex -1.098621e+01  3.125686e+01  2.164296e-10
     vertex -1.114390e+01  3.017137e+01  2.164091e-10
   endloop
 endfacet
 facet normal -9.264540e-01  3.764079e-01  7.773731e-15
   outer loop
     vertex -1.114390e+01  3.017137e+01  7.000000e+00
     vertex -1.114390e+01  3.017137e+01  2.164091e-10
     vertex -1.155677e+01  2.915516e+01  7.000000e+00
   endloop
 endfacet
 facet normal -9.896133e-01  1.437553e-01  3.274746e-15
   outer loop
     vertex -1.098621e+01  3.125686e+01  7.000000e+00
     vertex -1.098621e+01  3.125686e+01  2.164296e-10
     vertex -1.114390e+01  3.017137e+01  7.000000e+00
   endloop
 endfacet
 facet normal -9.952598e-01 -9.725197e-02 -1.173059e-15
   outer loop
     vertex -1.109289e+01  3.234854e+01  7.000000e+00
     vertex -1.109289e+01  3.234854e+01  2.164504e-10
     vertex -1.098621e+01  3.125686e+01  2.164296e-10
   endloop
 endfacet
 facet normal -9.952598e-01 -9.725197e-02 -1.370032e-15
   outer loop
     vertex -1.109289e+01  3.234854e+01  7.000000e+00
     vertex -1.098621e+01  3.125686e+01  2.164296e-10
     vertex -1.098621e+01  3.125686e+01  7.000000e+00
   endloop
 endfacet
 facet normal -9.430654e-01 -3.326073e-01 -6.034382e-15
   outer loop
     vertex -1.145772e+01  3.338298e+01  7.000000e+00
     vertex -1.145772e+01  3.338298e+01  2.164701e-10
     vertex -1.109289e+01  3.234854e+01  2.164504e-10
   endloop
 endfacet
 facet normal -9.430654e-01 -3.326073e-01 -5.263237e-15
   outer loop
     vertex -1.145772e+01  3.338298e+01  7.000000e+00
     vertex -1.109289e+01  3.234854e+01  2.164504e-10
     vertex -1.109289e+01  3.234854e+01  7.000000e+00
   endloop
 endfacet
 facet normal  8.960980e-01  4.438562e-01  7.875957e-15
   outer loop
     vertex -2.076292e+01  3.166704e+01  7.000000e+00
     vertex -1.961221e+01  2.934389e+01  2.163969e-10
     vertex -2.076292e+01  3.166704e+01  2.164414e-10
   endloop
 endfacet
 facet normal  8.960980e-01  4.438562e-01  8.564820e-15
   outer loop
     vertex -2.076292e+01  3.166704e+01  7.000000e+00
     vertex -1.961221e+01  2.934389e+01  7.000000e+00
     vertex -1.961221e+01  2.934389e+01  2.163969e-10
   endloop
 endfacet
 facet normal -8.960980e-01 -4.438562e-01 -8.320111e-15
   outer loop
     vertex -1.260843e+01  3.570613e+01  7.000000e+00
     vertex -1.145772e+01  3.338298e+01  2.164701e-10
     vertex -1.145772e+01  3.338298e+01  7.000000e+00
   endloop
 endfacet
 facet normal -8.960980e-01 -4.438562e-01 -8.332882e-15
   outer loop
     vertex -1.260843e+01  3.570613e+01  7.000000e+00
     vertex -1.260843e+01  3.570613e+01  2.165146e-10
     vertex -1.145772e+01  3.338298e+01  2.164701e-10
   endloop
 endfacet
 facet normal -9.436755e-01 -3.308724e-01 -6.140652e-15
   outer loop
     vertex -1.268940e+01  3.593707e+01  2.165208e-10
     vertex -1.260843e+01  3.570613e+01  2.165146e-10
     vertex -1.260843e+01  3.570613e+01  7.000000e+00
   endloop
 endfacet
 facet normal -9.436755e-01 -3.308724e-01 -5.902313e-15
   outer loop
     vertex -1.268940e+01  3.593707e+01  2.165208e-10
     vertex -1.260843e+01  3.570613e+01  7.000000e+00
     vertex -1.268940e+01  3.593707e+01  7.000000e+00
   endloop
 endfacet
 facet normal -9.957812e-01 -9.175958e-02 -1.769690e-15
   outer loop
     vertex -1.271185e+01  3.618076e+01  2.165254e-10
     vertex -1.268940e+01  3.593707e+01  7.000000e+00
     vertex -1.271185e+01  3.618076e+01  7.000000e+00
   endloop
 endfacet
 facet normal -9.957812e-01 -9.175958e-02 -1.264282e-15
   outer loop
     vertex -1.271185e+01  3.618076e+01  2.165254e-10
     vertex -1.268940e+01  3.593707e+01  2.165208e-10
     vertex -1.268940e+01  3.593707e+01  7.000000e+00
   endloop
 endfacet
 facet normal -9.882496e-01  1.528487e-01  3.449431e-15
   outer loop
     vertex -1.267445e+01  3.642261e+01  2.165300e-10
     vertex -1.271185e+01  3.618076e+01  7.000000e+00
     vertex -1.267445e+01  3.642261e+01  7.000000e+00
   endloop
 endfacet
 facet normal -9.882496e-01  1.528487e-01  2.947797e-15
   outer loop
     vertex -1.267445e+01  3.642261e+01  2.165300e-10
     vertex -1.271185e+01  3.618076e+01  2.165254e-10
     vertex -1.271185e+01  3.618076e+01  7.000000e+00
   endloop
 endfacet
 facet normal -9.215318e-01  3.883029e-01  8.116875e-15
   outer loop
     vertex -1.257942e+01  3.664813e+01  2.165342e-10
     vertex -1.267445e+01  3.642261e+01  7.000000e+00
     vertex -1.257942e+01  3.664813e+01  7.000000e+00
   endloop
 endfacet
 facet normal -9.215318e-01  3.883029e-01  7.955304e-15
   outer loop
     vertex -1.257942e+01  3.664813e+01  2.165342e-10
     vertex -1.267445e+01  3.642261e+01  2.165300e-10
     vertex -1.267445e+01  3.642261e+01  7.000000e+00
   endloop
 endfacet
 facet normal -6.298259e-01  7.767364e-01  1.514009e-14
   outer loop
     vertex -1.243246e+01  3.684382e+01  2.165378e-10
     vertex -1.243246e+01  3.684382e+01  7.000000e+00
     vertex -1.224238e+01  3.699795e+01  7.000000e+00
   endloop
 endfacet
 facet normal -7.996235e-01  6.005016e-01  1.178429e-14
   outer loop
     vertex -1.243246e+01  3.684382e+01  2.165378e-10
     vertex -1.257942e+01  3.664813e+01  7.000000e+00
     vertex -1.243246e+01  3.684382e+01  7.000000e+00
   endloop
 endfacet
 facet normal -7.996235e-01  6.005016e-01  1.239269e-14
   outer loop
     vertex -1.243246e+01  3.684382e+01  2.165378e-10
     vertex -1.257942e+01  3.664813e+01  2.165342e-10
     vertex -1.257942e+01  3.664813e+01  7.000000e+00
   endloop
 endfacet
 facet normal -6.298259e-01  7.767364e-01  1.498026e-14
   outer loop
     vertex -1.224238e+01  3.699795e+01  2.165407e-10
     vertex -1.243246e+01  3.684382e+01  2.165378e-10
     vertex -1.224238e+01  3.699795e+01  7.000000e+00
   endloop
 endfacet
 facet normal -4.223080e-01  9.064524e-01  1.872359e-14
   outer loop
     vertex -1.202055e+01  3.710130e+01  2.165425e-10
     vertex -1.224238e+01  3.699795e+01  7.000000e+00
     vertex -1.202055e+01  3.710130e+01  7.000000e+00
   endloop
 endfacet
 facet normal -4.223080e-01  9.064524e-01  1.748223e-14
   outer loop
     vertex -1.202055e+01  3.710130e+01  2.165425e-10
     vertex -1.224238e+01  3.699795e+01  2.165407e-10
     vertex -1.224238e+01  3.699795e+01  7.000000e+00
   endloop
 endfacet
 facet normal -4.651507e-01  8.852315e-01  1.730880e-14
   outer loop
     vertex -2.222899e+01  3.204484e+01  2.164509e-10
     vertex -2.222899e+01  3.204484e+01  7.000000e+00
     vertex -2.201235e+01  3.215868e+01  7.000000e+00
   endloop
 endfacet
 facet normal -2.362121e-01  9.717015e-01  1.874039e-14
   outer loop
     vertex -2.201235e+01  3.215868e+01  2.164530e-10
     vertex -2.201235e+01  3.215868e+01  7.000000e+00
     vertex -2.177455e+01  3.221648e+01  7.000000e+00
   endloop
 endfacet
 facet normal -4.651507e-01  8.852315e-01  1.707272e-14
   outer loop
     vertex -2.201235e+01  3.215868e+01  2.164530e-10
     vertex -2.222899e+01  3.204484e+01  2.164509e-10
     vertex -2.201235e+01  3.215868e+01  7.000000e+00
   endloop
 endfacet
 facet normal  6.873218e-03  9.999764e-01  1.927873e-14
   outer loop
     vertex -2.177455e+01  3.221648e+01  2.164540e-10
     vertex -2.177455e+01  3.221648e+01  7.000000e+00
     vertex -2.152983e+01  3.221480e+01  7.000000e+00
   endloop
 endfacet
 facet normal -2.362121e-01  9.717015e-01  1.898016e-14
   outer loop
     vertex -2.177455e+01  3.221648e+01  2.164540e-10
     vertex -2.201235e+01  3.215868e+01  2.164530e-10
     vertex -2.177455e+01  3.221648e+01  7.000000e+00
   endloop
 endfacet
 facet normal  2.495469e-01  9.683627e-01  1.978560e-14
   outer loop
     vertex -2.152983e+01  3.221480e+01  2.164539e-10
     vertex -2.152983e+01  3.221480e+01  7.000000e+00
     vertex -2.129285e+01  3.215373e+01  7.000000e+00
   endloop
 endfacet
 facet normal  6.873218e-03  9.999764e-01  2.030423e-14
   outer loop
     vertex -2.152983e+01  3.221480e+01  2.164539e-10
     vertex -2.177455e+01  3.221648e+01  2.164540e-10
     vertex -2.152983e+01  3.221480e+01  7.000000e+00
   endloop
 endfacet
 facet normal  4.772752e-01  8.787539e-01  1.670556e-14
   outer loop
     vertex -2.129285e+01  3.215373e+01  2.164526e-10
     vertex -2.129285e+01  3.215373e+01  7.000000e+00
     vertex -2.107780e+01  3.203693e+01  7.000000e+00
   endloop
 endfacet
 facet normal  2.495469e-01  9.683627e-01  1.854935e-14
   outer loop
     vertex -2.129285e+01  3.215373e+01  2.164526e-10
     vertex -2.152983e+01  3.221480e+01  2.164539e-10
     vertex -2.129285e+01  3.215373e+01  7.000000e+00
   endloop
 endfacet
 facet normal  6.764195e-01  7.365165e-01  1.420458e-14
   outer loop
     vertex -2.107780e+01  3.203693e+01  2.164503e-10
     vertex -2.107780e+01  3.203693e+01  7.000000e+00
     vertex -2.089756e+01  3.187140e+01  7.000000e+00
   endloop
 endfacet
 facet normal  4.772752e-01  8.787539e-01  1.694779e-14
   outer loop
     vertex -2.107780e+01  3.203693e+01  2.164503e-10
     vertex -2.129285e+01  3.215373e+01  2.164526e-10
     vertex -2.107780e+01  3.203693e+01  7.000000e+00
   endloop
 endfacet
 facet normal  6.764195e-01  7.365165e-01  1.386127e-14
   outer loop
     vertex -2.089756e+01  3.187140e+01  2.164471e-10
     vertex -2.107780e+01  3.203693e+01  2.164503e-10
     vertex -2.089756e+01  3.187140e+01  7.000000e+00
   endloop
 endfacet
 facet normal  8.350532e-01  5.501693e-01  1.004225e-14
   outer loop
     vertex -2.076292e+01  3.166704e+01  2.164414e-10
     vertex -2.089756e+01  3.187140e+01  7.000000e+00
     vertex -2.076292e+01  3.166704e+01  7.000000e+00
   endloop
 endfacet
 facet normal  8.350532e-01  5.501693e-01  1.018716e-14
   outer loop
     vertex -2.076292e+01  3.166704e+01  2.164414e-10
     vertex -2.089756e+01  3.187140e+01  2.164471e-10
     vertex -2.089756e+01  3.187140e+01  7.000000e+00
   endloop
 endfacet
endsolid
