solid 
 facet normal -2.856004e-01  9.510592e-01 -1.179778e-01
   outer loop
     vertex  9.534909e+01  4.523556e+01  4.530000e+02
     vertex  9.724734e+01  4.589281e+01  4.537030e+02
     vertex  9.728244e+01  4.581614e+01  4.530000e+02
   endloop
 endfacet
 facet normal -2.697204e-01  8.982048e-01 -3.471009e-01
   outer loop
     vertex  9.531437e+01  4.531231e+01  4.537029e+02
     vertex  9.714513e+01  4.611773e+01  4.543645e+02
     vertex  9.724734e+01  4.589281e+01  4.537030e+02
   endloop
 endfacet
 facet normal -2.856084e-01  9.510595e-01 -1.179564e-01
   outer loop
     vertex  9.531437e+01  4.531231e+01  4.537029e+02
     vertex  9.724734e+01  4.589281e+01  4.537030e+02
     vertex  9.534909e+01  4.523556e+01  4.530000e+02
   endloop
 endfacet
 facet normal -2.390197e-01  7.959881e-01 -5.561227e-01
   outer loop
     vertex  9.521327e+01  4.553749e+01  4.543643e+02
     vertex  9.698372e+01  4.647821e+01  4.549498e+02
     vertex  9.714513e+01  4.611773e+01  4.543645e+02
   endloop
 endfacet
 facet normal -2.697456e-01  8.982179e-01 -3.470473e-01
   outer loop
     vertex  9.521327e+01  4.553749e+01  4.543643e+02
     vertex  9.714513e+01  4.611773e+01  4.543645e+02
     vertex  9.531437e+01  4.531231e+01  4.537029e+02
   endloop
 endfacet
 facet normal -1.950777e-01  6.496647e-01 -7.347655e-01
   outer loop
     vertex  9.505354e+01  4.589842e+01  4.549496e+02
     vertex  9.677420e+01  4.695625e+01  4.554281e+02
     vertex  9.698372e+01  4.647821e+01  4.549498e+02
   endloop
 endfacet
 facet normal -2.390574e-01  7.960203e-01 -5.560605e-01
   outer loop
     vertex  9.505354e+01  4.589842e+01  4.549496e+02
     vertex  9.698372e+01  4.647821e+01  4.549498e+02
     vertex  9.521327e+01  4.553749e+01  4.543643e+02
   endloop
 endfacet
 facet normal -1.404086e-01  4.676053e-01 -8.727146e-01
   outer loop
     vertex  9.484606e+01  4.637707e+01  4.554280e+02
     vertex  9.653154e+01  4.752504e+01  4.557719e+02
     vertex  9.677420e+01  4.695625e+01  4.554281e+02
   endloop
 endfacet
 facet normal -1.951168e-01  6.497068e-01 -7.347179e-01
   outer loop
     vertex  9.484606e+01  4.637707e+01  4.554280e+02
     vertex  9.677420e+01  4.695625e+01  4.554281e+02
     vertex  9.505354e+01  4.589842e+01  4.549496e+02
   endloop
 endfacet
 facet normal -8.356143e-02  2.782820e-01 -9.568577e-01
   outer loop
     vertex  9.460560e+01  4.694657e+01  4.557719e+02
     vertex  9.631608e+01  4.804467e+01  4.559419e+02
     vertex  9.653154e+01  4.752504e+01  4.557719e+02
   endloop
 endfacet
 facet normal -1.404387e-01  4.676420e-01 -8.726900e-01
   outer loop
     vertex  9.460560e+01  4.694657e+01  4.557719e+02
     vertex  9.653154e+01  4.752504e+01  4.557719e+02
     vertex  9.484606e+01  4.637707e+01  4.554280e+02
   endloop
 endfacet
 facet normal -2.830667e-02  9.426973e-02 -9.951442e-01
   outer loop
     vertex  9.439195e+01  4.746681e+01  4.559419e+02
     vertex  9.609546e+01  4.859204e+01  4.560000e+02
     vertex  9.631608e+01  4.804467e+01  4.559419e+02
   endloop
 endfacet
 facet normal -8.357602e-02  2.783036e-01 -9.568501e-01
   outer loop
     vertex  9.439195e+01  4.746681e+01  4.559419e+02
     vertex  9.631608e+01  4.804467e+01  4.559419e+02
     vertex  9.460560e+01  4.694657e+01  4.557719e+02
   endloop
 endfacet
 facet normal -2.831080e-02  9.427594e-02 -9.951435e-01
   outer loop
     vertex  9.417305e+01  4.801474e+01  4.560000e+02
     vertex  9.609546e+01  4.859204e+01  4.560000e+02
     vertex  9.439195e+01  4.746681e+01  4.559419e+02
   endloop
 endfacet
 facet normal -1.700682e-01  9.854323e-01  2.302666e-14
   outer loop
     vertex  1.351494e+02  1.177055e+02  4.395000e+02
     vertex  1.356483e+02  1.177916e+02  4.464000e+02
     vertex  1.356483e+02  1.177916e+02  4.395000e+02
   endloop
 endfacet
 facet normal -1.700682e-01  9.854323e-01  2.099594e-14
   outer loop
     vertex  1.351494e+02  1.177055e+02  4.395000e+02
     vertex  1.351494e+02  1.177055e+02  4.464000e+02
     vertex  1.356483e+02  1.177916e+02  4.464000e+02
   endloop
 endfacet
 facet normal  7.070302e-02  9.974974e-01  1.643512e-14
   outer loop
     vertex  1.346444e+02  1.177413e+02  4.395000e+02
     vertex  1.346444e+02  1.177413e+02  4.464000e+02
     vertex  1.351494e+02  1.177055e+02  4.464000e+02
   endloop
 endfacet
 facet normal  7.070302e-02  9.974974e-01  2.025262e-14
   outer loop
     vertex  1.346444e+02  1.177413e+02  4.395000e+02
     vertex  1.351494e+02  1.177055e+02  4.464000e+02
     vertex  1.351494e+02  1.177055e+02  4.395000e+02
   endloop
 endfacet
 facet normal  3.073653e-01  9.515916e-01  2.086451e-14
   outer loop
     vertex  1.341627e+02  1.178969e+02  4.395000e+02
     vertex  1.341627e+02  1.178969e+02  4.464000e+02
     vertex  1.346444e+02  1.177413e+02  4.464000e+02
   endloop
 endfacet
 facet normal  3.073653e-01  9.515916e-01  1.568086e-14
   outer loop
     vertex  1.341627e+02  1.178969e+02  4.395000e+02
     vertex  1.346444e+02  1.177413e+02  4.464000e+02
     vertex  1.346444e+02  1.177413e+02  4.395000e+02
   endloop
 endfacet
 facet normal  5.261646e-01  8.503828e-01  2.318413e-14
   outer loop
     vertex  1.337322e+02  1.181633e+02  4.395000e+02
     vertex  1.337322e+02  1.181633e+02  4.464000e+02
     vertex  1.341627e+02  1.178969e+02  4.464000e+02
   endloop
 endfacet
 facet normal  5.261646e-01  8.503828e-01  1.968152e-14
   outer loop
     vertex  1.337322e+02  1.181633e+02  4.395000e+02
     vertex  1.341627e+02  1.178969e+02  4.464000e+02
     vertex  1.341627e+02  1.178969e+02  4.395000e+02
   endloop
 endfacet
 facet normal  7.143851e-01  6.997528e-01  1.447199e-14
   outer loop
     vertex  1.333779e+02  1.185250e+02  4.395000e+02
     vertex  1.333779e+02  1.185250e+02  4.464000e+02
     vertex  1.337322e+02  1.181633e+02  4.464000e+02
   endloop
 endfacet
 facet normal  7.143851e-01  6.997528e-01  2.023772e-14
   outer loop
     vertex  1.333779e+02  1.185250e+02  4.395000e+02
     vertex  1.337322e+02  1.181633e+02  4.464000e+02
     vertex  1.337322e+02  1.181633e+02  4.395000e+02
   endloop
 endfacet
 facet normal  8.610882e-01  5.084557e-01  1.506595e-14
   outer loop
     vertex  1.331205e+02  1.189609e+02  4.395000e+02
     vertex  1.331205e+02  1.189609e+02  4.464000e+02
     vertex  1.333779e+02  1.185250e+02  4.464000e+02
   endloop
 endfacet
 facet normal  8.610882e-01  5.084557e-01  1.192254e-14
   outer loop
     vertex  1.331205e+02  1.189609e+02  4.395000e+02
     vertex  1.333779e+02  1.185250e+02  4.464000e+02
     vertex  1.333779e+02  1.185250e+02  4.395000e+02
   endloop
 endfacet
 facet normal  9.577479e-01  2.876090e-01  9.868482e-15
   outer loop
     vertex  1.329749e+02  1.194457e+02  4.395000e+02
     vertex  1.329749e+02  1.194457e+02  4.464000e+02
     vertex  1.331205e+02  1.189609e+02  4.464000e+02
   endloop
 endfacet
 facet normal  9.577479e-01  2.876090e-01  1.046053e-14
   outer loop
     vertex  1.329749e+02  1.194457e+02  4.395000e+02
     vertex  1.331205e+02  1.189609e+02  4.464000e+02
     vertex  1.331205e+02  1.189609e+02  4.395000e+02
   endloop
 endfacet
 facet normal  9.987468e-01  5.004751e-02  7.215254e-16
   outer loop
     vertex  1.329496e+02  1.199514e+02  4.395000e+02
     vertex  1.329496e+02  1.199514e+02  4.464000e+02
     vertex  1.329749e+02  1.194457e+02  4.464000e+02
   endloop
 endfacet
 facet normal  9.987468e-01  5.004751e-02  5.144846e-15
   outer loop
     vertex  1.329496e+02  1.199514e+02  4.395000e+02
     vertex  1.329749e+02  1.194457e+02  4.464000e+02
     vertex  1.329749e+02  1.194457e+02  4.395000e+02
   endloop
 endfacet
 facet normal  9.817022e-01 -1.904225e-01 -3.137469e-15
   outer loop
     vertex  1.330460e+02  1.204484e+02  4.395000e+02
     vertex  1.330460e+02  1.204484e+02  4.464000e+02
     vertex  1.329496e+02  1.199514e+02  4.464000e+02
   endloop
 endfacet
 facet normal  9.817022e-01 -1.904225e-01 -2.745242e-15
   outer loop
     vertex  1.330460e+02  1.204484e+02  4.395000e+02
     vertex  1.329496e+02  1.199514e+02  4.464000e+02
     vertex  1.329496e+02  1.199514e+02  4.395000e+02
   endloop
 endfacet
 facet normal  7.807604e-01 -6.248306e-01 -8.365774e-15
   outer loop
     vertex  1.332585e+02  1.209078e+02  4.395000e+02
     vertex  1.335749e+02  1.213031e+02  4.464000e+02
     vertex  1.332585e+02  1.209078e+02  4.464000e+02
   endloop
 endfacet
 facet normal  9.076046e-01 -4.198259e-01 -4.043347e-15
   outer loop
     vertex  1.332585e+02  1.209078e+02  4.395000e+02
     vertex  1.332585e+02  1.209078e+02  4.464000e+02
     vertex  1.330460e+02  1.204484e+02  4.464000e+02
   endloop
 endfacet
 facet normal  9.076046e-01 -4.198259e-01 -6.916739e-15
   outer loop
     vertex  1.332585e+02  1.209078e+02  4.395000e+02
     vertex  1.330460e+02  1.204484e+02  4.464000e+02
     vertex  1.330460e+02  1.204484e+02  4.395000e+02
   endloop
 endfacet
 facet normal  7.807604e-01 -6.248306e-01 -1.029493e-14
   outer loop
     vertex  1.335749e+02  1.213031e+02  4.395000e+02
     vertex  1.335749e+02  1.213031e+02  4.464000e+02
     vertex  1.332585e+02  1.209078e+02  4.395000e+02
   endloop
 endfacet
 facet normal  4.009557e-01 -9.160974e-01 -1.674552e-14
   outer loop
     vertex  1.339766e+02  1.216112e+02  4.395000e+02
     vertex  1.344404e+02  1.218142e+02  4.464000e+02
     vertex  1.339766e+02  1.216112e+02  4.464000e+02
   endloop
 endfacet
 facet normal  6.085412e-01 -7.935223e-01 -1.558099e-14
   outer loop
     vertex  1.339766e+02  1.216112e+02  4.395000e+02
     vertex  1.339766e+02  1.216112e+02  4.464000e+02
     vertex  1.335749e+02  1.213031e+02  4.464000e+02
   endloop
 endfacet
 facet normal  6.085412e-01 -7.935223e-01 -1.307466e-14
   outer loop
     vertex  1.339766e+02  1.216112e+02  4.395000e+02
     vertex  1.335749e+02  1.213031e+02  4.464000e+02
     vertex  1.335749e+02  1.213031e+02  4.395000e+02
   endloop
 endfacet
 facet normal  4.009557e-01 -9.160974e-01 -2.240575e-14
   outer loop
     vertex  1.344404e+02  1.218142e+02  4.395000e+02
     vertex  1.344404e+02  1.218142e+02  4.464000e+02
     vertex  1.339766e+02  1.216112e+02  4.395000e+02
   endloop
 endfacet
 facet normal -1.700682e-01  9.854323e-01  1.826520e-14
   outer loop
     vertex  1.650608e+02  1.809974e+01  4.395000e+02
     vertex  1.655596e+02  1.818584e+01  4.464000e+02
     vertex  1.655596e+02  1.818584e+01  4.395000e+02
   endloop
 endfacet
 facet normal -1.700682e-01  9.854323e-01  1.826587e-14
   outer loop
     vertex  1.650608e+02  1.809974e+01  4.395000e+02
     vertex  1.650608e+02  1.809974e+01  4.464000e+02
     vertex  1.655596e+02  1.818584e+01  4.464000e+02
   endloop
 endfacet
 facet normal  7.070302e-02  9.974974e-01  1.848951e-14
   outer loop
     vertex  1.650608e+02  1.809974e+01  4.395000e+02
     vertex  1.645558e+02  1.813553e+01  4.464000e+02
     vertex  1.650608e+02  1.809974e+01  4.464000e+02
   endloop
 endfacet
 facet normal  3.073653e-01  9.515916e-01  1.441269e-14
   outer loop
     vertex  1.645558e+02  1.813553e+01  4.395000e+02
     vertex  1.640740e+02  1.829114e+01  4.464000e+02
     vertex  1.645558e+02  1.813553e+01  4.464000e+02
   endloop
 endfacet
 facet normal  7.070302e-02  9.974974e-01  1.614389e-14
   outer loop
     vertex  1.645558e+02  1.813553e+01  4.395000e+02
     vertex  1.645558e+02  1.813553e+01  4.464000e+02
     vertex  1.650608e+02  1.809974e+01  4.395000e+02
   endloop
 endfacet
 facet normal  5.261646e-01  8.503828e-01  1.576261e-14
   outer loop
     vertex  1.640740e+02  1.829114e+01  4.395000e+02
     vertex  1.636435e+02  1.855751e+01  4.464000e+02
     vertex  1.640740e+02  1.829114e+01  4.464000e+02
   endloop
 endfacet
 facet normal  3.073653e-01  9.515916e-01  1.763860e-14
   outer loop
     vertex  1.640740e+02  1.829114e+01  4.395000e+02
     vertex  1.640740e+02  1.829114e+01  4.464000e+02
     vertex  1.645558e+02  1.813553e+01  4.395000e+02
   endloop
 endfacet
 facet normal  7.143851e-01  6.997528e-01  1.074852e-14
   outer loop
     vertex  1.636435e+02  1.855751e+01  4.395000e+02
     vertex  1.632893e+02  1.891917e+01  4.464000e+02
     vertex  1.636435e+02  1.855751e+01  4.464000e+02
   endloop
 endfacet
 facet normal  5.261646e-01  8.503828e-01  1.447099e-14
   outer loop
     vertex  1.636435e+02  1.855751e+01  4.395000e+02
     vertex  1.636435e+02  1.855751e+01  4.464000e+02
     vertex  1.640740e+02  1.829114e+01  4.395000e+02
   endloop
 endfacet
 facet normal  8.610882e-01  5.084557e-01  8.377495e-15
   outer loop
     vertex  1.632893e+02  1.891917e+01  4.395000e+02
     vertex  1.630319e+02  1.935510e+01  4.464000e+02
     vertex  1.632893e+02  1.891917e+01  4.464000e+02
   endloop
 endfacet
 facet normal  7.143851e-01  6.997528e-01  1.152937e-14
   outer loop
     vertex  1.632893e+02  1.891917e+01  4.395000e+02
     vertex  1.632893e+02  1.891917e+01  4.464000e+02
     vertex  1.636435e+02  1.855751e+01  4.395000e+02
   endloop
 endfacet
 facet normal  9.577479e-01  2.876090e-01  5.627262e-15
   outer loop
     vertex  1.630319e+02  1.935510e+01  4.395000e+02
     vertex  1.628863e+02  1.983997e+01  4.464000e+02
     vertex  1.630319e+02  1.935510e+01  4.464000e+02
   endloop
 endfacet
 facet normal  8.610882e-01  5.084557e-01  9.948276e-15
   outer loop
     vertex  1.630319e+02  1.935510e+01  4.395000e+02
     vertex  1.630319e+02  1.935510e+01  4.464000e+02
     vertex  1.632893e+02  1.891917e+01  4.395000e+02
   endloop
 endfacet
 facet normal  9.577479e-01  2.876090e-01  5.331091e-15
   outer loop
     vertex  1.628863e+02  1.983997e+01  4.395000e+02
     vertex  1.628863e+02  1.983997e+01  4.464000e+02
     vertex  1.630319e+02  1.935510e+01  4.395000e+02
   endloop
 endfacet
 facet normal  9.987468e-01  5.004751e-02  8.761380e-16
   outer loop
     vertex  1.628609e+02  2.034558e+01  4.395000e+02
     vertex  1.628609e+02  2.034558e+01  4.464000e+02
     vertex  1.628863e+02  1.983997e+01  4.464000e+02
   endloop
 endfacet
 facet normal  9.987468e-01  5.004751e-02  9.276615e-16
   outer loop
     vertex  1.628609e+02  2.034558e+01  4.395000e+02
     vertex  1.628863e+02  1.983997e+01  4.464000e+02
     vertex  1.628863e+02  1.983997e+01  4.395000e+02
   endloop
 endfacet
 facet normal  9.817022e-01 -1.904225e-01  3.179737e-16
   outer loop
     vertex  1.629573e+02  2.084258e+01  4.395000e+02
     vertex  1.629573e+02  2.084258e+01  4.464000e+02
     vertex  1.628609e+02  2.034558e+01  4.464000e+02
   endloop
 endfacet
 facet normal  9.076046e-01 -4.198259e-01 -4.475672e-15
   outer loop
     vertex  1.629573e+02  2.084258e+01  4.395000e+02
     vertex  1.631699e+02  2.130205e+01  4.464000e+02
     vertex  1.629573e+02  2.084258e+01  4.464000e+02
   endloop
 endfacet
 facet normal  9.817022e-01 -1.904225e-01 -3.333225e-15
   outer loop
     vertex  1.629573e+02  2.084258e+01  4.395000e+02
     vertex  1.628609e+02  2.034558e+01  4.464000e+02
     vertex  1.628609e+02  2.034558e+01  4.395000e+02
   endloop
 endfacet
 facet normal  7.807604e-01 -6.248306e-01 -1.158180e-14
   outer loop
     vertex  1.631699e+02  2.130205e+01  4.395000e+02
     vertex  1.634862e+02  2.169732e+01  4.464000e+02
     vertex  1.631699e+02  2.130205e+01  4.464000e+02
   endloop
 endfacet
 facet normal  9.076046e-01 -4.198259e-01 -7.781850e-15
   outer loop
     vertex  1.631699e+02  2.130205e+01  4.395000e+02
     vertex  1.631699e+02  2.130205e+01  4.464000e+02
     vertex  1.629573e+02  2.084258e+01  4.395000e+02
   endloop
 endfacet
 facet normal  6.085412e-01 -7.935223e-01 -1.220201e-14
   outer loop
     vertex  1.634862e+02  2.169732e+01  4.395000e+02
     vertex  1.638879e+02  2.200539e+01  4.464000e+02
     vertex  1.634862e+02  2.169732e+01  4.464000e+02
   endloop
 endfacet
 facet normal  7.807604e-01 -6.248306e-01 -8.365774e-15
   outer loop
     vertex  1.634862e+02  2.169732e+01  4.395000e+02
     vertex  1.634862e+02  2.169732e+01  4.464000e+02
     vertex  1.631699e+02  2.130205e+01  4.395000e+02
   endloop
 endfacet
 facet normal  6.085412e-01 -7.935223e-01 -1.389150e-14
   outer loop
     vertex  1.638879e+02  2.200539e+01  4.395000e+02
     vertex  1.638879e+02  2.200539e+01  4.464000e+02
     vertex  1.634862e+02  2.169732e+01  4.395000e+02
   endloop
 endfacet
 facet normal  4.009557e-01 -9.160974e-01 -1.698069e-14
   outer loop
     vertex  1.643517e+02  2.220838e+01  4.395000e+02
     vertex  1.643517e+02  2.220838e+01  4.464000e+02
     vertex  1.638879e+02  2.200539e+01  4.464000e+02
   endloop
 endfacet
 facet normal  4.009557e-01 -9.160974e-01 -1.603841e-14
   outer loop
     vertex  1.643517e+02  2.220838e+01  4.395000e+02
     vertex  1.638879e+02  2.200539e+01  4.464000e+02
     vertex  1.638879e+02  2.200539e+01  4.395000e+02
   endloop
 endfacet
 facet normal -9.839278e-01 -1.785668e-01 -1.792369e-15
   outer loop
     vertex  1.598672e+02  1.985399e+01  4.395000e+02
     vertex  1.600712e+02  1.873030e+01  4.600000e+02
     vertex  1.598672e+02  1.985399e+01  4.600000e+02
   endloop
 endfacet
 facet normal -9.839278e-01 -1.785668e-01 -3.280387e-15
   outer loop
     vertex  1.598672e+02  1.985399e+01  4.395000e+02
     vertex  1.600712e+02  1.873030e+01  4.395000e+02
     vertex  1.600712e+02  1.873030e+01  4.600000e+02
   endloop
 endfacet
 facet normal -9.989935e-01  4.485476e-02 -5.610418e-16
   outer loop
     vertex  1.599184e+02  2.099487e+01  4.395000e+02
     vertex  1.598672e+02  1.985399e+01  4.600000e+02
     vertex  1.599184e+02  2.099487e+01  4.600000e+02
   endloop
 endfacet
 facet normal -9.989935e-01  4.485476e-02  2.177836e-15
   outer loop
     vertex  1.599184e+02  2.099487e+01  4.395000e+02
     vertex  1.598672e+02  1.985399e+01  4.395000e+02
     vertex  1.598672e+02  1.985399e+01  4.600000e+02
   endloop
 endfacet
 facet normal -8.805958e-01  4.738573e-01  3.205993e-03
   outer loop
     vertex  1.604688e+02  2.262156e+01  4.500000e+02
     vertex  1.602223e+02  2.209576e+01  4.600000e+02
     vertex  1.607634e+02  2.310144e+01  4.600000e+02
   endloop
 endfacet
 facet normal -9.639195e-01  2.660144e-01 -9.776611e-03
   outer loop
     vertex  1.604688e+02  2.262156e+01  4.500000e+02
     vertex  1.599184e+02  2.099487e+01  4.600000e+02
     vertex  1.602223e+02  2.209576e+01  4.600000e+02
   endloop
 endfacet
 facet normal -9.472559e-01  3.204781e-01  4.576013e-15
   outer loop
     vertex  1.604688e+02  2.262156e+01  4.500000e+02
     vertex  1.599184e+02  2.099487e+01  4.395000e+02
     vertex  1.599184e+02  2.099487e+01  4.600000e+02
   endloop
 endfacet
 facet normal -9.472559e-01  3.204781e-01  1.380388e-14
   outer loop
     vertex  1.604688e+02  2.262156e+01  4.464000e+02
     vertex  1.599184e+02  2.099487e+01  4.395000e+02
     vertex  1.604688e+02  2.262156e+01  4.500000e+02
   endloop
 endfacet
 facet normal -9.638688e-01  2.660004e-01  1.416826e-02
   outer loop
     vertex  1.602223e+02  2.209576e+01  4.395000e+02
     vertex  1.599184e+02  2.099487e+01  4.395000e+02
     vertex  1.604688e+02  2.262156e+01  4.464000e+02
   endloop
 endfacet
 facet normal -7.530747e-01  6.579281e-01  3.024269e-03
   outer loop
     vertex  1.610266e+02  2.344862e+01  4.500000e+02
     vertex  1.607634e+02  2.310144e+01  4.600000e+02
     vertex  1.615148e+02  2.396148e+01  4.600000e+02
   endloop
 endfacet
 facet normal -8.290657e-01  5.591460e-01 -2.405069e-03
   outer loop
     vertex  1.610266e+02  2.344862e+01  4.500000e+02
     vertex  1.604688e+02  2.262156e+01  4.500000e+02
     vertex  1.607634e+02  2.310144e+01  4.600000e+02
   endloop
 endfacet
 facet normal -8.290630e-01  5.591443e-01  3.485597e-03
   outer loop
     vertex  1.607634e+02  2.310144e+01  4.395000e+02
     vertex  1.604688e+02  2.262156e+01  4.464000e+02
     vertex  1.610266e+02  2.344862e+01  4.464000e+02
   endloop
 endfacet
 facet normal -8.805908e-01  4.738547e-01 -4.646341e-03
   outer loop
     vertex  1.607634e+02  2.310144e+01  4.395000e+02
     vertex  1.602223e+02  2.209576e+01  4.395000e+02
     vertex  1.604688e+02  2.262156e+01  4.464000e+02
   endloop
 endfacet
 facet normal -5.877917e-01  8.090087e-01  2.428988e-03
   outer loop
     vertex  1.617347e+02  2.415128e+01  4.500000e+02
     vertex  1.615148e+02  2.396148e+01  4.600000e+02
     vertex  1.624387e+02  2.463276e+01  4.600000e+02
   endloop
 endfacet
 facet normal -7.043591e-01  7.098409e-01 -2.016526e-03
   outer loop
     vertex  1.617347e+02  2.415128e+01  4.500000e+02
     vertex  1.610266e+02  2.344862e+01  4.500000e+02
     vertex  1.615148e+02  2.396148e+01  4.600000e+02
   endloop
 endfacet
 facet normal -3.930339e-01  9.195229e-01  1.420627e-03
   outer loop
     vertex  1.625661e+02  2.470264e+01  4.500000e+02
     vertex  1.624387e+02  2.463276e+01  4.600000e+02
     vertex  1.634889e+02  2.508162e+01  4.600000e+02
   endloop
 endfacet
 facet normal -5.527032e-01  8.333773e-01 -1.214620e-03
   outer loop
     vertex  1.625661e+02  2.470264e+01  4.500000e+02
     vertex  1.617347e+02  2.415128e+01  4.500000e+02
     vertex  1.624387e+02  2.463276e+01  4.600000e+02
   endloop
 endfacet
 facet normal -7.043576e-01  7.098393e-01  2.922494e-03
   outer loop
     vertex  1.615148e+02  2.396148e+01  4.395000e+02
     vertex  1.610266e+02  2.344862e+01  4.464000e+02
     vertex  1.617347e+02  2.415128e+01  4.464000e+02
   endloop
 endfacet
 facet normal -7.530709e-01  6.579248e-01 -4.382977e-03
   outer loop
     vertex  1.615148e+02  2.396148e+01  4.395000e+02
     vertex  1.607634e+02  2.310144e+01  4.395000e+02
     vertex  1.610266e+02  2.344862e+01  4.464000e+02
   endloop
 endfacet
 facet normal -3.798997e-01  9.250277e-01  1.600932e-14
   outer loop
     vertex  1.634889e+02  2.508162e+01  4.500000e+02
     vertex  1.625661e+02  2.470264e+01  4.500000e+02
     vertex  1.634889e+02  2.508162e+01  4.600000e+02
   endloop
 endfacet
 facet normal -5.527028e-01  8.333766e-01  1.760317e-03
   outer loop
     vertex  1.624387e+02  2.463276e+01  4.395000e+02
     vertex  1.617347e+02  2.415128e+01  4.464000e+02
     vertex  1.625661e+02  2.470264e+01  4.464000e+02
   endloop
 endfacet
 facet normal -5.877898e-01  8.090061e-01 -3.520261e-03
   outer loop
     vertex  1.624387e+02  2.463276e+01  4.395000e+02
     vertex  1.615148e+02  2.396148e+01  4.395000e+02
     vertex  1.617347e+02  2.415128e+01  4.464000e+02
   endloop
 endfacet
 facet normal -3.798997e-01  9.250277e-01  1.714622e-14
   outer loop
     vertex  1.634889e+02  2.508162e+01  4.395000e+02
     vertex  1.625661e+02  2.470264e+01  4.464000e+02
     vertex  1.634889e+02  2.508162e+01  4.464000e+02
   endloop
 endfacet
 facet normal -3.930335e-01  9.195219e-01 -2.058877e-03
   outer loop
     vertex  1.634889e+02  2.508162e+01  4.395000e+02
     vertex  1.624387e+02  2.463276e+01  4.395000e+02
     vertex  1.625661e+02  2.470264e+01  4.464000e+02
   endloop
 endfacet
 facet normal -1.700682e-01  9.854323e-01  1.632152e-14
   outer loop
     vertex  1.351494e+02  1.177055e+02  4.500000e+02
     vertex  1.356483e+02  1.177916e+02  4.600000e+02
     vertex  1.356483e+02  1.177916e+02  4.500000e+02
   endloop
 endfacet
 facet normal -1.700682e-01  9.854323e-01  2.100575e-14
   outer loop
     vertex  1.351494e+02  1.177055e+02  4.500000e+02
     vertex  1.351494e+02  1.177055e+02  4.600000e+02
     vertex  1.356483e+02  1.177916e+02  4.600000e+02
   endloop
 endfacet
 facet normal  7.070302e-02  9.974974e-01  2.004636e-14
   outer loop
     vertex  1.346444e+02  1.177413e+02  4.500000e+02
     vertex  1.346444e+02  1.177413e+02  4.600000e+02
     vertex  1.351494e+02  1.177055e+02  4.600000e+02
   endloop
 endfacet
 facet normal  7.070302e-02  9.974974e-01  2.126334e-14
   outer loop
     vertex  1.346444e+02  1.177413e+02  4.500000e+02
     vertex  1.351494e+02  1.177055e+02  4.600000e+02
     vertex  1.351494e+02  1.177055e+02  4.500000e+02
   endloop
 endfacet
 facet normal  5.261646e-01  8.503828e-01  1.271917e-14
   outer loop
     vertex  1.341627e+02  1.178969e+02  4.500000e+02
     vertex  1.337322e+02  1.181633e+02  4.600000e+02
     vertex  1.341627e+02  1.178969e+02  4.600000e+02
   endloop
 endfacet
 facet normal  3.073653e-01  9.515916e-01  1.583264e-14
   outer loop
     vertex  1.341627e+02  1.178969e+02  4.500000e+02
     vertex  1.341627e+02  1.178969e+02  4.600000e+02
     vertex  1.346444e+02  1.177413e+02  4.600000e+02
   endloop
 endfacet
 facet normal  3.073653e-01  9.515916e-01  1.980567e-14
   outer loop
     vertex  1.341627e+02  1.178969e+02  4.500000e+02
     vertex  1.346444e+02  1.177413e+02  4.600000e+02
     vertex  1.346444e+02  1.177413e+02  4.500000e+02
   endloop
 endfacet
 facet normal  5.261646e-01  8.503828e-01  1.720552e-14
   outer loop
     vertex  1.337322e+02  1.181633e+02  4.500000e+02
     vertex  1.337322e+02  1.181633e+02  4.600000e+02
     vertex  1.341627e+02  1.178969e+02  4.500000e+02
   endloop
 endfacet
 facet normal  7.143851e-01  6.997528e-01  1.292731e-14
   outer loop
     vertex  1.333779e+02  1.185250e+02  4.500000e+02
     vertex  1.333779e+02  1.185250e+02  4.600000e+02
     vertex  1.337322e+02  1.181633e+02  4.600000e+02
   endloop
 endfacet
 facet normal  7.143851e-01  6.997528e-01  1.495637e-14
   outer loop
     vertex  1.333779e+02  1.185250e+02  4.500000e+02
     vertex  1.337322e+02  1.181633e+02  4.600000e+02
     vertex  1.337322e+02  1.181633e+02  4.500000e+02
   endloop
 endfacet
 facet normal  9.577479e-01  2.876090e-01  5.313320e-15
   outer loop
     vertex  1.331205e+02  1.189609e+02  4.500000e+02
     vertex  1.329749e+02  1.194457e+02  4.600000e+02
     vertex  1.331205e+02  1.189609e+02  4.600000e+02
   endloop
 endfacet
 facet normal  8.610882e-01  5.084557e-01  9.393267e-15
   outer loop
     vertex  1.331205e+02  1.189609e+02  4.500000e+02
     vertex  1.331205e+02  1.189609e+02  4.600000e+02
     vertex  1.333779e+02  1.185250e+02  4.600000e+02
   endloop
 endfacet
 facet normal  8.610882e-01  5.084557e-01  9.394330e-15
   outer loop
     vertex  1.331205e+02  1.189609e+02  4.500000e+02
     vertex  1.333779e+02  1.185250e+02  4.600000e+02
     vertex  1.333779e+02  1.185250e+02  4.500000e+02
   endloop
 endfacet
 facet normal  9.577479e-01  2.876090e-01  8.035404e-15
   outer loop
     vertex  1.329749e+02  1.194457e+02  4.500000e+02
     vertex  1.329749e+02  1.194457e+02  4.600000e+02
     vertex  1.331205e+02  1.189609e+02  4.500000e+02
   endloop
 endfacet
 facet normal  9.987468e-01  5.004751e-02  3.905436e-15
   outer loop
     vertex  1.329496e+02  1.199514e+02  4.500000e+02
     vertex  1.329496e+02  1.199514e+02  4.600000e+02
     vertex  1.329749e+02  1.194457e+02  4.600000e+02
   endloop
 endfacet
 facet normal  9.987468e-01  5.004751e-02  3.763078e-15
   outer loop
     vertex  1.329496e+02  1.199514e+02  4.500000e+02
     vertex  1.329749e+02  1.194457e+02  4.600000e+02
     vertex  1.329749e+02  1.194457e+02  4.500000e+02
   endloop
 endfacet
 facet normal  9.817022e-01 -1.904225e-01 -3.517887e-15
   outer loop
     vertex  1.330460e+02  1.204484e+02  4.500000e+02
     vertex  1.330460e+02  1.204484e+02  4.600000e+02
     vertex  1.329496e+02  1.199514e+02  4.600000e+02
   endloop
 endfacet
 facet normal  9.817022e-01 -1.904225e-01 -1.267837e-15
   outer loop
     vertex  1.330460e+02  1.204484e+02  4.500000e+02
     vertex  1.329496e+02  1.199514e+02  4.600000e+02
     vertex  1.329496e+02  1.199514e+02  4.500000e+02
   endloop
 endfacet
 facet normal  9.076046e-01 -4.198259e-01 -8.352519e-15
   outer loop
     vertex  1.332585e+02  1.209078e+02  4.500000e+02
     vertex  1.332585e+02  1.209078e+02  4.600000e+02
     vertex  1.330460e+02  1.204484e+02  4.600000e+02
   endloop
 endfacet
 facet normal  9.076046e-01 -4.198259e-01 -7.755051e-15
   outer loop
     vertex  1.332585e+02  1.209078e+02  4.500000e+02
     vertex  1.330460e+02  1.204484e+02  4.600000e+02
     vertex  1.330460e+02  1.204484e+02  4.500000e+02
   endloop
 endfacet
 facet normal  6.085412e-01 -7.935223e-01 -1.526153e-14
   outer loop
     vertex  1.335749e+02  1.213031e+02  4.500000e+02
     vertex  1.339766e+02  1.216112e+02  4.600000e+02
     vertex  1.335749e+02  1.213031e+02  4.600000e+02
   endloop
 endfacet
 facet normal  7.807604e-01 -6.248306e-01 -1.287431e-14
   outer loop
     vertex  1.335749e+02  1.213031e+02  4.500000e+02
     vertex  1.335749e+02  1.213031e+02  4.600000e+02
     vertex  1.332585e+02  1.209078e+02  4.600000e+02
   endloop
 endfacet
 facet normal  7.807604e-01 -6.248306e-01 -1.242892e-14
   outer loop
     vertex  1.335749e+02  1.213031e+02  4.500000e+02
     vertex  1.332585e+02  1.209078e+02  4.600000e+02
     vertex  1.332585e+02  1.209078e+02  4.500000e+02
   endloop
 endfacet
 facet normal  4.009557e-01 -9.160974e-01 -1.838821e-14
   outer loop
     vertex  1.339766e+02  1.216112e+02  4.500000e+02
     vertex  1.344404e+02  1.218142e+02  4.600000e+02
     vertex  1.339766e+02  1.216112e+02  4.600000e+02
   endloop
 endfacet
 facet normal  6.085412e-01 -7.935223e-01 -1.518537e-14
   outer loop
     vertex  1.339766e+02  1.216112e+02  4.500000e+02
     vertex  1.339766e+02  1.216112e+02  4.600000e+02
     vertex  1.335749e+02  1.213031e+02  4.500000e+02
   endloop
 endfacet
 facet normal  4.009557e-01 -9.160974e-01 -1.708635e-14
   outer loop
     vertex  1.344404e+02  1.218142e+02  4.500000e+02
     vertex  1.344404e+02  1.218142e+02  4.600000e+02
     vertex  1.339766e+02  1.216112e+02  4.500000e+02
   endloop
 endfacet
 facet normal  4.009557e-01 -9.160974e-01 -1.499496e-14
   outer loop
     vertex  1.056292e+02  9.681378e+01  4.395000e+02
     vertex  1.067334e+02  9.729708e+01  4.370000e+02
     vertex  1.067334e+02  9.729708e+01  4.395000e+02
   endloop
 endfacet
 facet normal  4.009557e-01 -9.160974e-01 -1.562223e-14
   outer loop
     vertex  1.056292e+02  9.681378e+01  4.395000e+02
     vertex  1.056292e+02  9.681378e+01  4.370000e+02
     vertex  1.067334e+02  9.729708e+01  4.370000e+02
   endloop
 endfacet
 facet normal  6.085412e-01 -7.935223e-01 -1.353196e-14
   outer loop
     vertex  1.046727e+02  9.608027e+01  4.395000e+02
     vertex  1.046727e+02  9.608027e+01  4.370000e+02
     vertex  1.056292e+02  9.681378e+01  4.370000e+02
   endloop
 endfacet
 facet normal  6.085412e-01 -7.935223e-01 -1.352126e-14
   outer loop
     vertex  1.046727e+02  9.608027e+01  4.395000e+02
     vertex  1.056292e+02  9.681378e+01  4.370000e+02
     vertex  1.056292e+02  9.681378e+01  4.395000e+02
   endloop
 endfacet
 facet normal  7.807604e-01 -6.248306e-01 -2.665392e-15
   outer loop
     vertex  1.039196e+02  9.513916e+01  4.395000e+02
     vertex  1.039196e+02  9.513916e+01  4.370000e+02
     vertex  1.046727e+02  9.608027e+01  4.370000e+02
   endloop
 endfacet
 facet normal  7.807604e-01 -6.248306e-01 -1.068437e-14
   outer loop
     vertex  1.039196e+02  9.513916e+01  4.395000e+02
     vertex  1.046727e+02  9.608027e+01  4.370000e+02
     vertex  1.046727e+02  9.608027e+01  4.395000e+02
   endloop
 endfacet
 facet normal  9.076046e-01 -4.198259e-01 -4.386601e-15
   outer loop
     vertex  1.034135e+02  9.404517e+01  4.395000e+02
     vertex  1.034135e+02  9.404517e+01  4.370000e+02
     vertex  1.039196e+02  9.513916e+01  4.370000e+02
   endloop
 endfacet
 facet normal  9.076046e-01 -4.198259e-01  4.052693e-16
   outer loop
     vertex  1.034135e+02  9.404517e+01  4.395000e+02
     vertex  1.039196e+02  9.513916e+01  4.370000e+02
     vertex  1.039196e+02  9.513916e+01  4.395000e+02
   endloop
 endfacet
 facet normal  9.817022e-01 -1.904225e-01 -3.247280e-15
   outer loop
     vertex  1.031840e+02  9.286185e+01  4.395000e+02
     vertex  1.031840e+02  9.286185e+01  4.370000e+02
     vertex  1.034135e+02  9.404517e+01  4.370000e+02
   endloop
 endfacet
 facet normal  9.987468e-01  5.004751e-02  8.534615e-16
   outer loop
     vertex  1.031840e+02  9.286185e+01  4.395000e+02
     vertex  1.032443e+02  9.165800e+01  4.370000e+02
     vertex  1.031840e+02  9.286185e+01  4.370000e+02
   endloop
 endfacet
 facet normal  9.817022e-01 -1.904225e-01  1.252650e-15
   outer loop
     vertex  1.031840e+02  9.286185e+01  4.395000e+02
     vertex  1.034135e+02  9.404517e+01  4.370000e+02
     vertex  1.034135e+02  9.404517e+01  4.395000e+02
   endloop
 endfacet
 facet normal  9.987468e-01  5.004751e-02 -4.823757e-15
   outer loop
     vertex  1.032443e+02  9.165800e+01  4.395000e+02
     vertex  1.032443e+02  9.165800e+01  4.370000e+02
     vertex  1.031840e+02  9.286185e+01  4.395000e+02
   endloop
 endfacet
 facet normal  9.577479e-01  2.876090e-01 -2.174431e-15
   outer loop
     vertex  1.035910e+02  9.050356e+01  4.395000e+02
     vertex  1.035910e+02  9.050356e+01  4.370000e+02
     vertex  1.032443e+02  9.165800e+01  4.370000e+02
   endloop
 endfacet
 facet normal  9.577479e-01  2.876090e-01 -5.342186e-16
   outer loop
     vertex  1.035910e+02  9.050356e+01  4.395000e+02
     vertex  1.032443e+02  9.165800e+01  4.370000e+02
     vertex  1.032443e+02  9.165800e+01  4.395000e+02
   endloop
 endfacet
 facet normal  8.610882e-01  5.084557e-01  8.670708e-15
   outer loop
     vertex  1.042039e+02  8.946563e+01  4.395000e+02
     vertex  1.042039e+02  8.946563e+01  4.370000e+02
     vertex  1.035910e+02  9.050356e+01  4.370000e+02
   endloop
 endfacet
 facet normal  8.610882e-01  5.084557e-01  8.842239e-16
   outer loop
     vertex  1.042039e+02  8.946563e+01  4.395000e+02
     vertex  1.035910e+02  9.050356e+01  4.370000e+02
     vertex  1.035910e+02  9.050356e+01  4.395000e+02
   endloop
 endfacet
 facet normal  7.143851e-01  6.997528e-01  1.193290e-14
   outer loop
     vertex  1.050473e+02  8.860454e+01  4.395000e+02
     vertex  1.050473e+02  8.860454e+01  4.370000e+02
     vertex  1.042039e+02  8.946563e+01  4.370000e+02
   endloop
 endfacet
 facet normal  7.143851e-01  6.997528e-01  1.193702e-14
   outer loop
     vertex  1.050473e+02  8.860454e+01  4.395000e+02
     vertex  1.042039e+02  8.946563e+01  4.370000e+02
     vertex  1.042039e+02  8.946563e+01  4.395000e+02
   endloop
 endfacet
 facet normal  5.261646e-01  8.503828e-01  1.450160e-14
   outer loop
     vertex  1.060724e+02  8.797032e+01  4.395000e+02
     vertex  1.060724e+02  8.797032e+01  4.370000e+02
     vertex  1.050473e+02  8.860454e+01  4.370000e+02
   endloop
 endfacet
 facet normal  5.261646e-01  8.503828e-01  1.451601e-14
   outer loop
     vertex  1.060724e+02  8.797032e+01  4.395000e+02
     vertex  1.050473e+02  8.860454e+01  4.370000e+02
     vertex  1.050473e+02  8.860454e+01  4.395000e+02
   endloop
 endfacet
 facet normal  3.073653e-01  9.515916e-01  2.163669e-14
   outer loop
     vertex  1.072194e+02  8.759983e+01  4.395000e+02
     vertex  1.072194e+02  8.759983e+01  4.370000e+02
     vertex  1.060724e+02  8.797032e+01  4.370000e+02
   endloop
 endfacet
 facet normal  7.070302e-02  9.974974e-01  2.268047e-14
   outer loop
     vertex  1.072194e+02  8.759983e+01  4.395000e+02
     vertex  1.084217e+02  8.751461e+01  4.370000e+02
     vertex  1.072194e+02  8.759983e+01  4.370000e+02
   endloop
 endfacet
 facet normal  3.073653e-01  9.515916e-01  1.622919e-14
   outer loop
     vertex  1.072194e+02  8.759983e+01  4.395000e+02
     vertex  1.060724e+02  8.797032e+01  4.370000e+02
     vertex  1.060724e+02  8.797032e+01  4.395000e+02
   endloop
 endfacet
 facet normal  7.070302e-02  9.974974e-01  1.701035e-14
   outer loop
     vertex  1.084217e+02  8.751461e+01  4.395000e+02
     vertex  1.084217e+02  8.751461e+01  4.370000e+02
     vertex  1.072194e+02  8.759983e+01  4.395000e+02
   endloop
 endfacet
 facet normal -1.700682e-01  9.854323e-01  2.240614e-14
   outer loop
     vertex  1.096095e+02  8.771960e+01  4.395000e+02
     vertex  1.096095e+02  8.771960e+01  4.370000e+02
     vertex  1.084217e+02  8.751461e+01  4.370000e+02
   endloop
 endfacet
 facet normal -1.700682e-01  9.854323e-01  1.680946e-14
   outer loop
     vertex  1.096095e+02  8.771960e+01  4.395000e+02
     vertex  1.084217e+02  8.751461e+01  4.370000e+02
     vertex  1.084217e+02  8.751461e+01  4.395000e+02
   endloop
 endfacet
 facet normal  4.009557e-01 -9.160974e-01 -1.823712e-14
   outer loop
     vertex  1.249494e+02  3.247693e+01  4.395000e+02
     vertex  1.260536e+02  3.296022e+01  4.370000e+02
     vertex  1.260536e+02  3.296022e+01  4.395000e+02
   endloop
 endfacet
 facet normal  4.009557e-01 -9.160974e-01 -1.757687e-14
   outer loop
     vertex  1.249494e+02  3.247693e+01  4.395000e+02
     vertex  1.249494e+02  3.247693e+01  4.370000e+02
     vertex  1.260536e+02  3.296022e+01  4.370000e+02
   endloop
 endfacet
 facet normal  6.085412e-01 -7.935223e-01 -1.924644e-14
   outer loop
     vertex  1.239929e+02  3.174341e+01  4.395000e+02
     vertex  1.239929e+02  3.174341e+01  4.370000e+02
     vertex  1.249494e+02  3.247693e+01  4.370000e+02
   endloop
 endfacet
 facet normal  6.085412e-01 -7.935223e-01 -1.820027e-14
   outer loop
     vertex  1.239929e+02  3.174341e+01  4.395000e+02
     vertex  1.249494e+02  3.247693e+01  4.370000e+02
     vertex  1.249494e+02  3.247693e+01  4.395000e+02
   endloop
 endfacet
 facet normal  7.807604e-01 -6.248306e-01 -9.768893e-15
   outer loop
     vertex  1.232397e+02  3.080231e+01  4.395000e+02
     vertex  1.232397e+02  3.080231e+01  4.370000e+02
     vertex  1.239929e+02  3.174341e+01  4.370000e+02
   endloop
 endfacet
 facet normal  7.807604e-01 -6.248306e-01 -1.687394e-14
   outer loop
     vertex  1.232397e+02  3.080231e+01  4.395000e+02
     vertex  1.239929e+02  3.174341e+01  4.370000e+02
     vertex  1.239929e+02  3.174341e+01  4.395000e+02
   endloop
 endfacet
 facet normal  9.076046e-01 -4.198259e-01 -7.159302e-15
   outer loop
     vertex  1.227337e+02  2.970831e+01  4.395000e+02
     vertex  1.227337e+02  2.970831e+01  4.370000e+02
     vertex  1.232397e+02  3.080231e+01  4.370000e+02
   endloop
 endfacet
 facet normal  9.076046e-01 -4.198259e-01 -4.384277e-15
   outer loop
     vertex  1.227337e+02  2.970831e+01  4.395000e+02
     vertex  1.232397e+02  3.080231e+01  4.370000e+02
     vertex  1.232397e+02  3.080231e+01  4.395000e+02
   endloop
 endfacet
 facet normal  9.817022e-01 -1.904225e-01 -3.247280e-15
   outer loop
     vertex  1.225042e+02  2.852500e+01  4.395000e+02
     vertex  1.225042e+02  2.852500e+01  4.370000e+02
     vertex  1.227337e+02  2.970831e+01  4.370000e+02
   endloop
 endfacet
 facet normal  9.987468e-01  5.004751e-02  8.534615e-16
   outer loop
     vertex  1.225042e+02  2.852500e+01  4.395000e+02
     vertex  1.225645e+02  2.732114e+01  4.370000e+02
     vertex  1.225042e+02  2.852500e+01  4.370000e+02
   endloop
 endfacet
 facet normal  9.817022e-01 -1.904225e-01 -3.242154e-15
   outer loop
     vertex  1.225042e+02  2.852500e+01  4.395000e+02
     vertex  1.227337e+02  2.970831e+01  4.370000e+02
     vertex  1.227337e+02  2.970831e+01  4.395000e+02
   endloop
 endfacet
 facet normal  9.987468e-01  5.004751e-02  8.534615e-16
   outer loop
     vertex  1.225645e+02  2.732114e+01  4.395000e+02
     vertex  1.225645e+02  2.732114e+01  4.370000e+02
     vertex  1.225042e+02  2.852500e+01  4.395000e+02
   endloop
 endfacet
 facet normal  9.577479e-01  2.876090e-01  4.904603e-15
   outer loop
     vertex  1.229112e+02  2.616671e+01  4.395000e+02
     vertex  1.229112e+02  2.616671e+01  4.370000e+02
     vertex  1.225645e+02  2.732114e+01  4.370000e+02
   endloop
 endfacet
 facet normal  9.577479e-01  2.876090e-01  4.900074e-15
   outer loop
     vertex  1.229112e+02  2.616671e+01  4.395000e+02
     vertex  1.225645e+02  2.732114e+01  4.370000e+02
     vertex  1.225645e+02  2.732114e+01  4.395000e+02
   endloop
 endfacet
 facet normal  8.610882e-01  5.084557e-01  1.011583e-14
   outer loop
     vertex  1.235240e+02  2.512878e+01  4.395000e+02
     vertex  1.235240e+02  2.512878e+01  4.370000e+02
     vertex  1.229112e+02  2.616671e+01  4.370000e+02
   endloop
 endfacet
 facet normal  8.610882e-01  5.084557e-01  8.658025e-15
   outer loop
     vertex  1.235240e+02  2.512878e+01  4.395000e+02
     vertex  1.229112e+02  2.616671e+01  4.370000e+02
     vertex  1.229112e+02  2.616671e+01  4.395000e+02
   endloop
 endfacet
 facet normal  7.143851e-01  6.997528e-01  1.392172e-14
   outer loop
     vertex  1.243675e+02  2.426768e+01  4.395000e+02
     vertex  1.243675e+02  2.426768e+01  4.370000e+02
     vertex  1.235240e+02  2.512878e+01  4.370000e+02
   endloop
 endfacet
 facet normal  7.143851e-01  6.997528e-01  1.392653e-14
   outer loop
     vertex  1.243675e+02  2.426768e+01  4.395000e+02
     vertex  1.235240e+02  2.512878e+01  4.370000e+02
     vertex  1.235240e+02  2.512878e+01  4.395000e+02
   endloop
 endfacet
 facet normal  5.261646e-01  8.503828e-01  1.450160e-14
   outer loop
     vertex  1.253925e+02  2.363346e+01  4.395000e+02
     vertex  1.253925e+02  2.363346e+01  4.370000e+02
     vertex  1.243675e+02  2.426768e+01  4.370000e+02
   endloop
 endfacet
 facet normal  5.261646e-01  8.503828e-01  1.691078e-14
   outer loop
     vertex  1.253925e+02  2.363346e+01  4.395000e+02
     vertex  1.243675e+02  2.426768e+01  4.370000e+02
     vertex  1.243675e+02  2.426768e+01  4.395000e+02
   endloop
 endfacet
 facet normal  3.073653e-01  9.515916e-01  1.622752e-14
   outer loop
     vertex  1.265395e+02  2.326297e+01  4.395000e+02
     vertex  1.265395e+02  2.326297e+01  4.370000e+02
     vertex  1.253925e+02  2.363346e+01  4.370000e+02
   endloop
 endfacet
 facet normal  7.070302e-02  9.974974e-01  1.701035e-14
   outer loop
     vertex  1.265395e+02  2.326297e+01  4.395000e+02
     vertex  1.277419e+02  2.317775e+01  4.370000e+02
     vertex  1.265395e+02  2.326297e+01  4.370000e+02
   endloop
 endfacet
 facet normal  3.073653e-01  9.515916e-01  1.622919e-14
   outer loop
     vertex  1.265395e+02  2.326297e+01  4.395000e+02
     vertex  1.253925e+02  2.363346e+01  4.370000e+02
     vertex  1.253925e+02  2.363346e+01  4.395000e+02
   endloop
 endfacet
 facet normal  7.070302e-02  9.974974e-01  1.457719e-14
   outer loop
     vertex  1.277419e+02  2.317775e+01  4.395000e+02
     vertex  1.277419e+02  2.317775e+01  4.370000e+02
     vertex  1.265395e+02  2.326297e+01  4.395000e+02
   endloop
 endfacet
 facet normal -1.700682e-01  9.854323e-01  1.400384e-14
   outer loop
     vertex  1.289297e+02  2.338275e+01  4.395000e+02
     vertex  1.289297e+02  2.338275e+01  4.370000e+02
     vertex  1.277419e+02  2.317775e+01  4.370000e+02
   endloop
 endfacet
 facet normal -1.700682e-01  9.854323e-01  1.304230e-14
   outer loop
     vertex  1.289297e+02  2.338275e+01  4.395000e+02
     vertex  1.277419e+02  2.317775e+01  4.370000e+02
     vertex  1.277419e+02  2.317775e+01  4.395000e+02
   endloop
 endfacet
 facet normal  4.009557e-01 -9.160974e-01 -1.562129e-14
   outer loop
     vertex  1.892862e+02  5.179710e+01  4.395000e+02
     vertex  1.903905e+02  5.228040e+01  4.370000e+02
     vertex  1.903905e+02  5.228040e+01  4.395000e+02
   endloop
 endfacet
 facet normal  4.009557e-01 -9.160974e-01 -1.562223e-14
   outer loop
     vertex  1.892862e+02  5.179710e+01  4.395000e+02
     vertex  1.892862e+02  5.179710e+01  4.370000e+02
     vertex  1.903905e+02  5.228040e+01  4.370000e+02
   endloop
 endfacet
 facet normal  6.085412e-01 -7.935223e-01 -1.819494e-14
   outer loop
     vertex  1.883298e+02  5.106359e+01  4.395000e+02
     vertex  1.883298e+02  5.106359e+01  4.370000e+02
     vertex  1.892862e+02  5.179710e+01  4.370000e+02
   endloop
 endfacet
 facet normal  6.085412e-01 -7.935223e-01 -1.352126e-14
   outer loop
     vertex  1.883298e+02  5.106359e+01  4.395000e+02
     vertex  1.892862e+02  5.179710e+01  4.370000e+02
     vertex  1.892862e+02  5.179710e+01  4.395000e+02
   endloop
 endfacet
 facet normal  7.807604e-01 -6.248306e-01 -1.953147e-14
   outer loop
     vertex  1.875766e+02  5.012248e+01  4.395000e+02
     vertex  1.875766e+02  5.012248e+01  4.370000e+02
     vertex  1.883298e+02  5.106359e+01  4.370000e+02
   endloop
 endfacet
 facet normal  7.807604e-01 -6.248306e-01 -1.775816e-14
   outer loop
     vertex  1.875766e+02  5.012248e+01  4.395000e+02
     vertex  1.883298e+02  5.106359e+01  4.370000e+02
     vertex  1.883298e+02  5.106359e+01  4.395000e+02
   endloop
 endfacet
 facet normal  9.076046e-01 -4.198259e-01 -1.628436e-14
   outer loop
     vertex  1.870706e+02  4.902849e+01  4.395000e+02
     vertex  1.870706e+02  4.902849e+01  4.370000e+02
     vertex  1.875766e+02  5.012248e+01  4.370000e+02
   endloop
 endfacet
 facet normal  9.076046e-01 -4.198259e-01 -1.746342e-14
   outer loop
     vertex  1.870706e+02  4.902849e+01  4.395000e+02
     vertex  1.875766e+02  5.012248e+01  4.370000e+02
     vertex  1.875766e+02  5.012248e+01  4.395000e+02
   endloop
 endfacet
 facet normal  9.817022e-01 -1.904225e-01 -3.247280e-15
   outer loop
     vertex  1.868410e+02  4.784518e+01  4.395000e+02
     vertex  1.868410e+02  4.784518e+01  4.370000e+02
     vertex  1.870706e+02  4.902849e+01  4.370000e+02
   endloop
 endfacet
 facet normal  9.987468e-01  5.004751e-02  8.534615e-16
   outer loop
     vertex  1.868410e+02  4.784518e+01  4.395000e+02
     vertex  1.869014e+02  4.664132e+01  4.370000e+02
     vertex  1.868410e+02  4.784518e+01  4.370000e+02
   endloop
 endfacet
 facet normal  9.817022e-01 -1.904225e-01 -1.387126e-14
   outer loop
     vertex  1.868410e+02  4.784518e+01  4.395000e+02
     vertex  1.870706e+02  4.902849e+01  4.370000e+02
     vertex  1.870706e+02  4.902849e+01  4.395000e+02
   endloop
 endfacet
 facet normal  9.987468e-01  5.004751e-02 -1.064322e-14
   outer loop
     vertex  1.869014e+02  4.664132e+01  4.395000e+02
     vertex  1.869014e+02  4.664132e+01  4.370000e+02
     vertex  1.868410e+02  4.784518e+01  4.395000e+02
   endloop
 endfacet
 facet normal  9.577479e-01  2.876090e-01 -5.983730e-15
   outer loop
     vertex  1.872480e+02  4.548688e+01  4.395000e+02
     vertex  1.872480e+02  4.548688e+01  4.370000e+02
     vertex  1.869014e+02  4.664132e+01  4.370000e+02
   endloop
 endfacet
 facet normal  9.577479e-01  2.876090e-01 -6.815892e-15
   outer loop
     vertex  1.872480e+02  4.548688e+01  4.395000e+02
     vertex  1.869014e+02  4.664132e+01  4.370000e+02
     vertex  1.869014e+02  4.664132e+01  4.395000e+02
   endloop
 endfacet
 facet normal  8.610882e-01  5.084557e-01  7.225590e-15
   outer loop
     vertex  1.878609e+02  4.444895e+01  4.395000e+02
     vertex  1.878609e+02  4.444895e+01  4.370000e+02
     vertex  1.872480e+02  4.548688e+01  4.370000e+02
   endloop
 endfacet
 facet normal  8.610882e-01  5.084557e-01 -1.142123e-15
   outer loop
     vertex  1.878609e+02  4.444895e+01  4.395000e+02
     vertex  1.872480e+02  4.548688e+01  4.370000e+02
     vertex  1.872480e+02  4.548688e+01  4.395000e+02
   endloop
 endfacet
 facet normal  7.143851e-01  6.997528e-01  1.193290e-14
   outer loop
     vertex  1.887044e+02  4.358786e+01  4.395000e+02
     vertex  1.887044e+02  4.358786e+01  4.370000e+02
     vertex  1.878609e+02  4.444895e+01  4.370000e+02
   endloop
 endfacet
 facet normal  7.143851e-01  6.997528e-01  9.947519e-15
   outer loop
     vertex  1.887044e+02  4.358786e+01  4.395000e+02
     vertex  1.878609e+02  4.444895e+01  4.370000e+02
     vertex  1.878609e+02  4.444895e+01  4.395000e+02
   endloop
 endfacet
 facet normal  5.261646e-01  8.503828e-01  3.685934e-15
   outer loop
     vertex  1.897294e+02  4.295364e+01  4.395000e+02
     vertex  1.897294e+02  4.295364e+01  4.370000e+02
     vertex  1.887044e+02  4.358786e+01  4.370000e+02
   endloop
 endfacet
 facet normal  5.261646e-01  8.503828e-01  1.451601e-14
   outer loop
     vertex  1.897294e+02  4.295364e+01  4.395000e+02
     vertex  1.887044e+02  4.358786e+01  4.370000e+02
     vertex  1.887044e+02  4.358786e+01  4.395000e+02
   endloop
 endfacet
 facet normal  3.073653e-01  9.515916e-01  1.002859e-14
   outer loop
     vertex  1.908764e+02  4.258315e+01  4.395000e+02
     vertex  1.908764e+02  4.258315e+01  4.370000e+02
     vertex  1.897294e+02  4.295364e+01  4.370000e+02
   endloop
 endfacet
 facet normal  7.070302e-02  9.974974e-01  1.337149e-14
   outer loop
     vertex  1.908764e+02  4.258315e+01  4.395000e+02
     vertex  1.920788e+02  4.249793e+01  4.370000e+02
     vertex  1.908764e+02  4.258315e+01  4.370000e+02
   endloop
 endfacet
 facet normal  3.073653e-01  9.515916e-01  7.331690e-15
   outer loop
     vertex  1.908764e+02  4.258315e+01  4.395000e+02
     vertex  1.897294e+02  4.295364e+01  4.370000e+02
     vertex  1.897294e+02  4.295364e+01  4.395000e+02
   endloop
 endfacet
 facet normal  7.070302e-02  9.974974e-01  1.701035e-14
   outer loop
     vertex  1.920788e+02  4.249793e+01  4.395000e+02
     vertex  1.920788e+02  4.249793e+01  4.370000e+02
     vertex  1.908764e+02  4.258315e+01  4.395000e+02
   endloop
 endfacet
 facet normal -1.700682e-01  9.854323e-01  1.400384e-14
   outer loop
     vertex  1.932666e+02  4.270292e+01  4.395000e+02
     vertex  1.932666e+02  4.270292e+01  4.370000e+02
     vertex  1.920788e+02  4.249793e+01  4.370000e+02
   endloop
 endfacet
 facet normal -1.700682e-01  9.854323e-01  1.680025e-14
   outer loop
     vertex  1.932666e+02  4.270292e+01  4.395000e+02
     vertex  1.920788e+02  4.249793e+01  4.370000e+02
     vertex  1.920788e+02  4.249793e+01  4.395000e+02
   endloop
 endfacet
 facet normal  4.009557e-01 -9.160974e-01 -4.568490e-15
   outer loop
     vertex  1.699661e+02  1.161340e+02  4.395000e+02
     vertex  1.710703e+02  1.166173e+02  4.370000e+02
     vertex  1.710703e+02  1.166173e+02  4.395000e+02
   endloop
 endfacet
 facet normal  4.009557e-01 -9.160974e-01 -1.041482e-14
   outer loop
     vertex  1.699661e+02  1.161340e+02  4.395000e+02
     vertex  1.699661e+02  1.161340e+02  4.370000e+02
     vertex  1.710703e+02  1.166173e+02  4.370000e+02
   endloop
 endfacet
 facet normal  6.085412e-01 -7.935223e-01 -1.593962e-14
   outer loop
     vertex  1.690096e+02  1.154004e+02  4.395000e+02
     vertex  1.690096e+02  1.154004e+02  4.370000e+02
     vertex  1.699661e+02  1.161340e+02  4.370000e+02
   endloop
 endfacet
 facet normal  6.085412e-01 -7.935223e-01 -9.026452e-15
   outer loop
     vertex  1.690096e+02  1.154004e+02  4.395000e+02
     vertex  1.699661e+02  1.161340e+02  4.370000e+02
     vertex  1.699661e+02  1.161340e+02  4.395000e+02
   endloop
 endfacet
 facet normal  7.807604e-01 -6.248306e-01 -1.597972e-14
   outer loop
     vertex  1.682564e+02  1.144593e+02  4.395000e+02
     vertex  1.682564e+02  1.144593e+02  4.370000e+02
     vertex  1.690096e+02  1.154004e+02  4.370000e+02
   endloop
 endfacet
 facet normal  7.807604e-01 -6.248306e-01 -1.598972e-14
   outer loop
     vertex  1.682564e+02  1.144593e+02  4.395000e+02
     vertex  1.690096e+02  1.154004e+02  4.370000e+02
     vertex  1.690096e+02  1.154004e+02  4.395000e+02
   endloop
 endfacet
 facet normal  9.076046e-01 -4.198259e-01 -1.509114e-14
   outer loop
     vertex  1.677504e+02  1.133653e+02  4.395000e+02
     vertex  1.677504e+02  1.133653e+02  4.370000e+02
     vertex  1.682564e+02  1.144593e+02  4.370000e+02
   endloop
 endfacet
 facet normal  9.076046e-01 -4.198259e-01 -1.510549e-14
   outer loop
     vertex  1.677504e+02  1.133653e+02  4.395000e+02
     vertex  1.682564e+02  1.144593e+02  4.370000e+02
     vertex  1.682564e+02  1.144593e+02  4.395000e+02
   endloop
 endfacet
 facet normal  9.817022e-01 -1.904225e-01 -1.440794e-14
   outer loop
     vertex  1.675209e+02  1.121820e+02  4.395000e+02
     vertex  1.675209e+02  1.121820e+02  4.370000e+02
     vertex  1.677504e+02  1.133653e+02  4.370000e+02
   endloop
 endfacet
 facet normal  9.987468e-01  5.004751e-02 -1.050098e-14
   outer loop
     vertex  1.675209e+02  1.121820e+02  4.395000e+02
     vertex  1.675812e+02  1.109782e+02  4.370000e+02
     vertex  1.675209e+02  1.121820e+02  4.370000e+02
   endloop
 endfacet
 facet normal  9.817022e-01 -1.904225e-01 -1.331862e-14
   outer loop
     vertex  1.675209e+02  1.121820e+02  4.395000e+02
     vertex  1.677504e+02  1.133653e+02  4.370000e+02
     vertex  1.677504e+02  1.133653e+02  4.395000e+02
   endloop
 endfacet
 facet normal  9.987468e-01  5.004751e-02  8.534615e-16
   outer loop
     vertex  1.675812e+02  1.109782e+02  4.395000e+02
     vertex  1.675812e+02  1.109782e+02  4.370000e+02
     vertex  1.675209e+02  1.121820e+02  4.395000e+02
   endloop
 endfacet
 facet normal  9.577479e-01  2.876090e-01 -7.618598e-15
   outer loop
     vertex  1.679279e+02  1.098237e+02  4.395000e+02
     vertex  1.679279e+02  1.098237e+02  4.370000e+02
     vertex  1.675812e+02  1.109782e+02  4.370000e+02
   endloop
 endfacet
 facet normal  9.577479e-01  2.876090e-01  4.900074e-15
   outer loop
     vertex  1.679279e+02  1.098237e+02  4.395000e+02
     vertex  1.675812e+02  1.109782e+02  4.370000e+02
     vertex  1.675812e+02  1.109782e+02  4.395000e+02
   endloop
 endfacet
 facet normal  8.610882e-01  5.084557e-01  5.780472e-15
   outer loop
     vertex  1.685407e+02  1.087858e+02  4.395000e+02
     vertex  1.685407e+02  1.087858e+02  4.370000e+02
     vertex  1.679279e+02  1.098237e+02  4.370000e+02
   endloop
 endfacet
 facet normal  8.610882e-01  5.084557e-01 -4.015850e-15
   outer loop
     vertex  1.685407e+02  1.087858e+02  4.395000e+02
     vertex  1.679279e+02  1.098237e+02  4.370000e+02
     vertex  1.679279e+02  1.098237e+02  4.395000e+02
   endloop
 endfacet
 facet normal  7.143851e-01  6.997528e-01  7.955268e-15
   outer loop
     vertex  1.693842e+02  1.079247e+02  4.395000e+02
     vertex  1.693842e+02  1.079247e+02  4.370000e+02
     vertex  1.685407e+02  1.087858e+02  4.370000e+02
   endloop
 endfacet
 facet normal  7.143851e-01  6.997528e-01  7.958015e-15
   outer loop
     vertex  1.693842e+02  1.079247e+02  4.395000e+02
     vertex  1.685407e+02  1.087858e+02  4.370000e+02
     vertex  1.685407e+02  1.087858e+02  4.395000e+02
   endloop
 endfacet
 facet normal  5.261646e-01  8.503828e-01  3.685934e-15
   outer loop
     vertex  1.704092e+02  1.072905e+02  4.395000e+02
     vertex  1.704092e+02  1.072905e+02  4.370000e+02
     vertex  1.693842e+02  1.079247e+02  4.370000e+02
   endloop
 endfacet
 facet normal  5.261646e-01  8.503828e-01  9.689620e-15
   outer loop
     vertex  1.704092e+02  1.072905e+02  4.395000e+02
     vertex  1.693842e+02  1.079247e+02  4.370000e+02
     vertex  1.693842e+02  1.079247e+02  4.395000e+02
   endloop
 endfacet
 facet normal  3.073653e-01  9.515916e-01  7.324005e-15
   outer loop
     vertex  1.715562e+02  1.069200e+02  4.395000e+02
     vertex  1.715562e+02  1.069200e+02  4.370000e+02
     vertex  1.704092e+02  1.072905e+02  4.370000e+02
   endloop
 endfacet
 facet normal  7.070302e-02  9.974974e-01  1.053643e-14
   outer loop
     vertex  1.715562e+02  1.069200e+02  4.395000e+02
     vertex  1.727586e+02  1.068348e+02  4.370000e+02
     vertex  1.715562e+02  1.069200e+02  4.370000e+02
   endloop
 endfacet
 facet normal  3.073653e-01  9.515916e-01  7.331690e-15
   outer loop
     vertex  1.715562e+02  1.069200e+02  4.395000e+02
     vertex  1.704092e+02  1.072905e+02  4.370000e+02
     vertex  1.704092e+02  1.072905e+02  4.395000e+02
   endloop
 endfacet
 facet normal  7.070302e-02  9.974974e-01  1.134023e-14
   outer loop
     vertex  1.727586e+02  1.068348e+02  4.395000e+02
     vertex  1.727586e+02  1.068348e+02  4.370000e+02
     vertex  1.715562e+02  1.069200e+02  4.395000e+02
   endloop
 endfacet
 facet normal -1.700682e-01  9.854323e-01  1.873805e-14
   outer loop
     vertex  1.739464e+02  1.070398e+02  4.395000e+02
     vertex  1.739464e+02  1.070398e+02  4.370000e+02
     vertex  1.727586e+02  1.068348e+02  4.370000e+02
   endloop
 endfacet
 facet normal -1.700682e-01  9.854323e-01  1.120017e-14
   outer loop
     vertex  1.739464e+02  1.070398e+02  4.395000e+02
     vertex  1.727586e+02  1.068348e+02  4.370000e+02
     vertex  1.727586e+02  1.068348e+02  4.395000e+02
   endloop
 endfacet
 facet normal  4.009557e-01 -9.160974e-01 -1.561719e-14
   outer loop
     vertex  1.793176e+02  8.336599e+01  4.395000e+02
     vertex  1.803114e+02  8.380096e+01  4.370000e+02
     vertex  1.803114e+02  8.380096e+01  4.395000e+02
   endloop
 endfacet
 facet normal  4.009557e-01 -9.160974e-01 -1.562223e-14
   outer loop
     vertex  1.793176e+02  8.336599e+01  4.395000e+02
     vertex  1.793176e+02  8.336599e+01  4.370000e+02
     vertex  1.803114e+02  8.380096e+01  4.370000e+02
   endloop
 endfacet
 facet normal  6.085412e-01 -7.935223e-01 -1.353196e-14
   outer loop
     vertex  1.784568e+02  8.270583e+01  4.395000e+02
     vertex  1.784568e+02  8.270583e+01  4.370000e+02
     vertex  1.793176e+02  8.336599e+01  4.370000e+02
   endloop
 endfacet
 facet normal  6.085412e-01 -7.935223e-01 -1.350898e-14
   outer loop
     vertex  1.784568e+02  8.270583e+01  4.395000e+02
     vertex  1.793176e+02  8.336599e+01  4.370000e+02
     vertex  1.793176e+02  8.336599e+01  4.395000e+02
   endloop
 endfacet
 facet normal  7.807604e-01 -6.248306e-01 -1.065525e-14
   outer loop
     vertex  1.777790e+02  8.185884e+01  4.395000e+02
     vertex  1.777790e+02  8.185884e+01  4.370000e+02
     vertex  1.784568e+02  8.270583e+01  4.370000e+02
   endloop
 endfacet
 facet normal  7.807604e-01 -6.248306e-01 -1.064344e-14
   outer loop
     vertex  1.777790e+02  8.185884e+01  4.395000e+02
     vertex  1.784568e+02  8.270583e+01  4.370000e+02
     vertex  1.784568e+02  8.270583e+01  4.395000e+02
   endloop
 endfacet
 facet normal  9.076046e-01 -4.198259e-01 -7.159302e-15
   outer loop
     vertex  1.773235e+02  8.087424e+01  4.395000e+02
     vertex  1.773235e+02  8.087424e+01  4.370000e+02
     vertex  1.777790e+02  8.185884e+01  4.370000e+02
   endloop
 endfacet
 facet normal  9.076046e-01 -4.198259e-01 -7.163851e-15
   outer loop
     vertex  1.773235e+02  8.087424e+01  4.395000e+02
     vertex  1.777790e+02  8.185884e+01  4.370000e+02
     vertex  1.777790e+02  8.185884e+01  4.395000e+02
   endloop
 endfacet
 facet normal  9.817022e-01 -1.904225e-01 -2.164854e-15
   outer loop
     vertex  1.771169e+02  7.980926e+01  4.395000e+02
     vertex  1.771169e+02  7.980926e+01  4.370000e+02
     vertex  1.773235e+02  8.087424e+01  4.370000e+02
   endloop
 endfacet
 facet normal  9.987468e-01  5.004751e-02  5.689743e-16
   outer loop
     vertex  1.771169e+02  7.980926e+01  4.395000e+02
     vertex  1.771712e+02  7.872579e+01  4.370000e+02
     vertex  1.771169e+02  7.980926e+01  4.370000e+02
   endloop
 endfacet
 facet normal  9.817022e-01 -1.904225e-01 -3.254435e-15
   outer loop
     vertex  1.771169e+02  7.980926e+01  4.395000e+02
     vertex  1.773235e+02  8.087424e+01  4.370000e+02
     vertex  1.773235e+02  8.087424e+01  4.395000e+02
   endloop
 endfacet
 facet normal  9.987468e-01  5.004751e-02 -1.021649e-14
   outer loop
     vertex  1.771712e+02  7.872579e+01  4.395000e+02
     vertex  1.771712e+02  7.872579e+01  4.370000e+02
     vertex  1.771169e+02  7.980926e+01  4.395000e+02
   endloop
 endfacet
 facet normal  9.577479e-01  2.876090e-01  6.539471e-15
   outer loop
     vertex  1.774832e+02  7.768680e+01  4.395000e+02
     vertex  1.774832e+02  7.768680e+01  4.370000e+02
     vertex  1.771712e+02  7.872579e+01  4.370000e+02
   endloop
 endfacet
 facet normal  9.577479e-01  2.876090e-01 -4.359715e-15
   outer loop
     vertex  1.774832e+02  7.768680e+01  4.395000e+02
     vertex  1.771712e+02  7.872579e+01  4.370000e+02
     vertex  1.771712e+02  7.872579e+01  4.395000e+02
   endloop
 endfacet
 facet normal  8.610882e-01  5.084557e-01 -4.008967e-15
   outer loop
     vertex  1.780348e+02  7.675266e+01  4.395000e+02
     vertex  1.780348e+02  7.675266e+01  4.370000e+02
     vertex  1.774832e+02  7.768680e+01  4.370000e+02
   endloop
 endfacet
 facet normal  8.610882e-01  5.084557e-01  1.154403e-14
   outer loop
     vertex  1.780348e+02  7.675266e+01  4.395000e+02
     vertex  1.774832e+02  7.768680e+01  4.370000e+02
     vertex  1.774832e+02  7.768680e+01  4.395000e+02
   endloop
 endfacet
 facet normal  7.143851e-01  6.997528e-01 -1.663505e-16
   outer loop
     vertex  1.787939e+02  7.597767e+01  4.395000e+02
     vertex  1.787939e+02  7.597767e+01  4.370000e+02
     vertex  1.780348e+02  7.675266e+01  4.370000e+02
   endloop
 endfacet
 facet normal  7.143851e-01  6.997528e-01 -1.637452e-16
   outer loop
     vertex  1.787939e+02  7.597767e+01  4.395000e+02
     vertex  1.780348e+02  7.675266e+01  4.370000e+02
     vertex  1.780348e+02  7.675266e+01  4.395000e+02
   endloop
 endfacet
 facet normal  5.261646e-01  8.503828e-01  1.450160e-14
   outer loop
     vertex  1.797165e+02  7.540688e+01  4.395000e+02
     vertex  1.797165e+02  7.540688e+01  4.370000e+02
     vertex  1.787939e+02  7.597767e+01  4.370000e+02
   endloop
 endfacet
 facet normal  5.261646e-01  8.503828e-01  3.684266e-15
   outer loop
     vertex  1.797165e+02  7.540688e+01  4.395000e+02
     vertex  1.787939e+02  7.597767e+01  4.370000e+02
     vertex  1.787939e+02  7.597767e+01  4.395000e+02
   endloop
 endfacet
 facet normal  3.073653e-01  9.515916e-01  7.324005e-15
   outer loop
     vertex  1.807488e+02  7.507344e+01  4.395000e+02
     vertex  1.807488e+02  7.507344e+01  4.370000e+02
     vertex  1.797165e+02  7.540688e+01  4.370000e+02
   endloop
 endfacet
 facet normal  7.070302e-02  9.974974e-01  1.053643e-14
   outer loop
     vertex  1.807488e+02  7.507344e+01  4.395000e+02
     vertex  1.818309e+02  7.499674e+01  4.370000e+02
     vertex  1.807488e+02  7.507344e+01  4.370000e+02
   endloop
 endfacet
 facet normal  3.073653e-01  9.515916e-01  1.623124e-14
   outer loop
     vertex  1.807488e+02  7.507344e+01  4.395000e+02
     vertex  1.797165e+02  7.540688e+01  4.370000e+02
     vertex  1.797165e+02  7.540688e+01  4.395000e+02
   endloop
 endfacet
 facet normal  7.070302e-02  9.974974e-01  1.620655e-14
   outer loop
     vertex  1.818309e+02  7.499674e+01  4.395000e+02
     vertex  1.818309e+02  7.499674e+01  4.370000e+02
     vertex  1.807488e+02  7.507344e+01  4.395000e+02
   endloop
 endfacet
 facet normal -1.700682e-01  9.854323e-01  1.313652e-14
   outer loop
     vertex  1.828999e+02  7.518123e+01  4.395000e+02
     vertex  1.828999e+02  7.518123e+01  4.370000e+02
     vertex  1.818309e+02  7.499674e+01  4.370000e+02
   endloop
 endfacet
 facet normal -1.700682e-01  9.854323e-01  1.873859e-14
   outer loop
     vertex  1.828999e+02  7.518123e+01  4.395000e+02
     vertex  1.818309e+02  7.499674e+01  4.370000e+02
     vertex  1.818309e+02  7.499674e+01  4.395000e+02
   endloop
 endfacet
 facet normal -1.700682e-01  9.854323e-01  1.683799e-14
   outer loop
     vertex  1.469971e+02  1.299248e+02  4.370000e+02
     vertex  1.327435e+02  1.274649e+02  4.600000e+02
     vertex  1.469971e+02  1.299248e+02  4.600000e+02
   endloop
 endfacet
 facet normal -1.700682e-01  9.854323e-01  1.809028e-14
   outer loop
     vertex  1.469971e+02  1.299248e+02  4.370000e+02
     vertex  1.327435e+02  1.274649e+02  4.370000e+02
     vertex  1.327435e+02  1.274649e+02  4.600000e+02
   endloop
 endfacet
 facet normal  7.070302e-02  9.974974e-01  1.716951e-14
   outer loop
     vertex  1.614254e+02  1.289021e+02  4.370000e+02
     vertex  1.469971e+02  1.299248e+02  4.600000e+02
     vertex  1.614254e+02  1.289021e+02  4.600000e+02
   endloop
 endfacet
 facet normal  7.070302e-02  9.974974e-01  1.734275e-14
   outer loop
     vertex  1.614254e+02  1.289021e+02  4.370000e+02
     vertex  1.469971e+02  1.299248e+02  4.370000e+02
     vertex  1.469971e+02  1.299248e+02  4.600000e+02
   endloop
 endfacet
 facet normal  3.073653e-01  9.515916e-01  1.549492e-14
   outer loop
     vertex  1.751896e+02  1.244563e+02  4.370000e+02
     vertex  1.614254e+02  1.289021e+02  4.600000e+02
     vertex  1.751896e+02  1.244563e+02  4.600000e+02
   endloop
 endfacet
 facet normal  3.073653e-01  9.515916e-01  1.608262e-14
   outer loop
     vertex  1.751896e+02  1.244563e+02  4.370000e+02
     vertex  1.614254e+02  1.289021e+02  4.370000e+02
     vertex  1.614254e+02  1.289021e+02  4.600000e+02
   endloop
 endfacet
 facet normal  7.143851e-01  6.997528e-01  1.297055e-14
   outer loop
     vertex  1.874898e+02  1.168456e+02  4.370000e+02
     vertex  1.874898e+02  1.168456e+02  4.600000e+02
     vertex  1.976113e+02  1.065125e+02  4.600000e+02
   endloop
 endfacet
 facet normal  5.261646e-01  8.503828e-01  1.576261e-14
   outer loop
     vertex  1.874898e+02  1.168456e+02  4.370000e+02
     vertex  1.751896e+02  1.244563e+02  4.600000e+02
     vertex  1.874898e+02  1.168456e+02  4.600000e+02
   endloop
 endfacet
 facet normal  5.261646e-01  8.503828e-01  1.354101e-14
   outer loop
     vertex  1.874898e+02  1.168456e+02  4.370000e+02
     vertex  1.751896e+02  1.244563e+02  4.370000e+02
     vertex  1.751896e+02  1.244563e+02  4.600000e+02
   endloop
 endfacet
 facet normal  8.610882e-01  5.084557e-01  8.796370e-15
   outer loop
     vertex  1.976113e+02  1.065125e+02  4.370000e+02
     vertex  1.976113e+02  1.065125e+02  4.600000e+02
     vertex  2.049658e+02  9.405734e+01  4.600000e+02
   endloop
 endfacet
 facet normal  7.143851e-01  6.997528e-01  1.210584e-14
   outer loop
     vertex  1.976113e+02  1.065125e+02  4.370000e+02
     vertex  1.874898e+02  1.168456e+02  4.370000e+02
     vertex  1.976113e+02  1.065125e+02  4.600000e+02
   endloop
 endfacet
 facet normal  8.610882e-01  5.084557e-01  9.424682e-15
   outer loop
     vertex  2.049658e+02  9.405734e+01  4.370000e+02
     vertex  1.976113e+02  1.065125e+02  4.370000e+02
     vertex  2.049658e+02  9.405734e+01  4.600000e+02
   endloop
 endfacet
 facet normal  9.577479e-01  2.876090e-01  3.969873e-15
   outer loop
     vertex  2.091259e+02  8.020409e+01  4.370000e+02
     vertex  2.049658e+02  9.405734e+01  4.600000e+02
     vertex  2.091259e+02  8.020409e+01  4.600000e+02
   endloop
 endfacet
 facet normal  9.577479e-01  2.876090e-01  5.339516e-15
   outer loop
     vertex  2.091259e+02  8.020409e+01  4.370000e+02
     vertex  2.049658e+02  9.405734e+01  4.370000e+02
     vertex  2.049658e+02  9.405734e+01  4.600000e+02
   endloop
 endfacet
 facet normal  9.987468e-01  5.004751e-02  8.967530e-16
   outer loop
     vertex  2.098498e+02  6.575782e+01  4.370000e+02
     vertex  2.091259e+02  8.020409e+01  4.600000e+02
     vertex  2.098498e+02  6.575782e+01  4.600000e+02
   endloop
 endfacet
 facet normal  9.987468e-01  5.004751e-02 -3.417290e-16
   outer loop
     vertex  2.098498e+02  6.575782e+01  4.370000e+02
     vertex  2.091259e+02  8.020409e+01  4.370000e+02
     vertex  2.091259e+02  8.020409e+01  4.600000e+02
   endloop
 endfacet
 facet normal  9.817022e-01 -1.904225e-01 -3.470825e-15
   outer loop
     vertex  2.070955e+02  5.155808e+01  4.370000e+02
     vertex  2.098498e+02  6.575782e+01  4.600000e+02
     vertex  2.070955e+02  5.155808e+01  4.600000e+02
   endloop
 endfacet
 facet normal  9.817022e-01 -1.904225e-01 -3.417290e-15
   outer loop
     vertex  2.070955e+02  5.155808e+01  4.370000e+02
     vertex  2.098498e+02  6.575782e+01  4.370000e+02
     vertex  2.098498e+02  6.575782e+01  4.600000e+02
   endloop
 endfacet
 facet normal  9.076046e-01 -4.198259e-01 -7.781850e-15
   outer loop
     vertex  2.010230e+02  3.843013e+01  4.370000e+02
     vertex  2.070955e+02  5.155808e+01  4.600000e+02
     vertex  2.010230e+02  3.843013e+01  4.600000e+02
   endloop
 endfacet
 facet normal  9.076046e-01 -4.198259e-01 -7.688903e-15
   outer loop
     vertex  2.010230e+02  3.843013e+01  4.370000e+02
     vertex  2.070955e+02  5.155808e+01  4.370000e+02
     vertex  2.070955e+02  5.155808e+01  4.600000e+02
   endloop
 endfacet
 facet normal  6.085412e-01 -7.935223e-01 -1.472521e-14
   outer loop
     vertex  1.919852e+02  2.713689e+01  4.370000e+02
     vertex  1.919852e+02  2.713689e+01  4.600000e+02
     vertex  1.805073e+02  1.833471e+01  4.600000e+02
   endloop
 endfacet
 facet normal  7.807604e-01 -6.248306e-01 -1.196751e-14
   outer loop
     vertex  1.919852e+02  2.713689e+01  4.370000e+02
     vertex  2.010230e+02  3.843013e+01  4.600000e+02
     vertex  1.919852e+02  2.713689e+01  4.600000e+02
   endloop
 endfacet
 facet normal  7.807604e-01 -6.248306e-01 -1.157607e-14
   outer loop
     vertex  1.919852e+02  2.713689e+01  4.370000e+02
     vertex  2.010230e+02  3.843013e+01  4.370000e+02
     vertex  2.010230e+02  3.843013e+01  4.600000e+02
   endloop
 endfacet
 facet normal  6.085412e-01 -7.935223e-01 -1.521549e-14
   outer loop
     vertex  1.805073e+02  1.833471e+01  4.370000e+02
     vertex  1.919852e+02  2.713689e+01  4.370000e+02
     vertex  1.805073e+02  1.833471e+01  4.600000e+02
   endloop
 endfacet
 facet normal  4.009557e-01 -9.160974e-01 -1.613165e-14
   outer loop
     vertex  1.672565e+02  1.253513e+01  4.370000e+02
     vertex  1.805073e+02  1.833471e+01  4.600000e+02
     vertex  1.672565e+02  1.253513e+01  4.600000e+02
   endloop
 endfacet
 facet normal  4.009557e-01 -9.160974e-01 -1.721460e-14
   outer loop
     vertex  1.672565e+02  1.253513e+01  4.370000e+02
     vertex  1.805073e+02  1.833471e+01  4.370000e+02
     vertex  1.805073e+02  1.833471e+01  4.600000e+02
   endloop
 endfacet
 facet normal -1.700682e-01  9.854323e-01  1.772094e-14
   outer loop
     vertex  1.650608e+02  1.809974e+01  4.500000e+02
     vertex  1.655596e+02  1.818584e+01  4.600000e+02
     vertex  1.655596e+02  1.818584e+01  4.500000e+02
   endloop
 endfacet
 facet normal -1.700682e-01  9.854323e-01  1.750479e-14
   outer loop
     vertex  1.650608e+02  1.809974e+01  4.500000e+02
     vertex  1.650608e+02  1.809974e+01  4.600000e+02
     vertex  1.655596e+02  1.818584e+01  4.600000e+02
   endloop
 endfacet
 facet normal  7.070302e-02  9.974974e-01  1.933759e-14
   outer loop
     vertex  1.645558e+02  1.813553e+01  4.500000e+02
     vertex  1.645558e+02  1.813553e+01  4.600000e+02
     vertex  1.650608e+02  1.809974e+01  4.600000e+02
   endloop
 endfacet
 facet normal  7.070302e-02  9.974974e-01  1.771888e-14
   outer loop
     vertex  1.645558e+02  1.813553e+01  4.500000e+02
     vertex  1.650608e+02  1.809974e+01  4.600000e+02
     vertex  1.650608e+02  1.809974e+01  4.500000e+02
   endloop
 endfacet
 facet normal  3.073653e-01  9.515916e-01  1.777725e-14
   outer loop
     vertex  1.640740e+02  1.829114e+01  4.500000e+02
     vertex  1.640740e+02  1.829114e+01  4.600000e+02
     vertex  1.645558e+02  1.813553e+01  4.600000e+02
   endloop
 endfacet
 facet normal  3.073653e-01  9.515916e-01  1.912858e-14
   outer loop
     vertex  1.640740e+02  1.829114e+01  4.500000e+02
     vertex  1.645558e+02  1.813553e+01  4.600000e+02
     vertex  1.645558e+02  1.813553e+01  4.500000e+02
   endloop
 endfacet
 facet normal  5.261646e-01  8.503828e-01  1.450160e-14
   outer loop
     vertex  1.636435e+02  1.855751e+01  4.500000e+02
     vertex  1.636435e+02  1.855751e+01  4.600000e+02
     vertex  1.640740e+02  1.829114e+01  4.600000e+02
   endloop
 endfacet
 facet normal  5.261646e-01  8.503828e-01  1.660113e-14
   outer loop
     vertex  1.636435e+02  1.855751e+01  4.500000e+02
     vertex  1.640740e+02  1.829114e+01  4.600000e+02
     vertex  1.640740e+02  1.829114e+01  4.500000e+02
   endloop
 endfacet
 facet normal  7.143851e-01  6.997528e-01  1.193290e-14
   outer loop
     vertex  1.632893e+02  1.891917e+01  4.500000e+02
     vertex  1.632893e+02  1.891917e+01  4.600000e+02
     vertex  1.636435e+02  1.855751e+01  4.600000e+02
   endloop
 endfacet
 facet normal  7.143851e-01  6.997528e-01  1.193549e-14
   outer loop
     vertex  1.632893e+02  1.891917e+01  4.500000e+02
     vertex  1.636435e+02  1.855751e+01  4.600000e+02
     vertex  1.636435e+02  1.855751e+01  4.500000e+02
   endloop
 endfacet
 facet normal  8.610882e-01  5.084557e-01  8.670708e-15
   outer loop
     vertex  1.630319e+02  1.935510e+01  4.500000e+02
     vertex  1.630319e+02  1.935510e+01  4.600000e+02
     vertex  1.632893e+02  1.891917e+01  4.600000e+02
   endloop
 endfacet
 facet normal  8.610882e-01  5.084557e-01  8.670635e-15
   outer loop
     vertex  1.630319e+02  1.935510e+01  4.500000e+02
     vertex  1.632893e+02  1.891917e+01  4.600000e+02
     vertex  1.632893e+02  1.891917e+01  4.500000e+02
   endloop
 endfacet
 facet normal  9.577479e-01  2.876090e-01  7.831045e-15
   outer loop
     vertex  1.628863e+02  1.983997e+01  4.500000e+02
     vertex  1.628863e+02  1.983997e+01  4.600000e+02
     vertex  1.630319e+02  1.935510e+01  4.600000e+02
   endloop
 endfacet
 facet normal  9.577479e-01  2.876090e-01  4.904131e-15
   outer loop
     vertex  1.628863e+02  1.983997e+01  4.500000e+02
     vertex  1.630319e+02  1.935510e+01  4.600000e+02
     vertex  1.630319e+02  1.935510e+01  4.500000e+02
   endloop
 endfacet
 facet normal  9.987468e-01  5.004751e-02  3.727632e-15
   outer loop
     vertex  1.628609e+02  2.034558e+01  4.500000e+02
     vertex  1.628609e+02  2.034558e+01  4.600000e+02
     vertex  1.628863e+02  1.983997e+01  4.600000e+02
   endloop
 endfacet
 facet normal  9.987468e-01  5.004751e-02  3.727441e-15
   outer loop
     vertex  1.628609e+02  2.034558e+01  4.500000e+02
     vertex  1.628863e+02  1.983997e+01  4.600000e+02
     vertex  1.628863e+02  1.983997e+01  4.500000e+02
   endloop
 endfacet
 facet normal  9.817022e-01 -1.904225e-01 -8.630250e-16
   outer loop
     vertex  1.629573e+02  2.084258e+01  4.500000e+02
     vertex  1.629573e+02  2.084258e+01  4.600000e+02
     vertex  1.628609e+02  2.034558e+01  4.600000e+02
   endloop
 endfacet
 facet normal  9.817022e-01 -1.904225e-01 -5.934848e-16
   outer loop
     vertex  1.629573e+02  2.084258e+01  4.500000e+02
     vertex  1.628609e+02  2.034558e+01  4.600000e+02
     vertex  1.628609e+02  2.034558e+01  4.500000e+02
   endloop
 endfacet
 facet normal  9.076046e-01 -4.198259e-01 -5.176343e-15
   outer loop
     vertex  1.631699e+02  2.130205e+01  4.500000e+02
     vertex  1.631699e+02  2.130205e+01  4.600000e+02
     vertex  1.629573e+02  2.084258e+01  4.600000e+02
   endloop
 endfacet
 facet normal  9.076046e-01 -4.198259e-01 -5.474315e-15
   outer loop
     vertex  1.631699e+02  2.130205e+01  4.500000e+02
     vertex  1.629573e+02  2.084258e+01  4.600000e+02
     vertex  1.629573e+02  2.084258e+01  4.500000e+02
   endloop
 endfacet
 facet normal  7.807604e-01 -6.248306e-01 -1.021207e-14
   outer loop
     vertex  1.634862e+02  2.169732e+01  4.500000e+02
     vertex  1.634862e+02  2.169732e+01  4.600000e+02
     vertex  1.631699e+02  2.130205e+01  4.600000e+02
   endloop
 endfacet
 facet normal  7.807604e-01 -6.248306e-01 -9.325799e-15
   outer loop
     vertex  1.634862e+02  2.169732e+01  4.500000e+02
     vertex  1.631699e+02  2.130205e+01  4.600000e+02
     vertex  1.631699e+02  2.130205e+01  4.500000e+02
   endloop
 endfacet
 facet normal  6.085412e-01 -7.935223e-01 -1.638920e-14
   outer loop
     vertex  1.638879e+02  2.200539e+01  4.500000e+02
     vertex  1.638879e+02  2.200539e+01  4.600000e+02
     vertex  1.634862e+02  2.169732e+01  4.600000e+02
   endloop
 endfacet
 facet normal  6.085412e-01 -7.935223e-01 -1.405723e-14
   outer loop
     vertex  1.638879e+02  2.200539e+01  4.500000e+02
     vertex  1.634862e+02  2.169732e+01  4.600000e+02
     vertex  1.634862e+02  2.169732e+01  4.500000e+02
   endloop
 endfacet
 facet normal  4.009557e-01 -9.160974e-01 -1.627316e-14
   outer loop
     vertex  1.643517e+02  2.220838e+01  4.500000e+02
     vertex  1.643517e+02  2.220838e+01  4.600000e+02
     vertex  1.638879e+02  2.200539e+01  4.600000e+02
   endloop
 endfacet
 facet normal  4.009557e-01 -9.160974e-01 -1.806497e-14
   outer loop
     vertex  1.643517e+02  2.220838e+01  4.500000e+02
     vertex  1.638879e+02  2.200539e+01  4.600000e+02
     vertex  1.638879e+02  2.200539e+01  4.500000e+02
   endloop
 endfacet
 facet normal  9.854323e-01  1.700682e-01  4.548069e-15
   outer loop
     vertex  1.401379e+02  1.200581e+02  4.395000e+02
     vertex  1.399288e+02  1.212697e+02  4.395000e+02
     vertex  1.399288e+02  1.212697e+02  4.600000e+02
   endloop
 endfacet
 facet normal  9.854323e-01  1.700682e-01  4.549350e-15
   outer loop
     vertex  1.401379e+02  1.200581e+02  4.395000e+02
     vertex  1.399288e+02  1.212697e+02  4.600000e+02
     vertex  1.401379e+02  1.200581e+02  4.600000e+02
   endloop
 endfacet
 facet normal  9.974974e-01 -7.070302e-02 -1.323330e-15
   outer loop
     vertex  1.400510e+02  1.188317e+02  4.395000e+02
     vertex  1.401379e+02  1.200581e+02  4.600000e+02
     vertex  1.400510e+02  1.188317e+02  4.600000e+02
   endloop
 endfacet
 facet normal  9.974974e-01 -7.070302e-02  5.946628e-17
   outer loop
     vertex  1.400510e+02  1.188317e+02  4.395000e+02
     vertex  1.401379e+02  1.200581e+02  4.395000e+02
     vertex  1.401379e+02  1.200581e+02  4.600000e+02
   endloop
 endfacet
 facet normal  8.503793e-01 -5.261625e-01  2.840509e-03
   outer loop
     vertex  1.395312e+02  1.173784e+02  4.500000e+02
     vertex  1.396731e+02  1.176618e+02  4.600000e+02
     vertex  1.390262e+02  1.166163e+02  4.600000e+02
   endloop
 endfacet
 facet normal  9.515807e-01 -3.073617e-01 -4.795118e-03
   outer loop
     vertex  1.395312e+02  1.173784e+02  4.500000e+02
     vertex  1.400510e+02  1.188317e+02  4.600000e+02
     vertex  1.396731e+02  1.176618e+02  4.600000e+02
   endloop
 endfacet
 facet normal  9.415831e-01 -3.367806e-01 -6.305346e-15
   outer loop
     vertex  1.395312e+02  1.173784e+02  4.500000e+02
     vertex  1.400510e+02  1.188317e+02  4.395000e+02
     vertex  1.400510e+02  1.188317e+02  4.600000e+02
   endloop
 endfacet
 facet normal  9.415831e-01 -3.367806e-01 -1.142201e-14
   outer loop
     vertex  1.395312e+02  1.173784e+02  4.464000e+02
     vertex  1.400510e+02  1.188317e+02  4.395000e+02
     vertex  1.395312e+02  1.173784e+02  4.500000e+02
   endloop
 endfacet
 facet normal  9.515686e-01 -3.073579e-01  6.949358e-03
   outer loop
     vertex  1.396731e+02  1.176618e+02  4.395000e+02
     vertex  1.400510e+02  1.188317e+02  4.395000e+02
     vertex  1.395312e+02  1.173784e+02  4.464000e+02
   endloop
 endfacet
 facet normal  6.997510e-01 -7.143833e-01  2.229173e-03
   outer loop
     vertex  1.388809e+02  1.164427e+02  4.500000e+02
     vertex  1.390262e+02  1.166163e+02  4.600000e+02
     vertex  1.381479e+02  1.157559e+02  4.600000e+02
   endloop
 endfacet
 facet normal  8.211607e-01 -5.706934e-01 -2.029099e-03
   outer loop
     vertex  1.388809e+02  1.164427e+02  4.500000e+02
     vertex  1.395312e+02  1.173784e+02  4.500000e+02
     vertex  1.390262e+02  1.166163e+02  4.600000e+02
   endloop
 endfacet
 facet normal  8.211589e-01 -5.706921e-01  2.940716e-03
   outer loop
     vertex  1.390262e+02  1.166163e+02  4.395000e+02
     vertex  1.395312e+02  1.173784e+02  4.464000e+02
     vertex  1.388809e+02  1.164427e+02  4.464000e+02
   endloop
 endfacet
 facet normal  8.503756e-01 -5.261601e-01 -4.116661e-03
   outer loop
     vertex  1.390262e+02  1.166163e+02  4.395000e+02
     vertex  1.396731e+02  1.176618e+02  4.395000e+02
     vertex  1.395312e+02  1.173784e+02  4.464000e+02
   endloop
 endfacet
 facet normal  5.084551e-01 -8.610873e-01  1.457522e-03
   outer loop
     vertex  1.380390e+02  1.156747e+02  4.500000e+02
     vertex  1.381479e+02  1.157559e+02  4.600000e+02
     vertex  1.370892e+02  1.151308e+02  4.600000e+02
   endloop
 endfacet
 facet normal  6.739473e-01 -7.387782e-01 -1.337576e-03
   outer loop
     vertex  1.380390e+02  1.156747e+02  4.500000e+02
     vertex  1.388809e+02  1.164427e+02  4.500000e+02
     vertex  1.381479e+02  1.157559e+02  4.600000e+02
   endloop
 endfacet
 facet normal  2.876089e-01 -9.577478e-01  5.257989e-04
   outer loop
     vertex  1.370476e+02  1.151128e+02  4.500000e+02
     vertex  1.370892e+02  1.151308e+02  4.600000e+02
     vertex  1.359117e+02  1.147772e+02  4.600000e+02
   endloop
 endfacet
 facet normal  4.930869e-01 -8.699799e-01 -4.858540e-04
   outer loop
     vertex  1.370476e+02  1.151128e+02  4.500000e+02
     vertex  1.380390e+02  1.156747e+02  4.500000e+02
     vertex  1.370892e+02  1.151308e+02  4.600000e+02
   endloop
 endfacet
 facet normal  6.739467e-01 -7.387775e-01  1.938515e-03
   outer loop
     vertex  1.381479e+02  1.157559e+02  4.395000e+02
     vertex  1.388809e+02  1.164427e+02  4.464000e+02
     vertex  1.380390e+02  1.156747e+02  4.464000e+02
   endloop
 endfacet
 facet normal  6.997491e-01 -7.143814e-01 -3.230677e-03
   outer loop
     vertex  1.381479e+02  1.157559e+02  4.395000e+02
     vertex  1.390262e+02  1.166163e+02  4.395000e+02
     vertex  1.388809e+02  1.164427e+02  4.464000e+02
   endloop
 endfacet
 facet normal  2.876089e-01 -9.577478e-01  5.257989e-04
   outer loop
     vertex  1.359563e+02  1.147851e+02  4.500000e+02
     vertex  1.370476e+02  1.151128e+02  4.500000e+02
     vertex  1.359117e+02  1.147772e+02  4.600000e+02
   endloop
 endfacet
 facet normal  4.930869e-01 -8.699798e-01  7.041362e-04
   outer loop
     vertex  1.370892e+02  1.151308e+02  4.395000e+02
     vertex  1.380390e+02  1.156747e+02  4.464000e+02
     vertex  1.370476e+02  1.151128e+02  4.464000e+02
   endloop
 endfacet
 facet normal  5.084545e-01 -8.610862e-01 -2.112349e-03
   outer loop
     vertex  1.370892e+02  1.151308e+02  4.395000e+02
     vertex  1.381479e+02  1.157559e+02  4.395000e+02
     vertex  1.380390e+02  1.156747e+02  4.464000e+02
   endloop
 endfacet
 facet normal  5.004746e-02 -9.987458e-01  1.457522e-03
   outer loop
     vertex  1.348194e+02  1.147079e+02  4.500000e+02
     vertex  1.359117e+02  1.147772e+02  4.600000e+02
     vertex  1.346837e+02  1.147157e+02  4.600000e+02
   endloop
 endfacet
 facet normal  6.777225e-02 -9.977007e-01 -4.858540e-04
   outer loop
     vertex  1.348194e+02  1.147079e+02  4.500000e+02
     vertex  1.359563e+02  1.147851e+02  4.500000e+02
     vertex  1.359117e+02  1.147772e+02  4.600000e+02
   endloop
 endfacet
 facet normal  2.876089e-01 -9.577476e-01 -7.620273e-04
   outer loop
     vertex  1.359117e+02  1.147772e+02  4.395000e+02
     vertex  1.370476e+02  1.151128e+02  4.464000e+02
     vertex  1.359563e+02  1.147851e+02  4.464000e+02
   endloop
 endfacet
 facet normal  2.876089e-01 -9.577476e-01 -7.620273e-04
   outer loop
     vertex  1.359117e+02  1.147772e+02  4.395000e+02
     vertex  1.370892e+02  1.151308e+02  4.395000e+02
     vertex  1.370476e+02  1.151128e+02  4.464000e+02
   endloop
 endfacet
 facet normal  6.777224e-02 -9.977006e-01  7.041362e-04
   outer loop
     vertex  1.348194e+02  1.147079e+02  4.464000e+02
     vertex  1.359117e+02  1.147772e+02  4.395000e+02
     vertex  1.359563e+02  1.147851e+02  4.464000e+02
   endloop
 endfacet
 facet normal -1.904221e-01 -9.816998e-01  2.229173e-03
   outer loop
     vertex  1.336937e+02  1.148850e+02  4.500000e+02
     vertex  1.346837e+02  1.147157e+02  4.600000e+02
     vertex  1.334768e+02  1.149498e+02  4.600000e+02
   endloop
 endfacet
 facet normal -1.554478e-01 -9.878432e-01 -1.337576e-03
   outer loop
     vertex  1.336937e+02  1.148850e+02  4.500000e+02
     vertex  1.348194e+02  1.147079e+02  4.500000e+02
     vertex  1.346837e+02  1.147157e+02  4.600000e+02
   endloop
 endfacet
 facet normal  5.004740e-02 -9.987446e-01 -2.112349e-03
   outer loop
     vertex  1.346837e+02  1.147157e+02  4.395000e+02
     vertex  1.359117e+02  1.147772e+02  4.395000e+02
     vertex  1.348194e+02  1.147079e+02  4.464000e+02
   endloop
 endfacet
 facet normal -1.554477e-01 -9.878422e-01  1.938515e-03
   outer loop
     vertex  1.336937e+02  1.148850e+02  4.464000e+02
     vertex  1.346837e+02  1.147157e+02  4.395000e+02
     vertex  1.348194e+02  1.147079e+02  4.464000e+02
   endloop
 endfacet
 facet normal -3.709068e-01 -9.286679e-01 -2.029099e-03
   outer loop
     vertex  1.326354e+02  1.153077e+02  4.500000e+02
     vertex  1.336937e+02  1.148850e+02  4.500000e+02
     vertex  1.334768e+02  1.149498e+02  4.600000e+02
   endloop
 endfacet
 facet normal -4.198242e-01 -9.076010e-01  2.840509e-03
   outer loop
     vertex  1.326354e+02  1.153077e+02  4.500000e+02
     vertex  1.334768e+02  1.149498e+02  4.600000e+02
     vertex  1.323609e+02  1.154659e+02  4.600000e+02
   endloop
 endfacet
 facet normal -6.248234e-01 -7.807514e-01 -4.795118e-03
   outer loop
     vertex  1.314010e+02  1.162342e+02  4.600000e+02
     vertex  1.326354e+02  1.153077e+02  4.500000e+02
     vertex  1.323609e+02  1.154659e+02  4.600000e+02
   endloop
 endfacet
 facet normal -1.904215e-01 -9.816971e-01 -3.230677e-03
   outer loop
     vertex  1.334768e+02  1.149498e+02  4.395000e+02
     vertex  1.346837e+02  1.147157e+02  4.395000e+02
     vertex  1.336937e+02  1.148850e+02  4.464000e+02
   endloop
 endfacet
 facet normal -3.709059e-01 -9.286658e-01  2.940716e-03
   outer loop
     vertex  1.326354e+02  1.153077e+02  4.464000e+02
     vertex  1.334768e+02  1.149498e+02  4.395000e+02
     vertex  1.336937e+02  1.148850e+02  4.464000e+02
   endloop
 endfacet
 facet normal -4.198224e-01 -9.075970e-01 -4.116661e-03
   outer loop
     vertex  1.323609e+02  1.154659e+02  4.395000e+02
     vertex  1.334768e+02  1.149498e+02  4.395000e+02
     vertex  1.326354e+02  1.153077e+02  4.464000e+02
   endloop
 endfacet
 facet normal -6.002725e-01 -7.997955e-01 -1.469294e-14
   outer loop
     vertex  1.314010e+02  1.162342e+02  4.395000e+02
     vertex  1.326354e+02  1.153077e+02  4.500000e+02
     vertex  1.314010e+02  1.162342e+02  4.600000e+02
   endloop
 endfacet
 facet normal -6.248155e-01 -7.807415e-01  6.949358e-03
   outer loop
     vertex  1.314010e+02  1.162342e+02  4.395000e+02
     vertex  1.323609e+02  1.154659e+02  4.395000e+02
     vertex  1.326354e+02  1.153077e+02  4.464000e+02
   endloop
 endfacet
 facet normal -6.002725e-01 -7.997955e-01 -1.262785e-14
   outer loop
     vertex  1.314010e+02  1.162342e+02  4.395000e+02
     vertex  1.326354e+02  1.153077e+02  4.464000e+02
     vertex  1.326354e+02  1.153077e+02  4.500000e+02
   endloop
 endfacet
 facet normal -7.935223e-01 -6.085412e-01 -1.096806e-14
   outer loop
     vertex  1.306528e+02  1.172098e+02  4.395000e+02
     vertex  1.314010e+02  1.162342e+02  4.600000e+02
     vertex  1.306528e+02  1.172098e+02  4.600000e+02
   endloop
 endfacet
 facet normal -7.935223e-01 -6.085412e-01 -1.164658e-14
   outer loop
     vertex  1.306528e+02  1.172098e+02  4.395000e+02
     vertex  1.314010e+02  1.162342e+02  4.395000e+02
     vertex  1.314010e+02  1.162342e+02  4.600000e+02
   endloop
 endfacet
 facet normal -9.160974e-01 -4.009557e-01 -6.670740e-15
   outer loop
     vertex  1.301598e+02  1.183361e+02  4.395000e+02
     vertex  1.306528e+02  1.172098e+02  4.600000e+02
     vertex  1.301598e+02  1.183361e+02  4.600000e+02
   endloop
 endfacet
 facet normal -9.160974e-01 -4.009557e-01 -7.228456e-15
   outer loop
     vertex  1.301598e+02  1.183361e+02  4.395000e+02
     vertex  1.306528e+02  1.172098e+02  4.395000e+02
     vertex  1.306528e+02  1.172098e+02  4.600000e+02
   endloop
 endfacet
 facet normal  1.700682e-01 -9.854323e-01 -1.750575e-14
   outer loop
     vertex  1.648506e+02  2.229448e+01  4.500000e+02
     vertex  1.643517e+02  2.220838e+01  4.600000e+02
     vertex  1.643517e+02  2.220838e+01  4.500000e+02
   endloop
 endfacet
 facet normal  1.700682e-01 -9.854323e-01 -1.890518e-14
   outer loop
     vertex  1.648506e+02  2.229448e+01  4.500000e+02
     vertex  1.648506e+02  2.229448e+01  4.600000e+02
     vertex  1.643517e+02  2.220838e+01  4.600000e+02
   endloop
 endfacet
 facet normal -7.070302e-02 -9.974974e-01 -1.842788e-14
   outer loop
     vertex  1.653556e+02  2.225868e+01  4.500000e+02
     vertex  1.653556e+02  2.225868e+01  4.600000e+02
     vertex  1.648506e+02  2.229448e+01  4.600000e+02
   endloop
 endfacet
 facet normal -7.070302e-02 -9.974974e-01 -1.913680e-14
   outer loop
     vertex  1.653556e+02  2.225868e+01  4.500000e+02
     vertex  1.648506e+02  2.229448e+01  4.600000e+02
     vertex  1.648506e+02  2.229448e+01  4.500000e+02
   endloop
 endfacet
 facet normal -3.073653e-01 -9.515916e-01 -1.845339e-14
   outer loop
     vertex  1.658373e+02  2.210308e+01  4.500000e+02
     vertex  1.658373e+02  2.210308e+01  4.600000e+02
     vertex  1.653556e+02  2.225868e+01  4.600000e+02
   endloop
 endfacet
 facet normal -3.073653e-01 -9.515916e-01 -1.757976e-14
   outer loop
     vertex  1.658373e+02  2.210308e+01  4.500000e+02
     vertex  1.653556e+02  2.225868e+01  4.600000e+02
     vertex  1.653556e+02  2.225868e+01  4.500000e+02
   endloop
 endfacet
 facet normal -5.261646e-01 -8.503828e-01 -1.780975e-14
   outer loop
     vertex  1.662678e+02  2.183671e+01  4.500000e+02
     vertex  1.662678e+02  2.183671e+01  4.600000e+02
     vertex  1.658373e+02  2.210308e+01  4.600000e+02
   endloop
 endfacet
 facet normal -5.261646e-01 -8.503828e-01 -1.720421e-14
   outer loop
     vertex  1.662678e+02  2.183671e+01  4.500000e+02
     vertex  1.658373e+02  2.210308e+01  4.600000e+02
     vertex  1.658373e+02  2.210308e+01  4.500000e+02
   endloop
 endfacet
 facet normal -7.143851e-01 -6.997528e-01 -1.595212e-14
   outer loop
     vertex  1.666221e+02  2.147504e+01  4.500000e+02
     vertex  1.666221e+02  2.147504e+01  4.600000e+02
     vertex  1.662678e+02  2.183671e+01  4.600000e+02
   endloop
 endfacet
 facet normal -7.143851e-01 -6.997528e-01 -1.545528e-14
   outer loop
     vertex  1.666221e+02  2.147504e+01  4.500000e+02
     vertex  1.662678e+02  2.183671e+01  4.600000e+02
     vertex  1.662678e+02  2.183671e+01  4.500000e+02
   endloop
 endfacet
 facet normal -8.610882e-01 -5.084557e-01 -1.147935e-14
   outer loop
     vertex  1.668795e+02  2.103912e+01  4.500000e+02
     vertex  1.668795e+02  2.103912e+01  4.600000e+02
     vertex  1.666221e+02  2.147504e+01  4.600000e+02
   endloop
 endfacet
 facet normal -8.610882e-01 -5.084557e-01 -1.256324e-14
   outer loop
     vertex  1.668795e+02  2.103912e+01  4.500000e+02
     vertex  1.666221e+02  2.147504e+01  4.600000e+02
     vertex  1.666221e+02  2.147504e+01  4.500000e+02
   endloop
 endfacet
 facet normal -9.577479e-01 -2.876090e-01 -8.035404e-15
   outer loop
     vertex  1.670251e+02  2.055425e+01  4.500000e+02
     vertex  1.670251e+02  2.055425e+01  4.600000e+02
     vertex  1.668795e+02  2.103912e+01  4.600000e+02
   endloop
 endfacet
 facet normal -9.577479e-01 -2.876090e-01 -7.829066e-15
   outer loop
     vertex  1.670251e+02  2.055425e+01  4.500000e+02
     vertex  1.668795e+02  2.103912e+01  4.600000e+02
     vertex  1.668795e+02  2.103912e+01  4.500000e+02
   endloop
 endfacet
 facet normal -9.987468e-01 -5.004751e-02 -3.798753e-15
   outer loop
     vertex  1.670504e+02  2.004863e+01  4.500000e+02
     vertex  1.670504e+02  2.004863e+01  4.600000e+02
     vertex  1.670251e+02  2.055425e+01  4.600000e+02
   endloop
 endfacet
 facet normal -9.987468e-01 -5.004751e-02 -3.763078e-15
   outer loop
     vertex  1.670504e+02  2.004863e+01  4.500000e+02
     vertex  1.670251e+02  2.055425e+01  4.600000e+02
     vertex  1.670251e+02  2.055425e+01  4.500000e+02
   endloop
 endfacet
 facet normal -9.817022e-01  1.904225e-01  8.630250e-16
   outer loop
     vertex  1.669540e+02  1.955164e+01  4.500000e+02
     vertex  1.669540e+02  1.955164e+01  4.600000e+02
     vertex  1.670504e+02  2.004863e+01  4.600000e+02
   endloop
 endfacet
 facet normal -9.817022e-01  1.904225e-01  8.634999e-16
   outer loop
     vertex  1.669540e+02  1.955164e+01  4.500000e+02
     vertex  1.670504e+02  2.004863e+01  4.600000e+02
     vertex  1.670504e+02  2.004863e+01  4.500000e+02
   endloop
 endfacet
 facet normal -9.076046e-01  4.198259e-01  7.755911e-15
   outer loop
     vertex  1.667415e+02  1.909216e+01  4.500000e+02
     vertex  1.667415e+02  1.909216e+01  4.600000e+02
     vertex  1.669540e+02  1.955164e+01  4.600000e+02
   endloop
 endfacet
 facet normal -9.076046e-01  4.198259e-01  5.474315e-15
   outer loop
     vertex  1.667415e+02  1.909216e+01  4.500000e+02
     vertex  1.669540e+02  1.955164e+01  4.600000e+02
     vertex  1.669540e+02  1.955164e+01  4.500000e+02
   endloop
 endfacet
 facet normal -7.807604e-01  6.248306e-01  1.331827e-14
   outer loop
     vertex  1.664251e+02  1.869690e+01  4.500000e+02
     vertex  1.664251e+02  1.869690e+01  4.600000e+02
     vertex  1.667415e+02  1.909216e+01  4.600000e+02
   endloop
 endfacet
 facet normal -7.807604e-01  6.248306e-01  1.154623e-14
   outer loop
     vertex  1.664251e+02  1.869690e+01  4.500000e+02
     vertex  1.667415e+02  1.909216e+01  4.600000e+02
     vertex  1.667415e+02  1.909216e+01  4.500000e+02
   endloop
 endfacet
 facet normal -6.085412e-01  7.935223e-01  1.349387e-14
   outer loop
     vertex  1.660234e+02  1.838882e+01  4.500000e+02
     vertex  1.660234e+02  1.838882e+01  4.600000e+02
     vertex  1.664251e+02  1.869690e+01  4.600000e+02
   endloop
 endfacet
 facet normal -6.085412e-01  7.935223e-01  1.582535e-14
   outer loop
     vertex  1.660234e+02  1.838882e+01  4.500000e+02
     vertex  1.664251e+02  1.869690e+01  4.600000e+02
     vertex  1.664251e+02  1.869690e+01  4.500000e+02
   endloop
 endfacet
 facet normal -4.009557e-01  9.160974e-01  1.578450e-14
   outer loop
     vertex  1.655596e+02  1.818584e+01  4.500000e+02
     vertex  1.655596e+02  1.818584e+01  4.600000e+02
     vertex  1.660234e+02  1.838882e+01  4.600000e+02
   endloop
 endfacet
 facet normal -4.009557e-01  9.160974e-01  1.643665e-14
   outer loop
     vertex  1.655596e+02  1.818584e+01  4.500000e+02
     vertex  1.660234e+02  1.838882e+01  4.600000e+02
     vertex  1.660234e+02  1.838882e+01  4.500000e+02
   endloop
 endfacet
 facet normal  8.003633e-02 -9.967919e-01 -1.934638e-14
   outer loop
     vertex  1.525188e+02  1.279453e+02  4.395000e+02
     vertex  1.382678e+02  1.268010e+02  4.600000e+02
     vertex  1.382678e+02  1.268010e+02  4.395000e+02
   endloop
 endfacet
 facet normal  8.003633e-02 -9.967919e-01 -1.818763e-14
   outer loop
     vertex  1.525188e+02  1.279453e+02  4.395000e+02
     vertex  1.525188e+02  1.279453e+02  4.600000e+02
     vertex  1.382678e+02  1.268010e+02  4.600000e+02
   endloop
 endfacet
 facet normal -1.662280e-01 -9.860873e-01 -1.890944e-14
   outer loop
     vertex  1.666167e+02  1.255688e+02  4.395000e+02
     vertex  1.666167e+02  1.255688e+02  4.600000e+02
     vertex  1.525188e+02  1.279453e+02  4.600000e+02
   endloop
 endfacet
 facet normal -1.662280e-01 -9.860873e-01 -1.730992e-14
   outer loop
     vertex  1.666167e+02  1.255688e+02  4.395000e+02
     vertex  1.525188e+02  1.279453e+02  4.600000e+02
     vertex  1.525188e+02  1.279453e+02  4.395000e+02
   endloop
 endfacet
 facet normal -4.023923e-01 -9.154674e-01 -1.721129e-14
   outer loop
     vertex  1.797049e+02  1.198158e+02  4.395000e+02
     vertex  1.797049e+02  1.198158e+02  4.600000e+02
     vertex  1.666167e+02  1.255688e+02  4.600000e+02
   endloop
 endfacet
 facet normal -4.023923e-01 -9.154674e-01 -1.721295e-14
   outer loop
     vertex  1.797049e+02  1.198158e+02  4.395000e+02
     vertex  1.666167e+02  1.255688e+02  4.600000e+02
     vertex  1.666167e+02  1.255688e+02  4.395000e+02
   endloop
 endfacet
 facet normal -6.141068e-01 -7.892229e-01 -1.531878e-14
   outer loop
     vertex  1.909883e+02  1.110360e+02  4.395000e+02
     vertex  1.909883e+02  1.110360e+02  4.600000e+02
     vertex  1.797049e+02  1.198158e+02  4.600000e+02
   endloop
 endfacet
 facet normal -6.141068e-01 -7.892229e-01 -1.444918e-14
   outer loop
     vertex  1.909883e+02  1.110360e+02  4.395000e+02
     vertex  1.797049e+02  1.198158e+02  4.600000e+02
     vertex  1.797049e+02  1.198158e+02  4.395000e+02
   endloop
 endfacet
 facet normal -7.885078e-01 -6.150247e-01 -1.041805e-14
   outer loop
     vertex  1.997812e+02  9.976289e+01  4.395000e+02
     vertex  1.997812e+02  9.976289e+01  4.600000e+02
     vertex  1.909883e+02  1.110360e+02  4.600000e+02
   endloop
 endfacet
 facet normal -7.885078e-01 -6.150247e-01 -1.197633e-14
   outer loop
     vertex  1.997812e+02  9.976289e+01  4.395000e+02
     vertex  1.909883e+02  1.110360e+02  4.600000e+02
     vertex  1.909883e+02  1.110360e+02  4.395000e+02
   endloop
 endfacet
 facet normal -9.858933e-01 -1.673753e-01 -4.499585e-15
   outer loop
     vertex  2.055494e+02  8.668132e+01  4.395000e+02
     vertex  2.079423e+02  7.258618e+01  4.600000e+02
     vertex  2.055494e+02  8.668132e+01  4.600000e+02
   endloop
 endfacet
 facet normal -9.149985e-01 -4.034572e-01 -8.819978e-15
   outer loop
     vertex  2.055494e+02  8.668132e+01  4.395000e+02
     vertex  2.055494e+02  8.668132e+01  4.600000e+02
     vertex  1.997812e+02  9.976289e+01  4.600000e+02
   endloop
 endfacet
 facet normal -9.149985e-01 -4.034572e-01 -6.254845e-15
   outer loop
     vertex  2.055494e+02  8.668132e+01  4.395000e+02
     vertex  1.997812e+02  9.976289e+01  4.600000e+02
     vertex  1.997812e+02  9.976289e+01  4.395000e+02
   endloop
 endfacet
 facet normal -9.858933e-01 -1.673753e-01 -4.383559e-15
   outer loop
     vertex  2.079423e+02  7.258618e+01  4.395000e+02
     vertex  2.079423e+02  7.258618e+01  4.600000e+02
     vertex  2.055494e+02  8.668132e+01  4.395000e+02
   endloop
 endfacet
 facet normal -9.473041e-01  3.203356e-01  6.753851e-15
   outer loop
     vertex  2.068146e+02  5.833391e+01  4.395000e+02
     vertex  2.022348e+02  4.479047e+01  4.600000e+02
     vertex  2.068146e+02  5.833391e+01  4.600000e+02
   endloop
 endfacet
 facet normal -9.968844e-01  7.887648e-02  2.721720e-15
   outer loop
     vertex  2.068146e+02  5.833391e+01  4.395000e+02
     vertex  2.068146e+02  5.833391e+01  4.600000e+02
     vertex  2.079423e+02  7.258618e+01  4.600000e+02
   endloop
 endfacet
 facet normal -9.968844e-01  7.887648e-02  4.848717e-17
   outer loop
     vertex  2.068146e+02  5.833391e+01  4.395000e+02
     vertex  2.079423e+02  7.258618e+01  4.600000e+02
     vertex  2.079423e+02  7.258618e+01  4.395000e+02
   endloop
 endfacet
 facet normal -9.473041e-01  3.203356e-01  5.329455e-15
   outer loop
     vertex  2.022348e+02  4.479047e+01  4.395000e+02
     vertex  2.022348e+02  4.479047e+01  4.600000e+02
     vertex  2.068146e+02  5.833391e+01  4.395000e+02
   endloop
 endfacet
 facet normal -6.819768e-01  7.313738e-01  1.311345e-14
   outer loop
     vertex  1.944812e+02  3.277878e+01  4.395000e+02
     vertex  1.840249e+02  2.302868e+01  4.600000e+02
     vertex  1.944812e+02  3.277878e+01  4.600000e+02
   endloop
 endfacet
 facet normal -8.401650e-01  5.423309e-01  1.018764e-14
   outer loop
     vertex  1.944812e+02  3.277878e+01  4.395000e+02
     vertex  1.944812e+02  3.277878e+01  4.600000e+02
     vertex  2.022348e+02  4.479047e+01  4.600000e+02
   endloop
 endfacet
 facet normal -8.401650e-01  5.423309e-01  9.018614e-15
   outer loop
     vertex  1.944812e+02  3.277878e+01  4.395000e+02
     vertex  2.022348e+02  4.479047e+01  4.600000e+02
     vertex  2.022348e+02  4.479047e+01  4.395000e+02
   endloop
 endfacet
 facet normal -6.819768e-01  7.313738e-01  1.405896e-14
   outer loop
     vertex  1.840249e+02  2.302868e+01  4.395000e+02
     vertex  1.840249e+02  2.302868e+01  4.600000e+02
     vertex  1.944812e+02  3.277878e+01  4.395000e+02
   endloop
 endfacet
 facet normal -4.823512e-01  8.759779e-01  1.511947e-14
   outer loop
     vertex  1.715012e+02  1.613259e+01  4.395000e+02
     vertex  1.715012e+02  1.613259e+01  4.600000e+02
     vertex  1.840249e+02  2.302868e+01  4.600000e+02
   endloop
 endfacet
 facet normal -4.823512e-01  8.759779e-01  1.590379e-14
   outer loop
     vertex  1.715012e+02  1.613259e+01  4.395000e+02
     vertex  1.840249e+02  2.302868e+01  4.600000e+02
     vertex  1.840249e+02  2.302868e+01  4.395000e+02
   endloop
 endfacet
 facet normal -8.003633e-02  9.967919e-01  1.796570e-14
   outer loop
     vertex  1.617322e+02  1.319898e+01  4.395000e+02
     vertex  1.474812e+02  1.205472e+01  4.600000e+02
     vertex  1.617322e+02  1.319898e+01  4.600000e+02
   endloop
 endfacet
 facet normal  1.662280e-01  9.860873e-01  1.650913e-14
   outer loop
     vertex  1.474812e+02  1.205472e+01  4.395000e+02
     vertex  1.333833e+02  1.443125e+01  4.600000e+02
     vertex  1.474812e+02  1.205472e+01  4.600000e+02
   endloop
 endfacet
 facet normal -8.003633e-02  9.967919e-01  1.806407e-14
   outer loop
     vertex  1.474812e+02  1.205472e+01  4.395000e+02
     vertex  1.474812e+02  1.205472e+01  4.600000e+02
     vertex  1.617322e+02  1.319898e+01  4.395000e+02
   endloop
 endfacet
 facet normal  4.023923e-01  9.154674e-01  1.601879e-14
   outer loop
     vertex  1.333833e+02  1.443125e+01  4.395000e+02
     vertex  1.202951e+02  2.018418e+01  4.600000e+02
     vertex  1.333833e+02  1.443125e+01  4.600000e+02
   endloop
 endfacet
 facet normal  1.662280e-01  9.860873e-01  1.799541e-14
   outer loop
     vertex  1.333833e+02  1.443125e+01  4.395000e+02
     vertex  1.333833e+02  1.443125e+01  4.600000e+02
     vertex  1.474812e+02  1.205472e+01  4.395000e+02
   endloop
 endfacet
 facet normal  6.141068e-01  7.892229e-01  1.264314e-14
   outer loop
     vertex  1.202951e+02  2.018418e+01  4.395000e+02
     vertex  1.090117e+02  2.896395e+01  4.600000e+02
     vertex  1.202951e+02  2.018418e+01  4.600000e+02
   endloop
 endfacet
 facet normal  4.023923e-01  9.154674e-01  1.573984e-14
   outer loop
     vertex  1.202951e+02  2.018418e+01  4.395000e+02
     vertex  1.202951e+02  2.018418e+01  4.600000e+02
     vertex  1.333833e+02  1.443125e+01  4.395000e+02
   endloop
 endfacet
 facet normal  9.043718e-01  4.224282e-01 -6.054869e-02
   outer loop
     vertex  9.653154e+01  4.752504e+01  4.557719e+02
     vertex  1.002188e+02  4.023711e+01  4.600000e+02
     vertex  9.677420e+01  4.695625e+01  4.554281e+02
   endloop
 endfacet
 facet normal  8.999104e-01  4.342541e-01 -3.980720e-02
   outer loop
     vertex  9.698372e+01  4.647821e+01  4.549498e+02
     vertex  9.677420e+01  4.695625e+01  4.554281e+02
     vertex  1.002188e+02  4.023711e+01  4.600000e+02
   endloop
 endfacet
 facet normal  9.101153e-01  4.013040e-01 -1.031756e-01
   outer loop
     vertex  9.631608e+01  4.804467e+01  4.559419e+02
     vertex  9.445062e+01  5.331868e+01  4.600000e+02
     vertex  1.002188e+02  4.023711e+01  4.600000e+02
   endloop
 endfacet
 facet normal  9.089282e-01  4.067966e-01 -9.146655e-02
   outer loop
     vertex  9.631608e+01  4.804467e+01  4.559419e+02
     vertex  1.002188e+02  4.023711e+01  4.600000e+02
     vertex  9.653154e+01  4.752504e+01  4.557719e+02
   endloop
 endfacet
 facet normal  8.959564e-01  4.433806e-01 -2.599558e-02
   outer loop
     vertex  9.714513e+01  4.611773e+01  4.543645e+02
     vertex  9.698372e+01  4.647821e+01  4.549498e+02
     vertex  1.002188e+02  4.023711e+01  4.600000e+02
   endloop
 endfacet
 facet normal  6.141068e-01  7.892229e-01  1.364671e-14
   outer loop
     vertex  1.090117e+02  2.896395e+01  4.395000e+02
     vertex  1.090117e+02  2.896395e+01  4.600000e+02
     vertex  1.202951e+02  2.018418e+01  4.395000e+02
   endloop
 endfacet
 facet normal  9.227622e-01  3.792069e-01 -6.864433e-02
   outer loop
     vertex  9.609546e+01  4.859204e+01  4.560000e+02
     vertex  9.445062e+01  5.331868e+01  4.600000e+02
     vertex  9.631608e+01  4.804467e+01  4.559419e+02
   endloop
 endfacet
 facet normal  8.922040e-01  4.513625e-01 -1.561996e-02
   outer loop
     vertex  9.724734e+01  4.589281e+01  4.537030e+02
     vertex  9.714513e+01  4.611773e+01  4.543645e+02
     vertex  1.002188e+02  4.023711e+01  4.600000e+02
   endloop
 endfacet
 facet normal  8.878991e-01  4.600013e-01 -5.829504e-03
   outer loop
     vertex  9.728244e+01  4.581614e+01  4.530000e+02
     vertex  9.724734e+01  4.589281e+01  4.537030e+02
     vertex  1.002188e+02  4.023711e+01  4.600000e+02
   endloop
 endfacet
 facet normal  8.817066e-01  4.717581e-01  6.138347e-03
   outer loop
     vertex  9.725814e+01  4.586918e+01  4.524140e+02
     vertex  9.728244e+01  4.581614e+01  4.530000e+02
     vertex  1.002188e+02  4.023711e+01  4.600000e+02
   endloop
 endfacet
 facet normal  7.799121e-01  6.083201e-01  1.472541e-01
   outer loop
     vertex  9.725814e+01  4.586918e+01  4.524140e+02
     vertex  1.002188e+02  4.023711e+01  4.600000e+02
     vertex  1.090117e+02  2.896395e+01  4.600000e+02
   endloop
 endfacet
 facet normal  8.063206e-01  5.882590e-01  6.163166e-02
   outer loop
     vertex  9.718636e+01  4.602669e+01  4.518497e+02
     vertex  9.725814e+01  4.586918e+01  4.524140e+02
     vertex  1.090117e+02  2.896395e+01  4.600000e+02
   endloop
 endfacet
 facet normal  8.219069e-01  5.696218e-01  9.282931e-15
   outer loop
     vertex  9.718636e+01  4.602669e+01  4.518497e+02
     vertex  1.090117e+02  2.896395e+01  4.600000e+02
     vertex  1.090117e+02  2.896395e+01  4.395000e+02
   endloop
 endfacet
 facet normal  9.394699e-01  3.421585e-01 -1.799531e-02
   outer loop
     vertex  9.495349e+01  5.172757e+01  4.560000e+02
     vertex  9.445062e+01  5.331868e+01  4.600000e+02
     vertex  9.609546e+01  4.859204e+01  4.560000e+02
   endloop
 endfacet
 facet normal  9.577307e-01  2.876038e-01  6.000957e-03
   outer loop
     vertex  9.399373e+01  5.492359e+01  4.560000e+02
     vertex  9.445062e+01  5.331868e+01  4.600000e+02
     vertex  9.495349e+01  5.172757e+01  4.560000e+02
   endloop
 endfacet
 facet normal  9.725459e-01  2.320144e-01 -1.799531e-02
   outer loop
     vertex  9.321937e+01  5.816952e+01  4.560000e+02
     vertex  9.445062e+01  5.331868e+01  4.600000e+02
     vertex  9.399373e+01  5.492359e+01  4.560000e+02
   endloop
 endfacet
 facet normal  9.792926e-01  1.892309e-01 -7.195606e-02
   outer loop
     vertex  9.308041e+01  5.885729e+01  4.559175e+02
     vertex  9.445062e+01  5.331868e+01  4.600000e+02
     vertex  9.321937e+01  5.816952e+01  4.560000e+02
   endloop
 endfacet
 facet normal  9.806223e-01  1.664804e-01 -1.032671e-01
   outer loop
     vertex  9.205769e+01  6.741382e+01  4.600000e+02
     vertex  9.445062e+01  5.331868e+01  4.600000e+02
     vertex  9.308041e+01  5.885729e+01  4.559175e+02
   endloop
 endfacet
 facet normal  9.843161e-01  1.564996e-01 -8.142297e-02
   outer loop
     vertex  9.205769e+01  6.741382e+01  4.600000e+02
     vertex  9.308041e+01  5.885729e+01  4.559175e+02
     vertex  9.295638e+01  5.951068e+01  4.556740e+02
   endloop
 endfacet
 facet normal  9.885841e-01  1.411975e-01 -5.258103e-02
   outer loop
     vertex  9.205769e+01  6.741382e+01  4.600000e+02
     vertex  9.295638e+01  5.951068e+01  4.556740e+02
     vertex  9.285276e+01  6.009080e+01  4.552835e+02
   endloop
 endfacet
 facet normal  7.849949e-01  6.122847e-01 -9.428899e-02
   outer loop
     vertex  1.002188e+02  4.023711e+01  4.395000e+02
     vertex  9.718636e+01  4.602669e+01  4.518497e+02
     vertex  1.090117e+02  2.896395e+01  4.395000e+02
   endloop
 endfacet
 facet normal  9.156189e-01  3.997431e-01  4.298306e-02
   outer loop
     vertex  1.002188e+02  4.023711e+01  4.395000e+02
     vertex  9.635852e+01  4.794118e+01  4.500826e+02
     vertex  9.661509e+01  4.732730e+01  4.503263e+02
   endloop
 endfacet
 facet normal  9.095524e-01  4.144041e-01  3.136223e-02
   outer loop
     vertex  1.002188e+02  4.023711e+01  4.395000e+02
     vertex  9.661509e+01  4.732730e+01  4.503263e+02
     vertex  9.684828e+01  4.678590e+01  4.507172e+02
   endloop
 endfacet
 facet normal  9.043248e-01  4.262310e-01  2.288666e-02
   outer loop
     vertex  1.002188e+02  4.023711e+01  4.395000e+02
     vertex  9.684828e+01  4.678590e+01  4.507172e+02
     vertex  9.704302e+01  4.634503e+01  4.512332e+02
   endloop
 endfacet
 facet normal  8.995499e-01  4.365161e-01  1.624024e-02
   outer loop
     vertex  1.002188e+02  4.023711e+01  4.395000e+02
     vertex  9.704302e+01  4.634503e+01  4.512332e+02
     vertex  9.718636e+01  4.602669e+01  4.518497e+02
   endloop
 endfacet
 facet normal  9.909149e-01  1.299358e-01 -3.470285e-02
   outer loop
     vertex  9.277239e+01  6.056599e+01  4.547679e+02
     vertex  9.205769e+01  6.741382e+01  4.600000e+02
     vertex  9.285276e+01  6.009080e+01  4.552835e+02
   endloop
 endfacet
 facet normal  9.924448e-01  1.206424e-01 -2.233053e-02
   outer loop
     vertex  9.271662e+01  6.091079e+01  4.541519e+02
     vertex  9.205769e+01  6.741382e+01  4.600000e+02
     vertex  9.277239e+01  6.056599e+01  4.547679e+02
   endloop
 endfacet
 facet normal  9.936442e-01  1.118758e-01 -1.244710e-02
   outer loop
     vertex  9.268645e+01  6.110295e+01  4.534713e+02
     vertex  9.205769e+01  6.741382e+01  4.600000e+02
     vertex  9.271662e+01  6.091079e+01  4.541519e+02
   endloop
 endfacet
 facet normal  9.948546e-01  1.012911e-01 -2.098905e-03
   outer loop
     vertex  9.268212e+01  6.113092e+01  4.527661e+02
     vertex  9.205769e+01  6.741382e+01  4.600000e+02
     vertex  9.268645e+01  6.110295e+01  4.534713e+02
   endloop
 endfacet
 facet normal  9.985416e-01 -3.798549e-02  3.836388e-02
   outer loop
     vertex  9.318537e+01  8.166609e+01  4.600000e+02
     vertex  9.268212e+01  6.113092e+01  4.527661e+02
     vertex  9.270353e+01  6.099360e+01  4.520727e+02
   endloop
 endfacet
 facet normal  9.851867e-01 -7.795092e-02  1.527440e-01
   outer loop
     vertex  9.318537e+01  8.166609e+01  4.600000e+02
     vertex  9.205769e+01  6.741382e+01  4.600000e+02
     vertex  9.268212e+01  6.113092e+01  4.527661e+02
   endloop
 endfacet
 facet normal  9.142655e-01  4.031339e-01  4.002086e-02
   outer loop
     vertex  9.445062e+01  5.331868e+01  4.395000e+02
     vertex  9.635852e+01  4.794118e+01  4.500826e+02
     vertex  1.002188e+02  4.023711e+01  4.395000e+02
   endloop
 endfacet
 facet normal  9.257523e-01  3.773144e-01  2.482987e-02
   outer loop
     vertex  9.445062e+01  5.331868e+01  4.395000e+02
     vertex  9.609546e+01  4.859204e+01  4.500000e+02
     vertex  9.635852e+01  4.794118e+01  4.500826e+02
   endloop
 endfacet
 facet normal  9.726805e-01  2.320465e-01  6.856307e-03
   outer loop
     vertex  9.445062e+01  5.331868e+01  4.395000e+02
     vertex  9.321937e+01  5.816952e+01  4.500000e+02
     vertex  9.399373e+01  5.492359e+01  4.500000e+02
   endloop
 endfacet
 facet normal  9.577454e-01  2.876082e-01 -2.286114e-03
   outer loop
     vertex  9.445062e+01  5.331868e+01  4.395000e+02
     vertex  9.399373e+01  5.492359e+01  4.500000e+02
     vertex  9.495349e+01  5.172757e+01  4.500000e+02
   endloop
 endfacet
 facet normal  9.396000e-01  3.422059e-01  6.856307e-03
   outer loop
     vertex  9.445062e+01  5.331868e+01  4.395000e+02
     vertex  9.495349e+01  5.172757e+01  4.500000e+02
     vertex  9.609546e+01  4.859204e+01  4.500000e+02
   endloop
 endfacet
 facet normal  9.799019e-01  1.981049e-01  2.338362e-02
   outer loop
     vertex  9.445062e+01  5.331868e+01  4.395000e+02
     vertex  9.312457e+01  5.863404e+01  4.500374e+02
     vertex  9.321937e+01  5.816952e+01  4.500000e+02
   endloop
 endfacet
 facet normal  9.901353e-01  1.386062e-01  2.050196e-02
   outer loop
     vertex  9.205769e+01  6.741382e+01  4.395000e+02
     vertex  9.275073e+01  6.069835e+01  4.514307e+02
     vertex  9.282292e+01  6.026442e+01  4.508778e+02
   endloop
 endfacet
 facet normal  9.881748e-01  1.507086e-01  2.823853e-02
   outer loop
     vertex  9.205769e+01  6.741382e+01  4.395000e+02
     vertex  9.282292e+01  6.026442e+01  4.508778e+02
     vertex  9.291897e+01  5.971621e+01  4.504423e+02
   endloop
 endfacet
 facet normal  9.855065e-01  1.651809e-01  3.862948e-02
   outer loop
     vertex  9.205769e+01  6.741382e+01  4.395000e+02
     vertex  9.291897e+01  5.971621e+01  4.504423e+02
     vertex  9.303663e+01  5.908327e+01  4.501470e+02
   endloop
 endfacet
 facet normal  9.823747e-01  1.799739e-01  5.049192e-02
   outer loop
     vertex  9.205769e+01  6.741382e+01  4.395000e+02
     vertex  9.303663e+01  5.908327e+01  4.501470e+02
     vertex  9.312457e+01  5.863404e+01  4.500374e+02
   endloop
 endfacet
 facet normal  9.851197e-01  1.672439e-01  3.960736e-02
   outer loop
     vertex  9.205769e+01  6.741382e+01  4.395000e+02
     vertex  9.312457e+01  5.863404e+01  4.500374e+02
     vertex  9.445062e+01  5.331868e+01  4.395000e+02
   endloop
 endfacet
 facet normal  9.917081e-01 -7.846691e-02 -1.017741e-01
   outer loop
     vertex  9.318537e+01  8.166609e+01  4.395000e+02
     vertex  9.275073e+01  6.069835e+01  4.514307e+02
     vertex  9.205769e+01  6.741382e+01  4.395000e+02
   endloop
 endfacet
 facet normal  9.977022e-01  1.668260e-02  6.566606e-02
   outer loop
     vertex  9.318537e+01  8.166609e+01  4.395000e+02
     vertex  9.270353e+01  6.099360e+01  4.520727e+02
     vertex  9.275073e+01  6.069835e+01  4.514307e+02
   endloop
 endfacet
 facet normal  9.997285e-01 -2.330170e-02 -1.080697e-15
   outer loop
     vertex  9.318537e+01  8.166609e+01  4.395000e+02
     vertex  9.318537e+01  8.166609e+01  4.600000e+02
     vertex  9.270353e+01  6.099360e+01  4.520727e+02
   endloop
 endfacet
 facet normal  9.473041e-01 -3.203356e-01 -6.642821e-15
   outer loop
     vertex  9.776515e+01  9.520953e+01  4.395000e+02
     vertex  9.776515e+01  9.520953e+01  4.600000e+02
     vertex  9.318537e+01  8.166609e+01  4.600000e+02
   endloop
 endfacet
 facet normal  9.473041e-01 -3.203356e-01 -5.988166e-15
   outer loop
     vertex  9.776515e+01  9.520953e+01  4.395000e+02
     vertex  9.318537e+01  8.166609e+01  4.600000e+02
     vertex  9.318537e+01  8.166609e+01  4.395000e+02
   endloop
 endfacet
 facet normal  6.819768e-01 -7.313738e-01 -1.311345e-14
   outer loop
     vertex  1.055188e+02  1.072212e+02  4.395000e+02
     vertex  1.159751e+02  1.169713e+02  4.600000e+02
     vertex  1.055188e+02  1.072212e+02  4.600000e+02
   endloop
 endfacet
 facet normal  8.401650e-01 -5.423309e-01 -1.018764e-14
   outer loop
     vertex  1.055188e+02  1.072212e+02  4.395000e+02
     vertex  1.055188e+02  1.072212e+02  4.600000e+02
     vertex  9.776515e+01  9.520953e+01  4.600000e+02
   endloop
 endfacet
 facet normal  8.401650e-01 -5.423309e-01 -1.018231e-14
   outer loop
     vertex  1.055188e+02  1.072212e+02  4.395000e+02
     vertex  9.776515e+01  9.520953e+01  4.600000e+02
     vertex  9.776515e+01  9.520953e+01  4.395000e+02
   endloop
 endfacet
 facet normal  6.819768e-01 -7.313738e-01 -1.362045e-14
   outer loop
     vertex  1.159751e+02  1.169713e+02  4.395000e+02
     vertex  1.159751e+02  1.169713e+02  4.600000e+02
     vertex  1.055188e+02  1.072212e+02  4.395000e+02
   endloop
 endfacet
 facet normal  4.823512e-01 -8.759779e-01 -1.451223e-14
   outer loop
     vertex  1.284988e+02  1.238674e+02  4.395000e+02
     vertex  1.284988e+02  1.238674e+02  4.600000e+02
     vertex  1.159751e+02  1.169713e+02  4.600000e+02
   endloop
 endfacet
 facet normal  4.823512e-01 -8.759779e-01 -1.585531e-14
   outer loop
     vertex  1.284988e+02  1.238674e+02  4.395000e+02
     vertex  1.159751e+02  1.169713e+02  4.600000e+02
     vertex  1.159751e+02  1.169713e+02  4.395000e+02
   endloop
 endfacet
 facet normal  1.700682e-01 -9.854323e-01 -1.736411e-14
   outer loop
     vertex  1.530029e+02  1.007519e+01  4.370000e+02
     vertex  1.672565e+02  1.253513e+01  4.370000e+02
     vertex  1.672565e+02  1.253513e+01  4.600000e+02
   endloop
 endfacet
 facet normal  1.700682e-01 -9.854323e-01 -1.735258e-14
   outer loop
     vertex  1.530029e+02  1.007519e+01  4.370000e+02
     vertex  1.672565e+02  1.253513e+01  4.600000e+02
     vertex  1.530029e+02  1.007519e+01  4.600000e+02
   endloop
 endfacet
 facet normal -7.070302e-02 -9.974974e-01 -1.818135e-14
   outer loop
     vertex  1.385746e+02  1.109787e+01  4.370000e+02
     vertex  1.530029e+02  1.007519e+01  4.600000e+02
     vertex  1.385746e+02  1.109787e+01  4.600000e+02
   endloop
 endfacet
 facet normal -7.070302e-02 -9.974974e-01 -1.756167e-14
   outer loop
     vertex  1.385746e+02  1.109787e+01  4.370000e+02
     vertex  1.530029e+02  1.007519e+01  4.370000e+02
     vertex  1.530029e+02  1.007519e+01  4.600000e+02
   endloop
 endfacet
 facet normal -3.073653e-01 -9.515916e-01 -1.675667e-14
   outer loop
     vertex  1.248104e+02  1.554372e+01  4.370000e+02
     vertex  1.385746e+02  1.109787e+01  4.600000e+02
     vertex  1.248104e+02  1.554372e+01  4.600000e+02
   endloop
 endfacet
 facet normal -3.073653e-01 -9.515916e-01 -1.734275e-14
   outer loop
     vertex  1.248104e+02  1.554372e+01  4.370000e+02
     vertex  1.385746e+02  1.109787e+01  4.370000e+02
     vertex  1.385746e+02  1.109787e+01  4.600000e+02
   endloop
 endfacet
 facet normal -7.143851e-01 -6.997528e-01 -1.253819e-14
   outer loop
     vertex  1.125102e+02  2.315438e+01  4.370000e+02
     vertex  1.125102e+02  2.315438e+01  4.600000e+02
     vertex  1.023887e+02  3.348753e+01  4.600000e+02
   endloop
 endfacet
 facet normal -5.261646e-01 -8.503828e-01 -1.523719e-14
   outer loop
     vertex  1.125102e+02  2.315438e+01  4.370000e+02
     vertex  1.248104e+02  1.554372e+01  4.600000e+02
     vertex  1.125102e+02  2.315438e+01  4.600000e+02
   endloop
 endfacet
 facet normal -5.261646e-01 -8.503828e-01 -1.499336e-14
   outer loop
     vertex  1.125102e+02  2.315438e+01  4.370000e+02
     vertex  1.248104e+02  1.554372e+01  4.370000e+02
     vertex  1.248104e+02  1.554372e+01  4.600000e+02
   endloop
 endfacet
 facet normal -8.610876e-01 -5.084553e-01  1.149192e-03
   outer loop
     vertex  9.505354e+01  4.589842e+01  4.549496e+02
     vertex  1.023887e+02  3.348753e+01  4.600000e+02
     vertex  9.503415e+01  4.594266e+01  4.600000e+02
   endloop
 endfacet
 facet normal -9.175267e-01 -3.976741e-01 -3.783141e-05
   outer loop
     vertex  9.505354e+01  4.589842e+01  4.549496e+02
     vertex  9.503415e+01  4.594266e+01  4.600000e+02
     vertex  9.484606e+01  4.637707e+01  4.554280e+02
   endloop
 endfacet
 facet normal -9.210552e-01 -3.894309e-01  8.905674e-04
   outer loop
     vertex  9.460560e+01  4.694657e+01  4.557719e+02
     vertex  9.484606e+01  4.637707e+01  4.554280e+02
     vertex  9.503415e+01  4.594266e+01  4.600000e+02
   endloop
 endfacet
 facet normal -8.702723e-01 -4.884368e-01  6.368317e-02
   outer loop
     vertex  9.521327e+01  4.553749e+01  4.543643e+02
     vertex  1.023887e+02  3.348753e+01  4.600000e+02
     vertex  9.505354e+01  4.589842e+01  4.549496e+02
   endloop
 endfacet
 facet normal -9.246461e-01 -3.808132e-01  3.300715e-03
   outer loop
     vertex  9.439195e+01  4.746681e+01  4.559419e+02
     vertex  9.460560e+01  4.694657e+01  4.557719e+02
     vertex  9.503415e+01  4.594266e+01  4.600000e+02
   endloop
 endfacet
 facet normal -9.283433e-01 -3.716519e-01  7.326606e-03
   outer loop
     vertex  9.417305e+01  4.801474e+01  4.560000e+02
     vertex  9.439195e+01  4.746681e+01  4.559419e+02
     vertex  9.503415e+01  4.594266e+01  4.600000e+02
   endloop
 endfacet
 facet normal -8.661743e-01 -4.983504e-01  3.726878e-02
   outer loop
     vertex  9.531437e+01  4.531231e+01  4.537029e+02
     vertex  1.023887e+02  3.348753e+01  4.600000e+02
     vertex  9.521327e+01  4.553749e+01  4.543643e+02
   endloop
 endfacet
 facet normal -8.611068e-01 -5.082587e-01  1.296992e-02
   outer loop
     vertex  9.534909e+01  4.523556e+01  4.530000e+02
     vertex  1.023887e+02  3.348753e+01  4.600000e+02
     vertex  9.531437e+01  4.531231e+01  4.537029e+02
   endloop
 endfacet
 facet normal -8.545582e-01 -5.192168e-01 -1.200662e-02
   outer loop
     vertex  9.532506e+01  4.528865e+01  4.524141e+02
     vertex  1.023887e+02  3.348753e+01  4.600000e+02
     vertex  9.534909e+01  4.523556e+01  4.530000e+02
   endloop
 endfacet
 facet normal -8.449254e-01 -5.331775e-01 -4.269440e-02
   outer loop
     vertex  9.525406e+01  4.544635e+01  4.518499e+02
     vertex  1.023887e+02  3.348753e+01  4.600000e+02
     vertex  9.532506e+01  4.528865e+01  4.524141e+02
   endloop
 endfacet
 facet normal -9.399586e-01 -3.402910e-01  2.607272e-02
   outer loop
     vertex  9.303719e+01  5.115224e+01  4.560000e+02
     vertex  9.417305e+01  4.801474e+01  4.560000e+02
     vertex  9.503415e+01  4.594266e+01  4.600000e+02
   endloop
 endfacet
 facet normal -9.526524e-01 -2.860788e-01  1.030158e-01
   outer loop
     vertex  9.207750e+01  5.434803e+01  4.560000e+02
     vertex  9.303719e+01  5.115224e+01  4.560000e+02
     vertex  9.503415e+01  4.594266e+01  4.600000e+02
   endloop
 endfacet
 facet normal -9.526524e-01 -2.860788e-01  1.030158e-01
   outer loop
     vertex  9.087406e+01  5.979591e+01  4.600000e+02
     vertex  9.207750e+01  5.434803e+01  4.560000e+02
     vertex  9.503415e+01  4.594266e+01  4.600000e+02
   endloop
 endfacet
 facet normal -8.587793e-01 -5.123458e-01 -9.180229e-15
   outer loop
     vertex  1.023887e+02  3.348753e+01  4.370000e+02
     vertex  1.023887e+02  3.348753e+01  4.600000e+02
     vertex  9.525406e+01  4.544635e+01  4.518499e+02
   endloop
 endfacet
 facet normal -8.874464e-01 -4.570641e-01 -5.942540e-02
   outer loop
     vertex  1.023887e+02  3.348753e+01  4.370000e+02
     vertex  9.511222e+01  4.576507e+01  4.512334e+02
     vertex  9.491943e+01  4.620650e+01  4.507173e+02
   endloop
 endfacet
 facet normal -8.801092e-01 -4.729093e-01 -4.200661e-02
   outer loop
     vertex  1.023887e+02  3.348753e+01  4.370000e+02
     vertex  9.525406e+01  4.544635e+01  4.518499e+02
     vertex  9.511222e+01  4.576507e+01  4.512334e+02
   endloop
 endfacet
 facet normal -7.143851e-01 -6.997528e-01 -1.253819e-14
   outer loop
     vertex  1.023887e+02  3.348753e+01  4.370000e+02
     vertex  1.125102e+02  2.315438e+01  4.370000e+02
     vertex  1.023887e+02  3.348753e+01  4.600000e+02
   endloop
 endfacet
 facet normal -9.719249e-01 -2.338422e-01  2.607272e-02
   outer loop
     vertex  9.129696e+01  5.759222e+01  4.560000e+02
     vertex  9.207750e+01  5.434803e+01  4.560000e+02
     vertex  9.087406e+01  5.979591e+01  4.600000e+02
   endloop
 endfacet
 facet normal -9.797140e-01 -2.002866e-01  6.762767e-03
   outer loop
     vertex  9.115590e+01  5.827942e+01  4.559175e+02
     vertex  9.129696e+01  5.759222e+01  4.560000e+02
     vertex  9.087406e+01  5.979591e+01  4.600000e+02
   endloop
 endfacet
 facet normal -9.819673e-01 -1.890355e-01  2.427898e-03
   outer loop
     vertex  9.102963e+01  5.893221e+01  4.556739e+02
     vertex  9.115590e+01  5.827942e+01  4.559175e+02
     vertex  9.087406e+01  5.979591e+01  4.600000e+02
   endloop
 endfacet
 facet normal -9.837850e-01 -1.793511e-01  4.290621e-04
   outer loop
     vertex  9.092381e+01  5.951172e+01  4.552834e+02
     vertex  9.102963e+01  5.893221e+01  4.556739e+02
     vertex  9.087406e+01  5.979591e+01  4.600000e+02
   endloop
 endfacet
 facet normal -9.852789e-01 -1.709549e-01 -9.258104e-05
   outer loop
     vertex  9.084152e+01  5.998631e+01  4.547677e+02
     vertex  9.092381e+01  5.951172e+01  4.552834e+02
     vertex  9.087406e+01  5.979591e+01  4.600000e+02
   endloop
 endfacet
 facet normal -9.987372e-01 -5.004703e-02  4.390969e-03
   outer loop
     vertex  9.015016e+01  7.424218e+01  4.600000e+02
     vertex  9.084152e+01  5.998631e+01  4.547677e+02
     vertex  9.087406e+01  5.979591e+01  4.600000e+02
   endloop
 endfacet
 facet normal -9.961808e-01 -6.828375e-02  5.441616e-02
   outer loop
     vertex  9.015016e+01  7.424218e+01  4.600000e+02
     vertex  9.078427e+01  6.033059e+01  4.541517e+02
     vertex  9.084152e+01  5.998631e+01  4.547677e+02
   endloop
 endfacet
 facet normal -9.979039e-01 -5.775705e-02  2.918901e-02
   outer loop
     vertex  9.015016e+01  7.424218e+01  4.600000e+02
     vertex  9.075326e+01  6.052244e+01  4.534712e+02
     vertex  9.078427e+01  6.033059e+01  4.541517e+02
   endloop
 endfacet
 facet normal -9.989290e-01 -4.605076e-02  4.494422e-03
   outer loop
     vertex  9.015016e+01  7.424218e+01  4.600000e+02
     vertex  9.074880e+01  6.055035e+01  4.527661e+02
     vertex  9.075326e+01  6.052244e+01  4.534712e+02
   endloop
 endfacet
 facet normal -9.992151e-01 -3.005597e-02 -2.580305e-02
   outer loop
     vertex  9.015016e+01  7.424218e+01  4.600000e+02
     vertex  9.077083e+01  6.041326e+01  4.520728e+02
     vertex  9.074880e+01  6.055035e+01  4.527661e+02
   endloop
 endfacet
 facet normal -8.610853e-01 -5.084540e-01  2.578239e-03
   outer loop
     vertex  9.503415e+01  4.594266e+01  4.370000e+02
     vertex  1.023887e+02  3.348753e+01  4.370000e+02
     vertex  9.491943e+01  4.620650e+01  4.507173e+02
   endloop
 endfacet
 facet normal -9.402480e-01 -3.403958e-01 -8.024847e-03
   outer loop
     vertex  9.503415e+01  4.594266e+01  4.370000e+02
     vertex  9.417305e+01  4.801474e+01  4.500000e+02
     vertex  9.303719e+01  5.115224e+01  4.500000e+02
   endloop
 endfacet
 facet normal -9.281918e-01 -3.720957e-01 -2.173569e-03
   outer loop
     vertex  9.503415e+01  4.594266e+01  4.370000e+02
     vertex  9.443404e+01  4.736321e+01  4.500826e+02
     vertex  9.417305e+01  4.801474e+01  4.500000e+02
   endloop
 endfacet
 facet normal -9.238789e-01 -3.826840e-01 -8.260140e-04
   outer loop
     vertex  9.503415e+01  4.594266e+01  4.370000e+02
     vertex  9.468841e+01  4.674860e+01  4.503264e+02
     vertex  9.443404e+01  4.736321e+01  4.500826e+02
   endloop
 endfacet
 facet normal -9.199045e-01 -3.921424e-01 -1.508806e-04
   outer loop
     vertex  9.503415e+01  4.594266e+01  4.370000e+02
     vertex  9.491943e+01  4.620650e+01  4.507173e+02
     vertex  9.468841e+01  4.674860e+01  4.503264e+02
   endloop
 endfacet
 facet normal -9.722241e-01 -2.339142e-01 -8.024847e-03
   outer loop
     vertex  9.087406e+01  5.979591e+01  4.370000e+02
     vertex  9.207750e+01  5.434803e+01  4.500000e+02
     vertex  9.129696e+01  5.759222e+01  4.500000e+02
   endloop
 endfacet
 facet normal -9.572620e-01 -2.874631e-01 -3.185053e-02
   outer loop
     vertex  9.087406e+01  5.979591e+01  4.370000e+02
     vertex  9.303719e+01  5.115224e+01  4.500000e+02
     vertex  9.207750e+01  5.434803e+01  4.500000e+02
   endloop
 endfacet
 facet normal -9.572620e-01 -2.874631e-01 -3.185053e-02
   outer loop
     vertex  9.087406e+01  5.979591e+01  4.370000e+02
     vertex  9.503415e+01  4.594266e+01  4.370000e+02
     vertex  9.303719e+01  5.115224e+01  4.500000e+02
   endloop
 endfacet
 facet normal -9.825361e-01 -1.860714e-01 -5.317381e-04
   outer loop
     vertex  9.087406e+01  5.979591e+01  4.370000e+02
     vertex  9.111138e+01  5.850520e+01  4.501470e+02
     vertex  9.099147e+01  5.913754e+01  4.504423e+02
   endloop
 endfacet
 facet normal -9.808047e-01 -1.949871e-01 -1.438290e-03
   outer loop
     vertex  9.087406e+01  5.979591e+01  4.370000e+02
     vertex  9.120077e+01  5.805636e+01  4.500374e+02
     vertex  9.111138e+01  5.850520e+01  4.501470e+02
   endloop
 endfacet
 facet normal -9.792310e-01 -2.027321e-01 -2.511108e-03
   outer loop
     vertex  9.087406e+01  5.979591e+01  4.370000e+02
     vertex  9.129696e+01  5.759222e+01  4.500000e+02
     vertex  9.120077e+01  5.805636e+01  4.500374e+02
   endloop
 endfacet
 facet normal -9.957662e-01 -8.439656e-02 -3.642760e-02
   outer loop
     vertex  9.015016e+01  7.424218e+01  4.370000e+02
     vertex  9.081930e+01  6.011847e+01  4.514309e+02
     vertex  9.077083e+01  6.041326e+01  4.520728e+02
   endloop
 endfacet
 facet normal -9.933988e-01 -1.015589e-01 -5.333446e-02
   outer loop
     vertex  9.015016e+01  7.424218e+01  4.370000e+02
     vertex  9.089329e+01  5.968513e+01  4.508779e+02
     vertex  9.081930e+01  6.011847e+01  4.514309e+02
   endloop
 endfacet
 facet normal -9.901429e-01 -1.197696e-01 -7.261060e-02
   outer loop
     vertex  9.015016e+01  7.424218e+01  4.370000e+02
     vertex  9.099147e+01  5.913754e+01  4.504423e+02
     vertex  9.089329e+01  5.968513e+01  4.508779e+02
   endloop
 endfacet
 facet normal -9.987272e-01 -5.004653e-02  6.271811e-03
   outer loop
     vertex  9.015016e+01  7.424218e+01  4.370000e+02
     vertex  9.087406e+01  5.979591e+01  4.370000e+02
     vertex  9.099147e+01  5.913754e+01  4.504423e+02
   endloop
 endfacet
 facet normal -9.989943e-01 -4.483718e-02 -7.756909e-16
   outer loop
     vertex  9.015016e+01  7.424218e+01  4.370000e+02
     vertex  9.077083e+01  6.041326e+01  4.520728e+02
     vertex  9.015016e+01  7.424218e+01  4.600000e+02
   endloop
 endfacet
 facet normal -9.076046e-01  4.198259e-01  7.823836e-15
   outer loop
     vertex  9.290450e+01  8.844192e+01  4.370000e+02
     vertex  9.290450e+01  8.844192e+01  4.600000e+02
     vertex  9.897703e+01  1.015699e+02  4.600000e+02
   endloop
 endfacet
 facet normal -9.817022e-01  1.904225e-01  3.900900e-15
   outer loop
     vertex  9.290450e+01  8.844192e+01  4.370000e+02
     vertex  9.015016e+01  7.424218e+01  4.600000e+02
     vertex  9.290450e+01  8.844192e+01  4.600000e+02
   endloop
 endfacet
 facet normal -9.817022e-01  1.904225e-01  3.310500e-15
   outer loop
     vertex  9.290450e+01  8.844192e+01  4.370000e+02
     vertex  9.015016e+01  7.424218e+01  4.370000e+02
     vertex  9.015016e+01  7.424218e+01  4.600000e+02
   endloop
 endfacet
 facet normal -9.076046e-01  4.198259e-01  7.781850e-15
   outer loop
     vertex  9.897703e+01  1.015699e+02  4.370000e+02
     vertex  9.290450e+01  8.844192e+01  4.370000e+02
     vertex  9.897703e+01  1.015699e+02  4.600000e+02
   endloop
 endfacet
 facet normal -6.085412e-01  7.935223e-01  1.421836e-14
   outer loop
     vertex  1.080148e+02  1.128631e+02  4.370000e+02
     vertex  1.080148e+02  1.128631e+02  4.600000e+02
     vertex  1.194927e+02  1.216653e+02  4.600000e+02
   endloop
 endfacet
 facet normal -7.807604e-01  6.248306e-01  1.119574e-14
   outer loop
     vertex  1.080148e+02  1.128631e+02  4.370000e+02
     vertex  9.897703e+01  1.015699e+02  4.600000e+02
     vertex  1.080148e+02  1.128631e+02  4.600000e+02
   endloop
 endfacet
 facet normal -7.807604e-01  6.248306e-01  1.157607e-14
   outer loop
     vertex  1.080148e+02  1.128631e+02  4.370000e+02
     vertex  9.897703e+01  1.015699e+02  4.370000e+02
     vertex  9.897703e+01  1.015699e+02  4.600000e+02
   endloop
 endfacet
 facet normal -6.085412e-01  7.935223e-01  1.497035e-14
   outer loop
     vertex  1.194927e+02  1.216653e+02  4.370000e+02
     vertex  1.080148e+02  1.128631e+02  4.370000e+02
     vertex  1.194927e+02  1.216653e+02  4.600000e+02
   endloop
 endfacet
 facet normal -4.009557e-01  9.160974e-01  1.740561e-14
   outer loop
     vertex  1.327435e+02  1.274649e+02  4.370000e+02
     vertex  1.194927e+02  1.216653e+02  4.600000e+02
     vertex  1.327435e+02  1.274649e+02  4.600000e+02
   endloop
 endfacet
 facet normal -4.009557e-01  9.160974e-01  1.691559e-14
   outer loop
     vertex  1.327435e+02  1.274649e+02  4.370000e+02
     vertex  1.194927e+02  1.216653e+02  4.370000e+02
     vertex  1.194927e+02  1.216653e+02  4.600000e+02
   endloop
 endfacet
 facet normal  9.281495e-15  1.302651e-14 -1.000000e+00
   outer loop
     vertex  1.034135e+02  9.404517e+01  4.370000e+02
     vertex  9.290450e+01  8.844192e+01  4.370000e+02
     vertex  9.897703e+01  1.015699e+02  4.370000e+02
   endloop
 endfacet
 facet normal -5.656359e-14 -2.579509e-14 -1.000000e+00
   outer loop
     vertex  1.034135e+02  9.404517e+01  4.370000e+02
     vertex  9.897703e+01  1.015699e+02  4.370000e+02
     vertex  1.039196e+02  9.513916e+01  4.370000e+02
   endloop
 endfacet
 facet normal -1.126847e-14  9.017980e-15 -1.000000e+00
   outer loop
     vertex  1.046727e+02  9.608027e+01  4.370000e+02
     vertex  1.039196e+02  9.513916e+01  4.370000e+02
     vertex  9.897703e+01  1.015699e+02  4.370000e+02
   endloop
 endfacet
 facet normal -3.903598e-14  1.036471e-13 -1.000000e+00
   outer loop
     vertex  1.031840e+02  9.286185e+01  4.370000e+02
     vertex  9.290450e+01  8.844192e+01  4.370000e+02
     vertex  1.034135e+02  9.404517e+01  4.370000e+02
   endloop
 endfacet
 facet normal  5.734733e-14  8.020958e-14 -1.000000e+00
   outer loop
     vertex  1.056292e+02  9.681378e+01  4.370000e+02
     vertex  1.046727e+02  9.608027e+01  4.370000e+02
     vertex  9.897703e+01  1.015699e+02  4.370000e+02
   endloop
 endfacet
 facet normal  2.528746e-14 -4.595062e-14 -1.000000e+00
   outer loop
     vertex  1.032443e+02  9.165800e+01  4.370000e+02
     vertex  9.290450e+01  8.844192e+01  4.370000e+02
     vertex  1.031840e+02  9.286185e+01  4.370000e+02
   endloop
 endfacet
 facet normal -0.000000e+00  0.000000e+00 -1.000000e+00
   outer loop
     vertex  1.067334e+02  9.729708e+01  4.370000e+02
     vertex  1.056292e+02  9.681378e+01  4.370000e+02
     vertex  9.897703e+01  1.015699e+02  4.370000e+02
   endloop
 endfacet
 facet normal  1.005580e-14  3.019728e-15 -1.000000e+00
   outer loop
     vertex  1.035910e+02  9.050356e+01  4.370000e+02
     vertex  9.290450e+01  8.844192e+01  4.370000e+02
     vertex  1.032443e+02  9.165800e+01  4.370000e+02
   endloop
 endfacet
 facet normal -0.000000e+00  0.000000e+00 -1.000000e+00
   outer loop
     vertex  1.079212e+02  9.750207e+01  4.370000e+02
     vertex  1.067334e+02  9.729708e+01  4.370000e+02
     vertex  9.897703e+01  1.015699e+02  4.370000e+02
   endloop
 endfacet
 facet normal  8.391616e-15  1.845135e-14 -1.000000e+00
   outer loop
     vertex  1.079212e+02  9.750207e+01  4.370000e+02
     vertex  9.897703e+01  1.015699e+02  4.370000e+02
     vertex  1.080148e+02  1.128631e+02  4.370000e+02
   endloop
 endfacet
 facet normal -9.419673e-15  1.039705e-13 -1.000000e+00
   outer loop
     vertex  1.042039e+02  8.946563e+01  4.370000e+02
     vertex  9.290450e+01  8.844192e+01  4.370000e+02
     vertex  1.035910e+02  9.050356e+01  4.370000e+02
   endloop
 endfacet
 facet normal  1.310897e-15  1.849449e-14 -1.000000e+00
   outer loop
     vertex  1.091236e+02  9.741685e+01  4.370000e+02
     vertex  1.079212e+02  9.750207e+01  4.370000e+02
     vertex  1.080148e+02  1.128631e+02  4.370000e+02
   endloop
 endfacet
 facet normal -0.000000e+00  0.000000e+00 -1.000000e+00
   outer loop
     vertex  1.050473e+02  8.860454e+01  4.370000e+02
     vertex  9.290450e+01  8.844192e+01  4.370000e+02
     vertex  1.042039e+02  8.946563e+01  4.370000e+02
   endloop
 endfacet
 facet normal -1.612533e-16  1.204068e-14 -1.000000e+00
   outer loop
     vertex  1.050473e+02  8.860454e+01  4.370000e+02
     vertex  9.015016e+01  7.424218e+01  4.370000e+02
     vertex  9.290450e+01  8.844192e+01  4.370000e+02
   endloop
 endfacet
 facet normal  6.084420e-15  1.883714e-14 -1.000000e+00
   outer loop
     vertex  1.102706e+02  9.704636e+01  4.370000e+02
     vertex  1.091236e+02  9.741685e+01  4.370000e+02
     vertex  1.080148e+02  1.128631e+02  4.370000e+02
   endloop
 endfacet
 facet normal  3.825258e-14 -2.780360e-14 -1.000000e+00
   outer loop
     vertex  1.060724e+02  8.797032e+01  4.370000e+02
     vertex  9.015016e+01  7.424218e+01  4.370000e+02
     vertex  1.050473e+02  8.860454e+01  4.370000e+02
   endloop
 endfacet
 facet normal -7.196166e-15  1.584150e-14 -1.000000e+00
   outer loop
     vertex  1.112956e+02  9.641214e+01  4.370000e+02
     vertex  1.080148e+02  1.128631e+02  4.370000e+02
     vertex  1.194927e+02  1.216653e+02  4.370000e+02
   endloop
 endfacet
 facet normal  1.219444e-14  1.970855e-14 -1.000000e+00
   outer loop
     vertex  1.112956e+02  9.641214e+01  4.370000e+02
     vertex  1.102706e+02  9.704636e+01  4.370000e+02
     vertex  1.080148e+02  1.128631e+02  4.370000e+02
   endloop
 endfacet
 facet normal  3.891785e-15  1.204882e-14 -1.000000e+00
   outer loop
     vertex  1.072194e+02  8.759983e+01  4.370000e+02
     vertex  9.015016e+01  7.424218e+01  4.370000e+02
     vertex  1.060724e+02  8.797032e+01  4.370000e+02
   endloop
 endfacet
 facet normal -9.088184e-14  4.300537e-14 -1.000000e+00
   outer loop
     vertex  1.121391e+02  9.555105e+01  4.370000e+02
     vertex  1.112956e+02  9.641214e+01  4.370000e+02
     vertex  1.194927e+02  1.216653e+02  4.370000e+02
   endloop
 endfacet
 facet normal  8.276842e-14 -5.893162e-15 -1.000000e+00
   outer loop
     vertex  1.127520e+02  9.451312e+01  4.370000e+02
     vertex  1.121391e+02  9.555105e+01  4.370000e+02
     vertex  1.194927e+02  1.216653e+02  4.370000e+02
   endloop
 endfacet
 facet normal  2.429621e-15  1.405142e-14 -1.000000e+00
   outer loop
     vertex  1.327435e+02  1.274649e+02  4.370000e+02
     vertex  1.127520e+02  9.451312e+01  4.370000e+02
     vertex  1.194927e+02  1.216653e+02  4.370000e+02
   endloop
 endfacet
 facet normal  1.711761e-14  5.140370e-15 -1.000000e+00
   outer loop
     vertex  1.327435e+02  1.274649e+02  4.370000e+02
     vertex  1.130986e+02  9.335868e+01  4.370000e+02
     vertex  1.127520e+02  9.451312e+01  4.370000e+02
   endloop
 endfacet
 facet normal -1.135674e-16  1.966838e-14 -1.000000e+00
   outer loop
     vertex  1.137413e+02  5.992794e+01  4.370000e+02
     vertex  9.087406e+01  5.979591e+01  4.370000e+02
     vertex  9.015016e+01  7.424218e+01  4.370000e+02
   endloop
 endfacet
 facet normal  0.000000e+00  0.000000e+00 -1.000000e+00
   outer loop
     vertex  1.136352e+02  5.973075e+01  4.370000e+02
     vertex  9.087406e+01  5.979591e+01  4.370000e+02
     vertex  1.137413e+02  5.992794e+01  4.370000e+02
   endloop
 endfacet
 facet normal  0.000000e+00  0.000000e+00 -1.000000e+00
   outer loop
     vertex  1.135756e+02  5.951489e+01  4.370000e+02
     vertex  9.087406e+01  5.979591e+01  4.370000e+02
     vertex  1.136352e+02  5.973075e+01  4.370000e+02
   endloop
 endfacet
 facet normal -7.873730e-15  6.878931e-15 -1.000000e+00
   outer loop
     vertex  1.138886e+02  6.009658e+01  4.370000e+02
     vertex  1.137413e+02  5.992794e+01  4.370000e+02
     vertex  9.015016e+01  7.424218e+01  4.370000e+02
   endloop
 endfacet
 facet normal  0.000000e+00  0.000000e+00 -1.000000e+00
   outer loop
     vertex  1.135656e+02  5.929119e+01  4.370000e+02
     vertex  9.087406e+01  5.979591e+01  4.370000e+02
     vertex  1.135756e+02  5.951489e+01  4.370000e+02
   endloop
 endfacet
 facet normal -1.091897e-15  1.841728e-14 -1.000000e+00
   outer loop
     vertex  1.140698e+02  6.022820e+01  4.370000e+02
     vertex  9.015016e+01  7.424218e+01  4.370000e+02
     vertex  1.072194e+02  8.759983e+01  4.370000e+02
   endloop
 endfacet
 facet normal -6.577907e-15  9.053520e-15 -1.000000e+00
   outer loop
     vertex  1.140698e+02  6.022820e+01  4.370000e+02
     vertex  1.138886e+02  6.009658e+01  4.370000e+02
     vertex  9.015016e+01  7.424218e+01  4.370000e+02
   endloop
 endfacet
 facet normal  1.348720e-15  1.902810e-14 -1.000000e+00
   outer loop
     vertex  1.140698e+02  6.022820e+01  4.370000e+02
     vertex  1.072194e+02  8.759983e+01  4.370000e+02
     vertex  1.084217e+02  8.751461e+01  4.370000e+02
   endloop
 endfacet
 facet normal -2.609853e-13 -3.527314e-14 -1.000000e+00
   outer loop
     vertex  1.142757e+02  6.031622e+01  4.370000e+02
     vertex  1.140698e+02  6.022820e+01  4.370000e+02
     vertex  1.084217e+02  8.751461e+01  4.370000e+02
   endloop
 endfacet
 facet normal -3.477713e-15  2.015103e-14 -1.000000e+00
   outer loop
     vertex  1.142757e+02  6.031622e+01  4.370000e+02
     vertex  1.084217e+02  8.751461e+01  4.370000e+02
     vertex  1.096095e+02  8.771960e+01  4.370000e+02
   endloop
 endfacet
 facet normal -8.449159e-15  1.930451e-14 -1.000000e+00
   outer loop
     vertex  1.142757e+02  6.031622e+01  4.370000e+02
     vertex  1.096095e+02  8.771960e+01  4.370000e+02
     vertex  1.107138e+02  8.820290e+01  4.370000e+02
   endloop
 endfacet
 facet normal  5.285745e-16  1.657175e-14 -1.000000e+00
   outer loop
     vertex  1.136056e+02  5.907086e+01  4.370000e+02
     vertex  9.503415e+01  4.594266e+01  4.370000e+02
     vertex  9.087406e+01  5.979591e+01  4.370000e+02
   endloop
 endfacet
 facet normal  0.000000e+00  0.000000e+00 -1.000000e+00
   outer loop
     vertex  1.136056e+02  5.907086e+01  4.370000e+02
     vertex  9.087406e+01  5.979591e+01  4.370000e+02
     vertex  1.135656e+02  5.929119e+01  4.370000e+02
   endloop
 endfacet
 facet normal -1.436936e-15  1.935220e-14 -1.000000e+00
   outer loop
     vertex  1.153312e+02  5.332437e+01  4.370000e+02
     vertex  9.503415e+01  4.594266e+01  4.370000e+02
     vertex  1.136056e+02  5.907086e+01  4.370000e+02
   endloop
 endfacet
 facet normal  4.847585e-15  2.072015e-15 -1.000000e+00
   outer loop
     vertex  1.154192e+02  5.311846e+01  4.370000e+02
     vertex  9.503415e+01  4.594266e+01  4.370000e+02
     vertex  1.153312e+02  5.332437e+01  4.370000e+02
   endloop
 endfacet
 facet normal -5.681625e-16  1.791994e-14 -1.000000e+00
   outer loop
     vertex  1.155509e+02  5.293730e+01  4.370000e+02
     vertex  1.023887e+02  3.348753e+01  4.370000e+02
     vertex  9.503415e+01  4.594266e+01  4.370000e+02
   endloop
 endfacet
 facet normal  4.441112e-15  3.226725e-15 -1.000000e+00
   outer loop
     vertex  1.155509e+02  5.293730e+01  4.370000e+02
     vertex  9.503415e+01  4.594266e+01  4.370000e+02
     vertex  1.154192e+02  5.311846e+01  4.370000e+02
   endloop
 endfacet
 facet normal  9.627756e-15  1.102008e-14 -1.000000e+00
   outer loop
     vertex  1.157195e+02  5.278997e+01  4.370000e+02
     vertex  1.023887e+02  3.348753e+01  4.370000e+02
     vertex  1.155509e+02  5.293730e+01  4.370000e+02
   endloop
 endfacet
 facet normal  6.931891e-15  1.288192e-14 -1.000000e+00
   outer loop
     vertex  1.159167e+02  5.268386e+01  4.370000e+02
     vertex  1.023887e+02  3.348753e+01  4.370000e+02
     vertex  1.157195e+02  5.278997e+01  4.370000e+02
   endloop
 endfacet
 facet normal  4.104854e-15  1.487419e-14 -1.000000e+00
   outer loop
     vertex  1.161326e+02  5.262429e+01  4.370000e+02
     vertex  1.023887e+02  3.348753e+01  4.370000e+02
     vertex  1.159167e+02  5.268386e+01  4.370000e+02
   endloop
 endfacet
 facet normal  1.899312e-15  2.062631e-14 -1.000000e+00
   outer loop
     vertex  1.353462e+02  6.664361e+01  4.370000e+02
     vertex  1.142757e+02  6.031622e+01  4.370000e+02
     vertex  1.107138e+02  8.820290e+01  4.370000e+02
   endloop
 endfacet
 facet normal -3.921933e-14 -2.635350e-14 -1.000000e+00
   outer loop
     vertex  1.353462e+02  6.664361e+01  4.370000e+02
     vertex  1.107138e+02  8.820290e+01  4.370000e+02
     vertex  1.116702e+02  8.893641e+01  4.370000e+02
   endloop
 endfacet
 facet normal -8.215057e-15  6.574384e-15 -1.000000e+00
   outer loop
     vertex  1.353462e+02  6.664361e+01  4.370000e+02
     vertex  1.116702e+02  8.893641e+01  4.370000e+02
     vertex  1.124234e+02  8.987752e+01  4.370000e+02
   endloop
 endfacet
 facet normal  6.157951e-14  7.543432e-14 -1.000000e+00
   outer loop
     vertex  1.353462e+02  6.664361e+01  4.370000e+02
     vertex  1.124234e+02  8.987752e+01  4.370000e+02
     vertex  1.129294e+02  9.097151e+01  4.370000e+02
   endloop
 endfacet
 facet normal -2.906350e-15  1.601439e-14 -1.000000e+00
   outer loop
     vertex  1.355665e+02  6.668360e+01  4.370000e+02
     vertex  1.353462e+02  6.664361e+01  4.370000e+02
     vertex  1.129294e+02  9.097151e+01  4.370000e+02
   endloop
 endfacet
 facet normal -5.929013e-14 -3.653697e-14 -1.000000e+00
   outer loop
     vertex  1.355665e+02  6.668360e+01  4.370000e+02
     vertex  1.129294e+02  9.097151e+01  4.370000e+02
     vertex  1.131590e+02  9.215482e+01  4.370000e+02
   endloop
 endfacet
 facet normal  7.302584e-16  1.626413e-14 -1.000000e+00
   outer loop
     vertex  1.357902e+02  6.667356e+01  4.370000e+02
     vertex  1.355665e+02  6.668360e+01  4.370000e+02
     vertex  1.131590e+02  9.215482e+01  4.370000e+02
   endloop
 endfacet
 facet normal  9.405264e-14  9.914856e-14 -1.000000e+00
   outer loop
     vertex  1.357902e+02  6.667356e+01  4.370000e+02
     vertex  1.131590e+02  9.215482e+01  4.370000e+02
     vertex  1.130986e+02  9.335868e+01  4.370000e+02
   endloop
 endfacet
 facet normal  1.335153e-15  1.883671e-14 -1.000000e+00
   outer loop
     vertex  1.677504e+02  1.133653e+02  4.370000e+02
     vertex  1.469971e+02  1.299248e+02  4.370000e+02
     vertex  1.614254e+02  1.289021e+02  4.370000e+02
   endloop
 endfacet
 facet normal -2.103473e-14  9.729925e-15 -1.000000e+00
   outer loop
     vertex  1.677504e+02  1.133653e+02  4.370000e+02
     vertex  1.614254e+02  1.289021e+02  4.370000e+02
     vertex  1.682564e+02  1.144593e+02  4.370000e+02
   endloop
 endfacet
 facet normal  1.005748e-14  9.926659e-14 -1.000000e+00
   outer loop
     vertex  1.227337e+02  2.970831e+01  4.370000e+02
     vertex  1.023887e+02  3.348753e+01  4.370000e+02
     vertex  1.232397e+02  3.080231e+01  4.370000e+02
   endloop
 endfacet
 facet normal -4.000515e-15  2.358679e-14 -1.000000e+00
   outer loop
     vertex  1.227337e+02  2.970831e+01  4.370000e+02
     vertex  1.125102e+02  2.315438e+01  4.370000e+02
     vertex  1.023887e+02  3.348753e+01  4.370000e+02
   endloop
 endfacet
 facet normal -6.289347e-14 -1.006819e-14 -1.000000e+00
   outer loop
     vertex  1.690096e+02  1.154004e+02  4.370000e+02
     vertex  1.682564e+02  1.144593e+02  4.370000e+02
     vertex  1.614254e+02  1.289021e+02  4.370000e+02
   endloop
 endfacet
 facet normal -2.471450e-15  1.977864e-15 -1.000000e+00
   outer loop
     vertex  1.239929e+02  3.174341e+01  4.370000e+02
     vertex  1.232397e+02  3.080231e+01  4.370000e+02
     vertex  1.023887e+02  3.348753e+01  4.370000e+02
   endloop
 endfacet
 facet normal  8.703190e-16  1.938352e-14 -1.000000e+00
   outer loop
     vertex  1.239929e+02  3.174341e+01  4.370000e+02
     vertex  1.161326e+02  5.262429e+01  4.370000e+02
     vertex  1.163563e+02  5.261425e+01  4.370000e+02
   endloop
 endfacet
 facet normal -1.126982e-15  1.863166e-14 -1.000000e+00
   outer loop
     vertex  1.239929e+02  3.174341e+01  4.370000e+02
     vertex  1.023887e+02  3.348753e+01  4.370000e+02
     vertex  1.161326e+02  5.262429e+01  4.370000e+02
   endloop
 endfacet
 facet normal  5.452620e-14  8.549863e-14 -1.000000e+00
   outer loop
     vertex  1.675209e+02  1.121820e+02  4.370000e+02
     vertex  1.469971e+02  1.299248e+02  4.370000e+02
     vertex  1.677504e+02  1.133653e+02  4.370000e+02
   endloop
 endfacet
 facet normal  4.786749e-14 -5.732253e-14 -1.000000e+00
   outer loop
     vertex  1.225042e+02  2.852500e+01  4.370000e+02
     vertex  1.125102e+02  2.315438e+01  4.370000e+02
     vertex  1.227337e+02  2.970831e+01  4.370000e+02
   endloop
 endfacet
 facet normal -1.353947e-14  1.765513e-14 -1.000000e+00
   outer loop
     vertex  1.699661e+02  1.161340e+02  4.370000e+02
     vertex  1.690096e+02  1.154004e+02  4.370000e+02
     vertex  1.614254e+02  1.289021e+02  4.370000e+02
   endloop
 endfacet
 facet normal -5.782446e-14 -2.092892e-15 -1.000000e+00
   outer loop
     vertex  1.249494e+02  3.247693e+01  4.370000e+02
     vertex  1.239929e+02  3.174341e+01  4.370000e+02
     vertex  1.163563e+02  5.261425e+01  4.370000e+02
   endloop
 endfacet
 facet normal -3.803745e-15  2.095916e-14 -1.000000e+00
   outer loop
     vertex  1.249494e+02  3.247693e+01  4.370000e+02
     vertex  1.163563e+02  5.261425e+01  4.370000e+02
     vertex  1.165766e+02  5.265423e+01  4.370000e+02
   endloop
 endfacet
 facet normal -6.293371e-14 -5.037141e-14 -1.000000e+00
   outer loop
     vertex  1.675812e+02  1.109782e+02  4.370000e+02
     vertex  1.469971e+02  1.299248e+02  4.370000e+02
     vertex  1.675209e+02  1.121820e+02  4.370000e+02
   endloop
 endfacet
 facet normal  4.100460e-15  2.245594e-14 -1.000000e+00
   outer loop
     vertex  1.675812e+02  1.109782e+02  4.370000e+02
     vertex  1.327435e+02  1.274649e+02  4.370000e+02
     vertex  1.469971e+02  1.299248e+02  4.370000e+02
   endloop
 endfacet
 facet normal  1.661581e-14  8.326235e-16 -1.000000e+00
   outer loop
     vertex  1.225645e+02  2.732114e+01  4.370000e+02
     vertex  1.125102e+02  2.315438e+01  4.370000e+02
     vertex  1.225042e+02  2.852500e+01  4.370000e+02
   endloop
 endfacet
 facet normal  4.698433e-16  2.702604e-14 -1.000000e+00
   outer loop
     vertex  1.751896e+02  1.244563e+02  4.370000e+02
     vertex  1.699661e+02  1.161340e+02  4.370000e+02
     vertex  1.614254e+02  1.289021e+02  4.370000e+02
   endloop
 endfacet
 facet normal  1.254635e-13 -5.142605e-14 -1.000000e+00
   outer loop
     vertex  1.710703e+02  1.166173e+02  4.370000e+02
     vertex  1.699661e+02  1.161340e+02  4.370000e+02
     vertex  1.751896e+02  1.244563e+02  4.370000e+02
   endloop
 endfacet
 facet normal -8.348034e-15  1.907346e-14 -1.000000e+00
   outer loop
     vertex  1.260536e+02  3.296022e+01  4.370000e+02
     vertex  1.249494e+02  3.247693e+01  4.370000e+02
     vertex  1.165766e+02  5.265423e+01  4.370000e+02
   endloop
 endfacet
 facet normal -7.607827e-15 -2.284609e-15 -1.000000e+00
   outer loop
     vertex  1.679279e+02  1.098237e+02  4.370000e+02
     vertex  1.327435e+02  1.274649e+02  4.370000e+02
     vertex  1.675812e+02  1.109782e+02  4.370000e+02
   endloop
 endfacet
 facet normal  8.213008e-16  1.452688e-14 -1.000000e+00
   outer loop
     vertex  1.679279e+02  1.098237e+02  4.370000e+02
     vertex  1.130986e+02  9.335868e+01  4.370000e+02
     vertex  1.327435e+02  1.274649e+02  4.370000e+02
   endloop
 endfacet
 facet normal -4.567878e-16  1.878296e-14 -1.000000e+00
   outer loop
     vertex  1.679279e+02  1.098237e+02  4.370000e+02
     vertex  1.357902e+02  6.667356e+01  4.370000e+02
     vertex  1.130986e+02  9.335868e+01  4.370000e+02
   endloop
 endfacet
 facet normal -2.121118e-14  9.210846e-14 -1.000000e+00
   outer loop
     vertex  1.229112e+02  2.616671e+01  4.370000e+02
     vertex  1.125102e+02  2.315438e+01  4.370000e+02
     vertex  1.225645e+02  2.732114e+01  4.370000e+02
   endloop
 endfacet
 facet normal -2.752530e-15  1.594908e-14 -1.000000e+00
   outer loop
     vertex  1.722581e+02  1.168222e+02  4.370000e+02
     vertex  1.710703e+02  1.166173e+02  4.370000e+02
     vertex  1.751896e+02  1.244563e+02  4.370000e+02
   endloop
 endfacet
 facet normal -3.679463e-15  2.132004e-14 -1.000000e+00
   outer loop
     vertex  1.272414e+02  3.316522e+01  4.370000e+02
     vertex  1.260536e+02  3.296022e+01  4.370000e+02
     vertex  1.165766e+02  5.265423e+01  4.370000e+02
   endloop
 endfacet
 facet normal  6.150502e-15  1.142982e-14 -1.000000e+00
   outer loop
     vertex  1.685407e+02  1.087858e+02  4.370000e+02
     vertex  1.362033e+02  6.650787e+01  4.370000e+02
     vertex  1.360061e+02  6.661398e+01  4.370000e+02
   endloop
 endfacet
 facet normal  3.680241e-15  1.333558e-14 -1.000000e+00
   outer loop
     vertex  1.685407e+02  1.087858e+02  4.370000e+02
     vertex  1.360061e+02  6.661398e+01  4.370000e+02
     vertex  1.357902e+02  6.667356e+01  4.370000e+02
   endloop
 endfacet
 facet normal -6.821848e-14  6.925091e-14 -1.000000e+00
   outer loop
     vertex  1.685407e+02  1.087858e+02  4.370000e+02
     vertex  1.357902e+02  6.667356e+01  4.370000e+02
     vertex  1.679279e+02  1.098237e+02  4.370000e+02
   endloop
 endfacet
 facet normal  1.821203e-14 -4.401245e-14 -1.000000e+00
   outer loop
     vertex  1.235240e+02  2.512878e+01  4.370000e+02
     vertex  1.125102e+02  2.315438e+01  4.370000e+02
     vertex  1.229112e+02  2.616671e+01  4.370000e+02
   endloop
 endfacet
 facet normal  1.027590e-15  1.449752e-14 -1.000000e+00
   outer loop
     vertex  1.734605e+02  1.167370e+02  4.370000e+02
     vertex  1.722581e+02  1.168222e+02  4.370000e+02
     vertex  1.751896e+02  1.244563e+02  4.370000e+02
   endloop
 endfacet
 facet normal  1.720628e-15  2.427509e-14 -1.000000e+00
   outer loop
     vertex  1.284438e+02  3.308000e+01  4.370000e+02
     vertex  1.272414e+02  3.316522e+01  4.370000e+02
     vertex  1.165766e+02  5.265423e+01  4.370000e+02
   endloop
 endfacet
 facet normal -1.337434e-15  2.242109e-14 -1.000000e+00
   outer loop
     vertex  1.284438e+02  3.308000e+01  4.370000e+02
     vertex  1.165766e+02  5.265423e+01  4.370000e+02
     vertex  1.376470e+02  5.898163e+01  4.370000e+02
   endloop
 endfacet
 facet normal  4.709199e-14 -1.988543e-14 -1.000000e+00
   outer loop
     vertex  1.693842e+02  1.079247e+02  4.370000e+02
     vertex  1.362033e+02  6.650787e+01  4.370000e+02
     vertex  1.685407e+02  1.087858e+02  4.370000e+02
   endloop
 endfacet
 facet normal  8.780368e-15  8.600525e-15 -1.000000e+00
   outer loop
     vertex  1.243675e+02  2.426768e+01  4.370000e+02
     vertex  1.125102e+02  2.315438e+01  4.370000e+02
     vertex  1.235240e+02  2.512878e+01  4.370000e+02
   endloop
 endfacet
 facet normal  4.436105e-15  1.373402e-14 -1.000000e+00
   outer loop
     vertex  1.746075e+02  1.163665e+02  4.370000e+02
     vertex  1.734605e+02  1.167370e+02  4.370000e+02
     vertex  1.751896e+02  1.244563e+02  4.370000e+02
   endloop
 endfacet
 facet normal  6.358767e-15  1.968651e-14 -1.000000e+00
   outer loop
     vertex  1.295908e+02  3.270951e+01  4.370000e+02
     vertex  1.284438e+02  3.308000e+01  4.370000e+02
     vertex  1.376470e+02  5.898163e+01  4.370000e+02
   endloop
 endfacet
 facet normal -9.785947e-14  2.109456e-14 -1.000000e+00
   outer loop
     vertex  1.756325e+02  1.157323e+02  4.370000e+02
     vertex  1.746075e+02  1.163665e+02  4.370000e+02
     vertex  1.751896e+02  1.244563e+02  4.370000e+02
   endloop
 endfacet
 facet normal  5.786421e-14  3.892545e-15 -1.000000e+00
   outer loop
     vertex  1.306158e+02  3.207529e+01  4.370000e+02
     vertex  1.295908e+02  3.270951e+01  4.370000e+02
     vertex  1.376470e+02  5.898163e+01  4.370000e+02
   endloop
 endfacet
 facet normal -8.704140e-15  2.036378e-14 -1.000000e+00
   outer loop
     vertex  1.314593e+02  3.121419e+01  4.370000e+02
     vertex  1.376470e+02  5.898163e+01  4.370000e+02
     vertex  1.378530e+02  5.906964e+01  4.370000e+02
   endloop
 endfacet
 facet normal  1.532330e-14  1.500944e-14 -1.000000e+00
   outer loop
     vertex  1.314593e+02  3.121419e+01  4.370000e+02
     vertex  1.306158e+02  3.207529e+01  4.370000e+02
     vertex  1.376470e+02  5.898163e+01  4.370000e+02
   endloop
 endfacet
 facet normal -1.839773e-14  2.532176e-14 -1.000000e+00
   outer loop
     vertex  1.320721e+02  3.017626e+01  4.370000e+02
     vertex  1.378530e+02  5.906964e+01  4.370000e+02
     vertex  1.380341e+02  5.920127e+01  4.370000e+02
   endloop
 endfacet
 facet normal -1.111774e-13  4.388453e-14 -1.000000e+00
   outer loop
     vertex  1.320721e+02  3.017626e+01  4.370000e+02
     vertex  1.314593e+02  3.121419e+01  4.370000e+02
     vertex  1.378530e+02  5.906964e+01  4.370000e+02
   endloop
 endfacet
 facet normal  7.715771e-15  1.993909e-14 -1.000000e+00
   outer loop
     vertex  1.248104e+02  1.554372e+01  4.370000e+02
     vertex  1.125102e+02  2.315438e+01  4.370000e+02
     vertex  1.243675e+02  2.426768e+01  4.370000e+02
   endloop
 endfacet
 facet normal -1.020218e-13  1.436745e-14 -1.000000e+00
   outer loop
     vertex  1.248104e+02  1.554372e+01  4.370000e+02
     vertex  1.243675e+02  2.426768e+01  4.370000e+02
     vertex  1.253925e+02  2.363346e+01  4.370000e+02
   endloop
 endfacet
 facet normal  2.218052e-15  6.867009e-15 -1.000000e+00
   outer loop
     vertex  1.248104e+02  1.554372e+01  4.370000e+02
     vertex  1.253925e+02  2.363346e+01  4.370000e+02
     vertex  1.265395e+02  2.326297e+01  4.370000e+02
   endloop
 endfacet
 facet normal  5.137951e-16  7.248760e-15 -1.000000e+00
   outer loop
     vertex  1.248104e+02  1.554372e+01  4.370000e+02
     vertex  1.265395e+02  2.326297e+01  4.370000e+02
     vertex  1.277419e+02  2.317775e+01  4.370000e+02
   endloop
 endfacet
 facet normal -1.376265e-15  7.974540e-15 -1.000000e+00
   outer loop
     vertex  1.248104e+02  1.554372e+01  4.370000e+02
     vertex  1.277419e+02  2.317775e+01  4.370000e+02
     vertex  1.289297e+02  2.338275e+01  4.370000e+02
   endloop
 endfacet
 facet normal  1.295852e-13 -6.084327e-14 -1.000000e+00
   outer loop
     vertex  1.300339e+02  2.386604e+01  4.370000e+02
     vertex  1.248104e+02  1.554372e+01  4.370000e+02
     vertex  1.289297e+02  2.338275e+01  4.370000e+02
   endloop
 endfacet
 facet normal  1.269924e-14 -2.463294e-15 -1.000000e+00
   outer loop
     vertex  1.874898e+02  1.168456e+02  4.370000e+02
     vertex  1.772663e+02  1.102917e+02  4.370000e+02
     vertex  1.774958e+02  1.114750e+02  4.370000e+02
   endloop
 endfacet
 facet normal  3.578594e-14 -4.542453e-14 -1.000000e+00
   outer loop
     vertex  1.874898e+02  1.168456e+02  4.370000e+02
     vertex  1.774958e+02  1.114750e+02  4.370000e+02
     vertex  1.774355e+02  1.126789e+02  4.370000e+02
   endloop
 endfacet
 facet normal -2.121118e-14  9.210846e-14 -1.000000e+00
   outer loop
     vertex  1.874898e+02  1.168456e+02  4.370000e+02
     vertex  1.774355e+02  1.126789e+02  4.370000e+02
     vertex  1.770888e+02  1.138333e+02  4.370000e+02
   endloop
 endfacet
 facet normal  4.667052e-15  2.755802e-15 -1.000000e+00
   outer loop
     vertex  1.874898e+02  1.168456e+02  4.370000e+02
     vertex  1.770888e+02  1.138333e+02  4.370000e+02
     vertex  1.764760e+02  1.148712e+02  4.370000e+02
   endloop
 endfacet
 facet normal  1.445641e-14 -5.185255e-14 -1.000000e+00
   outer loop
     vertex  1.874898e+02  1.168456e+02  4.370000e+02
     vertex  1.764760e+02  1.148712e+02  4.370000e+02
     vertex  1.756325e+02  1.157323e+02  4.370000e+02
   endloop
 endfacet
 facet normal  7.106895e-15  2.642396e-14 -1.000000e+00
   outer loop
     vertex  1.874898e+02  1.168456e+02  4.370000e+02
     vertex  1.756325e+02  1.157323e+02  4.370000e+02
     vertex  1.751896e+02  1.244563e+02  4.370000e+02
   endloop
 endfacet
 facet normal -8.078121e-14 -1.459287e-14 -1.000000e+00
   outer loop
     vertex  1.385746e+02  1.109787e+01  4.370000e+02
     vertex  1.317436e+02  2.554066e+01  4.370000e+02
     vertex  1.322496e+02  2.663466e+01  4.370000e+02
   endloop
 endfacet
 facet normal -4.798146e-15  2.350225e-14 -1.000000e+00
   outer loop
     vertex  1.385746e+02  1.109787e+01  4.370000e+02
     vertex  1.248104e+02  1.554372e+01  4.370000e+02
     vertex  1.300339e+02  2.386604e+01  4.370000e+02
   endloop
 endfacet
 facet normal -1.353947e-14  1.765513e-14 -1.000000e+00
   outer loop
     vertex  1.385746e+02  1.109787e+01  4.370000e+02
     vertex  1.300339e+02  2.386604e+01  4.370000e+02
     vertex  1.309904e+02  2.459956e+01  4.370000e+02
   endloop
 endfacet
 facet normal -1.854656e-14  1.484253e-14 -1.000000e+00
   outer loop
     vertex  1.385746e+02  1.109787e+01  4.370000e+02
     vertex  1.309904e+02  2.459956e+01  4.370000e+02
     vertex  1.317436e+02  2.554066e+01  4.370000e+02
   endloop
 endfacet
 facet normal  1.348091e-14  2.178774e-14 -1.000000e+00
   outer loop
     vertex  1.777790e+02  8.185884e+01  4.370000e+02
     vertex  1.693842e+02  1.079247e+02  4.370000e+02
     vertex  1.704092e+02  1.072905e+02  4.370000e+02
   endloop
 endfacet
 facet normal  2.962435e-15  3.390848e-15 -1.000000e+00
   outer loop
     vertex  1.773235e+02  8.087424e+01  4.370000e+02
     vertex  1.363719e+02  6.636054e+01  4.370000e+02
     vertex  1.362033e+02  6.650787e+01  4.370000e+02
   endloop
 endfacet
 facet normal -2.897475e-15  2.016343e-14 -1.000000e+00
   outer loop
     vertex  1.773235e+02  8.087424e+01  4.370000e+02
     vertex  1.362033e+02  6.650787e+01  4.370000e+02
     vertex  1.693842e+02  1.079247e+02  4.370000e+02
   endloop
 endfacet
 facet normal  1.249251e-13  5.767943e-14 -1.000000e+00
   outer loop
     vertex  1.773235e+02  8.087424e+01  4.370000e+02
     vertex  1.693842e+02  1.079247e+02  4.370000e+02
     vertex  1.777790e+02  8.185884e+01  4.370000e+02
   endloop
 endfacet
 facet normal -1.640366e-14  1.312760e-14 -1.000000e+00
   outer loop
     vertex  1.784568e+02  8.270583e+01  4.370000e+02
     vertex  1.777790e+02  8.185884e+01  4.370000e+02
     vertex  1.704092e+02  1.072905e+02  4.370000e+02
   endloop
 endfacet
 facet normal  6.681013e-15  2.068417e-14 -1.000000e+00
   outer loop
     vertex  1.784568e+02  8.270583e+01  4.370000e+02
     vertex  1.704092e+02  1.072905e+02  4.370000e+02
     vertex  1.715562e+02  1.069200e+02  4.370000e+02
   endloop
 endfacet
 facet normal  2.478474e-14 -5.818264e-14 -1.000000e+00
   outer loop
     vertex  1.771169e+02  7.980926e+01  4.370000e+02
     vertex  1.363719e+02  6.636054e+01  4.370000e+02
     vertex  1.773235e+02  8.087424e+01  4.370000e+02
   endloop
 endfacet
 facet normal  4.500994e-15  3.270233e-15 -1.000000e+00
   outer loop
     vertex  1.771169e+02  7.980926e+01  4.370000e+02
     vertex  1.365035e+02  6.617938e+01  4.370000e+02
     vertex  1.363719e+02  6.636054e+01  4.370000e+02
   endloop
 endfacet
 facet normal  1.401184e-15  1.976829e-14 -1.000000e+00
   outer loop
     vertex  1.793176e+02  8.336599e+01  4.370000e+02
     vertex  1.715562e+02  1.069200e+02  4.370000e+02
     vertex  1.727586e+02  1.068348e+02  4.370000e+02
   endloop
 endfacet
 facet normal -1.181922e-14  1.541197e-14 -1.000000e+00
   outer loop
     vertex  1.793176e+02  8.336599e+01  4.370000e+02
     vertex  1.784568e+02  8.270583e+01  4.370000e+02
     vertex  1.715562e+02  1.069200e+02  4.370000e+02
   endloop
 endfacet
 facet normal  5.505893e-15  2.759020e-16 -1.000000e+00
   outer loop
     vertex  1.771712e+02  7.872579e+01  4.370000e+02
     vertex  1.365035e+02  6.617938e+01  4.370000e+02
     vertex  1.771169e+02  7.980926e+01  4.370000e+02
   endloop
 endfacet
 facet normal  4.939635e-15  2.111360e-15 -1.000000e+00
   outer loop
     vertex  1.771712e+02  7.872579e+01  4.370000e+02
     vertex  1.365915e+02  6.597347e+01  4.370000e+02
     vertex  1.365035e+02  6.617938e+01  4.370000e+02
   endloop
 endfacet
 facet normal -5.851993e-14  3.021545e-15 -1.000000e+00
   outer loop
     vertex  1.803114e+02  8.380096e+01  4.370000e+02
     vertex  1.793176e+02  8.336599e+01  4.370000e+02
     vertex  1.727586e+02  1.068348e+02  4.370000e+02
   endloop
 endfacet
 facet normal -3.627827e-15  2.102084e-14 -1.000000e+00
   outer loop
     vertex  1.803114e+02  8.380096e+01  4.370000e+02
     vertex  1.727586e+02  1.068348e+02  4.370000e+02
     vertex  1.739464e+02  1.070398e+02  4.370000e+02
   endloop
 endfacet
 facet normal -2.630055e-14  1.015222e-13 -1.000000e+00
   outer loop
     vertex  1.774832e+02  7.768680e+01  4.370000e+02
     vertex  1.365915e+02  6.597347e+01  4.370000e+02
     vertex  1.771712e+02  7.872579e+01  4.370000e+02
   endloop
 endfacet
 facet normal -2.658146e-15  1.898548e-14 -1.000000e+00
   outer loop
     vertex  1.774832e+02  7.768680e+01  4.370000e+02
     vertex  1.383172e+02  6.022699e+01  4.370000e+02
     vertex  1.365915e+02  6.597347e+01  4.370000e+02
   endloop
 endfacet
 facet normal -3.627827e-15  2.102084e-14 -1.000000e+00
   outer loop
     vertex  1.813805e+02  8.398546e+01  4.370000e+02
     vertex  1.803114e+02  8.380096e+01  4.370000e+02
     vertex  1.739464e+02  1.070398e+02  4.370000e+02
   endloop
 endfacet
 facet normal -8.511160e-15  1.944617e-14 -1.000000e+00
   outer loop
     vertex  1.813805e+02  8.398546e+01  4.370000e+02
     vertex  1.739464e+02  1.070398e+02  4.370000e+02
     vertex  1.750506e+02  1.075231e+02  4.370000e+02
   endloop
 endfacet
 facet normal  2.606991e-14 -4.545766e-14 -1.000000e+00
   outer loop
     vertex  1.780348e+02  7.675266e+01  4.370000e+02
     vertex  1.383172e+02  6.022699e+01  4.370000e+02
     vertex  1.774832e+02  7.768680e+01  4.370000e+02
   endloop
 endfacet
 facet normal  6.653522e-15  1.207506e-15 -1.000000e+00
   outer loop
     vertex  1.780348e+02  7.675266e+01  4.370000e+02
     vertex  1.383572e+02  6.000666e+01  4.370000e+02
     vertex  1.383172e+02  6.022699e+01  4.370000e+02
   endloop
 endfacet
 facet normal -1.339087e-14  1.746136e-14 -1.000000e+00
   outer loop
     vertex  1.824626e+02  8.390876e+01  4.370000e+02
     vertex  1.750506e+02  1.075231e+02  4.370000e+02
     vertex  1.760071e+02  1.082566e+02  4.370000e+02
   endloop
 endfacet
 facet normal  1.570524e-15  2.215738e-14 -1.000000e+00
   outer loop
     vertex  1.824626e+02  8.390876e+01  4.370000e+02
     vertex  1.813805e+02  8.398546e+01  4.370000e+02
     vertex  1.750506e+02  1.075231e+02  4.370000e+02
   endloop
 endfacet
 facet normal  7.155574e-15 -3.212849e-16 -1.000000e+00
   outer loop
     vertex  1.787939e+02  7.597767e+01  4.370000e+02
     vertex  1.383471e+02  5.978295e+01  4.370000e+02
     vertex  1.383572e+02  6.000666e+01  4.370000e+02
   endloop
 endfacet
 facet normal  5.068005e-15  4.964200e-15 -1.000000e+00
   outer loop
     vertex  1.787939e+02  7.597767e+01  4.370000e+02
     vertex  1.383572e+02  6.000666e+01  4.370000e+02
     vertex  1.780348e+02  7.675266e+01  4.370000e+02
   endloop
 endfacet
 facet normal -4.000515e-15  2.358679e-14 -1.000000e+00
   outer loop
     vertex  1.976113e+02  1.065125e+02  4.370000e+02
     vertex  1.772663e+02  1.102917e+02  4.370000e+02
     vertex  1.874898e+02  1.168456e+02  4.370000e+02
   endloop
 endfacet
 facet normal -9.523170e-15 -5.277962e-14 -1.000000e+00
   outer loop
     vertex  1.976113e+02  1.065125e+02  4.370000e+02
     vertex  1.760071e+02  1.082566e+02  4.370000e+02
     vertex  1.767603e+02  1.091977e+02  4.370000e+02
   endloop
 endfacet
 facet normal  1.005748e-14  9.926659e-14 -1.000000e+00
   outer loop
     vertex  1.976113e+02  1.065125e+02  4.370000e+02
     vertex  1.767603e+02  1.091977e+02  4.370000e+02
     vertex  1.772663e+02  1.102917e+02  4.370000e+02
   endloop
 endfacet
 facet normal -3.643957e-15  2.004562e-14 -1.000000e+00
   outer loop
     vertex  1.976113e+02  1.065125e+02  4.370000e+02
     vertex  1.824626e+02  8.390876e+01  4.370000e+02
     vertex  1.760071e+02  1.082566e+02  4.370000e+02
   endloop
 endfacet
 facet normal  5.239810e-14 -1.490031e-14 -1.000000e+00
   outer loop
     vertex  1.976113e+02  1.065125e+02  4.370000e+02
     vertex  1.844174e+02  8.300452e+01  4.370000e+02
     vertex  1.834949e+02  8.357532e+01  4.370000e+02
   endloop
 endfacet
 facet normal  4.674128e-15  1.447093e-14 -1.000000e+00
   outer loop
     vertex  1.976113e+02  1.065125e+02  4.370000e+02
     vertex  1.834949e+02  8.357532e+01  4.370000e+02
     vertex  1.824626e+02  8.390876e+01  4.370000e+02
   endloop
 endfacet
 facet normal  5.689810e-14  8.503855e-14 -1.000000e+00
   outer loop
     vertex  1.530029e+02  1.007519e+01  4.370000e+02
     vertex  1.322496e+02  2.663466e+01  4.370000e+02
     vertex  1.324791e+02  2.781797e+01  4.370000e+02
   endloop
 endfacet
 facet normal -6.003864e-14 -5.022633e-14 -1.000000e+00
   outer loop
     vertex  1.530029e+02  1.007519e+01  4.370000e+02
     vertex  1.324791e+02  2.781797e+01  4.370000e+02
     vertex  1.324188e+02  2.902183e+01  4.370000e+02
   endloop
 endfacet
 facet normal  5.391957e-15  2.048823e-14 -1.000000e+00
   outer loop
     vertex  1.530029e+02  1.007519e+01  4.370000e+02
     vertex  1.385746e+02  1.109787e+01  4.370000e+02
     vertex  1.322496e+02  2.663466e+01  4.370000e+02
   endloop
 endfacet
 facet normal -3.253466e-15  1.633432e-14 -1.000000e+00
   outer loop
     vertex  2.049658e+02  9.405734e+01  4.370000e+02
     vertex  1.844174e+02  8.300452e+01  4.370000e+02
     vertex  1.976113e+02  1.065125e+02  4.370000e+02
   endloop
 endfacet
 facet normal -4.951899e-14  9.246288e-14 -1.000000e+00
   outer loop
     vertex  2.049658e+02  9.405734e+01  4.370000e+02
     vertex  1.857281e+02  8.129540e+01  4.370000e+02
     vertex  1.851765e+02  8.222953e+01  4.370000e+02
   endloop
 endfacet
 facet normal  3.623501e-15  3.549282e-15 -1.000000e+00
   outer loop
     vertex  2.049658e+02  9.405734e+01  4.370000e+02
     vertex  1.851765e+02  8.222953e+01  4.370000e+02
     vertex  1.844174e+02  8.300452e+01  4.370000e+02
   endloop
 endfacet
 facet normal  3.933839e-15  2.073468e-14 -1.000000e+00
   outer loop
     vertex  1.672565e+02  1.253513e+01  4.370000e+02
     vertex  1.320721e+02  3.017626e+01  4.370000e+02
     vertex  1.380341e+02  5.920127e+01  4.370000e+02
   endloop
 endfacet
 facet normal -7.607827e-15 -2.284609e-15 -1.000000e+00
   outer loop
     vertex  1.672565e+02  1.253513e+01  4.370000e+02
     vertex  1.324188e+02  2.902183e+01  4.370000e+02
     vertex  1.320721e+02  3.017626e+01  4.370000e+02
   endloop
 endfacet
 facet normal  1.178179e-15  1.628092e-14 -1.000000e+00
   outer loop
     vertex  1.672565e+02  1.253513e+01  4.370000e+02
     vertex  1.530029e+02  1.007519e+01  4.370000e+02
     vertex  1.324188e+02  2.902183e+01  4.370000e+02
   endloop
 endfacet
 facet normal -1.159627e-13 -1.806392e-14 -1.000000e+00
   outer loop
     vertex  1.875766e+02  5.012248e+01  4.370000e+02
     vertex  1.797165e+02  7.540688e+01  4.370000e+02
     vertex  1.807488e+02  7.507344e+01  4.370000e+02
   endloop
 endfacet
 facet normal -1.263198e-15  2.070486e-14 -1.000000e+00
   outer loop
     vertex  1.870706e+02  4.902849e+01  4.370000e+02
     vertex  1.383471e+02  5.978295e+01  4.370000e+02
     vertex  1.787939e+02  7.597767e+01  4.370000e+02
   endloop
 endfacet
 facet normal  1.111065e-13  5.252488e-14 -1.000000e+00
   outer loop
     vertex  1.870706e+02  4.902849e+01  4.370000e+02
     vertex  1.797165e+02  7.540688e+01  4.370000e+02
     vertex  1.875766e+02  5.012248e+01  4.370000e+02
   endloop
 endfacet
 facet normal  1.611279e-14  2.604136e-14 -1.000000e+00
   outer loop
     vertex  1.870706e+02  4.902849e+01  4.370000e+02
     vertex  1.787939e+02  7.597767e+01  4.370000e+02
     vertex  1.797165e+02  7.540688e+01  4.370000e+02
   endloop
 endfacet
 facet normal -1.272819e-14  1.018617e-14 -1.000000e+00
   outer loop
     vertex  1.883298e+02  5.106359e+01  4.370000e+02
     vertex  1.875766e+02  5.012248e+01  4.370000e+02
     vertex  1.807488e+02  7.507344e+01  4.370000e+02
   endloop
 endfacet
 facet normal  1.029907e-15  1.453021e-14 -1.000000e+00
   outer loop
     vertex  1.883298e+02  5.106359e+01  4.370000e+02
     vertex  1.807488e+02  7.507344e+01  4.370000e+02
     vertex  1.818309e+02  7.499674e+01  4.370000e+02
   endloop
 endfacet
 facet normal -4.144530e-15  2.230213e-15 -1.000000e+00
   outer loop
     vertex  1.868410e+02  4.784518e+01  4.370000e+02
     vertex  1.381814e+02  5.936990e+01  4.370000e+02
     vertex  1.382876e+02  5.956709e+01  4.370000e+02
   endloop
 endfacet
 facet normal -4.390437e-15  1.211636e-15 -1.000000e+00
   outer loop
     vertex  1.868410e+02  4.784518e+01  4.370000e+02
     vertex  1.382876e+02  5.956709e+01  4.370000e+02
     vertex  1.383471e+02  5.978295e+01  4.370000e+02
   endloop
 endfacet
 facet normal -1.576154e-14 -4.498029e-14 -1.000000e+00
   outer loop
     vertex  1.868410e+02  4.784518e+01  4.370000e+02
     vertex  1.383471e+02  5.978295e+01  4.370000e+02
     vertex  1.870706e+02  4.902849e+01  4.370000e+02
   endloop
 endfacet
 facet normal -9.045000e-15  1.179445e-14 -1.000000e+00
   outer loop
     vertex  1.892862e+02  5.179710e+01  4.370000e+02
     vertex  1.883298e+02  5.106359e+01  4.370000e+02
     vertex  1.818309e+02  7.499674e+01  4.370000e+02
   endloop
 endfacet
 facet normal -2.403836e-15  1.392863e-14 -1.000000e+00
   outer loop
     vertex  1.892862e+02  5.179710e+01  4.370000e+02
     vertex  1.818309e+02  7.499674e+01  4.370000e+02
     vertex  1.828999e+02  7.518123e+01  4.370000e+02
   endloop
 endfacet
 facet normal -5.699511e-15  4.979411e-15 -1.000000e+00
   outer loop
     vertex  1.869014e+02  4.664132e+01  4.370000e+02
     vertex  1.380341e+02  5.920127e+01  4.370000e+02
     vertex  1.381814e+02  5.936990e+01  4.370000e+02
   endloop
 endfacet
 facet normal  1.790626e-14  9.533284e-14 -1.000000e+00
   outer loop
     vertex  1.869014e+02  4.664132e+01  4.370000e+02
     vertex  1.381814e+02  5.936990e+01  4.370000e+02
     vertex  1.868410e+02  4.784518e+01  4.370000e+02
   endloop
 endfacet
 facet normal -2.721170e-15  1.656730e-14 -1.000000e+00
   outer loop
     vertex  1.869014e+02  4.664132e+01  4.370000e+02
     vertex  1.672565e+02  1.253513e+01  4.370000e+02
     vertex  1.380341e+02  5.920127e+01  4.370000e+02
   endloop
 endfacet
 facet normal -5.168348e-14  4.701273e-16 -1.000000e+00
   outer loop
     vertex  1.903905e+02  5.228040e+01  4.370000e+02
     vertex  1.892862e+02  5.179710e+01  4.370000e+02
     vertex  1.828999e+02  7.518123e+01  4.370000e+02
   endloop
 endfacet
 facet normal  9.341683e-14  4.793045e-14 -1.000000e+00
   outer loop
     vertex  1.903905e+02  5.228040e+01  4.370000e+02
     vertex  1.828999e+02  7.518123e+01  4.370000e+02
     vertex  1.838937e+02  7.561620e+01  4.370000e+02
   endloop
 endfacet
 facet normal  7.330819e-14 -2.722482e-14 -1.000000e+00
   outer loop
     vertex  1.872480e+02  4.548688e+01  4.370000e+02
     vertex  1.672565e+02  1.253513e+01  4.370000e+02
     vertex  1.869014e+02  4.664132e+01  4.370000e+02
   endloop
 endfacet
 facet normal -3.610069e-15  2.091795e-14 -1.000000e+00
   outer loop
     vertex  1.915783e+02  5.248539e+01  4.370000e+02
     vertex  1.903905e+02  5.228040e+01  4.370000e+02
     vertex  1.838937e+02  7.561620e+01  4.370000e+02
   endloop
 endfacet
 facet normal -1.351751e-14  1.762649e-14 -1.000000e+00
   outer loop
     vertex  1.915783e+02  5.248539e+01  4.370000e+02
     vertex  1.838937e+02  7.561620e+01  4.370000e+02
     vertex  1.847546e+02  7.627636e+01  4.370000e+02
   endloop
 endfacet
 facet normal  1.555811e-15  2.194981e-14 -1.000000e+00
   outer loop
     vertex  1.927806e+02  5.240017e+01  4.370000e+02
     vertex  1.915783e+02  5.248539e+01  4.370000e+02
     vertex  1.847546e+02  7.627636e+01  4.370000e+02
   endloop
 endfacet
 facet normal  3.046242e-15  1.322454e-14 -1.000000e+00
   outer loop
     vertex  2.091259e+02  8.020409e+01  4.370000e+02
     vertex  1.857281e+02  8.129540e+01  4.370000e+02
     vertex  2.049658e+02  9.405734e+01  4.370000e+02
   endloop
 endfacet
 facet normal -4.821263e-15  1.076854e-13 -1.000000e+00
   outer loop
     vertex  2.091259e+02  8.020409e+01  4.370000e+02
     vertex  1.858878e+02  7.810795e+01  4.370000e+02
     vertex  1.860944e+02  7.917293e+01  4.370000e+02
   endloop
 endfacet
 facet normal -0.000000e+00  0.000000e+00 -1.000000e+00
   outer loop
     vertex  2.091259e+02  8.020409e+01  4.370000e+02
     vertex  1.860944e+02  7.917293e+01  4.370000e+02
     vertex  1.860401e+02  8.025640e+01  4.370000e+02
   endloop
 endfacet
 facet normal -1.240500e-16 -5.474732e-14 -1.000000e+00
   outer loop
     vertex  2.091259e+02  8.020409e+01  4.370000e+02
     vertex  1.860401e+02  8.025640e+01  4.370000e+02
     vertex  1.857281e+02  8.129540e+01  4.370000e+02
   endloop
 endfacet
 facet normal  1.401640e-15  1.640014e-14 -1.000000e+00
   outer loop
     vertex  1.805073e+02  1.833471e+01  4.370000e+02
     vertex  1.672565e+02  1.253513e+01  4.370000e+02
     vertex  1.872480e+02  4.548688e+01  4.370000e+02
   endloop
 endfacet
 facet normal  1.996826e-14  1.179086e-14 -1.000000e+00
   outer loop
     vertex  1.805073e+02  1.833471e+01  4.370000e+02
     vertex  1.872480e+02  4.548688e+01  4.370000e+02
     vertex  1.878609e+02  4.444895e+01  4.370000e+02
   endloop
 endfacet
 facet normal -9.088184e-14  4.300537e-14 -1.000000e+00
   outer loop
     vertex  1.805073e+02  1.833471e+01  4.370000e+02
     vertex  1.878609e+02  4.444895e+01  4.370000e+02
     vertex  1.887044e+02  4.358786e+01  4.370000e+02
   endloop
 endfacet
 facet normal  4.474744e-15  7.232044e-15 -1.000000e+00
   outer loop
     vertex  2.098498e+02  6.575782e+01  4.370000e+02
     vertex  1.949527e+02  5.139546e+01  4.370000e+02
     vertex  1.939276e+02  5.202968e+01  4.370000e+02
   endloop
 endfacet
 facet normal  3.897059e-14 -3.277702e-14 -1.000000e+00
   outer loop
     vertex  2.098498e+02  6.575782e+01  4.370000e+02
     vertex  1.939276e+02  5.202968e+01  4.370000e+02
     vertex  1.927806e+02  5.240017e+01  4.370000e+02
   endloop
 endfacet
 facet normal -8.480775e-15  6.787034e-15 -1.000000e+00
   outer loop
     vertex  2.098498e+02  6.575782e+01  4.370000e+02
     vertex  1.847546e+02  7.627636e+01  4.370000e+02
     vertex  1.854324e+02  7.712336e+01  4.370000e+02
   endloop
 endfacet
 facet normal -3.168958e-14 -4.307420e-14 -1.000000e+00
   outer loop
     vertex  2.098498e+02  6.575782e+01  4.370000e+02
     vertex  1.854324e+02  7.712336e+01  4.370000e+02
     vertex  1.858878e+02  7.810795e+01  4.370000e+02
   endloop
 endfacet
 facet normal  2.750242e-15  2.374670e-14 -1.000000e+00
   outer loop
     vertex  2.098498e+02  6.575782e+01  4.370000e+02
     vertex  1.858878e+02  7.810795e+01  4.370000e+02
     vertex  2.091259e+02  8.020409e+01  4.370000e+02
   endloop
 endfacet
 facet normal -2.729115e-15  2.050941e-14 -1.000000e+00
   outer loop
     vertex  2.098498e+02  6.575782e+01  4.370000e+02
     vertex  1.927806e+02  5.240017e+01  4.370000e+02
     vertex  1.847546e+02  7.627636e+01  4.370000e+02
   endloop
 endfacet
 facet normal  1.219444e-14  1.970855e-14 -1.000000e+00
   outer loop
     vertex  1.919852e+02  2.713689e+01  4.370000e+02
     vertex  1.887044e+02  4.358786e+01  4.370000e+02
     vertex  1.897294e+02  4.295364e+01  4.370000e+02
   endloop
 endfacet
 facet normal  6.084420e-15  1.883714e-14 -1.000000e+00
   outer loop
     vertex  1.919852e+02  2.713689e+01  4.370000e+02
     vertex  1.897294e+02  4.295364e+01  4.370000e+02
     vertex  1.908764e+02  4.258315e+01  4.370000e+02
   endloop
 endfacet
 facet normal  4.882959e-14  2.190547e-14 -1.000000e+00
   outer loop
     vertex  1.919852e+02  2.713689e+01  4.370000e+02
     vertex  1.908764e+02  4.258315e+01  4.370000e+02
     vertex  1.920788e+02  4.249793e+01  4.370000e+02
   endloop
 endfacet
 facet normal -7.196166e-15  1.584150e-14 -1.000000e+00
   outer loop
     vertex  1.919852e+02  2.713689e+01  4.370000e+02
     vertex  1.805073e+02  1.833471e+01  4.370000e+02
     vertex  1.887044e+02  4.358786e+01  4.370000e+02
   endloop
 endfacet
 facet normal -1.612533e-16  1.204068e-14 -1.000000e+00
   outer loop
     vertex  2.070955e+02  5.155808e+01  4.370000e+02
     vertex  1.949527e+02  5.139546e+01  4.370000e+02
     vertex  2.098498e+02  6.575782e+01  4.370000e+02
   endloop
 endfacet
 facet normal -3.903598e-14  1.036471e-13 -1.000000e+00
   outer loop
     vertex  2.070955e+02  5.155808e+01  4.370000e+02
     vertex  1.965865e+02  4.595483e+01  4.370000e+02
     vertex  1.968160e+02  4.713815e+01  4.370000e+02
   endloop
 endfacet
 facet normal  5.413154e-15  2.712548e-16 -1.000000e+00
   outer loop
     vertex  2.070955e+02  5.155808e+01  4.370000e+02
     vertex  1.968160e+02  4.713815e+01  4.370000e+02
     vertex  1.967557e+02  4.834200e+01  4.370000e+02
   endloop
 endfacet
 facet normal  1.903484e-14 -4.352295e-14 -1.000000e+00
   outer loop
     vertex  2.070955e+02  5.155808e+01  4.370000e+02
     vertex  1.967557e+02  4.834200e+01  4.370000e+02
     vertex  1.964090e+02  4.949644e+01  4.370000e+02
   endloop
 endfacet
 facet normal -9.419673e-15  1.039705e-13 -1.000000e+00
   outer loop
     vertex  2.070955e+02  5.155808e+01  4.370000e+02
     vertex  1.964090e+02  4.949644e+01  4.370000e+02
     vertex  1.957961e+02  5.053437e+01  4.370000e+02
   endloop
 endfacet
 facet normal  0.000000e+00  0.000000e+00 -1.000000e+00
   outer loop
     vertex  2.070955e+02  5.155808e+01  4.370000e+02
     vertex  1.957961e+02  5.053437e+01  4.370000e+02
     vertex  1.949527e+02  5.139546e+01  4.370000e+02
   endloop
 endfacet
 facet normal -3.643963e-14 -6.614886e-14 -1.000000e+00
   outer loop
     vertex  2.010230e+02  3.843013e+01  4.370000e+02
     vertex  1.920788e+02  4.249793e+01  4.370000e+02
     vertex  1.932666e+02  4.270292e+01  4.370000e+02
   endloop
 endfacet
 facet normal  0.000000e+00  0.000000e+00 -1.000000e+00
   outer loop
     vertex  2.010230e+02  3.843013e+01  4.370000e+02
     vertex  1.932666e+02  4.270292e+01  4.370000e+02
     vertex  1.943708e+02  4.318622e+01  4.370000e+02
   endloop
 endfacet
 facet normal  5.734733e-14  8.020958e-14 -1.000000e+00
   outer loop
     vertex  2.010230e+02  3.843013e+01  4.370000e+02
     vertex  1.943708e+02  4.318622e+01  4.370000e+02
     vertex  1.953273e+02  4.391973e+01  4.370000e+02
   endloop
 endfacet
 facet normal -1.126847e-14  9.017980e-15 -1.000000e+00
   outer loop
     vertex  2.010230e+02  3.843013e+01  4.370000e+02
     vertex  1.953273e+02  4.391973e+01  4.370000e+02
     vertex  1.960804e+02  4.486084e+01  4.370000e+02
   endloop
 endfacet
 facet normal -5.656359e-14 -2.579509e-14 -1.000000e+00
   outer loop
     vertex  2.010230e+02  3.843013e+01  4.370000e+02
     vertex  1.960804e+02  4.486084e+01  4.370000e+02
     vertex  1.965865e+02  4.595483e+01  4.370000e+02
   endloop
 endfacet
 facet normal  9.281495e-15  1.302651e-14 -1.000000e+00
   outer loop
     vertex  2.010230e+02  3.843013e+01  4.370000e+02
     vertex  1.965865e+02  4.595483e+01  4.370000e+02
     vertex  2.070955e+02  5.155808e+01  4.370000e+02
   endloop
 endfacet
 facet normal  3.732171e-15  2.218023e-14 -1.000000e+00
   outer loop
     vertex  2.010230e+02  3.843013e+01  4.370000e+02
     vertex  1.919852e+02  2.713689e+01  4.370000e+02
     vertex  1.920788e+02  4.249793e+01  4.370000e+02
   endloop
 endfacet
 facet normal  2.038475e-15 -1.826273e-14  1.000000e+00
   outer loop
     vertex  9.776515e+01  9.520953e+01  4.600000e+02
     vertex  9.897703e+01  1.015699e+02  4.600000e+02
     vertex  9.290450e+01  8.844192e+01  4.600000e+02
   endloop
 endfacet
 facet normal -1.401790e-14 -1.394872e-14  1.000000e+00
   outer loop
     vertex  1.055188e+02  1.072212e+02  4.600000e+02
     vertex  1.080148e+02  1.128631e+02  4.600000e+02
     vertex  9.897703e+01  1.015699e+02  4.600000e+02
   endloop
 endfacet
 facet normal -1.272043e-14 -1.545061e-14  1.000000e+00
   outer loop
     vertex  1.055188e+02  1.072212e+02  4.600000e+02
     vertex  9.897703e+01  1.015699e+02  4.600000e+02
     vertex  9.776515e+01  9.520953e+01  4.600000e+02
   endloop
 endfacet
 facet normal -1.106990e-14 -8.848016e-15  1.000000e+00
   outer loop
     vertex  9.318537e+01  8.166609e+01  4.600000e+02
     vertex  9.776515e+01  9.520953e+01  4.600000e+02
     vertex  9.290450e+01  8.844192e+01  4.600000e+02
   endloop
 endfacet
 facet normal -1.537760e-14 -9.026576e-15  1.000000e+00
   outer loop
     vertex  9.015016e+01  7.424218e+01  4.600000e+02
     vertex  9.318537e+01  8.166609e+01  4.600000e+02
     vertex  9.290450e+01  8.844192e+01  4.600000e+02
   endloop
 endfacet
 facet normal  4.222757e-15 -2.201873e-14  1.000000e+00
   outer loop
     vertex  1.159751e+02  1.169713e+02  4.600000e+02
     vertex  1.080148e+02  1.128631e+02  4.600000e+02
     vertex  1.055188e+02  1.072212e+02  4.600000e+02
   endloop
 endfacet
 facet normal -1.453098e-15 -1.102095e-14  1.000000e+00
   outer loop
     vertex  1.194927e+02  1.216653e+02  4.600000e+02
     vertex  1.080148e+02  1.128631e+02  4.600000e+02
     vertex  1.159751e+02  1.169713e+02  4.600000e+02
   endloop
 endfacet
 facet normal  2.613324e-14 -2.599799e-14  1.000000e+00
   outer loop
     vertex  9.205769e+01  6.741382e+01  4.600000e+02
     vertex  9.318537e+01  8.166609e+01  4.600000e+02
     vertex  9.015016e+01  7.424218e+01  4.600000e+02
   endloop
 endfacet
 facet normal  5.943166e-14 -1.669594e-14  1.000000e+00
   outer loop
     vertex  9.087406e+01  5.979591e+01  4.600000e+02
     vertex  9.205769e+01  6.741382e+01  4.600000e+02
     vertex  9.015016e+01  7.424218e+01  4.600000e+02
   endloop
 endfacet
 facet normal  5.430163e-15 -2.220804e-14  1.000000e+00
   outer loop
     vertex  1.327435e+02  1.274649e+02  4.600000e+02
     vertex  1.194927e+02  1.216653e+02  4.600000e+02
     vertex  1.284988e+02  1.238674e+02  4.600000e+02
   endloop
 endfacet
 facet normal  1.426047e-14 -9.677514e-15  1.000000e+00
   outer loop
     vertex  9.445062e+01  5.331868e+01  4.600000e+02
     vertex  9.205769e+01  6.741382e+01  4.600000e+02
     vertex  9.087406e+01  5.979591e+01  4.600000e+02
   endloop
 endfacet
 facet normal -1.996110e-14 -2.654755e-14  1.000000e+00
   outer loop
     vertex  1.330460e+02  1.204484e+02  4.600000e+02
     vertex  1.284988e+02  1.238674e+02  4.600000e+02
     vertex  1.301598e+02  1.183361e+02  4.600000e+02
   endloop
 endfacet
 facet normal  6.901583e-14  9.178860e-14  1.000000e+00
   outer loop
     vertex  1.330460e+02  1.204484e+02  4.600000e+02
     vertex  1.332585e+02  1.209078e+02  4.600000e+02
     vertex  1.284988e+02  1.238674e+02  4.600000e+02
   endloop
 endfacet
 facet normal  7.974388e-15 -6.381781e-15  1.000000e+00
   outer loop
     vertex  1.335749e+02  1.213031e+02  4.600000e+02
     vertex  1.284988e+02  1.238674e+02  4.600000e+02
     vertex  1.332585e+02  1.209078e+02  4.600000e+02
   endloop
 endfacet
 facet normal -4.590717e-14  8.904696e-15  1.000000e+00
   outer loop
     vertex  1.329496e+02  1.199514e+02  4.600000e+02
     vertex  1.330460e+02  1.204484e+02  4.600000e+02
     vertex  1.301598e+02  1.183361e+02  4.600000e+02
   endloop
 endfacet
 facet normal  2.603563e-15 -1.887291e-14  1.000000e+00
   outer loop
     vertex  1.339766e+02  1.216112e+02  4.600000e+02
     vertex  1.327435e+02  1.274649e+02  4.600000e+02
     vertex  1.284988e+02  1.238674e+02  4.600000e+02
   endloop
 endfacet
 facet normal  6.751109e-15 -8.803276e-15  1.000000e+00
   outer loop
     vertex  1.339766e+02  1.216112e+02  4.600000e+02
     vertex  1.284988e+02  1.238674e+02  4.600000e+02
     vertex  1.335749e+02  1.213031e+02  4.600000e+02
   endloop
 endfacet
 facet normal -3.960231e-14 -1.984484e-15  1.000000e+00
   outer loop
     vertex  1.329749e+02  1.194457e+02  4.600000e+02
     vertex  1.329496e+02  1.199514e+02  4.600000e+02
     vertex  1.301598e+02  1.183361e+02  4.600000e+02
   endloop
 endfacet
 facet normal  7.782743e-15 -1.778189e-14  1.000000e+00
   outer loop
     vertex  1.344404e+02  1.218142e+02  4.600000e+02
     vertex  1.327435e+02  1.274649e+02  4.600000e+02
     vertex  1.339766e+02  1.216112e+02  4.600000e+02
   endloop
 endfacet
 facet normal -4.490159e-14  3.081591e-14  1.000000e+00
   outer loop
     vertex  1.331205e+02  1.189609e+02  4.600000e+02
     vertex  1.301598e+02  1.183361e+02  4.600000e+02
     vertex  1.306528e+02  1.172098e+02  4.600000e+02
   endloop
 endfacet
 facet normal -3.611015e-14 -1.084377e-14  1.000000e+00
   outer loop
     vertex  1.331205e+02  1.189609e+02  4.600000e+02
     vertex  1.329749e+02  1.194457e+02  4.600000e+02
     vertex  1.301598e+02  1.183361e+02  4.600000e+02
   endloop
 endfacet
 facet normal -1.050270e-13 -5.165832e-14  1.000000e+00
   outer loop
     vertex  1.349392e+02  1.219003e+02  4.600000e+02
     vertex  1.327435e+02  1.274649e+02  4.600000e+02
     vertex  1.344404e+02  1.218142e+02  4.600000e+02
   endloop
 endfacet
 facet normal  1.522421e-14  1.167523e-14  1.000000e+00
   outer loop
     vertex  1.333779e+02  1.185250e+02  4.600000e+02
     vertex  1.306528e+02  1.172098e+02  4.600000e+02
     vertex  1.314010e+02  1.162342e+02  4.600000e+02
   endloop
 endfacet
 facet normal  1.141812e-13 -1.933701e-13  1.000000e+00
   outer loop
     vertex  1.333779e+02  1.185250e+02  4.600000e+02
     vertex  1.331205e+02  1.189609e+02  4.600000e+02
     vertex  1.306528e+02  1.172098e+02  4.600000e+02
   endloop
 endfacet
 facet normal  1.058252e-13 -9.507385e-14  1.000000e+00
   outer loop
     vertex  1.382678e+02  1.268010e+02  4.600000e+02
     vertex  1.349392e+02  1.219003e+02  4.600000e+02
     vertex  1.354442e+02  1.218645e+02  4.600000e+02
   endloop
 endfacet
 facet normal -1.209048e-14 -1.498601e-14  1.000000e+00
   outer loop
     vertex  1.382678e+02  1.268010e+02  4.600000e+02
     vertex  1.327435e+02  1.274649e+02  4.600000e+02
     vertex  1.349392e+02  1.219003e+02  4.600000e+02
   endloop
 endfacet
 facet normal  1.346730e-14  1.319145e-14  1.000000e+00
   outer loop
     vertex  1.337322e+02  1.181633e+02  4.600000e+02
     vertex  1.333779e+02  1.185250e+02  4.600000e+02
     vertex  1.314010e+02  1.162342e+02  4.600000e+02
   endloop
 endfacet
 facet normal  4.209150e-14 -2.139869e-14  1.000000e+00
   outer loop
     vertex  1.323609e+02  1.154659e+02  4.600000e+02
     vertex  1.337322e+02  1.181633e+02  4.600000e+02
     vertex  1.314010e+02  1.162342e+02  4.600000e+02
   endloop
 endfacet
 facet normal  4.521080e-15 -1.505535e-14  1.000000e+00
   outer loop
     vertex  9.503415e+01  4.594266e+01  4.600000e+02
     vertex  9.445062e+01  5.331868e+01  4.600000e+02
     vertex  9.087406e+01  5.979591e+01  4.600000e+02
   endloop
 endfacet
 facet normal -9.417934e-15 -2.915758e-14  1.000000e+00
   outer loop
     vertex  1.359260e+02  1.217089e+02  4.600000e+02
     vertex  1.382678e+02  1.268010e+02  4.600000e+02
     vertex  1.354442e+02  1.218645e+02  4.600000e+02
   endloop
 endfacet
 facet normal  0.000000e+00  0.000000e+00  1.000000e+00
   outer loop
     vertex  1.341627e+02  1.178969e+02  4.600000e+02
     vertex  1.337322e+02  1.181633e+02  4.600000e+02
     vertex  1.323609e+02  1.154659e+02  4.600000e+02
   endloop
 endfacet
 facet normal -1.613076e-14 -2.607041e-14  1.000000e+00
   outer loop
     vertex  1.363565e+02  1.214425e+02  4.600000e+02
     vertex  1.382678e+02  1.268010e+02  4.600000e+02
     vertex  1.359260e+02  1.217089e+02  4.600000e+02
   endloop
 endfacet
 facet normal -5.794325e-15 -1.793902e-14  1.000000e+00
   outer loop
     vertex  1.334768e+02  1.149498e+02  4.600000e+02
     vertex  1.346444e+02  1.177413e+02  4.600000e+02
     vertex  1.341627e+02  1.178969e+02  4.600000e+02
   endloop
 endfacet
 facet normal  3.793482e-14 -2.811668e-14  1.000000e+00
   outer loop
     vertex  1.334768e+02  1.149498e+02  4.600000e+02
     vertex  1.341627e+02  1.178969e+02  4.600000e+02
     vertex  1.323609e+02  1.154659e+02  4.600000e+02
   endloop
 endfacet
 facet normal -3.653373e-15 -1.883456e-14  1.000000e+00
   outer loop
     vertex  1.346837e+02  1.147157e+02  4.600000e+02
     vertex  1.346444e+02  1.177413e+02  4.600000e+02
     vertex  1.334768e+02  1.149498e+02  4.600000e+02
   endloop
 endfacet
 facet normal -1.332864e-15 -1.880441e-14  1.000000e+00
   outer loop
     vertex  1.346837e+02  1.147157e+02  4.600000e+02
     vertex  1.351494e+02  1.177055e+02  4.600000e+02
     vertex  1.346444e+02  1.177413e+02  4.600000e+02
   endloop
 endfacet
 facet normal  9.601921e-16 -1.916157e-14  1.000000e+00
   outer loop
     vertex  1.359117e+02  1.147772e+02  4.600000e+02
     vertex  1.351494e+02  1.177055e+02  4.600000e+02
     vertex  1.346837e+02  1.147157e+02  4.600000e+02
   endloop
 endfacet
 facet normal  3.206057e-15 -1.857697e-14  1.000000e+00
   outer loop
     vertex  1.359117e+02  1.147772e+02  4.600000e+02
     vertex  1.356483e+02  1.177916e+02  4.600000e+02
     vertex  1.351494e+02  1.177055e+02  4.600000e+02
   endloop
 endfacet
 facet normal  1.805507e-14  5.421887e-15  1.000000e+00
   outer loop
     vertex  1.399288e+02  1.212697e+02  4.600000e+02
     vertex  1.369681e+02  1.206449e+02  4.600000e+02
     vertex  1.371137e+02  1.201600e+02  4.600000e+02
   endloop
 endfacet
 facet normal -7.396532e-15  1.260284e-13  1.000000e+00
   outer loop
     vertex  1.399288e+02  1.212697e+02  4.600000e+02
     vertex  1.367107e+02  1.210808e+02  4.600000e+02
     vertex  1.369681e+02  1.206449e+02  4.600000e+02
   endloop
 endfacet
 facet normal  0.000000e+00  0.000000e+00  1.000000e+00
   outer loop
     vertex  1.399288e+02  1.212697e+02  4.600000e+02
     vertex  1.363565e+02  1.214425e+02  4.600000e+02
     vertex  1.367107e+02  1.210808e+02  4.600000e+02
   endloop
 endfacet
 facet normal -1.513184e-15 -3.128434e-14  1.000000e+00
   outer loop
     vertex  1.399288e+02  1.212697e+02  4.600000e+02
     vertex  1.382678e+02  1.268010e+02  4.600000e+02
     vertex  1.363565e+02  1.214425e+02  4.600000e+02
   endloop
 endfacet
 facet normal  5.517954e-15 -1.837498e-14  1.000000e+00
   outer loop
     vertex  1.370892e+02  1.151308e+02  4.600000e+02
     vertex  1.356483e+02  1.177916e+02  4.600000e+02
     vertex  1.359117e+02  1.147772e+02  4.600000e+02
   endloop
 endfacet
 facet normal  7.558654e-15 -1.726989e-14  1.000000e+00
   outer loop
     vertex  1.370892e+02  1.151308e+02  4.600000e+02
     vertex  1.361121e+02  1.179946e+02  4.600000e+02
     vertex  1.356483e+02  1.177916e+02  4.600000e+02
   endloop
 endfacet
 facet normal  1.590137e-15  4.719184e-14  1.000000e+00
   outer loop
     vertex  1.401379e+02  1.200581e+02  4.600000e+02
     vertex  1.399288e+02  1.212697e+02  4.600000e+02
     vertex  1.371137e+02  1.201600e+02  4.600000e+02
   endloop
 endfacet
 facet normal  0.000000e+00  0.000000e+00  1.000000e+00
   outer loop
     vertex  1.401379e+02  1.200581e+02  4.600000e+02
     vertex  1.371137e+02  1.201600e+02  4.600000e+02
     vertex  1.371391e+02  1.196544e+02  4.600000e+02
   endloop
 endfacet
 facet normal -3.493397e-14 -3.176815e-14  1.000000e+00
   outer loop
     vertex  1.381479e+02  1.157559e+02  4.600000e+02
     vertex  1.361121e+02  1.179946e+02  4.600000e+02
     vertex  1.370892e+02  1.151308e+02  4.600000e+02
   endloop
 endfacet
 facet normal  0.000000e+00  0.000000e+00  1.000000e+00
   outer loop
     vertex  1.381479e+02  1.157559e+02  4.600000e+02
     vertex  1.365138e+02  1.183027e+02  4.600000e+02
     vertex  1.361121e+02  1.179946e+02  4.600000e+02
   endloop
 endfacet
 facet normal  0.000000e+00 -0.000000e+00  1.000000e+00
   outer loop
     vertex  1.400510e+02  1.188317e+02  4.600000e+02
     vertex  1.401379e+02  1.200581e+02  4.600000e+02
     vertex  1.371391e+02  1.196544e+02  4.600000e+02
   endloop
 endfacet
 facet normal  0.000000e+00  0.000000e+00  1.000000e+00
   outer loop
     vertex  1.400510e+02  1.188317e+02  4.600000e+02
     vertex  1.371391e+02  1.196544e+02  4.600000e+02
     vertex  1.370427e+02  1.191574e+02  4.600000e+02
   endloop
 endfacet
 facet normal -3.974142e-14 -2.549936e-14  1.000000e+00
   outer loop
     vertex  1.390262e+02  1.166163e+02  4.600000e+02
     vertex  1.365138e+02  1.183027e+02  4.600000e+02
     vertex  1.381479e+02  1.157559e+02  4.600000e+02
   endloop
 endfacet
 facet normal -1.403149e-13 -1.753313e-13  1.000000e+00
   outer loop
     vertex  1.390262e+02  1.166163e+02  4.600000e+02
     vertex  1.368301e+02  1.186979e+02  4.600000e+02
     vertex  1.365138e+02  1.183027e+02  4.600000e+02
   endloop
 endfacet
 facet normal -1.016454e-14 -9.388863e-14  1.000000e+00
   outer loop
     vertex  1.396731e+02  1.176618e+02  4.600000e+02
     vertex  1.400510e+02  1.188317e+02  4.600000e+02
     vertex  1.370427e+02  1.191574e+02  4.600000e+02
   endloop
 endfacet
 facet normal  4.879932e-14  2.417435e-14  1.000000e+00
   outer loop
     vertex  1.396731e+02  1.176618e+02  4.600000e+02
     vertex  1.368301e+02  1.186979e+02  4.600000e+02
     vertex  1.390262e+02  1.166163e+02  4.600000e+02
   endloop
 endfacet
 facet normal  3.421958e-14 -1.582877e-14  1.000000e+00
   outer loop
     vertex  1.396731e+02  1.176618e+02  4.600000e+02
     vertex  1.370427e+02  1.191574e+02  4.600000e+02
     vertex  1.368301e+02  1.186979e+02  4.600000e+02
   endloop
 endfacet
 facet normal -9.339903e-15  7.903147e-15  1.000000e+00
   outer loop
     vertex  1.469971e+02  1.299248e+02  4.600000e+02
     vertex  1.327435e+02  1.274649e+02  4.600000e+02
     vertex  1.382678e+02  1.268010e+02  4.600000e+02
   endloop
 endfacet
 facet normal  5.439635e-15 -1.498268e-14  1.000000e+00
   outer loop
     vertex  1.002188e+02  4.023711e+01  4.600000e+02
     vertex  9.445062e+01  5.331868e+01  4.600000e+02
     vertex  9.503415e+01  4.594266e+01  4.600000e+02
   endloop
 endfacet
 facet normal  5.248730e-15 -1.515616e-14  1.000000e+00
   outer loop
     vertex  1.023887e+02  3.348753e+01  4.600000e+02
     vertex  1.002188e+02  4.023711e+01  4.600000e+02
     vertex  9.503415e+01  4.594266e+01  4.600000e+02
   endloop
 endfacet
 facet normal -5.073925e-15 -7.158431e-14  1.000000e+00
   outer loop
     vertex  1.614254e+02  1.289021e+02  4.600000e+02
     vertex  1.469971e+02  1.299248e+02  4.600000e+02
     vertex  1.525188e+02  1.279453e+02  4.600000e+02
   endloop
 endfacet
 facet normal  1.825145e-14 -1.097598e-14  1.000000e+00
   outer loop
     vertex  1.090117e+02  2.896395e+01  4.600000e+02
     vertex  1.002188e+02  4.023711e+01  4.600000e+02
     vertex  1.023887e+02  3.348753e+01  4.600000e+02
   endloop
 endfacet
 facet normal -9.365403e-15 -3.163821e-14  1.000000e+00
   outer loop
     vertex  1.666167e+02  1.255688e+02  4.600000e+02
     vertex  1.614254e+02  1.289021e+02  4.600000e+02
     vertex  1.525188e+02  1.279453e+02  4.600000e+02
   endloop
 endfacet
 facet normal  2.103366e-14 -6.902517e-15  1.000000e+00
   outer loop
     vertex  1.125102e+02  2.315438e+01  4.600000e+02
     vertex  1.090117e+02  2.896395e+01  4.600000e+02
     vertex  1.023887e+02  3.348753e+01  4.600000e+02
   endloop
 endfacet
 facet normal  5.536664e-15 -8.430117e-15  1.000000e+00
   outer loop
     vertex  1.751896e+02  1.244563e+02  4.600000e+02
     vertex  1.614254e+02  1.289021e+02  4.600000e+02
     vertex  1.666167e+02  1.255688e+02  4.600000e+02
   endloop
 endfacet
 facet normal -2.134653e-16 -1.969741e-14  1.000000e+00
   outer loop
     vertex  1.202951e+02  2.018418e+01  4.600000e+02
     vertex  1.090117e+02  2.896395e+01  4.600000e+02
     vertex  1.125102e+02  2.315438e+01  4.600000e+02
   endloop
 endfacet
 facet normal  5.769548e-15 -6.635475e-15  1.000000e+00
   outer loop
     vertex  1.797049e+02  1.198158e+02  4.600000e+02
     vertex  1.751896e+02  1.244563e+02  4.600000e+02
     vertex  1.666167e+02  1.255688e+02  4.600000e+02
   endloop
 endfacet
 facet normal  1.161317e-14  1.130019e-14  1.000000e+00
   outer loop
     vertex  1.248104e+02  1.554372e+01  4.600000e+02
     vertex  1.202951e+02  2.018418e+01  4.600000e+02
     vertex  1.125102e+02  2.315438e+01  4.600000e+02
   endloop
 endfacet
 facet normal  4.179978e-15 -8.182204e-15  1.000000e+00
   outer loop
     vertex  1.874898e+02  1.168456e+02  4.600000e+02
     vertex  1.751896e+02  1.244563e+02  4.600000e+02
     vertex  1.797049e+02  1.198158e+02  4.600000e+02
   endloop
 endfacet
 facet normal  7.588847e-15  7.384321e-15  1.000000e+00
   outer loop
     vertex  1.333833e+02  1.443125e+01  4.600000e+02
     vertex  1.202951e+02  2.018418e+01  4.600000e+02
     vertex  1.248104e+02  1.554372e+01  4.600000e+02
   endloop
 endfacet
 facet normal -2.134653e-16 -1.969741e-14  1.000000e+00
   outer loop
     vertex  1.909883e+02  1.110360e+02  4.600000e+02
     vertex  1.874898e+02  1.168456e+02  4.600000e+02
     vertex  1.797049e+02  1.198158e+02  4.600000e+02
   endloop
 endfacet
 facet normal  2.763304e-15 -2.980205e-14  1.000000e+00
   outer loop
     vertex  1.385746e+02  1.109787e+01  4.600000e+02
     vertex  1.333833e+02  1.443125e+01  4.600000e+02
     vertex  1.248104e+02  1.554372e+01  4.600000e+02
   endloop
 endfacet
 facet normal  2.103366e-14 -6.902517e-15  1.000000e+00
   outer loop
     vertex  1.976113e+02  1.065125e+02  4.600000e+02
     vertex  1.874898e+02  1.168456e+02  4.600000e+02
     vertex  1.909883e+02  1.110360e+02  4.600000e+02
   endloop
 endfacet
 facet normal -7.795977e-15 -4.624680e-14  1.000000e+00
   outer loop
     vertex  1.474812e+02  1.205472e+01  4.600000e+02
     vertex  1.333833e+02  1.443125e+01  4.600000e+02
     vertex  1.385746e+02  1.109787e+01  4.600000e+02
   endloop
 endfacet
 facet normal  1.825145e-14 -1.097598e-14  1.000000e+00
   outer loop
     vertex  1.997812e+02  9.976289e+01  4.600000e+02
     vertex  1.976113e+02  1.065125e+02  4.600000e+02
     vertex  1.909883e+02  1.110360e+02  4.600000e+02
   endloop
 endfacet
 facet normal -7.447591e-15 -4.948966e-14  1.000000e+00
   outer loop
     vertex  1.530029e+02  1.007519e+01  4.600000e+02
     vertex  1.474812e+02  1.205472e+01  4.600000e+02
     vertex  1.385746e+02  1.109787e+01  4.600000e+02
   endloop
 endfacet
 facet normal  3.013763e-14  4.030508e-14  1.000000e+00
   outer loop
     vertex  1.631699e+02  2.130205e+01  4.600000e+02
     vertex  1.607634e+02  2.310144e+01  4.600000e+02
     vertex  1.602223e+02  2.209576e+01  4.600000e+02
   endloop
 endfacet
 facet normal -1.247399e-14 -1.179429e-13  1.000000e+00
   outer loop
     vertex  1.629573e+02  2.084258e+01  4.600000e+02
     vertex  1.631699e+02  2.130205e+01  4.600000e+02
     vertex  1.602223e+02  2.209576e+01  4.600000e+02
   endloop
 endfacet
 facet normal  1.589780e-14 -5.602164e-14  1.000000e+00
   outer loop
     vertex  1.629573e+02  2.084258e+01  4.600000e+02
     vertex  1.602223e+02  2.209576e+01  4.600000e+02
     vertex  1.599184e+02  2.099487e+01  4.600000e+02
   endloop
 endfacet
 facet normal -1.439265e-14  1.257422e-14  1.000000e+00
   outer loop
     vertex  1.634862e+02  2.169732e+01  4.600000e+02
     vertex  1.615148e+02  2.396148e+01  4.600000e+02
     vertex  1.607634e+02  2.310144e+01  4.600000e+02
   endloop
 endfacet
 facet normal -6.727550e-14 -8.997205e-14  1.000000e+00
   outer loop
     vertex  1.634862e+02  2.169732e+01  4.600000e+02
     vertex  1.607634e+02  2.310144e+01  4.600000e+02
     vertex  1.631699e+02  2.130205e+01  4.600000e+02
   endloop
 endfacet
 facet normal  1.852532e-14 -3.593389e-15  1.000000e+00
   outer loop
     vertex  1.628609e+02  2.034558e+01  4.600000e+02
     vertex  1.629573e+02  2.084258e+01  4.600000e+02
     vertex  1.599184e+02  2.099487e+01  4.600000e+02
   endloop
 endfacet
 facet normal  1.912872e-14 -8.588785e-16  1.000000e+00
   outer loop
     vertex  1.628609e+02  2.034558e+01  4.600000e+02
     vertex  1.599184e+02  2.099487e+01  4.600000e+02
     vertex  1.598672e+02  1.985399e+01  4.600000e+02
   endloop
 endfacet
 facet normal -1.154465e-14  1.505393e-14  1.000000e+00
   outer loop
     vertex  1.638879e+02  2.200539e+01  4.600000e+02
     vertex  1.615148e+02  2.396148e+01  4.600000e+02
     vertex  1.634862e+02  2.169732e+01  4.600000e+02
   endloop
 endfacet
 facet normal -7.662267e-14 -6.389792e-14  1.000000e+00
   outer loop
     vertex  1.638879e+02  2.200539e+01  4.600000e+02
     vertex  1.624387e+02  2.463276e+01  4.600000e+02
     vertex  1.615148e+02  2.396148e+01  4.600000e+02
   endloop
 endfacet
 facet normal  5.222023e-16  1.124494e-13  1.000000e+00
   outer loop
     vertex  1.628863e+02  1.983997e+01  4.600000e+02
     vertex  1.628609e+02  2.034558e+01  4.600000e+02
     vertex  1.598672e+02  1.985399e+01  4.600000e+02
   endloop
 endfacet
 facet normal  0.000000e+00  0.000000e+00  1.000000e+00
   outer loop
     vertex  1.628863e+02  1.983997e+01  4.600000e+02
     vertex  1.598672e+02  1.985399e+01  4.600000e+02
     vertex  1.600712e+02  1.873030e+01  4.600000e+02
   endloop
 endfacet
 facet normal  7.627786e-15 -1.742785e-14  1.000000e+00
   outer loop
     vertex  1.643517e+02  2.220838e+01  4.600000e+02
     vertex  1.624387e+02  2.463276e+01  4.600000e+02
     vertex  1.638879e+02  2.200539e+01  4.600000e+02
   endloop
 endfacet
 facet normal  3.404858e-15 -1.876124e-14  1.000000e+00
   outer loop
     vertex  1.643517e+02  2.220838e+01  4.600000e+02
     vertex  1.646125e+02  2.528555e+01  4.600000e+02
     vertex  1.634889e+02  2.508162e+01  4.600000e+02
   endloop
 endfacet
 facet normal  7.494260e-15 -1.753320e-14  1.000000e+00
   outer loop
     vertex  1.643517e+02  2.220838e+01  4.600000e+02
     vertex  1.634889e+02  2.508162e+01  4.600000e+02
     vertex  1.624387e+02  2.463276e+01  4.600000e+02
   endloop
 endfacet
 facet normal  0.000000e+00  0.000000e+00  1.000000e+00
   outer loop
     vertex  1.630319e+02  1.935510e+01  4.600000e+02
     vertex  1.628863e+02  1.983997e+01  4.600000e+02
     vertex  1.600712e+02  1.873030e+01  4.600000e+02
   endloop
 endfacet
 facet normal  3.235380e-15 -1.874687e-14  1.000000e+00
   outer loop
     vertex  1.648506e+02  2.229448e+01  4.600000e+02
     vertex  1.646125e+02  2.528555e+01  4.600000e+02
     vertex  1.643517e+02  2.220838e+01  4.600000e+02
   endloop
 endfacet
 facet normal -8.563536e-16 -1.907248e-14  1.000000e+00
   outer loop
     vertex  1.648506e+02  2.229448e+01  4.600000e+02
     vertex  1.657534e+02  2.523433e+01  4.600000e+02
     vertex  1.646125e+02  2.528555e+01  4.600000e+02
   endloop
 endfacet
 facet normal  0.000000e+00  0.000000e+00  1.000000e+00
   outer loop
     vertex  1.632893e+02  1.891917e+01  4.600000e+02
     vertex  1.630319e+02  1.935510e+01  4.600000e+02
     vertex  1.600712e+02  1.873030e+01  4.600000e+02
   endloop
 endfacet
 facet normal -1.341309e-15 -1.892355e-14  1.000000e+00
   outer loop
     vertex  1.653556e+02  2.225868e+01  4.600000e+02
     vertex  1.657534e+02  2.523433e+01  4.600000e+02
     vertex  1.648506e+02  2.229448e+01  4.600000e+02
   endloop
 endfacet
 facet normal -5.084246e-15 -1.842308e-14  1.000000e+00
   outer loop
     vertex  1.668543e+02  2.493051e+01  4.600000e+02
     vertex  1.657534e+02  2.523433e+01  4.600000e+02
     vertex  1.653556e+02  2.225868e+01  4.600000e+02
   endloop
 endfacet
 facet normal  0.000000e+00  0.000000e+00  1.000000e+00
   outer loop
     vertex  1.636435e+02  1.855751e+01  4.600000e+02
     vertex  1.632893e+02  1.891917e+01  4.600000e+02
     vertex  1.600712e+02  1.873030e+01  4.600000e+02
   endloop
 endfacet
 facet normal -5.817771e-15 -1.801160e-14  1.000000e+00
   outer loop
     vertex  1.658373e+02  2.210308e+01  4.600000e+02
     vertex  1.668543e+02  2.493051e+01  4.600000e+02
     vertex  1.653556e+02  2.225868e+01  4.600000e+02
   endloop
 endfacet
 facet normal  5.248730e-15 -1.515616e-14  1.000000e+00
   outer loop
     vertex  2.049658e+02  9.405734e+01  4.600000e+02
     vertex  1.976113e+02  1.065125e+02  4.600000e+02
     vertex  1.997812e+02  9.976289e+01  4.600000e+02
   endloop
 endfacet
 facet normal -1.075384e-14 -1.738027e-14  1.000000e+00
   outer loop
     vertex  1.617322e+02  1.319898e+01  4.600000e+02
     vertex  1.640740e+02  1.829114e+01  4.600000e+02
     vertex  1.636435e+02  1.855751e+01  4.600000e+02
   endloop
 endfacet
 facet normal -1.008789e-15 -2.085623e-14  1.000000e+00
   outer loop
     vertex  1.617322e+02  1.319898e+01  4.600000e+02
     vertex  1.636435e+02  1.855751e+01  4.600000e+02
     vertex  1.600712e+02  1.873030e+01  4.600000e+02
   endloop
 endfacet
 facet normal  9.941580e-15  1.606750e-14  1.000000e+00
   outer loop
     vertex  1.678600e+02  2.438935e+01  4.600000e+02
     vertex  1.658373e+02  2.210308e+01  4.600000e+02
     vertex  1.662678e+02  2.183671e+01  4.600000e+02
   endloop
 endfacet
 facet normal  8.564880e-14 -5.091170e-14  1.000000e+00
   outer loop
     vertex  1.678600e+02  2.438935e+01  4.600000e+02
     vertex  1.668543e+02  2.493051e+01  4.600000e+02
     vertex  1.658373e+02  2.210308e+01  4.600000e+02
   endloop
 endfacet
 facet normal -6.278623e-15 -1.943839e-14  1.000000e+00
   outer loop
     vertex  1.645558e+02  1.813553e+01  4.600000e+02
     vertex  1.640740e+02  1.829114e+01  4.600000e+02
     vertex  1.617322e+02  1.319898e+01  4.600000e+02
   endloop
 endfacet
 facet normal -1.568748e-15 -2.213232e-14  1.000000e+00
   outer loop
     vertex  1.650608e+02  1.809974e+01  4.600000e+02
     vertex  1.645558e+02  1.813553e+01  4.600000e+02
     vertex  1.617322e+02  1.319898e+01  4.600000e+02
   endloop
 endfacet
 facet normal  1.348088e-14  1.320476e-14  1.000000e+00
   outer loop
     vertex  1.687200e+02  2.363797e+01  4.600000e+02
     vertex  1.662678e+02  2.183671e+01  4.600000e+02
     vertex  1.666221e+02  2.147504e+01  4.600000e+02
   endloop
 endfacet
 facet normal  1.259275e-14  1.441386e-14  1.000000e+00
   outer loop
     vertex  1.687200e+02  2.363797e+01  4.600000e+02
     vertex  1.678600e+02  2.438935e+01  4.600000e+02
     vertex  1.662678e+02  2.183671e+01  4.600000e+02
   endloop
 endfacet
 facet normal  9.229758e-14 -2.062920e-13  1.000000e+00
   outer loop
     vertex  1.693913e+02  2.271404e+01  4.600000e+02
     vertex  1.666221e+02  2.147504e+01  4.600000e+02
     vertex  1.668795e+02  2.103912e+01  4.600000e+02
   endloop
 endfacet
 facet normal -2.077371e-14  4.643080e-14  1.000000e+00
   outer loop
     vertex  1.693913e+02  2.271404e+01  4.600000e+02
     vertex  1.687200e+02  2.363797e+01  4.600000e+02
     vertex  1.666221e+02  2.147504e+01  4.600000e+02
   endloop
 endfacet
 facet normal -1.205092e-13  1.377506e-13  1.000000e+00
   outer loop
     vertex  1.698402e+02  2.166391e+01  4.600000e+02
     vertex  1.670504e+02  2.004863e+01  4.600000e+02
     vertex  1.669540e+02  1.955164e+01  4.600000e+02
   endloop
 endfacet
 facet normal -3.960231e-14 -1.984484e-15  1.000000e+00
   outer loop
     vertex  1.698402e+02  2.166391e+01  4.600000e+02
     vertex  1.670251e+02  2.055425e+01  4.600000e+02
     vertex  1.670504e+02  2.004863e+01  4.600000e+02
   endloop
 endfacet
 facet normal -3.611015e-14 -1.084377e-14  1.000000e+00
   outer loop
     vertex  1.698402e+02  2.166391e+01  4.600000e+02
     vertex  1.668795e+02  2.103912e+01  4.600000e+02
     vertex  1.670251e+02  2.055425e+01  4.600000e+02
   endloop
 endfacet
 facet normal -3.522149e-14 -1.505481e-14  1.000000e+00
   outer loop
     vertex  1.698402e+02  2.166391e+01  4.600000e+02
     vertex  1.693913e+02  2.271404e+01  4.600000e+02
     vertex  1.668795e+02  2.103912e+01  4.600000e+02
   endloop
 endfacet
 facet normal  1.472922e-14 -6.541251e-15  1.000000e+00
   outer loop
     vertex  2.055494e+02  8.668132e+01  4.600000e+02
     vertex  2.049658e+02  9.405734e+01  4.600000e+02
     vertex  1.997812e+02  9.976289e+01  4.600000e+02
   endloop
 endfacet
 facet normal  3.301106e-15 -1.912771e-14  1.000000e+00
   outer loop
     vertex  1.672565e+02  1.253513e+01  4.600000e+02
     vertex  1.655596e+02  1.818584e+01  4.600000e+02
     vertex  1.650608e+02  1.809974e+01  4.600000e+02
   endloop
 endfacet
 facet normal  7.782743e-15 -1.778189e-14  1.000000e+00
   outer loop
     vertex  1.672565e+02  1.253513e+01  4.600000e+02
     vertex  1.660234e+02  1.838882e+01  4.600000e+02
     vertex  1.655596e+02  1.818584e+01  4.600000e+02
   endloop
 endfacet
 facet normal -1.636994e-15 -1.362240e-14  1.000000e+00
   outer loop
     vertex  1.672565e+02  1.253513e+01  4.600000e+02
     vertex  1.617322e+02  1.319898e+01  4.600000e+02
     vertex  1.530029e+02  1.007519e+01  4.600000e+02
   endloop
 endfacet
 facet normal -2.577309e-15 -2.144731e-14  1.000000e+00
   outer loop
     vertex  1.672565e+02  1.253513e+01  4.600000e+02
     vertex  1.650608e+02  1.809974e+01  4.600000e+02
     vertex  1.617322e+02  1.319898e+01  4.600000e+02
   endloop
 endfacet
 facet normal  6.751109e-15 -8.803276e-15  1.000000e+00
   outer loop
     vertex  1.715012e+02  1.613259e+01  4.600000e+02
     vertex  1.664251e+02  1.869690e+01  4.600000e+02
     vertex  1.660234e+02  1.838882e+01  4.600000e+02
   endloop
 endfacet
 facet normal  7.974388e-15 -6.381781e-15  1.000000e+00
   outer loop
     vertex  1.715012e+02  1.613259e+01  4.600000e+02
     vertex  1.667415e+02  1.909216e+01  4.600000e+02
     vertex  1.664251e+02  1.869690e+01  4.600000e+02
   endloop
 endfacet
 facet normal  9.274890e-15 -4.290238e-15  1.000000e+00
   outer loop
     vertex  1.715012e+02  1.613259e+01  4.600000e+02
     vertex  1.669540e+02  1.955164e+01  4.600000e+02
     vertex  1.667415e+02  1.909216e+01  4.600000e+02
   endloop
 endfacet
 facet normal -3.814609e-15 -2.169881e-14  1.000000e+00
   outer loop
     vertex  1.715012e+02  1.613259e+01  4.600000e+02
     vertex  1.698402e+02  2.166391e+01  4.600000e+02
     vertex  1.669540e+02  1.955164e+01  4.600000e+02
   endloop
 endfacet
 facet normal  2.603563e-15 -1.887291e-14  1.000000e+00
   outer loop
     vertex  1.715012e+02  1.613259e+01  4.600000e+02
     vertex  1.660234e+02  1.838882e+01  4.600000e+02
     vertex  1.672565e+02  1.253513e+01  4.600000e+02
   endloop
 endfacet
 facet normal  2.081178e-14 -6.060046e-15  1.000000e+00
   outer loop
     vertex  2.091259e+02  8.020409e+01  4.600000e+02
     vertex  2.049658e+02  9.405734e+01  4.600000e+02
     vertex  2.055494e+02  8.668132e+01  4.600000e+02
   endloop
 endfacet
 facet normal  3.714454e-15 -1.550075e-14  1.000000e+00
   outer loop
     vertex  2.079423e+02  7.258618e+01  4.600000e+02
     vertex  2.091259e+02  8.020409e+01  4.600000e+02
     vertex  2.055494e+02  8.668132e+01  4.600000e+02
   endloop
 endfacet
 facet normal -3.440777e-15 -1.174115e-14  1.000000e+00
   outer loop
     vertex  1.805073e+02  1.833471e+01  4.600000e+02
     vertex  1.715012e+02  1.613259e+01  4.600000e+02
     vertex  1.672565e+02  1.253513e+01  4.600000e+02
   endloop
 endfacet
 facet normal  4.226734e-14 -2.149086e-14  1.000000e+00
   outer loop
     vertex  2.098498e+02  6.575782e+01  4.600000e+02
     vertex  2.091259e+02  8.020409e+01  4.600000e+02
     vertex  2.079423e+02  7.258618e+01  4.600000e+02
   endloop
 endfacet
 facet normal  3.725912e-14 -2.288993e-14  1.000000e+00
   outer loop
     vertex  2.068146e+02  5.833391e+01  4.600000e+02
     vertex  2.098498e+02  6.575782e+01  4.600000e+02
     vertex  2.079423e+02  7.258618e+01  4.600000e+02
   endloop
 endfacet
 facet normal  2.021487e-14 -3.916918e-14  1.000000e+00
   outer loop
     vertex  1.919852e+02  2.713689e+01  4.600000e+02
     vertex  1.944812e+02  3.277878e+01  4.600000e+02
     vertex  1.840249e+02  2.302868e+01  4.600000e+02
   endloop
 endfacet
 facet normal  1.019127e-14 -1.974704e-14  1.000000e+00
   outer loop
     vertex  1.919852e+02  2.713689e+01  4.600000e+02
     vertex  1.840249e+02  2.302868e+01  4.600000e+02
     vertex  1.805073e+02  1.833471e+01  4.600000e+02
   endloop
 endfacet
 facet normal -2.678036e-17 -1.677942e-14  1.000000e+00
   outer loop
     vertex  2.070955e+02  5.155808e+01  4.600000e+02
     vertex  2.068146e+02  5.833391e+01  4.600000e+02
     vertex  2.022348e+02  4.479047e+01  4.600000e+02
   endloop
 endfacet
 facet normal  2.025679e-14 -1.593864e-14  1.000000e+00
   outer loop
     vertex  2.070955e+02  5.155808e+01  4.600000e+02
     vertex  2.098498e+02  6.575782e+01  4.600000e+02
     vertex  2.068146e+02  5.833391e+01  4.600000e+02
   endloop
 endfacet
 facet normal  2.038475e-15 -1.826273e-14  1.000000e+00
   outer loop
     vertex  2.010230e+02  3.843013e+01  4.600000e+02
     vertex  2.070955e+02  5.155808e+01  4.600000e+02
     vertex  2.022348e+02  4.479047e+01  4.600000e+02
   endloop
 endfacet
 facet normal -2.318942e-15 -1.743248e-14  1.000000e+00
   outer loop
     vertex  2.010230e+02  3.843013e+01  4.600000e+02
     vertex  2.022348e+02  4.479047e+01  4.600000e+02
     vertex  1.944812e+02  3.277878e+01  4.600000e+02
   endloop
 endfacet
 facet normal  1.413579e-14 -3.647969e-14  1.000000e+00
   outer loop
     vertex  2.010230e+02  3.843013e+01  4.600000e+02
     vertex  1.944812e+02  3.277878e+01  4.600000e+02
     vertex  1.919852e+02  2.713689e+01  4.600000e+02
   endloop
 endfacet
 facet normal  3.625306e-15 -1.482662e-14  1.000000e+00
   outer loop
     vertex  1.159751e+02  1.169713e+02  4.600000e+02
     vertex  1.284988e+02  1.238674e+02  4.600000e+02
     vertex  1.194927e+02  1.216653e+02  4.600000e+02
   endloop
 endfacet
 facet normal  1.883784e-15 -2.346110e-14  1.000000e+00
   outer loop
     vertex  1.617322e+02  1.319898e+01  4.600000e+02
     vertex  1.474812e+02  1.205472e+01  4.600000e+02
     vertex  1.530029e+02  1.007519e+01  4.600000e+02
   endloop
 endfacet
 facet normal -4.102298e-15 -9.035686e-15  1.000000e+00
   outer loop
     vertex  1.840249e+02  2.302868e+01  4.600000e+02
     vertex  1.715012e+02  1.613259e+01  4.600000e+02
     vertex  1.805073e+02  1.833471e+01  4.600000e+02
   endloop
 endfacet
 facet normal  7.026429e-15 -3.783207e-14  1.000000e+00
   outer loop
     vertex  1.382678e+02  1.268010e+02  4.600000e+02
     vertex  1.525188e+02  1.279453e+02  4.600000e+02
     vertex  1.469971e+02  1.299248e+02  4.600000e+02
   endloop
 endfacet
 facet normal  5.909751e-16  5.168605e-14  1.000000e+00
   outer loop
     vertex  1.034135e+02  9.404517e+01  4.395000e+02
     vertex  1.039196e+02  9.513916e+01  4.395000e+02
     vertex  9.776515e+01  9.520953e+01  4.395000e+02
   endloop
 endfacet
 facet normal  0.000000e+00  0.000000e+00  1.000000e+00
   outer loop
     vertex  1.046727e+02  9.608027e+01  4.395000e+02
     vertex  9.776515e+01  9.520953e+01  4.395000e+02
     vertex  1.039196e+02  9.513916e+01  4.395000e+02
   endloop
 endfacet
 facet normal  3.246871e-15 -2.575758e-14  1.000000e+00
   outer loop
     vertex  1.046727e+02  9.608027e+01  4.395000e+02
     vertex  1.055188e+02  1.072212e+02  4.395000e+02
     vertex  9.776515e+01  9.520953e+01  4.395000e+02
   endloop
 endfacet
 facet normal -2.872037e-14 -9.050423e-14  1.000000e+00
   outer loop
     vertex  1.031840e+02  9.286185e+01  4.395000e+02
     vertex  1.034135e+02  9.404517e+01  4.395000e+02
     vertex  9.776515e+01  9.520953e+01  4.395000e+02
   endloop
 endfacet
 facet normal -1.054351e-13 -1.750434e-14  1.000000e+00
   outer loop
     vertex  1.056292e+02  9.681378e+01  4.395000e+02
     vertex  1.055188e+02  1.072212e+02  4.395000e+02
     vertex  1.046727e+02  9.608027e+01  4.395000e+02
   endloop
 endfacet
 facet normal  3.163347e-14  4.880294e-14  1.000000e+00
   outer loop
     vertex  1.032443e+02  9.165800e+01  4.395000e+02
     vertex  1.031840e+02  9.286185e+01  4.395000e+02
     vertex  9.776515e+01  9.520953e+01  4.395000e+02
   endloop
 endfacet
 facet normal  7.138382e-15 -1.630966e-14  1.000000e+00
   outer loop
     vertex  1.067334e+02  9.729708e+01  4.395000e+02
     vertex  1.055188e+02  1.072212e+02  4.395000e+02
     vertex  1.056292e+02  9.681378e+01  4.395000e+02
   endloop
 endfacet
 facet normal  0.000000e+00  0.000000e+00  1.000000e+00
   outer loop
     vertex  1.035910e+02  9.050356e+01  4.395000e+02
     vertex  1.032443e+02  9.165800e+01  4.395000e+02
     vertex  9.776515e+01  9.520953e+01  4.395000e+02
   endloop
 endfacet
 facet normal -7.988810e-15 -9.889902e-15  1.000000e+00
   outer loop
     vertex  1.035910e+02  9.050356e+01  4.395000e+02
     vertex  9.776515e+01  9.520953e+01  4.395000e+02
     vertex  9.318537e+01  8.166609e+01  4.395000e+02
   endloop
 endfacet
 facet normal  2.904201e-15 -1.682791e-14  1.000000e+00
   outer loop
     vertex  1.079212e+02  9.750207e+01  4.395000e+02
     vertex  1.055188e+02  1.072212e+02  4.395000e+02
     vertex  1.067334e+02  9.729708e+01  4.395000e+02
   endloop
 endfacet
 facet normal  5.104079e-14 -7.939400e-14  1.000000e+00
   outer loop
     vertex  1.042039e+02  8.946563e+01  4.395000e+02
     vertex  1.035910e+02  9.050356e+01  4.395000e+02
     vertex  9.318537e+01  8.166609e+01  4.395000e+02
   endloop
 endfacet
 facet normal -1.265833e-15 -1.785871e-14  1.000000e+00
   outer loop
     vertex  1.091236e+02  9.741685e+01  4.395000e+02
     vertex  1.055188e+02  1.072212e+02  4.395000e+02
     vertex  1.079212e+02  9.750207e+01  4.395000e+02
   endloop
 endfacet
 facet normal -3.046550e-15 -2.984150e-15  1.000000e+00
   outer loop
     vertex  1.050473e+02  8.860454e+01  4.395000e+02
     vertex  1.042039e+02  8.946563e+01  4.395000e+02
     vertex  9.318537e+01  8.166609e+01  4.395000e+02
   endloop
 endfacet
 facet normal -4.742843e-16 -1.698147e-14  1.000000e+00
   outer loop
     vertex  1.102706e+02  9.704636e+01  4.395000e+02
     vertex  1.159751e+02  1.169713e+02  4.395000e+02
     vertex  1.055188e+02  1.072212e+02  4.395000e+02
   endloop
 endfacet
 facet normal -6.375171e-15 -1.973730e-14  1.000000e+00
   outer loop
     vertex  1.102706e+02  9.704636e+01  4.395000e+02
     vertex  1.055188e+02  1.072212e+02  4.395000e+02
     vertex  1.091236e+02  9.741685e+01  4.395000e+02
   endloop
 endfacet
 facet normal -2.941244e-14  4.209097e-14  1.000000e+00
   outer loop
     vertex  1.060724e+02  8.797032e+01  4.395000e+02
     vertex  1.050473e+02  8.860454e+01  4.395000e+02
     vertex  9.318537e+01  8.166609e+01  4.395000e+02
   endloop
 endfacet
 facet normal -8.997294e-15 -1.454135e-14  1.000000e+00
   outer loop
     vertex  1.112956e+02  9.641214e+01  4.395000e+02
     vertex  1.159751e+02  1.169713e+02  4.395000e+02
     vertex  1.102706e+02  9.704636e+01  4.395000e+02
   endloop
 endfacet
 facet normal  2.086981e-15 -2.409538e-14  1.000000e+00
   outer loop
     vertex  1.072194e+02  8.759983e+01  4.395000e+02
     vertex  9.318537e+01  8.166609e+01  4.395000e+02
     vertex  9.205769e+01  6.741382e+01  4.395000e+02
   endloop
 endfacet
 facet normal -3.508352e-15 -1.086173e-14  1.000000e+00
   outer loop
     vertex  1.072194e+02  8.759983e+01  4.395000e+02
     vertex  1.060724e+02  8.797032e+01  4.395000e+02
     vertex  9.318537e+01  8.166609e+01  4.395000e+02
   endloop
 endfacet
 facet normal  9.562922e-14 -3.835522e-14  1.000000e+00
   outer loop
     vertex  1.121391e+02  9.555105e+01  4.395000e+02
     vertex  1.159751e+02  1.169713e+02  4.395000e+02
     vertex  1.112956e+02  9.641214e+01  4.395000e+02
   endloop
 endfacet
 facet normal  5.816811e-15 -1.880652e-14  1.000000e+00
   outer loop
     vertex  1.301598e+02  1.183361e+02  4.395000e+02
     vertex  1.284988e+02  1.238674e+02  4.395000e+02
     vertex  1.159751e+02  1.169713e+02  4.395000e+02
   endloop
 endfacet
 facet normal -8.141040e-16  5.011204e-14  1.000000e+00
   outer loop
     vertex  1.306528e+02  1.172098e+02  4.395000e+02
     vertex  1.301598e+02  1.183361e+02  4.395000e+02
     vertex  1.159751e+02  1.169713e+02  4.395000e+02
   endloop
 endfacet
 facet normal  0.000000e+00  0.000000e+00  1.000000e+00
   outer loop
     vertex  1.314010e+02  1.162342e+02  4.395000e+02
     vertex  1.306528e+02  1.172098e+02  4.395000e+02
     vertex  1.159751e+02  1.169713e+02  4.395000e+02
   endloop
 endfacet
 facet normal  4.906997e-15 -2.210852e-14  1.000000e+00
   outer loop
     vertex  1.323609e+02  1.154659e+02  4.395000e+02
     vertex  1.159751e+02  1.169713e+02  4.395000e+02
     vertex  1.121391e+02  9.555105e+01  4.395000e+02
   endloop
 endfacet
 facet normal -7.521132e-15 -1.573868e-13  1.000000e+00
   outer loop
     vertex  1.323609e+02  1.154659e+02  4.395000e+02
     vertex  1.314010e+02  1.162342e+02  4.395000e+02
     vertex  1.159751e+02  1.169713e+02  4.395000e+02
   endloop
 endfacet
 facet normal -4.476779e-14  2.833179e-14  1.000000e+00
   outer loop
     vertex  1.323609e+02  1.154659e+02  4.395000e+02
     vertex  1.121391e+02  9.555105e+01  4.395000e+02
     vertex  1.127520e+02  9.451312e+01  4.395000e+02
   endloop
 endfacet
 facet normal -1.058069e-14 -3.177351e-15  1.000000e+00
   outer loop
     vertex  1.334768e+02  1.149498e+02  4.395000e+02
     vertex  1.127520e+02  9.451312e+01  4.395000e+02
     vertex  1.130986e+02  9.335868e+01  4.395000e+02
   endloop
 endfacet
 facet normal -4.378905e-15 -9.466577e-15  1.000000e+00
   outer loop
     vertex  1.334768e+02  1.149498e+02  4.395000e+02
     vertex  1.323609e+02  1.154659e+02  4.395000e+02
     vertex  1.127520e+02  9.451312e+01  4.395000e+02
   endloop
 endfacet
 facet normal  7.647836e-14 -9.060320e-14  1.000000e+00
   outer loop
     vertex  1.346837e+02  1.147157e+02  4.395000e+02
     vertex  1.130986e+02  9.335868e+01  4.395000e+02
     vertex  1.131590e+02  9.215482e+01  4.395000e+02
   endloop
 endfacet
 facet normal -2.158251e-15 -1.112662e-14  1.000000e+00
   outer loop
     vertex  1.346837e+02  1.147157e+02  4.395000e+02
     vertex  1.334768e+02  1.149498e+02  4.395000e+02
     vertex  1.130986e+02  9.335868e+01  4.395000e+02
   endloop
 endfacet
 facet normal  9.281672e-16 -1.852248e-14  1.000000e+00
   outer loop
     vertex  1.359117e+02  1.147772e+02  4.395000e+02
     vertex  1.346837e+02  1.147157e+02  4.395000e+02
     vertex  1.131590e+02  9.215482e+01  4.395000e+02
   endloop
 endfacet
 facet normal  2.210786e-15 -1.189646e-15  1.000000e+00
   outer loop
     vertex  1.136352e+02  5.973075e+01  4.395000e+02
     vertex  1.137413e+02  5.992794e+01  4.395000e+02
     vertex  9.205769e+01  6.741382e+01  4.395000e+02
   endloop
 endfacet
 facet normal  2.398676e-15 -6.619665e-16  1.000000e+00
   outer loop
     vertex  1.135756e+02  5.951489e+01  4.395000e+02
     vertex  1.136352e+02  5.973075e+01  4.395000e+02
     vertex  9.205769e+01  6.741382e+01  4.395000e+02
   endloop
 endfacet
 facet normal -1.919114e-15 -1.242432e-14  1.000000e+00
   outer loop
     vertex  1.135756e+02  5.951489e+01  4.395000e+02
     vertex  9.205769e+01  6.741382e+01  4.395000e+02
     vertex  9.445062e+01  5.331868e+01  4.395000e+02
   endloop
 endfacet
 facet normal  2.014031e-15 -1.759570e-15  1.000000e+00
   outer loop
     vertex  1.138886e+02  6.009658e+01  4.395000e+02
     vertex  9.205769e+01  6.741382e+01  4.395000e+02
     vertex  1.137413e+02  5.992794e+01  4.395000e+02
   endloop
 endfacet
 facet normal  1.781810e-15 -2.452399e-15  1.000000e+00
   outer loop
     vertex  1.140698e+02  6.022820e+01  4.395000e+02
     vertex  9.205769e+01  6.741382e+01  4.395000e+02
     vertex  1.138886e+02  6.009658e+01  4.395000e+02
   endloop
 endfacet
 facet normal -1.348720e-15 -1.902810e-14  1.000000e+00
   outer loop
     vertex  1.140698e+02  6.022820e+01  4.395000e+02
     vertex  1.084217e+02  8.751461e+01  4.395000e+02
     vertex  1.072194e+02  8.759983e+01  4.395000e+02
   endloop
 endfacet
 facet normal -3.832030e-15 -1.964961e-14  1.000000e+00
   outer loop
     vertex  1.140698e+02  6.022820e+01  4.395000e+02
     vertex  1.072194e+02  8.759983e+01  4.395000e+02
     vertex  9.205769e+01  6.741382e+01  4.395000e+02
   endloop
 endfacet
 facet normal -6.032154e-15  2.708434e-16  1.000000e+00
   outer loop
     vertex  1.135656e+02  5.929119e+01  4.395000e+02
     vertex  1.135756e+02  5.951489e+01  4.395000e+02
     vertex  9.445062e+01  5.331868e+01  4.395000e+02
   endloop
 endfacet
 facet normal  3.477713e-15 -2.015103e-14  1.000000e+00
   outer loop
     vertex  1.142757e+02  6.031622e+01  4.395000e+02
     vertex  1.096095e+02  8.771960e+01  4.395000e+02
     vertex  1.084217e+02  8.751461e+01  4.395000e+02
   endloop
 endfacet
 facet normal  2.609853e-13  3.527314e-14  1.000000e+00
   outer loop
     vertex  1.142757e+02  6.031622e+01  4.395000e+02
     vertex  1.084217e+02  8.751461e+01  4.395000e+02
     vertex  1.140698e+02  6.022820e+01  4.395000e+02
   endloop
 endfacet
 facet normal  8.449159e-15 -1.930451e-14  1.000000e+00
   outer loop
     vertex  1.142757e+02  6.031622e+01  4.395000e+02
     vertex  1.107138e+02  8.820290e+01  4.395000e+02
     vertex  1.096095e+02  8.771960e+01  4.395000e+02
   endloop
 endfacet
 facet normal -5.628372e-15 -1.021458e-15  1.000000e+00
   outer loop
     vertex  1.136056e+02  5.907086e+01  4.395000e+02
     vertex  1.135656e+02  5.929119e+01  4.395000e+02
     vertex  9.445062e+01  5.331868e+01  4.395000e+02
   endloop
 endfacet
 facet normal  6.312005e-15 -2.893446e-14  1.000000e+00
   outer loop
     vertex  1.525188e+02  1.279453e+02  4.395000e+02
     vertex  1.382678e+02  1.268010e+02  4.395000e+02
     vertex  1.399288e+02  1.212697e+02  4.395000e+02
   endloop
 endfacet
 facet normal  8.701499e-14 -1.252777e-13  1.000000e+00
   outer loop
     vertex  1.525188e+02  1.279453e+02  4.395000e+02
     vertex  1.400510e+02  1.188317e+02  4.395000e+02
     vertex  1.396731e+02  1.176618e+02  4.395000e+02
   endloop
 endfacet
 facet normal -4.808365e-15  3.408189e-16  1.000000e+00
   outer loop
     vertex  1.525188e+02  1.279453e+02  4.395000e+02
     vertex  1.401379e+02  1.200581e+02  4.395000e+02
     vertex  1.400510e+02  1.188317e+02  4.395000e+02
   endloop
 endfacet
 facet normal -3.106447e-14  4.155623e-14  1.000000e+00
   outer loop
     vertex  1.525188e+02  1.279453e+02  4.395000e+02
     vertex  1.399288e+02  1.212697e+02  4.395000e+02
     vertex  1.401379e+02  1.200581e+02  4.395000e+02
   endloop
 endfacet
 facet normal  5.392738e-18 -1.978209e-14  1.000000e+00
   outer loop
     vertex  1.153312e+02  5.332437e+01  4.395000e+02
     vertex  1.136056e+02  5.907086e+01  4.395000e+02
     vertex  9.445062e+01  5.331868e+01  4.395000e+02
   endloop
 endfacet
 facet normal  4.737675e-18 -1.737913e-14  1.000000e+00
   outer loop
     vertex  1.153312e+02  5.332437e+01  4.395000e+02
     vertex  9.445062e+01  5.331868e+01  4.395000e+02
     vertex  1.002188e+02  4.023711e+01  4.395000e+02
   endloop
 endfacet
 facet normal -1.098085e-14 -4.693572e-15  1.000000e+00
   outer loop
     vertex  1.154192e+02  5.311846e+01  4.395000e+02
     vertex  1.153312e+02  5.332437e+01  4.395000e+02
     vertex  1.002188e+02  4.023711e+01  4.395000e+02
   endloop
 endfacet
 facet normal -9.258067e-15 -6.726522e-15  1.000000e+00
   outer loop
     vertex  1.155509e+02  5.293730e+01  4.395000e+02
     vertex  1.154192e+02  5.311846e+01  4.395000e+02
     vertex  1.002188e+02  4.023711e+01  4.395000e+02
   endloop
 endfacet
 facet normal -7.612381e-15 -8.713249e-15  1.000000e+00
   outer loop
     vertex  1.157195e+02  5.278997e+01  4.395000e+02
     vertex  1.155509e+02  5.293730e+01  4.395000e+02
     vertex  1.002188e+02  4.023711e+01  4.395000e+02
   endloop
 endfacet
 facet normal -5.855857e-15 -1.088227e-14  1.000000e+00
   outer loop
     vertex  1.159167e+02  5.268386e+01  4.395000e+02
     vertex  1.157195e+02  5.278997e+01  4.395000e+02
     vertex  1.002188e+02  4.023711e+01  4.395000e+02
   endloop
 endfacet
 facet normal  3.402002e-15 -2.255834e-14  1.000000e+00
   outer loop
     vertex  1.090117e+02  2.896395e+01  4.395000e+02
     vertex  1.159167e+02  5.268386e+01  4.395000e+02
     vertex  1.002188e+02  4.023711e+01  4.395000e+02
   endloop
 endfacet
 facet normal -5.509533e-15 -1.996413e-14  1.000000e+00
   outer loop
     vertex  1.090117e+02  2.896395e+01  4.395000e+02
     vertex  1.161326e+02  5.262429e+01  4.395000e+02
     vertex  1.159167e+02  5.268386e+01  4.395000e+02
   endloop
 endfacet
 facet normal -1.899312e-15 -2.062631e-14  1.000000e+00
   outer loop
     vertex  1.353462e+02  6.664361e+01  4.395000e+02
     vertex  1.107138e+02  8.820290e+01  4.395000e+02
     vertex  1.142757e+02  6.031622e+01  4.395000e+02
   endloop
 endfacet
 facet normal  3.921933e-14  2.635350e-14  1.000000e+00
   outer loop
     vertex  1.353462e+02  6.664361e+01  4.395000e+02
     vertex  1.116702e+02  8.893641e+01  4.395000e+02
     vertex  1.107138e+02  8.820290e+01  4.395000e+02
   endloop
 endfacet
 facet normal  8.215057e-15 -6.574384e-15  1.000000e+00
   outer loop
     vertex  1.353462e+02  6.664361e+01  4.395000e+02
     vertex  1.124234e+02  8.987752e+01  4.395000e+02
     vertex  1.116702e+02  8.893641e+01  4.395000e+02
   endloop
 endfacet
 facet normal -6.157951e-14 -7.543432e-14  1.000000e+00
   outer loop
     vertex  1.353462e+02  6.664361e+01  4.395000e+02
     vertex  1.129294e+02  9.097151e+01  4.395000e+02
     vertex  1.124234e+02  8.987752e+01  4.395000e+02
   endloop
 endfacet
 facet normal  2.906350e-15 -1.601439e-14  1.000000e+00
   outer loop
     vertex  1.355665e+02  6.668360e+01  4.395000e+02
     vertex  1.129294e+02  9.097151e+01  4.395000e+02
     vertex  1.353462e+02  6.664361e+01  4.395000e+02
   endloop
 endfacet
 facet normal  5.929013e-14  3.653697e-14  1.000000e+00
   outer loop
     vertex  1.355665e+02  6.668360e+01  4.395000e+02
     vertex  1.131590e+02  9.215482e+01  4.395000e+02
     vertex  1.129294e+02  9.097151e+01  4.395000e+02
   endloop
 endfacet
 facet normal -1.041979e-15 -1.654098e-14  1.000000e+00
   outer loop
     vertex  1.357902e+02  6.667356e+01  4.395000e+02
     vertex  1.359117e+02  1.147772e+02  4.395000e+02
     vertex  1.131590e+02  9.215482e+01  4.395000e+02
   endloop
 endfacet
 facet normal -7.302584e-16 -1.626413e-14  1.000000e+00
   outer loop
     vertex  1.357902e+02  6.667356e+01  4.395000e+02
     vertex  1.131590e+02  9.215482e+01  4.395000e+02
     vertex  1.355665e+02  6.668360e+01  4.395000e+02
   endloop
 endfacet
 facet normal  4.958937e-15 -1.651343e-14  1.000000e+00
   outer loop
     vertex  1.360061e+02  6.661398e+01  4.395000e+02
     vertex  1.370892e+02  1.151308e+02  4.395000e+02
     vertex  1.359117e+02  1.147772e+02  4.395000e+02
   endloop
 endfacet
 facet normal -4.562388e-15 -1.653209e-14  1.000000e+00
   outer loop
     vertex  1.360061e+02  6.661398e+01  4.395000e+02
     vertex  1.359117e+02  1.147772e+02  4.395000e+02
     vertex  1.357902e+02  6.667356e+01  4.395000e+02
   endloop
 endfacet
 facet normal  2.365835e-15 -9.884182e-15  1.000000e+00
   outer loop
     vertex  1.682564e+02  1.144593e+02  4.395000e+02
     vertex  1.666167e+02  1.255688e+02  4.395000e+02
     vertex  1.525188e+02  1.279453e+02  4.395000e+02
   endloop
 endfacet
 facet normal  7.759916e-15 -3.589464e-15  1.000000e+00
   outer loop
     vertex  1.677504e+02  1.133653e+02  4.395000e+02
     vertex  1.682564e+02  1.144593e+02  4.395000e+02
     vertex  1.525188e+02  1.279453e+02  4.395000e+02
   endloop
 endfacet
 facet normal  5.782210e-15 -1.065935e-13  1.000000e+00
   outer loop
     vertex  1.227337e+02  2.970831e+01  4.395000e+02
     vertex  1.232397e+02  3.080231e+01  4.395000e+02
     vertex  1.090117e+02  2.896395e+01  4.395000e+02
   endloop
 endfacet
 facet normal  7.451777e-14  7.654442e-16  1.000000e+00
   outer loop
     vertex  1.690096e+02  1.154004e+02  4.395000e+02
     vertex  1.666167e+02  1.255688e+02  4.395000e+02
     vertex  1.682564e+02  1.144593e+02  4.395000e+02
   endloop
 endfacet
 facet normal -3.788597e-15 -2.048207e-14  1.000000e+00
   outer loop
     vertex  1.239929e+02  3.174341e+01  4.395000e+02
     vertex  1.161326e+02  5.262429e+01  4.395000e+02
     vertex  1.090117e+02  2.896395e+01  4.395000e+02
   endloop
 endfacet
 facet normal -8.911815e-15  7.131989e-15  1.000000e+00
   outer loop
     vertex  1.239929e+02  3.174341e+01  4.395000e+02
     vertex  1.090117e+02  2.896395e+01  4.395000e+02
     vertex  1.232397e+02  3.080231e+01  4.395000e+02
   endloop
 endfacet
 facet normal -8.703190e-16 -1.938352e-14  1.000000e+00
   outer loop
     vertex  1.239929e+02  3.174341e+01  4.395000e+02
     vertex  1.163563e+02  5.261425e+01  4.395000e+02
     vertex  1.161326e+02  5.262429e+01  4.395000e+02
   endloop
 endfacet
 facet normal  6.576796e-16 -1.740444e-14  1.000000e+00
   outer loop
     vertex  1.675209e+02  1.121820e+02  4.395000e+02
     vertex  1.525188e+02  1.279453e+02  4.395000e+02
     vertex  1.396731e+02  1.176618e+02  4.395000e+02
   endloop
 endfacet
 facet normal -6.812068e-14 -8.286168e-14  1.000000e+00
   outer loop
     vertex  1.675209e+02  1.121820e+02  4.395000e+02
     vertex  1.677504e+02  1.133653e+02  4.395000e+02
     vertex  1.525188e+02  1.279453e+02  4.395000e+02
   endloop
 endfacet
 facet normal -2.633530e-15  4.854842e-14  1.000000e+00
   outer loop
     vertex  1.225042e+02  2.852500e+01  4.395000e+02
     vertex  1.227337e+02  2.970831e+01  4.395000e+02
     vertex  1.090117e+02  2.896395e+01  4.395000e+02
   endloop
 endfacet
 facet normal  1.089503e-14 -1.420684e-14  1.000000e+00
   outer loop
     vertex  1.699661e+02  1.161340e+02  4.395000e+02
     vertex  1.666167e+02  1.255688e+02  4.395000e+02
     vertex  1.690096e+02  1.154004e+02  4.395000e+02
   endloop
 endfacet
 facet normal  3.803745e-15 -2.095916e-14  1.000000e+00
   outer loop
     vertex  1.249494e+02  3.247693e+01  4.395000e+02
     vertex  1.165766e+02  5.265423e+01  4.395000e+02
     vertex  1.163563e+02  5.261425e+01  4.395000e+02
   endloop
 endfacet
 facet normal  5.782446e-14  2.092892e-15  1.000000e+00
   outer loop
     vertex  1.249494e+02  3.247693e+01  4.395000e+02
     vertex  1.163563e+02  5.261425e+01  4.395000e+02
     vertex  1.239929e+02  3.174341e+01  4.395000e+02
   endloop
 endfacet
 facet normal  1.311407e-14  4.625419e-14  1.000000e+00
   outer loop
     vertex  1.675812e+02  1.109782e+02  4.395000e+02
     vertex  1.396731e+02  1.176618e+02  4.395000e+02
     vertex  1.390262e+02  1.166163e+02  4.395000e+02
   endloop
 endfacet
 facet normal  1.350693e-14  4.789461e-14  1.000000e+00
   outer loop
     vertex  1.675812e+02  1.109782e+02  4.395000e+02
     vertex  1.675209e+02  1.121820e+02  4.395000e+02
     vertex  1.396731e+02  1.176618e+02  4.395000e+02
   endloop
 endfacet
 facet normal -4.219844e-15 -2.114577e-16  1.000000e+00
   outer loop
     vertex  1.225645e+02  2.732114e+01  4.395000e+02
     vertex  1.225042e+02  2.852500e+01  4.395000e+02
     vertex  1.090117e+02  2.896395e+01  4.395000e+02
   endloop
 endfacet
 facet normal -8.226281e-14 -4.727819e-14  1.000000e+00
   outer loop
     vertex  1.710703e+02  1.166173e+02  4.395000e+02
     vertex  1.666167e+02  1.255688e+02  4.395000e+02
     vertex  1.699661e+02  1.161340e+02  4.395000e+02
   endloop
 endfacet
 facet normal  8.348034e-15 -1.907346e-14  1.000000e+00
   outer loop
     vertex  1.260536e+02  3.296022e+01  4.395000e+02
     vertex  1.165766e+02  5.265423e+01  4.395000e+02
     vertex  1.249494e+02  3.247693e+01  4.395000e+02
   endloop
 endfacet
 facet normal  3.172402e-15 -3.238740e-15  1.000000e+00
   outer loop
     vertex  1.679279e+02  1.098237e+02  4.395000e+02
     vertex  1.390262e+02  1.166163e+02  4.395000e+02
     vertex  1.381479e+02  1.157559e+02  4.395000e+02
   endloop
 endfacet
 facet normal  4.232276e-15  1.270941e-15  1.000000e+00
   outer loop
     vertex  1.679279e+02  1.098237e+02  4.395000e+02
     vertex  1.675812e+02  1.109782e+02  4.395000e+02
     vertex  1.390262e+02  1.166163e+02  4.395000e+02
   endloop
 endfacet
 facet normal  1.009265e-15 -5.848021e-15  1.000000e+00
   outer loop
     vertex  1.722581e+02  1.168222e+02  4.395000e+02
     vertex  1.666167e+02  1.255688e+02  4.395000e+02
     vertex  1.710703e+02  1.166173e+02  4.395000e+02
   endloop
 endfacet
 facet normal  3.679463e-15 -2.132004e-14  1.000000e+00
   outer loop
     vertex  1.272414e+02  3.316522e+01  4.395000e+02
     vertex  1.165766e+02  5.265423e+01  4.395000e+02
     vertex  1.260536e+02  3.296022e+01  4.395000e+02
   endloop
 endfacet
 facet normal  1.077494e-13 -6.612128e-14  1.000000e+00
   outer loop
     vertex  1.202951e+02  2.018418e+01  4.395000e+02
     vertex  1.229112e+02  2.616671e+01  4.395000e+02
     vertex  1.225645e+02  2.732114e+01  4.395000e+02
   endloop
 endfacet
 facet normal -7.756971e-15 -2.939199e-14  1.000000e+00
   outer loop
     vertex  1.202951e+02  2.018418e+01  4.395000e+02
     vertex  1.225645e+02  2.732114e+01  4.395000e+02
     vertex  1.090117e+02  2.896395e+01  4.395000e+02
   endloop
 endfacet
 facet normal -2.040108e-14 -1.215790e-13  1.000000e+00
   outer loop
     vertex  1.685407e+02  1.087858e+02  4.395000e+02
     vertex  1.679279e+02  1.098237e+02  4.395000e+02
     vertex  1.381479e+02  1.157559e+02  4.395000e+02
   endloop
 endfacet
 facet normal  3.042361e-16 -1.640952e-14  1.000000e+00
   outer loop
     vertex  1.685407e+02  1.087858e+02  4.395000e+02
     vertex  1.370892e+02  1.151308e+02  4.395000e+02
     vertex  1.360061e+02  6.661398e+01  4.395000e+02
   endloop
 endfacet
 facet normal -2.465137e-14 -1.401122e-13  1.000000e+00
   outer loop
     vertex  1.685407e+02  1.087858e+02  4.395000e+02
     vertex  1.381479e+02  1.157559e+02  4.395000e+02
     vertex  1.370892e+02  1.151308e+02  4.395000e+02
   endloop
 endfacet
 facet normal -6.150502e-15 -1.142982e-14  1.000000e+00
   outer loop
     vertex  1.685407e+02  1.087858e+02  4.395000e+02
     vertex  1.360061e+02  6.661398e+01  4.395000e+02
     vertex  1.362033e+02  6.650787e+01  4.395000e+02
   endloop
 endfacet
 facet normal -7.177592e-14  1.238402e-14  1.000000e+00
   outer loop
     vertex  1.235240e+02  2.512878e+01  4.395000e+02
     vertex  1.229112e+02  2.616671e+01  4.395000e+02
     vertex  1.202951e+02  2.018418e+01  4.395000e+02
   endloop
 endfacet
 facet normal -4.827196e-16 -6.810339e-15  1.000000e+00
   outer loop
     vertex  1.734605e+02  1.167370e+02  4.395000e+02
     vertex  1.666167e+02  1.255688e+02  4.395000e+02
     vertex  1.722581e+02  1.168222e+02  4.395000e+02
   endloop
 endfacet
 facet normal  1.337434e-15 -2.242109e-14  1.000000e+00
   outer loop
     vertex  1.284438e+02  3.308000e+01  4.395000e+02
     vertex  1.376470e+02  5.898163e+01  4.395000e+02
     vertex  1.165766e+02  5.265423e+01  4.395000e+02
   endloop
 endfacet
 facet normal -1.720628e-15 -2.427509e-14  1.000000e+00
   outer loop
     vertex  1.284438e+02  3.308000e+01  4.395000e+02
     vertex  1.165766e+02  5.265423e+01  4.395000e+02
     vertex  1.272414e+02  3.316522e+01  4.395000e+02
   endloop
 endfacet
 facet normal -4.709199e-14  1.988543e-14  1.000000e+00
   outer loop
     vertex  1.693842e+02  1.079247e+02  4.395000e+02
     vertex  1.685407e+02  1.087858e+02  4.395000e+02
     vertex  1.362033e+02  6.650787e+01  4.395000e+02
   endloop
 endfacet
 facet normal -2.112531e-14 -2.069261e-14  1.000000e+00
   outer loop
     vertex  1.243675e+02  2.426768e+01  4.395000e+02
     vertex  1.235240e+02  2.512878e+01  4.395000e+02
     vertex  1.202951e+02  2.018418e+01  4.395000e+02
   endloop
 endfacet
 facet normal -6.358767e-15 -1.968651e-14  1.000000e+00
   outer loop
     vertex  1.295908e+02  3.270951e+01  4.395000e+02
     vertex  1.376470e+02  5.898163e+01  4.395000e+02
     vertex  1.284438e+02  3.308000e+01  4.395000e+02
   endloop
 endfacet
 facet normal  5.260921e-14 -9.422764e-14  1.000000e+00
   outer loop
     vertex  1.253925e+02  2.363346e+01  4.395000e+02
     vertex  1.243675e+02  2.426768e+01  4.395000e+02
     vertex  1.202951e+02  2.018418e+01  4.395000e+02
   endloop
 endfacet
 facet normal -5.786421e-14 -3.892545e-15  1.000000e+00
   outer loop
     vertex  1.306158e+02  3.207529e+01  4.395000e+02
     vertex  1.376470e+02  5.898163e+01  4.395000e+02
     vertex  1.295908e+02  3.270951e+01  4.395000e+02
   endloop
 endfacet
 facet normal -3.603082e-15 -1.115501e-14  1.000000e+00
   outer loop
     vertex  1.265395e+02  2.326297e+01  4.395000e+02
     vertex  1.253925e+02  2.363346e+01  4.395000e+02
     vertex  1.202951e+02  2.018418e+01  4.395000e+02
   endloop
 endfacet
 facet normal -1.532330e-14 -1.500944e-14  1.000000e+00
   outer loop
     vertex  1.314593e+02  3.121419e+01  4.395000e+02
     vertex  1.376470e+02  5.898163e+01  4.395000e+02
     vertex  1.306158e+02  3.207529e+01  4.395000e+02
   endloop
 endfacet
 facet normal  8.704140e-15 -2.036378e-14  1.000000e+00
   outer loop
     vertex  1.314593e+02  3.121419e+01  4.395000e+02
     vertex  1.378530e+02  5.906964e+01  4.395000e+02
     vertex  1.376470e+02  5.898163e+01  4.395000e+02
   endloop
 endfacet
 facet normal -4.290411e-15 -9.760950e-15  1.000000e+00
   outer loop
     vertex  1.797049e+02  1.198158e+02  4.395000e+02
     vertex  1.666167e+02  1.255688e+02  4.395000e+02
     vertex  1.734605e+02  1.167370e+02  4.395000e+02
   endloop
 endfacet
 facet normal -5.451891e-14  1.261064e-14  1.000000e+00
   outer loop
     vertex  1.797049e+02  1.198158e+02  4.395000e+02
     vertex  1.756325e+02  1.157323e+02  4.395000e+02
     vertex  1.764760e+02  1.148712e+02  4.395000e+02
   endloop
 endfacet
 facet normal  5.260921e-14 -9.422764e-14  1.000000e+00
   outer loop
     vertex  1.797049e+02  1.198158e+02  4.395000e+02
     vertex  1.746075e+02  1.163665e+02  4.395000e+02
     vertex  1.756325e+02  1.157323e+02  4.395000e+02
   endloop
 endfacet
 facet normal -3.603082e-15 -1.115501e-14  1.000000e+00
   outer loop
     vertex  1.797049e+02  1.198158e+02  4.395000e+02
     vertex  1.734605e+02  1.167370e+02  4.395000e+02
     vertex  1.746075e+02  1.163665e+02  4.395000e+02
   endloop
 endfacet
 facet normal -1.848961e-14 -1.091775e-14  1.000000e+00
   outer loop
     vertex  1.770888e+02  1.138333e+02  4.395000e+02
     vertex  1.797049e+02  1.198158e+02  4.395000e+02
     vertex  1.764760e+02  1.148712e+02  4.395000e+02
   endloop
 endfacet
 facet normal  1.077494e-13 -6.612128e-14  1.000000e+00
   outer loop
     vertex  1.774355e+02  1.126789e+02  4.395000e+02
     vertex  1.797049e+02  1.198158e+02  4.395000e+02
     vertex  1.770888e+02  1.138333e+02  4.395000e+02
   endloop
 endfacet
 facet normal -7.998048e-14 -5.249283e-14  1.000000e+00
   outer loop
     vertex  1.333833e+02  1.443125e+01  4.395000e+02
     vertex  1.300339e+02  2.386604e+01  4.395000e+02
     vertex  1.289297e+02  2.338275e+01  4.395000e+02
   endloop
 endfacet
 facet normal  1.452670e-14 -1.894245e-14  1.000000e+00
   outer loop
     vertex  1.333833e+02  1.443125e+01  4.395000e+02
     vertex  1.309904e+02  2.459956e+01  4.395000e+02
     vertex  1.300339e+02  2.386604e+01  4.395000e+02
   endloop
 endfacet
 facet normal  2.159203e-14 -1.727977e-14  1.000000e+00
   outer loop
     vertex  1.333833e+02  1.443125e+01  4.395000e+02
     vertex  1.317436e+02  2.554066e+01  4.395000e+02
     vertex  1.309904e+02  2.459956e+01  4.395000e+02
   endloop
 endfacet
 facet normal -9.654392e-16 -1.362068e-14  1.000000e+00
   outer loop
     vertex  1.333833e+02  1.443125e+01  4.395000e+02
     vertex  1.277419e+02  2.317775e+01  4.395000e+02
     vertex  1.265395e+02  2.326297e+01  4.395000e+02
   endloop
 endfacet
 facet normal  2.018531e-15 -1.169604e-14  1.000000e+00
   outer loop
     vertex  1.333833e+02  1.443125e+01  4.395000e+02
     vertex  1.289297e+02  2.338275e+01  4.395000e+02
     vertex  1.277419e+02  2.317775e+01  4.395000e+02
   endloop
 endfacet
 facet normal -1.994312e-15 -1.441796e-14  1.000000e+00
   outer loop
     vertex  1.333833e+02  1.443125e+01  4.395000e+02
     vertex  1.265395e+02  2.326297e+01  4.395000e+02
     vertex  1.202951e+02  2.018418e+01  4.395000e+02
   endloop
 endfacet
 facet normal -7.756971e-15 -2.939199e-14  1.000000e+00
   outer loop
     vertex  1.909883e+02  1.110360e+02  4.395000e+02
     vertex  1.797049e+02  1.198158e+02  4.395000e+02
     vertex  1.774355e+02  1.126789e+02  4.395000e+02
   endloop
 endfacet
 facet normal -1.761600e-14  7.449869e-14  1.000000e+00
   outer loop
     vertex  1.909883e+02  1.110360e+02  4.395000e+02
     vertex  1.767603e+02  1.091977e+02  4.395000e+02
     vertex  1.760071e+02  1.082566e+02  4.395000e+02
   endloop
 endfacet
 facet normal  5.782210e-15 -1.065935e-13  1.000000e+00
   outer loop
     vertex  1.909883e+02  1.110360e+02  4.395000e+02
     vertex  1.772663e+02  1.102917e+02  4.395000e+02
     vertex  1.767603e+02  1.091977e+02  4.395000e+02
   endloop
 endfacet
 facet normal  0.000000e+00  0.000000e+00  1.000000e+00
   outer loop
     vertex  1.909883e+02  1.110360e+02  4.395000e+02
     vertex  1.774958e+02  1.114750e+02  4.395000e+02
     vertex  1.772663e+02  1.102917e+02  4.395000e+02
   endloop
 endfacet
 facet normal  1.538652e-15  4.729488e-14  1.000000e+00
   outer loop
     vertex  1.909883e+02  1.110360e+02  4.395000e+02
     vertex  1.774355e+02  1.126789e+02  4.395000e+02
     vertex  1.774958e+02  1.114750e+02  4.395000e+02
   endloop
 endfacet
 facet normal -1.348091e-14 -2.178774e-14  1.000000e+00
   outer loop
     vertex  1.777790e+02  8.185884e+01  4.395000e+02
     vertex  1.704092e+02  1.072905e+02  4.395000e+02
     vertex  1.693842e+02  1.079247e+02  4.395000e+02
   endloop
 endfacet
 facet normal  2.897475e-15 -2.016343e-14  1.000000e+00
   outer loop
     vertex  1.773235e+02  8.087424e+01  4.395000e+02
     vertex  1.693842e+02  1.079247e+02  4.395000e+02
     vertex  1.362033e+02  6.650787e+01  4.395000e+02
   endloop
 endfacet
 facet normal -2.962435e-15 -3.390848e-15  1.000000e+00
   outer loop
     vertex  1.773235e+02  8.087424e+01  4.395000e+02
     vertex  1.362033e+02  6.650787e+01  4.395000e+02
     vertex  1.363719e+02  6.636054e+01  4.395000e+02
   endloop
 endfacet
 facet normal -1.249251e-13 -5.767943e-14  1.000000e+00
   outer loop
     vertex  1.773235e+02  8.087424e+01  4.395000e+02
     vertex  1.777790e+02  8.185884e+01  4.395000e+02
     vertex  1.693842e+02  1.079247e+02  4.395000e+02
   endloop
 endfacet
 facet normal -6.681013e-15 -2.068417e-14  1.000000e+00
   outer loop
     vertex  1.784568e+02  8.270583e+01  4.395000e+02
     vertex  1.715562e+02  1.069200e+02  4.395000e+02
     vertex  1.704092e+02  1.072905e+02  4.395000e+02
   endloop
 endfacet
 facet normal  1.640366e-14 -1.312760e-14  1.000000e+00
   outer loop
     vertex  1.784568e+02  8.270583e+01  4.395000e+02
     vertex  1.704092e+02  1.072905e+02  4.395000e+02
     vertex  1.777790e+02  8.185884e+01  4.395000e+02
   endloop
 endfacet
 facet normal -4.500994e-15 -3.270233e-15  1.000000e+00
   outer loop
     vertex  1.771169e+02  7.980926e+01  4.395000e+02
     vertex  1.363719e+02  6.636054e+01  4.395000e+02
     vertex  1.365035e+02  6.617938e+01  4.395000e+02
   endloop
 endfacet
 facet normal -2.478474e-14  5.818264e-14  1.000000e+00
   outer loop
     vertex  1.771169e+02  7.980926e+01  4.395000e+02
     vertex  1.773235e+02  8.087424e+01  4.395000e+02
     vertex  1.363719e+02  6.636054e+01  4.395000e+02
   endloop
 endfacet
 facet normal -1.401184e-15 -1.976829e-14  1.000000e+00
   outer loop
     vertex  1.793176e+02  8.336599e+01  4.395000e+02
     vertex  1.727586e+02  1.068348e+02  4.395000e+02
     vertex  1.715562e+02  1.069200e+02  4.395000e+02
   endloop
 endfacet
 facet normal  1.181922e-14 -1.541197e-14  1.000000e+00
   outer loop
     vertex  1.793176e+02  8.336599e+01  4.395000e+02
     vertex  1.715562e+02  1.069200e+02  4.395000e+02
     vertex  1.784568e+02  8.270583e+01  4.395000e+02
   endloop
 endfacet
 facet normal -5.505893e-15 -2.759020e-16  1.000000e+00
   outer loop
     vertex  1.771712e+02  7.872579e+01  4.395000e+02
     vertex  1.771169e+02  7.980926e+01  4.395000e+02
     vertex  1.365035e+02  6.617938e+01  4.395000e+02
   endloop
 endfacet
 facet normal -4.939635e-15 -2.111360e-15  1.000000e+00
   outer loop
     vertex  1.771712e+02  7.872579e+01  4.395000e+02
     vertex  1.365035e+02  6.617938e+01  4.395000e+02
     vertex  1.365915e+02  6.597347e+01  4.395000e+02
   endloop
 endfacet
 facet normal  5.851993e-14 -3.021545e-15  1.000000e+00
   outer loop
     vertex  1.803114e+02  8.380096e+01  4.395000e+02
     vertex  1.727586e+02  1.068348e+02  4.395000e+02
     vertex  1.793176e+02  8.336599e+01  4.395000e+02
   endloop
 endfacet
 facet normal  3.627827e-15 -2.102084e-14  1.000000e+00
   outer loop
     vertex  1.803114e+02  8.380096e+01  4.395000e+02
     vertex  1.739464e+02  1.070398e+02  4.395000e+02
     vertex  1.727586e+02  1.068348e+02  4.395000e+02
   endloop
 endfacet
 facet normal  2.630055e-14 -1.015222e-13  1.000000e+00
   outer loop
     vertex  1.774832e+02  7.768680e+01  4.395000e+02
     vertex  1.771712e+02  7.872579e+01  4.395000e+02
     vertex  1.365915e+02  6.597347e+01  4.395000e+02
   endloop
 endfacet
 facet normal  2.658146e-15 -1.898548e-14  1.000000e+00
   outer loop
     vertex  1.774832e+02  7.768680e+01  4.395000e+02
     vertex  1.365915e+02  6.597347e+01  4.395000e+02
     vertex  1.383172e+02  6.022699e+01  4.395000e+02
   endloop
 endfacet
 facet normal  3.627827e-15 -2.102084e-14  1.000000e+00
   outer loop
     vertex  1.813805e+02  8.398546e+01  4.395000e+02
     vertex  1.739464e+02  1.070398e+02  4.395000e+02
     vertex  1.803114e+02  8.380096e+01  4.395000e+02
   endloop
 endfacet
 facet normal  8.511160e-15 -1.944617e-14  1.000000e+00
   outer loop
     vertex  1.813805e+02  8.398546e+01  4.395000e+02
     vertex  1.750506e+02  1.075231e+02  4.395000e+02
     vertex  1.739464e+02  1.070398e+02  4.395000e+02
   endloop
 endfacet
 facet normal -2.606991e-14  4.545766e-14  1.000000e+00
   outer loop
     vertex  1.780348e+02  7.675266e+01  4.395000e+02
     vertex  1.774832e+02  7.768680e+01  4.395000e+02
     vertex  1.383172e+02  6.022699e+01  4.395000e+02
   endloop
 endfacet
 facet normal -6.653522e-15 -1.207506e-15  1.000000e+00
   outer loop
     vertex  1.780348e+02  7.675266e+01  4.395000e+02
     vertex  1.383172e+02  6.022699e+01  4.395000e+02
     vertex  1.383572e+02  6.000666e+01  4.395000e+02
   endloop
 endfacet
 facet normal  1.339087e-14 -1.746136e-14  1.000000e+00
   outer loop
     vertex  1.824626e+02  8.390876e+01  4.395000e+02
     vertex  1.760071e+02  1.082566e+02  4.395000e+02
     vertex  1.750506e+02  1.075231e+02  4.395000e+02
   endloop
 endfacet
 facet normal -1.570524e-15 -2.215738e-14  1.000000e+00
   outer loop
     vertex  1.824626e+02  8.390876e+01  4.395000e+02
     vertex  1.750506e+02  1.075231e+02  4.395000e+02
     vertex  1.813805e+02  8.398546e+01  4.395000e+02
   endloop
 endfacet
 facet normal -7.155574e-15  3.212849e-16  1.000000e+00
   outer loop
     vertex  1.787939e+02  7.597767e+01  4.395000e+02
     vertex  1.383572e+02  6.000666e+01  4.395000e+02
     vertex  1.383471e+02  5.978295e+01  4.395000e+02
   endloop
 endfacet
 facet normal -5.068005e-15 -4.964200e-15  1.000000e+00
   outer loop
     vertex  1.787939e+02  7.597767e+01  4.395000e+02
     vertex  1.780348e+02  7.675266e+01  4.395000e+02
     vertex  1.383572e+02  6.000666e+01  4.395000e+02
   endloop
 endfacet
 facet normal  4.223264e-14  3.242408e-14  1.000000e+00
   outer loop
     vertex  1.474812e+02  1.205472e+01  4.395000e+02
     vertex  1.322496e+02  2.663466e+01  4.395000e+02
     vertex  1.317436e+02  2.554066e+01  4.395000e+02
   endloop
 endfacet
 facet normal -6.812068e-14 -8.286168e-14  1.000000e+00
   outer loop
     vertex  1.474812e+02  1.205472e+01  4.395000e+02
     vertex  1.324791e+02  2.781797e+01  4.395000e+02
     vertex  1.322496e+02  2.663466e+01  4.395000e+02
   endloop
 endfacet
 facet normal -3.538185e-15 -2.098899e-14  1.000000e+00
   outer loop
     vertex  1.474812e+02  1.205472e+01  4.395000e+02
     vertex  1.317436e+02  2.554066e+01  4.395000e+02
     vertex  1.333833e+02  1.443125e+01  4.395000e+02
   endloop
 endfacet
 facet normal -4.280219e-15 -1.325140e-14  1.000000e+00
   outer loop
     vertex  1.997812e+02  9.976289e+01  4.395000e+02
     vertex  1.824626e+02  8.390876e+01  4.395000e+02
     vertex  1.834949e+02  8.357532e+01  4.395000e+02
   endloop
 endfacet
 facet normal  7.715729e-16 -2.461003e-14  1.000000e+00
   outer loop
     vertex  1.997812e+02  9.976289e+01  4.395000e+02
     vertex  1.909883e+02  1.110360e+02  4.395000e+02
     vertex  1.760071e+02  1.082566e+02  4.395000e+02
   endloop
 endfacet
 facet normal  2.272364e-15 -2.040927e-14  1.000000e+00
   outer loop
     vertex  1.997812e+02  9.976289e+01  4.395000e+02
     vertex  1.760071e+02  1.082566e+02  4.395000e+02
     vertex  1.824626e+02  8.390876e+01  4.395000e+02
   endloop
 endfacet
 facet normal -7.154857e-15 -7.008308e-15  1.000000e+00
   outer loop
     vertex  1.997812e+02  9.976289e+01  4.395000e+02
     vertex  1.844174e+02  8.300452e+01  4.395000e+02
     vertex  1.851765e+02  8.222953e+01  4.395000e+02
   endloop
 endfacet
 facet normal -4.467214e-14  2.738693e-14  1.000000e+00
   outer loop
     vertex  1.997812e+02  9.976289e+01  4.395000e+02
     vertex  1.834949e+02  8.357532e+01  4.395000e+02
     vertex  1.844174e+02  8.300452e+01  4.395000e+02
   endloop
 endfacet
 facet normal  4.279294e-15  1.285060e-15  1.000000e+00
   outer loop
     vertex  1.607634e+02  2.310144e+01  4.395000e+02
     vertex  1.320721e+02  3.017626e+01  4.395000e+02
     vertex  1.324188e+02  2.902183e+01  4.395000e+02
   endloop
 endfacet
 facet normal  1.398134e-14  4.791839e-14  1.000000e+00
   outer loop
     vertex  1.602223e+02  2.209576e+01  4.395000e+02
     vertex  1.324188e+02  2.902183e+01  4.395000e+02
     vertex  1.324791e+02  2.781797e+01  4.395000e+02
   endloop
 endfacet
 facet normal  4.715079e-16 -1.758162e-14  1.000000e+00
   outer loop
     vertex  1.602223e+02  2.209576e+01  4.395000e+02
     vertex  1.324791e+02  2.781797e+01  4.395000e+02
     vertex  1.474812e+02  1.205472e+01  4.395000e+02
   endloop
 endfacet
 facet normal  1.421870e-14  4.887122e-14  1.000000e+00
   outer loop
     vertex  1.602223e+02  2.209576e+01  4.395000e+02
     vertex  1.607634e+02  2.310144e+01  4.395000e+02
     vertex  1.324188e+02  2.902183e+01  4.395000e+02
   endloop
 endfacet
 facet normal  3.260095e-15 -2.848201e-15  1.000000e+00
   outer loop
     vertex  1.615148e+02  2.396148e+01  4.395000e+02
     vertex  1.320721e+02  3.017626e+01  4.395000e+02
     vertex  1.607634e+02  2.310144e+01  4.395000e+02
   endloop
 endfacet
 facet normal  8.690025e-14 -1.272506e-13  1.000000e+00
   outer loop
     vertex  1.599184e+02  2.099487e+01  4.395000e+02
     vertex  1.602223e+02  2.209576e+01  4.395000e+02
     vertex  1.474812e+02  1.205472e+01  4.395000e+02
   endloop
 endfacet
 facet normal -2.241126e-14 -1.227660e-13  1.000000e+00
   outer loop
     vertex  1.624387e+02  2.463276e+01  4.395000e+02
     vertex  1.314593e+02  3.121419e+01  4.395000e+02
     vertex  1.320721e+02  3.017626e+01  4.395000e+02
   endloop
 endfacet
 facet normal -2.470852e-14 -1.353501e-13  1.000000e+00
   outer loop
     vertex  1.624387e+02  2.463276e+01  4.395000e+02
     vertex  1.320721e+02  3.017626e+01  4.395000e+02
     vertex  1.615148e+02  2.396148e+01  4.395000e+02
   endloop
 endfacet
 facet normal -2.212089e-16 -1.831514e-14  1.000000e+00
   outer loop
     vertex  1.624387e+02  2.463276e+01  4.395000e+02
     vertex  1.378530e+02  5.906964e+01  4.395000e+02
     vertex  1.314593e+02  3.121419e+01  4.395000e+02
   endloop
 endfacet
 facet normal  8.686454e-15 -1.195562e-14  1.000000e+00
   outer loop
     vertex  1.624387e+02  2.463276e+01  4.395000e+02
     vertex  1.380341e+02  5.920127e+01  4.395000e+02
     vertex  1.378530e+02  5.906964e+01  4.395000e+02
   endloop
 endfacet
 facet normal -4.173186e-14  5.169759e-14  1.000000e+00
   outer loop
     vertex  1.598672e+02  1.985399e+01  4.395000e+02
     vertex  1.599184e+02  2.099487e+01  4.395000e+02
     vertex  1.474812e+02  1.205472e+01  4.395000e+02
   endloop
 endfacet
 facet normal  5.939221e-15 -1.389511e-14  1.000000e+00
   outer loop
     vertex  1.634889e+02  2.508162e+01  4.395000e+02
     vertex  1.380341e+02  5.920127e+01  4.395000e+02
     vertex  1.624387e+02  2.463276e+01  4.395000e+02
   endloop
 endfacet
 facet normal  1.428935e-14 -7.689244e-15  1.000000e+00
   outer loop
     vertex  1.634889e+02  2.508162e+01  4.395000e+02
     vertex  1.382876e+02  5.956709e+01  4.395000e+02
     vertex  1.381814e+02  5.936990e+01  4.395000e+02
   endloop
 endfacet
 facet normal  1.131446e-14 -9.884946e-15  1.000000e+00
   outer loop
     vertex  1.634889e+02  2.508162e+01  4.395000e+02
     vertex  1.381814e+02  5.936990e+01  4.395000e+02
     vertex  1.380341e+02  5.920127e+01  4.395000e+02
   endloop
 endfacet
 facet normal -8.237326e-15 -1.494940e-15  1.000000e+00
   outer loop
     vertex  1.600712e+02  1.873030e+01  4.395000e+02
     vertex  1.598672e+02  1.985399e+01  4.395000e+02
     vertex  1.474812e+02  1.205472e+01  4.395000e+02
   endloop
 endfacet
 facet normal  2.905281e-15 -1.600850e-14  1.000000e+00
   outer loop
     vertex  1.646125e+02  2.528555e+01  4.395000e+02
     vertex  1.382876e+02  5.956709e+01  4.395000e+02
     vertex  1.634889e+02  2.508162e+01  4.395000e+02
   endloop
 endfacet
 facet normal  1.611449e-15 -2.006938e-14  1.000000e+00
   outer loop
     vertex  1.617322e+02  1.319898e+01  4.395000e+02
     vertex  1.600712e+02  1.873030e+01  4.395000e+02
     vertex  1.474812e+02  1.205472e+01  4.395000e+02
   endloop
 endfacet
 facet normal  5.326594e-17 -1.301243e-14  1.000000e+00
   outer loop
     vertex  2.055494e+02  8.668132e+01  4.395000e+02
     vertex  1.997812e+02  9.976289e+01  4.395000e+02
     vertex  1.851765e+02  8.222953e+01  4.395000e+02
   endloop
 endfacet
 facet normal -5.732724e-15 -2.872686e-16  1.000000e+00
   outer loop
     vertex  2.055494e+02  8.668132e+01  4.395000e+02
     vertex  1.860401e+02  8.025640e+01  4.395000e+02
     vertex  1.860944e+02  7.917293e+01  4.395000e+02
   endloop
 endfacet
 facet normal -2.169888e-14  4.819395e-14  1.000000e+00
   outer loop
     vertex  2.055494e+02  8.668132e+01  4.395000e+02
     vertex  1.857281e+02  8.129540e+01  4.395000e+02
     vertex  1.860401e+02  8.025640e+01  4.395000e+02
   endloop
 endfacet
 facet normal  2.108346e-14 -1.092535e-13  1.000000e+00
   outer loop
     vertex  2.055494e+02  8.668132e+01  4.395000e+02
     vertex  1.851765e+02  8.222953e+01  4.395000e+02
     vertex  1.857281e+02  8.129540e+01  4.395000e+02
   endloop
 endfacet
 facet normal  1.159627e-13  1.806392e-14  1.000000e+00
   outer loop
     vertex  1.875766e+02  5.012248e+01  4.395000e+02
     vertex  1.807488e+02  7.507344e+01  4.395000e+02
     vertex  1.797165e+02  7.540688e+01  4.395000e+02
   endloop
 endfacet
 facet normal  1.263198e-15 -2.070486e-14  1.000000e+00
   outer loop
     vertex  1.870706e+02  4.902849e+01  4.395000e+02
     vertex  1.787939e+02  7.597767e+01  4.395000e+02
     vertex  1.383471e+02  5.978295e+01  4.395000e+02
   endloop
 endfacet
 facet normal -1.611279e-14 -2.604136e-14  1.000000e+00
   outer loop
     vertex  1.870706e+02  4.902849e+01  4.395000e+02
     vertex  1.797165e+02  7.540688e+01  4.395000e+02
     vertex  1.787939e+02  7.597767e+01  4.395000e+02
   endloop
 endfacet
 facet normal -1.111065e-13 -5.252488e-14  1.000000e+00
   outer loop
     vertex  1.870706e+02  4.902849e+01  4.395000e+02
     vertex  1.875766e+02  5.012248e+01  4.395000e+02
     vertex  1.797165e+02  7.540688e+01  4.395000e+02
   endloop
 endfacet
 facet normal -1.029907e-15 -1.453021e-14  1.000000e+00
   outer loop
     vertex  1.883298e+02  5.106359e+01  4.395000e+02
     vertex  1.818309e+02  7.499674e+01  4.395000e+02
     vertex  1.807488e+02  7.507344e+01  4.395000e+02
   endloop
 endfacet
 facet normal  1.272819e-14 -1.018617e-14  1.000000e+00
   outer loop
     vertex  1.883298e+02  5.106359e+01  4.395000e+02
     vertex  1.807488e+02  7.507344e+01  4.395000e+02
     vertex  1.875766e+02  5.012248e+01  4.395000e+02
   endloop
 endfacet
 facet normal  3.431405e-16 -1.797598e-14  1.000000e+00
   outer loop
     vertex  1.868410e+02  4.784518e+01  4.395000e+02
     vertex  1.382876e+02  5.956709e+01  4.395000e+02
     vertex  1.646125e+02  2.528555e+01  4.395000e+02
   endloop
 endfacet
 facet normal  1.576154e-14  4.498029e-14  1.000000e+00
   outer loop
     vertex  1.868410e+02  4.784518e+01  4.395000e+02
     vertex  1.870706e+02  4.902849e+01  4.395000e+02
     vertex  1.383471e+02  5.978295e+01  4.395000e+02
   endloop
 endfacet
 facet normal  4.390437e-15 -1.211636e-15  1.000000e+00
   outer loop
     vertex  1.868410e+02  4.784518e+01  4.395000e+02
     vertex  1.383471e+02  5.978295e+01  4.395000e+02
     vertex  1.382876e+02  5.956709e+01  4.395000e+02
   endloop
 endfacet
 facet normal  2.403836e-15 -1.392863e-14  1.000000e+00
   outer loop
     vertex  1.892862e+02  5.179710e+01  4.395000e+02
     vertex  1.828999e+02  7.518123e+01  4.395000e+02
     vertex  1.818309e+02  7.499674e+01  4.395000e+02
   endloop
 endfacet
 facet normal  9.045000e-15 -1.179445e-14  1.000000e+00
   outer loop
     vertex  1.892862e+02  5.179710e+01  4.395000e+02
     vertex  1.818309e+02  7.499674e+01  4.395000e+02
     vertex  1.883298e+02  5.106359e+01  4.395000e+02
   endloop
 endfacet
 facet normal -2.879096e-15 -1.043258e-14  1.000000e+00
   outer loop
     vertex  1.869014e+02  4.664132e+01  4.395000e+02
     vertex  1.657534e+02  2.523433e+01  4.395000e+02
     vertex  1.668543e+02  2.493051e+01  4.395000e+02
   endloop
 endfacet
 facet normal -5.708100e-16 -1.271293e-14  1.000000e+00
   outer loop
     vertex  1.869014e+02  4.664132e+01  4.395000e+02
     vertex  1.646125e+02  2.528555e+01  4.395000e+02
     vertex  1.657534e+02  2.523433e+01  4.395000e+02
   endloop
 endfacet
 facet normal  7.416970e-14 -9.071889e-14  1.000000e+00
   outer loop
     vertex  1.869014e+02  4.664132e+01  4.395000e+02
     vertex  1.868410e+02  4.784518e+01  4.395000e+02
     vertex  1.646125e+02  2.528555e+01  4.395000e+02
   endloop
 endfacet
 facet normal  5.168348e-14 -4.701273e-16  1.000000e+00
   outer loop
     vertex  1.903905e+02  5.228040e+01  4.395000e+02
     vertex  1.828999e+02  7.518123e+01  4.395000e+02
     vertex  1.892862e+02  5.179710e+01  4.395000e+02
   endloop
 endfacet
 facet normal -9.341683e-14 -4.793045e-14  1.000000e+00
   outer loop
     vertex  1.903905e+02  5.228040e+01  4.395000e+02
     vertex  1.838937e+02  7.561620e+01  4.395000e+02
     vertex  1.828999e+02  7.518123e+01  4.395000e+02
   endloop
 endfacet
 facet normal  6.787933e-14 -8.393370e-14  1.000000e+00
   outer loop
     vertex  1.872480e+02  4.548688e+01  4.395000e+02
     vertex  1.668543e+02  2.493051e+01  4.395000e+02
     vertex  1.678600e+02  2.438935e+01  4.395000e+02
   endloop
 endfacet
 facet normal -5.093727e-14  3.394274e-14  1.000000e+00
   outer loop
     vertex  1.872480e+02  4.548688e+01  4.395000e+02
     vertex  1.869014e+02  4.664132e+01  4.395000e+02
     vertex  1.668543e+02  2.493051e+01  4.395000e+02
   endloop
 endfacet
 facet normal  1.351751e-14 -1.762649e-14  1.000000e+00
   outer loop
     vertex  1.915783e+02  5.248539e+01  4.395000e+02
     vertex  1.847546e+02  7.627636e+01  4.395000e+02
     vertex  1.838937e+02  7.561620e+01  4.395000e+02
   endloop
 endfacet
 facet normal  3.610069e-15 -2.091795e-14  1.000000e+00
   outer loop
     vertex  1.915783e+02  5.248539e+01  4.395000e+02
     vertex  1.838937e+02  7.561620e+01  4.395000e+02
     vertex  1.903905e+02  5.228040e+01  4.395000e+02
   endloop
 endfacet
 facet normal -1.427970e-14 -8.431885e-15  1.000000e+00
   outer loop
     vertex  1.878609e+02  4.444895e+01  4.395000e+02
     vertex  1.872480e+02  4.548688e+01  4.395000e+02
     vertex  1.678600e+02  2.438935e+01  4.395000e+02
   endloop
 endfacet
 facet normal -1.555811e-15 -2.194981e-14  1.000000e+00
   outer loop
     vertex  1.927806e+02  5.240017e+01  4.395000e+02
     vertex  1.847546e+02  7.627636e+01  4.395000e+02
     vertex  1.915783e+02  5.248539e+01  4.395000e+02
   endloop
 endfacet
 facet normal -1.012673e-15 -2.176723e-14  1.000000e+00
   outer loop
     vertex  2.079423e+02  7.258618e+01  4.395000e+02
     vertex  1.847546e+02  7.627636e+01  4.395000e+02
     vertex  1.927806e+02  5.240017e+01  4.395000e+02
   endloop
 endfacet
 facet normal  3.585988e-16 -1.607047e-14  1.000000e+00
   outer loop
     vertex  2.079423e+02  7.258618e+01  4.395000e+02
     vertex  2.055494e+02  8.668132e+01  4.395000e+02
     vertex  1.860944e+02  7.917293e+01  4.395000e+02
   endloop
 endfacet
 facet normal  2.174498e-15 -1.740217e-15  1.000000e+00
   outer loop
     vertex  2.079423e+02  7.258618e+01  4.395000e+02
     vertex  1.854324e+02  7.712336e+01  4.395000e+02
     vertex  1.847546e+02  7.627636e+01  4.395000e+02
   endloop
 endfacet
 facet normal  1.295425e-14  5.174050e-14  1.000000e+00
   outer loop
     vertex  2.079423e+02  7.258618e+01  4.395000e+02
     vertex  1.858878e+02  7.810795e+01  4.395000e+02
     vertex  1.854324e+02  7.712336e+01  4.395000e+02
   endloop
 endfacet
 facet normal -2.548914e-14 -1.018060e-13  1.000000e+00
   outer loop
     vertex  2.079423e+02  7.258618e+01  4.395000e+02
     vertex  1.860944e+02  7.917293e+01  4.395000e+02
     vertex  1.858878e+02  7.810795e+01  4.395000e+02
   endloop
 endfacet
 facet normal  0.000000e+00  0.000000e+00  1.000000e+00
   outer loop
     vertex  1.840249e+02  2.302868e+01  4.395000e+02
     vertex  1.693913e+02  2.271404e+01  4.395000e+02
     vertex  1.698402e+02  2.166391e+01  4.395000e+02
   endloop
 endfacet
 facet normal -1.302481e-15  6.057778e-14  1.000000e+00
   outer loop
     vertex  1.840249e+02  2.302868e+01  4.395000e+02
     vertex  1.687200e+02  2.363797e+01  4.395000e+02
     vertex  1.693913e+02  2.271404e+01  4.395000e+02
   endloop
 endfacet
 facet normal -3.891390e-15 -4.454145e-15  1.000000e+00
   outer loop
     vertex  1.840249e+02  2.302868e+01  4.395000e+02
     vertex  1.678600e+02  2.438935e+01  4.395000e+02
     vertex  1.687200e+02  2.363797e+01  4.395000e+02
   endloop
 endfacet
 facet normal -5.004647e-15 -1.767980e-14  1.000000e+00
   outer loop
     vertex  1.840249e+02  2.302868e+01  4.395000e+02
     vertex  1.878609e+02  4.444895e+01  4.395000e+02
     vertex  1.678600e+02  2.438935e+01  4.395000e+02
   endloop
 endfacet
 facet normal  1.921979e-15 -1.997613e-14  1.000000e+00
   outer loop
     vertex  1.840249e+02  2.302868e+01  4.395000e+02
     vertex  1.698402e+02  2.166391e+01  4.395000e+02
     vertex  1.715012e+02  1.613259e+01  4.395000e+02
   endloop
 endfacet
 facet normal  9.791968e-14 -3.611168e-14  1.000000e+00
   outer loop
     vertex  1.840249e+02  2.302868e+01  4.395000e+02
     vertex  1.887044e+02  4.358786e+01  4.395000e+02
     vertex  1.878609e+02  4.444895e+01  4.395000e+02
   endloop
 endfacet
 facet normal -7.497745e-15 -1.211779e-14  1.000000e+00
   outer loop
     vertex  1.840249e+02  2.302868e+01  4.395000e+02
     vertex  1.897294e+02  4.295364e+01  4.395000e+02
     vertex  1.887044e+02  4.358786e+01  4.395000e+02
   endloop
 endfacet
 facet normal  4.740257e-14 -8.154230e-14  1.000000e+00
   outer loop
     vertex  2.068146e+02  5.833391e+01  4.395000e+02
     vertex  1.957961e+02  5.053437e+01  4.395000e+02
     vertex  1.964090e+02  4.949644e+01  4.395000e+02
   endloop
 endfacet
 facet normal -6.093101e-15 -5.968299e-15  1.000000e+00
   outer loop
     vertex  2.068146e+02  5.833391e+01  4.395000e+02
     vertex  1.949527e+02  5.139546e+01  4.395000e+02
     vertex  1.957961e+02  5.053437e+01  4.395000e+02
   endloop
 endfacet
 facet normal -4.926666e-15 -7.962436e-15  1.000000e+00
   outer loop
     vertex  2.068146e+02  5.833391e+01  4.395000e+02
     vertex  1.939276e+02  5.202968e+01  4.395000e+02
     vertex  1.949527e+02  5.139546e+01  4.395000e+02
   endloop
 endfacet
 facet normal -3.335741e-14  5.015523e-14  1.000000e+00
   outer loop
     vertex  2.068146e+02  5.833391e+01  4.395000e+02
     vertex  1.927806e+02  5.240017e+01  4.395000e+02
     vertex  1.939276e+02  5.202968e+01  4.395000e+02
   endloop
 endfacet
 facet normal -3.848315e-15 -1.963738e-14  1.000000e+00
   outer loop
     vertex  2.068146e+02  5.833391e+01  4.395000e+02
     vertex  2.079423e+02  7.258618e+01  4.395000e+02
     vertex  1.927806e+02  5.240017e+01  4.395000e+02
   endloop
 endfacet
 facet normal -4.103275e-15 -1.308962e-14  1.000000e+00
   outer loop
     vertex  1.944812e+02  3.277878e+01  4.395000e+02
     vertex  1.897294e+02  4.295364e+01  4.395000e+02
     vertex  1.840249e+02  2.302868e+01  4.395000e+02
   endloop
 endfacet
 facet normal  4.758922e-15 -1.087311e-14  1.000000e+00
   outer loop
     vertex  1.944812e+02  3.277878e+01  4.395000e+02
     vertex  1.943708e+02  4.318622e+01  4.395000e+02
     vertex  1.932666e+02  4.270292e+01  4.395000e+02
   endloop
 endfacet
 facet normal -1.095899e-13 -1.208663e-14  1.000000e+00
   outer loop
     vertex  1.944812e+02  3.277878e+01  4.395000e+02
     vertex  1.953273e+02  4.391973e+01  4.395000e+02
     vertex  1.943708e+02  4.318622e+01  4.395000e+02
   endloop
 endfacet
 facet normal -4.250114e-15 -1.315820e-14  1.000000e+00
   outer loop
     vertex  1.944812e+02  3.277878e+01  4.395000e+02
     vertex  1.908764e+02  4.258315e+01  4.395000e+02
     vertex  1.897294e+02  4.295364e+01  4.395000e+02
   endloop
 endfacet
 facet normal -4.938587e-14 -2.975357e-14  1.000000e+00
   outer loop
     vertex  1.944812e+02  3.277878e+01  4.395000e+02
     vertex  1.920788e+02  4.249793e+01  4.395000e+02
     vertex  1.908764e+02  4.258315e+01  4.395000e+02
   endloop
 endfacet
 facet normal  4.880192e-14 -5.482393e-15  1.000000e+00
   outer loop
     vertex  1.944812e+02  3.277878e+01  4.395000e+02
     vertex  1.932666e+02  4.270292e+01  4.395000e+02
     vertex  1.920788e+02  4.249793e+01  4.395000e+02
   endloop
 endfacet
 facet normal -1.065175e-14 -1.318654e-14  1.000000e+00
   outer loop
     vertex  2.022348e+02  4.479047e+01  4.395000e+02
     vertex  2.068146e+02  5.833391e+01  4.395000e+02
     vertex  1.964090e+02  4.949644e+01  4.395000e+02
   endloop
 endfacet
 facet normal  2.597496e-15 -2.060607e-14  1.000000e+00
   outer loop
     vertex  2.022348e+02  4.479047e+01  4.395000e+02
     vertex  1.953273e+02  4.391973e+01  4.395000e+02
     vertex  1.944812e+02  3.277878e+01  4.395000e+02
   endloop
 endfacet
 facet normal  0.000000e+00  0.000000e+00  1.000000e+00
   outer loop
     vertex  2.022348e+02  4.479047e+01  4.395000e+02
     vertex  1.960804e+02  4.486084e+01  4.395000e+02
     vertex  1.953273e+02  4.391973e+01  4.395000e+02
   endloop
 endfacet
 facet normal  5.909751e-16  5.168605e-14  1.000000e+00
   outer loop
     vertex  2.022348e+02  4.479047e+01  4.395000e+02
     vertex  1.965865e+02  4.595483e+01  4.395000e+02
     vertex  1.960804e+02  4.486084e+01  4.395000e+02
   endloop
 endfacet
 facet normal -2.872037e-14 -9.050423e-14  1.000000e+00
   outer loop
     vertex  2.022348e+02  4.479047e+01  4.395000e+02
     vertex  1.968160e+02  4.713815e+01  4.395000e+02
     vertex  1.965865e+02  4.595483e+01  4.395000e+02
   endloop
 endfacet
 facet normal  1.072274e-14  5.373196e-16  1.000000e+00
   outer loop
     vertex  2.022348e+02  4.479047e+01  4.395000e+02
     vertex  1.967557e+02  4.834200e+01  4.395000e+02
     vertex  1.968160e+02  4.713815e+01  4.395000e+02
   endloop
 endfacet
 facet normal  5.251202e-14  6.500827e-14  1.000000e+00
   outer loop
     vertex  2.022348e+02  4.479047e+01  4.395000e+02
     vertex  1.964090e+02  4.949644e+01  4.395000e+02
     vertex  1.967557e+02  4.834200e+01  4.395000e+02
   endloop
 endfacet
 facet normal -4.009557e-01  9.160974e-01  1.496221e-14
   outer loop
     vertex  1.838937e+02  7.561620e+01  4.395000e+02
     vertex  1.828999e+02  7.518123e+01  4.370000e+02
     vertex  1.828999e+02  7.518123e+01  4.395000e+02
   endloop
 endfacet
 facet normal -4.009557e-01  9.160974e-01  1.562223e-14
   outer loop
     vertex  1.838937e+02  7.561620e+01  4.395000e+02
     vertex  1.838937e+02  7.561620e+01  4.370000e+02
     vertex  1.828999e+02  7.518123e+01  4.370000e+02
   endloop
 endfacet
 facet normal -6.085412e-01  7.935223e-01  1.593962e-14
   outer loop
     vertex  1.847546e+02  7.627636e+01  4.395000e+02
     vertex  1.847546e+02  7.627636e+01  4.370000e+02
     vertex  1.838937e+02  7.561620e+01  4.370000e+02
   endloop
 endfacet
 facet normal -7.807604e-01  6.248306e-01  1.597972e-14
   outer loop
     vertex  1.847546e+02  7.627636e+01  4.395000e+02
     vertex  1.854324e+02  7.712336e+01  4.370000e+02
     vertex  1.847546e+02  7.627636e+01  4.370000e+02
   endloop
 endfacet
 facet normal -6.085412e-01  7.935223e-01  1.354991e-14
   outer loop
     vertex  1.847546e+02  7.627636e+01  4.395000e+02
     vertex  1.838937e+02  7.561620e+01  4.370000e+02
     vertex  1.838937e+02  7.561620e+01  4.395000e+02
   endloop
 endfacet
 facet normal -7.807604e-01  6.248306e-01  1.953147e-14
   outer loop
     vertex  1.854324e+02  7.712336e+01  4.395000e+02
     vertex  1.854324e+02  7.712336e+01  4.370000e+02
     vertex  1.847546e+02  7.627636e+01  4.395000e+02
   endloop
 endfacet
 facet normal -9.076046e-01  4.198259e-01  1.747757e-14
   outer loop
     vertex  1.858878e+02  7.810795e+01  4.395000e+02
     vertex  1.858878e+02  7.810795e+01  4.370000e+02
     vertex  1.854324e+02  7.712336e+01  4.370000e+02
   endloop
 endfacet
 facet normal -9.076046e-01  4.198259e-01  1.745933e-14
   outer loop
     vertex  1.858878e+02  7.810795e+01  4.395000e+02
     vertex  1.854324e+02  7.712336e+01  4.370000e+02
     vertex  1.854324e+02  7.712336e+01  4.395000e+02
   endloop
 endfacet
 facet normal -9.817022e-01  1.904225e-01  1.440794e-14
   outer loop
     vertex  1.860944e+02  7.917293e+01  4.395000e+02
     vertex  1.860944e+02  7.917293e+01  4.370000e+02
     vertex  1.858878e+02  7.810795e+01  4.370000e+02
   endloop
 endfacet
 facet normal -9.987468e-01 -5.004751e-02  1.050098e-14
   outer loop
     vertex  1.860944e+02  7.917293e+01  4.395000e+02
     vertex  1.860401e+02  8.025640e+01  4.370000e+02
     vertex  1.860944e+02  7.917293e+01  4.370000e+02
   endloop
 endfacet
 facet normal -9.817022e-01  1.904225e-01  1.440957e-14
   outer loop
     vertex  1.860944e+02  7.917293e+01  4.395000e+02
     vertex  1.858878e+02  7.810795e+01  4.370000e+02
     vertex  1.858878e+02  7.810795e+01  4.395000e+02
   endloop
 endfacet
 facet normal -9.987468e-01 -5.004751e-02 -1.137949e-15
   outer loop
     vertex  1.860401e+02  8.025640e+01  4.395000e+02
     vertex  1.860401e+02  8.025640e+01  4.370000e+02
     vertex  1.860944e+02  7.917293e+01  4.395000e+02
   endloop
 endfacet
 facet normal -9.577479e-01 -2.876090e-01  7.618598e-15
   outer loop
     vertex  1.857281e+02  8.129540e+01  4.395000e+02
     vertex  1.857281e+02  8.129540e+01  4.370000e+02
     vertex  1.860401e+02  8.025640e+01  4.370000e+02
   endloop
 endfacet
 facet normal -9.577479e-01 -2.876090e-01 -6.549806e-15
   outer loop
     vertex  1.857281e+02  8.129540e+01  4.395000e+02
     vertex  1.860401e+02  8.025640e+01  4.370000e+02
     vertex  1.860401e+02  8.025640e+01  4.395000e+02
   endloop
 endfacet
 facet normal -8.610882e-01 -5.084557e-01 -8.670708e-15
   outer loop
     vertex  1.851765e+02  8.222953e+01  4.395000e+02
     vertex  1.851765e+02  8.222953e+01  4.370000e+02
     vertex  1.857281e+02  8.129540e+01  4.370000e+02
   endloop
 endfacet
 facet normal -8.610882e-01 -5.084557e-01  3.970820e-15
   outer loop
     vertex  1.851765e+02  8.222953e+01  4.395000e+02
     vertex  1.857281e+02  8.129540e+01  4.370000e+02
     vertex  1.857281e+02  8.129540e+01  4.395000e+02
   endloop
 endfacet
 facet normal -7.143851e-01 -6.997528e-01 -1.193290e-14
   outer loop
     vertex  1.844174e+02  8.300452e+01  4.395000e+02
     vertex  1.844174e+02  8.300452e+01  4.370000e+02
     vertex  1.851765e+02  8.222953e+01  4.370000e+02
   endloop
 endfacet
 facet normal -7.143851e-01 -6.997528e-01 -1.191246e-14
   outer loop
     vertex  1.844174e+02  8.300452e+01  4.395000e+02
     vertex  1.851765e+02  8.222953e+01  4.370000e+02
     vertex  1.851765e+02  8.222953e+01  4.395000e+02
   endloop
 endfacet
 facet normal -5.261646e-01 -8.503828e-01 -8.519800e-15
   outer loop
     vertex  1.834949e+02  8.357532e+01  4.395000e+02
     vertex  1.834949e+02  8.357532e+01  4.370000e+02
     vertex  1.844174e+02  8.300452e+01  4.370000e+02
   endloop
 endfacet
 facet normal -3.073653e-01 -9.515916e-01 -1.273318e-14
   outer loop
     vertex  1.834949e+02  8.357532e+01  4.395000e+02
     vertex  1.824626e+02  8.390876e+01  4.370000e+02
     vertex  1.834949e+02  8.357532e+01  4.370000e+02
   endloop
 endfacet
 facet normal -5.261646e-01 -8.503828e-01 -1.449145e-14
   outer loop
     vertex  1.834949e+02  8.357532e+01  4.395000e+02
     vertex  1.844174e+02  8.300452e+01  4.370000e+02
     vertex  1.844174e+02  8.300452e+01  4.395000e+02
   endloop
 endfacet
 facet normal -7.070302e-02 -9.974974e-01 -1.053643e-14
   outer loop
     vertex  1.824626e+02  8.390876e+01  4.395000e+02
     vertex  1.813805e+02  8.398546e+01  4.370000e+02
     vertex  1.824626e+02  8.390876e+01  4.370000e+02
   endloop
 endfacet
 facet normal -3.073653e-01 -9.515916e-01 -7.324005e-15
   outer loop
     vertex  1.824626e+02  8.390876e+01  4.395000e+02
     vertex  1.824626e+02  8.390876e+01  4.370000e+02
     vertex  1.834949e+02  8.357532e+01  4.395000e+02
   endloop
 endfacet
 facet normal -7.070302e-02 -9.974974e-01 -1.701035e-14
   outer loop
     vertex  1.813805e+02  8.398546e+01  4.395000e+02
     vertex  1.813805e+02  8.398546e+01  4.370000e+02
     vertex  1.824626e+02  8.390876e+01  4.395000e+02
   endloop
 endfacet
 facet normal  1.700682e-01 -9.854323e-01 -1.680460e-14
   outer loop
     vertex  1.803114e+02  8.380096e+01  4.395000e+02
     vertex  1.803114e+02  8.380096e+01  4.370000e+02
     vertex  1.813805e+02  8.398546e+01  4.370000e+02
   endloop
 endfacet
 facet normal  1.700682e-01 -9.854323e-01 -1.680435e-14
   outer loop
     vertex  1.803114e+02  8.380096e+01  4.395000e+02
     vertex  1.813805e+02  8.398546e+01  4.370000e+02
     vertex  1.813805e+02  8.398546e+01  4.395000e+02
   endloop
 endfacet
 facet normal -4.009557e-01  9.160974e-01  2.018978e-14
   outer loop
     vertex  1.750506e+02  1.075231e+02  4.395000e+02
     vertex  1.739464e+02  1.070398e+02  4.370000e+02
     vertex  1.739464e+02  1.070398e+02  4.395000e+02
   endloop
 endfacet
 facet normal -4.009557e-01  9.160974e-01  1.041482e-14
   outer loop
     vertex  1.750506e+02  1.075231e+02  4.395000e+02
     vertex  1.750506e+02  1.075231e+02  4.370000e+02
     vertex  1.739464e+02  1.070398e+02  4.370000e+02
   endloop
 endfacet
 facet normal -6.085412e-01  7.935223e-01  1.353196e-14
   outer loop
     vertex  1.760071e+02  1.082566e+02  4.395000e+02
     vertex  1.760071e+02  1.082566e+02  4.370000e+02
     vertex  1.750506e+02  1.075231e+02  4.370000e+02
   endloop
 endfacet
 facet normal -7.807604e-01  6.248306e-01  1.065525e-14
   outer loop
     vertex  1.760071e+02  1.082566e+02  4.395000e+02
     vertex  1.767603e+02  1.091977e+02  4.370000e+02
     vertex  1.760071e+02  1.082566e+02  4.370000e+02
   endloop
 endfacet
 facet normal -6.085412e-01  7.935223e-01  9.026452e-15
   outer loop
     vertex  1.760071e+02  1.082566e+02  4.395000e+02
     vertex  1.750506e+02  1.075231e+02  4.370000e+02
     vertex  1.750506e+02  1.075231e+02  4.395000e+02
   endloop
 endfacet
 facet normal -7.807604e-01  6.248306e-01  1.065525e-14
   outer loop
     vertex  1.767603e+02  1.091977e+02  4.395000e+02
     vertex  1.767603e+02  1.091977e+02  4.370000e+02
     vertex  1.760071e+02  1.082566e+02  4.395000e+02
   endloop
 endfacet
 facet normal -9.076046e-01  4.198259e-01  1.747757e-14
   outer loop
     vertex  1.772663e+02  1.102917e+02  4.395000e+02
     vertex  1.772663e+02  1.102917e+02  4.370000e+02
     vertex  1.767603e+02  1.091977e+02  4.370000e+02
   endloop
 endfacet
 facet normal -9.076046e-01  4.198259e-01  7.147476e-15
   outer loop
     vertex  1.772663e+02  1.102917e+02  4.395000e+02
     vertex  1.767603e+02  1.091977e+02  4.370000e+02
     vertex  1.767603e+02  1.091977e+02  4.395000e+02
   endloop
 endfacet
 facet normal -9.817022e-01  1.904225e-01  1.440794e-14
   outer loop
     vertex  1.774958e+02  1.114750e+02  4.395000e+02
     vertex  1.774958e+02  1.114750e+02  4.370000e+02
     vertex  1.772663e+02  1.102917e+02  4.370000e+02
   endloop
 endfacet
 facet normal -9.987468e-01 -5.004751e-02  1.050098e-14
   outer loop
     vertex  1.774958e+02  1.114750e+02  4.395000e+02
     vertex  1.774355e+02  1.126789e+02  4.370000e+02
     vertex  1.774958e+02  1.114750e+02  4.370000e+02
   endloop
 endfacet
 facet normal -9.817022e-01  1.904225e-01  1.440548e-14
   outer loop
     vertex  1.774958e+02  1.114750e+02  4.395000e+02
     vertex  1.772663e+02  1.102917e+02  4.370000e+02
     vertex  1.772663e+02  1.102917e+02  4.395000e+02
   endloop
 endfacet
 facet normal -9.987468e-01 -5.004751e-02  1.078546e-14
   outer loop
     vertex  1.774355e+02  1.126789e+02  4.395000e+02
     vertex  1.774355e+02  1.126789e+02  4.370000e+02
     vertex  1.774958e+02  1.114750e+02  4.395000e+02
   endloop
 endfacet
 facet normal -9.577479e-01 -2.876090e-01 -3.269736e-15
   outer loop
     vertex  1.770888e+02  1.138333e+02  4.395000e+02
     vertex  1.770888e+02  1.138333e+02  4.370000e+02
     vertex  1.774355e+02  1.126789e+02  4.370000e+02
   endloop
 endfacet
 facet normal -9.577479e-01 -2.876090e-01  7.608010e-15
   outer loop
     vertex  1.770888e+02  1.138333e+02  4.395000e+02
     vertex  1.774355e+02  1.126789e+02  4.370000e+02
     vertex  1.774355e+02  1.126789e+02  4.395000e+02
   endloop
 endfacet
 facet normal -8.610882e-01 -5.084557e-01 -5.780472e-15
   outer loop
     vertex  1.764760e+02  1.148712e+02  4.395000e+02
     vertex  1.764760e+02  1.148712e+02  4.370000e+02
     vertex  1.770888e+02  1.138333e+02  4.370000e+02
   endloop
 endfacet
 facet normal -8.610882e-01 -5.084557e-01 -5.784298e-15
   outer loop
     vertex  1.764760e+02  1.148712e+02  4.395000e+02
     vertex  1.770888e+02  1.138333e+02  4.370000e+02
     vertex  1.770888e+02  1.138333e+02  4.395000e+02
   endloop
 endfacet
 facet normal -7.143851e-01 -6.997528e-01  1.663505e-16
   outer loop
     vertex  1.756325e+02  1.157323e+02  4.395000e+02
     vertex  1.756325e+02  1.157323e+02  4.370000e+02
     vertex  1.764760e+02  1.148712e+02  4.370000e+02
   endloop
 endfacet
 facet normal -7.143851e-01 -6.997528e-01 -7.958015e-15
   outer loop
     vertex  1.756325e+02  1.157323e+02  4.395000e+02
     vertex  1.764760e+02  1.148712e+02  4.370000e+02
     vertex  1.764760e+02  1.148712e+02  4.395000e+02
   endloop
 endfacet
 facet normal -5.261646e-01 -8.503828e-01 -1.933547e-14
   outer loop
     vertex  1.746075e+02  1.163665e+02  4.395000e+02
     vertex  1.746075e+02  1.163665e+02  4.370000e+02
     vertex  1.756325e+02  1.157323e+02  4.370000e+02
   endloop
 endfacet
 facet normal -3.073653e-01 -9.515916e-01 -2.163669e-14
   outer loop
     vertex  1.746075e+02  1.163665e+02  4.395000e+02
     vertex  1.734605e+02  1.167370e+02  4.370000e+02
     vertex  1.746075e+02  1.163665e+02  4.370000e+02
   endloop
 endfacet
 facet normal -5.261646e-01 -8.503828e-01 -3.684266e-15
   outer loop
     vertex  1.746075e+02  1.163665e+02  4.395000e+02
     vertex  1.756325e+02  1.157323e+02  4.370000e+02
     vertex  1.756325e+02  1.157323e+02  4.395000e+02
   endloop
 endfacet
 facet normal -7.070302e-02 -9.974974e-01 -1.701035e-14
   outer loop
     vertex  1.734605e+02  1.167370e+02  4.395000e+02
     vertex  1.722581e+02  1.168222e+02  4.370000e+02
     vertex  1.734605e+02  1.167370e+02  4.370000e+02
   endloop
 endfacet
 facet normal -3.073653e-01 -9.515916e-01 -1.622752e-14
   outer loop
     vertex  1.734605e+02  1.167370e+02  4.395000e+02
     vertex  1.734605e+02  1.167370e+02  4.370000e+02
     vertex  1.746075e+02  1.163665e+02  4.395000e+02
   endloop
 endfacet
 facet normal -7.070302e-02 -9.974974e-01 -1.701035e-14
   outer loop
     vertex  1.722581e+02  1.168222e+02  4.395000e+02
     vertex  1.722581e+02  1.168222e+02  4.370000e+02
     vertex  1.734605e+02  1.167370e+02  4.395000e+02
   endloop
 endfacet
 facet normal  1.700682e-01 -9.854323e-01 -1.933452e-15
   outer loop
     vertex  1.710703e+02  1.166173e+02  4.395000e+02
     vertex  1.710703e+02  1.166173e+02  4.370000e+02
     vertex  1.722581e+02  1.168222e+02  4.370000e+02
   endloop
 endfacet
 facet normal  1.700682e-01 -9.854323e-01 -1.680025e-14
   outer loop
     vertex  1.710703e+02  1.166173e+02  4.395000e+02
     vertex  1.722581e+02  1.168222e+02  4.370000e+02
     vertex  1.722581e+02  1.168222e+02  4.395000e+02
   endloop
 endfacet
 facet normal -4.009557e-01  9.160974e-01  1.300546e-14
   outer loop
     vertex  1.943708e+02  4.318622e+01  4.395000e+02
     vertex  1.932666e+02  4.270292e+01  4.370000e+02
     vertex  1.932666e+02  4.270292e+01  4.395000e+02
   endloop
 endfacet
 facet normal -4.009557e-01  9.160974e-01  2.018057e-14
   outer loop
     vertex  1.943708e+02  4.318622e+01  4.395000e+02
     vertex  1.943708e+02  4.318622e+01  4.370000e+02
     vertex  1.932666e+02  4.270292e+01  4.370000e+02
   endloop
 endfacet
 facet normal -6.085412e-01  7.935223e-01  1.804261e-14
   outer loop
     vertex  1.953273e+02  4.391973e+01  4.395000e+02
     vertex  1.953273e+02  4.391973e+01  4.370000e+02
     vertex  1.943708e+02  4.318622e+01  4.370000e+02
   endloop
 endfacet
 facet normal -7.807604e-01  6.248306e-01  1.420700e-14
   outer loop
     vertex  1.953273e+02  4.391973e+01  4.395000e+02
     vertex  1.960804e+02  4.486084e+01  4.370000e+02
     vertex  1.953273e+02  4.391973e+01  4.370000e+02
   endloop
 endfacet
 facet normal -6.085412e-01  7.935223e-01  2.044768e-14
   outer loop
     vertex  1.953273e+02  4.391973e+01  4.395000e+02
     vertex  1.943708e+02  4.318622e+01  4.370000e+02
     vertex  1.943708e+02  4.318622e+01  4.395000e+02
   endloop
 endfacet
 facet normal -7.807604e-01  6.248306e-01  1.243113e-14
   outer loop
     vertex  1.960804e+02  4.486084e+01  4.395000e+02
     vertex  1.960804e+02  4.486084e+01  4.370000e+02
     vertex  1.953273e+02  4.391973e+01  4.395000e+02
   endloop
 endfacet
 facet normal -9.076046e-01  4.198259e-01  1.628436e-14
   outer loop
     vertex  1.965865e+02  4.595483e+01  4.395000e+02
     vertex  1.965865e+02  4.595483e+01  4.370000e+02
     vertex  1.960804e+02  4.486084e+01  4.370000e+02
   endloop
 endfacet
 facet normal -9.076046e-01  4.198259e-01  8.363284e-15
   outer loop
     vertex  1.965865e+02  4.595483e+01  4.395000e+02
     vertex  1.960804e+02  4.486084e+01  4.370000e+02
     vertex  1.960804e+02  4.486084e+01  4.395000e+02
   endloop
 endfacet
 facet normal -9.817022e-01  1.904225e-01  1.440794e-14
   outer loop
     vertex  1.968160e+02  4.713815e+01  4.395000e+02
     vertex  1.968160e+02  4.713815e+01  4.370000e+02
     vertex  1.965865e+02  4.595483e+01  4.370000e+02
   endloop
 endfacet
 facet normal -9.987468e-01 -5.004751e-02  1.050098e-14
   outer loop
     vertex  1.968160e+02  4.713815e+01  4.395000e+02
     vertex  1.967557e+02  4.834200e+01  4.370000e+02
     vertex  1.968160e+02  4.713815e+01  4.370000e+02
   endloop
 endfacet
 facet normal -9.817022e-01  1.904225e-01  1.387126e-14
   outer loop
     vertex  1.968160e+02  4.713815e+01  4.395000e+02
     vertex  1.965865e+02  4.595483e+01  4.370000e+02
     vertex  1.965865e+02  4.595483e+01  4.395000e+02
   endloop
 endfacet
 facet normal -9.987468e-01 -5.004751e-02  1.064322e-14
   outer loop
     vertex  1.967557e+02  4.834200e+01  4.395000e+02
     vertex  1.967557e+02  4.834200e+01  4.370000e+02
     vertex  1.968160e+02  4.713815e+01  4.395000e+02
   endloop
 endfacet
 facet normal -9.577479e-01 -2.876090e-01 -5.722037e-15
   outer loop
     vertex  1.964090e+02  4.949644e+01  4.395000e+02
     vertex  1.964090e+02  4.949644e+01  4.370000e+02
     vertex  1.967557e+02  4.834200e+01  4.370000e+02
   endloop
 endfacet
 facet normal -9.577479e-01 -2.876090e-01  6.797471e-15
   outer loop
     vertex  1.964090e+02  4.949644e+01  4.395000e+02
     vertex  1.967557e+02  4.834200e+01  4.370000e+02
     vertex  1.967557e+02  4.834200e+01  4.395000e+02
   endloop
 endfacet
 facet normal -8.610882e-01 -5.084557e-01  2.563849e-15
   outer loop
     vertex  1.957961e+02  5.053437e+01  4.395000e+02
     vertex  1.957961e+02  5.053437e+01  4.370000e+02
     vertex  1.964090e+02  4.949644e+01  4.370000e+02
   endloop
 endfacet
 facet normal -8.610882e-01 -5.084557e-01 -1.013173e-14
   outer loop
     vertex  1.957961e+02  5.053437e+01  4.395000e+02
     vertex  1.964090e+02  4.949644e+01  4.370000e+02
     vertex  1.964090e+02  4.949644e+01  4.395000e+02
   endloop
 endfacet
 facet normal -7.143851e-01 -6.997528e-01  4.310335e-15
   outer loop
     vertex  1.949527e+02  5.139546e+01  4.395000e+02
     vertex  1.949527e+02  5.139546e+01  4.370000e+02
     vertex  1.957961e+02  5.053437e+01  4.370000e+02
   endloop
 endfacet
 facet normal -7.143851e-01 -6.997528e-01 -1.805290e-15
   outer loop
     vertex  1.949527e+02  5.139546e+01  4.395000e+02
     vertex  1.957961e+02  5.053437e+01  4.370000e+02
     vertex  1.957961e+02  5.053437e+01  4.395000e+02
   endloop
 endfacet
 facet normal -5.261646e-01 -8.503828e-01 -6.102867e-15
   outer loop
     vertex  1.939276e+02  5.202968e+01  4.395000e+02
     vertex  1.939276e+02  5.202968e+01  4.370000e+02
     vertex  1.949527e+02  5.139546e+01  4.370000e+02
   endloop
 endfacet
 facet normal -3.073653e-01 -9.515916e-01 -1.002859e-14
   outer loop
     vertex  1.939276e+02  5.202968e+01  4.395000e+02
     vertex  1.927806e+02  5.240017e+01  4.370000e+02
     vertex  1.939276e+02  5.202968e+01  4.370000e+02
   endloop
 endfacet
 facet normal -5.261646e-01 -8.503828e-01 -2.542144e-15
   outer loop
     vertex  1.939276e+02  5.202968e+01  4.395000e+02
     vertex  1.949527e+02  5.139546e+01  4.370000e+02
     vertex  1.949527e+02  5.139546e+01  4.395000e+02
   endloop
 endfacet
 facet normal -7.070302e-02 -9.974974e-01 -1.337149e-14
   outer loop
     vertex  1.927806e+02  5.240017e+01  4.395000e+02
     vertex  1.915783e+02  5.248539e+01  4.370000e+02
     vertex  1.927806e+02  5.240017e+01  4.370000e+02
   endloop
 endfacet
 facet normal -3.073653e-01 -9.515916e-01 -1.002859e-14
   outer loop
     vertex  1.927806e+02  5.240017e+01  4.395000e+02
     vertex  1.927806e+02  5.240017e+01  4.370000e+02
     vertex  1.939276e+02  5.202968e+01  4.395000e+02
   endloop
 endfacet
 facet normal -7.070302e-02 -9.974974e-01 -1.337149e-14
   outer loop
     vertex  1.915783e+02  5.248539e+01  4.395000e+02
     vertex  1.915783e+02  5.248539e+01  4.370000e+02
     vertex  1.927806e+02  5.240017e+01  4.395000e+02
   endloop
 endfacet
 facet normal  1.700682e-01 -9.854323e-01 -1.680460e-14
   outer loop
     vertex  1.903905e+02  5.228040e+01  4.395000e+02
     vertex  1.903905e+02  5.228040e+01  4.370000e+02
     vertex  1.915783e+02  5.248539e+01  4.370000e+02
   endloop
 endfacet
 facet normal  1.700682e-01 -9.854323e-01 -1.594366e-14
   outer loop
     vertex  1.903905e+02  5.228040e+01  4.395000e+02
     vertex  1.915783e+02  5.248539e+01  4.370000e+02
     vertex  1.915783e+02  5.248539e+01  4.395000e+02
   endloop
 endfacet
 facet normal -4.009557e-01  9.160974e-01  1.300546e-14
   outer loop
     vertex  1.300339e+02  2.386604e+01  4.395000e+02
     vertex  1.289297e+02  2.338275e+01  4.370000e+02
     vertex  1.289297e+02  2.338275e+01  4.395000e+02
   endloop
 endfacet
 facet normal -4.009557e-01  9.160974e-01  1.041482e-14
   outer loop
     vertex  1.300339e+02  2.386604e+01  4.395000e+02
     vertex  1.300339e+02  2.386604e+01  4.370000e+02
     vertex  1.289297e+02  2.338275e+01  4.370000e+02
   endloop
 endfacet
 facet normal -6.085412e-01  7.935223e-01  1.127663e-14
   outer loop
     vertex  1.309904e+02  2.459956e+01  4.395000e+02
     vertex  1.309904e+02  2.459956e+01  4.370000e+02
     vertex  1.300339e+02  2.386604e+01  4.370000e+02
   endloop
 endfacet
 facet normal -7.807604e-01  6.248306e-01  8.879376e-15
   outer loop
     vertex  1.309904e+02  2.459956e+01  4.395000e+02
     vertex  1.317436e+02  2.554066e+01  4.370000e+02
     vertex  1.309904e+02  2.459956e+01  4.370000e+02
   endloop
 endfacet
 facet normal -6.085412e-01  7.935223e-01  9.026452e-15
   outer loop
     vertex  1.309904e+02  2.459956e+01  4.395000e+02
     vertex  1.300339e+02  2.386604e+01  4.370000e+02
     vertex  1.300339e+02  2.386604e+01  4.395000e+02
   endloop
 endfacet
 facet normal -7.807604e-01  6.248306e-01  1.065525e-14
   outer loop
     vertex  1.317436e+02  2.554066e+01  4.395000e+02
     vertex  1.317436e+02  2.554066e+01  4.370000e+02
     vertex  1.309904e+02  2.459956e+01  4.395000e+02
   endloop
 endfacet
 facet normal -9.076046e-01  4.198259e-01  1.747757e-14
   outer loop
     vertex  1.322496e+02  2.663466e+01  4.395000e+02
     vertex  1.322496e+02  2.663466e+01  4.370000e+02
     vertex  1.317436e+02  2.554066e+01  4.370000e+02
   endloop
 endfacet
 facet normal -9.076046e-01  4.198259e-01  7.147476e-15
   outer loop
     vertex  1.322496e+02  2.663466e+01  4.395000e+02
     vertex  1.317436e+02  2.554066e+01  4.370000e+02
     vertex  1.317436e+02  2.554066e+01  4.395000e+02
   endloop
 endfacet
 facet normal -9.817022e-01  1.904225e-01  3.247280e-15
   outer loop
     vertex  1.324791e+02  2.781797e+01  4.395000e+02
     vertex  1.324791e+02  2.781797e+01  4.370000e+02
     vertex  1.322496e+02  2.663466e+01  4.370000e+02
   endloop
 endfacet
 facet normal -9.987468e-01 -5.004751e-02 -8.534615e-16
   outer loop
     vertex  1.324791e+02  2.781797e+01  4.395000e+02
     vertex  1.324188e+02  2.902183e+01  4.370000e+02
     vertex  1.324791e+02  2.781797e+01  4.370000e+02
   endloop
 endfacet
 facet normal -9.817022e-01  1.904225e-01  1.442390e-14
   outer loop
     vertex  1.324791e+02  2.781797e+01  4.395000e+02
     vertex  1.322496e+02  2.663466e+01  4.370000e+02
     vertex  1.322496e+02  2.663466e+01  4.395000e+02
   endloop
 endfacet
 facet normal -9.987468e-01 -5.004751e-02  1.064322e-14
   outer loop
     vertex  1.324188e+02  2.902183e+01  4.395000e+02
     vertex  1.324188e+02  2.902183e+01  4.370000e+02
     vertex  1.324791e+02  2.781797e+01  4.395000e+02
   endloop
 endfacet
 facet normal -9.577479e-01 -2.876090e-01 -4.904603e-15
   outer loop
     vertex  1.320721e+02  3.017626e+01  4.395000e+02
     vertex  1.320721e+02  3.017626e+01  4.370000e+02
     vertex  1.324188e+02  2.902183e+01  4.370000e+02
   endloop
 endfacet
 facet normal -9.577479e-01 -2.876090e-01  6.797471e-15
   outer loop
     vertex  1.320721e+02  3.017626e+01  4.395000e+02
     vertex  1.324188e+02  2.902183e+01  4.370000e+02
     vertex  1.324188e+02  2.902183e+01  4.395000e+02
   endloop
 endfacet
 facet normal -8.610882e-01 -5.084557e-01 -8.670708e-15
   outer loop
     vertex  1.314593e+02  3.121419e+01  4.395000e+02
     vertex  1.314593e+02  3.121419e+01  4.370000e+02
     vertex  1.320721e+02  3.017626e+01  4.370000e+02
   endloop
 endfacet
 facet normal -8.610882e-01 -5.084557e-01 -8.658025e-15
   outer loop
     vertex  1.314593e+02  3.121419e+01  4.395000e+02
     vertex  1.320721e+02  3.017626e+01  4.370000e+02
     vertex  1.320721e+02  3.017626e+01  4.395000e+02
   endloop
 endfacet
 facet normal -7.143851e-01 -6.997528e-01 -1.193290e-14
   outer loop
     vertex  1.306158e+02  3.207529e+01  4.395000e+02
     vertex  1.306158e+02  3.207529e+01  4.370000e+02
     vertex  1.314593e+02  3.121419e+01  4.370000e+02
   endloop
 endfacet
 facet normal -7.143851e-01 -6.997528e-01 -1.190018e-14
   outer loop
     vertex  1.306158e+02  3.207529e+01  4.395000e+02
     vertex  1.314593e+02  3.121419e+01  4.370000e+02
     vertex  1.314593e+02  3.121419e+01  4.395000e+02
   endloop
 endfacet
 facet normal -5.261646e-01 -8.503828e-01 -6.102867e-15
   outer loop
     vertex  1.295908e+02  3.270951e+01  4.395000e+02
     vertex  1.295908e+02  3.270951e+01  4.370000e+02
     vertex  1.306158e+02  3.207529e+01  4.370000e+02
   endloop
 endfacet
 facet normal -3.073653e-01 -9.515916e-01 -1.002859e-14
   outer loop
     vertex  1.295908e+02  3.270951e+01  4.395000e+02
     vertex  1.284438e+02  3.308000e+01  4.370000e+02
     vertex  1.295908e+02  3.270951e+01  4.370000e+02
   endloop
 endfacet
 facet normal -5.261646e-01 -8.503828e-01 -1.451601e-14
   outer loop
     vertex  1.295908e+02  3.270951e+01  4.395000e+02
     vertex  1.306158e+02  3.207529e+01  4.370000e+02
     vertex  1.306158e+02  3.207529e+01  4.395000e+02
   endloop
 endfacet
 facet normal -7.070302e-02 -9.974974e-01 -1.417529e-14
   outer loop
     vertex  1.284438e+02  3.308000e+01  4.395000e+02
     vertex  1.272414e+02  3.316522e+01  4.370000e+02
     vertex  1.284438e+02  3.308000e+01  4.370000e+02
   endloop
 endfacet
 facet normal -3.073653e-01 -9.515916e-01 -1.352293e-14
   outer loop
     vertex  1.284438e+02  3.308000e+01  4.395000e+02
     vertex  1.284438e+02  3.308000e+01  4.370000e+02
     vertex  1.295908e+02  3.270951e+01  4.395000e+02
   endloop
 endfacet
 facet normal -7.070302e-02 -9.974974e-01 -1.620655e-14
   outer loop
     vertex  1.272414e+02  3.316522e+01  4.395000e+02
     vertex  1.272414e+02  3.316522e+01  4.370000e+02
     vertex  1.284438e+02  3.308000e+01  4.395000e+02
   endloop
 endfacet
 facet normal  1.700682e-01 -9.854323e-01 -1.960537e-14
   outer loop
     vertex  1.260536e+02  3.296022e+01  4.395000e+02
     vertex  1.260536e+02  3.296022e+01  4.370000e+02
     vertex  1.272414e+02  3.316522e+01  4.370000e+02
   endloop
 endfacet
 facet normal  1.700682e-01 -9.854323e-01 -1.873449e-14
   outer loop
     vertex  1.260536e+02  3.296022e+01  4.395000e+02
     vertex  1.272414e+02  3.316522e+01  4.370000e+02
     vertex  1.272414e+02  3.316522e+01  4.395000e+02
   endloop
 endfacet
 facet normal -4.009557e-01  9.160974e-01  2.081610e-14
   outer loop
     vertex  1.107138e+02  8.820290e+01  4.395000e+02
     vertex  1.096095e+02  8.771960e+01  4.370000e+02
     vertex  1.096095e+02  8.771960e+01  4.395000e+02
   endloop
 endfacet
 facet normal -4.009557e-01  9.160974e-01  1.562223e-14
   outer loop
     vertex  1.107138e+02  8.820290e+01  4.395000e+02
     vertex  1.107138e+02  8.820290e+01  4.370000e+02
     vertex  1.096095e+02  8.771960e+01  4.370000e+02
   endloop
 endfacet
 facet normal -6.085412e-01  7.935223e-01  1.699111e-14
   outer loop
     vertex  1.116702e+02  8.893641e+01  4.395000e+02
     vertex  1.116702e+02  8.893641e+01  4.370000e+02
     vertex  1.107138e+02  8.820290e+01  4.370000e+02
   endloop
 endfacet
 facet normal -7.807604e-01  6.248306e-01  1.509336e-14
   outer loop
     vertex  1.116702e+02  8.893641e+01  4.395000e+02
     vertex  1.124234e+02  8.987752e+01  4.370000e+02
     vertex  1.116702e+02  8.893641e+01  4.370000e+02
   endloop
 endfacet
 facet normal -6.085412e-01  7.935223e-01  1.355810e-14
   outer loop
     vertex  1.116702e+02  8.893641e+01  4.395000e+02
     vertex  1.107138e+02  8.820290e+01  4.370000e+02
     vertex  1.107138e+02  8.820290e+01  4.395000e+02
   endloop
 endfacet
 facet normal -7.807604e-01  6.248306e-01  1.597972e-14
   outer loop
     vertex  1.124234e+02  8.987752e+01  4.395000e+02
     vertex  1.124234e+02  8.987752e+01  4.370000e+02
     vertex  1.116702e+02  8.893641e+01  4.395000e+02
   endloop
 endfacet
 facet normal -9.076046e-01  4.198259e-01  9.545736e-15
   outer loop
     vertex  1.129294e+02  9.097151e+01  4.395000e+02
     vertex  1.129294e+02  9.097151e+01  4.370000e+02
     vertex  1.124234e+02  8.987752e+01  4.370000e+02
   endloop
 endfacet
 facet normal -9.076046e-01  4.198259e-01  1.506865e-14
   outer loop
     vertex  1.129294e+02  9.097151e+01  4.395000e+02
     vertex  1.124234e+02  8.987752e+01  4.370000e+02
     vertex  1.124234e+02  8.987752e+01  4.395000e+02
   endloop
 endfacet
 facet normal -9.817022e-01  1.904225e-01  1.549037e-14
   outer loop
     vertex  1.131590e+02  9.215482e+01  4.395000e+02
     vertex  1.131590e+02  9.215482e+01  4.370000e+02
     vertex  1.129294e+02  9.097151e+01  4.370000e+02
   endloop
 endfacet
 facet normal -9.987468e-01 -5.004751e-02  1.021649e-14
   outer loop
     vertex  1.131590e+02  9.215482e+01  4.395000e+02
     vertex  1.130986e+02  9.335868e+01  4.370000e+02
     vertex  1.131590e+02  9.215482e+01  4.370000e+02
   endloop
 endfacet
 facet normal -9.817022e-01  1.904225e-01  4.329013e-15
   outer loop
     vertex  1.131590e+02  9.215482e+01  4.395000e+02
     vertex  1.129294e+02  9.097151e+01  4.370000e+02
     vertex  1.129294e+02  9.097151e+01  4.395000e+02
   endloop
 endfacet
 facet normal -9.987468e-01 -5.004751e-02 -1.137949e-15
   outer loop
     vertex  1.130986e+02  9.335868e+01  4.395000e+02
     vertex  1.130986e+02  9.335868e+01  4.370000e+02
     vertex  1.131590e+02  9.215482e+01  4.395000e+02
   endloop
 endfacet
 facet normal -9.577479e-01 -2.876090e-01  9.253465e-15
   outer loop
     vertex  1.127520e+02  9.451312e+01  4.395000e+02
     vertex  1.127520e+02  9.451312e+01  4.370000e+02
     vertex  1.130986e+02  9.335868e+01  4.370000e+02
   endloop
 endfacet
 facet normal -9.577479e-01 -2.876090e-01 -6.539572e-15
   outer loop
     vertex  1.127520e+02  9.451312e+01  4.395000e+02
     vertex  1.130986e+02  9.335868e+01  4.370000e+02
     vertex  1.130986e+02  9.335868e+01  4.395000e+02
   endloop
 endfacet
 facet normal -8.610882e-01 -5.084557e-01 -1.156094e-14
   outer loop
     vertex  1.121391e+02  9.555105e+01  4.395000e+02
     vertex  1.121391e+02  9.555105e+01  4.370000e+02
     vertex  1.127520e+02  9.451312e+01  4.370000e+02
   endloop
 endfacet
 facet normal -8.610882e-01 -5.084557e-01  6.889578e-15
   outer loop
     vertex  1.121391e+02  9.555105e+01  4.395000e+02
     vertex  1.127520e+02  9.451312e+01  4.370000e+02
     vertex  1.127520e+02  9.451312e+01  4.395000e+02
   endloop
 endfacet
 facet normal -7.143851e-01 -6.997528e-01 -1.193290e-14
   outer loop
     vertex  1.112956e+02  9.641214e+01  4.395000e+02
     vertex  1.112956e+02  9.641214e+01  4.370000e+02
     vertex  1.121391e+02  9.555105e+01  4.370000e+02
   endloop
 endfacet
 facet normal -7.143851e-01 -6.997528e-01 -1.591603e-14
   outer loop
     vertex  1.112956e+02  9.641214e+01  4.395000e+02
     vertex  1.121391e+02  9.555105e+01  4.370000e+02
     vertex  1.121391e+02  9.555105e+01  4.395000e+02
   endloop
 endfacet
 facet normal -5.261646e-01 -8.503828e-01 -1.450160e-14
   outer loop
     vertex  1.102706e+02  9.704636e+01  4.395000e+02
     vertex  1.102706e+02  9.704636e+01  4.370000e+02
     vertex  1.112956e+02  9.641214e+01  4.370000e+02
   endloop
 endfacet
 facet normal -3.073653e-01 -9.515916e-01 -1.622752e-14
   outer loop
     vertex  1.102706e+02  9.704636e+01  4.395000e+02
     vertex  1.091236e+02  9.741685e+01  4.370000e+02
     vertex  1.102706e+02  9.704636e+01  4.370000e+02
   endloop
 endfacet
 facet normal -5.261646e-01 -8.503828e-01 -1.451601e-14
   outer loop
     vertex  1.102706e+02  9.704636e+01  4.395000e+02
     vertex  1.112956e+02  9.641214e+01  4.370000e+02
     vertex  1.112956e+02  9.641214e+01  4.395000e+02
   endloop
 endfacet
 facet normal -7.070302e-02 -9.974974e-01 -2.187666e-14
   outer loop
     vertex  1.091236e+02  9.741685e+01  4.395000e+02
     vertex  1.079212e+02  9.750207e+01  4.370000e+02
     vertex  1.091236e+02  9.741685e+01  4.370000e+02
   endloop
 endfacet
 facet normal -3.073653e-01 -9.515916e-01 -1.814235e-14
   outer loop
     vertex  1.091236e+02  9.741685e+01  4.395000e+02
     vertex  1.091236e+02  9.741685e+01  4.370000e+02
     vertex  1.102706e+02  9.704636e+01  4.395000e+02
   endloop
 endfacet
 facet normal -7.070302e-02 -9.974974e-01 -1.053643e-14
   outer loop
     vertex  1.079212e+02  9.750207e+01  4.395000e+02
     vertex  1.079212e+02  9.750207e+01  4.370000e+02
     vertex  1.091236e+02  9.741685e+01  4.395000e+02
   endloop
 endfacet
 facet normal  1.700682e-01 -9.854323e-01 -1.313652e-14
   outer loop
     vertex  1.067334e+02  9.729708e+01  4.395000e+02
     vertex  1.067334e+02  9.729708e+01  4.370000e+02
     vertex  1.079212e+02  9.750207e+01  4.370000e+02
   endloop
 endfacet
 facet normal  1.700682e-01 -9.854323e-01 -1.313441e-14
   outer loop
     vertex  1.067334e+02  9.729708e+01  4.395000e+02
     vertex  1.079212e+02  9.750207e+01  4.370000e+02
     vertex  1.079212e+02  9.750207e+01  4.395000e+02
   endloop
 endfacet
 facet normal  9.577479e-01  2.876090e-01  4.855375e-15
   outer loop
     vertex  1.153312e+02  5.332437e+01  4.395000e+02
     vertex  1.136056e+02  5.907086e+01  4.370000e+02
     vertex  1.136056e+02  5.907086e+01  4.395000e+02
   endloop
 endfacet
 facet normal  9.577479e-01  2.876090e-01  5.722037e-15
   outer loop
     vertex  1.153312e+02  5.332437e+01  4.395000e+02
     vertex  1.153312e+02  5.332437e+01  4.370000e+02
     vertex  1.136056e+02  5.907086e+01  4.370000e+02
   endloop
 endfacet
 facet normal  2.876090e-01 -9.577479e-01 -1.963682e-14
   outer loop
     vertex  1.142757e+02  6.031622e+01  4.395000e+02
     vertex  1.353462e+02  6.664361e+01  4.370000e+02
     vertex  1.353462e+02  6.664361e+01  4.395000e+02
   endloop
 endfacet
 facet normal  2.876090e-01 -9.577479e-01 -1.905458e-14
   outer loop
     vertex  1.142757e+02  6.031622e+01  4.395000e+02
     vertex  1.142757e+02  6.031622e+01  4.370000e+02
     vertex  1.353462e+02  6.664361e+01  4.370000e+02
   endloop
 endfacet
 facet normal -9.577479e-01 -2.876090e-01 -6.513308e-15
   outer loop
     vertex  1.365915e+02  6.597347e+01  4.395000e+02
     vertex  1.383172e+02  6.022699e+01  4.370000e+02
     vertex  1.383172e+02  6.022699e+01  4.395000e+02
   endloop
 endfacet
 facet normal -9.577479e-01 -2.876090e-01  5.983730e-15
   outer loop
     vertex  1.365915e+02  6.597347e+01  4.395000e+02
     vertex  1.365915e+02  6.597347e+01  4.370000e+02
     vertex  1.383172e+02  6.022699e+01  4.370000e+02
   endloop
 endfacet
 facet normal -2.876090e-01  9.577479e-01  1.343572e-14
   outer loop
     vertex  1.376470e+02  5.898163e+01  4.395000e+02
     vertex  1.165766e+02  5.265423e+01  4.370000e+02
     vertex  1.165766e+02  5.265423e+01  4.395000e+02
   endloop
 endfacet
 facet normal -2.876090e-01  9.577479e-01  1.905458e-14
   outer loop
     vertex  1.376470e+02  5.898163e+01  4.395000e+02
     vertex  1.376470e+02  5.898163e+01  4.370000e+02
     vertex  1.165766e+02  5.265423e+01  4.370000e+02
   endloop
 endfacet
 facet normal -9.839278e-01 -1.785668e-01 -4.059301e-15
   outer loop
     vertex  1.383572e+02  6.000666e+01  4.370000e+02
     vertex  1.383172e+02  6.022699e+01  4.395000e+02
     vertex  1.383172e+02  6.022699e+01  4.370000e+02
   endloop
 endfacet
 facet normal -9.839278e-01 -1.785668e-01  8.648377e-15
   outer loop
     vertex  1.383572e+02  6.000666e+01  4.370000e+02
     vertex  1.383572e+02  6.000666e+01  4.395000e+02
     vertex  1.383172e+02  6.022699e+01  4.395000e+02
   endloop
 endfacet
 facet normal -9.989935e-01  4.485476e-02  1.212215e-14
   outer loop
     vertex  1.383471e+02  5.978295e+01  4.370000e+02
     vertex  1.383471e+02  5.978295e+01  4.395000e+02
     vertex  1.383572e+02  6.000666e+01  4.395000e+02
   endloop
 endfacet
 facet normal -9.639655e-01  2.660271e-01  1.549559e-14
   outer loop
     vertex  1.383471e+02  5.978295e+01  4.370000e+02
     vertex  1.382876e+02  5.956709e+01  4.395000e+02
     vertex  1.383471e+02  5.978295e+01  4.395000e+02
   endloop
 endfacet
 facet normal -9.989935e-01  4.485476e-02  1.199431e-14
   outer loop
     vertex  1.383471e+02  5.978295e+01  4.370000e+02
     vertex  1.383572e+02  6.000666e+01  4.395000e+02
     vertex  1.383572e+02  6.000666e+01  4.370000e+02
   endloop
 endfacet
 facet normal -9.639655e-01  2.660271e-01  1.549559e-14
   outer loop
     vertex  1.382876e+02  5.956709e+01  4.370000e+02
     vertex  1.382876e+02  5.956709e+01  4.395000e+02
     vertex  1.383471e+02  5.978295e+01  4.370000e+02
   endloop
 endfacet
 facet normal -8.806003e-01  4.738598e-01  9.427534e-15
   outer loop
     vertex  1.381814e+02  5.936990e+01  4.370000e+02
     vertex  1.381814e+02  5.936990e+01  4.395000e+02
     vertex  1.382876e+02  5.956709e+01  4.395000e+02
   endloop
 endfacet
 facet normal -8.806003e-01  4.738598e-01  1.809643e-14
   outer loop
     vertex  1.381814e+02  5.936990e+01  4.370000e+02
     vertex  1.382876e+02  5.956709e+01  4.395000e+02
     vertex  1.382876e+02  5.956709e+01  4.370000e+02
   endloop
 endfacet
 facet normal -7.530781e-01  6.579311e-01  1.978122e-14
   outer loop
     vertex  1.380341e+02  5.920127e+01  4.370000e+02
     vertex  1.380341e+02  5.920127e+01  4.395000e+02
     vertex  1.381814e+02  5.936990e+01  4.395000e+02
   endloop
 endfacet
 facet normal -5.877934e-01  8.090111e-01  2.047852e-14
   outer loop
     vertex  1.380341e+02  5.920127e+01  4.370000e+02
     vertex  1.378530e+02  5.906964e+01  4.395000e+02
     vertex  1.380341e+02  5.920127e+01  4.395000e+02
   endloop
 endfacet
 facet normal -7.530781e-01  6.579311e-01  1.308892e-14
   outer loop
     vertex  1.380341e+02  5.920127e+01  4.370000e+02
     vertex  1.381814e+02  5.936990e+01  4.395000e+02
     vertex  1.381814e+02  5.936990e+01  4.370000e+02
   endloop
 endfacet
 facet normal -5.877934e-01  8.090111e-01  1.817918e-14
   outer loop
     vertex  1.378530e+02  5.906964e+01  4.370000e+02
     vertex  1.378530e+02  5.906964e+01  4.395000e+02
     vertex  1.380341e+02  5.920127e+01  4.370000e+02
   endloop
 endfacet
 facet normal -3.930343e-01  9.195238e-01  1.829411e-14
   outer loop
     vertex  1.376470e+02  5.898163e+01  4.370000e+02
     vertex  1.376470e+02  5.898163e+01  4.395000e+02
     vertex  1.378530e+02  5.906964e+01  4.395000e+02
   endloop
 endfacet
 facet normal -3.930343e-01  9.195238e-01  1.753866e-14
   outer loop
     vertex  1.376470e+02  5.898163e+01  4.370000e+02
     vertex  1.378530e+02  5.906964e+01  4.395000e+02
     vertex  1.378530e+02  5.906964e+01  4.370000e+02
   endloop
 endfacet
 facet normal -1.785668e-01  9.839278e-01  1.398445e-14
   outer loop
     vertex  1.163563e+02  5.261425e+01  4.370000e+02
     vertex  1.165766e+02  5.265423e+01  4.395000e+02
     vertex  1.165766e+02  5.265423e+01  4.370000e+02
   endloop
 endfacet
 facet normal -1.785668e-01  9.839278e-01  1.957544e-14
   outer loop
     vertex  1.163563e+02  5.261425e+01  4.370000e+02
     vertex  1.163563e+02  5.261425e+01  4.395000e+02
     vertex  1.165766e+02  5.265423e+01  4.395000e+02
   endloop
 endfacet
 facet normal  4.485476e-02  9.989935e-01  1.703586e-14
   outer loop
     vertex  1.161326e+02  5.262429e+01  4.370000e+02
     vertex  1.161326e+02  5.262429e+01  4.395000e+02
     vertex  1.163563e+02  5.261425e+01  4.395000e+02
   endloop
 endfacet
 facet normal  2.660271e-01  9.639655e-01  1.643853e-14
   outer loop
     vertex  1.161326e+02  5.262429e+01  4.370000e+02
     vertex  1.159167e+02  5.268386e+01  4.395000e+02
     vertex  1.161326e+02  5.262429e+01  4.395000e+02
   endloop
 endfacet
 facet normal  4.485476e-02  9.989935e-01  1.987508e-14
   outer loop
     vertex  1.161326e+02  5.262429e+01  4.370000e+02
     vertex  1.163563e+02  5.261425e+01  4.395000e+02
     vertex  1.163563e+02  5.261425e+01  4.370000e+02
   endloop
 endfacet
 facet normal  2.660271e-01  9.639655e-01  1.643853e-14
   outer loop
     vertex  1.159167e+02  5.268386e+01  4.370000e+02
     vertex  1.159167e+02  5.268386e+01  4.395000e+02
     vertex  1.161326e+02  5.262429e+01  4.370000e+02
   endloop
 endfacet
 facet normal  4.738598e-01  8.806003e-01  1.501690e-14
   outer loop
     vertex  1.157195e+02  5.278997e+01  4.370000e+02
     vertex  1.157195e+02  5.278997e+01  4.395000e+02
     vertex  1.159167e+02  5.268386e+01  4.395000e+02
   endloop
 endfacet
 facet normal  4.738598e-01  8.806003e-01  1.501632e-14
   outer loop
     vertex  1.157195e+02  5.278997e+01  4.370000e+02
     vertex  1.159167e+02  5.268386e+01  4.395000e+02
     vertex  1.159167e+02  5.268386e+01  4.370000e+02
   endloop
 endfacet
 facet normal  6.579311e-01  7.530781e-01  1.070188e-14
   outer loop
     vertex  1.155509e+02  5.293730e+01  4.370000e+02
     vertex  1.155509e+02  5.293730e+01  4.395000e+02
     vertex  1.157195e+02  5.278997e+01  4.395000e+02
   endloop
 endfacet
 facet normal  8.090111e-01  5.877934e-01  8.353047e-15
   outer loop
     vertex  1.155509e+02  5.293730e+01  4.370000e+02
     vertex  1.154192e+02  5.311846e+01  4.395000e+02
     vertex  1.155509e+02  5.293730e+01  4.395000e+02
   endloop
 endfacet
 facet normal  6.579311e-01  7.530781e-01  1.284103e-14
   outer loop
     vertex  1.155509e+02  5.293730e+01  4.370000e+02
     vertex  1.157195e+02  5.278997e+01  4.395000e+02
     vertex  1.157195e+02  5.278997e+01  4.370000e+02
   endloop
 endfacet
 facet normal  8.090111e-01  5.877934e-01  7.095570e-15
   outer loop
     vertex  1.154192e+02  5.311846e+01  4.370000e+02
     vertex  1.154192e+02  5.311846e+01  4.395000e+02
     vertex  1.155509e+02  5.293730e+01  4.370000e+02
   endloop
 endfacet
 facet normal  9.195238e-01  3.930343e-01  7.819495e-15
   outer loop
     vertex  1.153312e+02  5.332437e+01  4.370000e+02
     vertex  1.153312e+02  5.332437e+01  4.395000e+02
     vertex  1.154192e+02  5.311846e+01  4.395000e+02
   endloop
 endfacet
 facet normal  9.195238e-01  3.930343e-01  2.596713e-15
   outer loop
     vertex  1.153312e+02  5.332437e+01  4.370000e+02
     vertex  1.154192e+02  5.311846e+01  4.395000e+02
     vertex  1.154192e+02  5.311846e+01  4.370000e+02
   endloop
 endfacet
 facet normal  1.785668e-01 -9.839278e-01 -1.880913e-14
   outer loop
     vertex  1.355665e+02  6.668360e+01  4.370000e+02
     vertex  1.353462e+02  6.664361e+01  4.395000e+02
     vertex  1.353462e+02  6.664361e+01  4.370000e+02
   endloop
 endfacet
 facet normal  1.785668e-01 -9.839278e-01 -1.321603e-14
   outer loop
     vertex  1.355665e+02  6.668360e+01  4.370000e+02
     vertex  1.355665e+02  6.668360e+01  4.395000e+02
     vertex  1.353462e+02  6.664361e+01  4.395000e+02
   endloop
 endfacet
 facet normal -4.485476e-02 -9.989935e-01 -1.703586e-14
   outer loop
     vertex  1.357902e+02  6.667356e+01  4.370000e+02
     vertex  1.357902e+02  6.667356e+01  4.395000e+02
     vertex  1.355665e+02  6.668360e+01  4.395000e+02
   endloop
 endfacet
 facet normal -2.660271e-01 -9.639655e-01 -1.643853e-14
   outer loop
     vertex  1.357902e+02  6.667356e+01  4.370000e+02
     vertex  1.360061e+02  6.661398e+01  4.395000e+02
     vertex  1.357902e+02  6.667356e+01  4.395000e+02
   endloop
 endfacet
 facet normal -4.485476e-02 -9.989935e-01 -1.084701e-14
   outer loop
     vertex  1.357902e+02  6.667356e+01  4.370000e+02
     vertex  1.355665e+02  6.668360e+01  4.395000e+02
     vertex  1.355665e+02  6.668360e+01  4.370000e+02
   endloop
 endfacet
 facet normal -2.660271e-01 -9.639655e-01 -1.889366e-14
   outer loop
     vertex  1.360061e+02  6.661398e+01  4.370000e+02
     vertex  1.360061e+02  6.661398e+01  4.395000e+02
     vertex  1.357902e+02  6.667356e+01  4.370000e+02
   endloop
 endfacet
 facet normal -4.738598e-01 -8.806003e-01 -9.629738e-15
   outer loop
     vertex  1.362033e+02  6.650787e+01  4.370000e+02
     vertex  1.362033e+02  6.650787e+01  4.395000e+02
     vertex  1.360061e+02  6.661398e+01  4.395000e+02
   endloop
 endfacet
 facet normal -4.738598e-01 -8.806003e-01 -1.463208e-14
   outer loop
     vertex  1.362033e+02  6.650787e+01  4.370000e+02
     vertex  1.360061e+02  6.661398e+01  4.395000e+02
     vertex  1.360061e+02  6.661398e+01  4.370000e+02
   endloop
 endfacet
 facet normal -6.579311e-01 -7.530781e-01 -9.643203e-15
   outer loop
     vertex  1.363719e+02  6.636054e+01  4.370000e+02
     vertex  1.363719e+02  6.636054e+01  4.395000e+02
     vertex  1.362033e+02  6.650787e+01  4.395000e+02
   endloop
 endfacet
 facet normal -8.090111e-01 -5.877934e-01 -4.167484e-15
   outer loop
     vertex  1.363719e+02  6.636054e+01  4.370000e+02
     vertex  1.365035e+02  6.617938e+01  4.395000e+02
     vertex  1.363719e+02  6.636054e+01  4.395000e+02
   endloop
 endfacet
 facet normal -6.579311e-01 -7.530781e-01 -5.366954e-15
   outer loop
     vertex  1.363719e+02  6.636054e+01  4.370000e+02
     vertex  1.362033e+02  6.650787e+01  4.395000e+02
     vertex  1.362033e+02  6.650787e+01  4.370000e+02
   endloop
 endfacet
 facet normal -8.090111e-01 -5.877934e-01  2.514954e-15
   outer loop
     vertex  1.365035e+02  6.617938e+01  4.370000e+02
     vertex  1.365035e+02  6.617938e+01  4.395000e+02
     vertex  1.363719e+02  6.636054e+01  4.370000e+02
   endloop
 endfacet
 facet normal -9.195238e-01 -3.930343e-01  3.751351e-15
   outer loop
     vertex  1.365915e+02  6.597347e+01  4.370000e+02
     vertex  1.365915e+02  6.597347e+01  4.395000e+02
     vertex  1.365035e+02  6.617938e+01  4.395000e+02
   endloop
 endfacet
 facet normal -9.195238e-01 -3.930343e-01  5.986695e-15
   outer loop
     vertex  1.365915e+02  6.597347e+01  4.370000e+02
     vertex  1.365035e+02  6.617938e+01  4.395000e+02
     vertex  1.365035e+02  6.617938e+01  4.370000e+02
   endloop
 endfacet
 facet normal  9.839278e-01  1.785668e-01  3.046025e-15
   outer loop
     vertex  1.135656e+02  5.929119e+01  4.370000e+02
     vertex  1.136056e+02  5.907086e+01  4.395000e+02
     vertex  1.136056e+02  5.907086e+01  4.370000e+02
   endloop
 endfacet
 facet normal  9.839278e-01  1.785668e-01  3.552622e-15
   outer loop
     vertex  1.135656e+02  5.929119e+01  4.370000e+02
     vertex  1.135656e+02  5.929119e+01  4.395000e+02
     vertex  1.136056e+02  5.907086e+01  4.395000e+02
   endloop
 endfacet
 facet normal  9.989935e-01 -4.485476e-02 -8.923942e-16
   outer loop
     vertex  1.135756e+02  5.951489e+01  4.370000e+02
     vertex  1.135756e+02  5.951489e+01  4.395000e+02
     vertex  1.135656e+02  5.929119e+01  4.395000e+02
   endloop
 endfacet
 facet normal  9.639655e-01 -2.660271e-01 -5.292662e-15
   outer loop
     vertex  1.135756e+02  5.951489e+01  4.370000e+02
     vertex  1.136352e+02  5.973075e+01  4.395000e+02
     vertex  1.135756e+02  5.951489e+01  4.395000e+02
   endloop
 endfacet
 facet normal  9.989935e-01 -4.485476e-02 -8.924266e-16
   outer loop
     vertex  1.135756e+02  5.951489e+01  4.370000e+02
     vertex  1.135656e+02  5.929119e+01  4.395000e+02
     vertex  1.135656e+02  5.929119e+01  4.370000e+02
   endloop
 endfacet
 facet normal  9.639655e-01 -2.660271e-01 -1.077217e-14
   outer loop
     vertex  1.136352e+02  5.973075e+01  4.370000e+02
     vertex  1.136352e+02  5.973075e+01  4.395000e+02
     vertex  1.135756e+02  5.951489e+01  4.370000e+02
   endloop
 endfacet
 facet normal  8.806003e-01 -4.738598e-01 -8.080743e-15
   outer loop
     vertex  1.137413e+02  5.992794e+01  4.370000e+02
     vertex  1.137413e+02  5.992794e+01  4.395000e+02
     vertex  1.136352e+02  5.973075e+01  4.395000e+02
   endloop
 endfacet
 facet normal  8.806003e-01 -4.738598e-01 -1.443376e-14
   outer loop
     vertex  1.137413e+02  5.992794e+01  4.370000e+02
     vertex  1.136352e+02  5.973075e+01  4.395000e+02
     vertex  1.136352e+02  5.973075e+01  4.370000e+02
   endloop
 endfacet
 facet normal  7.530781e-01 -6.579311e-01 -8.808916e-15
   outer loop
     vertex  1.138886e+02  6.009658e+01  4.370000e+02
     vertex  1.138886e+02  6.009658e+01  4.395000e+02
     vertex  1.137413e+02  5.992794e+01  4.395000e+02
   endloop
 endfacet
 facet normal  5.877934e-01 -8.090111e-01 -1.275422e-14
   outer loop
     vertex  1.138886e+02  6.009658e+01  4.370000e+02
     vertex  1.140698e+02  6.022820e+01  4.395000e+02
     vertex  1.138886e+02  6.009658e+01  4.395000e+02
   endloop
 endfacet
 facet normal  7.530781e-01 -6.579311e-01 -1.121731e-14
   outer loop
     vertex  1.138886e+02  6.009658e+01  4.370000e+02
     vertex  1.137413e+02  5.992794e+01  4.395000e+02
     vertex  1.137413e+02  5.992794e+01  4.370000e+02
   endloop
 endfacet
 facet normal  5.877934e-01 -8.090111e-01 -1.839478e-14
   outer loop
     vertex  1.140698e+02  6.022820e+01  4.370000e+02
     vertex  1.140698e+02  6.022820e+01  4.395000e+02
     vertex  1.138886e+02  6.009658e+01  4.370000e+02
   endloop
 endfacet
 facet normal  3.930343e-01 -9.195238e-01 -1.829411e-14
   outer loop
     vertex  1.142757e+02  6.031622e+01  4.370000e+02
     vertex  1.142757e+02  6.031622e+01  4.395000e+02
     vertex  1.140698e+02  6.022820e+01  4.395000e+02
   endloop
 endfacet
 facet normal  3.930343e-01 -9.195238e-01 -2.091005e-14
   outer loop
     vertex  1.142757e+02  6.031622e+01  4.370000e+02
     vertex  1.140698e+02  6.022820e+01  4.395000e+02
     vertex  1.140698e+02  6.022820e+01  4.370000e+02
   endloop
 endfacet
 facet normal  9.577479e-01  2.876090e-01  5.582475e-15
   outer loop
     vertex  1.382678e+02  1.268010e+02  4.600000e+02
     vertex  1.399288e+02  1.212697e+02  4.395000e+02
     vertex  1.382678e+02  1.268010e+02  4.395000e+02
   endloop
 endfacet
 facet normal  9.577479e-01  2.876090e-01  6.710947e-15
   outer loop
     vertex  1.399288e+02  1.212697e+02  4.600000e+02
     vertex  1.399288e+02  1.212697e+02  4.395000e+02
     vertex  1.382678e+02  1.268010e+02  4.600000e+02
   endloop
 endfacet
 facet normal -9.577479e-01 -2.876090e-01 -4.786184e-15
   outer loop
     vertex  1.284988e+02  1.238674e+02  4.600000e+02
     vertex  1.301598e+02  1.183361e+02  4.395000e+02
     vertex  1.301598e+02  1.183361e+02  4.600000e+02
   endloop
 endfacet
 facet normal -9.577479e-01 -2.876090e-01 -6.312199e-15
   outer loop
     vertex  1.284988e+02  1.238674e+02  4.600000e+02
     vertex  1.284988e+02  1.238674e+02  4.395000e+02
     vertex  1.301598e+02  1.183361e+02  4.395000e+02
   endloop
 endfacet
 facet normal  1.700682e-01 -9.854323e-01 -1.912173e-14
   outer loop
     vertex  1.349392e+02  1.219003e+02  4.500000e+02
     vertex  1.344404e+02  1.218142e+02  4.600000e+02
     vertex  1.344404e+02  1.218142e+02  4.500000e+02
   endloop
 endfacet
 facet normal -7.070302e-02 -9.974974e-01 -1.721130e-14
   outer loop
     vertex  1.349392e+02  1.219003e+02  4.500000e+02
     vertex  1.354442e+02  1.218645e+02  4.600000e+02
     vertex  1.349392e+02  1.219003e+02  4.600000e+02
   endloop
 endfacet
 facet normal  1.700682e-01 -9.854323e-01 -1.632124e-14
   outer loop
     vertex  1.349392e+02  1.219003e+02  4.500000e+02
     vertex  1.349392e+02  1.219003e+02  4.600000e+02
     vertex  1.344404e+02  1.218142e+02  4.600000e+02
   endloop
 endfacet
 facet normal -7.070302e-02 -9.974974e-01 -2.004636e-14
   outer loop
     vertex  1.354442e+02  1.218645e+02  4.500000e+02
     vertex  1.354442e+02  1.218645e+02  4.600000e+02
     vertex  1.349392e+02  1.219003e+02  4.500000e+02
   endloop
 endfacet
 facet normal -5.261646e-01 -8.503828e-01 -1.691853e-14
   outer loop
     vertex  1.359260e+02  1.217089e+02  4.500000e+02
     vertex  1.363565e+02  1.214425e+02  4.600000e+02
     vertex  1.359260e+02  1.217089e+02  4.600000e+02
   endloop
 endfacet
 facet normal -3.073653e-01 -9.515916e-01 -1.893210e-14
   outer loop
     vertex  1.359260e+02  1.217089e+02  4.500000e+02
     vertex  1.359260e+02  1.217089e+02  4.600000e+02
     vertex  1.354442e+02  1.218645e+02  4.600000e+02
   endloop
 endfacet
 facet normal -3.073653e-01 -9.515916e-01 -1.980567e-14
   outer loop
     vertex  1.359260e+02  1.217089e+02  4.500000e+02
     vertex  1.354442e+02  1.218645e+02  4.600000e+02
     vertex  1.354442e+02  1.218645e+02  4.500000e+02
   endloop
 endfacet
 facet normal -5.261646e-01 -8.503828e-01 -1.599705e-14
   outer loop
     vertex  1.363565e+02  1.214425e+02  4.500000e+02
     vertex  1.363565e+02  1.214425e+02  4.600000e+02
     vertex  1.359260e+02  1.217089e+02  4.500000e+02
   endloop
 endfacet
 facet normal -7.143851e-01 -6.997528e-01 -1.392172e-14
   outer loop
     vertex  1.367107e+02  1.210808e+02  4.500000e+02
     vertex  1.367107e+02  1.210808e+02  4.600000e+02
     vertex  1.363565e+02  1.214425e+02  4.600000e+02
   endloop
 endfacet
 facet normal -7.143851e-01 -6.997528e-01 -1.396403e-14
   outer loop
     vertex  1.367107e+02  1.210808e+02  4.500000e+02
     vertex  1.363565e+02  1.214425e+02  4.600000e+02
     vertex  1.363565e+02  1.214425e+02  4.500000e+02
   endloop
 endfacet
 facet normal -8.610882e-01 -5.084557e-01 -6.223348e-15
   outer loop
     vertex  1.369681e+02  1.206449e+02  4.500000e+02
     vertex  1.369681e+02  1.206449e+02  4.600000e+02
     vertex  1.367107e+02  1.210808e+02  4.600000e+02
   endloop
 endfacet
 facet normal -8.610882e-01 -5.084557e-01 -1.011528e-14
   outer loop
     vertex  1.369681e+02  1.206449e+02  4.500000e+02
     vertex  1.367107e+02  1.210808e+02  4.600000e+02
     vertex  1.367107e+02  1.210808e+02  4.500000e+02
   endloop
 endfacet
 facet normal -9.577479e-01 -2.876090e-01 -8.444121e-15
   outer loop
     vertex  1.371137e+02  1.201600e+02  4.500000e+02
     vertex  1.371137e+02  1.201600e+02  4.600000e+02
     vertex  1.369681e+02  1.206449e+02  4.600000e+02
   endloop
 endfacet
 facet normal -9.577479e-01 -2.876090e-01 -2.184792e-15
   outer loop
     vertex  1.371137e+02  1.201600e+02  4.500000e+02
     vertex  1.369681e+02  1.206449e+02  4.600000e+02
     vertex  1.369681e+02  1.206449e+02  4.500000e+02
   endloop
 endfacet
 facet normal -9.987468e-01 -5.004751e-02 -3.834314e-15
   outer loop
     vertex  1.371391e+02  1.196544e+02  4.500000e+02
     vertex  1.371391e+02  1.196544e+02  4.600000e+02
     vertex  1.371137e+02  1.201600e+02  4.600000e+02
   endloop
 endfacet
 facet normal -9.987468e-01 -5.004751e-02 -3.834351e-15
   outer loop
     vertex  1.371391e+02  1.196544e+02  4.500000e+02
     vertex  1.371137e+02  1.201600e+02  4.600000e+02
     vertex  1.371137e+02  1.201600e+02  4.500000e+02
   endloop
 endfacet
 facet normal -9.076046e-01  4.198259e-01  9.738870e-15
   outer loop
     vertex  1.370427e+02  1.191574e+02  4.500000e+02
     vertex  1.368301e+02  1.186979e+02  4.600000e+02
     vertex  1.370427e+02  1.191574e+02  4.600000e+02
   endloop
 endfacet
 facet normal -9.817022e-01  1.904225e-01  6.037446e-15
   outer loop
     vertex  1.370427e+02  1.191574e+02  4.500000e+02
     vertex  1.370427e+02  1.191574e+02  4.600000e+02
     vertex  1.371391e+02  1.196544e+02  4.600000e+02
   endloop
 endfacet
 facet normal -9.817022e-01  1.904225e-01  9.991927e-16
   outer loop
     vertex  1.370427e+02  1.191574e+02  4.500000e+02
     vertex  1.371391e+02  1.196544e+02  4.600000e+02
     vertex  1.371391e+02  1.196544e+02  4.500000e+02
   endloop
 endfacet
 facet normal -7.807604e-01  6.248306e-01  1.154319e-14
   outer loop
     vertex  1.368301e+02  1.186979e+02  4.500000e+02
     vertex  1.365138e+02  1.183027e+02  4.600000e+02
     vertex  1.368301e+02  1.186979e+02  4.600000e+02
   endloop
 endfacet
 facet normal -9.076046e-01  4.198259e-01  7.755911e-15
   outer loop
     vertex  1.368301e+02  1.186979e+02  4.500000e+02
     vertex  1.368301e+02  1.186979e+02  4.600000e+02
     vertex  1.370427e+02  1.191574e+02  4.500000e+02
   endloop
 endfacet
 facet normal -7.807604e-01  6.248306e-01  1.065525e-14
   outer loop
     vertex  1.365138e+02  1.183027e+02  4.500000e+02
     vertex  1.365138e+02  1.183027e+02  4.600000e+02
     vertex  1.368301e+02  1.186979e+02  4.500000e+02
   endloop
 endfacet
 facet normal -4.009557e-01  9.160974e-01  1.822594e-14
   outer loop
     vertex  1.361121e+02  1.179946e+02  4.500000e+02
     vertex  1.356483e+02  1.177916e+02  4.600000e+02
     vertex  1.361121e+02  1.179946e+02  4.600000e+02
   endloop
 endfacet
 facet normal -6.085412e-01  7.935223e-01  1.578728e-14
   outer loop
     vertex  1.361121e+02  1.179946e+02  4.500000e+02
     vertex  1.361121e+02  1.179946e+02  4.600000e+02
     vertex  1.365138e+02  1.183027e+02  4.600000e+02
   endloop
 endfacet
 facet normal -6.085412e-01  7.935223e-01  1.353091e-14
   outer loop
     vertex  1.361121e+02  1.179946e+02  4.500000e+02
     vertex  1.365138e+02  1.183027e+02  4.600000e+02
     vertex  1.365138e+02  1.183027e+02  4.500000e+02
   endloop
 endfacet
 facet normal -4.009557e-01  9.160974e-01  1.448265e-14
   outer loop
     vertex  1.356483e+02  1.177916e+02  4.500000e+02
     vertex  1.356483e+02  1.177916e+02  4.600000e+02
     vertex  1.361121e+02  1.179946e+02  4.500000e+02
   endloop
 endfacet
 facet normal  9.577479e-01  2.876090e-01  6.511573e-15
   outer loop
     vertex  1.698402e+02  2.166391e+01  4.600000e+02
     vertex  1.715012e+02  1.613259e+01  4.395000e+02
     vertex  1.698402e+02  2.166391e+01  4.395000e+02
   endloop
 endfacet
 facet normal  9.577479e-01  2.876090e-01  6.511573e-15
   outer loop
     vertex  1.715012e+02  1.613259e+01  4.600000e+02
     vertex  1.715012e+02  1.613259e+01  4.395000e+02
     vertex  1.698402e+02  2.166391e+01  4.600000e+02
   endloop
 endfacet
 facet normal -1.925606e-01  9.812851e-01  1.758130e-14
   outer loop
     vertex  1.644678e+02  2.527372e+01  4.500000e+02
     vertex  1.634889e+02  2.508162e+01  4.500000e+02
     vertex  1.634889e+02  2.508162e+01  4.600000e+02
   endloop
 endfacet
 facet normal -1.785666e-01  9.839268e-01  1.420627e-03
   outer loop
     vertex  1.644678e+02  2.527372e+01  4.500000e+02
     vertex  1.634889e+02  2.508162e+01  4.600000e+02
     vertex  1.646125e+02  2.528555e+01  4.600000e+02
   endloop
 endfacet
 facet normal -1.925606e-01  9.812851e-01  1.818974e-14
   outer loop
     vertex  1.644678e+02  2.527372e+01  4.464000e+02
     vertex  1.634889e+02  2.508162e+01  4.395000e+02
     vertex  1.634889e+02  2.508162e+01  4.464000e+02
   endloop
 endfacet
 facet normal  4.485462e-02  9.989906e-01  2.428988e-03
   outer loop
     vertex  1.654653e+02  2.527158e+01  4.500000e+02
     vertex  1.646125e+02  2.528555e+01  4.600000e+02
     vertex  1.657534e+02  2.523433e+01  4.600000e+02
   endloop
 endfacet
 facet normal  2.146116e-03  9.999970e-01 -1.214620e-03
   outer loop
     vertex  1.654653e+02  2.527158e+01  4.500000e+02
     vertex  1.644678e+02  2.527372e+01  4.500000e+02
     vertex  1.646125e+02  2.528555e+01  4.600000e+02
   endloop
 endfacet
 facet normal  2.146114e-03  9.999961e-01  1.760317e-03
   outer loop
     vertex  1.646125e+02  2.528555e+01  4.395000e+02
     vertex  1.644678e+02  2.527372e+01  4.464000e+02
     vertex  1.654653e+02  2.527158e+01  4.464000e+02
   endloop
 endfacet
 facet normal -1.785664e-01  9.839257e-01 -2.058877e-03
   outer loop
     vertex  1.646125e+02  2.528555e+01  4.395000e+02
     vertex  1.634889e+02  2.508162e+01  4.395000e+02
     vertex  1.644678e+02  2.527372e+01  4.464000e+02
   endloop
 endfacet
 facet normal  2.660259e-01  9.639611e-01  3.024269e-03
   outer loop
     vertex  1.664434e+02  2.507528e+01  4.500000e+02
     vertex  1.657534e+02  2.523433e+01  4.600000e+02
     vertex  1.668543e+02  2.493051e+01  4.600000e+02
   endloop
 endfacet
 facet normal  1.967703e-01  9.804475e-01 -2.016526e-03
   outer loop
     vertex  1.664434e+02  2.507528e+01  4.500000e+02
     vertex  1.654653e+02  2.527158e+01  4.500000e+02
     vertex  1.657534e+02  2.523433e+01  4.600000e+02
   endloop
 endfacet
 facet normal  1.967699e-01  9.804453e-01  2.922494e-03
   outer loop
     vertex  1.657534e+02  2.523433e+01  4.395000e+02
     vertex  1.654653e+02  2.527158e+01  4.464000e+02
     vertex  1.664434e+02  2.507528e+01  4.464000e+02
   endloop
 endfacet
 facet normal  4.485448e-02  9.989873e-01 -3.520261e-03
   outer loop
     vertex  1.657534e+02  2.523433e+01  4.395000e+02
     vertex  1.646125e+02  2.528555e+01  4.395000e+02
     vertex  1.654653e+02  2.527158e+01  4.464000e+02
   endloop
 endfacet
 facet normal  4.738573e-01  8.805958e-01  3.205993e-03
   outer loop
     vertex  1.673646e+02  2.469234e+01  4.500000e+02
     vertex  1.668543e+02  2.493051e+01  4.600000e+02
     vertex  1.678600e+02  2.438935e+01  4.600000e+02
   endloop
 endfacet
 facet normal  3.838656e-01  9.233859e-01 -2.405069e-03
   outer loop
     vertex  1.673646e+02  2.469234e+01  4.500000e+02
     vertex  1.664434e+02  2.507528e+01  4.500000e+02
     vertex  1.668543e+02  2.493051e+01  4.600000e+02
   endloop
 endfacet
 facet normal  6.578997e-01  7.530421e-01 -9.776611e-03
   outer loop
     vertex  1.687200e+02  2.363797e+01  4.600000e+02
     vertex  1.673646e+02  2.469234e+01  4.500000e+02
     vertex  1.678600e+02  2.438935e+01  4.600000e+02
   endloop
 endfacet
 facet normal  3.838643e-01  9.233829e-01  3.485597e-03
   outer loop
     vertex  1.668543e+02  2.493051e+01  4.395000e+02
     vertex  1.664434e+02  2.507528e+01  4.464000e+02
     vertex  1.673646e+02  2.469234e+01  4.464000e+02
   endloop
 endfacet
 facet normal  2.660246e-01  9.639563e-01 -4.382977e-03
   outer loop
     vertex  1.668543e+02  2.493051e+01  4.395000e+02
     vertex  1.657534e+02  2.523433e+01  4.395000e+02
     vertex  1.664434e+02  2.507528e+01  4.464000e+02
   endloop
 endfacet
 facet normal  4.738547e-01  8.805908e-01 -4.646341e-03
   outer loop
     vertex  1.678600e+02  2.438935e+01  4.395000e+02
     vertex  1.668543e+02  2.493051e+01  4.395000e+02
     vertex  1.673646e+02  2.469234e+01  4.464000e+02
   endloop
 endfacet
 facet normal  8.090111e-01  5.877934e-01  1.191947e-14
   outer loop
     vertex  1.687200e+02  2.363797e+01  4.395000e+02
     vertex  1.687200e+02  2.363797e+01  4.600000e+02
     vertex  1.693913e+02  2.271404e+01  4.600000e+02
   endloop
 endfacet
 facet normal  6.139881e-01  7.893153e-01  1.555210e-14
   outer loop
     vertex  1.687200e+02  2.363797e+01  4.395000e+02
     vertex  1.673646e+02  2.469234e+01  4.464000e+02
     vertex  1.673646e+02  2.469234e+01  4.500000e+02
   endloop
 endfacet
 facet normal  6.578651e-01  7.530025e-01  1.416826e-02
   outer loop
     vertex  1.687200e+02  2.363797e+01  4.395000e+02
     vertex  1.678600e+02  2.438935e+01  4.395000e+02
     vertex  1.673646e+02  2.469234e+01  4.464000e+02
   endloop
 endfacet
 facet normal  6.139881e-01  7.893153e-01  1.535107e-14
   outer loop
     vertex  1.687200e+02  2.363797e+01  4.395000e+02
     vertex  1.673646e+02  2.469234e+01  4.500000e+02
     vertex  1.687200e+02  2.363797e+01  4.600000e+02
   endloop
 endfacet
 facet normal  8.090111e-01  5.877934e-01  1.039038e-14
   outer loop
     vertex  1.693913e+02  2.271404e+01  4.395000e+02
     vertex  1.687200e+02  2.363797e+01  4.395000e+02
     vertex  1.693913e+02  2.271404e+01  4.600000e+02
   endloop
 endfacet
 facet normal  9.195238e-01  3.930343e-01  8.358713e-15
   outer loop
     vertex  1.698402e+02  2.166391e+01  4.395000e+02
     vertex  1.693913e+02  2.271404e+01  4.600000e+02
     vertex  1.698402e+02  2.166391e+01  4.600000e+02
   endloop
 endfacet
 facet normal  9.195238e-01  3.930343e-01  6.947260e-15
   outer loop
     vertex  1.698402e+02  2.166391e+01  4.395000e+02
     vertex  1.693913e+02  2.271404e+01  4.395000e+02
     vertex  1.693913e+02  2.271404e+01  4.600000e+02
   endloop
 endfacet
 facet normal -9.577479e-01 -2.876090e-01 -5.176281e-15
   outer loop
     vertex  1.600712e+02  1.873030e+01  4.600000e+02
     vertex  1.617322e+02  1.319898e+01  4.395000e+02
     vertex  1.617322e+02  1.319898e+01  4.600000e+02
   endloop
 endfacet
 facet normal -9.577479e-01 -2.876090e-01 -5.283414e-15
   outer loop
     vertex  1.600712e+02  1.873030e+01  4.600000e+02
     vertex  1.600712e+02  1.873030e+01  4.395000e+02
     vertex  1.617322e+02  1.319898e+01  4.395000e+02
   endloop
 endfacet
 facet normal -9.577479e-01 -2.876090e-01 -5.635820e-15
   outer loop
     vertex  1.673646e+02  2.469234e+01  4.500000e+02
     vertex  1.690013e+02  1.924186e+01  4.464000e+02
     vertex  1.690013e+02  1.924186e+01  4.500000e+02
   endloop
 endfacet
 facet normal -9.577479e-01 -2.876090e-01 -5.676624e-15
   outer loop
     vertex  1.673646e+02  2.469234e+01  4.500000e+02
     vertex  1.673646e+02  2.469234e+01  4.464000e+02
     vertex  1.690013e+02  1.924186e+01  4.464000e+02
   endloop
 endfacet
 facet normal -7.279506e-01  6.856295e-01  1.519378e-14
   outer loop
     vertex  1.690013e+02  1.924186e+01  4.500000e+02
     vertex  1.661512e+02  1.621583e+01  4.464000e+02
     vertex  1.661512e+02  1.621583e+01  4.500000e+02
   endloop
 endfacet
 facet normal -7.279506e-01  6.856295e-01  1.353247e-14
   outer loop
     vertex  1.690013e+02  1.924186e+01  4.500000e+02
     vertex  1.690013e+02  1.924186e+01  4.464000e+02
     vertex  1.661512e+02  1.621583e+01  4.464000e+02
   endloop
 endfacet
 facet normal  2.297973e-01  9.732385e-01  1.546086e-14
   outer loop
     vertex  1.661512e+02  1.621583e+01  4.500000e+02
     vertex  1.621056e+02  1.717107e+01  4.464000e+02
     vertex  1.621056e+02  1.717107e+01  4.500000e+02
   endloop
 endfacet
 facet normal  2.297973e-01  9.732385e-01  1.163214e-14
   outer loop
     vertex  1.661512e+02  1.621583e+01  4.500000e+02
     vertex  1.661512e+02  1.621583e+01  4.464000e+02
     vertex  1.621056e+02  1.717107e+01  4.464000e+02
   endloop
 endfacet
 facet normal  9.577479e-01  2.876090e-01 -1.820803e-15
   outer loop
     vertex  1.621056e+02  1.717107e+01  4.500000e+02
     vertex  1.604688e+02  2.262156e+01  4.464000e+02
     vertex  1.604688e+02  2.262156e+01  4.500000e+02
   endloop
 endfacet
 facet normal  9.577479e-01  2.876090e-01 -2.452381e-15
   outer loop
     vertex  1.621056e+02  1.717107e+01  4.500000e+02
     vertex  1.621056e+02  1.717107e+01  4.464000e+02
     vertex  1.604688e+02  2.262156e+01  4.464000e+02
   endloop
 endfacet
 facet normal -1.504307e-14 -2.431248e-14  1.000000e+00
   outer loop
     vertex  1.636435e+02  1.855751e+01  4.464000e+02
     vertex  1.621056e+02  1.717107e+01  4.464000e+02
     vertex  1.640740e+02  1.829114e+01  4.464000e+02
   endloop
 endfacet
 facet normal -8.698432e-15 -3.683964e-14  1.000000e+00
   outer loop
     vertex  1.645558e+02  1.813553e+01  4.464000e+02
     vertex  1.621056e+02  1.717107e+01  4.464000e+02
     vertex  1.661512e+02  1.621583e+01  4.464000e+02
   endloop
 endfacet
 facet normal -1.045655e-14 -3.237311e-14  1.000000e+00
   outer loop
     vertex  1.645558e+02  1.813553e+01  4.464000e+02
     vertex  1.640740e+02  1.829114e+01  4.464000e+02
     vertex  1.621056e+02  1.717107e+01  4.464000e+02
   endloop
 endfacet
 facet normal -1.962823e-14 -1.922619e-14  1.000000e+00
   outer loop
     vertex  1.632893e+02  1.891917e+01  4.464000e+02
     vertex  1.621056e+02  1.717107e+01  4.464000e+02
     vertex  1.636435e+02  1.855751e+01  4.464000e+02
   endloop
 endfacet
 facet normal -2.230176e-15 -3.146392e-14  1.000000e+00
   outer loop
     vertex  1.650608e+02  1.809974e+01  4.464000e+02
     vertex  1.645558e+02  1.813553e+01  4.464000e+02
     vertex  1.661512e+02  1.621583e+01  4.464000e+02
   endloop
 endfacet
 facet normal -2.565219e-14 -1.514711e-14  1.000000e+00
   outer loop
     vertex  1.630319e+02  1.935510e+01  4.464000e+02
     vertex  1.621056e+02  1.717107e+01  4.464000e+02
     vertex  1.632893e+02  1.891917e+01  4.464000e+02
   endloop
 endfacet
 facet normal  4.734386e-15 -2.743262e-14  1.000000e+00
   outer loop
     vertex  1.655596e+02  1.818584e+01  4.464000e+02
     vertex  1.650608e+02  1.809974e+01  4.464000e+02
     vertex  1.661512e+02  1.621583e+01  4.464000e+02
   endloop
 endfacet
 facet normal -3.592771e-14 -1.078899e-14  1.000000e+00
   outer loop
     vertex  1.628863e+02  1.983997e+01  4.464000e+02
     vertex  1.621056e+02  1.717107e+01  4.464000e+02
     vertex  1.630319e+02  1.935510e+01  4.464000e+02
   endloop
 endfacet
 facet normal  1.116187e-14 -2.550246e-14  1.000000e+00
   outer loop
     vertex  1.660234e+02  1.838882e+01  4.464000e+02
     vertex  1.655596e+02  1.818584e+01  4.464000e+02
     vertex  1.661512e+02  1.621583e+01  4.464000e+02
   endloop
 endfacet
 facet normal  1.919513e-14 -2.502996e-14  1.000000e+00
   outer loop
     vertex  1.664251e+02  1.869690e+01  4.464000e+02
     vertex  1.660234e+02  1.838882e+01  4.464000e+02
     vertex  1.661512e+02  1.621583e+01  4.464000e+02
   endloop
 endfacet
 facet normal  2.495234e-14  1.250370e-15  1.000000e+00
   outer loop
     vertex  1.604688e+02  2.262156e+01  4.464000e+02
     vertex  1.628863e+02  1.983997e+01  4.464000e+02
     vertex  1.628609e+02  2.034558e+01  4.464000e+02
   endloop
 endfacet
 facet normal  2.006047e-14 -3.891165e-15  1.000000e+00
   outer loop
     vertex  1.604688e+02  2.262156e+01  4.464000e+02
     vertex  1.628609e+02  2.034558e+01  4.464000e+02
     vertex  1.629573e+02  2.084258e+01  4.464000e+02
   endloop
 endfacet
 facet normal -7.429049e-16 -2.108121e-14  1.000000e+00
   outer loop
     vertex  1.604688e+02  2.262156e+01  4.464000e+02
     vertex  1.621056e+02  1.717107e+01  4.464000e+02
     vertex  1.628863e+02  1.983997e+01  4.464000e+02
   endloop
 endfacet
 facet normal -4.929593e-14 -1.009103e-13  1.000000e+00
   outer loop
     vertex  1.631699e+02  2.130205e+01  4.464000e+02
     vertex  1.604688e+02  2.262156e+01  4.464000e+02
     vertex  1.629573e+02  2.084258e+01  4.464000e+02
   endloop
 endfacet
 facet normal  0.000000e+00  0.000000e+00  1.000000e+00
   outer loop
     vertex  1.610266e+02  2.344862e+01  4.464000e+02
     vertex  1.631699e+02  2.130205e+01  4.464000e+02
     vertex  1.634862e+02  2.169732e+01  4.464000e+02
   endloop
 endfacet
 facet normal  0.000000e+00  0.000000e+00  1.000000e+00
   outer loop
     vertex  1.610266e+02  2.344862e+01  4.464000e+02
     vertex  1.604688e+02  2.262156e+01  4.464000e+02
     vertex  1.631699e+02  2.130205e+01  4.464000e+02
   endloop
 endfacet
 facet normal  1.681267e-14  1.111140e-13  1.000000e+00
   outer loop
     vertex  1.690013e+02  1.924186e+01  4.464000e+02
     vertex  1.670504e+02  2.004863e+01  4.464000e+02
     vertex  1.669540e+02  1.955164e+01  4.464000e+02
   endloop
 endfacet
 facet normal  0.000000e+00  0.000000e+00  1.000000e+00
   outer loop
     vertex  1.690013e+02  1.924186e+01  4.464000e+02
     vertex  1.669540e+02  1.955164e+01  4.464000e+02
     vertex  1.667415e+02  1.909216e+01  4.464000e+02
   endloop
 endfacet
 facet normal  0.000000e+00  0.000000e+00  1.000000e+00
   outer loop
     vertex  1.690013e+02  1.924186e+01  4.464000e+02
     vertex  1.667415e+02  1.909216e+01  4.464000e+02
     vertex  1.664251e+02  1.869690e+01  4.464000e+02
   endloop
 endfacet
 facet normal  4.962361e-15 -2.345865e-14  1.000000e+00
   outer loop
     vertex  1.690013e+02  1.924186e+01  4.464000e+02
     vertex  1.664251e+02  1.869690e+01  4.464000e+02
     vertex  1.661512e+02  1.621583e+01  4.464000e+02
   endloop
 endfacet
 facet normal -7.722751e-14 -1.162932e-13  1.000000e+00
   outer loop
     vertex  1.670251e+02  2.055425e+01  4.464000e+02
     vertex  1.670504e+02  2.004863e+01  4.464000e+02
     vertex  1.690013e+02  1.924186e+01  4.464000e+02
   endloop
 endfacet
 facet normal  0.000000e+00  0.000000e+00  1.000000e+00
   outer loop
     vertex  1.668795e+02  2.103912e+01  4.464000e+02
     vertex  1.670251e+02  2.055425e+01  4.464000e+02
     vertex  1.690013e+02  1.924186e+01  4.464000e+02
   endloop
 endfacet
 facet normal  0.000000e+00  0.000000e+00  1.000000e+00
   outer loop
     vertex  1.617347e+02  2.415128e+01  4.464000e+02
     vertex  1.634862e+02  2.169732e+01  4.464000e+02
     vertex  1.638879e+02  2.200539e+01  4.464000e+02
   endloop
 endfacet
 facet normal  0.000000e+00  0.000000e+00  1.000000e+00
   outer loop
     vertex  1.617347e+02  2.415128e+01  4.464000e+02
     vertex  1.610266e+02  2.344862e+01  4.464000e+02
     vertex  1.634862e+02  2.169732e+01  4.464000e+02
   endloop
 endfacet
 facet normal  7.594849e-15 -1.735259e-14  1.000000e+00
   outer loop
     vertex  1.625661e+02  2.470264e+01  4.464000e+02
     vertex  1.638879e+02  2.200539e+01  4.464000e+02
     vertex  1.643517e+02  2.220838e+01  4.464000e+02
   endloop
 endfacet
 facet normal -4.105386e-14 -4.119380e-14  1.000000e+00
   outer loop
     vertex  1.625661e+02  2.470264e+01  4.464000e+02
     vertex  1.617347e+02  2.415128e+01  4.464000e+02
     vertex  1.638879e+02  2.200539e+01  4.464000e+02
   endloop
 endfacet
 facet normal  7.232942e-15 -1.761168e-14  1.000000e+00
   outer loop
     vertex  1.634889e+02  2.508162e+01  4.464000e+02
     vertex  1.625661e+02  2.470264e+01  4.464000e+02
     vertex  1.643517e+02  2.220838e+01  4.464000e+02
   endloop
 endfacet
 facet normal  3.666177e-15 -1.868277e-14  1.000000e+00
   outer loop
     vertex  1.644678e+02  2.527372e+01  4.464000e+02
     vertex  1.634889e+02  2.508162e+01  4.464000e+02
     vertex  1.643517e+02  2.220838e+01  4.464000e+02
   endloop
 endfacet
 facet normal  3.221409e-15 -1.866592e-14  1.000000e+00
   outer loop
     vertex  1.644678e+02  2.527372e+01  4.464000e+02
     vertex  1.643517e+02  2.220838e+01  4.464000e+02
     vertex  1.648506e+02  2.229448e+01  4.464000e+02
   endloop
 endfacet
 facet normal -1.333836e-15 -1.881811e-14  1.000000e+00
   outer loop
     vertex  1.654653e+02  2.527158e+01  4.464000e+02
     vertex  1.648506e+02  2.229448e+01  4.464000e+02
     vertex  1.653556e+02  2.225868e+01  4.464000e+02
   endloop
 endfacet
 facet normal -4.095896e-17 -1.908510e-14  1.000000e+00
   outer loop
     vertex  1.654653e+02  2.527158e+01  4.464000e+02
     vertex  1.644678e+02  2.527372e+01  4.464000e+02
     vertex  1.648506e+02  2.229448e+01  4.464000e+02
   endloop
 endfacet
 facet normal -3.758953e-15 -1.872974e-14  1.000000e+00
   outer loop
     vertex  1.664434e+02  2.507528e+01  4.464000e+02
     vertex  1.654653e+02  2.527158e+01  4.464000e+02
     vertex  1.653556e+02  2.225868e+01  4.464000e+02
   endloop
 endfacet
 facet normal -5.795643e-15 -1.794310e-14  1.000000e+00
   outer loop
     vertex  1.664434e+02  2.507528e+01  4.464000e+02
     vertex  1.653556e+02  2.225868e+01  4.464000e+02
     vertex  1.658373e+02  2.210308e+01  4.464000e+02
   endloop
 endfacet
 facet normal -7.329208e-15 -1.763036e-14  1.000000e+00
   outer loop
     vertex  1.673646e+02  2.469234e+01  4.464000e+02
     vertex  1.664434e+02  2.507528e+01  4.464000e+02
     vertex  1.658373e+02  2.210308e+01  4.464000e+02
   endloop
 endfacet
 facet normal -9.951532e-15 -1.608358e-14  1.000000e+00
   outer loop
     vertex  1.673646e+02  2.469234e+01  4.464000e+02
     vertex  1.658373e+02  2.210308e+01  4.464000e+02
     vertex  1.662678e+02  2.183671e+01  4.464000e+02
   endloop
 endfacet
 facet normal -1.459801e-14 -1.429901e-14  1.000000e+00
   outer loop
     vertex  1.673646e+02  2.469234e+01  4.464000e+02
     vertex  1.662678e+02  2.183671e+01  4.464000e+02
     vertex  1.666221e+02  2.147504e+01  4.464000e+02
   endloop
 endfacet
 facet normal  1.372607e-13 -4.934619e-14  1.000000e+00
   outer loop
     vertex  1.673646e+02  2.469234e+01  4.464000e+02
     vertex  1.666221e+02  2.147504e+01  4.464000e+02
     vertex  1.668795e+02  2.103912e+01  4.464000e+02
   endloop
 endfacet
 facet normal -2.369378e-14 -2.797329e-14  1.000000e+00
   outer loop
     vertex  1.673646e+02  2.469234e+01  4.464000e+02
     vertex  1.668795e+02  2.103912e+01  4.464000e+02
     vertex  1.690013e+02  1.924186e+01  4.464000e+02
   endloop
 endfacet
 facet normal  3.008613e-14  4.862495e-14 -1.000000e+00
   outer loop
     vertex  1.636435e+02  1.855751e+01  4.500000e+02
     vertex  1.640740e+02  1.829114e+01  4.500000e+02
     vertex  1.621056e+02  1.717107e+01  4.500000e+02
   endloop
 endfacet
 facet normal  2.617916e-14  5.136775e-14 -1.000000e+00
   outer loop
     vertex  1.645558e+02  1.813553e+01  4.500000e+02
     vertex  1.661512e+02  1.621583e+01  4.500000e+02
     vertex  1.621056e+02  1.717107e+01  4.500000e+02
   endloop
 endfacet
 facet normal  2.091311e-14  6.474622e-14 -1.000000e+00
   outer loop
     vertex  1.645558e+02  1.813553e+01  4.500000e+02
     vertex  1.621056e+02  1.717107e+01  4.500000e+02
     vertex  1.640740e+02  1.829114e+01  4.500000e+02
   endloop
 endfacet
 facet normal  3.925645e-14  3.845238e-14 -1.000000e+00
   outer loop
     vertex  1.632893e+02  1.891917e+01  4.500000e+02
     vertex  1.636435e+02  1.855751e+01  4.500000e+02
     vertex  1.621056e+02  1.717107e+01  4.500000e+02
   endloop
 endfacet
 facet normal  2.230176e-15  3.146392e-14 -1.000000e+00
   outer loop
     vertex  1.650608e+02  1.809974e+01  4.500000e+02
     vertex  1.661512e+02  1.621583e+01  4.500000e+02
     vertex  1.645558e+02  1.813553e+01  4.500000e+02
   endloop
 endfacet
 facet normal  5.130437e-14  3.029422e-14 -1.000000e+00
   outer loop
     vertex  1.630319e+02  1.935510e+01  4.500000e+02
     vertex  1.632893e+02  1.891917e+01  4.500000e+02
     vertex  1.621056e+02  1.717107e+01  4.500000e+02
   endloop
 endfacet
 facet normal -4.734386e-15  2.743262e-14 -1.000000e+00
   outer loop
     vertex  1.655596e+02  1.818584e+01  4.500000e+02
     vertex  1.661512e+02  1.621583e+01  4.500000e+02
     vertex  1.650608e+02  1.809974e+01  4.500000e+02
   endloop
 endfacet
 facet normal  7.185542e-14  2.157798e-14 -1.000000e+00
   outer loop
     vertex  1.628863e+02  1.983997e+01  4.500000e+02
     vertex  1.630319e+02  1.935510e+01  4.500000e+02
     vertex  1.621056e+02  1.717107e+01  4.500000e+02
   endloop
 endfacet
 facet normal -1.116187e-14  2.550246e-14 -1.000000e+00
   outer loop
     vertex  1.660234e+02  1.838882e+01  4.500000e+02
     vertex  1.661512e+02  1.621583e+01  4.500000e+02
     vertex  1.655596e+02  1.818584e+01  4.500000e+02
   endloop
 endfacet
 facet normal -1.919513e-14  2.502996e-14 -1.000000e+00
   outer loop
     vertex  1.664251e+02  1.869690e+01  4.500000e+02
     vertex  1.661512e+02  1.621583e+01  4.500000e+02
     vertex  1.660234e+02  1.838882e+01  4.500000e+02
   endloop
 endfacet
 facet normal -1.622241e-13 -1.205524e-13 -1.000000e+00
   outer loop
     vertex  1.604688e+02  2.262156e+01  4.500000e+02
     vertex  1.628609e+02  2.034558e+01  4.500000e+02
     vertex  1.628863e+02  1.983997e+01  4.500000e+02
   endloop
 endfacet
 facet normal -4.012093e-14  7.782329e-15 -1.000000e+00
   outer loop
     vertex  1.604688e+02  2.262156e+01  4.500000e+02
     vertex  1.629573e+02  2.084258e+01  4.500000e+02
     vertex  1.628609e+02  2.034558e+01  4.500000e+02
   endloop
 endfacet
 facet normal  1.907821e-14  3.701630e-14 -1.000000e+00
   outer loop
     vertex  1.604688e+02  2.262156e+01  4.500000e+02
     vertex  1.628863e+02  1.983997e+01  4.500000e+02
     vertex  1.621056e+02  1.717107e+01  4.500000e+02
   endloop
 endfacet
 facet normal  9.859186e-14  2.018207e-13 -1.000000e+00
   outer loop
     vertex  1.631699e+02  2.130205e+01  4.500000e+02
     vertex  1.629573e+02  2.084258e+01  4.500000e+02
     vertex  1.604688e+02  2.262156e+01  4.500000e+02
   endloop
 endfacet
 facet normal  1.472193e-14 -1.178173e-14 -1.000000e+00
   outer loop
     vertex  1.610266e+02  2.344862e+01  4.500000e+02
     vertex  1.634862e+02  2.169732e+01  4.500000e+02
     vertex  1.631699e+02  2.130205e+01  4.500000e+02
   endloop
 endfacet
 facet normal -2.525459e-14 -5.169695e-14 -1.000000e+00
   outer loop
     vertex  1.610266e+02  2.344862e+01  4.500000e+02
     vertex  1.631699e+02  2.130205e+01  4.500000e+02
     vertex  1.604688e+02  2.262156e+01  4.500000e+02
   endloop
 endfacet
 facet normal -1.681267e-14 -1.111140e-13 -1.000000e+00
   outer loop
     vertex  1.690013e+02  1.924186e+01  4.500000e+02
     vertex  1.669540e+02  1.955164e+01  4.500000e+02
     vertex  1.670504e+02  2.004863e+01  4.500000e+02
   endloop
 endfacet
 facet normal -0.000000e+00  0.000000e+00 -1.000000e+00
   outer loop
     vertex  1.690013e+02  1.924186e+01  4.500000e+02
     vertex  1.667415e+02  1.909216e+01  4.500000e+02
     vertex  1.669540e+02  1.955164e+01  4.500000e+02
   endloop
 endfacet
 facet normal  0.000000e+00  0.000000e+00 -1.000000e+00
   outer loop
     vertex  1.690013e+02  1.924186e+01  4.500000e+02
     vertex  1.664251e+02  1.869690e+01  4.500000e+02
     vertex  1.667415e+02  1.909216e+01  4.500000e+02
   endloop
 endfacet
 facet normal -4.962361e-15  2.345865e-14 -1.000000e+00
   outer loop
     vertex  1.690013e+02  1.924186e+01  4.500000e+02
     vertex  1.661512e+02  1.621583e+01  4.500000e+02
     vertex  1.664251e+02  1.869690e+01  4.500000e+02
   endloop
 endfacet
 facet normal  2.975310e-14  1.490937e-15 -1.000000e+00
   outer loop
     vertex  1.670251e+02  2.055425e+01  4.500000e+02
     vertex  1.690013e+02  1.924186e+01  4.500000e+02
     vertex  1.670504e+02  2.004863e+01  4.500000e+02
   endloop
 endfacet
 facet normal  3.592771e-14  1.078899e-14 -1.000000e+00
   outer loop
     vertex  1.668795e+02  2.103912e+01  4.500000e+02
     vertex  1.690013e+02  1.924186e+01  4.500000e+02
     vertex  1.670251e+02  2.055425e+01  4.500000e+02
   endloop
 endfacet
 facet normal  1.148033e-14 -1.497006e-14 -1.000000e+00
   outer loop
     vertex  1.617347e+02  2.415128e+01  4.500000e+02
     vertex  1.638879e+02  2.200539e+01  4.500000e+02
     vertex  1.634862e+02  2.169732e+01  4.500000e+02
   endloop
 endfacet
 facet normal  1.345555e-14 -1.356027e-14 -1.000000e+00
   outer loop
     vertex  1.617347e+02  2.415128e+01  4.500000e+02
     vertex  1.634862e+02  2.169732e+01  4.500000e+02
     vertex  1.610266e+02  2.344862e+01  4.500000e+02
   endloop
 endfacet
 facet normal -7.594849e-15  1.735259e-14 -1.000000e+00
   outer loop
     vertex  1.625661e+02  2.470264e+01  4.500000e+02
     vertex  1.643517e+02  2.220838e+01  4.500000e+02
     vertex  1.638879e+02  2.200539e+01  4.500000e+02
   endloop
 endfacet
 facet normal  9.265614e-14  6.648247e-14 -1.000000e+00
   outer loop
     vertex  1.625661e+02  2.470264e+01  4.500000e+02
     vertex  1.638879e+02  2.200539e+01  4.500000e+02
     vertex  1.617347e+02  2.415128e+01  4.500000e+02
   endloop
 endfacet
 facet normal -7.232942e-15  1.761168e-14 -1.000000e+00
   outer loop
     vertex  1.634889e+02  2.508162e+01  4.500000e+02
     vertex  1.643517e+02  2.220838e+01  4.500000e+02
     vertex  1.625661e+02  2.470264e+01  4.500000e+02
   endloop
 endfacet
 facet normal -3.221409e-15  1.866592e-14 -1.000000e+00
   outer loop
     vertex  1.644678e+02  2.527372e+01  4.500000e+02
     vertex  1.648506e+02  2.229448e+01  4.500000e+02
     vertex  1.643517e+02  2.220838e+01  4.500000e+02
   endloop
 endfacet
 facet normal -3.666177e-15  1.868277e-14 -1.000000e+00
   outer loop
     vertex  1.644678e+02  2.527372e+01  4.500000e+02
     vertex  1.643517e+02  2.220838e+01  4.500000e+02
     vertex  1.634889e+02  2.508162e+01  4.500000e+02
   endloop
 endfacet
 facet normal  4.095896e-17  1.908510e-14 -1.000000e+00
   outer loop
     vertex  1.654653e+02  2.527158e+01  4.500000e+02
     vertex  1.648506e+02  2.229448e+01  4.500000e+02
     vertex  1.644678e+02  2.527372e+01  4.500000e+02
   endloop
 endfacet
 facet normal  1.333836e-15  1.881811e-14 -1.000000e+00
   outer loop
     vertex  1.654653e+02  2.527158e+01  4.500000e+02
     vertex  1.653556e+02  2.225868e+01  4.500000e+02
     vertex  1.648506e+02  2.229448e+01  4.500000e+02
   endloop
 endfacet
 facet normal  3.758953e-15  1.872974e-14 -1.000000e+00
   outer loop
     vertex  1.664434e+02  2.507528e+01  4.500000e+02
     vertex  1.653556e+02  2.225868e+01  4.500000e+02
     vertex  1.654653e+02  2.527158e+01  4.500000e+02
   endloop
 endfacet
 facet normal  5.795643e-15  1.794310e-14 -1.000000e+00
   outer loop
     vertex  1.664434e+02  2.507528e+01  4.500000e+02
     vertex  1.658373e+02  2.210308e+01  4.500000e+02
     vertex  1.653556e+02  2.225868e+01  4.500000e+02
   endloop
 endfacet
 facet normal  7.329208e-15  1.763036e-14 -1.000000e+00
   outer loop
     vertex  1.673646e+02  2.469234e+01  4.500000e+02
     vertex  1.658373e+02  2.210308e+01  4.500000e+02
     vertex  1.664434e+02  2.507528e+01  4.500000e+02
   endloop
 endfacet
 facet normal  9.951532e-15  1.608358e-14 -1.000000e+00
   outer loop
     vertex  1.673646e+02  2.469234e+01  4.500000e+02
     vertex  1.662678e+02  2.183671e+01  4.500000e+02
     vertex  1.658373e+02  2.210308e+01  4.500000e+02
   endloop
 endfacet
 facet normal  1.459801e-14  1.429901e-14 -1.000000e+00
   outer loop
     vertex  1.673646e+02  2.469234e+01  4.500000e+02
     vertex  1.666221e+02  2.147504e+01  4.500000e+02
     vertex  1.662678e+02  2.183671e+01  4.500000e+02
   endloop
 endfacet
 facet normal -2.960345e-13  8.598929e-14 -1.000000e+00
   outer loop
     vertex  1.673646e+02  2.469234e+01  4.500000e+02
     vertex  1.668795e+02  2.103912e+01  4.500000e+02
     vertex  1.666221e+02  2.147504e+01  4.500000e+02
   endloop
 endfacet
 facet normal  5.962149e-14  3.876228e-14 -1.000000e+00
   outer loop
     vertex  1.673646e+02  2.469234e+01  4.500000e+02
     vertex  1.690013e+02  1.924186e+01  4.500000e+02
     vertex  1.668795e+02  2.103912e+01  4.500000e+02
   endloop
 endfacet
 facet normal  7.326361e-13 -5.863174e-13  1.000000e+00
   outer loop
     vertex  1.634862e+02  2.169732e+01  4.395000e+02
     vertex  1.631699e+02  2.130205e+01  4.395000e+02
     vertex  1.629573e+02  2.084258e+01  4.395000e+02
   endloop
 endfacet
 facet normal  1.941042e-13 -2.531070e-13  1.000000e+00
   outer loop
     vertex  1.638879e+02  2.200539e+01  4.395000e+02
     vertex  1.634862e+02  2.169732e+01  4.395000e+02
     vertex  1.629573e+02  2.084258e+01  4.395000e+02
   endloop
 endfacet
 facet normal  0.000000e+00  0.000000e+00  1.000000e+00
   outer loop
     vertex  1.648506e+02  2.229448e+01  4.395000e+02
     vertex  1.643517e+02  2.220838e+01  4.395000e+02
     vertex  1.638879e+02  2.200539e+01  4.395000e+02
   endloop
 endfacet
 facet normal  3.864745e-14 -1.286973e-13  1.000000e+00
   outer loop
     vertex  1.648506e+02  2.229448e+01  4.395000e+02
     vertex  1.638879e+02  2.200539e+01  4.395000e+02
     vertex  1.629573e+02  2.084258e+01  4.395000e+02
   endloop
 endfacet
 facet normal  0.000000e+00  0.000000e+00  1.000000e+00
   outer loop
     vertex  1.662678e+02  2.183671e+01  4.395000e+02
     vertex  1.653556e+02  2.225868e+01  4.395000e+02
     vertex  1.648506e+02  2.229448e+01  4.395000e+02
   endloop
 endfacet
 facet normal  0.000000e+00  0.000000e+00  1.000000e+00
   outer loop
     vertex  1.662678e+02  2.183671e+01  4.395000e+02
     vertex  1.658373e+02  2.210308e+01  4.395000e+02
     vertex  1.653556e+02  2.225868e+01  4.395000e+02
   endloop
 endfacet
 facet normal -3.646552e-14  7.073281e-15  1.000000e+00
   outer loop
     vertex  1.662678e+02  2.183671e+01  4.395000e+02
     vertex  1.629573e+02  2.084258e+01  4.395000e+02
     vertex  1.628609e+02  2.034558e+01  4.395000e+02
   endloop
 endfacet
 facet normal -1.779617e-14 -5.509629e-14  1.000000e+00
   outer loop
     vertex  1.662678e+02  2.183671e+01  4.395000e+02
     vertex  1.648506e+02  2.229448e+01  4.395000e+02
     vertex  1.629573e+02  2.084258e+01  4.395000e+02
   endloop
 endfacet
 facet normal  0.000000e+00  0.000000e+00  1.000000e+00
   outer loop
     vertex  1.645558e+02  1.813553e+01  4.395000e+02
     vertex  1.636435e+02  1.855751e+01  4.395000e+02
     vertex  1.640740e+02  1.829114e+01  4.395000e+02
   endloop
 endfacet
 facet normal  5.867110e-14  5.746938e-14  1.000000e+00
   outer loop
     vertex  1.650608e+02  1.809974e+01  4.395000e+02
     vertex  1.632893e+02  1.891917e+01  4.395000e+02
     vertex  1.636435e+02  1.855751e+01  4.395000e+02
   endloop
 endfacet
 facet normal  1.329340e-13  2.873847e-13  1.000000e+00
   outer loop
     vertex  1.650608e+02  1.809974e+01  4.395000e+02
     vertex  1.636435e+02  1.855751e+01  4.395000e+02
     vertex  1.645558e+02  1.813553e+01  4.395000e+02
   endloop
 endfacet
 facet normal -6.703520e-13 -6.566216e-13  1.000000e+00
   outer loop
     vertex  1.668795e+02  2.103912e+01  4.395000e+02
     vertex  1.666221e+02  2.147504e+01  4.395000e+02
     vertex  1.662678e+02  2.183671e+01  4.395000e+02
   endloop
 endfacet
 facet normal  1.305751e-14  3.921132e-15  1.000000e+00
   outer loop
     vertex  1.668795e+02  2.103912e+01  4.395000e+02
     vertex  1.628863e+02  1.983997e+01  4.395000e+02
     vertex  1.630319e+02  1.935510e+01  4.395000e+02
   endloop
 endfacet
 facet normal -1.923592e-14  1.114594e-13  1.000000e+00
   outer loop
     vertex  1.668795e+02  2.103912e+01  4.395000e+02
     vertex  1.628609e+02  2.034558e+01  4.395000e+02
     vertex  1.628863e+02  1.983997e+01  4.395000e+02
   endloop
 endfacet
 facet normal  2.172431e-14 -1.258779e-13  1.000000e+00
   outer loop
     vertex  1.668795e+02  2.103912e+01  4.395000e+02
     vertex  1.662678e+02  2.183671e+01  4.395000e+02
     vertex  1.628609e+02  2.034558e+01  4.395000e+02
   endloop
 endfacet
 facet normal  1.209103e-14  7.139518e-15  1.000000e+00
   outer loop
     vertex  1.670251e+02  2.055425e+01  4.395000e+02
     vertex  1.630319e+02  1.935510e+01  4.395000e+02
     vertex  1.632893e+02  1.891917e+01  4.395000e+02
   endloop
 endfacet
 facet normal  1.305751e-14  3.921132e-15  1.000000e+00
   outer loop
     vertex  1.670251e+02  2.055425e+01  4.395000e+02
     vertex  1.668795e+02  2.103912e+01  4.395000e+02
     vertex  1.630319e+02  1.935510e+01  4.395000e+02
   endloop
 endfacet
 facet normal -1.881209e-13  4.298156e-13  1.000000e+00
   outer loop
     vertex  1.660234e+02  1.838882e+01  4.395000e+02
     vertex  1.650608e+02  1.809974e+01  4.395000e+02
     vertex  1.655596e+02  1.818584e+01  4.395000e+02
   endloop
 endfacet
 facet normal  1.488929e-14  7.461069e-16  1.000000e+00
   outer loop
     vertex  1.670504e+02  2.004863e+01  4.395000e+02
     vertex  1.670251e+02  2.055425e+01  4.395000e+02
     vertex  1.632893e+02  1.891917e+01  4.395000e+02
   endloop
 endfacet
 facet normal -4.258310e-13  1.969744e-13  1.000000e+00
   outer loop
     vertex  1.667415e+02  1.909216e+01  4.395000e+02
     vertex  1.669540e+02  1.955164e+01  4.395000e+02
     vertex  1.670504e+02  2.004863e+01  4.395000e+02
   endloop
 endfacet
 facet normal  0.000000e+00  0.000000e+00  1.000000e+00
   outer loop
     vertex  1.667415e+02  1.909216e+01  4.395000e+02
     vertex  1.660234e+02  1.838882e+01  4.395000e+02
     vertex  1.664251e+02  1.869690e+01  4.395000e+02
   endloop
 endfacet
 facet normal  3.136352e-15 -6.258895e-14  1.000000e+00
   outer loop
     vertex  1.667415e+02  1.909216e+01  4.395000e+02
     vertex  1.632893e+02  1.891917e+01  4.395000e+02
     vertex  1.650608e+02  1.809974e+01  4.395000e+02
   endloop
 endfacet
 facet normal -8.515498e-14  8.693564e-14  1.000000e+00
   outer loop
     vertex  1.667415e+02  1.909216e+01  4.395000e+02
     vertex  1.650608e+02  1.809974e+01  4.395000e+02
     vertex  1.660234e+02  1.838882e+01  4.395000e+02
   endloop
 endfacet
 facet normal -3.027075e-15  6.040822e-14  1.000000e+00
   outer loop
     vertex  1.667415e+02  1.909216e+01  4.395000e+02
     vertex  1.670504e+02  2.004863e+01  4.395000e+02
     vertex  1.632893e+02  1.891917e+01  4.395000e+02
   endloop
 endfacet
 facet normal  1.700682e-01 -9.854323e-01 -1.826520e-14
   outer loop
     vertex  1.648506e+02  2.229448e+01  4.395000e+02
     vertex  1.643517e+02  2.220838e+01  4.464000e+02
     vertex  1.643517e+02  2.220838e+01  4.395000e+02
   endloop
 endfacet
 facet normal  1.700682e-01 -9.854323e-01 -1.795163e-14
   outer loop
     vertex  1.648506e+02  2.229448e+01  4.395000e+02
     vertex  1.648506e+02  2.229448e+01  4.464000e+02
     vertex  1.643517e+02  2.220838e+01  4.464000e+02
   endloop
 endfacet
 facet normal -7.070302e-02 -9.974974e-01 -1.643512e-14
   outer loop
     vertex  1.653556e+02  2.225868e+01  4.395000e+02
     vertex  1.653556e+02  2.225868e+01  4.464000e+02
     vertex  1.648506e+02  2.229448e+01  4.464000e+02
   endloop
 endfacet
 facet normal -7.070302e-02 -9.974974e-01 -1.717068e-14
   outer loop
     vertex  1.653556e+02  2.225868e+01  4.395000e+02
     vertex  1.648506e+02  2.229448e+01  4.464000e+02
     vertex  1.648506e+02  2.229448e+01  4.395000e+02
   endloop
 endfacet
 facet normal -3.073653e-01 -9.515916e-01 -1.665868e-14
   outer loop
     vertex  1.658373e+02  2.210308e+01  4.395000e+02
     vertex  1.658373e+02  2.210308e+01  4.464000e+02
     vertex  1.653556e+02  2.225868e+01  4.464000e+02
   endloop
 endfacet
 facet normal -3.073653e-01 -9.515916e-01 -1.567688e-14
   outer loop
     vertex  1.658373e+02  2.210308e+01  4.395000e+02
     vertex  1.653556e+02  2.225868e+01  4.464000e+02
     vertex  1.653556e+02  2.225868e+01  4.395000e+02
   endloop
 endfacet
 facet normal -5.261646e-01 -8.503828e-01 -1.968133e-14
   outer loop
     vertex  1.662678e+02  2.183671e+01  4.395000e+02
     vertex  1.662678e+02  2.183671e+01  4.464000e+02
     vertex  1.658373e+02  2.210308e+01  4.464000e+02
   endloop
 endfacet
 facet normal -5.261646e-01 -8.503828e-01 -1.488628e-14
   outer loop
     vertex  1.662678e+02  2.183671e+01  4.395000e+02
     vertex  1.658373e+02  2.210308e+01  4.464000e+02
     vertex  1.658373e+02  2.210308e+01  4.395000e+02
   endloop
 endfacet
 facet normal -7.143851e-01 -6.997528e-01 -6.364729e-15
   outer loop
     vertex  1.666221e+02  2.147504e+01  4.395000e+02
     vertex  1.666221e+02  2.147504e+01  4.464000e+02
     vertex  1.662678e+02  2.183671e+01  4.464000e+02
   endloop
 endfacet
 facet normal -7.143851e-01 -6.997528e-01 -1.735343e-14
   outer loop
     vertex  1.666221e+02  2.147504e+01  4.395000e+02
     vertex  1.662678e+02  2.183671e+01  4.464000e+02
     vertex  1.662678e+02  2.183671e+01  4.395000e+02
   endloop
 endfacet
 facet normal -8.610882e-01 -5.084557e-01 -9.948276e-15
   outer loop
     vertex  1.668795e+02  2.103912e+01  4.395000e+02
     vertex  1.668795e+02  2.103912e+01  4.464000e+02
     vertex  1.666221e+02  2.147504e+01  4.464000e+02
   endloop
 endfacet
 facet normal -8.610882e-01 -5.084557e-01 -1.803676e-15
   outer loop
     vertex  1.668795e+02  2.103912e+01  4.395000e+02
     vertex  1.666221e+02  2.147504e+01  4.464000e+02
     vertex  1.666221e+02  2.147504e+01  4.395000e+02
   endloop
 endfacet
 facet normal -9.577479e-01 -2.876090e-01 -5.627262e-15
   outer loop
     vertex  1.670251e+02  2.055425e+01  4.395000e+02
     vertex  1.670251e+02  2.055425e+01  4.464000e+02
     vertex  1.668795e+02  2.103912e+01  4.464000e+02
   endloop
 endfacet
 facet normal -9.577479e-01 -2.876090e-01 -5.625562e-15
   outer loop
     vertex  1.670251e+02  2.055425e+01  4.395000e+02
     vertex  1.668795e+02  2.103912e+01  4.464000e+02
     vertex  1.668795e+02  2.103912e+01  4.395000e+02
   endloop
 endfacet
 facet normal -9.987468e-01 -5.004751e-02 -8.761380e-16
   outer loop
     vertex  1.670504e+02  2.004863e+01  4.395000e+02
     vertex  1.670504e+02  2.004863e+01  4.464000e+02
     vertex  1.670251e+02  2.055425e+01  4.464000e+02
   endloop
 endfacet
 facet normal -9.987468e-01 -5.004751e-02 -9.793086e-16
   outer loop
     vertex  1.670504e+02  2.004863e+01  4.395000e+02
     vertex  1.670251e+02  2.055425e+01  4.464000e+02
     vertex  1.670251e+02  2.055425e+01  4.395000e+02
   endloop
 endfacet
 facet normal -9.817022e-01  1.904225e-01  3.529653e-15
   outer loop
     vertex  1.669540e+02  1.955164e+01  4.395000e+02
     vertex  1.669540e+02  1.955164e+01  4.464000e+02
     vertex  1.670504e+02  2.004863e+01  4.464000e+02
   endloop
 endfacet
 facet normal -9.817022e-01  1.904225e-01  3.333225e-15
   outer loop
     vertex  1.669540e+02  1.955164e+01  4.395000e+02
     vertex  1.670504e+02  2.004863e+01  4.464000e+02
     vertex  1.670504e+02  2.004863e+01  4.395000e+02
   endloop
 endfacet
 facet normal -9.076046e-01  4.198259e-01  7.781850e-15
   outer loop
     vertex  1.667415e+02  1.909216e+01  4.395000e+02
     vertex  1.667415e+02  1.909216e+01  4.464000e+02
     vertex  1.669540e+02  1.955164e+01  4.464000e+02
   endloop
 endfacet
 facet normal -9.076046e-01  4.198259e-01  7.782822e-15
   outer loop
     vertex  1.667415e+02  1.909216e+01  4.395000e+02
     vertex  1.669540e+02  1.955164e+01  4.464000e+02
     vertex  1.669540e+02  1.955164e+01  4.395000e+02
   endloop
 endfacet
 facet normal -7.807604e-01  6.248306e-01  1.158180e-14
   outer loop
     vertex  1.664251e+02  1.869690e+01  4.395000e+02
     vertex  1.664251e+02  1.869690e+01  4.464000e+02
     vertex  1.667415e+02  1.909216e+01  4.464000e+02
   endloop
 endfacet
 facet normal -7.807604e-01  6.248306e-01  1.158484e-14
   outer loop
     vertex  1.664251e+02  1.869690e+01  4.395000e+02
     vertex  1.667415e+02  1.909216e+01  4.464000e+02
     vertex  1.667415e+02  1.909216e+01  4.395000e+02
   endloop
 endfacet
 facet normal -6.085412e-01  7.935223e-01  1.220201e-14
   outer loop
     vertex  1.660234e+02  1.838882e+01  4.395000e+02
     vertex  1.660234e+02  1.838882e+01  4.464000e+02
     vertex  1.664251e+02  1.869690e+01  4.464000e+02
   endloop
 endfacet
 facet normal -6.085412e-01  7.935223e-01  1.471148e-14
   outer loop
     vertex  1.660234e+02  1.838882e+01  4.395000e+02
     vertex  1.664251e+02  1.869690e+01  4.464000e+02
     vertex  1.664251e+02  1.869690e+01  4.395000e+02
   endloop
 endfacet
 facet normal -4.009557e-01  9.160974e-01  1.698069e-14
   outer loop
     vertex  1.655596e+02  1.818584e+01  4.395000e+02
     vertex  1.655596e+02  1.818584e+01  4.464000e+02
     vertex  1.660234e+02  1.838882e+01  4.464000e+02
   endloop
 endfacet
 facet normal -4.009557e-01  9.160974e-01  1.533124e-14
   outer loop
     vertex  1.655596e+02  1.818584e+01  4.395000e+02
     vertex  1.660234e+02  1.838882e+01  4.464000e+02
     vertex  1.660234e+02  1.838882e+01  4.395000e+02
   endloop
 endfacet
 facet normal -9.577479e-01 -2.876090e-01  4.161836e-15
   outer loop
     vertex  1.378944e+02  1.228289e+02  4.500000e+02
     vertex  1.395312e+02  1.173784e+02  4.464000e+02
     vertex  1.395312e+02  1.173784e+02  4.500000e+02
   endloop
 endfacet
 facet normal -9.577479e-01 -2.876090e-01  7.561342e-15
   outer loop
     vertex  1.378944e+02  1.228289e+02  4.500000e+02
     vertex  1.378944e+02  1.228289e+02  4.464000e+02
     vertex  1.395312e+02  1.173784e+02  4.464000e+02
   endloop
 endfacet
 facet normal  9.577479e-01  2.876090e-01  5.635820e-15
   outer loop
     vertex  1.326354e+02  1.153077e+02  4.500000e+02
     vertex  1.309987e+02  1.207581e+02  4.464000e+02
     vertex  1.309987e+02  1.207581e+02  4.500000e+02
   endloop
 endfacet
 facet normal  9.577479e-01  2.876090e-01  4.541299e-15
   outer loop
     vertex  1.326354e+02  1.153077e+02  4.500000e+02
     vertex  1.326354e+02  1.153077e+02  4.464000e+02
     vertex  1.309987e+02  1.207581e+02  4.464000e+02
   endloop
 endfacet
 facet normal  7.279506e-01 -6.856295e-01 -1.388806e-14
   outer loop
     vertex  1.309987e+02  1.207581e+02  4.500000e+02
     vertex  1.338488e+02  1.237842e+02  4.464000e+02
     vertex  1.338488e+02  1.237842e+02  4.500000e+02
   endloop
 endfacet
 facet normal  7.279506e-01 -6.856295e-01 -1.353247e-14
   outer loop
     vertex  1.309987e+02  1.207581e+02  4.500000e+02
     vertex  1.309987e+02  1.207581e+02  4.464000e+02
     vertex  1.338488e+02  1.237842e+02  4.464000e+02
   endloop
 endfacet
 facet normal -2.297973e-01 -9.732385e-01  1.810196e-15
   outer loop
     vertex  1.338488e+02  1.237842e+02  4.500000e+02
     vertex  1.378944e+02  1.228289e+02  4.464000e+02
     vertex  1.378944e+02  1.228289e+02  4.500000e+02
   endloop
 endfacet
 facet normal -2.297973e-01 -9.732385e-01 -9.711228e-15
   outer loop
     vertex  1.338488e+02  1.237842e+02  4.500000e+02
     vertex  1.338488e+02  1.237842e+02  4.464000e+02
     vertex  1.378944e+02  1.228289e+02  4.464000e+02
   endloop
 endfacet
 facet normal  0.000000e+00 -0.000000e+00  1.000000e+00
   outer loop
     vertex  1.330460e+02  1.204484e+02  4.464000e+02
     vertex  1.332585e+02  1.209078e+02  4.464000e+02
     vertex  1.309987e+02  1.207581e+02  4.464000e+02
   endloop
 endfacet
 facet normal  4.962361e-15 -2.345865e-14  1.000000e+00
   outer loop
     vertex  1.335749e+02  1.213031e+02  4.464000e+02
     vertex  1.338488e+02  1.237842e+02  4.464000e+02
     vertex  1.309987e+02  1.207581e+02  4.464000e+02
   endloop
 endfacet
 facet normal  0.000000e+00  0.000000e+00  1.000000e+00
   outer loop
     vertex  1.335749e+02  1.213031e+02  4.464000e+02
     vertex  1.309987e+02  1.207581e+02  4.464000e+02
     vertex  1.332585e+02  1.209078e+02  4.464000e+02
   endloop
 endfacet
 facet normal  0.000000e+00 -0.000000e+00  1.000000e+00
   outer loop
     vertex  1.329496e+02  1.199514e+02  4.464000e+02
     vertex  1.330460e+02  1.204484e+02  4.464000e+02
     vertex  1.309987e+02  1.207581e+02  4.464000e+02
   endloop
 endfacet
 facet normal  1.919513e-14 -2.502996e-14  1.000000e+00
   outer loop
     vertex  1.339766e+02  1.216112e+02  4.464000e+02
     vertex  1.338488e+02  1.237842e+02  4.464000e+02
     vertex  1.335749e+02  1.213031e+02  4.464000e+02
   endloop
 endfacet
 facet normal  0.000000e+00  0.000000e+00  1.000000e+00
   outer loop
     vertex  1.329749e+02  1.194457e+02  4.464000e+02
     vertex  1.329496e+02  1.199514e+02  4.464000e+02
     vertex  1.309987e+02  1.207581e+02  4.464000e+02
   endloop
 endfacet
 facet normal  1.116187e-14 -2.550246e-14  1.000000e+00
   outer loop
     vertex  1.344404e+02  1.218142e+02  4.464000e+02
     vertex  1.338488e+02  1.237842e+02  4.464000e+02
     vertex  1.339766e+02  1.216112e+02  4.464000e+02
   endloop
 endfacet
 facet normal  0.000000e+00  0.000000e+00  1.000000e+00
   outer loop
     vertex  1.331205e+02  1.189609e+02  4.464000e+02
     vertex  1.329749e+02  1.194457e+02  4.464000e+02
     vertex  1.309987e+02  1.207581e+02  4.464000e+02
   endloop
 endfacet
 facet normal  4.734386e-15 -2.743262e-14  1.000000e+00
   outer loop
     vertex  1.349392e+02  1.219003e+02  4.464000e+02
     vertex  1.338488e+02  1.237842e+02  4.464000e+02
     vertex  1.344404e+02  1.218142e+02  4.464000e+02
   endloop
 endfacet
 facet normal -2.230176e-15 -3.146392e-14  1.000000e+00
   outer loop
     vertex  1.354442e+02  1.218645e+02  4.464000e+02
     vertex  1.338488e+02  1.237842e+02  4.464000e+02
     vertex  1.349392e+02  1.219003e+02  4.464000e+02
   endloop
 endfacet
 facet normal  1.372607e-13 -4.934619e-14  1.000000e+00
   outer loop
     vertex  1.326354e+02  1.153077e+02  4.464000e+02
     vertex  1.333779e+02  1.185250e+02  4.464000e+02
     vertex  1.331205e+02  1.189609e+02  4.464000e+02
   endloop
 endfacet
 facet normal -1.459801e-14 -1.429901e-14  1.000000e+00
   outer loop
     vertex  1.326354e+02  1.153077e+02  4.464000e+02
     vertex  1.337322e+02  1.181633e+02  4.464000e+02
     vertex  1.333779e+02  1.185250e+02  4.464000e+02
   endloop
 endfacet
 facet normal -2.369378e-14 -2.797329e-14  1.000000e+00
   outer loop
     vertex  1.326354e+02  1.153077e+02  4.464000e+02
     vertex  1.331205e+02  1.189609e+02  4.464000e+02
     vertex  1.309987e+02  1.207581e+02  4.464000e+02
   endloop
 endfacet
 facet normal -9.951532e-15 -1.608358e-14  1.000000e+00
   outer loop
     vertex  1.341627e+02  1.178969e+02  4.464000e+02
     vertex  1.337322e+02  1.181633e+02  4.464000e+02
     vertex  1.326354e+02  1.153077e+02  4.464000e+02
   endloop
 endfacet
 facet normal -1.962823e-14 -1.922619e-14  1.000000e+00
   outer loop
     vertex  1.378944e+02  1.228289e+02  4.464000e+02
     vertex  1.363565e+02  1.214425e+02  4.464000e+02
     vertex  1.367107e+02  1.210808e+02  4.464000e+02
   endloop
 endfacet
 facet normal -1.504307e-14 -2.431248e-14  1.000000e+00
   outer loop
     vertex  1.378944e+02  1.228289e+02  4.464000e+02
     vertex  1.359260e+02  1.217089e+02  4.464000e+02
     vertex  1.363565e+02  1.214425e+02  4.464000e+02
   endloop
 endfacet
 facet normal -1.045655e-14 -3.237311e-14  1.000000e+00
   outer loop
     vertex  1.378944e+02  1.228289e+02  4.464000e+02
     vertex  1.354442e+02  1.218645e+02  4.464000e+02
     vertex  1.359260e+02  1.217089e+02  4.464000e+02
   endloop
 endfacet
 facet normal -8.698432e-15 -3.683964e-14  1.000000e+00
   outer loop
     vertex  1.378944e+02  1.228289e+02  4.464000e+02
     vertex  1.338488e+02  1.237842e+02  4.464000e+02
     vertex  1.354442e+02  1.218645e+02  4.464000e+02
   endloop
 endfacet
 facet normal -5.803995e-15 -1.796895e-14  1.000000e+00
   outer loop
     vertex  1.336937e+02  1.148850e+02  4.464000e+02
     vertex  1.346444e+02  1.177413e+02  4.464000e+02
     vertex  1.341627e+02  1.178969e+02  4.464000e+02
   endloop
 endfacet
 facet normal -7.096360e-15 -1.776770e-14  1.000000e+00
   outer loop
     vertex  1.336937e+02  1.148850e+02  4.464000e+02
     vertex  1.341627e+02  1.178969e+02  4.464000e+02
     vertex  1.326354e+02  1.153077e+02  4.464000e+02
   endloop
 endfacet
 facet normal -2.565219e-14 -1.514711e-14  1.000000e+00
   outer loop
     vertex  1.369681e+02  1.206449e+02  4.464000e+02
     vertex  1.378944e+02  1.228289e+02  4.464000e+02
     vertex  1.367107e+02  1.210808e+02  4.464000e+02
   endloop
 endfacet
 facet normal -3.592771e-14 -1.078899e-14  1.000000e+00
   outer loop
     vertex  1.371137e+02  1.201600e+02  4.464000e+02
     vertex  1.378944e+02  1.228289e+02  4.464000e+02
     vertex  1.369681e+02  1.206449e+02  4.464000e+02
   endloop
 endfacet
 facet normal -1.333664e-15 -1.881570e-14  1.000000e+00
   outer loop
     vertex  1.348194e+02  1.147079e+02  4.464000e+02
     vertex  1.351494e+02  1.177055e+02  4.464000e+02
     vertex  1.346444e+02  1.177413e+02  4.464000e+02
   endloop
 endfacet
 facet normal -2.975753e-15 -1.891038e-14  1.000000e+00
   outer loop
     vertex  1.348194e+02  1.147079e+02  4.464000e+02
     vertex  1.346444e+02  1.177413e+02  4.464000e+02
     vertex  1.336937e+02  1.148850e+02  4.464000e+02
   endloop
 endfacet
 facet normal  3.206271e-15 -1.857821e-14  1.000000e+00
   outer loop
     vertex  1.359563e+02  1.147851e+02  4.464000e+02
     vertex  1.356483e+02  1.177916e+02  4.464000e+02
     vertex  1.351494e+02  1.177055e+02  4.464000e+02
   endloop
 endfacet
 facet normal  1.297804e-15 -1.910546e-14  1.000000e+00
   outer loop
     vertex  1.359563e+02  1.147851e+02  4.464000e+02
     vertex  1.351494e+02  1.177055e+02  4.464000e+02
     vertex  1.348194e+02  1.147079e+02  4.464000e+02
   endloop
 endfacet
 facet normal  7.559158e-15 -1.727105e-14  1.000000e+00
   outer loop
     vertex  1.370476e+02  1.151128e+02  4.464000e+02
     vertex  1.361121e+02  1.179946e+02  4.464000e+02
     vertex  1.356483e+02  1.177916e+02  4.464000e+02
   endloop
 endfacet
 facet normal  5.508179e-15 -1.834243e-14  1.000000e+00
   outer loop
     vertex  1.370476e+02  1.151128e+02  4.464000e+02
     vertex  1.356483e+02  1.177916e+02  4.464000e+02
     vertex  1.359563e+02  1.147851e+02  4.464000e+02
   endloop
 endfacet
 facet normal -3.898508e-14 -3.238145e-14  1.000000e+00
   outer loop
     vertex  1.380390e+02  1.156747e+02  4.464000e+02
     vertex  1.361121e+02  1.179946e+02  4.464000e+02
     vertex  1.370476e+02  1.151128e+02  4.464000e+02
   endloop
 endfacet
 facet normal  0.000000e+00  0.000000e+00  1.000000e+00
   outer loop
     vertex  1.380390e+02  1.156747e+02  4.464000e+02
     vertex  1.365138e+02  1.183027e+02  4.464000e+02
     vertex  1.361121e+02  1.179946e+02  4.464000e+02
   endloop
 endfacet
 facet normal  0.000000e+00  0.000000e+00  1.000000e+00
   outer loop
     vertex  1.388809e+02  1.164427e+02  4.464000e+02
     vertex  1.365138e+02  1.183027e+02  4.464000e+02
     vertex  1.380390e+02  1.156747e+02  4.464000e+02
   endloop
 endfacet
 facet normal  0.000000e+00  0.000000e+00  1.000000e+00
   outer loop
     vertex  1.388809e+02  1.164427e+02  4.464000e+02
     vertex  1.368301e+02  1.186979e+02  4.464000e+02
     vertex  1.365138e+02  1.183027e+02  4.464000e+02
   endloop
 endfacet
 facet normal  0.000000e+00  0.000000e+00  1.000000e+00
   outer loop
     vertex  1.395312e+02  1.173784e+02  4.464000e+02
     vertex  1.368301e+02  1.186979e+02  4.464000e+02
     vertex  1.388809e+02  1.164427e+02  4.464000e+02
   endloop
 endfacet
 facet normal -4.929593e-14 -1.009103e-13  1.000000e+00
   outer loop
     vertex  1.395312e+02  1.173784e+02  4.464000e+02
     vertex  1.370427e+02  1.191574e+02  4.464000e+02
     vertex  1.368301e+02  1.186979e+02  4.464000e+02
   endloop
 endfacet
 facet normal  2.006047e-14 -3.891165e-15  1.000000e+00
   outer loop
     vertex  1.395312e+02  1.173784e+02  4.464000e+02
     vertex  1.371391e+02  1.196544e+02  4.464000e+02
     vertex  1.370427e+02  1.191574e+02  4.464000e+02
   endloop
 endfacet
 facet normal  2.495234e-14  1.250370e-15  1.000000e+00
   outer loop
     vertex  1.395312e+02  1.173784e+02  4.464000e+02
     vertex  1.371137e+02  1.201600e+02  4.464000e+02
     vertex  1.371391e+02  1.196544e+02  4.464000e+02
   endloop
 endfacet
 facet normal -7.429049e-16 -2.108121e-14  1.000000e+00
   outer loop
     vertex  1.395312e+02  1.173784e+02  4.464000e+02
     vertex  1.378944e+02  1.228289e+02  4.464000e+02
     vertex  1.371137e+02  1.201600e+02  4.464000e+02
   endloop
 endfacet
 facet normal  8.453903e-15 -1.276234e-13 -1.000000e+00
   outer loop
     vertex  1.330460e+02  1.204484e+02  4.500000e+02
     vertex  1.309987e+02  1.207581e+02  4.500000e+02
     vertex  1.332585e+02  1.209078e+02  4.500000e+02
   endloop
 endfacet
 facet normal -9.924723e-15  4.691731e-14 -1.000000e+00
   outer loop
     vertex  1.335749e+02  1.213031e+02  4.500000e+02
     vertex  1.309987e+02  1.207581e+02  4.500000e+02
     vertex  1.338488e+02  1.237842e+02  4.500000e+02
   endloop
 endfacet
 facet normal  0.000000e+00  0.000000e+00 -1.000000e+00
   outer loop
     vertex  1.335749e+02  1.213031e+02  4.500000e+02
     vertex  1.332585e+02  1.209078e+02  4.500000e+02
     vertex  1.309987e+02  1.207581e+02  4.500000e+02
   endloop
 endfacet
 facet normal  2.697295e-14 -5.231991e-15 -1.000000e+00
   outer loop
     vertex  1.329496e+02  1.199514e+02  4.500000e+02
     vertex  1.309987e+02  1.207581e+02  4.500000e+02
     vertex  1.330460e+02  1.204484e+02  4.500000e+02
   endloop
 endfacet
 facet normal -3.839026e-14  5.005993e-14 -1.000000e+00
   outer loop
     vertex  1.339766e+02  1.216112e+02  4.500000e+02
     vertex  1.335749e+02  1.213031e+02  4.500000e+02
     vertex  1.338488e+02  1.237842e+02  4.500000e+02
   endloop
 endfacet
 facet normal  2.975310e-14  1.490937e-15 -1.000000e+00
   outer loop
     vertex  1.329749e+02  1.194457e+02  4.500000e+02
     vertex  1.309987e+02  1.207581e+02  4.500000e+02
     vertex  1.329496e+02  1.199514e+02  4.500000e+02
   endloop
 endfacet
 facet normal -2.232374e-14  5.100493e-14 -1.000000e+00
   outer loop
     vertex  1.344404e+02  1.218142e+02  4.500000e+02
     vertex  1.339766e+02  1.216112e+02  4.500000e+02
     vertex  1.338488e+02  1.237842e+02  4.500000e+02
   endloop
 endfacet
 facet normal  3.592771e-14  1.078899e-14 -1.000000e+00
   outer loop
     vertex  1.331205e+02  1.189609e+02  4.500000e+02
     vertex  1.309987e+02  1.207581e+02  4.500000e+02
     vertex  1.329749e+02  1.194457e+02  4.500000e+02
   endloop
 endfacet
 facet normal -9.468773e-15  5.486524e-14 -1.000000e+00
   outer loop
     vertex  1.349392e+02  1.219003e+02  4.500000e+02
     vertex  1.344404e+02  1.218142e+02  4.500000e+02
     vertex  1.338488e+02  1.237842e+02  4.500000e+02
   endloop
 endfacet
 facet normal  1.218403e-13  1.308710e-13 -1.000000e+00
   outer loop
     vertex  1.354442e+02  1.218645e+02  4.500000e+02
     vertex  1.349392e+02  1.219003e+02  4.500000e+02
     vertex  1.338488e+02  1.237842e+02  4.500000e+02
   endloop
 endfacet
 facet normal -2.960345e-13  8.598929e-14 -1.000000e+00
   outer loop
     vertex  1.326354e+02  1.153077e+02  4.500000e+02
     vertex  1.331205e+02  1.189609e+02  4.500000e+02
     vertex  1.333779e+02  1.185250e+02  4.500000e+02
   endloop
 endfacet
 facet normal  1.459801e-14  1.429901e-14 -1.000000e+00
   outer loop
     vertex  1.326354e+02  1.153077e+02  4.500000e+02
     vertex  1.333779e+02  1.185250e+02  4.500000e+02
     vertex  1.337322e+02  1.181633e+02  4.500000e+02
   endloop
 endfacet
 facet normal  5.962149e-14  3.876228e-14 -1.000000e+00
   outer loop
     vertex  1.326354e+02  1.153077e+02  4.500000e+02
     vertex  1.309987e+02  1.207581e+02  4.500000e+02
     vertex  1.331205e+02  1.189609e+02  4.500000e+02
   endloop
 endfacet
 facet normal  9.951532e-15  1.608358e-14 -1.000000e+00
   outer loop
     vertex  1.341627e+02  1.178969e+02  4.500000e+02
     vertex  1.326354e+02  1.153077e+02  4.500000e+02
     vertex  1.337322e+02  1.181633e+02  4.500000e+02
   endloop
 endfacet
 facet normal  3.925645e-14  3.845238e-14 -1.000000e+00
   outer loop
     vertex  1.378944e+02  1.228289e+02  4.500000e+02
     vertex  1.367107e+02  1.210808e+02  4.500000e+02
     vertex  1.363565e+02  1.214425e+02  4.500000e+02
   endloop
 endfacet
 facet normal  3.008613e-14  4.862495e-14 -1.000000e+00
   outer loop
     vertex  1.378944e+02  1.228289e+02  4.500000e+02
     vertex  1.363565e+02  1.214425e+02  4.500000e+02
     vertex  1.359260e+02  1.217089e+02  4.500000e+02
   endloop
 endfacet
 facet normal -5.435452e-14  1.970265e-13 -1.000000e+00
   outer loop
     vertex  1.378944e+02  1.228289e+02  4.500000e+02
     vertex  1.359260e+02  1.217089e+02  4.500000e+02
     vertex  1.354442e+02  1.218645e+02  4.500000e+02
   endloop
 endfacet
 facet normal  8.698432e-15  3.683964e-14 -1.000000e+00
   outer loop
     vertex  1.378944e+02  1.228289e+02  4.500000e+02
     vertex  1.354442e+02  1.218645e+02  4.500000e+02
     vertex  1.338488e+02  1.237842e+02  4.500000e+02
   endloop
 endfacet
 facet normal  5.803995e-15  1.796895e-14 -1.000000e+00
   outer loop
     vertex  1.336937e+02  1.148850e+02  4.500000e+02
     vertex  1.341627e+02  1.178969e+02  4.500000e+02
     vertex  1.346444e+02  1.177413e+02  4.500000e+02
   endloop
 endfacet
 facet normal  7.096360e-15  1.776770e-14 -1.000000e+00
   outer loop
     vertex  1.336937e+02  1.148850e+02  4.500000e+02
     vertex  1.326354e+02  1.153077e+02  4.500000e+02
     vertex  1.341627e+02  1.178969e+02  4.500000e+02
   endloop
 endfacet
 facet normal  1.541709e-13 -3.936107e-14 -1.000000e+00
   outer loop
     vertex  1.369681e+02  1.206449e+02  4.500000e+02
     vertex  1.367107e+02  1.210808e+02  4.500000e+02
     vertex  1.378944e+02  1.228289e+02  4.500000e+02
   endloop
 endfacet
 facet normal  3.592771e-14  1.078899e-14 -1.000000e+00
   outer loop
     vertex  1.371137e+02  1.201600e+02  4.500000e+02
     vertex  1.369681e+02  1.206449e+02  4.500000e+02
     vertex  1.378944e+02  1.228289e+02  4.500000e+02
   endloop
 endfacet
 facet normal  1.333664e-15  1.881570e-14 -1.000000e+00
   outer loop
     vertex  1.348194e+02  1.147079e+02  4.500000e+02
     vertex  1.346444e+02  1.177413e+02  4.500000e+02
     vertex  1.351494e+02  1.177055e+02  4.500000e+02
   endloop
 endfacet
 facet normal  2.975753e-15  1.891038e-14 -1.000000e+00
   outer loop
     vertex  1.348194e+02  1.147079e+02  4.500000e+02
     vertex  1.336937e+02  1.148850e+02  4.500000e+02
     vertex  1.346444e+02  1.177413e+02  4.500000e+02
   endloop
 endfacet
 facet normal -3.206271e-15  1.857821e-14 -1.000000e+00
   outer loop
     vertex  1.359563e+02  1.147851e+02  4.500000e+02
     vertex  1.351494e+02  1.177055e+02  4.500000e+02
     vertex  1.356483e+02  1.177916e+02  4.500000e+02
   endloop
 endfacet
 facet normal -1.297804e-15  1.910546e-14 -1.000000e+00
   outer loop
     vertex  1.359563e+02  1.147851e+02  4.500000e+02
     vertex  1.348194e+02  1.147079e+02  4.500000e+02
     vertex  1.351494e+02  1.177055e+02  4.500000e+02
   endloop
 endfacet
 facet normal -7.559158e-15  1.727105e-14 -1.000000e+00
   outer loop
     vertex  1.370476e+02  1.151128e+02  4.500000e+02
     vertex  1.356483e+02  1.177916e+02  4.500000e+02
     vertex  1.361121e+02  1.179946e+02  4.500000e+02
   endloop
 endfacet
 facet normal -5.508179e-15  1.834243e-14 -1.000000e+00
   outer loop
     vertex  1.370476e+02  1.151128e+02  4.500000e+02
     vertex  1.359563e+02  1.147851e+02  4.500000e+02
     vertex  1.356483e+02  1.177916e+02  4.500000e+02
   endloop
 endfacet
 facet normal  8.741251e-14  4.810322e-14 -1.000000e+00
   outer loop
     vertex  1.380390e+02  1.156747e+02  4.500000e+02
     vertex  1.370476e+02  1.151128e+02  4.500000e+02
     vertex  1.361121e+02  1.179946e+02  4.500000e+02
   endloop
 endfacet
 facet normal  1.147886e-14 -1.496814e-14 -1.000000e+00
   outer loop
     vertex  1.380390e+02  1.156747e+02  4.500000e+02
     vertex  1.361121e+02  1.179946e+02  4.500000e+02
     vertex  1.365138e+02  1.183027e+02  4.500000e+02
   endloop
 endfacet
 facet normal  1.290144e-14 -1.414250e-14 -1.000000e+00
   outer loop
     vertex  1.388809e+02  1.164427e+02  4.500000e+02
     vertex  1.380390e+02  1.156747e+02  4.500000e+02
     vertex  1.365138e+02  1.183027e+02  4.500000e+02
   endloop
 endfacet
 facet normal  1.474314e-14 -1.179871e-14 -1.000000e+00
   outer loop
     vertex  1.388809e+02  1.164427e+02  4.500000e+02
     vertex  1.365138e+02  1.183027e+02  4.500000e+02
     vertex  1.368301e+02  1.186979e+02  4.500000e+02
   endloop
 endfacet
 facet normal  1.571083e-14 -1.091877e-14 -1.000000e+00
   outer loop
     vertex  1.395312e+02  1.173784e+02  4.500000e+02
     vertex  1.388809e+02  1.164427e+02  4.500000e+02
     vertex  1.368301e+02  1.186979e+02  4.500000e+02
   endloop
 endfacet
 facet normal  1.157577e-13  1.938804e-13 -1.000000e+00
   outer loop
     vertex  1.395312e+02  1.173784e+02  4.500000e+02
     vertex  1.368301e+02  1.186979e+02  4.500000e+02
     vertex  1.370427e+02  1.191574e+02  4.500000e+02
   endloop
 endfacet
 facet normal -2.006047e-14  3.891165e-15 -1.000000e+00
   outer loop
     vertex  1.395312e+02  1.173784e+02  4.500000e+02
     vertex  1.370427e+02  1.191574e+02  4.500000e+02
     vertex  1.371391e+02  1.196544e+02  4.500000e+02
   endloop
 endfacet
 facet normal -2.495234e-14 -1.250370e-15 -1.000000e+00
   outer loop
     vertex  1.395312e+02  1.173784e+02  4.500000e+02
     vertex  1.371391e+02  1.196544e+02  4.500000e+02
     vertex  1.371137e+02  1.201600e+02  4.500000e+02
   endloop
 endfacet
 facet normal  7.429049e-16  2.108121e-14 -1.000000e+00
   outer loop
     vertex  1.395312e+02  1.173784e+02  4.500000e+02
     vertex  1.371137e+02  1.201600e+02  4.500000e+02
     vertex  1.378944e+02  1.228289e+02  4.500000e+02
   endloop
 endfacet
 facet normal -3.663180e-13  2.931587e-13  1.000000e+00
   outer loop
     vertex  1.335749e+02  1.213031e+02  4.395000e+02
     vertex  1.332585e+02  1.209078e+02  4.395000e+02
     vertex  1.330460e+02  1.204484e+02  4.395000e+02
   endloop
 endfacet
 facet normal -9.705212e-14  1.265535e-13  1.000000e+00
   outer loop
     vertex  1.339766e+02  1.216112e+02  4.395000e+02
     vertex  1.335749e+02  1.213031e+02  4.395000e+02
     vertex  1.330460e+02  1.204484e+02  4.395000e+02
   endloop
 endfacet
 facet normal  0.000000e+00  0.000000e+00  1.000000e+00
   outer loop
     vertex  1.349392e+02  1.219003e+02  4.395000e+02
     vertex  1.344404e+02  1.218142e+02  4.395000e+02
     vertex  1.339766e+02  1.216112e+02  4.395000e+02
   endloop
 endfacet
 facet normal -1.932372e-14  6.434867e-14  1.000000e+00
   outer loop
     vertex  1.349392e+02  1.219003e+02  4.395000e+02
     vertex  1.339766e+02  1.216112e+02  4.395000e+02
     vertex  1.330460e+02  1.204484e+02  4.395000e+02
   endloop
 endfacet
 facet normal  0.000000e+00  0.000000e+00  1.000000e+00
   outer loop
     vertex  1.363565e+02  1.214425e+02  4.395000e+02
     vertex  1.354442e+02  1.218645e+02  4.395000e+02
     vertex  1.349392e+02  1.219003e+02  4.395000e+02
   endloop
 endfacet
 facet normal  0.000000e+00  0.000000e+00  1.000000e+00
   outer loop
     vertex  1.363565e+02  1.214425e+02  4.395000e+02
     vertex  1.359260e+02  1.217089e+02  4.395000e+02
     vertex  1.354442e+02  1.218645e+02  4.395000e+02
   endloop
 endfacet
 facet normal  1.823276e-14 -3.536641e-15  1.000000e+00
   outer loop
     vertex  1.363565e+02  1.214425e+02  4.395000e+02
     vertex  1.330460e+02  1.204484e+02  4.395000e+02
     vertex  1.329496e+02  1.199514e+02  4.395000e+02
   endloop
 endfacet
 facet normal  8.898085e-15  2.754814e-14  1.000000e+00
   outer loop
     vertex  1.363565e+02  1.214425e+02  4.395000e+02
     vertex  1.349392e+02  1.219003e+02  4.395000e+02
     vertex  1.330460e+02  1.204484e+02  4.395000e+02
   endloop
 endfacet
 facet normal  0.000000e+00  0.000000e+00  1.000000e+00
   outer loop
     vertex  1.346444e+02  1.177413e+02  4.395000e+02
     vertex  1.337322e+02  1.181633e+02  4.395000e+02
     vertex  1.341627e+02  1.178969e+02  4.395000e+02
   endloop
 endfacet
 facet normal  0.000000e+00  0.000000e+00  1.000000e+00
   outer loop
     vertex  1.351494e+02  1.177055e+02  4.395000e+02
     vertex  1.337322e+02  1.181633e+02  4.395000e+02
     vertex  1.346444e+02  1.177413e+02  4.395000e+02
   endloop
 endfacet
 facet normal  3.351760e-13  3.283108e-13  1.000000e+00
   outer loop
     vertex  1.369681e+02  1.206449e+02  4.395000e+02
     vertex  1.367107e+02  1.210808e+02  4.395000e+02
     vertex  1.363565e+02  1.214425e+02  4.395000e+02
   endloop
 endfacet
 facet normal  0.000000e+00  0.000000e+00  1.000000e+00
   outer loop
     vertex  1.369681e+02  1.206449e+02  4.395000e+02
     vertex  1.329496e+02  1.199514e+02  4.395000e+02
     vertex  1.329749e+02  1.194457e+02  4.395000e+02
   endloop
 endfacet
 facet normal -1.086215e-14  6.293896e-14  1.000000e+00
   outer loop
     vertex  1.369681e+02  1.206449e+02  4.395000e+02
     vertex  1.363565e+02  1.214425e+02  4.395000e+02
     vertex  1.329496e+02  1.199514e+02  4.395000e+02
   endloop
 endfacet
 facet normal  6.651980e-14 -2.215132e-13  1.000000e+00
   outer loop
     vertex  1.371137e+02  1.201600e+02  4.395000e+02
     vertex  1.331205e+02  1.189609e+02  4.395000e+02
     vertex  1.333779e+02  1.185250e+02  4.395000e+02
   endloop
 endfacet
 facet normal  0.000000e+00  0.000000e+00  1.000000e+00
   outer loop
     vertex  1.371137e+02  1.201600e+02  4.395000e+02
     vertex  1.329749e+02  1.194457e+02  4.395000e+02
     vertex  1.331205e+02  1.189609e+02  4.395000e+02
   endloop
 endfacet
 facet normal  0.000000e+00  0.000000e+00  1.000000e+00
   outer loop
     vertex  1.371137e+02  1.201600e+02  4.395000e+02
     vertex  1.369681e+02  1.206449e+02  4.395000e+02
     vertex  1.329749e+02  1.194457e+02  4.395000e+02
   endloop
 endfacet
 facet normal  0.000000e+00  0.000000e+00  1.000000e+00
   outer loop
     vertex  1.361121e+02  1.179946e+02  4.395000e+02
     vertex  1.351494e+02  1.177055e+02  4.395000e+02
     vertex  1.356483e+02  1.177916e+02  4.395000e+02
   endloop
 endfacet
 facet normal -2.977858e-14 -1.492214e-15  1.000000e+00
   outer loop
     vertex  1.371391e+02  1.196544e+02  4.395000e+02
     vertex  1.371137e+02  1.201600e+02  4.395000e+02
     vertex  1.333779e+02  1.185250e+02  4.395000e+02
   endloop
 endfacet
 facet normal -9.211923e-13  1.786853e-13  1.000000e+00
   outer loop
     vertex  1.368301e+02  1.186979e+02  4.395000e+02
     vertex  1.370427e+02  1.191574e+02  4.395000e+02
     vertex  1.371391e+02  1.196544e+02  4.395000e+02
   endloop
 endfacet
 facet normal  0.000000e+00  0.000000e+00  1.000000e+00
   outer loop
     vertex  1.368301e+02  1.186979e+02  4.395000e+02
     vertex  1.361121e+02  1.179946e+02  4.395000e+02
     vertex  1.365138e+02  1.183027e+02  4.395000e+02
   endloop
 endfacet
 facet normal  0.000000e+00  0.000000e+00  1.000000e+00
   outer loop
     vertex  1.368301e+02  1.186979e+02  4.395000e+02
     vertex  1.333779e+02  1.185250e+02  4.395000e+02
     vertex  1.337322e+02  1.181633e+02  4.395000e+02
   endloop
 endfacet
 facet normal  0.000000e+00  0.000000e+00  1.000000e+00
   outer loop
     vertex  1.368301e+02  1.186979e+02  4.395000e+02
     vertex  1.337322e+02  1.181633e+02  4.395000e+02
     vertex  1.351494e+02  1.177055e+02  4.395000e+02
   endloop
 endfacet
 facet normal  0.000000e+00  0.000000e+00  1.000000e+00
   outer loop
     vertex  1.368301e+02  1.186979e+02  4.395000e+02
     vertex  1.351494e+02  1.177055e+02  4.395000e+02
     vertex  1.361121e+02  1.179946e+02  4.395000e+02
   endloop
 endfacet
 facet normal  6.054149e-15 -1.208164e-13  1.000000e+00
   outer loop
     vertex  1.368301e+02  1.186979e+02  4.395000e+02
     vertex  1.371391e+02  1.196544e+02  4.395000e+02
     vertex  1.333779e+02  1.185250e+02  4.395000e+02
   endloop
 endfacet
 facet normal  1.700682e-01 -9.854323e-01 -2.302468e-14
   outer loop
     vertex  1.349392e+02  1.219003e+02  4.395000e+02
     vertex  1.344404e+02  1.218142e+02  4.464000e+02
     vertex  1.344404e+02  1.218142e+02  4.395000e+02
   endloop
 endfacet
 facet normal  1.700682e-01 -9.854323e-01 -1.623633e-14
   outer loop
     vertex  1.349392e+02  1.219003e+02  4.395000e+02
     vertex  1.349392e+02  1.219003e+02  4.464000e+02
     vertex  1.344404e+02  1.218142e+02  4.464000e+02
   endloop
 endfacet
 facet normal -7.070302e-02 -9.974974e-01 -1.643512e-14
   outer loop
     vertex  1.354442e+02  1.218645e+02  4.395000e+02
     vertex  1.354442e+02  1.218645e+02  4.464000e+02
     vertex  1.349392e+02  1.219003e+02  4.464000e+02
   endloop
 endfacet
 facet normal -7.070302e-02 -9.974974e-01 -1.643470e-14
   outer loop
     vertex  1.354442e+02  1.218645e+02  4.395000e+02
     vertex  1.349392e+02  1.219003e+02  4.464000e+02
     vertex  1.349392e+02  1.219003e+02  4.395000e+02
   endloop
 endfacet
 facet normal -3.073653e-01 -9.515916e-01 -1.567876e-14
   outer loop
     vertex  1.359260e+02  1.217089e+02  4.395000e+02
     vertex  1.359260e+02  1.217089e+02  4.464000e+02
     vertex  1.354442e+02  1.218645e+02  4.464000e+02
   endloop
 endfacet
 facet normal -3.073653e-01 -9.515916e-01 -1.567688e-14
   outer loop
     vertex  1.359260e+02  1.217089e+02  4.395000e+02
     vertex  1.354442e+02  1.218645e+02  4.464000e+02
     vertex  1.354442e+02  1.218645e+02  4.395000e+02
   endloop
 endfacet
 facet normal -5.261646e-01 -8.503828e-01 -1.534669e-14
   outer loop
     vertex  1.363565e+02  1.214425e+02  4.395000e+02
     vertex  1.363565e+02  1.214425e+02  4.464000e+02
     vertex  1.359260e+02  1.217089e+02  4.464000e+02
   endloop
 endfacet
 facet normal -5.261646e-01 -8.503828e-01 -1.401226e-14
   outer loop
     vertex  1.363565e+02  1.214425e+02  4.395000e+02
     vertex  1.359260e+02  1.217089e+02  4.464000e+02
     vertex  1.359260e+02  1.217089e+02  4.395000e+02
   endloop
 endfacet
 facet normal -7.143851e-01 -6.997528e-01 -1.297055e-14
   outer loop
     vertex  1.367107e+02  1.210808e+02  4.395000e+02
     vertex  1.367107e+02  1.210808e+02  4.464000e+02
     vertex  1.363565e+02  1.214425e+02  4.464000e+02
   endloop
 endfacet
 facet normal -7.143851e-01 -6.997528e-01 -1.146566e-14
   outer loop
     vertex  1.367107e+02  1.210808e+02  4.395000e+02
     vertex  1.363565e+02  1.214425e+02  4.464000e+02
     vertex  1.363565e+02  1.214425e+02  4.395000e+02
   endloop
 endfacet
 facet normal -8.610882e-01 -5.084557e-01 -9.424682e-15
   outer loop
     vertex  1.369681e+02  1.206449e+02  4.395000e+02
     vertex  1.369681e+02  1.206449e+02  4.464000e+02
     vertex  1.367107e+02  1.210808e+02  4.464000e+02
   endloop
 endfacet
 facet normal -8.610882e-01 -5.084557e-01 -9.423610e-15
   outer loop
     vertex  1.369681e+02  1.206449e+02  4.395000e+02
     vertex  1.367107e+02  1.210808e+02  4.464000e+02
     vertex  1.367107e+02  1.210808e+02  4.395000e+02
   endloop
 endfacet
 facet normal -9.577479e-01 -2.876090e-01 -5.923434e-15
   outer loop
     vertex  1.371137e+02  1.201600e+02  4.395000e+02
     vertex  1.371137e+02  1.201600e+02  4.464000e+02
     vertex  1.369681e+02  1.206449e+02  4.464000e+02
   endloop
 endfacet
 facet normal -9.577479e-01 -2.876090e-01 -5.331570e-15
   outer loop
     vertex  1.371137e+02  1.201600e+02  4.395000e+02
     vertex  1.369681e+02  1.206449e+02  4.464000e+02
     vertex  1.369681e+02  1.206449e+02  4.395000e+02
   endloop
 endfacet
 facet normal -9.987468e-01 -5.004751e-02 -8.246005e-16
   outer loop
     vertex  1.371391e+02  1.196544e+02  4.395000e+02
     vertex  1.371391e+02  1.196544e+02  4.464000e+02
     vertex  1.371137e+02  1.201600e+02  4.464000e+02
   endloop
 endfacet
 facet normal -9.987468e-01 -5.004751e-02 -1.030956e-15
   outer loop
     vertex  1.371391e+02  1.196544e+02  4.395000e+02
     vertex  1.371137e+02  1.201600e+02  4.464000e+02
     vertex  1.371137e+02  1.201600e+02  4.395000e+02
   endloop
 endfacet
 facet normal -9.817022e-01  1.904225e-01  3.137469e-15
   outer loop
     vertex  1.370427e+02  1.191574e+02  4.395000e+02
     vertex  1.370427e+02  1.191574e+02  4.464000e+02
     vertex  1.371391e+02  1.196544e+02  4.464000e+02
   endloop
 endfacet
 facet normal -9.817022e-01  1.904225e-01  3.138555e-15
   outer loop
     vertex  1.370427e+02  1.191574e+02  4.395000e+02
     vertex  1.371391e+02  1.196544e+02  4.464000e+02
     vertex  1.371391e+02  1.196544e+02  4.395000e+02
   endloop
 endfacet
 facet normal -9.076046e-01  4.198259e-01  7.781850e-15
   outer loop
     vertex  1.368301e+02  1.186979e+02  4.395000e+02
     vertex  1.368301e+02  1.186979e+02  4.464000e+02
     vertex  1.370427e+02  1.191574e+02  4.464000e+02
   endloop
 endfacet
 facet normal -9.076046e-01  4.198259e-01  6.916739e-15
   outer loop
     vertex  1.368301e+02  1.186979e+02  4.395000e+02
     vertex  1.370427e+02  1.191574e+02  4.464000e+02
     vertex  1.370427e+02  1.191574e+02  4.395000e+02
   endloop
 endfacet
 facet normal -7.807604e-01  6.248306e-01  1.029493e-14
   outer loop
     vertex  1.365138e+02  1.183027e+02  4.395000e+02
     vertex  1.365138e+02  1.183027e+02  4.464000e+02
     vertex  1.368301e+02  1.186979e+02  4.464000e+02
   endloop
 endfacet
 facet normal -7.807604e-01  6.248306e-01  1.158484e-14
   outer loop
     vertex  1.365138e+02  1.183027e+02  4.395000e+02
     vertex  1.368301e+02  1.186979e+02  4.464000e+02
     vertex  1.368301e+02  1.186979e+02  4.395000e+02
   endloop
 endfacet
 facet normal -6.085412e-01  7.935223e-01  1.220201e-14
   outer loop
     vertex  1.361121e+02  1.179946e+02  4.395000e+02
     vertex  1.361121e+02  1.179946e+02  4.464000e+02
     vertex  1.365138e+02  1.183027e+02  4.464000e+02
   endloop
 endfacet
 facet normal -6.085412e-01  7.935223e-01  1.307466e-14
   outer loop
     vertex  1.361121e+02  1.179946e+02  4.395000e+02
     vertex  1.365138e+02  1.183027e+02  4.464000e+02
     vertex  1.365138e+02  1.183027e+02  4.395000e+02
   endloop
 endfacet
 facet normal -4.009557e-01  9.160974e-01  2.240575e-14
   outer loop
     vertex  1.356483e+02  1.177916e+02  4.395000e+02
     vertex  1.356483e+02  1.177916e+02  4.464000e+02
     vertex  1.361121e+02  1.179946e+02  4.464000e+02
   endloop
 endfacet
 facet normal -4.009557e-01  9.160974e-01  1.532727e-14
   outer loop
     vertex  1.356483e+02  1.177916e+02  4.395000e+02
     vertex  1.361121e+02  1.179946e+02  4.464000e+02
     vertex  1.361121e+02  1.179946e+02  4.395000e+02
   endloop
 endfacet
 facet normal  3.373688e-02 -1.123331e-01 -9.930977e-01
   outer loop
     vertex  9.115590e+01  5.827942e+01  4.559175e+02
     vertex  9.308041e+01  5.885729e+01  4.559175e+02
     vertex  9.321937e+01  5.816952e+01  4.560000e+02
   endloop
 endfacet
 facet normal  3.373630e-02 -1.123431e-01 -9.930966e-01
   outer loop
     vertex  9.115590e+01  5.827942e+01  4.559175e+02
     vertex  9.321937e+01  5.816952e+01  4.560000e+02
     vertex  9.129696e+01  5.759222e+01  4.560000e+02
   endloop
 endfacet
 facet normal  9.936290e-02 -3.308533e-01 -9.384365e-01
   outer loop
     vertex  9.102963e+01  5.893221e+01  4.556739e+02
     vertex  9.295638e+01  5.951068e+01  4.556740e+02
     vertex  9.308041e+01  5.885729e+01  4.559175e+02
   endloop
 endfacet
 facet normal  9.936042e-02 -3.308853e-01 -9.384255e-01
   outer loop
     vertex  9.102963e+01  5.893221e+01  4.556739e+02
     vertex  9.308041e+01  5.885729e+01  4.559175e+02
     vertex  9.115590e+01  5.827942e+01  4.559175e+02
   endloop
 endfacet
 facet normal  1.596094e-01 -5.314603e-01 -8.319103e-01
   outer loop
     vertex  9.092381e+01  5.951172e+01  4.552834e+02
     vertex  9.285276e+01  6.009080e+01  4.552835e+02
     vertex  9.295638e+01  5.951068e+01  4.556740e+02
   endloop
 endfacet
 facet normal  1.596031e-01 -5.315126e-01 -8.318781e-01
   outer loop
     vertex  9.092381e+01  5.951172e+01  4.552834e+02
     vertex  9.295638e+01  5.951068e+01  4.556740e+02
     vertex  9.102963e+01  5.893221e+01  4.556739e+02
   endloop
 endfacet
 facet normal  2.108871e-01 -7.022102e-01 -6.800202e-01
   outer loop
     vertex  9.084152e+01  5.998631e+01  4.547677e+02
     vertex  9.277239e+01  6.056599e+01  4.547679e+02
     vertex  9.285276e+01  6.009080e+01  4.552835e+02
   endloop
 endfacet
 facet normal  2.108757e-01 -7.022679e-01 -6.799641e-01
   outer loop
     vertex  9.084152e+01  5.998631e+01  4.547677e+02
     vertex  9.285276e+01  6.009080e+01  4.552835e+02
     vertex  9.092381e+01  5.951172e+01  4.552834e+02
   endloop
 endfacet
 facet normal  2.507235e-01 -8.348750e-01 -4.900218e-01
   outer loop
     vertex  9.078427e+01  6.033059e+01  4.541517e+02
     vertex  9.271662e+01  6.091079e+01  4.541519e+02
     vertex  9.277239e+01  6.056599e+01  4.547679e+02
   endloop
 endfacet
 facet normal  2.507082e-01 -8.349184e-01 -4.899558e-01
   outer loop
     vertex  9.078427e+01  6.033059e+01  4.541517e+02
     vertex  9.277239e+01  6.056599e+01  4.547679e+02
     vertex  9.084152e+01  5.998631e+01  4.547677e+02
   endloop
 endfacet
 facet normal  2.767346e-01 -9.215121e-01 -2.724580e-01
   outer loop
     vertex  9.075326e+01  6.052244e+01  4.534712e+02
     vertex  9.268645e+01  6.110295e+01  4.534713e+02
     vertex  9.271662e+01  6.091079e+01  4.541519e+02
   endloop
 endfacet
 facet normal  2.767205e-01 -9.215317e-01 -2.724061e-01
   outer loop
     vertex  9.075326e+01  6.052244e+01  4.534712e+02
     vertex  9.271662e+01  6.091079e+01  4.541519e+02
     vertex  9.078427e+01  6.033059e+01  4.541517e+02
   endloop
 endfacet
 facet normal  2.873808e-01 -9.569926e-01 -3.971705e-02
   outer loop
     vertex  9.074880e+01  6.055035e+01  4.527661e+02
     vertex  9.268212e+01  6.113092e+01  4.527661e+02
     vertex  9.268645e+01  6.110295e+01  4.534713e+02
   endloop
 endfacet
 facet normal  2.821033e-01 -9.394093e-01  1.947509e-01
   outer loop
     vertex  9.074880e+01  6.055035e+01  4.527661e+02
     vertex  9.270353e+01  6.099360e+01  4.520727e+02
     vertex  9.268212e+01  6.113092e+01  4.527661e+02
   endloop
 endfacet
 facet normal  2.873757e-01 -9.569948e-01 -3.970121e-02
   outer loop
     vertex  9.074880e+01  6.055035e+01  4.527661e+02
     vertex  9.268645e+01  6.110295e+01  4.534713e+02
     vertex  9.075326e+01  6.052244e+01  4.534712e+02
   endloop
 endfacet
 facet normal  2.611399e-01 -8.695743e-01  4.191020e-01
   outer loop
     vertex  9.077083e+01  6.041326e+01  4.520728e+02
     vertex  9.275073e+01  6.069835e+01  4.514307e+02
     vertex  9.270353e+01  6.099360e+01  4.520727e+02
   endloop
 endfacet
 facet normal  2.820952e-01 -9.394175e-01  1.947228e-01
   outer loop
     vertex  9.077083e+01  6.041326e+01  4.520728e+02
     vertex  9.270353e+01  6.099360e+01  4.520727e+02
     vertex  9.074880e+01  6.055035e+01  4.527661e+02
   endloop
 endfacet
 facet normal  2.257817e-01 -7.518166e-01  6.195114e-01
   outer loop
     vertex  9.081930e+01  6.011847e+01  4.514309e+02
     vertex  9.282292e+01  6.026442e+01  4.508778e+02
     vertex  9.275073e+01  6.069835e+01  4.514307e+02
   endloop
 endfacet
 facet normal  2.611265e-01 -8.696049e-01  4.190469e-01
   outer loop
     vertex  9.081930e+01  6.011847e+01  4.514309e+02
     vertex  9.275073e+01  6.069835e+01  4.514307e+02
     vertex  9.077083e+01  6.041326e+01  4.520728e+02
   endloop
 endfacet
 facet normal  1.780256e-01 -5.927853e-01  7.854377e-01
   outer loop
     vertex  9.089329e+01  5.968513e+01  4.508779e+02
     vertex  9.291897e+01  5.971621e+01  4.504423e+02
     vertex  9.282292e+01  6.026442e+01  4.508778e+02
   endloop
 endfacet
 facet normal  2.257697e-01 -7.518672e-01  6.194544e-01
   outer loop
     vertex  9.089329e+01  5.968513e+01  4.508779e+02
     vertex  9.282292e+01  6.026442e+01  4.508778e+02
     vertex  9.081930e+01  6.011847e+01  4.514309e+02
   endloop
 endfacet
 facet normal  1.204827e-01 -4.011786e-01  9.080416e-01
   outer loop
     vertex  9.099147e+01  5.913754e+01  4.504423e+02
     vertex  9.303663e+01  5.908327e+01  4.501470e+02
     vertex  9.291897e+01  5.971621e+01  4.504423e+02
   endloop
 endfacet
 facet normal  1.780180e-01 -5.928395e-01  7.853986e-01
   outer loop
     vertex  9.099147e+01  5.913754e+01  4.504423e+02
     vertex  9.291897e+01  5.971621e+01  4.504423e+02
     vertex  9.089329e+01  5.968513e+01  4.508779e+02
   endloop
 endfacet
 facet normal  6.728115e-02 -2.240379e-01  9.722552e-01
   outer loop
     vertex  9.111138e+01  5.850520e+01  4.501470e+02
     vertex  9.312457e+01  5.863404e+01  4.500374e+02
     vertex  9.303663e+01  5.908327e+01  4.501470e+02
   endloop
 endfacet
 facet normal  1.204794e-01 -4.012165e-01  9.080253e-01
   outer loop
     vertex  9.111138e+01  5.850520e+01  4.501470e+02
     vertex  9.303663e+01  5.908327e+01  4.501470e+02
     vertex  9.099147e+01  5.913754e+01  4.504423e+02
   endloop
 endfacet
 facet normal  2.271595e-02 -7.564056e-02  9.968764e-01
   outer loop
     vertex  9.120077e+01  5.805636e+01  4.500374e+02
     vertex  9.321937e+01  5.816952e+01  4.500000e+02
     vertex  9.312457e+01  5.863404e+01  4.500374e+02
   endloop
 endfacet
 facet normal  6.728207e-02 -2.240559e-01  9.722510e-01
   outer loop
     vertex  9.120077e+01  5.805636e+01  4.500374e+02
     vertex  9.312457e+01  5.863404e+01  4.500374e+02
     vertex  9.111138e+01  5.850520e+01  4.501470e+02
   endloop
 endfacet
 facet normal  2.271624e-02 -7.564588e-02  9.968760e-01
   outer loop
     vertex  9.129696e+01  5.759222e+01  4.500000e+02
     vertex  9.321937e+01  5.816952e+01  4.500000e+02
     vertex  9.120077e+01  5.805636e+01  4.500374e+02
   endloop
 endfacet
 facet normal  2.759208e-14  6.582476e-15 -1.000000e+00
   outer loop
     vertex  9.399373e+01  5.492359e+01  4.560000e+02
     vertex  9.129696e+01  5.759222e+01  4.560000e+02
     vertex  9.321937e+01  5.816952e+01  4.560000e+02
   endloop
 endfacet
 facet normal  5.042173e-14  2.965289e-14 -1.000000e+00
   outer loop
     vertex  9.399373e+01  5.492359e+01  4.560000e+02
     vertex  9.207750e+01  5.434803e+01  4.560000e+02
     vertex  9.129696e+01  5.759222e+01  4.560000e+02
   endloop
 endfacet
 facet normal  4.951926e-14  3.265748e-14 -1.000000e+00
   outer loop
     vertex  9.303719e+01  5.115224e+01  4.560000e+02
     vertex  9.207750e+01  5.434803e+01  4.560000e+02
     vertex  9.399373e+01  5.492359e+01  4.560000e+02
   endloop
 endfacet
 facet normal  1.741349e-14  4.080060e-14 -1.000000e+00
   outer loop
     vertex  9.495349e+01  5.172757e+01  4.560000e+02
     vertex  9.303719e+01  5.115224e+01  4.560000e+02
     vertex  9.399373e+01  5.492359e+01  4.560000e+02
   endloop
 endfacet
 facet normal  2.184888e-14  2.602735e-14 -1.000000e+00
   outer loop
     vertex  9.417305e+01  4.801474e+01  4.560000e+02
     vertex  9.303719e+01  5.115224e+01  4.560000e+02
     vertex  9.495349e+01  5.172757e+01  4.560000e+02
   endloop
 endfacet
 facet normal  5.330736e-14  1.941475e-14 -1.000000e+00
   outer loop
     vertex  9.609546e+01  4.859204e+01  4.560000e+02
     vertex  9.417305e+01  4.801474e+01  4.560000e+02
     vertex  9.495349e+01  5.172757e+01  4.560000e+02
   endloop
 endfacet
 facet normal -3.375285e-02  1.123982e-01  9.930898e-01
   outer loop
     vertex  9.443404e+01  4.736321e+01  4.500826e+02
     vertex  9.609546e+01  4.859204e+01  4.500000e+02
     vertex  9.417305e+01  4.801474e+01  4.500000e+02
   endloop
 endfacet
 facet normal -3.374718e-02  1.123906e-01  9.930909e-01
   outer loop
     vertex  9.443404e+01  4.736321e+01  4.500826e+02
     vertex  9.635852e+01  4.794118e+01  4.500826e+02
     vertex  9.609546e+01  4.859204e+01  4.500000e+02
   endloop
 endfacet
 facet normal -9.939454e-02  3.310147e-01  9.383763e-01
   outer loop
     vertex  9.468841e+01  4.674860e+01  4.503264e+02
     vertex  9.661509e+01  4.732730e+01  4.503263e+02
     vertex  9.635852e+01  4.794118e+01  4.500826e+02
   endloop
 endfacet
 facet normal -9.941334e-02  3.310388e-01  9.383657e-01
   outer loop
     vertex  9.468841e+01  4.674860e+01  4.503264e+02
     vertex  9.635852e+01  4.794118e+01  4.500826e+02
     vertex  9.443404e+01  4.736321e+01  4.500826e+02
   endloop
 endfacet
 facet normal -1.596552e-01  5.316999e-01  8.317484e-01
   outer loop
     vertex  9.491943e+01  4.620650e+01  4.507173e+02
     vertex  9.684828e+01  4.678590e+01  4.507172e+02
     vertex  9.661509e+01  4.732730e+01  4.503263e+02
   endloop
 endfacet
 facet normal -1.596878e-01  5.317384e-01  8.317175e-01
   outer loop
     vertex  9.491943e+01  4.620650e+01  4.507173e+02
     vertex  9.661509e+01  4.732730e+01  4.503263e+02
     vertex  9.468841e+01  4.674860e+01  4.503264e+02
   endloop
 endfacet
 facet normal -2.109396e-01  7.024849e-01  6.797201e-01
   outer loop
     vertex  9.511222e+01  4.576507e+01  4.512334e+02
     vertex  9.704302e+01  4.634503e+01  4.512332e+02
     vertex  9.684828e+01  4.678590e+01  4.507172e+02
   endloop
 endfacet
 facet normal -2.109790e-01  7.025249e-01  6.796665e-01
   outer loop
     vertex  9.511222e+01  4.576507e+01  4.512334e+02
     vertex  9.684828e+01  4.678590e+01  4.507172e+02
     vertex  9.491943e+01  4.620650e+01  4.507173e+02
   endloop
 endfacet
 facet normal -2.507747e-01  8.351284e-01  4.895637e-01
   outer loop
     vertex  9.525406e+01  4.544635e+01  4.518499e+02
     vertex  9.718636e+01  4.602669e+01  4.518497e+02
     vertex  9.704302e+01  4.634503e+01  4.512332e+02
   endloop
 endfacet
 facet normal -2.508092e-01  8.351544e-01  4.895016e-01
   outer loop
     vertex  9.525406e+01  4.544635e+01  4.518499e+02
     vertex  9.704302e+01  4.634503e+01  4.512332e+02
     vertex  9.511222e+01  4.576507e+01  4.512334e+02
   endloop
 endfacet
 facet normal -2.751748e-01  9.163631e-01  2.907877e-01
   outer loop
     vertex  9.532506e+01  4.528865e+01  4.524141e+02
     vertex  9.725814e+01  4.586918e+01  4.524140e+02
     vertex  9.718636e+01  4.602669e+01  4.518497e+02
   endloop
 endfacet
 facet normal -2.751943e-01  9.163734e-01  2.907369e-01
   outer loop
     vertex  9.532506e+01  4.528865e+01  4.524141e+02
     vertex  9.718636e+01  4.602669e+01  4.518497e+02
     vertex  9.525406e+01  4.544635e+01  4.518499e+02
   endloop
 endfacet
 facet normal -2.862206e-01  9.531246e-01  9.813913e-02
   outer loop
     vertex  9.534909e+01  4.523556e+01  4.530000e+02
     vertex  9.728244e+01  4.581614e+01  4.530000e+02
     vertex  9.725814e+01  4.586918e+01  4.524140e+02
   endloop
 endfacet
 facet normal -2.862271e-01  9.531248e-01  9.811825e-02
   outer loop
     vertex  9.534909e+01  4.523556e+01  4.530000e+02
     vertex  9.725814e+01  4.586918e+01  4.524140e+02
     vertex  9.532506e+01  4.528865e+01  4.524141e+02
   endloop
 endfacet
 facet normal -5.330736e-14 -1.941475e-14  1.000000e+00
   outer loop
     vertex  9.495349e+01  5.172757e+01  4.500000e+02
     vertex  9.417305e+01  4.801474e+01  4.500000e+02
     vertex  9.609546e+01  4.859204e+01  4.500000e+02
   endloop
 endfacet
 facet normal -2.184888e-14 -2.602735e-14  1.000000e+00
   outer loop
     vertex  9.495349e+01  5.172757e+01  4.500000e+02
     vertex  9.303719e+01  5.115224e+01  4.500000e+02
     vertex  9.417305e+01  4.801474e+01  4.500000e+02
   endloop
 endfacet
 facet normal -2.231134e-14 -2.448701e-14  1.000000e+00
   outer loop
     vertex  9.207750e+01  5.434803e+01  4.500000e+02
     vertex  9.303719e+01  5.115224e+01  4.500000e+02
     vertex  9.495349e+01  5.172757e+01  4.500000e+02
   endloop
 endfacet
 facet normal -4.461944e-14 -4.897047e-14  1.000000e+00
   outer loop
     vertex  9.399373e+01  5.492359e+01  4.500000e+02
     vertex  9.207750e+01  5.434803e+01  4.500000e+02
     vertex  9.495349e+01  5.172757e+01  4.500000e+02
   endloop
 endfacet
 facet normal -5.042173e-14 -2.965289e-14  1.000000e+00
   outer loop
     vertex  9.129696e+01  5.759222e+01  4.500000e+02
     vertex  9.207750e+01  5.434803e+01  4.500000e+02
     vertex  9.399373e+01  5.492359e+01  4.500000e+02
   endloop
 endfacet
 facet normal -5.027684e-14 -2.950648e-14  1.000000e+00
   outer loop
     vertex  9.321937e+01  5.816952e+01  4.500000e+02
     vertex  9.129696e+01  5.759222e+01  4.500000e+02
     vertex  9.399373e+01  5.492359e+01  4.500000e+02
   endloop
 endfacet
endsolid
