solid 
 facet normal  9.160974e-01  4.009557e-01  1.204492e-14
   outer loop
     vertex  1.332394e+02  6.496684e+01  7.600000e+01
     vertex  1.349310e+02  6.110203e+01  6.600000e+01
     vertex  1.332394e+02  6.496684e+01  6.600000e+01
   endloop
 endfacet
 facet normal  9.160974e-01  4.009557e-01  9.726110e-15
   outer loop
     vertex  1.349310e+02  6.110203e+01  7.600000e+01
     vertex  1.349310e+02  6.110203e+01  6.600000e+01
     vertex  1.332394e+02  6.496684e+01  7.600000e+01
   endloop
 endfacet
 facet normal  7.935223e-01  6.085412e-01  1.080986e-14
   outer loop
     vertex  1.374983e+02  5.775433e+01  7.600000e+01
     vertex  1.374983e+02  5.775433e+01  6.600000e+01
     vertex  1.349310e+02  6.110203e+01  6.600000e+01
   endloop
 endfacet
 facet normal  6.248306e-01  7.807604e-01  1.386909e-14
   outer loop
     vertex  1.374983e+02  5.775433e+01  7.600000e+01
     vertex  1.407921e+02  5.511830e+01  6.600000e+01
     vertex  1.374983e+02  5.775433e+01  6.600000e+01
   endloop
 endfacet
 facet normal  7.935223e-01  6.085412e-01  1.305283e-14
   outer loop
     vertex  1.374983e+02  5.775433e+01  7.600000e+01
     vertex  1.349310e+02  6.110203e+01  6.600000e+01
     vertex  1.349310e+02  6.110203e+01  7.600000e+01
   endloop
 endfacet
 facet normal  6.248306e-01  7.807604e-01  1.331433e-14
   outer loop
     vertex  1.407921e+02  5.511830e+01  7.600000e+01
     vertex  1.407921e+02  5.511830e+01  6.600000e+01
     vertex  1.374983e+02  5.775433e+01  7.600000e+01
   endloop
 endfacet
 facet normal  4.198259e-01  9.076046e-01  1.676719e-14
   outer loop
     vertex  1.446211e+02  5.334715e+01  7.600000e+01
     vertex  1.446211e+02  5.334715e+01  6.600000e+01
     vertex  1.407921e+02  5.511830e+01  6.600000e+01
   endloop
 endfacet
 facet normal  4.198259e-01  9.076046e-01  1.547392e-14
   outer loop
     vertex  1.446211e+02  5.334715e+01  7.600000e+01
     vertex  1.407921e+02  5.511830e+01  6.600000e+01
     vertex  1.407921e+02  5.511830e+01  7.600000e+01
   endloop
 endfacet
 facet normal  1.904225e-01  9.817022e-01  1.619978e-14
   outer loop
     vertex  1.487627e+02  5.254380e+01  7.600000e+01
     vertex  1.487627e+02  5.254380e+01  6.600000e+01
     vertex  1.446211e+02  5.334715e+01  6.600000e+01
   endloop
 endfacet
 facet normal -5.004751e-02  9.987468e-01  1.717390e-14
   outer loop
     vertex  1.487627e+02  5.254380e+01  7.600000e+01
     vertex  1.529762e+02  5.275493e+01  6.600000e+01
     vertex  1.487627e+02  5.254380e+01  6.600000e+01
   endloop
 endfacet
 facet normal  1.904225e-01  9.817022e-01  1.813712e-14
   outer loop
     vertex  1.487627e+02  5.254380e+01  7.600000e+01
     vertex  1.446211e+02  5.334715e+01  6.600000e+01
     vertex  1.446211e+02  5.334715e+01  7.600000e+01
   endloop
 endfacet
 facet normal -5.004751e-02  9.987468e-01  1.703166e-14
   outer loop
     vertex  1.529762e+02  5.275493e+01  7.600000e+01
     vertex  1.529762e+02  5.275493e+01  6.600000e+01
     vertex  1.487627e+02  5.254380e+01  7.600000e+01
   endloop
 endfacet
 facet normal -2.876090e-01  9.577479e-01  1.551507e-14
   outer loop
     vertex  1.570167e+02  5.396830e+01  7.600000e+01
     vertex  1.570167e+02  5.396830e+01  6.600000e+01
     vertex  1.529762e+02  5.275493e+01  6.600000e+01
   endloop
 endfacet
 facet normal -2.876090e-01  9.577479e-01  1.633709e-14
   outer loop
     vertex  1.570167e+02  5.396830e+01  7.600000e+01
     vertex  1.529762e+02  5.275493e+01  6.600000e+01
     vertex  1.529762e+02  5.275493e+01  7.600000e+01
   endloop
 endfacet
 facet normal -5.084557e-01  8.610882e-01  1.529600e-14
   outer loop
     vertex  1.606495e+02  5.611336e+01  7.600000e+01
     vertex  1.606495e+02  5.611336e+01  6.600000e+01
     vertex  1.570167e+02  5.396830e+01  6.600000e+01
   endloop
 endfacet
 facet normal -5.084557e-01  8.610882e-01  1.322125e-14
   outer loop
     vertex  1.606495e+02  5.611336e+01  7.600000e+01
     vertex  1.570167e+02  5.396830e+01  6.600000e+01
     vertex  1.570167e+02  5.396830e+01  7.600000e+01
   endloop
 endfacet
 facet normal -6.997528e-01  7.143851e-01  1.269003e-14
   outer loop
     vertex  1.636633e+02  5.906547e+01  7.600000e+01
     vertex  1.636633e+02  5.906547e+01  6.600000e+01
     vertex  1.606495e+02  5.611336e+01  6.600000e+01
   endloop
 endfacet
 facet normal -6.997528e-01  7.143851e-01  1.271598e-14
   outer loop
     vertex  1.636633e+02  5.906547e+01  7.600000e+01
     vertex  1.606495e+02  5.611336e+01  6.600000e+01
     vertex  1.606495e+02  5.611336e+01  7.600000e+01
   endloop
 endfacet
 facet normal -8.503828e-01  5.261646e-01  9.346560e-15
   outer loop
     vertex  1.658831e+02  6.265305e+01  7.600000e+01
     vertex  1.658831e+02  6.265305e+01  6.600000e+01
     vertex  1.636633e+02  5.906547e+01  6.600000e+01
   endloop
 endfacet
 facet normal -8.503828e-01  5.261646e-01  9.347510e-15
   outer loop
     vertex  1.658831e+02  6.265305e+01  7.600000e+01
     vertex  1.636633e+02  5.906547e+01  6.600000e+01
     vertex  1.636633e+02  5.906547e+01  7.600000e+01
   endloop
 endfacet
 facet normal -9.515916e-01  3.073653e-01  5.241508e-15
   outer loop
     vertex  1.671798e+02  6.666761e+01  7.600000e+01
     vertex  1.671798e+02  6.666761e+01  6.600000e+01
     vertex  1.658831e+02  6.265305e+01  6.600000e+01
   endloop
 endfacet
 facet normal -9.974974e-01  7.070302e-02  1.205700e-15
   outer loop
     vertex  1.671798e+02  6.666761e+01  7.600000e+01
     vertex  1.674781e+02  7.087583e+01  6.600000e+01
     vertex  1.671798e+02  6.666761e+01  6.600000e+01
   endloop
 endfacet
 facet normal -9.515916e-01  3.073653e-01  5.452714e-15
   outer loop
     vertex  1.671798e+02  6.666761e+01  7.600000e+01
     vertex  1.658831e+02  6.265305e+01  6.600000e+01
     vertex  1.658831e+02  6.265305e+01  7.600000e+01
   endloop
 endfacet
 facet normal -9.974974e-01  7.070302e-02  1.105225e-15
   outer loop
     vertex  1.674781e+02  7.087583e+01  7.600000e+01
     vertex  1.674781e+02  7.087583e+01  6.600000e+01
     vertex  1.671798e+02  6.666761e+01  7.600000e+01
   endloop
 endfacet
 facet normal -9.854323e-01 -1.700682e-01 -3.383541e-15
   outer loop
     vertex  1.667606e+02  7.503316e+01  7.600000e+01
     vertex  1.667606e+02  7.503316e+01  6.600000e+01
     vertex  1.674781e+02  7.087583e+01  6.600000e+01
   endloop
 endfacet
 facet normal -9.854323e-01 -1.700682e-01 -2.663198e-15
   outer loop
     vertex  1.667606e+02  7.503316e+01  7.600000e+01
     vertex  1.674781e+02  7.087583e+01  6.600000e+01
     vertex  1.674781e+02  7.087583e+01  7.600000e+01
   endloop
 endfacet
 facet normal  9.160974e-01  4.009557e-01  7.122405e-15
   outer loop
     vertex  1.622790e+02  2.198272e+01  7.600000e+01
     vertex  1.624772e+02  2.152999e+01  6.600000e+01
     vertex  1.622790e+02  2.198272e+01  6.600000e+01
   endloop
 endfacet
 facet normal  9.160974e-01  4.009557e-01  7.122405e-15
   outer loop
     vertex  1.624772e+02  2.152999e+01  7.600000e+01
     vertex  1.624772e+02  2.152999e+01  6.600000e+01
     vertex  1.622790e+02  2.198272e+01  7.600000e+01
   endloop
 endfacet
 facet normal  7.935223e-01  6.085412e-01  8.122142e-15
   outer loop
     vertex  1.627779e+02  2.113783e+01  7.600000e+01
     vertex  1.627779e+02  2.113783e+01  6.600000e+01
     vertex  1.624772e+02  2.152999e+01  6.600000e+01
   endloop
 endfacet
 facet normal  6.248306e-01  7.807604e-01  1.153845e-14
   outer loop
     vertex  1.627779e+02  2.113783e+01  7.600000e+01
     vertex  1.631638e+02  2.082904e+01  6.600000e+01
     vertex  1.627779e+02  2.113783e+01  6.600000e+01
   endloop
 endfacet
 facet normal  7.935223e-01  6.085412e-01  1.080849e-14
   outer loop
     vertex  1.627779e+02  2.113783e+01  7.600000e+01
     vertex  1.624772e+02  2.152999e+01  6.600000e+01
     vertex  1.624772e+02  2.152999e+01  7.600000e+01
   endloop
 endfacet
 facet normal  6.248306e-01  7.807604e-01  1.386909e-14
   outer loop
     vertex  1.631638e+02  2.082904e+01  7.600000e+01
     vertex  1.631638e+02  2.082904e+01  6.600000e+01
     vertex  1.627779e+02  2.113783e+01  7.600000e+01
   endloop
 endfacet
 facet normal  4.198259e-01  9.076046e-01  1.428419e-14
   outer loop
     vertex  1.636123e+02  2.062156e+01  7.600000e+01
     vertex  1.636123e+02  2.062156e+01  6.600000e+01
     vertex  1.631638e+02  2.082904e+01  6.600000e+01
   endloop
 endfacet
 facet normal  4.198259e-01  9.076046e-01  1.612147e-14
   outer loop
     vertex  1.636123e+02  2.062156e+01  7.600000e+01
     vertex  1.631638e+02  2.082904e+01  6.600000e+01
     vertex  1.631638e+02  2.082904e+01  7.600000e+01
   endloop
 endfacet
 facet normal  1.904225e-01  9.817022e-01  1.743853e-14
   outer loop
     vertex  1.640975e+02  2.052745e+01  7.600000e+01
     vertex  1.640975e+02  2.052745e+01  6.600000e+01
     vertex  1.636123e+02  2.062156e+01  6.600000e+01
   endloop
 endfacet
 facet normal -5.004751e-02  9.987468e-01  1.774131e-14
   outer loop
     vertex  1.640975e+02  2.052745e+01  7.600000e+01
     vertex  1.645910e+02  2.055219e+01  6.600000e+01
     vertex  1.640975e+02  2.052745e+01  6.600000e+01
   endloop
 endfacet
 facet normal  1.904225e-01  9.817022e-01  1.619870e-14
   outer loop
     vertex  1.640975e+02  2.052745e+01  7.600000e+01
     vertex  1.636123e+02  2.062156e+01  6.600000e+01
     vertex  1.636123e+02  2.062156e+01  7.600000e+01
   endloop
 endfacet
 facet normal -5.004751e-02  9.987468e-01  1.774131e-14
   outer loop
     vertex  1.645910e+02  2.055219e+01  7.600000e+01
     vertex  1.645910e+02  2.055219e+01  6.600000e+01
     vertex  1.640975e+02  2.052745e+01  7.600000e+01
   endloop
 endfacet
 facet normal -2.876090e-01  9.577479e-01  1.701302e-14
   outer loop
     vertex  1.650644e+02  2.069432e+01  7.600000e+01
     vertex  1.650644e+02  2.069432e+01  6.600000e+01
     vertex  1.645910e+02  2.055219e+01  6.600000e+01
   endloop
 endfacet
 facet normal -2.876090e-01  9.577479e-01  1.701165e-14
   outer loop
     vertex  1.650644e+02  2.069432e+01  7.600000e+01
     vertex  1.645910e+02  2.055219e+01  6.600000e+01
     vertex  1.645910e+02  2.055219e+01  7.600000e+01
   endloop
 endfacet
 facet normal -5.084557e-01  8.610882e-01  1.529600e-14
   outer loop
     vertex  1.654899e+02  2.094560e+01  7.600000e+01
     vertex  1.654899e+02  2.094560e+01  6.600000e+01
     vertex  1.650644e+02  2.069432e+01  6.600000e+01
   endloop
 endfacet
 facet normal -5.084557e-01  8.610882e-01  1.529588e-14
   outer loop
     vertex  1.654899e+02  2.094560e+01  7.600000e+01
     vertex  1.650644e+02  2.069432e+01  6.600000e+01
     vertex  1.650644e+02  2.069432e+01  7.600000e+01
   endloop
 endfacet
 facet normal -6.997528e-01  7.143851e-01  1.269003e-14
   outer loop
     vertex  1.658430e+02  2.129142e+01  7.600000e+01
     vertex  1.658430e+02  2.129142e+01  6.600000e+01
     vertex  1.654899e+02  2.094560e+01  6.600000e+01
   endloop
 endfacet
 facet normal -6.997528e-01  7.143851e-01  1.268994e-14
   outer loop
     vertex  1.658430e+02  2.129142e+01  7.600000e+01
     vertex  1.654899e+02  2.094560e+01  6.600000e+01
     vertex  1.654899e+02  2.094560e+01  7.600000e+01
   endloop
 endfacet
 facet normal -8.503828e-01  5.261646e-01  9.346560e-15
   outer loop
     vertex  1.661030e+02  2.171168e+01  7.600000e+01
     vertex  1.661030e+02  2.171168e+01  6.600000e+01
     vertex  1.658430e+02  2.129142e+01  6.600000e+01
   endloop
 endfacet
 facet normal -8.503828e-01  5.261646e-01  9.345456e-15
   outer loop
     vertex  1.661030e+02  2.171168e+01  7.600000e+01
     vertex  1.658430e+02  2.129142e+01  6.600000e+01
     vertex  1.658430e+02  2.129142e+01  7.600000e+01
   endloop
 endfacet
 facet normal -9.515916e-01  3.073653e-01  5.459904e-15
   outer loop
     vertex  1.662549e+02  2.218196e+01  7.600000e+01
     vertex  1.662549e+02  2.218196e+01  6.600000e+01
     vertex  1.661030e+02  2.171168e+01  6.600000e+01
   endloop
 endfacet
 facet normal -9.974974e-01  7.070302e-02  1.255938e-15
   outer loop
     vertex  1.662549e+02  2.218196e+01  7.600000e+01
     vertex  1.662898e+02  2.267492e+01  6.600000e+01
     vertex  1.662549e+02  2.218196e+01  6.600000e+01
   endloop
 endfacet
 facet normal -9.515916e-01  3.073653e-01  5.461812e-15
   outer loop
     vertex  1.662549e+02  2.218196e+01  7.600000e+01
     vertex  1.661030e+02  2.171168e+01  6.600000e+01
     vertex  1.661030e+02  2.171168e+01  7.600000e+01
   endloop
 endfacet
 facet normal -9.974974e-01  7.070302e-02  1.255938e-15
   outer loop
     vertex  1.662898e+02  2.267492e+01  7.600000e+01
     vertex  1.662898e+02  2.267492e+01  6.600000e+01
     vertex  1.662549e+02  2.218196e+01  7.600000e+01
   endloop
 endfacet
 facet normal -9.854323e-01 -1.700682e-01 -2.900178e-15
   outer loop
     vertex  1.662058e+02  2.316192e+01  7.600000e+01
     vertex  1.662058e+02  2.316192e+01  6.600000e+01
     vertex  1.662898e+02  2.267492e+01  6.600000e+01
   endloop
 endfacet
 facet normal -9.854323e-01 -1.700682e-01 -3.020143e-15
   outer loop
     vertex  1.662058e+02  2.316192e+01  7.600000e+01
     vertex  1.662898e+02  2.267492e+01  6.600000e+01
     vertex  1.662898e+02  2.267492e+01  7.600000e+01
   endloop
 endfacet
 facet normal  9.160974e-01  4.009557e-01  3.948907e-15
   outer loop
     vertex  1.006089e+02  5.516800e+01  7.600000e+01
     vertex  1.008071e+02  5.471527e+01  6.600000e+01
     vertex  1.006089e+02  5.516800e+01  6.600000e+01
   endloop
 endfacet
 facet normal  9.160974e-01  4.009557e-01  5.250760e-15
   outer loop
     vertex  1.008071e+02  5.471527e+01  7.600000e+01
     vertex  1.008071e+02  5.471527e+01  6.600000e+01
     vertex  1.006089e+02  5.516800e+01  7.600000e+01
   endloop
 endfacet
 facet normal  7.935223e-01  6.085412e-01  8.122142e-15
   outer loop
     vertex  1.011078e+02  5.432311e+01  7.600000e+01
     vertex  1.011078e+02  5.432311e+01  6.600000e+01
     vertex  1.008071e+02  5.471527e+01  6.600000e+01
   endloop
 endfacet
 facet normal  6.248306e-01  7.807604e-01  1.153845e-14
   outer loop
     vertex  1.011078e+02  5.432311e+01  7.600000e+01
     vertex  1.014937e+02  5.401432e+01  6.600000e+01
     vertex  1.011078e+02  5.432311e+01  6.600000e+01
   endloop
 endfacet
 facet normal  7.935223e-01  6.085412e-01  8.817527e-15
   outer loop
     vertex  1.011078e+02  5.432311e+01  7.600000e+01
     vertex  1.008071e+02  5.471527e+01  6.600000e+01
     vertex  1.008071e+02  5.471527e+01  7.600000e+01
   endloop
 endfacet
 facet normal  6.248306e-01  7.807604e-01  1.386909e-14
   outer loop
     vertex  1.014937e+02  5.401432e+01  7.600000e+01
     vertex  1.014937e+02  5.401432e+01  6.600000e+01
     vertex  1.011078e+02  5.432311e+01  7.600000e+01
   endloop
 endfacet
 facet normal  4.198259e-01  9.076046e-01  1.612230e-14
   outer loop
     vertex  1.019422e+02  5.380684e+01  7.600000e+01
     vertex  1.019422e+02  5.380684e+01  6.600000e+01
     vertex  1.014937e+02  5.401432e+01  6.600000e+01
   endloop
 endfacet
 facet normal  4.198259e-01  9.076046e-01  1.612147e-14
   outer loop
     vertex  1.019422e+02  5.380684e+01  7.600000e+01
     vertex  1.014937e+02  5.401432e+01  6.600000e+01
     vertex  1.014937e+02  5.401432e+01  7.600000e+01
   endloop
 endfacet
 facet normal  1.904225e-01  9.817022e-01  1.604345e-14
   outer loop
     vertex  1.024274e+02  5.371273e+01  7.600000e+01
     vertex  1.024274e+02  5.371273e+01  6.600000e+01
     vertex  1.019422e+02  5.380684e+01  6.600000e+01
   endloop
 endfacet
 facet normal -5.004751e-02  9.987468e-01  1.632200e-14
   outer loop
     vertex  1.024274e+02  5.371273e+01  7.600000e+01
     vertex  1.029210e+02  5.373747e+01  6.600000e+01
     vertex  1.024274e+02  5.371273e+01  6.600000e+01
   endloop
 endfacet
 facet normal  1.904225e-01  9.817022e-01  1.743849e-14
   outer loop
     vertex  1.024274e+02  5.371273e+01  7.600000e+01
     vertex  1.019422e+02  5.380684e+01  6.600000e+01
     vertex  1.019422e+02  5.380684e+01  7.600000e+01
   endloop
 endfacet
 facet normal -5.004751e-02  9.987468e-01  1.788355e-14
   outer loop
     vertex  1.029210e+02  5.373747e+01  7.600000e+01
     vertex  1.029210e+02  5.373747e+01  6.600000e+01
     vertex  1.024274e+02  5.371273e+01  7.600000e+01
   endloop
 endfacet
 facet normal -2.876090e-01  9.577479e-01  1.646941e-14
   outer loop
     vertex  1.033943e+02  5.387960e+01  7.600000e+01
     vertex  1.033943e+02  5.387960e+01  6.600000e+01
     vertex  1.029210e+02  5.373747e+01  6.600000e+01
   endloop
 endfacet
 facet normal -2.876090e-01  9.577479e-01  1.783162e-14
   outer loop
     vertex  1.033943e+02  5.387960e+01  7.600000e+01
     vertex  1.029210e+02  5.373747e+01  6.600000e+01
     vertex  1.029210e+02  5.373747e+01  7.600000e+01
   endloop
 endfacet
 facet normal -5.084557e-01  8.610882e-01  1.601856e-14
   outer loop
     vertex  1.038198e+02  5.413088e+01  7.600000e+01
     vertex  1.038198e+02  5.413088e+01  6.600000e+01
     vertex  1.033943e+02  5.387960e+01  6.600000e+01
   endloop
 endfacet
 facet normal -5.084557e-01  8.610882e-01  1.551772e-14
   outer loop
     vertex  1.038198e+02  5.413088e+01  7.600000e+01
     vertex  1.033943e+02  5.387960e+01  6.600000e+01
     vertex  1.033943e+02  5.387960e+01  7.600000e+01
   endloop
 endfacet
 facet normal -6.997528e-01  7.143851e-01  1.269003e-14
   outer loop
     vertex  1.041729e+02  5.447670e+01  7.600000e+01
     vertex  1.041729e+02  5.447670e+01  6.600000e+01
     vertex  1.038198e+02  5.413088e+01  6.600000e+01
   endloop
 endfacet
 facet normal -6.997528e-01  7.143851e-01  1.368402e-14
   outer loop
     vertex  1.041729e+02  5.447670e+01  7.600000e+01
     vertex  1.038198e+02  5.413088e+01  6.600000e+01
     vertex  1.038198e+02  5.413088e+01  7.600000e+01
   endloop
 endfacet
 facet normal -8.503828e-01  5.261646e-01  1.018116e-14
   outer loop
     vertex  1.044329e+02  5.489696e+01  7.600000e+01
     vertex  1.044329e+02  5.489696e+01  6.600000e+01
     vertex  1.041729e+02  5.447670e+01  6.600000e+01
   endloop
 endfacet
 facet normal -9.515916e-01  3.073653e-01  6.593801e-15
   outer loop
     vertex  1.044329e+02  5.489696e+01  7.600000e+01
     vertex  1.045848e+02  5.536724e+01  6.600000e+01
     vertex  1.044329e+02  5.489696e+01  6.600000e+01
   endloop
 endfacet
 facet normal -8.503828e-01  5.261646e-01  9.345456e-15
   outer loop
     vertex  1.044329e+02  5.489696e+01  7.600000e+01
     vertex  1.041729e+02  5.447670e+01  6.600000e+01
     vertex  1.041729e+02  5.447670e+01  7.600000e+01
   endloop
 endfacet
 facet normal -9.974974e-01  7.070302e-02  1.255938e-15
   outer loop
     vertex  1.045848e+02  5.536724e+01  7.600000e+01
     vertex  1.046198e+02  5.586020e+01  6.600000e+01
     vertex  1.045848e+02  5.536724e+01  6.600000e+01
   endloop
 endfacet
 facet normal -9.515916e-01  3.073653e-01  5.459904e-15
   outer loop
     vertex  1.045848e+02  5.536724e+01  7.600000e+01
     vertex  1.045848e+02  5.536724e+01  6.600000e+01
     vertex  1.044329e+02  5.489696e+01  7.600000e+01
   endloop
 endfacet
 facet normal -9.974974e-01  7.070302e-02  1.205700e-15
   outer loop
     vertex  1.046198e+02  5.586020e+01  7.600000e+01
     vertex  1.046198e+02  5.586020e+01  6.600000e+01
     vertex  1.045848e+02  5.536724e+01  7.600000e+01
   endloop
 endfacet
 facet normal -9.854323e-01 -1.700682e-01 -2.900178e-15
   outer loop
     vertex  1.045357e+02  5.634720e+01  7.600000e+01
     vertex  1.045357e+02  5.634720e+01  6.600000e+01
     vertex  1.046198e+02  5.586020e+01  6.600000e+01
   endloop
 endfacet
 facet normal -9.854323e-01 -1.700682e-01 -2.899394e-15
   outer loop
     vertex  1.045357e+02  5.634720e+01  7.600000e+01
     vertex  1.046198e+02  5.586020e+01  6.600000e+01
     vertex  1.046198e+02  5.586020e+01  7.600000e+01
   endloop
 endfacet
 facet normal  9.160974e-01  4.009557e-01  4.233803e-15
   outer loop
     vertex  1.337942e+02  1.168381e+02  7.600000e+01
     vertex  1.339924e+02  1.163853e+02  6.600000e+01
     vertex  1.337942e+02  1.168381e+02  6.600000e+01
   endloop
 endfacet
 facet normal  9.160974e-01  4.009557e-01  7.407301e-15
   outer loop
     vertex  1.339924e+02  1.163853e+02  7.600000e+01
     vertex  1.339924e+02  1.163853e+02  6.600000e+01
     vertex  1.337942e+02  1.168381e+02  7.600000e+01
   endloop
 endfacet
 facet normal  7.935223e-01  6.085412e-01  1.210705e-14
   outer loop
     vertex  1.342931e+02  1.159932e+02  7.600000e+01
     vertex  1.342931e+02  1.159932e+02  6.600000e+01
     vertex  1.339924e+02  1.163853e+02  6.600000e+01
   endloop
 endfacet
 facet normal  6.248306e-01  7.807604e-01  1.553338e-14
   outer loop
     vertex  1.342931e+02  1.159932e+02  7.600000e+01
     vertex  1.346790e+02  1.156844e+02  6.600000e+01
     vertex  1.342931e+02  1.159932e+02  6.600000e+01
   endloop
 endfacet
 facet normal  7.935223e-01  6.085412e-01  1.124094e-14
   outer loop
     vertex  1.342931e+02  1.159932e+02  7.600000e+01
     vertex  1.339924e+02  1.163853e+02  6.600000e+01
     vertex  1.339924e+02  1.163853e+02  7.600000e+01
   endloop
 endfacet
 facet normal  6.248306e-01  7.807604e-01  1.442385e-14
   outer loop
     vertex  1.346790e+02  1.156844e+02  7.600000e+01
     vertex  1.346790e+02  1.156844e+02  6.600000e+01
     vertex  1.342931e+02  1.159932e+02  7.600000e+01
   endloop
 endfacet
 facet normal  4.198259e-01  9.076046e-01  1.547741e-14
   outer loop
     vertex  1.351275e+02  1.154769e+02  7.600000e+01
     vertex  1.351275e+02  1.154769e+02  6.600000e+01
     vertex  1.346790e+02  1.156844e+02  6.600000e+01
   endloop
 endfacet
 facet normal  4.198259e-01  9.076046e-01  1.676453e-14
   outer loop
     vertex  1.351275e+02  1.154769e+02  7.600000e+01
     vertex  1.346790e+02  1.156844e+02  6.600000e+01
     vertex  1.346790e+02  1.156844e+02  7.600000e+01
   endloop
 endfacet
 facet normal  1.904225e-01  9.817022e-01  1.674099e-14
   outer loop
     vertex  1.356127e+02  1.153828e+02  7.600000e+01
     vertex  1.356127e+02  1.153828e+02  6.600000e+01
     vertex  1.351275e+02  1.154769e+02  6.600000e+01
   endloop
 endfacet
 facet normal -5.004751e-02  9.987468e-01  1.703166e-14
   outer loop
     vertex  1.356127e+02  1.153828e+02  7.600000e+01
     vertex  1.361062e+02  1.154075e+02  6.600000e+01
     vertex  1.356127e+02  1.153828e+02  6.600000e+01
   endloop
 endfacet
 facet normal  1.904225e-01  9.817022e-01  1.674067e-14
   outer loop
     vertex  1.356127e+02  1.153828e+02  7.600000e+01
     vertex  1.351275e+02  1.154769e+02  6.600000e+01
     vertex  1.351275e+02  1.154769e+02  7.600000e+01
   endloop
 endfacet
 facet normal -5.004751e-02  9.987468e-01  1.845096e-14
   outer loop
     vertex  1.361062e+02  1.154075e+02  7.600000e+01
     vertex  1.361062e+02  1.154075e+02  6.600000e+01
     vertex  1.356127e+02  1.153828e+02  7.600000e+01
   endloop
 endfacet
 facet normal -2.876090e-01  9.577479e-01  1.633250e-14
   outer loop
     vertex  1.365796e+02  1.155497e+02  7.600000e+01
     vertex  1.365796e+02  1.155497e+02  6.600000e+01
     vertex  1.361062e+02  1.154075e+02  6.600000e+01
   endloop
 endfacet
 facet normal -2.876090e-01  9.577479e-01  1.769403e-14
   outer loop
     vertex  1.365796e+02  1.155497e+02  7.600000e+01
     vertex  1.361062e+02  1.154075e+02  6.600000e+01
     vertex  1.361062e+02  1.154075e+02  7.600000e+01
   endloop
 endfacet
 facet normal -5.084557e-01  8.610882e-01  1.612928e-14
   outer loop
     vertex  1.370051e+02  1.158010e+02  7.600000e+01
     vertex  1.370051e+02  1.158010e+02  6.600000e+01
     vertex  1.365796e+02  1.155497e+02  6.600000e+01
   endloop
 endfacet
 facet normal -5.084557e-01  8.610882e-01  1.468371e-14
   outer loop
     vertex  1.370051e+02  1.158010e+02  7.600000e+01
     vertex  1.365796e+02  1.155497e+02  6.600000e+01
     vertex  1.365796e+02  1.155497e+02  7.600000e+01
   endloop
 endfacet
 facet normal -6.997528e-01  7.143851e-01  1.120881e-14
   outer loop
     vertex  1.373582e+02  1.161468e+02  7.600000e+01
     vertex  1.373582e+02  1.161468e+02  6.600000e+01
     vertex  1.370051e+02  1.158010e+02  6.600000e+01
   endloop
 endfacet
 facet normal -6.997528e-01  7.143851e-01  1.416982e-14
   outer loop
     vertex  1.373582e+02  1.161468e+02  7.600000e+01
     vertex  1.370051e+02  1.158010e+02  6.600000e+01
     vertex  1.370051e+02  1.158010e+02  7.600000e+01
   endloop
 endfacet
 facet normal -8.503828e-01  5.261646e-01  9.720423e-15
   outer loop
     vertex  1.376182e+02  1.165670e+02  7.600000e+01
     vertex  1.376182e+02  1.165670e+02  6.600000e+01
     vertex  1.373582e+02  1.161468e+02  6.600000e+01
   endloop
 endfacet
 facet normal -8.503828e-01  5.261646e-01  7.303945e-15
   outer loop
     vertex  1.376182e+02  1.165670e+02  7.600000e+01
     vertex  1.373582e+02  1.161468e+02  6.600000e+01
     vertex  1.373582e+02  1.161468e+02  7.600000e+01
   endloop
 endfacet
 facet normal -9.515916e-01  3.073653e-01  5.241508e-15
   outer loop
     vertex  1.377701e+02  1.170373e+02  7.600000e+01
     vertex  1.377701e+02  1.170373e+02  6.600000e+01
     vertex  1.376182e+02  1.165670e+02  6.600000e+01
   endloop
 endfacet
 facet normal -9.974974e-01  7.070302e-02  1.205700e-15
   outer loop
     vertex  1.377701e+02  1.170373e+02  7.600000e+01
     vertex  1.378050e+02  1.175303e+02  6.600000e+01
     vertex  1.377701e+02  1.170373e+02  6.600000e+01
   endloop
 endfacet
 facet normal -9.515916e-01  3.073653e-01  5.678038e-15
   outer loop
     vertex  1.377701e+02  1.170373e+02  7.600000e+01
     vertex  1.376182e+02  1.165670e+02  6.600000e+01
     vertex  1.376182e+02  1.165670e+02  7.600000e+01
   endloop
 endfacet
 facet normal -9.974974e-01  7.070302e-02  1.306175e-15
   outer loop
     vertex  1.378050e+02  1.175303e+02  7.600000e+01
     vertex  1.378050e+02  1.175303e+02  6.600000e+01
     vertex  1.377701e+02  1.170373e+02  7.600000e+01
   endloop
 endfacet
 facet normal -9.854323e-01 -1.700682e-01 -3.141860e-15
   outer loop
     vertex  1.377210e+02  1.180173e+02  7.600000e+01
     vertex  1.377210e+02  1.180173e+02  6.600000e+01
     vertex  1.378050e+02  1.175303e+02  6.600000e+01
   endloop
 endfacet
 facet normal -9.854323e-01 -1.700682e-01 -3.142297e-15
   outer loop
     vertex  1.377210e+02  1.180173e+02  7.600000e+01
     vertex  1.378050e+02  1.175303e+02  6.600000e+01
     vertex  1.378050e+02  1.175303e+02  7.600000e+01
   endloop
 endfacet
 facet normal  9.160974e-01  4.009557e-01  5.535656e-15
   outer loop
     vertex  1.131999e+02  3.421592e+01  7.600000e+01
     vertex  1.133980e+02  3.376319e+01  6.600000e+01
     vertex  1.131999e+02  3.421592e+01  6.600000e+01
   endloop
 endfacet
 facet normal  9.160974e-01  4.009557e-01  8.139361e-15
   outer loop
     vertex  1.133980e+02  3.376319e+01  7.600000e+01
     vertex  1.133980e+02  3.376319e+01  6.600000e+01
     vertex  1.131999e+02  3.421592e+01  7.600000e+01
   endloop
 endfacet
 facet normal  7.935223e-01  6.085412e-01  9.249805e-15
   outer loop
     vertex  1.136988e+02  3.337103e+01  7.600000e+01
     vertex  1.136988e+02  3.337103e+01  6.600000e+01
     vertex  1.133980e+02  3.376319e+01  6.600000e+01
   endloop
 endfacet
 facet normal  6.248306e-01  7.807604e-01  1.242639e-14
   outer loop
     vertex  1.136988e+02  3.337103e+01  7.600000e+01
     vertex  1.140846e+02  3.306224e+01  6.600000e+01
     vertex  1.136988e+02  3.337103e+01  6.600000e+01
   endloop
 endfacet
 facet normal  7.935223e-01  6.085412e-01  1.150491e-14
   outer loop
     vertex  1.136988e+02  3.337103e+01  7.600000e+01
     vertex  1.133980e+02  3.376319e+01  6.600000e+01
     vertex  1.133980e+02  3.376319e+01  7.600000e+01
   endloop
 endfacet
 facet normal  6.248306e-01  7.807604e-01  1.386909e-14
   outer loop
     vertex  1.140846e+02  3.306224e+01  7.600000e+01
     vertex  1.140846e+02  3.306224e+01  6.600000e+01
     vertex  1.136988e+02  3.337103e+01  7.600000e+01
   endloop
 endfacet
 facet normal  4.198259e-01  9.076046e-01  1.612230e-14
   outer loop
     vertex  1.145332e+02  3.285476e+01  7.600000e+01
     vertex  1.145332e+02  3.285476e+01  6.600000e+01
     vertex  1.140846e+02  3.306224e+01  6.600000e+01
   endloop
 endfacet
 facet normal  4.198259e-01  9.076046e-01  1.612147e-14
   outer loop
     vertex  1.145332e+02  3.285476e+01  7.600000e+01
     vertex  1.140846e+02  3.306224e+01  6.600000e+01
     vertex  1.140846e+02  3.306224e+01  7.600000e+01
   endloop
 endfacet
 facet normal  1.904225e-01  9.817022e-01  1.674099e-14
   outer loop
     vertex  1.150183e+02  3.276065e+01  7.600000e+01
     vertex  1.150183e+02  3.276065e+01  6.600000e+01
     vertex  1.145332e+02  3.285476e+01  6.600000e+01
   endloop
 endfacet
 facet normal -5.004751e-02  9.987468e-01  1.703166e-14
   outer loop
     vertex  1.150183e+02  3.276065e+01  7.600000e+01
     vertex  1.155119e+02  3.278539e+01  6.600000e+01
     vertex  1.150183e+02  3.276065e+01  6.600000e+01
   endloop
 endfacet
 facet normal  1.904225e-01  9.817022e-01  1.743849e-14
   outer loop
     vertex  1.150183e+02  3.276065e+01  7.600000e+01
     vertex  1.145332e+02  3.285476e+01  6.600000e+01
     vertex  1.145332e+02  3.285476e+01  7.600000e+01
   endloop
 endfacet
 facet normal -5.004751e-02  9.987468e-01  1.710278e-14
   outer loop
     vertex  1.155119e+02  3.278539e+01  7.600000e+01
     vertex  1.155119e+02  3.278539e+01  6.600000e+01
     vertex  1.150183e+02  3.276065e+01  7.600000e+01
   endloop
 endfacet
 facet normal -2.876090e-01  9.577479e-01  1.728482e-14
   outer loop
     vertex  1.159852e+02  3.292752e+01  7.600000e+01
     vertex  1.159852e+02  3.292752e+01  6.600000e+01
     vertex  1.155119e+02  3.278539e+01  6.600000e+01
   endloop
 endfacet
 facet normal -2.876090e-01  9.577479e-01  1.674207e-14
   outer loop
     vertex  1.159852e+02  3.292752e+01  7.600000e+01
     vertex  1.155119e+02  3.278539e+01  6.600000e+01
     vertex  1.155119e+02  3.278539e+01  7.600000e+01
   endloop
 endfacet
 facet normal -5.084557e-01  8.610882e-01  1.663040e-14
   outer loop
     vertex  1.164108e+02  3.317880e+01  7.600000e+01
     vertex  1.164108e+02  3.317880e+01  6.600000e+01
     vertex  1.159852e+02  3.292752e+01  6.600000e+01
   endloop
 endfacet
 facet normal -5.084557e-01  8.610882e-01  1.518637e-14
   outer loop
     vertex  1.164108e+02  3.317880e+01  7.600000e+01
     vertex  1.159852e+02  3.292752e+01  6.600000e+01
     vertex  1.159852e+02  3.292752e+01  7.600000e+01
   endloop
 endfacet
 facet normal -6.997528e-01  7.143851e-01  1.269003e-14
   outer loop
     vertex  1.167638e+02  3.352462e+01  7.600000e+01
     vertex  1.167638e+02  3.352462e+01  6.600000e+01
     vertex  1.164108e+02  3.317880e+01  6.600000e+01
   endloop
 endfacet
 facet normal -6.997528e-01  7.143851e-01  1.419229e-14
   outer loop
     vertex  1.167638e+02  3.352462e+01  7.600000e+01
     vertex  1.164108e+02  3.317880e+01  6.600000e+01
     vertex  1.164108e+02  3.317880e+01  7.600000e+01
   endloop
 endfacet
 facet normal -8.503828e-01  5.261646e-01  7.764231e-15
   outer loop
     vertex  1.170238e+02  3.394488e+01  7.600000e+01
     vertex  1.170238e+02  3.394488e+01  6.600000e+01
     vertex  1.167638e+02  3.352462e+01  6.600000e+01
   endloop
 endfacet
 facet normal -8.503828e-01  5.261646e-01  9.348264e-15
   outer loop
     vertex  1.170238e+02  3.394488e+01  7.600000e+01
     vertex  1.167638e+02  3.352462e+01  6.600000e+01
     vertex  1.167638e+02  3.352462e+01  7.600000e+01
   endloop
 endfacet
 facet normal -9.515916e-01  3.073653e-01  6.375405e-15
   outer loop
     vertex  1.171757e+02  3.441516e+01  7.600000e+01
     vertex  1.171757e+02  3.441516e+01  6.600000e+01
     vertex  1.170238e+02  3.394488e+01  6.600000e+01
   endloop
 endfacet
 facet normal -9.974974e-01  7.070302e-02  2.572992e-15
   outer loop
     vertex  1.171757e+02  3.441516e+01  7.600000e+01
     vertex  1.172107e+02  3.490812e+01  6.600000e+01
     vertex  1.171757e+02  3.441516e+01  6.600000e+01
   endloop
 endfacet
 facet normal -9.515916e-01  3.073653e-01  3.889260e-15
   outer loop
     vertex  1.171757e+02  3.441516e+01  7.600000e+01
     vertex  1.170238e+02  3.394488e+01  6.600000e+01
     vertex  1.170238e+02  3.394488e+01  7.600000e+01
   endloop
 endfacet
 facet normal -9.974974e-01  7.070302e-02  1.205700e-15
   outer loop
     vertex  1.172107e+02  3.490812e+01  7.600000e+01
     vertex  1.172107e+02  3.490812e+01  6.600000e+01
     vertex  1.171757e+02  3.441516e+01  7.600000e+01
   endloop
 endfacet
 facet normal -9.854323e-01 -1.700682e-01 -3.141860e-15
   outer loop
     vertex  1.171266e+02  3.539512e+01  7.600000e+01
     vertex  1.171266e+02  3.539512e+01  6.600000e+01
     vertex  1.172107e+02  3.490812e+01  6.600000e+01
   endloop
 endfacet
 facet normal -9.854323e-01 -1.700682e-01 -2.899394e-15
   outer loop
     vertex  1.171266e+02  3.539512e+01  7.600000e+01
     vertex  1.172107e+02  3.490812e+01  6.600000e+01
     vertex  1.172107e+02  3.490812e+01  7.600000e+01
   endloop
 endfacet
 facet normal  9.160974e-01  4.009557e-01  4.233803e-15
   outer loop
     vertex  1.378567e+02  2.094785e+01  7.600000e+01
     vertex  1.380548e+02  2.049511e+01  6.600000e+01
     vertex  1.378567e+02  2.094785e+01  6.600000e+01
   endloop
 endfacet
 facet normal  9.160974e-01  4.009557e-01  7.122405e-15
   outer loop
     vertex  1.380548e+02  2.049511e+01  7.600000e+01
     vertex  1.380548e+02  2.049511e+01  6.600000e+01
     vertex  1.378567e+02  2.094785e+01  7.600000e+01
   endloop
 endfacet
 facet normal  7.935223e-01  6.085412e-01  1.080986e-14
   outer loop
     vertex  1.383556e+02  2.010296e+01  7.600000e+01
     vertex  1.383556e+02  2.010296e+01  6.600000e+01
     vertex  1.380548e+02  2.049511e+01  6.600000e+01
   endloop
 endfacet
 facet normal  6.248306e-01  7.807604e-01  1.386909e-14
   outer loop
     vertex  1.383556e+02  2.010296e+01  7.600000e+01
     vertex  1.387414e+02  1.979416e+01  6.600000e+01
     vertex  1.383556e+02  2.010296e+01  6.600000e+01
   endloop
 endfacet
 facet normal  7.935223e-01  6.085412e-01  1.080849e-14
   outer loop
     vertex  1.383556e+02  2.010296e+01  7.600000e+01
     vertex  1.380548e+02  2.049511e+01  6.600000e+01
     vertex  1.380548e+02  2.049511e+01  7.600000e+01
   endloop
 endfacet
 facet normal  6.248306e-01  7.807604e-01  1.153845e-14
   outer loop
     vertex  1.387414e+02  1.979416e+01  7.600000e+01
     vertex  1.387414e+02  1.979416e+01  6.600000e+01
     vertex  1.383556e+02  2.010296e+01  7.600000e+01
   endloop
 endfacet
 facet normal  4.198259e-01  9.076046e-01  1.612230e-14
   outer loop
     vertex  1.391900e+02  1.958669e+01  7.600000e+01
     vertex  1.391900e+02  1.958669e+01  6.600000e+01
     vertex  1.387414e+02  1.979416e+01  6.600000e+01
   endloop
 endfacet
 facet normal  4.198259e-01  9.076046e-01  1.428215e-14
   outer loop
     vertex  1.391900e+02  1.958669e+01  7.600000e+01
     vertex  1.387414e+02  1.979416e+01  6.600000e+01
     vertex  1.387414e+02  1.979416e+01  7.600000e+01
   endloop
 endfacet
 facet normal  1.904225e-01  9.817022e-01  1.619978e-14
   outer loop
     vertex  1.396751e+02  1.949258e+01  7.600000e+01
     vertex  1.396751e+02  1.949258e+01  6.600000e+01
     vertex  1.391900e+02  1.958669e+01  6.600000e+01
   endloop
 endfacet
 facet normal -5.004751e-02  9.987468e-01  1.717390e-14
   outer loop
     vertex  1.396751e+02  1.949258e+01  7.600000e+01
     vertex  1.401687e+02  1.951731e+01  6.600000e+01
     vertex  1.396751e+02  1.949258e+01  6.600000e+01
   endloop
 endfacet
 facet normal  1.904225e-01  9.817022e-01  1.743849e-14
   outer loop
     vertex  1.396751e+02  1.949258e+01  7.600000e+01
     vertex  1.391900e+02  1.958669e+01  6.600000e+01
     vertex  1.391900e+02  1.958669e+01  7.600000e+01
   endloop
 endfacet
 facet normal -5.004751e-02  9.987468e-01  1.646425e-14
   outer loop
     vertex  1.401687e+02  1.951731e+01  7.600000e+01
     vertex  1.401687e+02  1.951731e+01  6.600000e+01
     vertex  1.396751e+02  1.949258e+01  7.600000e+01
   endloop
 endfacet
 facet normal -2.876090e-01  9.577479e-01  1.701302e-14
   outer loop
     vertex  1.406420e+02  1.965945e+01  7.600000e+01
     vertex  1.406420e+02  1.965945e+01  6.600000e+01
     vertex  1.401687e+02  1.951731e+01  6.600000e+01
   endloop
 endfacet
 facet normal -2.876090e-01  9.577479e-01  1.646687e-14
   outer loop
     vertex  1.406420e+02  1.965945e+01  7.600000e+01
     vertex  1.401687e+02  1.951731e+01  6.600000e+01
     vertex  1.401687e+02  1.951731e+01  7.600000e+01
   endloop
 endfacet
 facet normal -5.084557e-01  8.610882e-01  1.529600e-14
   outer loop
     vertex  1.410676e+02  1.991073e+01  7.600000e+01
     vertex  1.410676e+02  1.991073e+01  6.600000e+01
     vertex  1.406420e+02  1.965945e+01  6.600000e+01
   endloop
 endfacet
 facet normal -5.084557e-01  8.610882e-01  1.529588e-14
   outer loop
     vertex  1.410676e+02  1.991073e+01  7.600000e+01
     vertex  1.406420e+02  1.965945e+01  6.600000e+01
     vertex  1.406420e+02  1.965945e+01  7.600000e+01
   endloop
 endfacet
 facet normal -6.997528e-01  7.143851e-01  1.269003e-14
   outer loop
     vertex  1.414206e+02  2.025655e+01  7.600000e+01
     vertex  1.414206e+02  2.025655e+01  6.600000e+01
     vertex  1.410676e+02  1.991073e+01  6.600000e+01
   endloop
 endfacet
 facet normal -6.997528e-01  7.143851e-01  1.268994e-14
   outer loop
     vertex  1.414206e+02  2.025655e+01  7.600000e+01
     vertex  1.410676e+02  1.991073e+01  6.600000e+01
     vertex  1.410676e+02  1.991073e+01  7.600000e+01
   endloop
 endfacet
 facet normal -8.503828e-01  5.261646e-01  9.346560e-15
   outer loop
     vertex  1.416807e+02  2.067681e+01  7.600000e+01
     vertex  1.416807e+02  2.067681e+01  6.600000e+01
     vertex  1.414206e+02  2.025655e+01  6.600000e+01
   endloop
 endfacet
 facet normal -8.503828e-01  5.261646e-01  9.345456e-15
   outer loop
     vertex  1.416807e+02  2.067681e+01  7.600000e+01
     vertex  1.414206e+02  2.025655e+01  6.600000e+01
     vertex  1.414206e+02  2.025655e+01  7.600000e+01
   endloop
 endfacet
 facet normal -9.515916e-01  3.073653e-01  7.946094e-15
   outer loop
     vertex  1.418326e+02  2.114708e+01  7.600000e+01
     vertex  1.418326e+02  2.114708e+01  6.600000e+01
     vertex  1.416807e+02  2.067681e+01  6.600000e+01
   endloop
 endfacet
 facet normal -9.974974e-01  7.070302e-02  4.040759e-15
   outer loop
     vertex  1.418326e+02  2.114708e+01  7.600000e+01
     vertex  1.418675e+02  2.164005e+01  6.600000e+01
     vertex  1.418326e+02  2.114708e+01  6.600000e+01
   endloop
 endfacet
 facet normal -9.515916e-01  3.073653e-01  5.461812e-15
   outer loop
     vertex  1.418326e+02  2.114708e+01  7.600000e+01
     vertex  1.416807e+02  2.067681e+01  6.600000e+01
     vertex  1.416807e+02  2.067681e+01  7.600000e+01
   endloop
 endfacet
 facet normal -9.974974e-01  7.070302e-02 -1.629358e-15
   outer loop
     vertex  1.418675e+02  2.164005e+01  7.600000e+01
     vertex  1.418675e+02  2.164005e+01  6.600000e+01
     vertex  1.418326e+02  2.114708e+01  7.600000e+01
   endloop
 endfacet
 facet normal -9.854323e-01 -1.700682e-01  2.142975e-17
   outer loop
     vertex  1.417834e+02  2.212705e+01  7.600000e+01
     vertex  1.417834e+02  2.212705e+01  6.600000e+01
     vertex  1.418675e+02  2.164005e+01  6.600000e+01
   endloop
 endfacet
 facet normal -9.854323e-01 -1.700682e-01 -5.700503e-15
   outer loop
     vertex  1.417834e+02  2.212705e+01  7.600000e+01
     vertex  1.418675e+02  2.164005e+01  6.600000e+01
     vertex  1.418675e+02  2.164005e+01  7.600000e+01
   endloop
 endfacet
 facet normal  9.160974e-01  4.009557e-01  6.831629e-15
   outer loop
     vertex  1.038876e+02  8.997877e+01  7.600000e+01
     vertex  1.034067e+02  9.107748e+01  6.600000e+01
     vertex  1.034067e+02  9.107748e+01  7.600000e+01
   endloop
 endfacet
 facet normal  9.160974e-01  4.009557e-01  7.407301e-15
   outer loop
     vertex  1.038876e+02  8.997877e+01  7.600000e+01
     vertex  1.038876e+02  8.997877e+01  6.600000e+01
     vertex  1.034067e+02  9.107748e+01  6.600000e+01
   endloop
 endfacet
 facet normal  7.935223e-01  6.085412e-01  9.512679e-15
   outer loop
     vertex  1.046174e+02  8.902707e+01  7.600000e+01
     vertex  1.046174e+02  8.902707e+01  6.600000e+01
     vertex  1.038876e+02  8.997877e+01  6.600000e+01
   endloop
 endfacet
 facet normal  7.935223e-01  6.085412e-01  1.124719e-14
   outer loop
     vertex  1.046174e+02  8.902707e+01  7.600000e+01
     vertex  1.038876e+02  8.997877e+01  6.600000e+01
     vertex  1.038876e+02  8.997877e+01  7.600000e+01
   endloop
 endfacet
 facet normal  6.248306e-01  7.807604e-01  1.242639e-14
   outer loop
     vertex  1.055538e+02  8.827769e+01  7.600000e+01
     vertex  1.055538e+02  8.827769e+01  6.600000e+01
     vertex  1.046174e+02  8.902707e+01  6.600000e+01
   endloop
 endfacet
 facet normal  6.248306e-01  7.807604e-01  1.220992e-14
   outer loop
     vertex  1.055538e+02  8.827769e+01  7.600000e+01
     vertex  1.046174e+02  8.902707e+01  6.600000e+01
     vertex  1.046174e+02  8.902707e+01  7.600000e+01
   endloop
 endfacet
 facet normal  4.198259e-01  9.076046e-01  1.488080e-14
   outer loop
     vertex  1.066423e+02  8.777417e+01  7.600000e+01
     vertex  1.066423e+02  8.777417e+01  6.600000e+01
     vertex  1.055538e+02  8.827769e+01  6.600000e+01
   endloop
 endfacet
 facet normal  1.904225e-01  9.817022e-01  1.647039e-14
   outer loop
     vertex  1.066423e+02  8.777417e+01  7.600000e+01
     vertex  1.078197e+02  8.754579e+01  6.600000e+01
     vertex  1.066423e+02  8.777417e+01  6.600000e+01
   endloop
 endfacet
 facet normal  4.198259e-01  9.076046e-01  1.488518e-14
   outer loop
     vertex  1.066423e+02  8.777417e+01  7.600000e+01
     vertex  1.055538e+02  8.827769e+01  6.600000e+01
     vertex  1.055538e+02  8.827769e+01  7.600000e+01
   endloop
 endfacet
 facet normal  1.904225e-01  9.817022e-01  1.953116e-14
   outer loop
     vertex  1.078197e+02  8.754579e+01  7.600000e+01
     vertex  1.078197e+02  8.754579e+01  6.600000e+01
     vertex  1.066423e+02  8.777417e+01  7.600000e+01
   endloop
 endfacet
 facet normal -5.004751e-02  9.987468e-01  1.681829e-14
   outer loop
     vertex  1.090176e+02  8.760581e+01  7.600000e+01
     vertex  1.090176e+02  8.760581e+01  6.600000e+01
     vertex  1.078197e+02  8.754579e+01  6.600000e+01
   endloop
 endfacet
 facet normal -2.876090e-01  9.577479e-01  1.510635e-14
   outer loop
     vertex  1.090176e+02  8.760581e+01  7.600000e+01
     vertex  1.101662e+02  8.795075e+01  6.600000e+01
     vertex  1.090176e+02  8.760581e+01  6.600000e+01
   endloop
 endfacet
 facet normal -5.004751e-02  9.987468e-01  1.987120e-14
   outer loop
     vertex  1.090176e+02  8.760581e+01  7.600000e+01
     vertex  1.078197e+02  8.754579e+01  6.600000e+01
     vertex  1.078197e+02  8.754579e+01  7.600000e+01
   endloop
 endfacet
 facet normal -2.876090e-01  9.577479e-01  1.769354e-14
   outer loop
     vertex  1.101662e+02  8.795075e+01  7.600000e+01
     vertex  1.101662e+02  8.795075e+01  6.600000e+01
     vertex  1.090176e+02  8.760581e+01  7.600000e+01
   endloop
 endfacet
 facet normal -5.084557e-01  8.610882e-01  1.540672e-14
   outer loop
     vertex  1.111990e+02  8.856057e+01  7.600000e+01
     vertex  1.111990e+02  8.856057e+01  6.600000e+01
     vertex  1.101662e+02  8.795075e+01  6.600000e+01
   endloop
 endfacet
 facet normal -5.084557e-01  8.610882e-01  1.590344e-14
   outer loop
     vertex  1.111990e+02  8.856057e+01  7.600000e+01
     vertex  1.101662e+02  8.795075e+01  6.600000e+01
     vertex  1.101662e+02  8.795075e+01  7.600000e+01
   endloop
 endfacet
 facet normal -6.997528e-01  7.143851e-01  1.218243e-14
   outer loop
     vertex  1.120558e+02  8.939981e+01  7.600000e+01
     vertex  1.120558e+02  8.939981e+01  6.600000e+01
     vertex  1.111990e+02  8.856057e+01  6.600000e+01
   endloop
 endfacet
 facet normal -8.503828e-01  5.261646e-01  8.972698e-15
   outer loop
     vertex  1.120558e+02  8.939981e+01  7.600000e+01
     vertex  1.126868e+02  9.041971e+01  6.600000e+01
     vertex  1.120558e+02  8.939981e+01  6.600000e+01
   endloop
 endfacet
 facet normal -6.997528e-01  7.143851e-01  1.318190e-14
   outer loop
     vertex  1.120558e+02  8.939981e+01  7.600000e+01
     vertex  1.111990e+02  8.856057e+01  6.600000e+01
     vertex  1.111990e+02  8.856057e+01  7.600000e+01
   endloop
 endfacet
 facet normal -8.503828e-01  5.261646e-01  8.972698e-15
   outer loop
     vertex  1.126868e+02  9.041971e+01  7.600000e+01
     vertex  1.126868e+02  9.041971e+01  6.600000e+01
     vertex  1.120558e+02  8.939981e+01  7.600000e+01
   endloop
 endfacet
 facet normal -9.515916e-01  3.073653e-01  5.241508e-15
   outer loop
     vertex  1.130555e+02  9.156099e+01  7.600000e+01
     vertex  1.130555e+02  9.156099e+01  6.600000e+01
     vertex  1.126868e+02  9.041971e+01  6.600000e+01
   endloop
 endfacet
 facet normal -9.515916e-01  3.073653e-01  5.244062e-15
   outer loop
     vertex  1.130555e+02  9.156099e+01  7.600000e+01
     vertex  1.126868e+02  9.041971e+01  6.600000e+01
     vertex  1.126868e+02  9.041971e+01  7.600000e+01
   endloop
 endfacet
 facet normal -9.974974e-01  7.070302e-02  1.306175e-15
   outer loop
     vertex  1.131403e+02  9.275733e+01  7.600000e+01
     vertex  1.131403e+02  9.275733e+01  6.600000e+01
     vertex  1.130555e+02  9.156099e+01  6.600000e+01
   endloop
 endfacet
 facet normal -9.974974e-01  7.070302e-02  1.205718e-15
   outer loop
     vertex  1.131403e+02  9.275733e+01  7.600000e+01
     vertex  1.130555e+02  9.156099e+01  6.600000e+01
     vertex  1.130555e+02  9.156099e+01  7.600000e+01
   endloop
 endfacet
 facet normal -9.854323e-01 -1.700682e-01 -5.827740e-16
   outer loop
     vertex  1.129363e+02  9.393919e+01  7.600000e+01
     vertex  1.129363e+02  9.393919e+01  6.600000e+01
     vertex  1.131403e+02  9.275733e+01  6.600000e+01
   endloop
 endfacet
 facet normal -9.854323e-01 -1.700682e-01 -3.142735e-15
   outer loop
     vertex  1.129363e+02  9.393919e+01  7.600000e+01
     vertex  1.131403e+02  9.275733e+01  6.600000e+01
     vertex  1.131403e+02  9.275733e+01  7.600000e+01
   endloop
 endfacet
 facet normal  9.160974e-01  4.009557e-01  6.837796e-15
   outer loop
     vertex  1.130403e+02  1.037944e+02  7.600000e+01
     vertex  1.128421e+02  1.042471e+02  6.600000e+01
     vertex  1.128421e+02  1.042471e+02  7.600000e+01
   endloop
 endfacet
 facet normal  9.160974e-01  4.009557e-01  5.535656e-15
   outer loop
     vertex  1.130403e+02  1.037944e+02  7.600000e+01
     vertex  1.130403e+02  1.037944e+02  6.600000e+01
     vertex  1.128421e+02  1.042471e+02  6.600000e+01
   endloop
 endfacet
 facet normal  7.935223e-01  6.085412e-01  9.512679e-15
   outer loop
     vertex  1.133410e+02  1.034023e+02  7.600000e+01
     vertex  1.133410e+02  1.034023e+02  6.600000e+01
     vertex  1.130403e+02  1.037944e+02  6.600000e+01
   endloop
 endfacet
 facet normal  7.935223e-01  6.085412e-01  9.249979e-15
   outer loop
     vertex  1.133410e+02  1.034023e+02  7.600000e+01
     vertex  1.130403e+02  1.037944e+02  6.600000e+01
     vertex  1.130403e+02  1.037944e+02  7.600000e+01
   endloop
 endfacet
 facet normal  6.248306e-01  7.807604e-01  1.442385e-14
   outer loop
     vertex  1.137269e+02  1.030935e+02  7.600000e+01
     vertex  1.137269e+02  1.030935e+02  6.600000e+01
     vertex  1.133410e+02  1.034023e+02  6.600000e+01
   endloop
 endfacet
 facet normal  6.248306e-01  7.807604e-01  1.220694e-14
   outer loop
     vertex  1.137269e+02  1.030935e+02  7.600000e+01
     vertex  1.133410e+02  1.034023e+02  6.600000e+01
     vertex  1.133410e+02  1.034023e+02  7.600000e+01
   endloop
 endfacet
 facet normal  4.198259e-01  9.076046e-01  1.547741e-14
   outer loop
     vertex  1.141754e+02  1.028860e+02  7.600000e+01
     vertex  1.141754e+02  1.028860e+02  6.600000e+01
     vertex  1.137269e+02  1.030935e+02  6.600000e+01
   endloop
 endfacet
 facet normal  1.904225e-01  9.817022e-01  1.674099e-14
   outer loop
     vertex  1.141754e+02  1.028860e+02  7.600000e+01
     vertex  1.146606e+02  1.027919e+02  6.600000e+01
     vertex  1.141754e+02  1.028860e+02  6.600000e+01
   endloop
 endfacet
 facet normal  4.198259e-01  9.076046e-01  1.676734e-14
   outer loop
     vertex  1.141754e+02  1.028860e+02  7.600000e+01
     vertex  1.137269e+02  1.030935e+02  6.600000e+01
     vertex  1.137269e+02  1.030935e+02  7.600000e+01
   endloop
 endfacet
 facet normal  1.904225e-01  9.817022e-01  1.674099e-14
   outer loop
     vertex  1.146606e+02  1.027919e+02  7.600000e+01
     vertex  1.146606e+02  1.027919e+02  6.600000e+01
     vertex  1.141754e+02  1.028860e+02  7.600000e+01
   endloop
 endfacet
 facet normal -5.004751e-02  9.987468e-01  1.703166e-14
   outer loop
     vertex  1.151542e+02  1.028166e+02  7.600000e+01
     vertex  1.151542e+02  1.028166e+02  6.600000e+01
     vertex  1.146606e+02  1.027919e+02  6.600000e+01
   endloop
 endfacet
 facet normal -2.876090e-01  9.577479e-01  1.633250e-14
   outer loop
     vertex  1.151542e+02  1.028166e+02  7.600000e+01
     vertex  1.156275e+02  1.029587e+02  6.600000e+01
     vertex  1.151542e+02  1.028166e+02  6.600000e+01
   endloop
 endfacet
 facet normal -5.004751e-02  9.987468e-01  1.703166e-14
   outer loop
     vertex  1.151542e+02  1.028166e+02  7.600000e+01
     vertex  1.146606e+02  1.027919e+02  6.600000e+01
     vertex  1.146606e+02  1.027919e+02  7.600000e+01
   endloop
 endfacet
 facet normal -2.876090e-01  9.577479e-01  1.728482e-14
   outer loop
     vertex  1.156275e+02  1.029587e+02  7.600000e+01
     vertex  1.156275e+02  1.029587e+02  6.600000e+01
     vertex  1.151542e+02  1.028166e+02  7.600000e+01
   endloop
 endfacet
 facet normal -5.084557e-01  8.610882e-01  1.396160e-14
   outer loop
     vertex  1.160530e+02  1.032100e+02  7.600000e+01
     vertex  1.160530e+02  1.032100e+02  6.600000e+01
     vertex  1.156275e+02  1.029587e+02  6.600000e+01
   endloop
 endfacet
 facet normal -5.084557e-01  8.610882e-01  1.518637e-14
   outer loop
     vertex  1.160530e+02  1.032100e+02  7.600000e+01
     vertex  1.156275e+02  1.029587e+02  6.600000e+01
     vertex  1.156275e+02  1.029587e+02  7.600000e+01
   endloop
 endfacet
 facet normal -6.997528e-01  7.143851e-01  1.216163e-14
   outer loop
     vertex  1.164061e+02  1.035558e+02  7.600000e+01
     vertex  1.164061e+02  1.035558e+02  6.600000e+01
     vertex  1.160530e+02  1.032100e+02  6.600000e+01
   endloop
 endfacet
 facet normal -8.503828e-01  5.261646e-01  9.433440e-15
   outer loop
     vertex  1.164061e+02  1.035558e+02  7.600000e+01
     vertex  1.166661e+02  1.039761e+02  6.600000e+01
     vertex  1.164061e+02  1.035558e+02  6.600000e+01
   endloop
 endfacet
 facet normal -6.997528e-01  7.143851e-01  1.118759e-14
   outer loop
     vertex  1.164061e+02  1.035558e+02  7.600000e+01
     vertex  1.160530e+02  1.032100e+02  6.600000e+01
     vertex  1.160530e+02  1.032100e+02  7.600000e+01
   endloop
 endfacet
 facet normal -8.503828e-01  5.261646e-01  8.972698e-15
   outer loop
     vertex  1.166661e+02  1.039761e+02  7.600000e+01
     vertex  1.166661e+02  1.039761e+02  6.600000e+01
     vertex  1.164061e+02  1.035558e+02  7.600000e+01
   endloop
 endfacet
 facet normal -9.515916e-01  3.073653e-01  5.678300e-15
   outer loop
     vertex  1.168180e+02  1.044464e+02  7.600000e+01
     vertex  1.168180e+02  1.044464e+02  6.600000e+01
     vertex  1.166661e+02  1.039761e+02  6.600000e+01
   endloop
 endfacet
 facet normal -9.515916e-01  3.073653e-01  5.239970e-15
   outer loop
     vertex  1.168180e+02  1.044464e+02  7.600000e+01
     vertex  1.166661e+02  1.039761e+02  6.600000e+01
     vertex  1.166661e+02  1.039761e+02  7.600000e+01
   endloop
 endfacet
 facet normal -9.974974e-01  7.070302e-02  1.205700e-15
   outer loop
     vertex  1.168530e+02  1.049393e+02  7.600000e+01
     vertex  1.168530e+02  1.049393e+02  6.600000e+01
     vertex  1.168180e+02  1.044464e+02  6.600000e+01
   endloop
 endfacet
 facet normal -9.974974e-01  7.070302e-02  1.306482e-15
   outer loop
     vertex  1.168530e+02  1.049393e+02  7.600000e+01
     vertex  1.168180e+02  1.044464e+02  6.600000e+01
     vertex  1.168180e+02  1.044464e+02  7.600000e+01
   endloop
 endfacet
 facet normal -9.854323e-01 -1.700682e-01 -2.900178e-15
   outer loop
     vertex  1.167689e+02  1.054263e+02  7.600000e+01
     vertex  1.167689e+02  1.054263e+02  6.600000e+01
     vertex  1.168530e+02  1.049393e+02  6.600000e+01
   endloop
 endfacet
 facet normal -9.854323e-01 -1.700682e-01 -2.900798e-15
   outer loop
     vertex  1.167689e+02  1.054263e+02  7.600000e+01
     vertex  1.168530e+02  1.049393e+02  6.600000e+01
     vertex  1.168530e+02  1.049393e+02  7.600000e+01
   endloop
 endfacet
 facet normal  9.160974e-01  4.009557e-01  6.837509e-15
   outer loop
     vertex  1.582166e+02  1.178730e+02  7.600000e+01
     vertex  1.584147e+02  1.174202e+02  6.600000e+01
     vertex  1.582166e+02  1.178730e+02  6.600000e+01
   endloop
 endfacet
 facet normal  9.160974e-01  4.009557e-01  7.407301e-15
   outer loop
     vertex  1.584147e+02  1.174202e+02  7.600000e+01
     vertex  1.584147e+02  1.174202e+02  6.600000e+01
     vertex  1.582166e+02  1.178730e+02  7.600000e+01
   endloop
 endfacet
 facet normal  7.935223e-01  6.085412e-01  1.124226e-14
   outer loop
     vertex  1.587154e+02  1.170281e+02  7.600000e+01
     vertex  1.587154e+02  1.170281e+02  6.600000e+01
     vertex  1.584147e+02  1.174202e+02  6.600000e+01
   endloop
 endfacet
 facet normal  7.935223e-01  6.085412e-01  1.124094e-14
   outer loop
     vertex  1.587154e+02  1.170281e+02  7.600000e+01
     vertex  1.584147e+02  1.174202e+02  6.600000e+01
     vertex  1.584147e+02  1.174202e+02  7.600000e+01
   endloop
 endfacet
 facet normal  6.248306e-01  7.807604e-01  1.442385e-14
   outer loop
     vertex  1.591013e+02  1.167193e+02  7.600000e+01
     vertex  1.591013e+02  1.167193e+02  6.600000e+01
     vertex  1.587154e+02  1.170281e+02  6.600000e+01
   endloop
 endfacet
 facet normal  6.248306e-01  7.807604e-01  1.442536e-14
   outer loop
     vertex  1.591013e+02  1.167193e+02  7.600000e+01
     vertex  1.587154e+02  1.170281e+02  6.600000e+01
     vertex  1.587154e+02  1.170281e+02  7.600000e+01
   endloop
 endfacet
 facet normal  4.198259e-01  9.076046e-01  1.676719e-14
   outer loop
     vertex  1.595498e+02  1.165118e+02  7.600000e+01
     vertex  1.595498e+02  1.165118e+02  6.600000e+01
     vertex  1.591013e+02  1.167193e+02  6.600000e+01
   endloop
 endfacet
 facet normal  4.198259e-01  9.076046e-01  1.676453e-14
   outer loop
     vertex  1.595498e+02  1.165118e+02  7.600000e+01
     vertex  1.591013e+02  1.167193e+02  6.600000e+01
     vertex  1.591013e+02  1.167193e+02  7.600000e+01
   endloop
 endfacet
 facet normal  1.904225e-01  9.817022e-01  1.340961e-14
   outer loop
     vertex  1.600350e+02  1.164177e+02  7.600000e+01
     vertex  1.600350e+02  1.164177e+02  6.600000e+01
     vertex  1.595498e+02  1.165118e+02  6.600000e+01
   endloop
 endfacet
 facet normal  1.904225e-01  9.817022e-01  1.813631e-14
   outer loop
     vertex  1.600350e+02  1.164177e+02  7.600000e+01
     vertex  1.595498e+02  1.165118e+02  6.600000e+01
     vertex  1.595498e+02  1.165118e+02  7.600000e+01
   endloop
 endfacet
 facet normal -5.004751e-02  9.987468e-01  1.845096e-14
   outer loop
     vertex  1.605286e+02  1.164424e+02  7.600000e+01
     vertex  1.605286e+02  1.164424e+02  6.600000e+01
     vertex  1.600350e+02  1.164177e+02  6.600000e+01
   endloop
 endfacet
 facet normal -2.876090e-01  9.577479e-01  1.769354e-14
   outer loop
     vertex  1.605286e+02  1.164424e+02  7.600000e+01
     vertex  1.610019e+02  1.165846e+02  6.600000e+01
     vertex  1.605286e+02  1.164424e+02  6.600000e+01
   endloop
 endfacet
 facet normal -5.004751e-02  9.987468e-01  1.433515e-14
   outer loop
     vertex  1.605286e+02  1.164424e+02  7.600000e+01
     vertex  1.600350e+02  1.164177e+02  6.600000e+01
     vertex  1.600350e+02  1.164177e+02  7.600000e+01
   endloop
 endfacet
 facet normal -2.876090e-01  9.577479e-01  1.551507e-14
   outer loop
     vertex  1.610019e+02  1.165846e+02  7.600000e+01
     vertex  1.610019e+02  1.165846e+02  6.600000e+01
     vertex  1.605286e+02  1.164424e+02  7.600000e+01
   endloop
 endfacet
 facet normal -5.084557e-01  8.610882e-01  1.468416e-14
   outer loop
     vertex  1.614274e+02  1.168358e+02  7.600000e+01
     vertex  1.614274e+02  1.168358e+02  6.600000e+01
     vertex  1.610019e+02  1.165846e+02  6.600000e+01
   endloop
 endfacet
 facet normal -5.084557e-01  8.610882e-01  1.324033e-14
   outer loop
     vertex  1.614274e+02  1.168358e+02  7.600000e+01
     vertex  1.610019e+02  1.165846e+02  6.600000e+01
     vertex  1.610019e+02  1.165846e+02  7.600000e+01
   endloop
 endfacet
 facet normal -6.997528e-01  7.143851e-01  1.019361e-14
   outer loop
     vertex  1.617805e+02  1.171816e+02  7.600000e+01
     vertex  1.617805e+02  1.171816e+02  6.600000e+01
     vertex  1.614274e+02  1.168358e+02  6.600000e+01
   endloop
 endfacet
 facet normal -6.997528e-01  7.143851e-01  1.218167e-14
   outer loop
     vertex  1.617805e+02  1.171816e+02  7.600000e+01
     vertex  1.614274e+02  1.168358e+02  6.600000e+01
     vertex  1.614274e+02  1.168358e+02  7.600000e+01
   endloop
 endfacet
 facet normal -8.503828e-01  5.261646e-01  8.972698e-15
   outer loop
     vertex  1.620405e+02  1.176019e+02  7.600000e+01
     vertex  1.620405e+02  1.176019e+02  6.600000e+01
     vertex  1.617805e+02  1.171816e+02  6.600000e+01
   endloop
 endfacet
 facet normal -9.515916e-01  3.073653e-01  5.241508e-15
   outer loop
     vertex  1.620405e+02  1.176019e+02  7.600000e+01
     vertex  1.621924e+02  1.180722e+02  6.600000e+01
     vertex  1.620405e+02  1.176019e+02  6.600000e+01
   endloop
 endfacet
 facet normal -8.503828e-01  5.261646e-01  6.556983e-15
   outer loop
     vertex  1.620405e+02  1.176019e+02  7.600000e+01
     vertex  1.617805e+02  1.171816e+02  6.600000e+01
     vertex  1.617805e+02  1.171816e+02  7.600000e+01
   endloop
 endfacet
 facet normal -9.974974e-01  7.070302e-02  1.205700e-15
   outer loop
     vertex  1.621924e+02  1.180722e+02  7.600000e+01
     vertex  1.622274e+02  1.185651e+02  6.600000e+01
     vertex  1.621924e+02  1.180722e+02  6.600000e+01
   endloop
 endfacet
 facet normal -9.515916e-01  3.073653e-01  5.241508e-15
   outer loop
     vertex  1.621924e+02  1.180722e+02  7.600000e+01
     vertex  1.621924e+02  1.180722e+02  6.600000e+01
     vertex  1.620405e+02  1.176019e+02  7.600000e+01
   endloop
 endfacet
 facet normal -9.854323e-01 -1.700682e-01 -3.141860e-15
   outer loop
     vertex  1.622274e+02  1.185651e+02  7.600000e+01
     vertex  1.621433e+02  1.190522e+02  6.600000e+01
     vertex  1.622274e+02  1.185651e+02  6.600000e+01
   endloop
 endfacet
 facet normal -9.974974e-01  7.070302e-02  1.306175e-15
   outer loop
     vertex  1.622274e+02  1.185651e+02  7.600000e+01
     vertex  1.622274e+02  1.185651e+02  6.600000e+01
     vertex  1.621924e+02  1.180722e+02  7.600000e+01
   endloop
 endfacet
 facet normal -9.854323e-01 -1.700682e-01 -3.383541e-15
   outer loop
     vertex  1.621433e+02  1.190522e+02  7.600000e+01
     vertex  1.621433e+02  1.190522e+02  6.600000e+01
     vertex  1.622274e+02  1.185651e+02  7.600000e+01
   endloop
 endfacet
 facet normal  9.160974e-01  4.009557e-01  4.803596e-15
   outer loop
     vertex  1.828734e+02  1.046049e+02  7.600000e+01
     vertex  1.830715e+02  1.041521e+02  6.600000e+01
     vertex  1.828734e+02  1.046049e+02  6.600000e+01
   endloop
 endfacet
 facet normal  9.160974e-01  4.009557e-01  7.407301e-15
   outer loop
     vertex  1.830715e+02  1.041521e+02  7.600000e+01
     vertex  1.830715e+02  1.041521e+02  6.600000e+01
     vertex  1.828734e+02  1.046049e+02  7.600000e+01
   endloop
 endfacet
 facet normal  7.935223e-01  6.085412e-01  1.124226e-14
   outer loop
     vertex  1.833723e+02  1.037600e+02  7.600000e+01
     vertex  1.833723e+02  1.037600e+02  6.600000e+01
     vertex  1.830715e+02  1.041521e+02  6.600000e+01
   endloop
 endfacet
 facet normal  6.248306e-01  7.807604e-01  1.442385e-14
   outer loop
     vertex  1.833723e+02  1.037600e+02  7.600000e+01
     vertex  1.837581e+02  1.034512e+02  6.600000e+01
     vertex  1.833723e+02  1.037600e+02  6.600000e+01
   endloop
 endfacet
 facet normal  7.935223e-01  6.085412e-01  1.124094e-14
   outer loop
     vertex  1.833723e+02  1.037600e+02  7.600000e+01
     vertex  1.830715e+02  1.041521e+02  6.600000e+01
     vertex  1.830715e+02  1.041521e+02  7.600000e+01
   endloop
 endfacet
 facet normal  4.198259e-01  9.076046e-01  1.428419e-14
   outer loop
     vertex  1.837581e+02  1.034512e+02  7.600000e+01
     vertex  1.842066e+02  1.032437e+02  6.600000e+01
     vertex  1.837581e+02  1.034512e+02  6.600000e+01
   endloop
 endfacet
 facet normal  6.248306e-01  7.807604e-01  1.153845e-14
   outer loop
     vertex  1.837581e+02  1.034512e+02  7.600000e+01
     vertex  1.837581e+02  1.034512e+02  6.600000e+01
     vertex  1.833723e+02  1.037600e+02  7.600000e+01
   endloop
 endfacet
 facet normal  4.198259e-01  9.076046e-01  1.547741e-14
   outer loop
     vertex  1.842066e+02  1.032437e+02  7.600000e+01
     vertex  1.842066e+02  1.032437e+02  6.600000e+01
     vertex  1.837581e+02  1.034512e+02  7.600000e+01
   endloop
 endfacet
 facet normal  1.904225e-01  9.817022e-01  1.534591e-14
   outer loop
     vertex  1.846918e+02  1.031496e+02  7.600000e+01
     vertex  1.846918e+02  1.031496e+02  6.600000e+01
     vertex  1.842066e+02  1.032437e+02  6.600000e+01
   endloop
 endfacet
 facet normal  1.904225e-01  9.817022e-01  1.674067e-14
   outer loop
     vertex  1.846918e+02  1.031496e+02  7.600000e+01
     vertex  1.842066e+02  1.032437e+02  6.600000e+01
     vertex  1.842066e+02  1.032437e+02  7.600000e+01
   endloop
 endfacet
 facet normal -5.004751e-02  9.987468e-01  1.703166e-14
   outer loop
     vertex  1.851854e+02  1.031743e+02  7.600000e+01
     vertex  1.851854e+02  1.031743e+02  6.600000e+01
     vertex  1.846918e+02  1.031496e+02  6.600000e+01
   endloop
 endfacet
 facet normal -5.004751e-02  9.987468e-01  1.561215e-14
   outer loop
     vertex  1.851854e+02  1.031743e+02  7.600000e+01
     vertex  1.846918e+02  1.031496e+02  6.600000e+01
     vertex  1.846918e+02  1.031496e+02  7.600000e+01
   endloop
 endfacet
 facet normal -2.876090e-01  9.577479e-01  1.442785e-14
   outer loop
     vertex  1.856587e+02  1.033165e+02  7.600000e+01
     vertex  1.856587e+02  1.033165e+02  6.600000e+01
     vertex  1.851854e+02  1.031743e+02  6.600000e+01
   endloop
 endfacet
 facet normal -2.876090e-01  9.577479e-01  1.633489e-14
   outer loop
     vertex  1.856587e+02  1.033165e+02  7.600000e+01
     vertex  1.851854e+02  1.031743e+02  6.600000e+01
     vertex  1.851854e+02  1.031743e+02  7.600000e+01
   endloop
 endfacet
 facet normal -5.084557e-01  8.610882e-01  1.468416e-14
   outer loop
     vertex  1.860843e+02  1.035678e+02  7.600000e+01
     vertex  1.860843e+02  1.035678e+02  6.600000e+01
     vertex  1.856587e+02  1.033165e+02  6.600000e+01
   endloop
 endfacet
 facet normal -5.084557e-01  8.610882e-01  1.368402e-14
   outer loop
     vertex  1.860843e+02  1.035678e+02  7.600000e+01
     vertex  1.856587e+02  1.033165e+02  6.600000e+01
     vertex  1.856587e+02  1.033165e+02  7.600000e+01
   endloop
 endfacet
 facet normal -6.997528e-01  7.143851e-01  1.218243e-14
   outer loop
     vertex  1.864373e+02  1.039136e+02  7.600000e+01
     vertex  1.864373e+02  1.039136e+02  6.600000e+01
     vertex  1.860843e+02  1.035678e+02  6.600000e+01
   endloop
 endfacet
 facet normal -6.997528e-01  7.143851e-01  1.218447e-14
   outer loop
     vertex  1.864373e+02  1.039136e+02  7.600000e+01
     vertex  1.860843e+02  1.035678e+02  6.600000e+01
     vertex  1.860843e+02  1.035678e+02  7.600000e+01
   endloop
 endfacet
 facet normal -8.503828e-01  5.261646e-01  8.972698e-15
   outer loop
     vertex  1.866973e+02  1.043338e+02  7.600000e+01
     vertex  1.866973e+02  1.043338e+02  6.600000e+01
     vertex  1.864373e+02  1.039136e+02  6.600000e+01
   endloop
 endfacet
 facet normal -9.515916e-01  3.073653e-01  5.241508e-15
   outer loop
     vertex  1.866973e+02  1.043338e+02  7.600000e+01
     vertex  1.868492e+02  1.048041e+02  6.600000e+01
     vertex  1.866973e+02  1.043338e+02  6.600000e+01
   endloop
 endfacet
 facet normal -8.503828e-01  5.261646e-01  8.974782e-15
   outer loop
     vertex  1.866973e+02  1.043338e+02  7.600000e+01
     vertex  1.864373e+02  1.039136e+02  6.600000e+01
     vertex  1.864373e+02  1.039136e+02  7.600000e+01
   endloop
 endfacet
 facet normal -9.515916e-01  3.073653e-01  7.946094e-15
   outer loop
     vertex  1.868492e+02  1.048041e+02  7.600000e+01
     vertex  1.868492e+02  1.048041e+02  6.600000e+01
     vertex  1.866973e+02  1.043338e+02  7.600000e+01
   endloop
 endfacet
 facet normal -9.974974e-01  7.070302e-02 -1.629358e-15
   outer loop
     vertex  1.868842e+02  1.052971e+02  7.600000e+01
     vertex  1.868842e+02  1.052971e+02  6.600000e+01
     vertex  1.868492e+02  1.048041e+02  6.600000e+01
   endloop
 endfacet
 facet normal -9.974974e-01  7.070302e-02  4.040899e-15
   outer loop
     vertex  1.868842e+02  1.052971e+02  7.600000e+01
     vertex  1.868492e+02  1.048041e+02  6.600000e+01
     vertex  1.868492e+02  1.048041e+02  7.600000e+01
   endloop
 endfacet
 facet normal -9.854323e-01 -1.700682e-01 -9.941100e-17
   outer loop
     vertex  1.868001e+02  1.057841e+02  7.600000e+01
     vertex  1.868001e+02  1.057841e+02  6.600000e+01
     vertex  1.868842e+02  1.052971e+02  6.600000e+01
   endloop
 endfacet
 facet normal -9.854323e-01 -1.700682e-01 -5.701907e-15
   outer loop
     vertex  1.868001e+02  1.057841e+02  7.600000e+01
     vertex  1.868842e+02  1.052971e+02  6.600000e+01
     vertex  1.868842e+02  1.052971e+02  7.600000e+01
   endloop
 endfacet
 facet normal  9.160974e-01  4.009557e-01  6.837509e-15
   outer loop
     vertex  1.677435e+02  1.103977e+02  7.600000e+01
     vertex  1.682244e+02  1.092989e+02  6.600000e+01
     vertex  1.677435e+02  1.103977e+02  6.600000e+01
   endloop
 endfacet
 facet normal  9.160974e-01  4.009557e-01  7.407301e-15
   outer loop
     vertex  1.682244e+02  1.092989e+02  7.600000e+01
     vertex  1.682244e+02  1.092989e+02  6.600000e+01
     vertex  1.677435e+02  1.103977e+02  7.600000e+01
   endloop
 endfacet
 facet normal  7.935223e-01  6.085412e-01  1.210705e-14
   outer loop
     vertex  1.689543e+02  1.083472e+02  7.600000e+01
     vertex  1.689543e+02  1.083472e+02  6.600000e+01
     vertex  1.682244e+02  1.092989e+02  6.600000e+01
   endloop
 endfacet
 facet normal  6.248306e-01  7.807604e-01  1.553338e-14
   outer loop
     vertex  1.689543e+02  1.083472e+02  7.600000e+01
     vertex  1.698907e+02  1.075979e+02  6.600000e+01
     vertex  1.689543e+02  1.083472e+02  6.600000e+01
   endloop
 endfacet
 facet normal  7.935223e-01  6.085412e-01  1.123794e-14
   outer loop
     vertex  1.689543e+02  1.083472e+02  7.600000e+01
     vertex  1.682244e+02  1.092989e+02  6.600000e+01
     vertex  1.682244e+02  1.092989e+02  7.600000e+01
   endloop
 endfacet
 facet normal  6.248306e-01  7.807604e-01  1.442385e-14
   outer loop
     vertex  1.698907e+02  1.075979e+02  7.600000e+01
     vertex  1.698907e+02  1.075979e+02  6.600000e+01
     vertex  1.689543e+02  1.083472e+02  7.600000e+01
   endloop
 endfacet
 facet normal  4.198259e-01  9.076046e-01  1.547741e-14
   outer loop
     vertex  1.709792e+02  1.070943e+02  7.600000e+01
     vertex  1.709792e+02  1.070943e+02  6.600000e+01
     vertex  1.698907e+02  1.075979e+02  6.600000e+01
   endloop
 endfacet
 facet normal  4.198259e-01  9.076046e-01  1.677359e-14
   outer loop
     vertex  1.709792e+02  1.070943e+02  7.600000e+01
     vertex  1.698907e+02  1.075979e+02  6.600000e+01
     vertex  1.698907e+02  1.075979e+02  7.600000e+01
   endloop
 endfacet
 facet normal  1.904225e-01  9.817022e-01  1.674099e-14
   outer loop
     vertex  1.721566e+02  1.068660e+02  7.600000e+01
     vertex  1.721566e+02  1.068660e+02  6.600000e+01
     vertex  1.709792e+02  1.070943e+02  6.600000e+01
   endloop
 endfacet
 facet normal -5.004751e-02  9.987468e-01  1.703166e-14
   outer loop
     vertex  1.721566e+02  1.068660e+02  7.600000e+01
     vertex  1.733544e+02  1.069260e+02  6.600000e+01
     vertex  1.721566e+02  1.068660e+02  6.600000e+01
   endloop
 endfacet
 facet normal  1.904225e-01  9.817022e-01  1.674119e-14
   outer loop
     vertex  1.721566e+02  1.068660e+02  7.600000e+01
     vertex  1.709792e+02  1.070943e+02  6.600000e+01
     vertex  1.709792e+02  1.070943e+02  7.600000e+01
   endloop
 endfacet
 facet normal -5.004751e-02  9.987468e-01  1.717390e-14
   outer loop
     vertex  1.733544e+02  1.069260e+02  7.600000e+01
     vertex  1.733544e+02  1.069260e+02  6.600000e+01
     vertex  1.721566e+02  1.068660e+02  7.600000e+01
   endloop
 endfacet
 facet normal -2.876090e-01  9.577479e-01  1.769354e-14
   outer loop
     vertex  1.745031e+02  1.072709e+02  7.600000e+01
     vertex  1.745031e+02  1.072709e+02  6.600000e+01
     vertex  1.733544e+02  1.069260e+02  6.600000e+01
   endloop
 endfacet
 facet normal -2.876090e-01  9.577479e-01  1.715313e-14
   outer loop
     vertex  1.745031e+02  1.072709e+02  7.600000e+01
     vertex  1.733544e+02  1.069260e+02  6.600000e+01
     vertex  1.733544e+02  1.069260e+02  7.600000e+01
   endloop
 endfacet
 facet normal -5.084557e-01  8.610882e-01  1.590784e-14
   outer loop
     vertex  1.755358e+02  1.078807e+02  7.600000e+01
     vertex  1.755358e+02  1.078807e+02  6.600000e+01
     vertex  1.745031e+02  1.072709e+02  6.600000e+01
   endloop
 endfacet
 facet normal -5.084557e-01  8.610882e-01  1.591270e-14
   outer loop
     vertex  1.755358e+02  1.078807e+02  7.600000e+01
     vertex  1.745031e+02  1.072709e+02  6.600000e+01
     vertex  1.745031e+02  1.072709e+02  7.600000e+01
   endloop
 endfacet
 facet normal -6.997528e-01  7.143851e-01  1.218243e-14
   outer loop
     vertex  1.763926e+02  1.087200e+02  7.600000e+01
     vertex  1.763926e+02  1.087200e+02  6.600000e+01
     vertex  1.755358e+02  1.078807e+02  6.600000e+01
   endloop
 endfacet
 facet normal -6.997528e-01  7.143851e-01  1.320041e-14
   outer loop
     vertex  1.763926e+02  1.087200e+02  7.600000e+01
     vertex  1.755358e+02  1.078807e+02  6.600000e+01
     vertex  1.755358e+02  1.078807e+02  7.600000e+01
   endloop
 endfacet
 facet normal -8.503828e-01  5.261646e-01  9.720423e-15
   outer loop
     vertex  1.770237e+02  1.097399e+02  7.600000e+01
     vertex  1.770237e+02  1.097399e+02  6.600000e+01
     vertex  1.763926e+02  1.087200e+02  6.600000e+01
   endloop
 endfacet
 facet normal -8.503828e-01  5.261646e-01  8.969985e-15
   outer loop
     vertex  1.770237e+02  1.097399e+02  7.600000e+01
     vertex  1.763926e+02  1.087200e+02  6.600000e+01
     vertex  1.763926e+02  1.087200e+02  7.600000e+01
   endloop
 endfacet
 facet normal -9.515916e-01  3.073653e-01  5.678300e-15
   outer loop
     vertex  1.773923e+02  1.108812e+02  7.600000e+01
     vertex  1.773923e+02  1.108812e+02  6.600000e+01
     vertex  1.770237e+02  1.097399e+02  6.600000e+01
   endloop
 endfacet
 facet normal -9.974974e-01  7.070302e-02  1.306175e-15
   outer loop
     vertex  1.773923e+02  1.108812e+02  7.600000e+01
     vertex  1.774771e+02  1.120775e+02  6.600000e+01
     vertex  1.773923e+02  1.108812e+02  6.600000e+01
   endloop
 endfacet
 facet normal -9.515916e-01  3.073653e-01  5.679139e-15
   outer loop
     vertex  1.773923e+02  1.108812e+02  7.600000e+01
     vertex  1.770237e+02  1.097399e+02  6.600000e+01
     vertex  1.770237e+02  1.097399e+02  7.600000e+01
   endloop
 endfacet
 facet normal -9.974974e-01  7.070302e-02 -1.729833e-15
   outer loop
     vertex  1.774771e+02  1.120775e+02  7.600000e+01
     vertex  1.774771e+02  1.120775e+02  6.600000e+01
     vertex  1.773923e+02  1.108812e+02  7.600000e+01
   endloop
 endfacet
 facet normal -9.854323e-01 -1.700682e-01 -3.141860e-15
   outer loop
     vertex  1.772731e+02  1.132594e+02  7.600000e+01
     vertex  1.772731e+02  1.132594e+02  6.600000e+01
     vertex  1.774771e+02  1.120775e+02  6.600000e+01
   endloop
 endfacet
 facet normal -9.854323e-01 -1.700682e-01 -5.459286e-15
   outer loop
     vertex  1.772731e+02  1.132594e+02  7.600000e+01
     vertex  1.774771e+02  1.120775e+02  6.600000e+01
     vertex  1.774771e+02  1.120775e+02  7.600000e+01
   endloop
 endfacet
 facet normal  9.160974e-01  4.009557e-01  6.837509e-15
   outer loop
     vertex  9.957407e+01  7.959034e+01  7.600000e+01
     vertex  9.977222e+01  7.913760e+01  6.600000e+01
     vertex  9.957407e+01  7.959034e+01  6.600000e+01
   endloop
 endfacet
 facet normal  9.160974e-01  4.009557e-01  6.837509e-15
   outer loop
     vertex  9.977222e+01  7.913760e+01  7.600000e+01
     vertex  9.977222e+01  7.913760e+01  6.600000e+01
     vertex  9.957407e+01  7.959034e+01  7.600000e+01
   endloop
 endfacet
 facet normal  7.935223e-01  6.085412e-01  1.210705e-14
   outer loop
     vertex  1.000730e+02  7.874544e+01  7.600000e+01
     vertex  1.000730e+02  7.874544e+01  6.600000e+01
     vertex  9.977222e+01  7.913760e+01  6.600000e+01
   endloop
 endfacet
 facet normal  6.248306e-01  7.807604e-01  1.553338e-14
   outer loop
     vertex  1.000730e+02  7.874544e+01  7.600000e+01
     vertex  1.004588e+02  7.843665e+01  6.600000e+01
     vertex  1.000730e+02  7.874544e+01  6.600000e+01
   endloop
 endfacet
 facet normal  7.935223e-01  6.085412e-01  1.037604e-14
   outer loop
     vertex  1.000730e+02  7.874544e+01  7.600000e+01
     vertex  9.977222e+01  7.913760e+01  6.600000e+01
     vertex  9.977222e+01  7.913760e+01  7.600000e+01
   endloop
 endfacet
 facet normal  6.248306e-01  7.807604e-01  1.353592e-14
   outer loop
     vertex  1.004588e+02  7.843665e+01  7.600000e+01
     vertex  1.004588e+02  7.843665e+01  6.600000e+01
     vertex  1.000730e+02  7.874544e+01  7.600000e+01
   endloop
 endfacet
 facet normal  4.198259e-01  9.076046e-01  1.359101e-14
   outer loop
     vertex  1.009073e+02  7.822917e+01  7.600000e+01
     vertex  1.009073e+02  7.822917e+01  6.600000e+01
     vertex  1.004588e+02  7.843665e+01  6.600000e+01
   endloop
 endfacet
 facet normal  4.198259e-01  9.076046e-01  1.617202e-14
   outer loop
     vertex  1.009073e+02  7.822917e+01  7.600000e+01
     vertex  1.004588e+02  7.843665e+01  6.600000e+01
     vertex  1.004588e+02  7.843665e+01  7.600000e+01
   endloop
 endfacet
 facet normal  1.904225e-01  9.817022e-01  1.674099e-14
   outer loop
     vertex  1.013925e+02  7.813507e+01  7.600000e+01
     vertex  1.013925e+02  7.813507e+01  6.600000e+01
     vertex  1.009073e+02  7.822917e+01  6.600000e+01
   endloop
 endfacet
 facet normal -5.004751e-02  9.987468e-01  1.703166e-14
   outer loop
     vertex  1.013925e+02  7.813507e+01  7.600000e+01
     vertex  1.018861e+02  7.815980e+01  6.600000e+01
     vertex  1.013925e+02  7.813507e+01  6.600000e+01
   endloop
 endfacet
 facet normal  1.904225e-01  9.817022e-01  1.507404e-14
   outer loop
     vertex  1.013925e+02  7.813507e+01  7.600000e+01
     vertex  1.009073e+02  7.822917e+01  6.600000e+01
     vertex  1.009073e+02  7.822917e+01  7.600000e+01
   endloop
 endfacet
 facet normal -5.004751e-02  9.987468e-01  1.859320e-14
   outer loop
     vertex  1.018861e+02  7.815980e+01  7.600000e+01
     vertex  1.018861e+02  7.815980e+01  6.600000e+01
     vertex  1.013925e+02  7.813507e+01  7.600000e+01
   endloop
 endfacet
 facet normal -2.876090e-01  9.577479e-01  1.633250e-14
   outer loop
     vertex  1.023594e+02  7.830194e+01  7.600000e+01
     vertex  1.023594e+02  7.830194e+01  6.600000e+01
     vertex  1.018861e+02  7.815980e+01  6.600000e+01
   endloop
 endfacet
 facet normal -2.876090e-01  9.577479e-01  1.851119e-14
   outer loop
     vertex  1.023594e+02  7.830194e+01  7.600000e+01
     vertex  1.018861e+02  7.815980e+01  6.600000e+01
     vertex  1.018861e+02  7.815980e+01  7.600000e+01
   endloop
 endfacet
 facet normal -5.084557e-01  8.610882e-01  1.590784e-14
   outer loop
     vertex  1.027850e+02  7.855321e+01  7.600000e+01
     vertex  1.027850e+02  7.855321e+01  6.600000e+01
     vertex  1.023594e+02  7.830194e+01  6.600000e+01
   endloop
 endfacet
 facet normal -5.084557e-01  8.610882e-01  1.468371e-14
   outer loop
     vertex  1.027850e+02  7.855321e+01  7.600000e+01
     vertex  1.023594e+02  7.830194e+01  6.600000e+01
     vertex  1.023594e+02  7.830194e+01  7.600000e+01
   endloop
 endfacet
 facet normal -6.997528e-01  7.143851e-01  1.118802e-14
   outer loop
     vertex  1.031380e+02  7.889903e+01  7.600000e+01
     vertex  1.031380e+02  7.889903e+01  6.600000e+01
     vertex  1.027850e+02  7.855321e+01  6.600000e+01
   endloop
 endfacet
 facet normal -6.997528e-01  7.143851e-01  1.319821e-14
   outer loop
     vertex  1.031380e+02  7.889903e+01  7.600000e+01
     vertex  1.027850e+02  7.855321e+01  6.600000e+01
     vertex  1.027850e+02  7.855321e+01  7.600000e+01
   endloop
 endfacet
 facet normal -8.503828e-01  5.261646e-01  8.224973e-15
   outer loop
     vertex  1.033980e+02  7.931929e+01  7.600000e+01
     vertex  1.033980e+02  7.931929e+01  6.600000e+01
     vertex  1.031380e+02  7.889903e+01  6.600000e+01
   endloop
 endfacet
 facet normal -9.515916e-01  3.073653e-01  4.804716e-15
   outer loop
     vertex  1.033980e+02  7.931929e+01  7.600000e+01
     vertex  1.035499e+02  7.978957e+01  6.600000e+01
     vertex  1.033980e+02  7.931929e+01  6.600000e+01
   endloop
 endfacet
 facet normal -8.503828e-01  5.261646e-01  7.764479e-15
   outer loop
     vertex  1.033980e+02  7.931929e+01  7.600000e+01
     vertex  1.031380e+02  7.889903e+01  6.600000e+01
     vertex  1.031380e+02  7.889903e+01  7.600000e+01
   endloop
 endfacet
 facet normal -9.974974e-01  7.070302e-02  2.723705e-15
   outer loop
     vertex  1.035499e+02  7.978957e+01  7.600000e+01
     vertex  1.035849e+02  8.028253e+01  6.600000e+01
     vertex  1.035499e+02  7.978957e+01  6.600000e+01
   endloop
 endfacet
 facet normal -9.515916e-01  3.073653e-01  7.030593e-15
   outer loop
     vertex  1.035499e+02  7.978957e+01  7.600000e+01
     vertex  1.035499e+02  7.978957e+01  6.600000e+01
     vertex  1.033980e+02  7.931929e+01  7.600000e+01
   endloop
 endfacet
 facet normal -9.974974e-01  7.070302e-02  1.205700e-15
   outer loop
     vertex  1.035849e+02  8.028253e+01  7.600000e+01
     vertex  1.035849e+02  8.028253e+01  6.600000e+01
     vertex  1.035499e+02  7.978957e+01  7.600000e+01
   endloop
 endfacet
 facet normal -9.854323e-01 -1.700682e-01 -2.900178e-15
   outer loop
     vertex  1.035008e+02  8.076953e+01  7.600000e+01
     vertex  1.035008e+02  8.076953e+01  6.600000e+01
     vertex  1.035849e+02  8.028253e+01  6.600000e+01
   endloop
 endfacet
 facet normal -9.854323e-01 -1.700682e-01 -2.899394e-15
   outer loop
     vertex  1.035008e+02  8.076953e+01  7.600000e+01
     vertex  1.035849e+02  8.028253e+01  6.600000e+01
     vertex  1.035849e+02  8.028253e+01  7.600000e+01
   endloop
 endfacet
 facet normal  9.160974e-01  4.009557e-01  7.122405e-15
   outer loop
     vertex  1.227269e+02  2.674063e+01  7.600000e+01
     vertex  1.232077e+02  2.564192e+01  6.600000e+01
     vertex  1.227269e+02  2.674063e+01  6.600000e+01
   endloop
 endfacet
 facet normal  9.160974e-01  4.009557e-01  7.122405e-15
   outer loop
     vertex  1.232077e+02  2.564192e+01  7.600000e+01
     vertex  1.232077e+02  2.564192e+01  6.600000e+01
     vertex  1.227269e+02  2.674063e+01  7.600000e+01
   endloop
 endfacet
 facet normal  7.935223e-01  6.085412e-01  1.124226e-14
   outer loop
     vertex  1.239376e+02  2.469022e+01  7.600000e+01
     vertex  1.239376e+02  2.469022e+01  6.600000e+01
     vertex  1.232077e+02  2.564192e+01  6.600000e+01
   endloop
 endfacet
 facet normal  6.248306e-01  7.807604e-01  1.442385e-14
   outer loop
     vertex  1.239376e+02  2.469022e+01  7.600000e+01
     vertex  1.248740e+02  2.394083e+01  6.600000e+01
     vertex  1.239376e+02  2.469022e+01  6.600000e+01
   endloop
 endfacet
 facet normal  7.935223e-01  6.085412e-01  1.081212e-14
   outer loop
     vertex  1.239376e+02  2.469022e+01  7.600000e+01
     vertex  1.232077e+02  2.564192e+01  6.600000e+01
     vertex  1.232077e+02  2.564192e+01  7.600000e+01
   endloop
 endfacet
 facet normal  6.248306e-01  7.807604e-01  1.442385e-14
   outer loop
     vertex  1.248740e+02  2.394083e+01  7.600000e+01
     vertex  1.248740e+02  2.394083e+01  6.600000e+01
     vertex  1.239376e+02  2.469022e+01  7.600000e+01
   endloop
 endfacet
 facet normal  4.198259e-01  9.076046e-01  1.676719e-14
   outer loop
     vertex  1.259625e+02  2.343732e+01  7.600000e+01
     vertex  1.259625e+02  2.343732e+01  6.600000e+01
     vertex  1.248740e+02  2.394083e+01  6.600000e+01
   endloop
 endfacet
 facet normal  4.198259e-01  9.076046e-01  1.676434e-14
   outer loop
     vertex  1.259625e+02  2.343732e+01  7.600000e+01
     vertex  1.248740e+02  2.394083e+01  6.600000e+01
     vertex  1.248740e+02  2.394083e+01  7.600000e+01
   endloop
 endfacet
 facet normal  1.904225e-01  9.817022e-01  1.689732e-14
   outer loop
     vertex  1.271399e+02  2.320894e+01  7.600000e+01
     vertex  1.271399e+02  2.320894e+01  6.600000e+01
     vertex  1.259625e+02  2.343732e+01  6.600000e+01
   endloop
 endfacet
 facet normal -5.004751e-02  9.987468e-01  1.788355e-14
   outer loop
     vertex  1.271399e+02  2.320894e+01  7.600000e+01
     vertex  1.283377e+02  2.326896e+01  6.600000e+01
     vertex  1.271399e+02  2.320894e+01  6.600000e+01
   endloop
 endfacet
 facet normal  1.904225e-01  9.817022e-01  1.813899e-14
   outer loop
     vertex  1.271399e+02  2.320894e+01  7.600000e+01
     vertex  1.259625e+02  2.343732e+01  6.600000e+01
     vertex  1.259625e+02  2.343732e+01  7.600000e+01
   endloop
 endfacet
 facet normal -5.004751e-02  9.987468e-01  1.703166e-14
   outer loop
     vertex  1.283377e+02  2.326896e+01  7.600000e+01
     vertex  1.283377e+02  2.326896e+01  6.600000e+01
     vertex  1.271399e+02  2.320894e+01  7.600000e+01
   endloop
 endfacet
 facet normal -2.876090e-01  9.577479e-01  1.769354e-14
   outer loop
     vertex  1.294864e+02  2.361390e+01  7.600000e+01
     vertex  1.294864e+02  2.361390e+01  6.600000e+01
     vertex  1.283377e+02  2.326896e+01  6.600000e+01
   endloop
 endfacet
 facet normal -2.876090e-01  9.577479e-01  1.632926e-14
   outer loop
     vertex  1.294864e+02  2.361390e+01  7.600000e+01
     vertex  1.283377e+02  2.326896e+01  6.600000e+01
     vertex  1.283377e+02  2.326896e+01  7.600000e+01
   endloop
 endfacet
 facet normal -5.084557e-01  8.610882e-01  1.590784e-14
   outer loop
     vertex  1.305192e+02  2.422371e+01  7.600000e+01
     vertex  1.305192e+02  2.422371e+01  6.600000e+01
     vertex  1.294864e+02  2.361390e+01  6.600000e+01
   endloop
 endfacet
 facet normal -5.084557e-01  8.610882e-01  1.590344e-14
   outer loop
     vertex  1.305192e+02  2.422371e+01  7.600000e+01
     vertex  1.294864e+02  2.361390e+01  6.600000e+01
     vertex  1.294864e+02  2.361390e+01  7.600000e+01
   endloop
 endfacet
 facet normal -6.997528e-01  7.143851e-01  1.269003e-14
   outer loop
     vertex  1.313759e+02  2.506295e+01  7.600000e+01
     vertex  1.313759e+02  2.506295e+01  6.600000e+01
     vertex  1.305192e+02  2.422371e+01  6.600000e+01
   endloop
 endfacet
 facet normal -6.997528e-01  7.143851e-01  1.320041e-14
   outer loop
     vertex  1.313759e+02  2.506295e+01  7.600000e+01
     vertex  1.305192e+02  2.422371e+01  6.600000e+01
     vertex  1.305192e+02  2.422371e+01  7.600000e+01
   endloop
 endfacet
 facet normal -8.503828e-01  5.261646e-01  9.720423e-15
   outer loop
     vertex  1.320070e+02  2.608285e+01  7.600000e+01
     vertex  1.320070e+02  2.608285e+01  6.600000e+01
     vertex  1.313759e+02  2.506295e+01  6.600000e+01
   endloop
 endfacet
 facet normal -8.503828e-01  5.261646e-01  9.349520e-15
   outer loop
     vertex  1.320070e+02  2.608285e+01  7.600000e+01
     vertex  1.313759e+02  2.506295e+01  6.600000e+01
     vertex  1.313759e+02  2.506295e+01  7.600000e+01
   endloop
 endfacet
 facet normal -9.515916e-01  3.073653e-01  7.946094e-15
   outer loop
     vertex  1.323756e+02  2.722413e+01  7.600000e+01
     vertex  1.323756e+02  2.722413e+01  6.600000e+01
     vertex  1.320070e+02  2.608285e+01  6.600000e+01
   endloop
 endfacet
 facet normal -9.974974e-01  7.070302e-02  4.040759e-15
   outer loop
     vertex  1.323756e+02  2.722413e+01  7.600000e+01
     vertex  1.324604e+02  2.842047e+01  6.600000e+01
     vertex  1.323756e+02  2.722413e+01  6.600000e+01
   endloop
 endfacet
 facet normal -9.515916e-01  3.073653e-01  5.679139e-15
   outer loop
     vertex  1.323756e+02  2.722413e+01  7.600000e+01
     vertex  1.320070e+02  2.608285e+01  6.600000e+01
     vertex  1.320070e+02  2.608285e+01  7.600000e+01
   endloop
 endfacet
 facet normal -9.974974e-01  7.070302e-02  4.040759e-15
   outer loop
     vertex  1.324604e+02  2.842047e+01  7.600000e+01
     vertex  1.324604e+02  2.842047e+01  6.600000e+01
     vertex  1.323756e+02  2.722413e+01  7.600000e+01
   endloop
 endfacet
 facet normal -9.854323e-01 -1.700682e-01 -9.941100e-17
   outer loop
     vertex  1.322565e+02  2.960234e+01  7.600000e+01
     vertex  1.322565e+02  2.960234e+01  6.600000e+01
     vertex  1.324604e+02  2.842047e+01  6.600000e+01
   endloop
 endfacet
 facet normal -9.854323e-01 -1.700682e-01 -9.951221e-17
   outer loop
     vertex  1.322565e+02  2.960234e+01  7.600000e+01
     vertex  1.324604e+02  2.842047e+01  6.600000e+01
     vertex  1.324604e+02  2.842047e+01  7.600000e+01
   endloop
 endfacet
 facet normal  9.160974e-01  4.009557e-01  6.837509e-15
   outer loop
     vertex  1.954643e+02  8.365280e+01  7.600000e+01
     vertex  1.956624e+02  8.320006e+01  6.600000e+01
     vertex  1.954643e+02  8.365280e+01  6.600000e+01
   endloop
 endfacet
 facet normal  9.160974e-01  4.009557e-01  8.871422e-15
   outer loop
     vertex  1.956624e+02  8.320006e+01  7.600000e+01
     vertex  1.956624e+02  8.320006e+01  6.600000e+01
     vertex  1.954643e+02  8.365280e+01  7.600000e+01
   endloop
 endfacet
 facet normal  7.935223e-01  6.085412e-01  6.392564e-15
   outer loop
     vertex  1.959632e+02  8.280790e+01  7.600000e+01
     vertex  1.959632e+02  8.280790e+01  6.600000e+01
     vertex  1.956624e+02  8.320006e+01  6.600000e+01
   endloop
 endfacet
 facet normal  6.248306e-01  7.807604e-01  9.319397e-15
   outer loop
     vertex  1.959632e+02  8.280790e+01  7.600000e+01
     vertex  1.963490e+02  8.249911e+01  6.600000e+01
     vertex  1.959632e+02  8.280790e+01  6.600000e+01
   endloop
 endfacet
 facet normal  7.935223e-01  6.085412e-01  1.176887e-14
   outer loop
     vertex  1.959632e+02  8.280790e+01  7.600000e+01
     vertex  1.956624e+02  8.320006e+01  6.600000e+01
     vertex  1.956624e+02  8.320006e+01  7.600000e+01
   endloop
 endfacet
 facet normal  6.248306e-01  7.807604e-01  1.553338e-14
   outer loop
     vertex  1.963490e+02  8.249911e+01  7.600000e+01
     vertex  1.963490e+02  8.249911e+01  6.600000e+01
     vertex  1.959632e+02  8.280790e+01  7.600000e+01
   endloop
 endfacet
 facet normal  4.198259e-01  9.076046e-01  1.299440e-14
   outer loop
     vertex  1.967976e+02  8.229163e+01  7.600000e+01
     vertex  1.967976e+02  8.229163e+01  6.600000e+01
     vertex  1.963490e+02  8.249911e+01  6.600000e+01
   endloop
 endfacet
 facet normal  4.198259e-01  9.076046e-01  1.805627e-14
   outer loop
     vertex  1.967976e+02  8.229163e+01  7.600000e+01
     vertex  1.963490e+02  8.249911e+01  6.600000e+01
     vertex  1.963490e+02  8.249911e+01  7.600000e+01
   endloop
 endfacet
 facet normal  1.904225e-01  9.817022e-01  1.588712e-14
   outer loop
     vertex  1.972827e+02  8.219753e+01  7.600000e+01
     vertex  1.972827e+02  8.219753e+01  6.600000e+01
     vertex  1.967976e+02  8.229163e+01  6.600000e+01
   endloop
 endfacet
 facet normal -5.004751e-02  9.987468e-01  1.547011e-14
   outer loop
     vertex  1.972827e+02  8.219753e+01  7.600000e+01
     vertex  1.977763e+02  8.222226e+01  6.600000e+01
     vertex  1.972827e+02  8.219753e+01  6.600000e+01
   endloop
 endfacet
 facet normal  1.904225e-01  9.817022e-01  1.480446e-14
   outer loop
     vertex  1.972827e+02  8.219753e+01  7.600000e+01
     vertex  1.967976e+02  8.229163e+01  6.600000e+01
     vertex  1.967976e+02  8.229163e+01  7.600000e+01
   endloop
 endfacet
 facet normal -5.004751e-02  9.987468e-01  1.987026e-14
   outer loop
     vertex  1.977763e+02  8.222226e+01  7.600000e+01
     vertex  1.977763e+02  8.222226e+01  6.600000e+01
     vertex  1.972827e+02  8.219753e+01  7.600000e+01
   endloop
 endfacet
 facet normal -2.876090e-01  9.577479e-01  1.769354e-14
   outer loop
     vertex  1.982496e+02  8.236440e+01  7.600000e+01
     vertex  1.982496e+02  8.236440e+01  6.600000e+01
     vertex  1.977763e+02  8.222226e+01  6.600000e+01
   endloop
 endfacet
 facet normal -2.876090e-01  9.577479e-01  1.905597e-14
   outer loop
     vertex  1.982496e+02  8.236440e+01  7.600000e+01
     vertex  1.977763e+02  8.222226e+01  6.600000e+01
     vertex  1.977763e+02  8.222226e+01  7.600000e+01
   endloop
 endfacet
 facet normal -5.084557e-01  8.610882e-01  1.201536e-14
   outer loop
     vertex  1.986752e+02  8.261568e+01  7.600000e+01
     vertex  1.986752e+02  8.261568e+01  6.600000e+01
     vertex  1.982496e+02  8.236440e+01  6.600000e+01
   endloop
 endfacet
 facet normal -5.084557e-01  8.610882e-01  1.590805e-14
   outer loop
     vertex  1.986752e+02  8.261568e+01  7.600000e+01
     vertex  1.982496e+02  8.236440e+01  6.600000e+01
     vertex  1.982496e+02  8.236440e+01  7.600000e+01
   endloop
 endfacet
 facet normal -6.997528e-01  7.143851e-01  1.417124e-14
   outer loop
     vertex  1.990282e+02  8.296149e+01  7.600000e+01
     vertex  1.990282e+02  8.296149e+01  6.600000e+01
     vertex  1.986752e+02  8.261568e+01  6.600000e+01
   endloop
 endfacet
 facet normal -6.997528e-01  7.143851e-01  9.179776e-15
   outer loop
     vertex  1.990282e+02  8.296149e+01  7.600000e+01
     vertex  1.986752e+02  8.261568e+01  6.600000e+01
     vertex  1.986752e+02  8.261568e+01  7.600000e+01
   endloop
 endfacet
 facet normal -8.503828e-01  5.261646e-01  1.046815e-14
   outer loop
     vertex  1.992883e+02  8.338175e+01  7.600000e+01
     vertex  1.992883e+02  8.338175e+01  6.600000e+01
     vertex  1.990282e+02  8.296149e+01  6.600000e+01
   endloop
 endfacet
 facet normal -8.503828e-01  5.261646e-01  1.138977e-14
   outer loop
     vertex  1.992883e+02  8.338175e+01  7.600000e+01
     vertex  1.990282e+02  8.296149e+01  6.600000e+01
     vertex  1.990282e+02  8.296149e+01  7.600000e+01
   endloop
 endfacet
 facet normal -9.515916e-01  3.073653e-01  2.100130e-15
   outer loop
     vertex  1.994402e+02  8.385203e+01  7.600000e+01
     vertex  1.994402e+02  8.385203e+01  6.600000e+01
     vertex  1.992883e+02  8.338175e+01  6.600000e+01
   endloop
 endfacet
 facet normal -9.974974e-01  7.070302e-02 -1.729833e-15
   outer loop
     vertex  1.994402e+02  8.385203e+01  7.600000e+01
     vertex  1.994751e+02  8.434499e+01  6.600000e+01
     vertex  1.994402e+02  8.385203e+01  6.600000e+01
   endloop
 endfacet
 facet normal -9.515916e-01  3.073653e-01  6.116106e-15
   outer loop
     vertex  1.994402e+02  8.385203e+01  7.600000e+01
     vertex  1.992883e+02  8.338175e+01  6.600000e+01
     vertex  1.992883e+02  8.338175e+01  7.600000e+01
   endloop
 endfacet
 facet normal -9.974974e-01  7.070302e-02 -1.729833e-15
   outer loop
     vertex  1.994751e+02  8.434499e+01  7.600000e+01
     vertex  1.994751e+02  8.434499e+01  6.600000e+01
     vertex  1.994402e+02  8.385203e+01  7.600000e+01
   endloop
 endfacet
 facet normal -9.854323e-01 -1.700682e-01 -2.900178e-15
   outer loop
     vertex  1.993911e+02  8.483200e+01  7.600000e+01
     vertex  1.993911e+02  8.483200e+01  6.600000e+01
     vertex  1.994751e+02  8.434499e+01  6.600000e+01
   endloop
 endfacet
 facet normal -9.854323e-01 -1.700682e-01 -5.459004e-15
   outer loop
     vertex  1.993911e+02  8.483200e+01  7.600000e+01
     vertex  1.994751e+02  8.434499e+01  6.600000e+01
     vertex  1.994751e+02  8.434499e+01  7.600000e+01
   endloop
 endfacet
 facet normal  9.160974e-01  4.009557e-01  6.837509e-15
   outer loop
     vertex  1.964992e+02  5.923047e+01  7.600000e+01
     vertex  1.966973e+02  5.877773e+01  6.600000e+01
     vertex  1.964992e+02  5.923047e+01  6.600000e+01
   endloop
 endfacet
 facet normal  9.160974e-01  4.009557e-01  7.122405e-15
   outer loop
     vertex  1.966973e+02  5.877773e+01  7.600000e+01
     vertex  1.966973e+02  5.877773e+01  6.600000e+01
     vertex  1.964992e+02  5.923047e+01  7.600000e+01
   endloop
 endfacet
 facet normal  7.935223e-01  6.085412e-01  1.037747e-14
   outer loop
     vertex  1.969981e+02  5.838557e+01  7.600000e+01
     vertex  1.969981e+02  5.838557e+01  6.600000e+01
     vertex  1.966973e+02  5.877773e+01  6.600000e+01
   endloop
 endfacet
 facet normal  6.248306e-01  7.807604e-01  1.331433e-14
   outer loop
     vertex  1.969981e+02  5.838557e+01  7.600000e+01
     vertex  1.973839e+02  5.807678e+01  6.600000e+01
     vertex  1.969981e+02  5.838557e+01  6.600000e+01
   endloop
 endfacet
 facet normal  7.935223e-01  6.085412e-01  1.080849e-14
   outer loop
     vertex  1.969981e+02  5.838557e+01  7.600000e+01
     vertex  1.966973e+02  5.877773e+01  6.600000e+01
     vertex  1.966973e+02  5.877773e+01  7.600000e+01
   endloop
 endfacet
 facet normal  6.248306e-01  7.807604e-01  1.564497e-14
   outer loop
     vertex  1.973839e+02  5.807678e+01  7.600000e+01
     vertex  1.973839e+02  5.807678e+01  6.600000e+01
     vertex  1.969981e+02  5.838557e+01  7.600000e+01
   endloop
 endfacet
 facet normal  4.198259e-01  9.076046e-01  1.428419e-14
   outer loop
     vertex  1.978325e+02  5.786930e+01  7.600000e+01
     vertex  1.978325e+02  5.786930e+01  6.600000e+01
     vertex  1.973839e+02  5.807678e+01  6.600000e+01
   endloop
 endfacet
 facet normal  4.198259e-01  9.076046e-01  1.731493e-14
   outer loop
     vertex  1.978325e+02  5.786930e+01  7.600000e+01
     vertex  1.973839e+02  5.807678e+01  6.600000e+01
     vertex  1.973839e+02  5.807678e+01  7.600000e+01
   endloop
 endfacet
 facet normal  1.904225e-01  9.817022e-01  1.674099e-14
   outer loop
     vertex  1.983176e+02  5.777519e+01  7.600000e+01
     vertex  1.983176e+02  5.777519e+01  6.600000e+01
     vertex  1.978325e+02  5.786930e+01  6.600000e+01
   endloop
 endfacet
 facet normal -5.004751e-02  9.987468e-01  1.703166e-14
   outer loop
     vertex  1.983176e+02  5.777519e+01  7.600000e+01
     vertex  1.988112e+02  5.779993e+01  6.600000e+01
     vertex  1.983176e+02  5.777519e+01  6.600000e+01
   endloop
 endfacet
 facet normal  1.904225e-01  9.817022e-01  1.619870e-14
   outer loop
     vertex  1.983176e+02  5.777519e+01  7.600000e+01
     vertex  1.978325e+02  5.786930e+01  6.600000e+01
     vertex  1.978325e+02  5.786930e+01  7.600000e+01
   endloop
 endfacet
 facet normal -5.004751e-02  9.987468e-01  1.774131e-14
   outer loop
     vertex  1.988112e+02  5.779993e+01  7.600000e+01
     vertex  1.988112e+02  5.779993e+01  6.600000e+01
     vertex  1.983176e+02  5.777519e+01  7.600000e+01
   endloop
 endfacet
 facet normal -2.876090e-01  9.577479e-01  1.701302e-14
   outer loop
     vertex  1.992845e+02  5.794206e+01  7.600000e+01
     vertex  1.992845e+02  5.794206e+01  6.600000e+01
     vertex  1.988112e+02  5.779993e+01  6.600000e+01
   endloop
 endfacet
 facet normal -2.876090e-01  9.577479e-01  1.701446e-14
   outer loop
     vertex  1.992845e+02  5.794206e+01  7.600000e+01
     vertex  1.988112e+02  5.779993e+01  6.600000e+01
     vertex  1.988112e+02  5.779993e+01  7.600000e+01
   endloop
 endfacet
 facet normal -5.084557e-01  8.610882e-01  1.529600e-14
   outer loop
     vertex  1.997101e+02  5.819334e+01  7.600000e+01
     vertex  1.997101e+02  5.819334e+01  6.600000e+01
     vertex  1.992845e+02  5.794206e+01  6.600000e+01
   endloop
 endfacet
 facet normal -5.084557e-01  8.610882e-01  1.529588e-14
   outer loop
     vertex  1.997101e+02  5.819334e+01  7.600000e+01
     vertex  1.992845e+02  5.794206e+01  6.600000e+01
     vertex  1.992845e+02  5.794206e+01  7.600000e+01
   endloop
 endfacet
 facet normal -6.997528e-01  7.143851e-01  1.218243e-14
   outer loop
     vertex  2.000631e+02  5.853916e+01  7.600000e+01
     vertex  2.000631e+02  5.853916e+01  6.600000e+01
     vertex  1.997101e+02  5.819334e+01  6.600000e+01
   endloop
 endfacet
 facet normal -6.997528e-01  7.143851e-01  1.268994e-14
   outer loop
     vertex  2.000631e+02  5.853916e+01  7.600000e+01
     vertex  1.997101e+02  5.819334e+01  6.600000e+01
     vertex  1.997101e+02  5.819334e+01  7.600000e+01
   endloop
 endfacet
 facet normal -8.503828e-01  5.261646e-01  9.346560e-15
   outer loop
     vertex  2.003231e+02  5.895942e+01  7.600000e+01
     vertex  2.003231e+02  5.895942e+01  6.600000e+01
     vertex  2.000631e+02  5.853916e+01  6.600000e+01
   endloop
 endfacet
 facet normal -8.503828e-01  5.261646e-01  8.971974e-15
   outer loop
     vertex  2.003231e+02  5.895942e+01  7.600000e+01
     vertex  2.000631e+02  5.853916e+01  6.600000e+01
     vertex  2.000631e+02  5.853916e+01  7.600000e+01
   endloop
 endfacet
 facet normal -9.515916e-01  3.073653e-01  5.241508e-15
   outer loop
     vertex  2.004750e+02  5.942970e+01  7.600000e+01
     vertex  2.004750e+02  5.942970e+01  6.600000e+01
     vertex  2.003231e+02  5.895942e+01  6.600000e+01
   endloop
 endfacet
 facet normal -9.974974e-01  7.070302e-02  1.205700e-15
   outer loop
     vertex  2.004750e+02  5.942970e+01  7.600000e+01
     vertex  2.005100e+02  5.992266e+01  6.600000e+01
     vertex  2.004750e+02  5.942970e+01  6.600000e+01
   endloop
 endfacet
 facet normal -9.515916e-01  3.073653e-01  5.459004e-15
   outer loop
     vertex  2.004750e+02  5.942970e+01  7.600000e+01
     vertex  2.003231e+02  5.895942e+01  6.600000e+01
     vertex  2.003231e+02  5.895942e+01  7.600000e+01
   endloop
 endfacet
 facet normal -9.974974e-01  7.070302e-02  1.255938e-15
   outer loop
     vertex  2.005100e+02  5.992266e+01  7.600000e+01
     vertex  2.005100e+02  5.992266e+01  6.600000e+01
     vertex  2.004750e+02  5.942970e+01  7.600000e+01
   endloop
 endfacet
 facet normal -9.854323e-01 -1.700682e-01 -3.141860e-15
   outer loop
     vertex  2.004259e+02  6.040966e+01  7.600000e+01
     vertex  2.004259e+02  6.040966e+01  6.600000e+01
     vertex  2.005100e+02  5.992266e+01  6.600000e+01
   endloop
 endfacet
 facet normal -9.854323e-01 -1.700682e-01 -3.021548e-15
   outer loop
     vertex  2.004259e+02  6.040966e+01  7.600000e+01
     vertex  2.005100e+02  5.992266e+01  6.600000e+01
     vertex  2.005100e+02  5.992266e+01  7.600000e+01
   endloop
 endfacet
 facet normal  9.160974e-01  4.009557e-01  6.837509e-15
   outer loop
     vertex  1.832311e+02  3.457366e+01  7.600000e+01
     vertex  1.834292e+02  3.412092e+01  6.600000e+01
     vertex  1.832311e+02  3.457366e+01  6.600000e+01
   endloop
 endfacet
 facet normal  9.160974e-01  4.009557e-01  7.122405e-15
   outer loop
     vertex  1.834292e+02  3.412092e+01  7.600000e+01
     vertex  1.834292e+02  3.412092e+01  6.600000e+01
     vertex  1.832311e+02  3.457366e+01  7.600000e+01
   endloop
 endfacet
 facet normal  7.935223e-01  6.085412e-01  1.080986e-14
   outer loop
     vertex  1.837300e+02  3.372876e+01  7.600000e+01
     vertex  1.837300e+02  3.372876e+01  6.600000e+01
     vertex  1.834292e+02  3.412092e+01  6.600000e+01
   endloop
 endfacet
 facet normal  6.248306e-01  7.807604e-01  1.386909e-14
   outer loop
     vertex  1.837300e+02  3.372876e+01  7.600000e+01
     vertex  1.841158e+02  3.341997e+01  6.600000e+01
     vertex  1.837300e+02  3.372876e+01  6.600000e+01
   endloop
 endfacet
 facet normal  7.935223e-01  6.085412e-01  1.080849e-14
   outer loop
     vertex  1.837300e+02  3.372876e+01  7.600000e+01
     vertex  1.834292e+02  3.412092e+01  6.600000e+01
     vertex  1.834292e+02  3.412092e+01  7.600000e+01
   endloop
 endfacet
 facet normal  6.248306e-01  7.807604e-01  1.153845e-14
   outer loop
     vertex  1.841158e+02  3.341997e+01  7.600000e+01
     vertex  1.841158e+02  3.341997e+01  6.600000e+01
     vertex  1.837300e+02  3.372876e+01  7.600000e+01
   endloop
 endfacet
 facet normal  4.198259e-01  9.076046e-01  1.547741e-14
   outer loop
     vertex  1.845644e+02  3.321249e+01  7.600000e+01
     vertex  1.845644e+02  3.321249e+01  6.600000e+01
     vertex  1.841158e+02  3.341997e+01  6.600000e+01
   endloop
 endfacet
 facet normal  4.198259e-01  9.076046e-01  1.428496e-14
   outer loop
     vertex  1.845644e+02  3.321249e+01  7.600000e+01
     vertex  1.841158e+02  3.341997e+01  6.600000e+01
     vertex  1.841158e+02  3.341997e+01  7.600000e+01
   endloop
 endfacet
 facet normal  1.904225e-01  9.817022e-01  1.604345e-14
   outer loop
     vertex  1.850495e+02  3.311839e+01  7.600000e+01
     vertex  1.850495e+02  3.311839e+01  6.600000e+01
     vertex  1.845644e+02  3.321249e+01  6.600000e+01
   endloop
 endfacet
 facet normal -5.004751e-02  9.987468e-01  1.632200e-14
   outer loop
     vertex  1.850495e+02  3.311839e+01  7.600000e+01
     vertex  1.855431e+02  3.314312e+01  6.600000e+01
     vertex  1.850495e+02  3.311839e+01  6.600000e+01
   endloop
 endfacet
 facet normal  1.904225e-01  9.817022e-01  1.674067e-14
   outer loop
     vertex  1.850495e+02  3.311839e+01  7.600000e+01
     vertex  1.845644e+02  3.321249e+01  6.600000e+01
     vertex  1.845644e+02  3.321249e+01  7.600000e+01
   endloop
 endfacet
 facet normal -5.004751e-02  9.987468e-01  1.617976e-14
   outer loop
     vertex  1.855431e+02  3.314312e+01  7.600000e+01
     vertex  1.855431e+02  3.314312e+01  6.600000e+01
     vertex  1.850495e+02  3.311839e+01  7.600000e+01
   endloop
 endfacet
 facet normal -2.876090e-01  9.577479e-01  1.633250e-14
   outer loop
     vertex  1.860164e+02  3.328526e+01  7.600000e+01
     vertex  1.860164e+02  3.328526e+01  6.600000e+01
     vertex  1.855431e+02  3.314312e+01  6.600000e+01
   endloop
 endfacet
 facet normal -2.876090e-01  9.577479e-01  1.483254e-14
   outer loop
     vertex  1.860164e+02  3.328526e+01  7.600000e+01
     vertex  1.855431e+02  3.314312e+01  6.600000e+01
     vertex  1.855431e+02  3.314312e+01  7.600000e+01
   endloop
 endfacet
 facet normal -5.084557e-01  8.610882e-01  1.612928e-14
   outer loop
     vertex  1.864420e+02  3.353654e+01  7.600000e+01
     vertex  1.864420e+02  3.353654e+01  6.600000e+01
     vertex  1.860164e+02  3.328526e+01  6.600000e+01
   endloop
 endfacet
 facet normal -5.084557e-01  8.610882e-01  1.468371e-14
   outer loop
     vertex  1.864420e+02  3.353654e+01  7.600000e+01
     vertex  1.860164e+02  3.328526e+01  6.600000e+01
     vertex  1.860164e+02  3.328526e+01  7.600000e+01
   endloop
 endfacet
 facet normal -6.997528e-01  7.143851e-01  1.269003e-14
   outer loop
     vertex  1.867950e+02  3.388235e+01  7.600000e+01
     vertex  1.867950e+02  3.388235e+01  6.600000e+01
     vertex  1.864420e+02  3.353654e+01  6.600000e+01
   endloop
 endfacet
 facet normal -6.997528e-01  7.143851e-01  1.417263e-14
   outer loop
     vertex  1.867950e+02  3.388235e+01  7.600000e+01
     vertex  1.864420e+02  3.353654e+01  6.600000e+01
     vertex  1.864420e+02  3.353654e+01  7.600000e+01
   endloop
 endfacet
 facet normal -8.503828e-01  5.261646e-01  9.346560e-15
   outer loop
     vertex  1.870551e+02  3.430261e+01  7.600000e+01
     vertex  1.870551e+02  3.430261e+01  6.600000e+01
     vertex  1.867950e+02  3.388235e+01  6.600000e+01
   endloop
 endfacet
 facet normal -8.503828e-01  5.261646e-01  9.345456e-15
   outer loop
     vertex  1.870551e+02  3.430261e+01  7.600000e+01
     vertex  1.867950e+02  3.388235e+01  6.600000e+01
     vertex  1.867950e+02  3.388235e+01  7.600000e+01
   endloop
 endfacet
 facet normal -9.515916e-01  3.073653e-01  7.727698e-15
   outer loop
     vertex  1.872070e+02  3.477289e+01  7.600000e+01
     vertex  1.872070e+02  3.477289e+01  6.600000e+01
     vertex  1.870551e+02  3.430261e+01  6.600000e+01
   endloop
 endfacet
 facet normal -9.974974e-01  7.070302e-02  3.990521e-15
   outer loop
     vertex  1.872070e+02  3.477289e+01  7.600000e+01
     vertex  1.872419e+02  3.526585e+01  6.600000e+01
     vertex  1.872070e+02  3.477289e+01  6.600000e+01
   endloop
 endfacet
 facet normal -9.515916e-01  3.073653e-01  5.459004e-15
   outer loop
     vertex  1.872070e+02  3.477289e+01  7.600000e+01
     vertex  1.870551e+02  3.430261e+01  6.600000e+01
     vertex  1.870551e+02  3.430261e+01  7.600000e+01
   endloop
 endfacet
 facet normal -9.974974e-01  7.070302e-02  1.255938e-15
   outer loop
     vertex  1.872419e+02  3.526585e+01  7.600000e+01
     vertex  1.872419e+02  3.526585e+01  6.600000e+01
     vertex  1.872070e+02  3.477289e+01  7.600000e+01
   endloop
 endfacet
 facet normal -9.854323e-01 -1.700682e-01 -3.021019e-15
   outer loop
     vertex  1.871579e+02  3.575285e+01  7.600000e+01
     vertex  1.871579e+02  3.575285e+01  6.600000e+01
     vertex  1.872419e+02  3.526585e+01  6.600000e+01
   endloop
 endfacet
 facet normal -9.854323e-01 -1.700682e-01 -3.021548e-15
   outer loop
     vertex  1.871579e+02  3.575285e+01  7.600000e+01
     vertex  1.872419e+02  3.526585e+01  6.600000e+01
     vertex  1.872419e+02  3.526585e+01  7.600000e+01
   endloop
 endfacet
 facet normal  9.160974e-01  4.009557e-01  6.837509e-15
   outer loop
     vertex  1.870637e+02  4.606081e+01  7.600000e+01
     vertex  1.875446e+02  4.496209e+01  6.600000e+01
     vertex  1.870637e+02  4.606081e+01  6.600000e+01
   endloop
 endfacet
 facet normal  9.160974e-01  4.009557e-01  7.122405e-15
   outer loop
     vertex  1.875446e+02  4.496209e+01  7.600000e+01
     vertex  1.875446e+02  4.496209e+01  6.600000e+01
     vertex  1.870637e+02  4.606081e+01  7.600000e+01
   endloop
 endfacet
 facet normal  7.935223e-01  6.085412e-01  1.124226e-14
   outer loop
     vertex  1.882744e+02  4.401039e+01  7.600000e+01
     vertex  1.882744e+02  4.401039e+01  6.600000e+01
     vertex  1.875446e+02  4.496209e+01  6.600000e+01
   endloop
 endfacet
 facet normal  6.248306e-01  7.807604e-01  1.442385e-14
   outer loop
     vertex  1.882744e+02  4.401039e+01  7.600000e+01
     vertex  1.892108e+02  4.326101e+01  6.600000e+01
     vertex  1.882744e+02  4.401039e+01  6.600000e+01
   endloop
 endfacet
 facet normal  7.935223e-01  6.085412e-01  1.081212e-14
   outer loop
     vertex  1.882744e+02  4.401039e+01  7.600000e+01
     vertex  1.875446e+02  4.496209e+01  6.600000e+01
     vertex  1.875446e+02  4.496209e+01  7.600000e+01
   endloop
 endfacet
 facet normal  6.248306e-01  7.807604e-01  1.331433e-14
   outer loop
     vertex  1.892108e+02  4.326101e+01  7.600000e+01
     vertex  1.892108e+02  4.326101e+01  6.600000e+01
     vertex  1.882744e+02  4.401039e+01  7.600000e+01
   endloop
 endfacet
 facet normal  4.198259e-01  9.076046e-01  1.612230e-14
   outer loop
     vertex  1.902994e+02  4.275749e+01  7.600000e+01
     vertex  1.902994e+02  4.275749e+01  6.600000e+01
     vertex  1.892108e+02  4.326101e+01  6.600000e+01
   endloop
 endfacet
 facet normal  4.198259e-01  9.076046e-01  1.547762e-14
   outer loop
     vertex  1.902994e+02  4.275749e+01  7.600000e+01
     vertex  1.892108e+02  4.326101e+01  6.600000e+01
     vertex  1.892108e+02  4.326101e+01  7.600000e+01
   endloop
 endfacet
 facet normal  1.904225e-01  9.817022e-01  1.743853e-14
   outer loop
     vertex  1.914768e+02  4.252911e+01  7.600000e+01
     vertex  1.914768e+02  4.252911e+01  6.600000e+01
     vertex  1.902994e+02  4.275749e+01  6.600000e+01
   endloop
 endfacet
 facet normal -5.004751e-02  9.987468e-01  1.774131e-14
   outer loop
     vertex  1.914768e+02  4.252911e+01  7.600000e+01
     vertex  1.926746e+02  4.258913e+01  6.600000e+01
     vertex  1.914768e+02  4.252911e+01  6.600000e+01
   endloop
 endfacet
 facet normal  1.904225e-01  9.817022e-01  1.744009e-14
   outer loop
     vertex  1.914768e+02  4.252911e+01  7.600000e+01
     vertex  1.902994e+02  4.275749e+01  6.600000e+01
     vertex  1.902994e+02  4.275749e+01  7.600000e+01
   endloop
 endfacet
 facet normal -5.004751e-02  9.987468e-01  1.703166e-14
   outer loop
     vertex  1.926746e+02  4.258913e+01  7.600000e+01
     vertex  1.926746e+02  4.258913e+01  6.600000e+01
     vertex  1.914768e+02  4.252911e+01  7.600000e+01
   endloop
 endfacet
 facet normal -2.876090e-01  9.577479e-01  1.701302e-14
   outer loop
     vertex  1.938233e+02  4.293408e+01  7.600000e+01
     vertex  1.938233e+02  4.293408e+01  6.600000e+01
     vertex  1.926746e+02  4.258913e+01  6.600000e+01
   endloop
 endfacet
 facet normal -2.876090e-01  9.577479e-01  1.633389e-14
   outer loop
     vertex  1.938233e+02  4.293408e+01  7.600000e+01
     vertex  1.926746e+02  4.258913e+01  6.600000e+01
     vertex  1.926746e+02  4.258913e+01  7.600000e+01
   endloop
 endfacet
 facet normal -5.084557e-01  8.610882e-01  1.529600e-14
   outer loop
     vertex  1.948560e+02  4.354389e+01  7.600000e+01
     vertex  1.948560e+02  4.354389e+01  6.600000e+01
     vertex  1.938233e+02  4.293408e+01  6.600000e+01
   endloop
 endfacet
 facet normal -5.084557e-01  8.610882e-01  1.529248e-14
   outer loop
     vertex  1.948560e+02  4.354389e+01  7.600000e+01
     vertex  1.938233e+02  4.293408e+01  6.600000e+01
     vertex  1.938233e+02  4.293408e+01  7.600000e+01
   endloop
 endfacet
 facet normal -6.997528e-01  7.143851e-01  1.269003e-14
   outer loop
     vertex  1.957128e+02  4.438313e+01  7.600000e+01
     vertex  1.957128e+02  4.438313e+01  6.600000e+01
     vertex  1.948560e+02  4.354389e+01  6.600000e+01
   endloop
 endfacet
 facet normal -6.997528e-01  7.143851e-01  1.269128e-14
   outer loop
     vertex  1.957128e+02  4.438313e+01  7.600000e+01
     vertex  1.948560e+02  4.354389e+01  6.600000e+01
     vertex  1.948560e+02  4.354389e+01  7.600000e+01
   endloop
 endfacet
 facet normal -8.503828e-01  5.261646e-01  9.720423e-15
   outer loop
     vertex  1.963438e+02  4.540303e+01  7.600000e+01
     vertex  1.963438e+02  4.540303e+01  6.600000e+01
     vertex  1.957128e+02  4.438313e+01  6.600000e+01
   endloop
 endfacet
 facet normal -8.503828e-01  5.261646e-01  9.349520e-15
   outer loop
     vertex  1.963438e+02  4.540303e+01  7.600000e+01
     vertex  1.957128e+02  4.438313e+01  6.600000e+01
     vertex  1.957128e+02  4.438313e+01  7.600000e+01
   endloop
 endfacet
 facet normal -9.515916e-01  3.073653e-01  5.459904e-15
   outer loop
     vertex  1.967125e+02  4.654431e+01  7.600000e+01
     vertex  1.967125e+02  4.654431e+01  6.600000e+01
     vertex  1.963438e+02  4.540303e+01  6.600000e+01
   endloop
 endfacet
 facet normal -9.974974e-01  7.070302e-02  1.255938e-15
   outer loop
     vertex  1.967125e+02  4.654431e+01  7.600000e+01
     vertex  1.967973e+02  4.774065e+01  6.600000e+01
     vertex  1.967125e+02  4.654431e+01  6.600000e+01
   endloop
 endfacet
 facet normal -9.515916e-01  3.073653e-01  5.674510e-15
   outer loop
     vertex  1.967125e+02  4.654431e+01  7.600000e+01
     vertex  1.963438e+02  4.540303e+01  6.600000e+01
     vertex  1.963438e+02  4.540303e+01  7.600000e+01
   endloop
 endfacet
 facet normal -9.974974e-01  7.070302e-02  1.255938e-15
   outer loop
     vertex  1.967973e+02  4.774065e+01  7.600000e+01
     vertex  1.967973e+02  4.774065e+01  6.600000e+01
     vertex  1.967125e+02  4.654431e+01  7.600000e+01
   endloop
 endfacet
 facet normal -9.854323e-01 -1.700682e-01 -2.900178e-15
   outer loop
     vertex  1.965933e+02  4.892252e+01  7.600000e+01
     vertex  1.965933e+02  4.892252e+01  6.600000e+01
     vertex  1.967973e+02  4.774065e+01  6.600000e+01
   endloop
 endfacet
 facet normal -9.854323e-01 -1.700682e-01 -3.020080e-15
   outer loop
     vertex  1.965933e+02  4.892252e+01  7.600000e+01
     vertex  1.967973e+02  4.774065e+01  6.600000e+01
     vertex  1.967973e+02  4.774065e+01  7.600000e+01
   endloop
 endfacet
 facet normal  9.160974e-01  4.009557e-01  7.614150e-15
   outer loop
     vertex  1.751475e+02  7.567768e+01  6.900000e+01
     vertex  1.744226e+02  7.733403e+01  6.600000e+01
     vertex  1.744226e+02  7.733403e+01  6.900000e+01
   endloop
 endfacet
 facet normal  9.160974e-01  4.009557e-01  7.597232e-15
   outer loop
     vertex  1.751475e+02  7.567768e+01  6.900000e+01
     vertex  1.751475e+02  7.567768e+01  6.600000e+01
     vertex  1.744226e+02  7.733403e+01  6.600000e+01
   endloop
 endfacet
 facet normal  7.935223e-01  6.085412e-01  1.153052e-14
   outer loop
     vertex  1.762478e+02  7.424295e+01  6.900000e+01
     vertex  1.762478e+02  7.424295e+01  6.600000e+01
     vertex  1.751475e+02  7.567768e+01  6.600000e+01
   endloop
 endfacet
 facet normal  7.935223e-01  6.085412e-01  1.154403e-14
   outer loop
     vertex  1.762478e+02  7.424295e+01  6.900000e+01
     vertex  1.751475e+02  7.567768e+01  6.600000e+01
     vertex  1.751475e+02  7.567768e+01  6.900000e+01
   endloop
 endfacet
 facet normal  6.248306e-01  7.807604e-01  1.109527e-14
   outer loop
     vertex  1.776594e+02  7.311323e+01  6.900000e+01
     vertex  1.776594e+02  7.311323e+01  6.600000e+01
     vertex  1.762478e+02  7.424295e+01  6.600000e+01
   endloop
 endfacet
 facet normal  6.248306e-01  7.807604e-01  1.477800e-14
   outer loop
     vertex  1.776594e+02  7.311323e+01  6.900000e+01
     vertex  1.762478e+02  7.424295e+01  6.600000e+01
     vertex  1.762478e+02  7.424295e+01  6.900000e+01
   endloop
 endfacet
 facet normal  4.198259e-01  9.076046e-01  1.719712e-14
   outer loop
     vertex  1.793004e+02  7.235416e+01  6.900000e+01
     vertex  1.793004e+02  7.235416e+01  6.600000e+01
     vertex  1.776594e+02  7.311323e+01  6.600000e+01
   endloop
 endfacet
 facet normal  4.198259e-01  9.076046e-01  1.289493e-14
   outer loop
     vertex  1.793004e+02  7.235416e+01  6.900000e+01
     vertex  1.776594e+02  7.311323e+01  6.600000e+01
     vertex  1.776594e+02  7.311323e+01  6.900000e+01
   endloop
 endfacet
 facet normal  1.904225e-01  9.817022e-01  1.860110e-14
   outer loop
     vertex  1.810754e+02  7.200987e+01  6.900000e+01
     vertex  1.810754e+02  7.200987e+01  6.600000e+01
     vertex  1.793004e+02  7.235416e+01  6.600000e+01
   endloop
 endfacet
 facet normal -5.004751e-02  9.987468e-01  1.892406e-14
   outer loop
     vertex  1.810754e+02  7.200987e+01  6.900000e+01
     vertex  1.828812e+02  7.210035e+01  6.600000e+01
     vertex  1.810754e+02  7.200987e+01  6.600000e+01
   endloop
 endfacet
 facet normal  1.904225e-01  9.817022e-01  1.860554e-14
   outer loop
     vertex  1.810754e+02  7.200987e+01  6.900000e+01
     vertex  1.793004e+02  7.235416e+01  6.600000e+01
     vertex  1.793004e+02  7.235416e+01  6.900000e+01
   endloop
 endfacet
 facet normal -2.876090e-01  9.577479e-01  1.179839e-14
   outer loop
     vertex  1.828812e+02  7.210035e+01  6.900000e+01
     vertex  1.846128e+02  7.262037e+01  6.600000e+01
     vertex  1.828812e+02  7.210035e+01  6.600000e+01
   endloop
 endfacet
 facet normal -5.004751e-02  9.987468e-01  9.936176e-15
   outer loop
     vertex  1.828812e+02  7.210035e+01  6.900000e+01
     vertex  1.828812e+02  7.210035e+01  6.600000e+01
     vertex  1.810754e+02  7.200987e+01  6.900000e+01
   endloop
 endfacet
 facet normal -2.876090e-01  9.577479e-01  1.814722e-14
   outer loop
     vertex  1.846128e+02  7.262037e+01  6.900000e+01
     vertex  1.846128e+02  7.262037e+01  6.600000e+01
     vertex  1.828812e+02  7.210035e+01  6.900000e+01
   endloop
 endfacet
 facet normal -5.084557e-01  8.610882e-01  1.631573e-14
   outer loop
     vertex  1.861697e+02  7.353968e+01  6.900000e+01
     vertex  1.861697e+02  7.353968e+01  6.600000e+01
     vertex  1.846128e+02  7.262037e+01  6.600000e+01
   endloop
 endfacet
 facet normal -5.084557e-01  8.610882e-01  1.633358e-14
   outer loop
     vertex  1.861697e+02  7.353968e+01  6.900000e+01
     vertex  1.846128e+02  7.262037e+01  6.600000e+01
     vertex  1.846128e+02  7.262037e+01  6.900000e+01
   endloop
 endfacet
 facet normal -6.997528e-01  7.143851e-01  2.016542e-14
   outer loop
     vertex  1.874614e+02  7.480487e+01  6.900000e+01
     vertex  1.874614e+02  7.480487e+01  6.600000e+01
     vertex  1.861697e+02  7.353968e+01  6.600000e+01
   endloop
 endfacet
 facet normal -6.997528e-01  7.143851e-01  1.354991e-14
   outer loop
     vertex  1.874614e+02  7.480487e+01  6.900000e+01
     vertex  1.861697e+02  7.353968e+01  6.600000e+01
     vertex  1.861697e+02  7.353968e+01  6.900000e+01
   endloop
 endfacet
 facet normal -8.503828e-01  5.261646e-01  1.553369e-14
   outer loop
     vertex  1.884127e+02  7.634240e+01  6.900000e+01
     vertex  1.884127e+02  7.634240e+01  6.600000e+01
     vertex  1.874614e+02  7.480487e+01  6.600000e+01
   endloop
 endfacet
 facet normal -9.515916e-01  3.073653e-01  1.338321e-14
   outer loop
     vertex  1.884127e+02  7.634240e+01  6.900000e+01
     vertex  1.889684e+02  7.806293e+01  6.600000e+01
     vertex  1.884127e+02  7.634240e+01  6.600000e+01
   endloop
 endfacet
 facet normal -8.503828e-01  5.261646e-01  1.805290e-14
   outer loop
     vertex  1.884127e+02  7.634240e+01  6.900000e+01
     vertex  1.874614e+02  7.480487e+01  6.600000e+01
     vertex  1.874614e+02  7.480487e+01  6.900000e+01
   endloop
 endfacet
 facet normal -9.515916e-01  3.073653e-01  1.192724e-14
   outer loop
     vertex  1.889684e+02  7.806293e+01  6.900000e+01
     vertex  1.889684e+02  7.806293e+01  6.600000e+01
     vertex  1.884127e+02  7.634240e+01  6.900000e+01
   endloop
 endfacet
 facet normal -9.974974e-01  7.070302e-02  1.004750e-15
   outer loop
     vertex  1.890963e+02  7.986645e+01  6.900000e+01
     vertex  1.890963e+02  7.986645e+01  6.600000e+01
     vertex  1.889684e+02  7.806293e+01  6.600000e+01
   endloop
 endfacet
 facet normal -9.974974e-01  7.070302e-02  1.012150e-14
   outer loop
     vertex  1.890963e+02  7.986645e+01  6.900000e+01
     vertex  1.889684e+02  7.806293e+01  6.600000e+01
     vertex  1.889684e+02  7.806293e+01  6.900000e+01
   endloop
 endfacet
 facet normal -9.854323e-01 -1.700682e-01  6.919075e-15
   outer loop
     vertex  1.887888e+02  8.164816e+01  6.900000e+01
     vertex  1.887888e+02  8.164816e+01  6.600000e+01
     vertex  1.890963e+02  7.986645e+01  6.600000e+01
   endloop
 endfacet
 facet normal -9.854323e-01 -1.700682e-01 -2.435709e-15
   outer loop
     vertex  1.887888e+02  8.164816e+01  6.900000e+01
     vertex  1.890963e+02  7.986645e+01  6.600000e+01
     vertex  1.890963e+02  7.986645e+01  6.900000e+01
   endloop
 endfacet
 facet normal  9.160974e-01  4.009557e-01  8.134094e-15
   outer loop
     vertex  1.721337e+02  7.389808e+01  7.600000e+01
     vertex  1.710705e+02  7.632740e+01  6.900000e+01
     vertex  1.710705e+02  7.632740e+01  7.600000e+01
   endloop
 endfacet
 facet normal  9.160974e-01  4.009557e-01  6.511913e-15
   outer loop
     vertex  1.721337e+02  7.389808e+01  7.600000e+01
     vertex  1.721337e+02  7.389808e+01  6.900000e+01
     vertex  1.710705e+02  7.632740e+01  6.900000e+01
   endloop
 endfacet
 facet normal  7.935223e-01  6.085412e-01  1.111872e-14
   outer loop
     vertex  1.737474e+02  7.179382e+01  7.600000e+01
     vertex  1.737474e+02  7.179382e+01  6.900000e+01
     vertex  1.721337e+02  7.389808e+01  6.900000e+01
   endloop
 endfacet
 facet normal  6.248306e-01  7.807604e-01  1.426535e-14
   outer loop
     vertex  1.737474e+02  7.179382e+01  7.600000e+01
     vertex  1.758179e+02  7.013689e+01  6.900000e+01
     vertex  1.737474e+02  7.179382e+01  6.900000e+01
   endloop
 endfacet
 facet normal  7.935223e-01  6.085412e-01  9.880532e-15
   outer loop
     vertex  1.737474e+02  7.179382e+01  7.600000e+01
     vertex  1.721337e+02  7.389808e+01  6.900000e+01
     vertex  1.721337e+02  7.389808e+01  7.600000e+01
   endloop
 endfacet
 facet normal  6.248306e-01  7.807604e-01  1.838735e-14
   outer loop
     vertex  1.758179e+02  7.013689e+01  7.600000e+01
     vertex  1.758179e+02  7.013689e+01  6.900000e+01
     vertex  1.737474e+02  7.179382e+01  7.600000e+01
   endloop
 endfacet
 facet normal  4.198259e-01  9.076046e-01  1.999213e-14
   outer loop
     vertex  1.782247e+02  6.902359e+01  7.600000e+01
     vertex  1.782247e+02  6.902359e+01  6.900000e+01
     vertex  1.758179e+02  7.013689e+01  6.900000e+01
   endloop
 endfacet
 facet normal  1.904225e-01  9.817022e-01  1.948310e-14
   outer loop
     vertex  1.782247e+02  6.902359e+01  7.600000e+01
     vertex  1.808279e+02  6.851862e+01  6.900000e+01
     vertex  1.782247e+02  6.902359e+01  6.900000e+01
   endloop
 endfacet
 facet normal  4.198259e-01  9.076046e-01  2.011992e-14
   outer loop
     vertex  1.782247e+02  6.902359e+01  7.600000e+01
     vertex  1.758179e+02  7.013689e+01  6.900000e+01
     vertex  1.758179e+02  7.013689e+01  7.600000e+01
   endloop
 endfacet
 facet normal  1.904225e-01  9.817022e-01  1.870994e-14
   outer loop
     vertex  1.808279e+02  6.851862e+01  7.600000e+01
     vertex  1.808279e+02  6.851862e+01  6.900000e+01
     vertex  1.782247e+02  6.902359e+01  7.600000e+01
   endloop
 endfacet
 facet normal -5.004751e-02  9.987468e-01  1.824820e-14
   outer loop
     vertex  1.834764e+02  6.865134e+01  7.600000e+01
     vertex  1.834764e+02  6.865134e+01  6.900000e+01
     vertex  1.808279e+02  6.851862e+01  6.900000e+01
   endloop
 endfacet
 facet normal -5.004751e-02  9.987468e-01  1.804453e-14
   outer loop
     vertex  1.834764e+02  6.865134e+01  7.600000e+01
     vertex  1.808279e+02  6.851862e+01  6.900000e+01
     vertex  1.808279e+02  6.851862e+01  7.600000e+01
   endloop
 endfacet
 facet normal -2.876090e-01  9.577479e-01  1.361042e-14
   outer loop
     vertex  1.860162e+02  6.941402e+01  7.600000e+01
     vertex  1.860162e+02  6.941402e+01  6.900000e+01
     vertex  1.834764e+02  6.865134e+01  6.900000e+01
   endloop
 endfacet
 facet normal -2.876090e-01  9.577479e-01  1.750026e-14
   outer loop
     vertex  1.860162e+02  6.941402e+01  7.600000e+01
     vertex  1.834764e+02  6.865134e+01  6.900000e+01
     vertex  1.834764e+02  6.865134e+01  7.600000e+01
   endloop
 endfacet
 facet normal -5.084557e-01  8.610882e-01  1.366857e-14
   outer loop
     vertex  1.882996e+02  7.076235e+01  7.600000e+01
     vertex  1.882996e+02  7.076235e+01  6.900000e+01
     vertex  1.860162e+02  6.941402e+01  6.900000e+01
   endloop
 endfacet
 facet normal -6.997528e-01  7.143851e-01  1.021143e-14
   outer loop
     vertex  1.882996e+02  7.076235e+01  7.600000e+01
     vertex  1.901940e+02  7.261796e+01  6.900000e+01
     vertex  1.882996e+02  7.076235e+01  6.900000e+01
   endloop
 endfacet
 facet normal -5.084557e-01  8.610882e-01  1.222506e-14
   outer loop
     vertex  1.882996e+02  7.076235e+01  7.600000e+01
     vertex  1.860162e+02  6.941402e+01  6.900000e+01
     vertex  1.860162e+02  6.941402e+01  7.600000e+01
   endloop
 endfacet
 facet normal -6.997528e-01  7.143851e-01  1.305260e-14
   outer loop
     vertex  1.901940e+02  7.261796e+01  7.600000e+01
     vertex  1.901940e+02  7.261796e+01  6.900000e+01
     vertex  1.882996e+02  7.076235e+01  7.600000e+01
   endloop
 endfacet
 facet normal -8.503828e-01  5.261646e-01  9.613605e-15
   outer loop
     vertex  1.915893e+02  7.487301e+01  7.600000e+01
     vertex  1.915893e+02  7.487301e+01  6.900000e+01
     vertex  1.901940e+02  7.261796e+01  6.900000e+01
   endloop
 endfacet
 facet normal -9.515916e-01  3.073653e-01  5.615901e-15
   outer loop
     vertex  1.915893e+02  7.487301e+01  7.600000e+01
     vertex  1.924044e+02  7.739645e+01  6.900000e+01
     vertex  1.915893e+02  7.487301e+01  6.900000e+01
   endloop
 endfacet
 facet normal -8.503828e-01  5.261646e-01  9.617370e-15
   outer loop
     vertex  1.915893e+02  7.487301e+01  7.600000e+01
     vertex  1.901940e+02  7.261796e+01  6.900000e+01
     vertex  1.901940e+02  7.261796e+01  7.600000e+01
   endloop
 endfacet
 facet normal -9.515916e-01  3.073653e-01  5.615901e-15
   outer loop
     vertex  1.924044e+02  7.739645e+01  7.600000e+01
     vertex  1.924044e+02  7.739645e+01  6.900000e+01
     vertex  1.915893e+02  7.487301e+01  7.600000e+01
   endloop
 endfacet
 facet normal -9.974974e-01  7.070302e-02  1.291822e-15
   outer loop
     vertex  1.925919e+02  8.004162e+01  7.600000e+01
     vertex  1.925919e+02  8.004162e+01  6.900000e+01
     vertex  1.924044e+02  7.739645e+01  6.900000e+01
   endloop
 endfacet
 facet normal -9.974974e-01  7.070302e-02  1.291886e-15
   outer loop
     vertex  1.925919e+02  8.004162e+01  7.600000e+01
     vertex  1.924044e+02  7.739645e+01  6.900000e+01
     vertex  1.924044e+02  7.739645e+01  7.600000e+01
   endloop
 endfacet
 facet normal -9.854323e-01 -1.700682e-01 -2.762074e-15
   outer loop
     vertex  1.921409e+02  8.265480e+01  7.600000e+01
     vertex  1.921409e+02  8.265480e+01  6.900000e+01
     vertex  1.925919e+02  8.004162e+01  6.900000e+01
   endloop
 endfacet
 facet normal -9.854323e-01 -1.700682e-01 -3.110095e-15
   outer loop
     vertex  1.921409e+02  8.265480e+01  7.600000e+01
     vertex  1.925919e+02  8.004162e+01  6.900000e+01
     vertex  1.925919e+02  8.004162e+01  7.600000e+01
   endloop
 endfacet
 facet normal -9.974974e-01  7.070302e-02  2.623229e-15
   outer loop
     vertex  9.007519e+01  6.699715e+01  6.600000e+01
     vertex  9.007519e+01  6.699715e+01  7.600000e+01
     vertex  9.109787e+01  8.142535e+01  7.600000e+01
   endloop
 endfacet
 facet normal -9.854323e-01 -1.700682e-01 -1.499795e-15
   outer loop
     vertex  9.007519e+01  6.699715e+01  6.600000e+01
     vertex  9.253513e+01  5.274346e+01  7.600000e+01
     vertex  9.007519e+01  6.699715e+01  7.600000e+01
   endloop
 endfacet
 facet normal -9.854323e-01 -1.700682e-01 -1.473706e-15
   outer loop
     vertex  9.007519e+01  6.699715e+01  6.600000e+01
     vertex  9.253513e+01  5.274346e+01  6.600000e+01
     vertex  9.253513e+01  5.274346e+01  7.600000e+01
   endloop
 endfacet
 facet normal -9.974974e-01  7.070302e-02  1.306175e-15
   outer loop
     vertex  9.109787e+01  8.142535e+01  6.600000e+01
     vertex  9.007519e+01  6.699715e+01  6.600000e+01
     vertex  9.109787e+01  8.142535e+01  7.600000e+01
   endloop
 endfacet
 facet normal -8.503828e-01  5.261646e-01  8.972698e-15
   outer loop
     vertex  9.554372e+01  9.518956e+01  6.600000e+01
     vertex  9.554372e+01  9.518956e+01  7.600000e+01
     vertex  1.031544e+02  1.074898e+02  7.600000e+01
   endloop
 endfacet
 facet normal -9.515916e-01  3.073653e-01  5.241508e-15
   outer loop
     vertex  9.554372e+01  9.518956e+01  6.600000e+01
     vertex  9.109787e+01  8.142535e+01  7.600000e+01
     vertex  9.554372e+01  9.518956e+01  7.600000e+01
   endloop
 endfacet
 facet normal -9.515916e-01  3.073653e-01  5.649208e-15
   outer loop
     vertex  9.554372e+01  9.518956e+01  6.600000e+01
     vertex  9.109787e+01  8.142535e+01  6.600000e+01
     vertex  9.109787e+01  8.142535e+01  7.600000e+01
   endloop
 endfacet
 facet normal -8.503828e-01  5.261646e-01  1.018116e-14
   outer loop
     vertex  1.031544e+02  1.074898e+02  6.600000e+01
     vertex  9.554372e+01  9.518956e+01  6.600000e+01
     vertex  1.031544e+02  1.074898e+02  7.600000e+01
   endloop
 endfacet
 facet normal -6.997528e-01  7.143851e-01  1.315604e-14
   outer loop
     vertex  1.134875e+02  1.176113e+02  6.600000e+01
     vertex  1.031544e+02  1.074898e+02  7.600000e+01
     vertex  1.134875e+02  1.176113e+02  7.600000e+01
   endloop
 endfacet
 facet normal -6.997528e-01  7.143851e-01  1.316511e-14
   outer loop
     vertex  1.134875e+02  1.176113e+02  6.600000e+01
     vertex  1.031544e+02  1.074898e+02  6.600000e+01
     vertex  1.031544e+02  1.074898e+02  7.600000e+01
   endloop
 endfacet
 facet normal -5.084557e-01  8.610882e-01  1.612928e-14
   outer loop
     vertex  1.259427e+02  1.249658e+02  6.600000e+01
     vertex  1.134875e+02  1.176113e+02  7.600000e+01
     vertex  1.259427e+02  1.249658e+02  7.600000e+01
   endloop
 endfacet
 facet normal -5.084557e-01  8.610882e-01  1.483531e-14
   outer loop
     vertex  1.259427e+02  1.249658e+02  6.600000e+01
     vertex  1.134875e+02  1.176113e+02  6.600000e+01
     vertex  1.134875e+02  1.176113e+02  7.600000e+01
   endloop
 endfacet
 facet normal -2.876090e-01  9.577479e-01  1.551507e-14
   outer loop
     vertex  1.397959e+02  1.291259e+02  6.600000e+01
     vertex  1.259427e+02  1.249658e+02  7.600000e+01
     vertex  1.397959e+02  1.291259e+02  7.600000e+01
   endloop
 endfacet
 facet normal -2.876090e-01  9.577479e-01  1.714412e-14
   outer loop
     vertex  1.397959e+02  1.291259e+02  6.600000e+01
     vertex  1.259427e+02  1.249658e+02  6.600000e+01
     vertex  1.259427e+02  1.249658e+02  7.600000e+01
   endloop
 endfacet
 facet normal -5.004751e-02  9.987468e-01  1.717390e-14
   outer loop
     vertex  1.542422e+02  1.298498e+02  6.600000e+01
     vertex  1.397959e+02  1.291259e+02  7.600000e+01
     vertex  1.542422e+02  1.298498e+02  7.600000e+01
   endloop
 endfacet
 facet normal -5.004751e-02  9.987468e-01  1.688622e-14
   outer loop
     vertex  1.542422e+02  1.298498e+02  6.600000e+01
     vertex  1.397959e+02  1.291259e+02  6.600000e+01
     vertex  1.397959e+02  1.291259e+02  7.600000e+01
   endloop
 endfacet
 facet normal  4.198259e-01  9.076046e-01  1.547741e-14
   outer loop
     vertex  1.684419e+02  1.270955e+02  6.600000e+01
     vertex  1.684419e+02  1.270955e+02  7.600000e+01
     vertex  1.815699e+02  1.210230e+02  7.600000e+01
   endloop
 endfacet
 facet normal  1.904225e-01  9.817022e-01  1.674099e-14
   outer loop
     vertex  1.684419e+02  1.270955e+02  6.600000e+01
     vertex  1.542422e+02  1.298498e+02  7.600000e+01
     vertex  1.684419e+02  1.270955e+02  7.600000e+01
   endloop
 endfacet
 facet normal  1.904225e-01  9.817022e-01  1.621077e-14
   outer loop
     vertex  1.684419e+02  1.270955e+02  6.600000e+01
     vertex  1.542422e+02  1.298498e+02  6.600000e+01
     vertex  1.542422e+02  1.298498e+02  7.600000e+01
   endloop
 endfacet
 facet normal  6.248306e-01  7.807604e-01  1.442385e-14
   outer loop
     vertex  1.815699e+02  1.210230e+02  6.600000e+01
     vertex  1.815699e+02  1.210230e+02  7.600000e+01
     vertex  1.928631e+02  1.119852e+02  7.600000e+01
   endloop
 endfacet
 facet normal  4.198259e-01  9.076046e-01  1.676719e-14
   outer loop
     vertex  1.815699e+02  1.210230e+02  6.600000e+01
     vertex  1.684419e+02  1.270955e+02  6.600000e+01
     vertex  1.815699e+02  1.210230e+02  7.600000e+01
   endloop
 endfacet
 facet normal  6.248306e-01  7.807604e-01  1.220480e-14
   outer loop
     vertex  1.928631e+02  1.119852e+02  6.600000e+01
     vertex  1.815699e+02  1.210230e+02  6.600000e+01
     vertex  1.928631e+02  1.119852e+02  7.600000e+01
   endloop
 endfacet
 facet normal  9.160974e-01  4.009557e-01  7.977093e-15
   outer loop
     vertex  2.016653e+02  1.005073e+02  6.600000e+01
     vertex  2.016653e+02  1.005073e+02  7.600000e+01
     vertex  2.074649e+02  8.725654e+01  7.600000e+01
   endloop
 endfacet
 facet normal  7.935223e-01  6.085412e-01  1.210705e-14
   outer loop
     vertex  2.016653e+02  1.005073e+02  6.600000e+01
     vertex  1.928631e+02  1.119852e+02  7.600000e+01
     vertex  2.016653e+02  1.005073e+02  7.600000e+01
   endloop
 endfacet
 facet normal  7.935223e-01  6.085412e-01  9.431721e-15
   outer loop
     vertex  2.016653e+02  1.005073e+02  6.600000e+01
     vertex  1.928631e+02  1.119852e+02  6.600000e+01
     vertex  1.928631e+02  1.119852e+02  7.600000e+01
   endloop
 endfacet
 facet normal  9.160974e-01  4.009557e-01  6.837509e-15
   outer loop
     vertex  2.074649e+02  8.725654e+01  6.600000e+01
     vertex  2.016653e+02  1.005073e+02  6.600000e+01
     vertex  2.074649e+02  8.725654e+01  7.600000e+01
   endloop
 endfacet
 facet normal  9.854323e-01  1.700682e-01  2.898289e-15
   outer loop
     vertex  2.099248e+02  7.300285e+01  6.600000e+01
     vertex  2.074649e+02  8.725654e+01  6.600000e+01
     vertex  2.074649e+02  8.725654e+01  7.600000e+01
   endloop
 endfacet
 facet normal  9.854323e-01  1.700682e-01  3.141860e-15
   outer loop
     vertex  2.099248e+02  7.300285e+01  6.600000e+01
     vertex  2.074649e+02  8.725654e+01  7.600000e+01
     vertex  2.099248e+02  7.300285e+01  7.600000e+01
   endloop
 endfacet
 facet normal  9.974974e-01 -7.070302e-02 -3.990521e-15
   outer loop
     vertex  2.089021e+02  5.857465e+01  6.600000e+01
     vertex  2.099248e+02  7.300285e+01  7.600000e+01
     vertex  2.089021e+02  5.857465e+01  7.600000e+01
   endloop
 endfacet
 facet normal  9.974974e-01 -7.070302e-02 -1.314055e-15
   outer loop
     vertex  2.089021e+02  5.857465e+01  6.600000e+01
     vertex  2.099248e+02  7.300285e+01  6.600000e+01
     vertex  2.099248e+02  7.300285e+01  7.600000e+01
   endloop
 endfacet
 facet normal  8.503828e-01 -5.261646e-01 -8.972698e-15
   outer loop
     vertex  2.044563e+02  4.481044e+01  6.600000e+01
     vertex  2.044563e+02  4.481044e+01  7.600000e+01
     vertex  1.968456e+02  3.251017e+01  7.600000e+01
   endloop
 endfacet
 facet normal  9.515916e-01 -3.073653e-01 -5.241508e-15
   outer loop
     vertex  2.044563e+02  4.481044e+01  6.600000e+01
     vertex  2.089021e+02  5.857465e+01  7.600000e+01
     vertex  2.044563e+02  4.481044e+01  7.600000e+01
   endloop
 endfacet
 facet normal  9.515916e-01 -3.073653e-01 -7.761521e-15
   outer loop
     vertex  2.044563e+02  4.481044e+01  6.600000e+01
     vertex  2.089021e+02  5.857465e+01  6.600000e+01
     vertex  2.089021e+02  5.857465e+01  7.600000e+01
   endloop
 endfacet
 facet normal  8.503828e-01 -5.261646e-01 -9.346560e-15
   outer loop
     vertex  1.968456e+02  3.251017e+01  6.600000e+01
     vertex  2.044563e+02  4.481044e+01  6.600000e+01
     vertex  1.968456e+02  3.251017e+01  7.600000e+01
   endloop
 endfacet
 facet normal  6.997528e-01 -7.143851e-01 -1.269003e-14
   outer loop
     vertex  1.865125e+02  2.238866e+01  6.600000e+01
     vertex  1.968456e+02  3.251017e+01  7.600000e+01
     vertex  1.865125e+02  2.238866e+01  7.600000e+01
   endloop
 endfacet
 facet normal  6.997528e-01 -7.143851e-01 -1.267388e-14
   outer loop
     vertex  1.865125e+02  2.238866e+01  6.600000e+01
     vertex  1.968456e+02  3.251017e+01  6.600000e+01
     vertex  1.968456e+02  3.251017e+01  7.600000e+01
   endloop
 endfacet
 facet normal  2.876090e-01 -9.577479e-01 -1.701302e-14
   outer loop
     vertex  1.740573e+02  1.503415e+01  6.600000e+01
     vertex  1.740573e+02  1.503415e+01  7.600000e+01
     vertex  1.602041e+02  1.087406e+01  7.600000e+01
   endloop
 endfacet
 facet normal  5.084557e-01 -8.610882e-01 -1.529600e-14
   outer loop
     vertex  1.740573e+02  1.503415e+01  6.600000e+01
     vertex  1.865125e+02  2.238866e+01  7.600000e+01
     vertex  1.740573e+02  1.503415e+01  7.600000e+01
   endloop
 endfacet
 facet normal  5.084557e-01 -8.610882e-01 -1.532655e-14
   outer loop
     vertex  1.740573e+02  1.503415e+01  6.600000e+01
     vertex  1.865125e+02  2.238866e+01  6.600000e+01
     vertex  1.865125e+02  2.238866e+01  7.600000e+01
   endloop
 endfacet
 facet normal  2.876090e-01 -9.577479e-01 -1.551507e-14
   outer loop
     vertex  1.602041e+02  1.087406e+01  6.600000e+01
     vertex  1.740573e+02  1.503415e+01  6.600000e+01
     vertex  1.602041e+02  1.087406e+01  7.600000e+01
   endloop
 endfacet
 facet normal  5.004751e-02 -9.987468e-01 -1.717390e-14
   outer loop
     vertex  1.457578e+02  1.015016e+01  6.600000e+01
     vertex  1.602041e+02  1.087406e+01  7.600000e+01
     vertex  1.457578e+02  1.015016e+01  7.600000e+01
   endloop
 endfacet
 facet normal  5.004751e-02 -9.987468e-01 -1.688622e-14
   outer loop
     vertex  1.457578e+02  1.015016e+01  6.600000e+01
     vertex  1.602041e+02  1.087406e+01  6.600000e+01
     vertex  1.602041e+02  1.087406e+01  7.600000e+01
   endloop
 endfacet
 facet normal -1.904225e-01 -9.817022e-01 -1.813608e-14
   outer loop
     vertex  1.315581e+02  1.290450e+01  6.600000e+01
     vertex  1.457578e+02  1.015016e+01  7.600000e+01
     vertex  1.315581e+02  1.290450e+01  7.600000e+01
   endloop
 endfacet
 facet normal -1.904225e-01 -9.817022e-01 -1.621077e-14
   outer loop
     vertex  1.315581e+02  1.290450e+01  6.600000e+01
     vertex  1.457578e+02  1.015016e+01  6.600000e+01
     vertex  1.457578e+02  1.015016e+01  7.600000e+01
   endloop
 endfacet
 facet normal -4.198259e-01 -9.076046e-01 -1.547741e-14
   outer loop
     vertex  1.184301e+02  1.897703e+01  6.600000e+01
     vertex  1.315581e+02  1.290450e+01  7.600000e+01
     vertex  1.184301e+02  1.897703e+01  7.600000e+01
   endloop
 endfacet
 facet normal -4.198259e-01 -9.076046e-01 -1.680025e-14
   outer loop
     vertex  1.184301e+02  1.897703e+01  6.600000e+01
     vertex  1.315581e+02  1.290450e+01  6.600000e+01
     vertex  1.315581e+02  1.290450e+01  7.600000e+01
   endloop
 endfacet
 facet normal -7.935223e-01 -6.085412e-01 -1.080986e-14
   outer loop
     vertex  1.071369e+02  2.801483e+01  6.600000e+01
     vertex  1.071369e+02  2.801483e+01  7.600000e+01
     vertex  9.833471e+01  3.949266e+01  7.600000e+01
   endloop
 endfacet
 facet normal -6.248306e-01 -7.807604e-01 -1.386909e-14
   outer loop
     vertex  1.071369e+02  2.801483e+01  6.600000e+01
     vertex  1.184301e+02  1.897703e+01  7.600000e+01
     vertex  1.071369e+02  2.801483e+01  7.600000e+01
   endloop
 endfacet
 facet normal -6.248306e-01 -7.807604e-01 -1.336161e-14
   outer loop
     vertex  1.071369e+02  2.801483e+01  6.600000e+01
     vertex  1.184301e+02  1.897703e+01  6.600000e+01
     vertex  1.184301e+02  1.897703e+01  7.600000e+01
   endloop
 endfacet
 facet normal -9.160974e-01 -4.009557e-01 -6.837509e-15
   outer loop
     vertex  9.833471e+01  3.949266e+01  6.600000e+01
     vertex  9.833471e+01  3.949266e+01  7.600000e+01
     vertex  9.253513e+01  5.274346e+01  7.600000e+01
   endloop
 endfacet
 facet normal -7.935223e-01 -6.085412e-01 -1.037747e-14
   outer loop
     vertex  9.833471e+01  3.949266e+01  6.600000e+01
     vertex  1.071369e+02  2.801483e+01  6.600000e+01
     vertex  9.833471e+01  3.949266e+01  7.600000e+01
   endloop
 endfacet
 facet normal -9.160974e-01 -4.009557e-01 -5.535656e-15
   outer loop
     vertex  9.253513e+01  5.274346e+01  6.600000e+01
     vertex  9.833471e+01  3.949266e+01  6.600000e+01
     vertex  9.253513e+01  5.274346e+01  7.600000e+01
   endloop
 endfacet
 facet normal  9.694565e-15 -3.548842e-14  1.000000e+00
   outer loop
     vertex  1.259625e+02  2.343732e+01  7.600000e+01
     vertex  1.248740e+02  2.394083e+01  7.600000e+01
     vertex  1.184301e+02  1.897703e+01  7.600000e+01
   endloop
 endfacet
 facet normal -7.103318e-16 -1.791694e-14  1.000000e+00
   outer loop
     vertex  1.259625e+02  2.343732e+01  7.600000e+01
     vertex  1.184301e+02  1.897703e+01  7.600000e+01
     vertex  1.315581e+02  1.290450e+01  7.600000e+01
   endloop
 endfacet
 facet normal -8.989657e-15 -1.123307e-14  1.000000e+00
   outer loop
     vertex  1.239376e+02  2.469022e+01  7.600000e+01
     vertex  1.184301e+02  1.897703e+01  7.600000e+01
     vertex  1.248740e+02  2.394083e+01  7.600000e+01
   endloop
 endfacet
 facet normal -1.724944e-14 -2.670336e-14  1.000000e+00
   outer loop
     vertex  1.271399e+02  2.320894e+01  7.600000e+01
     vertex  1.259625e+02  2.343732e+01  7.600000e+01
     vertex  1.315581e+02  1.290450e+01  7.600000e+01
   endloop
 endfacet
 facet normal  5.757194e-15 -2.544894e-14  1.000000e+00
   outer loop
     vertex  1.232077e+02  2.564192e+01  7.600000e+01
     vertex  1.184301e+02  1.897703e+01  7.600000e+01
     vertex  1.239376e+02  2.469022e+01  7.600000e+01
   endloop
 endfacet
 facet normal  1.256138e-14 -1.392155e-14  1.000000e+00
   outer loop
     vertex  1.283377e+02  2.326896e+01  7.600000e+01
     vertex  1.271399e+02  2.320894e+01  7.600000e+01
     vertex  1.315581e+02  1.290450e+01  7.600000e+01
   endloop
 endfacet
 facet normal -1.846838e-14 -8.083205e-15  1.000000e+00
   outer loop
     vertex  1.227269e+02  2.674063e+01  7.600000e+01
     vertex  1.184301e+02  1.897703e+01  7.600000e+01
     vertex  1.232077e+02  2.564192e+01  7.600000e+01
   endloop
 endfacet
 facet normal  4.895836e-15 -1.630330e-14  1.000000e+00
   outer loop
     vertex  1.294864e+02  2.361390e+01  7.600000e+01
     vertex  1.283377e+02  2.326896e+01  7.600000e+01
     vertex  1.315581e+02  1.290450e+01  7.600000e+01
   endloop
 endfacet
 facet normal  1.558114e-14 -3.480903e-14  1.000000e+00
   outer loop
     vertex  1.391900e+02  1.958669e+01  7.600000e+01
     vertex  1.387414e+02  1.979416e+01  7.600000e+01
     vertex  1.315581e+02  1.290450e+01  7.600000e+01
   endloop
 endfacet
 facet normal -5.569920e-15 -1.204138e-14  1.000000e+00
   outer loop
     vertex  1.145332e+02  3.285476e+01  7.600000e+01
     vertex  1.140846e+02  3.306224e+01  7.600000e+01
     vertex  1.071369e+02  2.801483e+01  7.600000e+01
   endloop
 endfacet
 facet normal -8.098709e-15 -1.011979e-14  1.000000e+00
   outer loop
     vertex  1.383556e+02  2.010296e+01  7.600000e+01
     vertex  1.315581e+02  1.290450e+01  7.600000e+01
     vertex  1.387414e+02  1.979416e+01  7.600000e+01
   endloop
 endfacet
 facet normal -7.504940e-15 -9.377838e-15  1.000000e+00
   outer loop
     vertex  1.136988e+02  3.337103e+01  7.600000e+01
     vertex  1.071369e+02  2.801483e+01  7.600000e+01
     vertex  1.140846e+02  3.306224e+01  7.600000e+01
   endloop
 endfacet
 facet normal -2.783857e-16 -1.691346e-14  1.000000e+00
   outer loop
     vertex  1.396751e+02  1.949258e+01  7.600000e+01
     vertex  1.315581e+02  1.290450e+01  7.600000e+01
     vertex  1.457578e+02  1.015016e+01  7.600000e+01
   endloop
 endfacet
 facet normal -2.701611e-15 -1.392785e-14  1.000000e+00
   outer loop
     vertex  1.396751e+02  1.949258e+01  7.600000e+01
     vertex  1.391900e+02  1.958669e+01  7.600000e+01
     vertex  1.315581e+02  1.290450e+01  7.600000e+01
   endloop
 endfacet
 facet normal -2.302859e-16 -1.758393e-14  1.000000e+00
   outer loop
     vertex  1.150183e+02  3.276065e+01  7.600000e+01
     vertex  1.071369e+02  2.801483e+01  7.600000e+01
     vertex  1.184301e+02  1.897703e+01  7.600000e+01
   endloop
 endfacet
 facet normal  1.951868e-14 -5.038121e-14  1.000000e+00
   outer loop
     vertex  1.150183e+02  3.276065e+01  7.600000e+01
     vertex  1.145332e+02  3.285476e+01  7.600000e+01
     vertex  1.071369e+02  2.801483e+01  7.600000e+01
   endloop
 endfacet
 facet normal -1.038309e-14 -7.962647e-15  1.000000e+00
   outer loop
     vertex  1.380548e+02  2.049511e+01  7.600000e+01
     vertex  1.315581e+02  1.290450e+01  7.600000e+01
     vertex  1.383556e+02  2.010296e+01  7.600000e+01
   endloop
 endfacet
 facet normal  2.705984e-14 -5.172314e-14  1.000000e+00
   outer loop
     vertex  1.133980e+02  3.376319e+01  7.600000e+01
     vertex  1.071369e+02  2.801483e+01  7.600000e+01
     vertex  1.136988e+02  3.337103e+01  7.600000e+01
   endloop
 endfacet
 facet normal  8.119651e-16 -1.620355e-14  1.000000e+00
   outer loop
     vertex  1.401687e+02  1.951731e+01  7.600000e+01
     vertex  1.396751e+02  1.949258e+01  7.600000e+01
     vertex  1.457578e+02  1.015016e+01  7.600000e+01
   endloop
 endfacet
 facet normal  8.675195e-16 -1.731220e-14  1.000000e+00
   outer loop
     vertex  1.155119e+02  3.278539e+01  7.600000e+01
     vertex  1.150183e+02  3.276065e+01  7.600000e+01
     vertex  1.184301e+02  1.897703e+01  7.600000e+01
   endloop
 endfacet
 facet normal  4.341311e-15 -1.127483e-14  1.000000e+00
   outer loop
     vertex  1.155119e+02  3.278539e+01  7.600000e+01
     vertex  1.227269e+02  2.674063e+01  7.600000e+01
     vertex  1.225229e+02  2.792250e+01  7.600000e+01
   endloop
 endfacet
 facet normal -1.057731e-15 -1.771908e-14  1.000000e+00
   outer loop
     vertex  1.155119e+02  3.278539e+01  7.600000e+01
     vertex  1.184301e+02  1.897703e+01  7.600000e+01
     vertex  1.227269e+02  2.674063e+01  7.600000e+01
   endloop
 endfacet
 facet normal -4.274994e-16 -1.733307e-14  1.000000e+00
   outer loop
     vertex  1.378567e+02  2.094785e+01  7.600000e+01
     vertex  1.294864e+02  2.361390e+01  7.600000e+01
     vertex  1.315581e+02  1.290450e+01  7.600000e+01
   endloop
 endfacet
 facet normal  1.123973e-14 -2.646947e-14  1.000000e+00
   outer loop
     vertex  1.378567e+02  2.094785e+01  7.600000e+01
     vertex  1.315581e+02  1.290450e+01  7.600000e+01
     vertex  1.380548e+02  2.049511e+01  7.600000e+01
   endloop
 endfacet
 facet normal -1.513061e-15 -2.074127e-14  1.000000e+00
   outer loop
     vertex  1.378567e+02  2.094785e+01  7.600000e+01
     vertex  1.305192e+02  2.422371e+01  7.600000e+01
     vertex  1.294864e+02  2.361390e+01  7.600000e+01
   endloop
 endfacet
 facet normal -3.512930e-14  1.601353e-14  1.000000e+00
   outer loop
     vertex  1.131999e+02  3.421592e+01  7.600000e+01
     vertex  1.071369e+02  2.801483e+01  7.600000e+01
     vertex  1.133980e+02  3.376319e+01  7.600000e+01
   endloop
 endfacet
 facet normal -2.121175e-14 -2.934448e-14  1.000000e+00
   outer loop
     vertex  1.406420e+02  1.965945e+01  7.600000e+01
     vertex  1.401687e+02  1.951731e+01  7.600000e+01
     vertex  1.457578e+02  1.015016e+01  7.600000e+01
   endloop
 endfacet
 facet normal -1.727797e-14 -4.244412e-14  1.000000e+00
   outer loop
     vertex  1.159852e+02  3.292752e+01  7.600000e+01
     vertex  1.155119e+02  3.278539e+01  7.600000e+01
     vertex  1.225229e+02  2.792250e+01  7.600000e+01
   endloop
 endfacet
 facet normal -2.818973e-15 -2.355744e-14  1.000000e+00
   outer loop
     vertex  1.159852e+02  3.292752e+01  7.600000e+01
     vertex  1.225229e+02  2.792250e+01  7.600000e+01
     vertex  1.226077e+02  2.911884e+01  7.600000e+01
   endloop
 endfacet
 facet normal -1.983678e-14 -6.178416e-14  1.000000e+00
   outer loop
     vertex  1.377726e+02  2.143485e+01  7.600000e+01
     vertex  1.305192e+02  2.422371e+01  7.600000e+01
     vertex  1.378567e+02  2.094785e+01  7.600000e+01
   endloop
 endfacet
 facet normal  9.429605e-15 -2.755296e-14  1.000000e+00
   outer loop
     vertex  1.131158e+02  3.470292e+01  7.600000e+01
     vertex  1.071369e+02  2.801483e+01  7.600000e+01
     vertex  1.131999e+02  3.421592e+01  7.600000e+01
   endloop
 endfacet
 facet normal -1.861463e-15 -1.503259e-14  1.000000e+00
   outer loop
     vertex  1.313759e+02  2.506295e+01  7.600000e+01
     vertex  1.305192e+02  2.422371e+01  7.600000e+01
     vertex  1.377726e+02  2.143485e+01  7.600000e+01
   endloop
 endfacet
 facet normal  8.036250e-15 -1.360968e-14  1.000000e+00
   outer loop
     vertex  1.410676e+02  1.991073e+01  7.600000e+01
     vertex  1.406420e+02  1.965945e+01  7.600000e+01
     vertex  1.457578e+02  1.015016e+01  7.600000e+01
   endloop
 endfacet
 facet normal  5.435349e-15 -9.204962e-15  1.000000e+00
   outer loop
     vertex  1.164108e+02  3.317880e+01  7.600000e+01
     vertex  1.159852e+02  3.292752e+01  7.600000e+01
     vertex  1.226077e+02  2.911884e+01  7.600000e+01
   endloop
 endfacet
 facet normal  2.212572e-14  2.725911e-14  1.000000e+00
   outer loop
     vertex  1.378076e+02  2.192781e+01  7.600000e+01
     vertex  1.313759e+02  2.506295e+01  7.600000e+01
     vertex  1.377726e+02  2.143485e+01  7.600000e+01
   endloop
 endfacet
 facet normal  4.745058e-16 -1.820782e-14  1.000000e+00
   outer loop
     vertex  1.131508e+02  3.519589e+01  7.600000e+01
     vertex  9.833471e+01  3.949266e+01  7.600000e+01
     vertex  1.071369e+02  2.801483e+01  7.600000e+01
   endloop
 endfacet
 facet normal -2.323353e-14  1.646802e-15  1.000000e+00
   outer loop
     vertex  1.131508e+02  3.519589e+01  7.600000e+01
     vertex  1.071369e+02  2.801483e+01  7.600000e+01
     vertex  1.131158e+02  3.470292e+01  7.600000e+01
   endloop
 endfacet
 facet normal  1.163638e-14 -1.187971e-14  1.000000e+00
   outer loop
     vertex  1.414206e+02  2.025655e+01  7.600000e+01
     vertex  1.410676e+02  1.991073e+01  7.600000e+01
     vertex  1.457578e+02  1.015016e+01  7.600000e+01
   endloop
 endfacet
 facet normal  6.870599e-15 -7.014268e-15  1.000000e+00
   outer loop
     vertex  1.167638e+02  3.352462e+01  7.600000e+01
     vertex  1.164108e+02  3.317880e+01  7.600000e+01
     vertex  1.226077e+02  2.911884e+01  7.600000e+01
   endloop
 endfacet
 facet normal  2.228578e-15 -1.317149e-14  1.000000e+00
   outer loop
     vertex  1.229763e+02  3.026012e+01  7.600000e+01
     vertex  1.167638e+02  3.352462e+01  7.600000e+01
     vertex  1.226077e+02  2.911884e+01  7.600000e+01
   endloop
 endfacet
 facet normal -5.090398e-15 -2.857385e-14  1.000000e+00
   outer loop
     vertex  1.379595e+02  2.239809e+01  7.600000e+01
     vertex  1.313759e+02  2.506295e+01  7.600000e+01
     vertex  1.378076e+02  2.192781e+01  7.600000e+01
   endloop
 endfacet
 facet normal -2.750875e-15 -2.932952e-14  1.000000e+00
   outer loop
     vertex  1.133027e+02  3.566617e+01  7.600000e+01
     vertex  9.833471e+01  3.949266e+01  7.600000e+01
     vertex  1.131508e+02  3.519589e+01  7.600000e+01
   endloop
 endfacet
 facet normal -1.616671e-14 -2.381151e-14  1.000000e+00
   outer loop
     vertex  1.416807e+02  2.067681e+01  7.600000e+01
     vertex  1.414206e+02  2.025655e+01  7.600000e+01
     vertex  1.457578e+02  1.015016e+01  7.600000e+01
   endloop
 endfacet
 facet normal -6.504063e-15 -2.979016e-14  1.000000e+00
   outer loop
     vertex  1.170238e+02  3.394488e+01  7.600000e+01
     vertex  1.167638e+02  3.352462e+01  7.600000e+01
     vertex  1.229763e+02  3.026012e+01  7.600000e+01
   endloop
 endfacet
 facet normal  6.682677e-16 -1.434709e-14  1.000000e+00
   outer loop
     vertex  1.320070e+02  2.608285e+01  7.600000e+01
     vertex  1.313759e+02  2.506295e+01  7.600000e+01
     vertex  1.379595e+02  2.239809e+01  7.600000e+01
   endloop
 endfacet
 facet normal  6.904855e-15 -4.272300e-15  1.000000e+00
   outer loop
     vertex  1.382195e+02  2.281835e+01  7.600000e+01
     vertex  1.320070e+02  2.608285e+01  7.600000e+01
     vertex  1.379595e+02  2.239809e+01  7.600000e+01
   endloop
 endfacet
 facet normal -3.365143e-15 -3.173233e-14  1.000000e+00
   outer loop
     vertex  1.135627e+02  3.608642e+01  7.600000e+01
     vertex  9.833471e+01  3.949266e+01  7.600000e+01
     vertex  1.133027e+02  3.566617e+01  7.600000e+01
   endloop
 endfacet
 facet normal  2.470698e-14 -7.980384e-15  1.000000e+00
   outer loop
     vertex  1.418326e+02  2.114708e+01  7.600000e+01
     vertex  1.416807e+02  2.067681e+01  7.600000e+01
     vertex  1.457578e+02  1.015016e+01  7.600000e+01
   endloop
 endfacet
 facet normal  3.038870e-15 -3.102415e-15  1.000000e+00
   outer loop
     vertex  1.139157e+02  3.643224e+01  7.600000e+01
     vertex  9.833471e+01  3.949266e+01  7.600000e+01
     vertex  1.135627e+02  3.608642e+01  7.600000e+01
   endloop
 endfacet
 facet normal -6.999360e-15 -2.795725e-14  1.000000e+00
   outer loop
     vertex  1.236074e+02  3.128002e+01  7.600000e+01
     vertex  1.171757e+02  3.441516e+01  7.600000e+01
     vertex  1.170238e+02  3.394488e+01  7.600000e+01
   endloop
 endfacet
 facet normal -1.007869e-14 -3.556473e-14  1.000000e+00
   outer loop
     vertex  1.236074e+02  3.128002e+01  7.600000e+01
     vertex  1.170238e+02  3.394488e+01  7.600000e+01
     vertex  1.229763e+02  3.026012e+01  7.600000e+01
   endloop
 endfacet
 facet normal  6.407201e-15 -4.541450e-16  1.000000e+00
   outer loop
     vertex  1.172107e+02  3.490812e+01  7.600000e+01
     vertex  1.171757e+02  3.441516e+01  7.600000e+01
     vertex  1.236074e+02  3.128002e+01  7.600000e+01
   endloop
 endfacet
 facet normal  5.435349e-15 -9.204962e-15  1.000000e+00
   outer loop
     vertex  1.323756e+02  2.722413e+01  7.600000e+01
     vertex  1.385726e+02  2.316417e+01  7.600000e+01
     vertex  1.389981e+02  2.341545e+01  7.600000e+01
   endloop
 endfacet
 facet normal -9.261805e-15 -3.163796e-14  1.000000e+00
   outer loop
     vertex  1.323756e+02  2.722413e+01  7.600000e+01
     vertex  1.382195e+02  2.281835e+01  7.600000e+01
     vertex  1.385726e+02  2.316417e+01  7.600000e+01
   endloop
 endfacet
 facet normal -3.365027e-15 -2.381641e-14  1.000000e+00
   outer loop
     vertex  1.323756e+02  2.722413e+01  7.600000e+01
     vertex  1.320070e+02  2.608285e+01  7.600000e+01
     vertex  1.382195e+02  2.281835e+01  7.600000e+01
   endloop
 endfacet
 facet normal  4.220771e-15 -4.309030e-15  1.000000e+00
   outer loop
     vertex  1.244642e+02  3.211926e+01  7.600000e+01
     vertex  1.172107e+02  3.490812e+01  7.600000e+01
     vertex  1.236074e+02  3.128002e+01  7.600000e+01
   endloop
 endfacet
 facet normal -1.773836e-14 -6.142201e-14  1.000000e+00
   outer loop
     vertex  1.244642e+02  3.211926e+01  7.600000e+01
     vertex  1.171266e+02  3.539512e+01  7.600000e+01
     vertex  1.172107e+02  3.490812e+01  7.600000e+01
   endloop
 endfacet
 facet normal  3.745023e-15 -1.214407e-14  1.000000e+00
   outer loop
     vertex  1.324604e+02  2.842047e+01  7.600000e+01
     vertex  1.323756e+02  2.722413e+01  7.600000e+01
     vertex  1.389981e+02  2.341545e+01  7.600000e+01
   endloop
 endfacet
 facet normal  3.674495e-15 -1.223620e-14  1.000000e+00
   outer loop
     vertex  1.324604e+02  2.842047e+01  7.600000e+01
     vertex  1.389981e+02  2.341545e+01  7.600000e+01
     vertex  1.394714e+02  2.355758e+01  7.600000e+01
   endloop
 endfacet
 facet normal  1.950854e-14  3.992731e-14  1.000000e+00
   outer loop
     vertex  1.254969e+02  3.272907e+01  7.600000e+01
     vertex  1.169285e+02  3.584786e+01  7.600000e+01
     vertex  1.171266e+02  3.539512e+01  7.600000e+01
   endloop
 endfacet
 facet normal -4.101889e-16 -2.260903e-14  1.000000e+00
   outer loop
     vertex  1.254969e+02  3.272907e+01  7.600000e+01
     vertex  1.171266e+02  3.539512e+01  7.600000e+01
     vertex  1.244642e+02  3.211926e+01  7.600000e+01
   endloop
 endfacet
 facet normal -1.460684e-14 -3.859306e-14  1.000000e+00
   outer loop
     vertex  1.322565e+02  2.960234e+01  7.600000e+01
     vertex  1.324604e+02  2.842047e+01  7.600000e+01
     vertex  1.394714e+02  2.355758e+01  7.600000e+01
   endloop
 endfacet
 facet normal -5.482817e-15 -2.826605e-14  1.000000e+00
   outer loop
     vertex  1.322565e+02  2.960234e+01  7.600000e+01
     vertex  1.399650e+02  2.358232e+01  7.600000e+01
     vertex  1.404502e+02  2.348821e+01  7.600000e+01
   endloop
 endfacet
 facet normal  1.000420e-15 -1.996436e-14  1.000000e+00
   outer loop
     vertex  1.322565e+02  2.960234e+01  7.600000e+01
     vertex  1.394714e+02  2.355758e+01  7.600000e+01
     vertex  1.399650e+02  2.358232e+01  7.600000e+01
   endloop
 endfacet
 facet normal -7.626570e-15 -4.208619e-14  1.000000e+00
   outer loop
     vertex  1.266456e+02  3.307401e+01  7.600000e+01
     vertex  1.166277e+02  3.624002e+01  7.600000e+01
     vertex  1.169285e+02  3.584786e+01  7.600000e+01
   endloop
 endfacet
 facet normal  2.249255e-15 -7.490096e-15  1.000000e+00
   outer loop
     vertex  1.266456e+02  3.307401e+01  7.600000e+01
     vertex  1.169285e+02  3.584786e+01  7.600000e+01
     vertex  1.254969e+02  3.272907e+01  7.600000e+01
   endloop
 endfacet
 facet normal  2.317958e-14  1.014520e-14  1.000000e+00
   outer loop
     vertex  1.317756e+02  3.070105e+01  7.600000e+01
     vertex  1.322565e+02  2.960234e+01  7.600000e+01
     vertex  1.404502e+02  2.348821e+01  7.600000e+01
   endloop
 endfacet
 facet normal -6.952085e-16 -1.746352e-14  1.000000e+00
   outer loop
     vertex  1.014937e+02  5.401432e+01  7.600000e+01
     vertex  9.253513e+01  5.274346e+01  7.600000e+01
     vertex  9.833471e+01  3.949266e+01  7.600000e+01
   endloop
 endfacet
 facet normal -6.965842e-15 -1.505917e-14  1.000000e+00
   outer loop
     vertex  1.636123e+02  2.062156e+01  7.600000e+01
     vertex  1.631638e+02  2.082904e+01  7.600000e+01
     vertex  1.602041e+02  1.087406e+01  7.600000e+01
   endloop
 endfacet
 facet normal  2.138296e-14 -2.226630e-14  1.000000e+00
   outer loop
     vertex  1.019422e+02  5.380684e+01  7.600000e+01
     vertex  1.014937e+02  5.401432e+01  7.600000e+01
     vertex  9.833471e+01  3.949266e+01  7.600000e+01
   endloop
 endfacet
 facet normal  4.842815e-14 -3.152809e-14  1.000000e+00
   outer loop
     vertex  1.627779e+02  2.113783e+01  7.600000e+01
     vertex  1.602041e+02  1.087406e+01  7.600000e+01
     vertex  1.631638e+02  2.082904e+01  7.600000e+01
   endloop
 endfacet
 facet normal -2.694878e-15 -3.367399e-15  1.000000e+00
   outer loop
     vertex  1.011078e+02  5.432311e+01  7.600000e+01
     vertex  9.253513e+01  5.274346e+01  7.600000e+01
     vertex  1.014937e+02  5.401432e+01  7.600000e+01
   endloop
 endfacet
 facet normal -3.177957e-15 -1.638360e-14  1.000000e+00
   outer loop
     vertex  1.640975e+02  2.052745e+01  7.600000e+01
     vertex  1.636123e+02  2.062156e+01  7.600000e+01
     vertex  1.602041e+02  1.087406e+01  7.600000e+01
   endloop
 endfacet
 facet normal -3.121139e-15 -1.609069e-14  1.000000e+00
   outer loop
     vertex  1.024274e+02  5.371273e+01  7.600000e+01
     vertex  1.019422e+02  5.380684e+01  7.600000e+01
     vertex  9.833471e+01  3.949266e+01  7.600000e+01
   endloop
 endfacet
 facet normal -5.465654e-14 -5.677860e-15  1.000000e+00
   outer loop
     vertex  1.624772e+02  2.152999e+01  7.600000e+01
     vertex  1.602041e+02  1.087406e+01  7.600000e+01
     vertex  1.627779e+02  2.113783e+01  7.600000e+01
   endloop
 endfacet
 facet normal -2.904882e-15 -2.227713e-15  1.000000e+00
   outer loop
     vertex  1.008071e+02  5.471527e+01  7.600000e+01
     vertex  9.253513e+01  5.274346e+01  7.600000e+01
     vertex  1.011078e+02  5.432311e+01  7.600000e+01
   endloop
 endfacet
 facet normal  9.034742e-16 -1.802971e-14  1.000000e+00
   outer loop
     vertex  1.645910e+02  2.055219e+01  7.600000e+01
     vertex  1.640975e+02  2.052745e+01  7.600000e+01
     vertex  1.602041e+02  1.087406e+01  7.600000e+01
   endloop
 endfacet
 facet normal  8.637806e-16 -1.723758e-14  1.000000e+00
   outer loop
     vertex  1.029210e+02  5.373747e+01  7.600000e+01
     vertex  1.024274e+02  5.371273e+01  7.600000e+01
     vertex  9.833471e+01  3.949266e+01  7.600000e+01
   endloop
 endfacet
 facet normal -2.235206e-17 -1.918471e-14  1.000000e+00
   outer loop
     vertex  1.622790e+02  2.198272e+01  7.600000e+01
     vertex  1.457578e+02  1.015016e+01  7.600000e+01
     vertex  1.602041e+02  1.087406e+01  7.600000e+01
   endloop
 endfacet
 facet normal -1.378389e-15 -1.729135e-14  1.000000e+00
   outer loop
     vertex  1.622790e+02  2.198272e+01  7.600000e+01
     vertex  1.418326e+02  2.114708e+01  7.600000e+01
     vertex  1.457578e+02  1.015016e+01  7.600000e+01
   endloop
 endfacet
 facet normal  6.980221e-14 -3.222681e-14  1.000000e+00
   outer loop
     vertex  1.622790e+02  2.198272e+01  7.600000e+01
     vertex  1.602041e+02  1.087406e+01  7.600000e+01
     vertex  1.624772e+02  2.152999e+01  7.600000e+01
   endloop
 endfacet
 facet normal  3.664055e-15 -2.978518e-14  1.000000e+00
   outer loop
     vertex  1.006089e+02  5.516800e+01  7.600000e+01
     vertex  9.253513e+01  5.274346e+01  7.600000e+01
     vertex  1.008071e+02  5.471527e+01  7.600000e+01
   endloop
 endfacet
 facet normal  1.005845e-16 -1.741493e-14  1.000000e+00
   outer loop
     vertex  1.650644e+02  2.069432e+01  7.600000e+01
     vertex  1.602041e+02  1.087406e+01  7.600000e+01
     vertex  1.740573e+02  1.503415e+01  7.600000e+01
   endloop
 endfacet
 facet normal  6.125028e-15 -2.039656e-14  1.000000e+00
   outer loop
     vertex  1.650644e+02  2.069432e+01  7.600000e+01
     vertex  1.645910e+02  2.055219e+01  7.600000e+01
     vertex  1.602041e+02  1.087406e+01  7.600000e+01
   endloop
 endfacet
 facet normal  3.273706e-16 -1.690706e-14  1.000000e+00
   outer loop
     vertex  1.033943e+02  5.387960e+01  7.600000e+01
     vertex  9.833471e+01  3.949266e+01  7.600000e+01
     vertex  1.139157e+02  3.643224e+01  7.600000e+01
   endloop
 endfacet
 facet normal  5.637984e-15 -1.877468e-14  1.000000e+00
   outer loop
     vertex  1.033943e+02  5.387960e+01  7.600000e+01
     vertex  1.029210e+02  5.373747e+01  7.600000e+01
     vertex  9.833471e+01  3.949266e+01  7.600000e+01
   endloop
 endfacet
 facet normal  4.788997e-16 -2.886134e-14  1.000000e+00
   outer loop
     vertex  1.621950e+02  2.246973e+01  7.600000e+01
     vertex  1.418675e+02  2.164005e+01  7.600000e+01
     vertex  1.418326e+02  2.114708e+01  7.600000e+01
   endloop
 endfacet
 facet normal -3.254721e-15  2.861863e-14  1.000000e+00
   outer loop
     vertex  1.621950e+02  2.246973e+01  7.600000e+01
     vertex  1.418326e+02  2.114708e+01  7.600000e+01
     vertex  1.622790e+02  2.198272e+01  7.600000e+01
   endloop
 endfacet
 facet normal  1.164185e-14 -5.635150e-14  1.000000e+00
   outer loop
     vertex  1.005249e+02  5.565501e+01  7.600000e+01
     vertex  9.253513e+01  5.274346e+01  7.600000e+01
     vertex  1.006089e+02  5.516800e+01  7.600000e+01
   endloop
 endfacet
 facet normal  5.354305e-15 -9.067711e-15  1.000000e+00
   outer loop
     vertex  1.654899e+02  2.094560e+01  7.600000e+01
     vertex  1.650644e+02  2.069432e+01  7.600000e+01
     vertex  1.740573e+02  1.503415e+01  7.600000e+01
   endloop
 endfacet
 facet normal  7.802471e-15 -1.321377e-14  1.000000e+00
   outer loop
     vertex  1.038198e+02  5.413088e+01  7.600000e+01
     vertex  1.139157e+02  3.643224e+01  7.600000e+01
     vertex  1.143413e+02  3.668352e+01  7.600000e+01
   endloop
 endfacet
 facet normal -1.717757e-14 -2.746325e-14  1.000000e+00
   outer loop
     vertex  1.038198e+02  5.413088e+01  7.600000e+01
     vertex  1.033943e+02  5.387960e+01  7.600000e+01
     vertex  1.139157e+02  3.643224e+01  7.600000e+01
   endloop
 endfacet
 facet normal -1.380319e-15 -2.382188e-16  1.000000e+00
   outer loop
     vertex  1.622299e+02  2.296269e+01  7.600000e+01
     vertex  1.417834e+02  2.212705e+01  7.600000e+01
     vertex  1.418675e+02  2.164005e+01  7.600000e+01
   endloop
 endfacet
 facet normal  4.788997e-16 -2.886134e-14  1.000000e+00
   outer loop
     vertex  1.622299e+02  2.296269e+01  7.600000e+01
     vertex  1.418675e+02  2.164005e+01  7.600000e+01
     vertex  1.621950e+02  2.246973e+01  7.600000e+01
   endloop
 endfacet
 facet normal -1.991245e-14  3.023879e-14  1.000000e+00
   outer loop
     vertex  1.005598e+02  5.614797e+01  7.600000e+01
     vertex  9.253513e+01  5.274346e+01  7.600000e+01
     vertex  1.005249e+02  5.565501e+01  7.600000e+01
   endloop
 endfacet
 facet normal -9.823370e-15 -3.106466e-14  1.000000e+00
   outer loop
     vertex  1.658430e+02  2.129142e+01  7.600000e+01
     vertex  1.654899e+02  2.094560e+01  7.600000e+01
     vertex  1.740573e+02  1.503415e+01  7.600000e+01
   endloop
 endfacet
 facet normal  4.503563e-15 -1.499702e-14  1.000000e+00
   outer loop
     vertex  1.041729e+02  5.447670e+01  7.600000e+01
     vertex  1.143413e+02  3.668352e+01  7.600000e+01
     vertex  1.148146e+02  3.682566e+01  7.600000e+01
   endloop
 endfacet
 facet normal  1.103418e-14 -1.126492e-14  1.000000e+00
   outer loop
     vertex  1.041729e+02  5.447670e+01  7.600000e+01
     vertex  1.038198e+02  5.413088e+01  7.600000e+01
     vertex  1.143413e+02  3.668352e+01  7.600000e+01
   endloop
 endfacet
 facet normal -1.408651e-15  4.549960e-16  1.000000e+00
   outer loop
     vertex  1.623818e+02  2.343297e+01  7.600000e+01
     vertex  1.417834e+02  2.212705e+01  7.600000e+01
     vertex  1.622299e+02  2.296269e+01  7.600000e+01
   endloop
 endfacet
 facet normal  5.937482e-16 -3.112898e-14  1.000000e+00
   outer loop
     vertex  1.623818e+02  2.343297e+01  7.600000e+01
     vertex  1.415853e+02  2.257978e+01  7.600000e+01
     vertex  1.417834e+02  2.212705e+01  7.600000e+01
   endloop
 endfacet
 facet normal  6.647492e-15 -3.236520e-14  1.000000e+00
   outer loop
     vertex  1.007117e+02  5.661825e+01  7.600000e+01
     vertex  9.253513e+01  5.274346e+01  7.600000e+01
     vertex  1.005598e+02  5.614797e+01  7.600000e+01
   endloop
 endfacet
 facet normal  9.406490e-15 -5.820157e-15  1.000000e+00
   outer loop
     vertex  1.661030e+02  2.171168e+01  7.600000e+01
     vertex  1.658430e+02  2.129142e+01  7.600000e+01
     vertex  1.740573e+02  1.503415e+01  7.600000e+01
   endloop
 endfacet
 facet normal -4.086064e-14 -4.234690e-14  1.000000e+00
   outer loop
     vertex  1.044329e+02  5.489696e+01  7.600000e+01
     vertex  1.041729e+02  5.447670e+01  7.600000e+01
     vertex  1.148146e+02  3.682566e+01  7.600000e+01
   endloop
 endfacet
 facet normal  9.192705e-16 -1.834494e-14  1.000000e+00
   outer loop
     vertex  1.044329e+02  5.489696e+01  7.600000e+01
     vertex  1.148146e+02  3.682566e+01  7.600000e+01
     vertex  1.153082e+02  3.685039e+01  7.600000e+01
   endloop
 endfacet
 facet normal  8.044554e-16 -3.562055e-14  1.000000e+00
   outer loop
     vertex  1.626418e+02  2.385323e+01  7.600000e+01
     vertex  1.412846e+02  2.297194e+01  7.600000e+01
     vertex  1.415853e+02  2.257978e+01  7.600000e+01
   endloop
 endfacet
 facet normal  7.222552e-16 -3.426136e-14  1.000000e+00
   outer loop
     vertex  1.626418e+02  2.385323e+01  7.600000e+01
     vertex  1.415853e+02  2.257978e+01  7.600000e+01
     vertex  1.623818e+02  2.343297e+01  7.600000e+01
   endloop
 endfacet
 facet normal -8.712609e-15 -2.740387e-14  1.000000e+00
   outer loop
     vertex  1.662549e+02  2.218196e+01  7.600000e+01
     vertex  1.661030e+02  2.171168e+01  7.600000e+01
     vertex  1.740573e+02  1.503415e+01  7.600000e+01
   endloop
 endfacet
 facet normal  5.306359e-14  1.307845e-14  1.000000e+00
   outer loop
     vertex  1.045848e+02  5.536724e+01  7.600000e+01
     vertex  1.044329e+02  5.489696e+01  7.600000e+01
     vertex  1.153082e+02  3.685039e+01  7.600000e+01
   endloop
 endfacet
 facet normal -3.857172e-15 -1.988522e-14  1.000000e+00
   outer loop
     vertex  1.045848e+02  5.536724e+01  7.600000e+01
     vertex  1.153082e+02  3.685039e+01  7.600000e+01
     vertex  1.157934e+02  3.675629e+01  7.600000e+01
   endloop
 endfacet
 facet normal -6.946501e-16  7.091758e-16  1.000000e+00
   outer loop
     vertex  1.629949e+02  2.419904e+01  7.600000e+01
     vertex  1.412846e+02  2.297194e+01  7.600000e+01
     vertex  1.626418e+02  2.385323e+01  7.600000e+01
   endloop
 endfacet
 facet normal -6.113861e-16 -7.639608e-16  1.000000e+00
   outer loop
     vertex  1.629949e+02  2.419904e+01  7.600000e+01
     vertex  1.408987e+02  2.328073e+01  7.600000e+01
     vertex  1.412846e+02  2.297194e+01  7.600000e+01
   endloop
 endfacet
 facet normal -9.405932e-15 -2.816069e-14  1.000000e+00
   outer loop
     vertex  1.662898e+02  2.267492e+01  7.600000e+01
     vertex  1.662549e+02  2.218196e+01  7.600000e+01
     vertex  1.740573e+02  1.503415e+01  7.600000e+01
   endloop
 endfacet
 facet normal  2.203624e-14  3.803067e-15  1.000000e+00
   outer loop
     vertex  1.662058e+02  2.316192e+01  7.600000e+01
     vertex  1.662898e+02  2.267492e+01  7.600000e+01
     vertex  1.740573e+02  1.503415e+01  7.600000e+01
   endloop
 endfacet
 facet normal -1.715857e-16 -1.797552e-14  1.000000e+00
   outer loop
     vertex  9.007519e+01  6.699715e+01  7.600000e+01
     vertex  9.253513e+01  5.274346e+01  7.600000e+01
     vertex  1.007117e+02  5.661825e+01  7.600000e+01
   endloop
 endfacet
 facet normal  3.979754e-15 -1.325272e-14  1.000000e+00
   outer loop
     vertex  9.007519e+01  6.699715e+01  7.600000e+01
     vertex  1.017504e+02  5.763560e+01  7.600000e+01
     vertex  1.022237e+02  5.777774e+01  7.600000e+01
   endloop
 endfacet
 facet normal  6.194502e-15 -1.049061e-14  1.000000e+00
   outer loop
     vertex  9.007519e+01  6.699715e+01  7.600000e+01
     vertex  1.013248e+02  5.738432e+01  7.600000e+01
     vertex  1.017504e+02  5.763560e+01  7.600000e+01
   endloop
 endfacet
 facet normal -1.065797e-14 -3.021260e-14  1.000000e+00
   outer loop
     vertex  9.007519e+01  6.699715e+01  7.600000e+01
     vertex  1.009718e+02  5.703851e+01  7.600000e+01
     vertex  1.013248e+02  5.738432e+01  7.600000e+01
   endloop
 endfacet
 facet normal  1.082994e-14 -6.700900e-15  1.000000e+00
   outer loop
     vertex  9.007519e+01  6.699715e+01  7.600000e+01
     vertex  1.007117e+02  5.661825e+01  7.600000e+01
     vertex  1.009718e+02  5.703851e+01  7.600000e+01
   endloop
 endfacet
 facet normal -6.912134e-16 -1.815205e-14  1.000000e+00
   outer loop
     vertex  1.865125e+02  2.238866e+01  7.600000e+01
     vertex  1.662058e+02  2.316192e+01  7.600000e+01
     vertex  1.740573e+02  1.503415e+01  7.600000e+01
   endloop
 endfacet
 facet normal  4.067812e-15 -1.942932e-14  1.000000e+00
   outer loop
     vertex  1.407921e+02  5.511830e+01  7.600000e+01
     vertex  1.290208e+02  3.290565e+01  7.600000e+01
     vertex  1.301093e+02  3.240214e+01  7.600000e+01
   endloop
 endfacet
 facet normal -3.038283e-15 -1.566353e-14  1.000000e+00
   outer loop
     vertex  1.407921e+02  5.511830e+01  7.600000e+01
     vertex  1.278434e+02  3.313403e+01  7.600000e+01
     vertex  1.290208e+02  3.290565e+01  7.600000e+01
   endloop
 endfacet
 facet normal -5.582330e-16 -1.725381e-14  1.000000e+00
   outer loop
     vertex  1.446211e+02  5.334715e+01  7.600000e+01
     vertex  1.407921e+02  5.511830e+01  7.600000e+01
     vertex  1.301093e+02  3.240214e+01  7.600000e+01
   endloop
 endfacet
 facet normal -1.977719e-15 -1.644871e-14  1.000000e+00
   outer loop
     vertex  1.446211e+02  5.334715e+01  7.600000e+01
     vertex  1.310457e+02  3.165276e+01  7.600000e+01
     vertex  1.317756e+02  3.070105e+01  7.600000e+01
   endloop
 endfacet
 facet normal  6.810046e-16 -1.811242e-14  1.000000e+00
   outer loop
     vertex  1.446211e+02  5.334715e+01  7.600000e+01
     vertex  1.301093e+02  3.240214e+01  7.600000e+01
     vertex  1.310457e+02  3.165276e+01  7.600000e+01
   endloop
 endfacet
 facet normal -1.307467e-16 -1.836801e-14  1.000000e+00
   outer loop
     vertex  1.374983e+02  5.775433e+01  7.600000e+01
     vertex  1.166277e+02  3.624002e+01  7.600000e+01
     vertex  1.266456e+02  3.307401e+01  7.600000e+01
   endloop
 endfacet
 facet normal -8.332397e-15 -1.041179e-14  1.000000e+00
   outer loop
     vertex  1.374983e+02  5.775433e+01  7.600000e+01
     vertex  1.162419e+02  3.654881e+01  7.600000e+01
     vertex  1.166277e+02  3.624002e+01  7.600000e+01
   endloop
 endfacet
 facet normal  5.168195e-15 -2.049714e-14  1.000000e+00
   outer loop
     vertex  1.374983e+02  5.775433e+01  7.600000e+01
     vertex  1.278434e+02  3.313403e+01  7.600000e+01
     vertex  1.407921e+02  5.511830e+01  7.600000e+01
   endloop
 endfacet
 facet normal  9.441114e-16 -1.884066e-14  1.000000e+00
   outer loop
     vertex  1.374983e+02  5.775433e+01  7.600000e+01
     vertex  1.266456e+02  3.307401e+01  7.600000e+01
     vertex  1.278434e+02  3.313403e+01  7.600000e+01
   endloop
 endfacet
 facet normal -8.612032e-15 -1.861800e-14  1.000000e+00
   outer loop
     vertex  1.845644e+02  3.321249e+01  7.600000e+01
     vertex  1.841158e+02  3.341997e+01  7.600000e+01
     vertex  1.865125e+02  2.238866e+01  7.600000e+01
   endloop
 endfacet
 facet normal -5.665853e-15 -1.224878e-14  1.000000e+00
   outer loop
     vertex  1.009073e+02  7.822917e+01  7.600000e+01
     vertex  1.004588e+02  7.843665e+01  7.600000e+01
     vertex  9.007519e+01  6.699715e+01  7.600000e+01
   endloop
 endfacet
 facet normal  8.437272e-17 -1.750515e-14  1.000000e+00
   outer loop
     vertex  1.487627e+02  5.254380e+01  7.600000e+01
     vertex  1.408987e+02  2.328073e+01  7.600000e+01
     vertex  1.629949e+02  2.419904e+01  7.600000e+01
   endloop
 endfacet
 facet normal  2.078207e-17 -1.758232e-14  1.000000e+00
   outer loop
     vertex  1.487627e+02  5.254380e+01  7.600000e+01
     vertex  1.446211e+02  5.334715e+01  7.600000e+01
     vertex  1.317756e+02  3.070105e+01  7.600000e+01
   endloop
 endfacet
 facet normal  8.371489e-17 -1.763126e-14  1.000000e+00
   outer loop
     vertex  1.487627e+02  5.254380e+01  7.600000e+01
     vertex  1.317756e+02  3.070105e+01  7.600000e+01
     vertex  1.404502e+02  2.348821e+01  7.600000e+01
   endloop
 endfacet
 facet normal -7.192676e-15 -1.554956e-14  1.000000e+00
   outer loop
     vertex  1.487627e+02  5.254380e+01  7.600000e+01
     vertex  1.404502e+02  2.348821e+01  7.600000e+01
     vertex  1.408987e+02  2.328073e+01  7.600000e+01
   endloop
 endfacet
 facet normal  2.835798e-14 -1.058601e-14  1.000000e+00
   outer loop
     vertex  1.837300e+02  3.372876e+01  7.600000e+01
     vertex  1.865125e+02  2.238866e+01  7.600000e+01
     vertex  1.841158e+02  3.341997e+01  7.600000e+01
   endloop
 endfacet
 facet normal -6.743643e-16 -1.770957e-14  1.000000e+00
   outer loop
     vertex  1.837300e+02  3.372876e+01  7.600000e+01
     vertex  1.662058e+02  2.316192e+01  7.600000e+01
     vertex  1.865125e+02  2.238866e+01  7.600000e+01
   endloop
 endfacet
 facet normal  5.992531e-15 -2.876605e-14  1.000000e+00
   outer loop
     vertex  1.837300e+02  3.372876e+01  7.600000e+01
     vertex  1.660076e+02  2.361466e+01  7.600000e+01
     vertex  1.662058e+02  2.316192e+01  7.600000e+01
   endloop
 endfacet
 facet normal -2.443645e-16 -1.672659e-14  1.000000e+00
   outer loop
     vertex  1.000730e+02  7.874544e+01  7.600000e+01
     vertex  9.109787e+01  8.142535e+01  7.600000e+01
     vertex  9.007519e+01  6.699715e+01  7.600000e+01
   endloop
 endfacet
 facet normal -8.061945e-15 -1.007385e-14  1.000000e+00
   outer loop
     vertex  1.000730e+02  7.874544e+01  7.600000e+01
     vertex  9.007519e+01  6.699715e+01  7.600000e+01
     vertex  1.004588e+02  7.843665e+01  7.600000e+01
   endloop
 endfacet
 facet normal -3.430472e-15 -1.768542e-14  1.000000e+00
   outer loop
     vertex  1.850495e+02  3.311839e+01  7.600000e+01
     vertex  1.845644e+02  3.321249e+01  7.600000e+01
     vertex  1.865125e+02  2.238866e+01  7.600000e+01
   endloop
 endfacet
 facet normal  8.184828e-16 -1.741835e-14  1.000000e+00
   outer loop
     vertex  1.013925e+02  7.813507e+01  7.600000e+01
     vertex  9.007519e+01  6.699715e+01  7.600000e+01
     vertex  1.022237e+02  5.777774e+01  7.600000e+01
   endloop
 endfacet
 facet normal  2.178093e-14 -3.871844e-14  1.000000e+00
   outer loop
     vertex  1.013925e+02  7.813507e+01  7.600000e+01
     vertex  1.009073e+02  7.822917e+01  7.600000e+01
     vertex  9.007519e+01  6.699715e+01  7.600000e+01
   endloop
 endfacet
 facet normal  8.727280e-16 -1.741614e-14  1.000000e+00
   outer loop
     vertex  1.013925e+02  7.813507e+01  7.600000e+01
     vertex  1.022237e+02  5.777774e+01  7.600000e+01
     vertex  1.027173e+02  5.780247e+01  7.600000e+01
   endloop
 endfacet
 facet normal -7.250798e-15 -5.560536e-15  1.000000e+00
   outer loop
     vertex  1.834292e+02  3.412092e+01  7.600000e+01
     vertex  1.657069e+02  2.400682e+01  7.600000e+01
     vertex  1.660076e+02  2.361466e+01  7.600000e+01
   endloop
 endfacet
 facet normal -7.250798e-15 -5.560536e-15  1.000000e+00
   outer loop
     vertex  1.834292e+02  3.412092e+01  7.600000e+01
     vertex  1.660076e+02  2.361466e+01  7.600000e+01
     vertex  1.837300e+02  3.372876e+01  7.600000e+01
   endloop
 endfacet
 facet normal -2.190692e-14 -8.927507e-14  1.000000e+00
   outer loop
     vertex  9.977222e+01  7.913760e+01  7.600000e+01
     vertex  9.109787e+01  8.142535e+01  7.600000e+01
     vertex  1.000730e+02  7.874544e+01  7.600000e+01
   endloop
 endfacet
 facet normal  8.569292e-16 -1.710086e-14  1.000000e+00
   outer loop
     vertex  1.855431e+02  3.314312e+01  7.600000e+01
     vertex  1.850495e+02  3.311839e+01  7.600000e+01
     vertex  1.865125e+02  2.238866e+01  7.600000e+01
   endloop
 endfacet
 facet normal -3.548662e-15 -1.829473e-14  1.000000e+00
   outer loop
     vertex  1.018861e+02  7.815980e+01  7.600000e+01
     vertex  1.027173e+02  5.780247e+01  7.600000e+01
     vertex  1.032024e+02  5.770837e+01  7.600000e+01
   endloop
 endfacet
 facet normal -2.782491e-14 -1.928591e-14  1.000000e+00
   outer loop
     vertex  1.018861e+02  7.815980e+01  7.600000e+01
     vertex  1.013925e+02  7.813507e+01  7.600000e+01
     vertex  1.027173e+02  5.780247e+01  7.600000e+01
   endloop
 endfacet
 facet normal  2.563941e-14 -6.000388e-14  1.000000e+00
   outer loop
     vertex  1.832311e+02  3.457366e+01  7.600000e+01
     vertex  1.653210e+02  2.431561e+01  7.600000e+01
     vertex  1.657069e+02  2.400682e+01  7.600000e+01
   endloop
 endfacet
 facet normal -8.340802e-15 -3.650586e-15  1.000000e+00
   outer loop
     vertex  1.832311e+02  3.457366e+01  7.600000e+01
     vertex  1.657069e+02  2.400682e+01  7.600000e+01
     vertex  1.834292e+02  3.412092e+01  7.600000e+01
   endloop
 endfacet
 facet normal  1.121076e-14  3.629556e-14  1.000000e+00
   outer loop
     vertex  9.957407e+01  7.959034e+01  7.600000e+01
     vertex  9.109787e+01  8.142535e+01  7.600000e+01
     vertex  9.977222e+01  7.913760e+01  7.600000e+01
   endloop
 endfacet
 facet normal  5.022586e-15 -1.672539e-14  1.000000e+00
   outer loop
     vertex  1.860164e+02  3.328526e+01  7.600000e+01
     vertex  1.855431e+02  3.314312e+01  7.600000e+01
     vertex  1.865125e+02  2.238866e+01  7.600000e+01
   endloop
 endfacet
 facet normal -2.413212e-14 -1.961956e-14  1.000000e+00
   outer loop
     vertex  1.023594e+02  7.830194e+01  7.600000e+01
     vertex  1.018861e+02  7.815980e+01  7.600000e+01
     vertex  1.032024e+02  5.770837e+01  7.600000e+01
   endloop
 endfacet
 facet normal -8.784707e-15 -1.899130e-14  1.000000e+00
   outer loop
     vertex  1.023594e+02  7.830194e+01  7.600000e+01
     vertex  1.032024e+02  5.770837e+01  7.600000e+01
     vertex  1.036510e+02  5.750089e+01  7.600000e+01
   endloop
 endfacet
 facet normal  7.266815e-15 -2.792621e-14  1.000000e+00
   outer loop
     vertex  1.831470e+02  3.506066e+01  7.600000e+01
     vertex  1.653210e+02  2.431561e+01  7.600000e+01
     vertex  1.832311e+02  3.457366e+01  7.600000e+01
   endloop
 endfacet
 facet normal -2.207982e-14  2.075979e-14  1.000000e+00
   outer loop
     vertex  1.831470e+02  3.506066e+01  7.600000e+01
     vertex  1.648725e+02  2.452309e+01  7.600000e+01
     vertex  1.653210e+02  2.431561e+01  7.600000e+01
   endloop
 endfacet
 facet normal -3.079189e-15 -2.971175e-14  1.000000e+00
   outer loop
     vertex  9.949002e+01  8.007734e+01  7.600000e+01
     vertex  9.109787e+01  8.142535e+01  7.600000e+01
     vertex  9.957407e+01  7.959034e+01  7.600000e+01
   endloop
 endfacet
 facet normal  1.724541e-15 -2.894963e-14  1.000000e+00
   outer loop
     vertex  1.349310e+02  6.110203e+01  7.600000e+01
     vertex  1.046198e+02  5.586020e+01  7.600000e+01
     vertex  1.045848e+02  5.536724e+01  7.600000e+01
   endloop
 endfacet
 facet normal -6.138199e-15 -1.326992e-14  1.000000e+00
   outer loop
     vertex  1.349310e+02  6.110203e+01  7.600000e+01
     vertex  1.157934e+02  3.675629e+01  7.600000e+01
     vertex  1.162419e+02  3.654881e+01  7.600000e+01
   endloop
 endfacet
 facet normal -3.407753e-15 -1.534824e-14  1.000000e+00
   outer loop
     vertex  1.349310e+02  6.110203e+01  7.600000e+01
     vertex  1.162419e+02  3.654881e+01  7.600000e+01
     vertex  1.374983e+02  5.775433e+01  7.600000e+01
   endloop
 endfacet
 facet normal -3.837640e-16 -1.779335e-14  1.000000e+00
   outer loop
     vertex  1.349310e+02  6.110203e+01  7.600000e+01
     vertex  1.045848e+02  5.536724e+01  7.600000e+01
     vertex  1.157934e+02  3.675629e+01  7.600000e+01
   endloop
 endfacet
 facet normal  9.748968e-15 -1.651023e-14  1.000000e+00
   outer loop
     vertex  1.864420e+02  3.353654e+01  7.600000e+01
     vertex  1.860164e+02  3.328526e+01  7.600000e+01
     vertex  1.865125e+02  2.238866e+01  7.600000e+01
   endloop
 endfacet
 facet normal  4.271975e-14 -1.579335e-14  1.000000e+00
   outer loop
     vertex  1.027850e+02  7.855321e+01  7.600000e+01
     vertex  1.023594e+02  7.830194e+01  7.600000e+01
     vertex  1.036510e+02  5.750089e+01  7.600000e+01
   endloop
 endfacet
 facet normal -1.452365e-14 -1.814810e-14  1.000000e+00
   outer loop
     vertex  1.027850e+02  7.855321e+01  7.600000e+01
     vertex  1.036510e+02  5.750089e+01  7.600000e+01
     vertex  1.040368e+02  5.719210e+01  7.600000e+01
   endloop
 endfacet
 facet normal  6.790965e-15 -2.930874e-14  1.000000e+00
   outer loop
     vertex  1.831820e+02  3.555362e+01  7.600000e+01
     vertex  1.648725e+02  2.452309e+01  7.600000e+01
     vertex  1.831470e+02  3.506066e+01  7.600000e+01
   endloop
 endfacet
 facet normal -2.646476e-15 -1.364361e-14  1.000000e+00
   outer loop
     vertex  1.831820e+02  3.555362e+01  7.600000e+01
     vertex  1.643873e+02  2.461719e+01  7.600000e+01
     vertex  1.648725e+02  2.452309e+01  7.600000e+01
   endloop
 endfacet
 facet normal  1.674288e-15 -1.186742e-16  1.000000e+00
   outer loop
     vertex  9.952496e+01  8.057030e+01  7.600000e+01
     vertex  9.109787e+01  8.142535e+01  7.600000e+01
     vertex  9.949002e+01  8.007734e+01  7.600000e+01
   endloop
 endfacet
 facet normal  1.602289e-14 -1.635794e-14  1.000000e+00
   outer loop
     vertex  1.031380e+02  7.889903e+01  7.600000e+01
     vertex  1.027850e+02  7.855321e+01  7.600000e+01
     vertex  1.040368e+02  5.719210e+01  7.600000e+01
   endloop
 endfacet
 facet normal -1.303563e-14  4.210524e-15  1.000000e+00
   outer loop
     vertex  1.833339e+02  3.602390e+01  7.600000e+01
     vertex  1.643873e+02  2.461719e+01  7.600000e+01
     vertex  1.831820e+02  3.555362e+01  7.600000e+01
   endloop
 endfacet
 facet normal -1.335948e-15 -2.978654e-14  1.000000e+00
   outer loop
     vertex  9.967686e+01  8.104058e+01  7.600000e+01
     vertex  9.109787e+01  8.142535e+01  7.600000e+01
     vertex  9.952496e+01  8.057030e+01  7.600000e+01
   endloop
 endfacet
 facet normal -5.722112e-15 -2.042064e-14  1.000000e+00
   outer loop
     vertex  1.529762e+02  5.275493e+01  7.600000e+01
     vertex  1.487627e+02  5.254380e+01  7.600000e+01
     vertex  1.629949e+02  2.419904e+01  7.600000e+01
   endloop
 endfacet
 facet normal -1.865651e-14 -2.495861e-14  1.000000e+00
   outer loop
     vertex  1.529762e+02  5.275493e+01  7.600000e+01
     vertex  1.629949e+02  2.419904e+01  7.600000e+01
     vertex  1.634204e+02  2.445032e+01  7.600000e+01
   endloop
 endfacet
 facet normal -1.475653e-15 -3.290143e-14  1.000000e+00
   outer loop
     vertex  9.993689e+01  8.146084e+01  7.600000e+01
     vertex  9.109787e+01  8.142535e+01  7.600000e+01
     vertex  9.967686e+01  8.104058e+01  7.600000e+01
   endloop
 endfacet
 facet normal -1.614357e-15  1.648114e-15  1.000000e+00
   outer loop
     vertex  1.002899e+02  8.180666e+01  7.600000e+01
     vertex  9.109787e+01  8.142535e+01  7.600000e+01
     vertex  9.993689e+01  8.146084e+01  7.600000e+01
   endloop
 endfacet
 facet normal -5.648324e-15 -9.748011e-16  1.000000e+00
   outer loop
     vertex  1.332394e+02  6.496684e+01  7.600000e+01
     vertex  1.045357e+02  5.634720e+01  7.600000e+01
     vertex  1.046198e+02  5.586020e+01  7.600000e+01
   endloop
 endfacet
 facet normal  3.080102e-15 -3.004076e-14  1.000000e+00
   outer loop
     vertex  1.332394e+02  6.496684e+01  7.600000e+01
     vertex  1.043376e+02  5.679994e+01  7.600000e+01
     vertex  1.045357e+02  5.634720e+01  7.600000e+01
   endloop
 endfacet
 facet normal -9.524635e-17 -1.842659e-14  1.000000e+00
   outer loop
     vertex  1.332394e+02  6.496684e+01  7.600000e+01
     vertex  1.046198e+02  5.586020e+01  7.600000e+01
     vertex  1.349310e+02  6.110203e+01  7.600000e+01
   endloop
 endfacet
 facet normal -2.691117e-16 -1.657357e-14  1.000000e+00
   outer loop
     vertex  1.968456e+02  3.251017e+01  7.600000e+01
     vertex  1.864420e+02  3.353654e+01  7.600000e+01
     vertex  1.865125e+02  2.238866e+01  7.600000e+01
   endloop
 endfacet
 facet normal -2.442147e-15 -3.860023e-14  1.000000e+00
   outer loop
     vertex  1.968456e+02  3.251017e+01  7.600000e+01
     vertex  1.867950e+02  3.388235e+01  7.600000e+01
     vertex  1.864420e+02  3.353654e+01  7.600000e+01
   endloop
 endfacet
 facet normal  2.607589e-15 -1.613416e-15  1.000000e+00
   outer loop
     vertex  1.968456e+02  3.251017e+01  7.600000e+01
     vertex  1.870551e+02  3.430261e+01  7.600000e+01
     vertex  1.867950e+02  3.388235e+01  7.600000e+01
   endloop
 endfacet
 facet normal -2.482520e-15 -2.941620e-14  1.000000e+00
   outer loop
     vertex  1.968456e+02  3.251017e+01  7.600000e+01
     vertex  1.872070e+02  3.477289e+01  7.600000e+01
     vertex  1.870551e+02  3.430261e+01  7.600000e+01
   endloop
 endfacet
 facet normal -2.305925e-15 -2.866395e-14  1.000000e+00
   outer loop
     vertex  1.968456e+02  3.251017e+01  7.600000e+01
     vertex  1.872419e+02  3.526585e+01  7.600000e+01
     vertex  1.872070e+02  3.477289e+01  7.600000e+01
   endloop
 endfacet
 facet normal  6.227279e-15  1.074719e-15  1.000000e+00
   outer loop
     vertex  1.968456e+02  3.251017e+01  7.600000e+01
     vertex  1.871579e+02  3.575285e+01  7.600000e+01
     vertex  1.872419e+02  3.526585e+01  7.600000e+01
   endloop
 endfacet
 facet normal  4.886273e-15 -1.627146e-14  1.000000e+00
   outer loop
     vertex  1.570167e+02  5.396830e+01  7.600000e+01
     vertex  1.529762e+02  5.275493e+01  7.600000e+01
     vertex  1.634204e+02  2.445032e+01  7.600000e+01
   endloop
 endfacet
 facet normal  8.625702e-16 -1.721343e-14  1.000000e+00
   outer loop
     vertex  1.570167e+02  5.396830e+01  7.600000e+01
     vertex  1.638938e+02  2.459246e+01  7.600000e+01
     vertex  1.643873e+02  2.461719e+01  7.600000e+01
   endloop
 endfacet
 facet normal  4.886273e-15 -1.627146e-14  1.000000e+00
   outer loop
     vertex  1.570167e+02  5.396830e+01  7.600000e+01
     vertex  1.634204e+02  2.445032e+01  7.600000e+01
     vertex  1.638938e+02  2.459246e+01  7.600000e+01
   endloop
 endfacet
 facet normal -8.376090e-16 -1.705607e-14  1.000000e+00
   outer loop
     vertex  1.325219e+02  6.912417e+01  7.600000e+01
     vertex  1.031380e+02  7.889903e+01  7.600000e+01
     vertex  1.040368e+02  5.719210e+01  7.600000e+01
   endloop
 endfacet
 facet normal -5.317886e-15 -3.052410e-14  1.000000e+00
   outer loop
     vertex  1.325219e+02  6.912417e+01  7.600000e+01
     vertex  1.033980e+02  7.931929e+01  7.600000e+01
     vertex  1.031380e+02  7.889903e+01  7.600000e+01
   endloop
 endfacet
 facet normal  3.688603e-16 -2.044595e-14  1.000000e+00
   outer loop
     vertex  1.325219e+02  6.912417e+01  7.600000e+01
     vertex  1.043376e+02  5.679994e+01  7.600000e+01
     vertex  1.332394e+02  6.496684e+01  7.600000e+01
   endloop
 endfacet
 facet normal  5.447349e-15 -3.205998e-14  1.000000e+00
   outer loop
     vertex  1.325219e+02  6.912417e+01  7.600000e+01
     vertex  1.040368e+02  5.719210e+01  7.600000e+01
     vertex  1.043376e+02  5.679994e+01  7.600000e+01
   endloop
 endfacet
 facet normal -9.228178e-15 -2.810465e-14  1.000000e+00
   outer loop
     vertex  1.606495e+02  5.611336e+01  7.600000e+01
     vertex  1.833339e+02  3.602390e+01  7.600000e+01
     vertex  1.835939e+02  3.644416e+01  7.600000e+01
   endloop
 endfacet
 facet normal  8.701935e-17 -1.758621e-14  1.000000e+00
   outer loop
     vertex  1.606495e+02  5.611336e+01  7.600000e+01
     vertex  1.643873e+02  2.461719e+01  7.600000e+01
     vertex  1.833339e+02  3.602390e+01  7.600000e+01
   endloop
 endfacet
 facet normal -1.257131e-15 -1.774573e-14  1.000000e+00
   outer loop
     vertex  1.606495e+02  5.611336e+01  7.600000e+01
     vertex  1.570167e+02  5.396830e+01  7.600000e+01
     vertex  1.643873e+02  2.461719e+01  7.600000e+01
   endloop
 endfacet
 facet normal -2.597160e-15 -2.937917e-14  1.000000e+00
   outer loop
     vertex  1.328202e+02  7.333239e+01  7.600000e+01
     vertex  1.035499e+02  7.978957e+01  7.600000e+01
     vertex  1.033980e+02  7.931929e+01  7.600000e+01
   endloop
 endfacet
 facet normal  6.234164e-16 -1.355188e-14  1.000000e+00
   outer loop
     vertex  1.328202e+02  7.333239e+01  7.600000e+01
     vertex  1.033980e+02  7.931929e+01  7.600000e+01
     vertex  1.325219e+02  6.912417e+01  7.600000e+01
   endloop
 endfacet
 facet normal -5.965508e-15 -1.289659e-14  1.000000e+00
   outer loop
     vertex  1.892108e+02  4.326101e+01  7.600000e+01
     vertex  1.858246e+02  3.711402e+01  7.600000e+01
     vertex  1.862731e+02  3.690654e+01  7.600000e+01
   endloop
 endfacet
 facet normal -6.817723e-15 -1.473896e-14  1.000000e+00
   outer loop
     vertex  1.055538e+02  8.827769e+01  7.600000e+01
     vertex  1.021675e+02  8.213070e+01  7.600000e+01
     vertex  1.026161e+02  8.192322e+01  7.600000e+01
   endloop
 endfacet
 facet normal -4.027873e-14  5.348285e-15  1.000000e+00
   outer loop
     vertex  1.902994e+02  4.275749e+01  7.600000e+01
     vertex  1.866590e+02  3.659775e+01  7.600000e+01
     vertex  1.869597e+02  3.620559e+01  7.600000e+01
   endloop
 endfacet
 facet normal  1.497616e-14 -2.730733e-14  1.000000e+00
   outer loop
     vertex  1.902994e+02  4.275749e+01  7.600000e+01
     vertex  1.862731e+02  3.690654e+01  7.600000e+01
     vertex  1.866590e+02  3.659775e+01  7.600000e+01
   endloop
 endfacet
 facet normal -5.965508e-15 -1.289659e-14  1.000000e+00
   outer loop
     vertex  1.902994e+02  4.275749e+01  7.600000e+01
     vertex  1.892108e+02  4.326101e+01  7.600000e+01
     vertex  1.862731e+02  3.690654e+01  7.600000e+01
   endloop
 endfacet
 facet normal  1.479367e-14 -2.489242e-14  1.000000e+00
   outer loop
     vertex  1.066423e+02  8.777417e+01  7.600000e+01
     vertex  1.030019e+02  8.161443e+01  7.600000e+01
     vertex  1.033027e+02  8.122227e+01  7.600000e+01
   endloop
 endfacet
 facet normal -8.774187e-15 -1.096383e-14  1.000000e+00
   outer loop
     vertex  1.066423e+02  8.777417e+01  7.600000e+01
     vertex  1.026161e+02  8.192322e+01  7.600000e+01
     vertex  1.030019e+02  8.161443e+01  7.600000e+01
   endloop
 endfacet
 facet normal  3.937436e-15 -1.971117e-14  1.000000e+00
   outer loop
     vertex  1.066423e+02  8.777417e+01  7.600000e+01
     vertex  1.055538e+02  8.827769e+01  7.600000e+01
     vertex  1.026161e+02  8.192322e+01  7.600000e+01
   endloop
 endfacet
 facet normal -2.991495e-15 -1.542232e-14  1.000000e+00
   outer loop
     vertex  1.882744e+02  4.401039e+01  7.600000e+01
     vertex  1.853394e+02  3.720813e+01  7.600000e+01
     vertex  1.858246e+02  3.711402e+01  7.600000e+01
   endloop
 endfacet
 facet normal  8.560061e-16 -1.708243e-14  1.000000e+00
   outer loop
     vertex  1.882744e+02  4.401039e+01  7.600000e+01
     vertex  1.848458e+02  3.718339e+01  7.600000e+01
     vertex  1.853394e+02  3.720813e+01  7.600000e+01
   endloop
 endfacet
 facet normal  1.544341e-15 -1.703364e-14  1.000000e+00
   outer loop
     vertex  1.882744e+02  4.401039e+01  7.600000e+01
     vertex  1.858246e+02  3.711402e+01  7.600000e+01
     vertex  1.892108e+02  4.326101e+01  7.600000e+01
   endloop
 endfacet
 facet normal -3.365432e-15 -1.735011e-14  1.000000e+00
   outer loop
     vertex  1.046174e+02  8.902707e+01  7.600000e+01
     vertex  1.016824e+02  8.222481e+01  7.600000e+01
     vertex  1.021675e+02  8.213070e+01  7.600000e+01
   endloop
 endfacet
 facet normal  9.630068e-16 -1.921774e-14  1.000000e+00
   outer loop
     vertex  1.046174e+02  8.902707e+01  7.600000e+01
     vertex  1.011888e+02  8.220007e+01  7.600000e+01
     vertex  1.016824e+02  8.222481e+01  7.600000e+01
   endloop
 endfacet
 facet normal  2.602979e-16 -1.863812e-14  1.000000e+00
   outer loop
     vertex  1.046174e+02  8.902707e+01  7.600000e+01
     vertex  1.021675e+02  8.213070e+01  7.600000e+01
     vertex  1.055538e+02  8.827769e+01  7.600000e+01
   endloop
 endfacet
 facet normal  4.278967e-14 -4.404961e-14  1.000000e+00
   outer loop
     vertex  1.914768e+02  4.252911e+01  7.600000e+01
     vertex  1.869597e+02  3.620559e+01  7.600000e+01
     vertex  1.871579e+02  3.575285e+01  7.600000e+01
   endloop
 endfacet
 facet normal  8.303712e-15 -1.941537e-14  1.000000e+00
   outer loop
     vertex  1.914768e+02  4.252911e+01  7.600000e+01
     vertex  1.902994e+02  4.275749e+01  7.600000e+01
     vertex  1.869597e+02  3.620559e+01  7.600000e+01
   endloop
 endfacet
 facet normal -1.560619e-14 -6.830489e-15  1.000000e+00
   outer loop
     vertex  1.078197e+02  8.754579e+01  7.600000e+01
     vertex  1.033027e+02  8.122227e+01  7.600000e+01
     vertex  1.035008e+02  8.076953e+01  7.600000e+01
   endloop
 endfacet
 facet normal -3.062910e-15 -1.579049e-14  1.000000e+00
   outer loop
     vertex  1.078197e+02  8.754579e+01  7.600000e+01
     vertex  1.066423e+02  8.777417e+01  7.600000e+01
     vertex  1.033027e+02  8.122227e+01  7.600000e+01
   endloop
 endfacet
 facet normal  6.124159e-15 -2.039366e-14  1.000000e+00
   outer loop
     vertex  1.875446e+02  4.496209e+01  7.600000e+01
     vertex  1.843725e+02  3.704126e+01  7.600000e+01
     vertex  1.848458e+02  3.718339e+01  7.600000e+01
   endloop
 endfacet
 facet normal  1.041015e-14 -2.188065e-14  1.000000e+00
   outer loop
     vertex  1.875446e+02  4.496209e+01  7.600000e+01
     vertex  1.848458e+02  3.718339e+01  7.600000e+01
     vertex  1.882744e+02  4.401039e+01  7.600000e+01
   endloop
 endfacet
 facet normal  6.124159e-15 -2.039366e-14  1.000000e+00
   outer loop
     vertex  1.038876e+02  8.997877e+01  7.600000e+01
     vertex  1.007155e+02  8.205794e+01  7.600000e+01
     vertex  1.011888e+02  8.220007e+01  7.600000e+01
   endloop
 endfacet
 facet normal -2.995886e-15 -1.722953e-14  1.000000e+00
   outer loop
     vertex  1.038876e+02  8.997877e+01  7.600000e+01
     vertex  1.011888e+02  8.220007e+01  7.600000e+01
     vertex  1.046174e+02  8.902707e+01  7.600000e+01
   endloop
 endfacet
 facet normal -2.364189e-14 -1.708866e-15  1.000000e+00
   outer loop
     vertex  1.926746e+02  4.258913e+01  7.600000e+01
     vertex  1.914768e+02  4.252911e+01  7.600000e+01
     vertex  1.871579e+02  3.575285e+01  7.600000e+01
   endloop
 endfacet
 facet normal -8.585165e-16 -2.009460e-14  1.000000e+00
   outer loop
     vertex  1.926746e+02  4.258913e+01  7.600000e+01
     vertex  1.871579e+02  3.575285e+01  7.600000e+01
     vertex  1.968456e+02  3.251017e+01  7.600000e+01
   endloop
 endfacet
 facet normal  8.684491e-16 -1.733075e-14  1.000000e+00
   outer loop
     vertex  1.090176e+02  8.760581e+01  7.600000e+01
     vertex  1.078197e+02  8.754579e+01  7.600000e+01
     vertex  1.035008e+02  8.076953e+01  7.600000e+01
   endloop
 endfacet
 facet normal  1.281226e-14 -2.696917e-14  1.000000e+00
   outer loop
     vertex  1.090176e+02  8.760581e+01  7.600000e+01
     vertex  1.035008e+02  8.076953e+01  7.600000e+01
     vertex  1.035849e+02  8.028253e+01  7.600000e+01
   endloop
 endfacet
 facet normal  8.295087e-15 -1.404803e-14  1.000000e+00
   outer loop
     vertex  9.554372e+01  9.518956e+01  7.600000e+01
     vertex  1.002899e+02  8.180666e+01  7.600000e+01
     vertex  1.007155e+02  8.205794e+01  7.600000e+01
   endloop
 endfacet
 facet normal -8.290241e-16 -1.728388e-14  1.000000e+00
   outer loop
     vertex  9.554372e+01  9.518956e+01  7.600000e+01
     vertex  9.109787e+01  8.142535e+01  7.600000e+01
     vertex  1.002899e+02  8.180666e+01  7.600000e+01
   endloop
 endfacet
 facet normal -5.973863e-15 -1.554873e-14  1.000000e+00
   outer loop
     vertex  1.870637e+02  4.606081e+01  7.600000e+01
     vertex  1.843725e+02  3.704126e+01  7.600000e+01
     vertex  1.875446e+02  4.496209e+01  7.600000e+01
   endloop
 endfacet
 facet normal -2.811352e-14 -8.942830e-15  1.000000e+00
   outer loop
     vertex  1.870637e+02  4.606081e+01  7.600000e+01
     vertex  1.839470e+02  3.678998e+01  7.600000e+01
     vertex  1.843725e+02  3.704126e+01  7.600000e+01
   endloop
 endfacet
 facet normal  2.686388e-14 -2.742562e-14  1.000000e+00
   outer loop
     vertex  1.870637e+02  4.606081e+01  7.600000e+01
     vertex  1.835939e+02  3.644416e+01  7.600000e+01
     vertex  1.839470e+02  3.678998e+01  7.600000e+01
   endloop
 endfacet
 facet normal  9.457840e-15 -2.172871e-14  1.000000e+00
   outer loop
     vertex  1.034067e+02  9.107748e+01  7.600000e+01
     vertex  1.007155e+02  8.205794e+01  7.600000e+01
     vertex  1.038876e+02  8.997877e+01  7.600000e+01
   endloop
 endfacet
 facet normal -2.299520e-15 -1.822062e-14  1.000000e+00
   outer loop
     vertex  1.034067e+02  9.107748e+01  7.600000e+01
     vertex  9.554372e+01  9.518956e+01  7.600000e+01
     vertex  1.007155e+02  8.205794e+01  7.600000e+01
   endloop
 endfacet
 facet normal  1.627655e-14 -1.300353e-14  1.000000e+00
   outer loop
     vertex  1.938233e+02  4.293408e+01  7.600000e+01
     vertex  1.926746e+02  4.258913e+01  7.600000e+01
     vertex  1.968456e+02  3.251017e+01  7.600000e+01
   endloop
 endfacet
 facet normal -9.169863e-15 -1.066197e-14  1.000000e+00
   outer loop
     vertex  1.101662e+02  8.795075e+01  7.600000e+01
     vertex  1.090176e+02  8.760581e+01  7.600000e+01
     vertex  1.035849e+02  8.028253e+01  7.600000e+01
   endloop
 endfacet
 facet normal -2.353635e-14  1.668266e-15  1.000000e+00
   outer loop
     vertex  1.101662e+02  8.795075e+01  7.600000e+01
     vertex  1.035849e+02  8.028253e+01  7.600000e+01
     vertex  1.035499e+02  7.978957e+01  7.600000e+01
   endloop
 endfacet
 facet normal  3.622018e-17 -1.744210e-14  1.000000e+00
   outer loop
     vertex  1.101662e+02  8.795075e+01  7.600000e+01
     vertex  1.035499e+02  7.978957e+01  7.600000e+01
     vertex  1.328202e+02  7.333239e+01  7.600000e+01
   endloop
 endfacet
 facet normal -1.070270e-14 -1.387116e-14  1.000000e+00
   outer loop
     vertex  1.868597e+02  4.724267e+01  7.600000e+01
     vertex  1.835939e+02  3.644416e+01  7.600000e+01
     vertex  1.870637e+02  4.606081e+01  7.600000e+01
   endloop
 endfacet
 facet normal -1.621633e-15 -2.241347e-14  1.000000e+00
   outer loop
     vertex  1.868597e+02  4.724267e+01  7.600000e+01
     vertex  1.636633e+02  5.906547e+01  7.600000e+01
     vertex  1.606495e+02  5.611336e+01  7.600000e+01
   endloop
 endfacet
 facet normal  1.578102e-16 -1.715574e-14  1.000000e+00
   outer loop
     vertex  1.868597e+02  4.724267e+01  7.600000e+01
     vertex  1.606495e+02  5.611336e+01  7.600000e+01
     vertex  1.835939e+02  3.644416e+01  7.600000e+01
   endloop
 endfacet
 facet normal  1.034437e-15 -1.184553e-14  1.000000e+00
   outer loop
     vertex  1.032027e+02  9.225935e+01  7.600000e+01
     vertex  9.554372e+01  9.518956e+01  7.600000e+01
     vertex  1.034067e+02  9.107748e+01  7.600000e+01
   endloop
 endfacet
 facet normal -2.813676e-15 -1.853863e-14  1.000000e+00
   outer loop
     vertex  1.948560e+02  4.354389e+01  7.600000e+01
     vertex  1.938233e+02  4.293408e+01  7.600000e+01
     vertex  1.968456e+02  3.251017e+01  7.600000e+01
   endloop
 endfacet
 facet normal  5.395310e-15 -9.137153e-15  1.000000e+00
   outer loop
     vertex  1.111990e+02  8.856057e+01  7.600000e+01
     vertex  1.101662e+02  8.795075e+01  7.600000e+01
     vertex  1.328202e+02  7.333239e+01  7.600000e+01
   endloop
 endfacet
 facet normal -2.226109e-15 -2.359946e-14  1.000000e+00
   outer loop
     vertex  1.869445e+02  4.843901e+01  7.600000e+01
     vertex  1.636633e+02  5.906547e+01  7.600000e+01
     vertex  1.868597e+02  4.724267e+01  7.600000e+01
   endloop
 endfacet
 facet normal  9.948010e-16 -1.194914e-14  1.000000e+00
   outer loop
     vertex  1.032875e+02  9.345569e+01  7.600000e+01
     vertex  9.554372e+01  9.518956e+01  7.600000e+01
     vertex  1.032027e+02  9.225935e+01  7.600000e+01
   endloop
 endfacet
 facet normal -5.173431e-16 -1.753204e-14  1.000000e+00
   outer loop
     vertex  1.341169e+02  7.734695e+01  7.600000e+01
     vertex  1.111990e+02  8.856057e+01  7.600000e+01
     vertex  1.328202e+02  7.333239e+01  7.600000e+01
   endloop
 endfacet
 facet normal  9.143050e-16 -1.786640e-14  1.000000e+00
   outer loop
     vertex  1.957128e+02  4.438313e+01  7.600000e+01
     vertex  1.948560e+02  4.354389e+01  7.600000e+01
     vertex  1.968456e+02  3.251017e+01  7.600000e+01
   endloop
 endfacet
 facet normal -5.674746e-15 -2.807254e-14  1.000000e+00
   outer loop
     vertex  1.120558e+02  8.939981e+01  7.600000e+01
     vertex  1.111990e+02  8.856057e+01  7.600000e+01
     vertex  1.341169e+02  7.734695e+01  7.600000e+01
   endloop
 endfacet
 facet normal  2.494422e-15 -1.325736e-14  1.000000e+00
   outer loop
     vertex  1.873132e+02  4.958029e+01  7.600000e+01
     vertex  1.636633e+02  5.906547e+01  7.600000e+01
     vertex  1.869445e+02  4.843901e+01  7.600000e+01
   endloop
 endfacet
 facet normal -1.777162e-15 -2.432930e-14  1.000000e+00
   outer loop
     vertex  1.036562e+02  9.459697e+01  7.600000e+01
     vertex  9.554372e+01  9.518956e+01  7.600000e+01
     vertex  1.032875e+02  9.345569e+01  7.600000e+01
   endloop
 endfacet
 facet normal  1.532016e-15 -1.488152e-14  1.000000e+00
   outer loop
     vertex  1.126868e+02  9.041971e+01  7.600000e+01
     vertex  1.120558e+02  8.939981e+01  7.600000e+01
     vertex  1.341169e+02  7.734695e+01  7.600000e+01
   endloop
 endfacet
 facet normal -9.737847e-16 -1.333109e-14  1.000000e+00
   outer loop
     vertex  1.042872e+02  9.561687e+01  7.600000e+01
     vertex  9.554372e+01  9.518956e+01  7.600000e+01
     vertex  1.036562e+02  9.459697e+01  7.600000e+01
   endloop
 endfacet
 facet normal  2.439987e-15 -1.339309e-14  1.000000e+00
   outer loop
     vertex  1.658831e+02  6.265305e+01  7.600000e+01
     vertex  1.636633e+02  5.906547e+01  7.600000e+01
     vertex  1.873132e+02  4.958029e+01  7.600000e+01
   endloop
 endfacet
 facet normal  1.962451e-15 -1.308554e-14  1.000000e+00
   outer loop
     vertex  1.363367e+02  8.093453e+01  7.600000e+01
     vertex  1.130555e+02  9.156099e+01  7.600000e+01
     vertex  1.126868e+02  9.041971e+01  7.600000e+01
   endloop
 endfacet
 facet normal -2.817379e-15 -2.355755e-14  1.000000e+00
   outer loop
     vertex  1.363367e+02  8.093453e+01  7.600000e+01
     vertex  1.131403e+02  9.275733e+01  7.600000e+01
     vertex  1.130555e+02  9.156099e+01  7.600000e+01
   endloop
 endfacet
 facet normal  6.857510e-16 -1.626880e-14  1.000000e+00
   outer loop
     vertex  1.363367e+02  8.093453e+01  7.600000e+01
     vertex  1.126868e+02  9.041971e+01  7.600000e+01
     vertex  1.341169e+02  7.734695e+01  7.600000e+01
   endloop
 endfacet
 facet normal -7.443979e-16 -1.802466e-14  1.000000e+00
   outer loop
     vertex  2.044563e+02  4.481044e+01  7.600000e+01
     vertex  1.957128e+02  4.438313e+01  7.600000e+01
     vertex  1.968456e+02  3.251017e+01  7.600000e+01
   endloop
 endfacet
 facet normal -9.737847e-16 -1.333109e-14  1.000000e+00
   outer loop
     vertex  2.044563e+02  4.481044e+01  7.600000e+01
     vertex  1.963438e+02  4.540303e+01  7.600000e+01
     vertex  1.957128e+02  4.438313e+01  7.600000e+01
   endloop
 endfacet
 facet normal -1.777162e-15 -2.432930e-14  1.000000e+00
   outer loop
     vertex  2.044563e+02  4.481044e+01  7.600000e+01
     vertex  1.967125e+02  4.654431e+01  7.600000e+01
     vertex  1.963438e+02  4.540303e+01  7.600000e+01
   endloop
 endfacet
 facet normal  9.948010e-16 -1.194914e-14  1.000000e+00
   outer loop
     vertex  2.044563e+02  4.481044e+01  7.600000e+01
     vertex  1.967973e+02  4.774065e+01  7.600000e+01
     vertex  1.967125e+02  4.654431e+01  7.600000e+01
   endloop
 endfacet
 facet normal  1.034437e-15 -1.184553e-14  1.000000e+00
   outer loop
     vertex  2.044563e+02  4.481044e+01  7.600000e+01
     vertex  1.965933e+02  4.892252e+01  7.600000e+01
     vertex  1.967973e+02  4.774065e+01  7.600000e+01
   endloop
 endfacet
 facet normal -4.108020e-16 -1.883582e-14  1.000000e+00
   outer loop
     vertex  1.393505e+02  8.388664e+01  7.600000e+01
     vertex  1.131403e+02  9.275733e+01  7.600000e+01
     vertex  1.363367e+02  8.093453e+01  7.600000e+01
   endloop
 endfacet
 facet normal -7.443979e-16 -1.802466e-14  1.000000e+00
   outer loop
     vertex  1.031544e+02  1.074898e+02  7.600000e+01
     vertex  9.554372e+01  9.518956e+01  7.600000e+01
     vertex  1.042872e+02  9.561687e+01  7.600000e+01
   endloop
 endfacet
 facet normal  4.895836e-15 -1.630330e-14  1.000000e+00
   outer loop
     vertex  1.031544e+02  1.074898e+02  7.600000e+01
     vertex  1.061767e+02  9.706592e+01  7.600000e+01
     vertex  1.073254e+02  9.741087e+01  7.600000e+01
   endloop
 endfacet
 facet normal -2.813676e-15 -1.853863e-14  1.000000e+00
   outer loop
     vertex  1.031544e+02  1.074898e+02  7.600000e+01
     vertex  1.051440e+02  9.645611e+01  7.600000e+01
     vertex  1.061767e+02  9.706592e+01  7.600000e+01
   endloop
 endfacet
 facet normal  9.143050e-16 -1.786640e-14  1.000000e+00
   outer loop
     vertex  1.031544e+02  1.074898e+02  7.600000e+01
     vertex  1.042872e+02  9.561687e+01  7.600000e+01
     vertex  1.051440e+02  9.645611e+01  7.600000e+01
   endloop
 endfacet
 facet normal  1.469259e-14 -2.468339e-14  1.000000e+00
   outer loop
     vertex  1.973839e+02  5.807678e+01  7.600000e+01
     vertex  1.933577e+02  5.222583e+01  7.600000e+01
     vertex  1.944462e+02  5.172231e+01  7.600000e+01
   endloop
 endfacet
 facet normal -1.586845e-14 -6.082005e-15  1.000000e+00
   outer loop
     vertex  1.137269e+02  1.030935e+02  7.600000e+01
     vertex  1.097006e+02  9.724251e+01  7.600000e+01
     vertex  1.107892e+02  9.673899e+01  7.600000e+01
   endloop
 endfacet
 facet normal -1.023745e-15 -2.024260e-14  1.000000e+00
   outer loop
     vertex  1.978325e+02  5.786930e+01  7.600000e+01
     vertex  1.944462e+02  5.172231e+01  7.600000e+01
     vertex  1.953826e+02  5.097293e+01  7.600000e+01
   endloop
 endfacet
 facet normal -3.291866e-14 -2.672245e-15  1.000000e+00
   outer loop
     vertex  1.978325e+02  5.786930e+01  7.600000e+01
     vertex  1.973839e+02  5.807678e+01  7.600000e+01
     vertex  1.944462e+02  5.172231e+01  7.600000e+01
   endloop
 endfacet
 facet normal -5.113292e-15 -1.105422e-14  1.000000e+00
   outer loop
     vertex  1.141754e+02  1.028860e+02  7.600000e+01
     vertex  1.137269e+02  1.030935e+02  7.600000e+01
     vertex  1.107892e+02  9.673899e+01  7.600000e+01
   endloop
 endfacet
 facet normal  1.336103e-14 -2.123140e-14  1.000000e+00
   outer loop
     vertex  1.141754e+02  1.028860e+02  7.600000e+01
     vertex  1.107892e+02  9.673899e+01  7.600000e+01
     vertex  1.117256e+02  9.598961e+01  7.600000e+01
   endloop
 endfacet
 facet normal -7.520731e-15 -9.397570e-15  1.000000e+00
   outer loop
     vertex  1.969981e+02  5.838557e+01  7.600000e+01
     vertex  1.933577e+02  5.222583e+01  7.600000e+01
     vertex  1.973839e+02  5.807678e+01  7.600000e+01
   endloop
 endfacet
 facet normal  1.497616e-14 -2.730733e-14  1.000000e+00
   outer loop
     vertex  1.133410e+02  1.034023e+02  7.600000e+01
     vertex  1.097006e+02  9.724251e+01  7.600000e+01
     vertex  1.137269e+02  1.030935e+02  7.600000e+01
   endloop
 endfacet
 facet normal  2.366360e-14 -2.901255e-14  1.000000e+00
   outer loop
     vertex  1.983176e+02  5.777519e+01  7.600000e+01
     vertex  1.978325e+02  5.786930e+01  7.600000e+01
     vertex  1.953826e+02  5.097293e+01  7.600000e+01
   endloop
 endfacet
 facet normal -2.991495e-15 -1.542232e-14  1.000000e+00
   outer loop
     vertex  1.146606e+02  1.027919e+02  7.600000e+01
     vertex  1.141754e+02  1.028860e+02  7.600000e+01
     vertex  1.117256e+02  9.598961e+01  7.600000e+01
   endloop
 endfacet
 facet normal  1.649267e-14 -2.358948e-14  1.000000e+00
   outer loop
     vertex  1.966973e+02  5.877773e+01  7.600000e+01
     vertex  1.933577e+02  5.222583e+01  7.600000e+01
     vertex  1.969981e+02  5.838557e+01  7.600000e+01
   endloop
 endfacet
 facet normal -1.366380e-14 -8.217991e-15  1.000000e+00
   outer loop
     vertex  1.966973e+02  5.877773e+01  7.600000e+01
     vertex  1.921803e+02  5.245421e+01  7.600000e+01
     vertex  1.933577e+02  5.222583e+01  7.600000e+01
   endloop
 endfacet
 facet normal -1.359203e-14 -1.042354e-14  1.000000e+00
   outer loop
     vertex  1.130403e+02  1.037944e+02  7.600000e+01
     vertex  1.097006e+02  9.724251e+01  7.600000e+01
     vertex  1.133410e+02  1.034023e+02  7.600000e+01
   endloop
 endfacet
 facet normal  7.920848e-15 -2.138918e-14  1.000000e+00
   outer loop
     vertex  1.130403e+02  1.037944e+02  7.600000e+01
     vertex  1.085232e+02  9.747089e+01  7.600000e+01
     vertex  1.097006e+02  9.724251e+01  7.600000e+01
   endloop
 endfacet
 facet normal  9.630068e-16 -1.921774e-14  1.000000e+00
   outer loop
     vertex  1.988112e+02  5.779993e+01  7.600000e+01
     vertex  1.983176e+02  5.777519e+01  7.600000e+01
     vertex  1.953826e+02  5.097293e+01  7.600000e+01
   endloop
 endfacet
 facet normal -2.995886e-15 -1.722953e-14  1.000000e+00
   outer loop
     vertex  1.988112e+02  5.779993e+01  7.600000e+01
     vertex  1.953826e+02  5.097293e+01  7.600000e+01
     vertex  1.961124e+02  5.002123e+01  7.600000e+01
   endloop
 endfacet
 facet normal  8.560061e-16 -1.708243e-14  1.000000e+00
   outer loop
     vertex  1.151542e+02  1.028166e+02  7.600000e+01
     vertex  1.146606e+02  1.027919e+02  7.600000e+01
     vertex  1.117256e+02  9.598961e+01  7.600000e+01
   endloop
 endfacet
 facet normal  1.041015e-14 -2.188065e-14  1.000000e+00
   outer loop
     vertex  1.151542e+02  1.028166e+02  7.600000e+01
     vertex  1.117256e+02  9.598961e+01  7.600000e+01
     vertex  1.124554e+02  9.503791e+01  7.600000e+01
   endloop
 endfacet
 facet normal -1.265903e-16 -1.760047e-14  1.000000e+00
   outer loop
     vertex  1.782247e+02  6.902359e+01  7.600000e+01
     vertex  1.658831e+02  6.265305e+01  7.600000e+01
     vertex  1.873132e+02  4.958029e+01  7.600000e+01
   endloop
 endfacet
 facet normal  3.321460e-15 -1.598872e-14  1.000000e+00
   outer loop
     vertex  1.782247e+02  6.902359e+01  7.600000e+01
     vertex  1.873132e+02  4.958029e+01  7.600000e+01
     vertex  1.879442e+02  5.060019e+01  7.600000e+01
   endloop
 endfacet
 facet normal -7.782324e-16 -1.444708e-14  1.000000e+00
   outer loop
     vertex  1.782247e+02  6.902359e+01  7.600000e+01
     vertex  1.758179e+02  7.013689e+01  7.600000e+01
     vertex  1.671798e+02  6.666761e+01  7.600000e+01
   endloop
 endfacet
 facet normal -9.078961e-17 -1.766982e-14  1.000000e+00
   outer loop
     vertex  1.782247e+02  6.902359e+01  7.600000e+01
     vertex  1.671798e+02  6.666761e+01  7.600000e+01
     vertex  1.658831e+02  6.265305e+01  7.600000e+01
   endloop
 endfacet
 facet normal -1.560619e-14 -6.830489e-15  1.000000e+00
   outer loop
     vertex  1.964992e+02  5.923047e+01  7.600000e+01
     vertex  1.921803e+02  5.245421e+01  7.600000e+01
     vertex  1.966973e+02  5.877773e+01  7.600000e+01
   endloop
 endfacet
 facet normal  8.684491e-16 -1.733075e-14  1.000000e+00
   outer loop
     vertex  1.964992e+02  5.923047e+01  7.600000e+01
     vertex  1.909824e+02  5.239419e+01  7.600000e+01
     vertex  1.921803e+02  5.245421e+01  7.600000e+01
   endloop
 endfacet
 facet normal  1.359174e-14 -2.544005e-14  1.000000e+00
   outer loop
     vertex  1.128421e+02  1.042471e+02  7.600000e+01
     vertex  1.085232e+02  9.747089e+01  7.600000e+01
     vertex  1.130403e+02  1.037944e+02  7.600000e+01
   endloop
 endfacet
 facet normal -3.106940e-16 -1.845794e-14  1.000000e+00
   outer loop
     vertex  1.128421e+02  1.042471e+02  7.600000e+01
     vertex  1.031544e+02  1.074898e+02  7.600000e+01
     vertex  1.073254e+02  9.741087e+01  7.600000e+01
   endloop
 endfacet
 facet normal -1.138672e-14 -9.519807e-15  1.000000e+00
   outer loop
     vertex  1.128421e+02  1.042471e+02  7.600000e+01
     vertex  1.073254e+02  9.741087e+01  7.600000e+01
     vertex  1.085232e+02  9.747089e+01  7.600000e+01
   endloop
 endfacet
 facet normal -2.299520e-15 -1.822062e-14  1.000000e+00
   outer loop
     vertex  1.992845e+02  5.794206e+01  7.600000e+01
     vertex  1.965933e+02  4.892252e+01  7.600000e+01
     vertex  2.044563e+02  4.481044e+01  7.600000e+01
   endloop
 endfacet
 facet normal  9.457840e-15 -2.172871e-14  1.000000e+00
   outer loop
     vertex  1.992845e+02  5.794206e+01  7.600000e+01
     vertex  1.961124e+02  5.002123e+01  7.600000e+01
     vertex  1.965933e+02  4.892252e+01  7.600000e+01
   endloop
 endfacet
 facet normal  6.124159e-15 -2.039366e-14  1.000000e+00
   outer loop
     vertex  1.992845e+02  5.794206e+01  7.600000e+01
     vertex  1.988112e+02  5.779993e+01  7.600000e+01
     vertex  1.961124e+02  5.002123e+01  7.600000e+01
   endloop
 endfacet
 facet normal  6.124159e-15 -2.039366e-14  1.000000e+00
   outer loop
     vertex  1.156275e+02  1.029587e+02  7.600000e+01
     vertex  1.151542e+02  1.028166e+02  7.600000e+01
     vertex  1.124554e+02  9.503791e+01  7.600000e+01
   endloop
 endfacet
 facet normal -5.973863e-15 -1.554873e-14  1.000000e+00
   outer loop
     vertex  1.156275e+02  1.029587e+02  7.600000e+01
     vertex  1.124554e+02  9.503791e+01  7.600000e+01
     vertex  1.129363e+02  9.393919e+01  7.600000e+01
   endloop
 endfacet
 facet normal  4.792621e-15 -2.831782e-14  1.000000e+00
   outer loop
     vertex  1.737474e+02  7.179382e+01  7.600000e+01
     vertex  1.671798e+02  6.666761e+01  7.600000e+01
     vertex  1.758179e+02  7.013689e+01  7.600000e+01
   endloop
 endfacet
 facet normal -4.373210e-15 -1.657464e-14  1.000000e+00
   outer loop
     vertex  1.737474e+02  7.179382e+01  7.600000e+01
     vertex  1.674781e+02  7.087583e+01  7.600000e+01
     vertex  1.671798e+02  6.666761e+01  7.600000e+01
   endloop
 endfacet
 facet normal  1.281226e-14 -2.696917e-14  1.000000e+00
   outer loop
     vertex  1.964151e+02  5.971747e+01  7.600000e+01
     vertex  1.909824e+02  5.239419e+01  7.600000e+01
     vertex  1.964992e+02  5.923047e+01  7.600000e+01
   endloop
 endfacet
 facet normal -9.169863e-15 -1.066197e-14  1.000000e+00
   outer loop
     vertex  1.964151e+02  5.971747e+01  7.600000e+01
     vertex  1.898338e+02  5.204925e+01  7.600000e+01
     vertex  1.909824e+02  5.239419e+01  7.600000e+01
   endloop
 endfacet
 facet normal  6.227279e-15  1.074719e-15  1.000000e+00
   outer loop
     vertex  1.127581e+02  1.047341e+02  7.600000e+01
     vertex  1.031544e+02  1.074898e+02  7.600000e+01
     vertex  1.128421e+02  1.042471e+02  7.600000e+01
   endloop
 endfacet
 facet normal  8.295087e-15 -1.404803e-14  1.000000e+00
   outer loop
     vertex  1.997101e+02  5.819334e+01  7.600000e+01
     vertex  1.992845e+02  5.794206e+01  7.600000e+01
     vertex  2.044563e+02  4.481044e+01  7.600000e+01
   endloop
 endfacet
 facet normal -2.811352e-14 -8.942830e-15  1.000000e+00
   outer loop
     vertex  1.160530e+02  1.032100e+02  7.600000e+01
     vertex  1.156275e+02  1.029587e+02  7.600000e+01
     vertex  1.129363e+02  9.393919e+01  7.600000e+01
   endloop
 endfacet
 facet normal -1.045929e-14 -2.318795e-14  1.000000e+00
   outer loop
     vertex  1.808279e+02  6.851862e+01  7.600000e+01
     vertex  1.879442e+02  5.060019e+01  7.600000e+01
     vertex  1.888010e+02  5.143943e+01  7.600000e+01
   endloop
 endfacet
 facet normal -9.914671e-15 -2.297166e-14  1.000000e+00
   outer loop
     vertex  1.808279e+02  6.851862e+01  7.600000e+01
     vertex  1.782247e+02  6.902359e+01  7.600000e+01
     vertex  1.879442e+02  5.060019e+01  7.600000e+01
   endloop
 endfacet
 facet normal -2.353635e-14  1.668266e-15  1.000000e+00
   outer loop
     vertex  1.964501e+02  6.021043e+01  7.600000e+01
     vertex  1.898338e+02  5.204925e+01  7.600000e+01
     vertex  1.964151e+02  5.971747e+01  7.600000e+01
   endloop
 endfacet
 facet normal -2.305925e-15 -2.866395e-14  1.000000e+00
   outer loop
     vertex  1.127930e+02  1.052271e+02  7.600000e+01
     vertex  1.031544e+02  1.074898e+02  7.600000e+01
     vertex  1.127581e+02  1.047341e+02  7.600000e+01
   endloop
 endfacet
 facet normal -1.070270e-14 -1.387116e-14  1.000000e+00
   outer loop
     vertex  1.164061e+02  1.035558e+02  7.600000e+01
     vertex  1.129363e+02  9.393919e+01  7.600000e+01
     vertex  1.131403e+02  9.275733e+01  7.600000e+01
   endloop
 endfacet
 facet normal  1.578102e-16 -1.715574e-14  1.000000e+00
   outer loop
     vertex  1.164061e+02  1.035558e+02  7.600000e+01
     vertex  1.131403e+02  9.275733e+01  7.600000e+01
     vertex  1.393505e+02  8.388664e+01  7.600000e+01
   endloop
 endfacet
 facet normal  2.686388e-14 -2.742562e-14  1.000000e+00
   outer loop
     vertex  1.164061e+02  1.035558e+02  7.600000e+01
     vertex  1.160530e+02  1.032100e+02  7.600000e+01
     vertex  1.129363e+02  9.393919e+01  7.600000e+01
   endloop
 endfacet
 facet normal -2.482520e-15 -2.941620e-14  1.000000e+00
   outer loop
     vertex  1.129449e+02  1.056974e+02  7.600000e+01
     vertex  1.031544e+02  1.074898e+02  7.600000e+01
     vertex  1.127930e+02  1.052271e+02  7.600000e+01
   endloop
 endfacet
 facet normal -5.224607e-15 -1.076003e-14  1.000000e+00
   outer loop
     vertex  1.721337e+02  7.389808e+01  7.600000e+01
     vertex  1.674781e+02  7.087583e+01  7.600000e+01
     vertex  1.737474e+02  7.179382e+01  7.600000e+01
   endloop
 endfacet
 facet normal -1.002286e-15 -1.726432e-14  1.000000e+00
   outer loop
     vertex  1.721337e+02  7.389808e+01  7.600000e+01
     vertex  1.667606e+02  7.503316e+01  7.600000e+01
     vertex  1.674781e+02  7.087583e+01  7.600000e+01
   endloop
 endfacet
 facet normal -2.816916e-14 -5.019961e-14  1.000000e+00
   outer loop
     vertex  1.166661e+02  1.039761e+02  7.600000e+01
     vertex  1.164061e+02  1.035558e+02  7.600000e+01
     vertex  1.393505e+02  8.388664e+01  7.600000e+01
   endloop
 endfacet
 facet normal  2.607589e-15 -1.613416e-15  1.000000e+00
   outer loop
     vertex  1.132050e+02  1.061176e+02  7.600000e+01
     vertex  1.031544e+02  1.074898e+02  7.600000e+01
     vertex  1.129449e+02  1.056974e+02  7.600000e+01
   endloop
 endfacet
 facet normal  6.139321e-15 -1.543923e-14  1.000000e+00
   outer loop
     vertex  1.834764e+02  6.865134e+01  7.600000e+01
     vertex  1.808279e+02  6.851862e+01  7.600000e+01
     vertex  1.888010e+02  5.143943e+01  7.600000e+01
   endloop
 endfacet
 facet normal  8.656714e-15 -1.466046e-14  1.000000e+00
   outer loop
     vertex  1.834764e+02  6.865134e+01  7.600000e+01
     vertex  1.888010e+02  5.143943e+01  7.600000e+01
     vertex  1.898338e+02  5.204925e+01  7.600000e+01
   endloop
 endfacet
 facet normal -2.442147e-15 -3.860023e-14  1.000000e+00
   outer loop
     vertex  1.135580e+02  1.064635e+02  7.600000e+01
     vertex  1.031544e+02  1.074898e+02  7.600000e+01
     vertex  1.132050e+02  1.061176e+02  7.600000e+01
   endloop
 endfacet
 facet normal -1.170717e-15 -1.806162e-14  1.000000e+00
   outer loop
     vertex  1.710705e+02  7.632740e+01  7.600000e+01
     vertex  1.667606e+02  7.503316e+01  7.600000e+01
     vertex  1.721337e+02  7.389808e+01  7.600000e+01
   endloop
 endfacet
 facet normal  5.739251e-16 -1.787802e-14  1.000000e+00
   outer loop
     vertex  1.860162e+02  6.941402e+01  7.600000e+01
     vertex  1.898338e+02  5.204925e+01  7.600000e+01
     vertex  1.964501e+02  6.021043e+01  7.600000e+01
   endloop
 endfacet
 facet normal -1.770515e-16 -1.804311e-14  1.000000e+00
   outer loop
     vertex  1.860162e+02  6.941402e+01  7.600000e+01
     vertex  1.834764e+02  6.865134e+01  7.600000e+01
     vertex  1.898338e+02  5.204925e+01  7.600000e+01
   endloop
 endfacet
 facet normal -8.024714e-15 -2.762606e-14  1.000000e+00
   outer loop
     vertex  1.860162e+02  6.941402e+01  7.600000e+01
     vertex  1.964501e+02  6.021043e+01  7.600000e+01
     vertex  1.966020e+02  6.068071e+01  7.600000e+01
   endloop
 endfacet
 facet normal -1.611847e-15 -1.659264e-14  1.000000e+00
   outer loop
     vertex  1.706195e+02  7.894057e+01  7.600000e+01
     vertex  1.667606e+02  7.503316e+01  7.600000e+01
     vertex  1.710705e+02  7.632740e+01  7.600000e+01
   endloop
 endfacet
 facet normal  1.406322e-16 -1.832335e-14  1.000000e+00
   outer loop
     vertex  1.706195e+02  7.894057e+01  7.600000e+01
     vertex  1.650690e+02  7.889797e+01  7.600000e+01
     vertex  1.667606e+02  7.503316e+01  7.600000e+01
   endloop
 endfacet
 facet normal -3.228714e-15  3.296229e-15  1.000000e+00
   outer loop
     vertex  2.089021e+02  5.857465e+01  7.600000e+01
     vertex  2.000631e+02  5.853916e+01  7.600000e+01
     vertex  1.997101e+02  5.819334e+01  7.600000e+01
   endloop
 endfacet
 facet normal -3.087397e-15 -3.190419e-14  1.000000e+00
   outer loop
     vertex  2.089021e+02  5.857465e+01  7.600000e+01
     vertex  2.003231e+02  5.895942e+01  7.600000e+01
     vertex  2.000631e+02  5.853916e+01  7.600000e+01
   endloop
 endfacet
 facet normal -4.304713e-15 -5.904568e-14  1.000000e+00
   outer loop
     vertex  2.089021e+02  5.857465e+01  7.600000e+01
     vertex  2.004750e+02  5.942970e+01  7.600000e+01
     vertex  2.003231e+02  5.895942e+01  7.600000e+01
   endloop
 endfacet
 facet normal  4.578360e-15  2.850288e-14  1.000000e+00
   outer loop
     vertex  2.089021e+02  5.857465e+01  7.600000e+01
     vertex  2.005100e+02  5.992266e+01  7.600000e+01
     vertex  2.004750e+02  5.942970e+01  7.600000e+01
   endloop
 endfacet
 facet normal -4.820821e-15 -3.001233e-14  1.000000e+00
   outer loop
     vertex  2.089021e+02  5.857465e+01  7.600000e+01
     vertex  2.004259e+02  6.040966e+01  7.600000e+01
     vertex  2.005100e+02  5.992266e+01  7.600000e+01
   endloop
 endfacet
 facet normal -2.352600e-15 -1.782421e-14  1.000000e+00
   outer loop
     vertex  2.089021e+02  5.857465e+01  7.600000e+01
     vertex  1.997101e+02  5.819334e+01  7.600000e+01
     vertex  2.044563e+02  4.481044e+01  7.600000e+01
   endloop
 endfacet
 facet normal  1.852047e-15  8.106004e-16  1.000000e+00
   outer loop
     vertex  2.089021e+02  5.857465e+01  7.600000e+01
     vertex  2.002278e+02  6.086240e+01  7.600000e+01
     vertex  2.004259e+02  6.040966e+01  7.600000e+01
   endloop
 endfacet
 facet normal -9.926649e-15 -4.385009e-14  1.000000e+00
   outer loop
     vertex  2.089021e+02  5.857465e+01  7.600000e+01
     vertex  1.999270e+02  6.125456e+01  7.600000e+01
     vertex  2.002278e+02  6.086240e+01  7.600000e+01
   endloop
 endfacet
 facet normal -1.094437e-15 -1.922578e-14  1.000000e+00
   outer loop
     vertex  1.882996e+02  7.076235e+01  7.600000e+01
     vertex  1.860162e+02  6.941402e+01  7.600000e+01
     vertex  1.966020e+02  6.068071e+01  7.600000e+01
   endloop
 endfacet
 facet normal  3.003071e-14  1.043477e-14  1.000000e+00
   outer loop
     vertex  1.882996e+02  7.076235e+01  7.600000e+01
     vertex  1.968620e+02  6.110097e+01  7.600000e+01
     vertex  1.972150e+02  6.144679e+01  7.600000e+01
   endloop
 endfacet
 facet normal -3.418583e-14 -4.647686e-14  1.000000e+00
   outer loop
     vertex  1.882996e+02  7.076235e+01  7.600000e+01
     vertex  1.966020e+02  6.068071e+01  7.600000e+01
     vertex  1.968620e+02  6.110097e+01  7.600000e+01
   endloop
 endfacet
 facet normal -3.258870e-15 -1.947903e-14  1.000000e+00
   outer loop
     vertex  1.708070e+02  8.158574e+01  7.600000e+01
     vertex  1.625017e+02  8.224567e+01  7.600000e+01
     vertex  1.650690e+02  7.889797e+01  7.600000e+01
   endloop
 endfacet
 facet normal  2.062780e-16 -2.687651e-14  1.000000e+00
   outer loop
     vertex  1.708070e+02  8.158574e+01  7.600000e+01
     vertex  1.650690e+02  7.889797e+01  7.600000e+01
     vertex  1.706195e+02  7.894057e+01  7.600000e+01
   endloop
 endfacet
 facet normal  1.511309e-15 -1.685956e-14  1.000000e+00
   outer loop
     vertex  1.901940e+02  7.261796e+01  7.600000e+01
     vertex  1.882996e+02  7.076235e+01  7.600000e+01
     vertex  1.972150e+02  6.144679e+01  7.600000e+01
   endloop
 endfacet
 facet normal  4.541227e-15 -1.512244e-14  1.000000e+00
   outer loop
     vertex  1.901940e+02  7.261796e+01  7.600000e+01
     vertex  1.976406e+02  6.169806e+01  7.600000e+01
     vertex  1.981139e+02  6.184020e+01  7.600000e+01
   endloop
 endfacet
 facet normal  7.669761e-15 -1.298902e-14  1.000000e+00
   outer loop
     vertex  1.901940e+02  7.261796e+01  7.600000e+01
     vertex  1.972150e+02  6.144679e+01  7.600000e+01
     vertex  1.976406e+02  6.169806e+01  7.600000e+01
   endloop
 endfacet
 facet normal -2.540824e-15 -1.044240e-14  1.000000e+00
   outer loop
     vertex  1.716220e+02  8.410918e+01  7.600000e+01
     vertex  1.625017e+02  8.224567e+01  7.600000e+01
     vertex  1.708070e+02  8.158574e+01  7.600000e+01
   endloop
 endfacet
 facet normal -4.985076e-15 -2.212270e-14  1.000000e+00
   outer loop
     vertex  1.915893e+02  7.487301e+01  7.600000e+01
     vertex  1.901940e+02  7.261796e+01  7.600000e+01
     vertex  1.981139e+02  6.184020e+01  7.600000e+01
   endloop
 endfacet
 facet normal -5.521401e-14 -4.726867e-14  1.000000e+00
   outer loop
     vertex  1.915893e+02  7.487301e+01  7.600000e+01
     vertex  1.981139e+02  6.184020e+01  7.600000e+01
     vertex  1.986075e+02  6.186493e+01  7.600000e+01
   endloop
 endfacet
 facet normal  2.835798e-14 -1.058601e-14  1.000000e+00
   outer loop
     vertex  1.134875e+02  1.176113e+02  7.600000e+01
     vertex  1.158842e+02  1.065800e+02  7.600000e+01
     vertex  1.162700e+02  1.062712e+02  7.600000e+01
   endloop
 endfacet
 facet normal -8.612032e-15 -1.861800e-14  1.000000e+00
   outer loop
     vertex  1.134875e+02  1.176113e+02  7.600000e+01
     vertex  1.154356e+02  1.067875e+02  7.600000e+01
     vertex  1.158842e+02  1.065800e+02  7.600000e+01
   endloop
 endfacet
 facet normal -3.430472e-15 -1.768542e-14  1.000000e+00
   outer loop
     vertex  1.134875e+02  1.176113e+02  7.600000e+01
     vertex  1.149505e+02  1.068816e+02  7.600000e+01
     vertex  1.154356e+02  1.067875e+02  7.600000e+01
   endloop
 endfacet
 facet normal  8.569292e-16 -1.710086e-14  1.000000e+00
   outer loop
     vertex  1.134875e+02  1.176113e+02  7.600000e+01
     vertex  1.144569e+02  1.068569e+02  7.600000e+01
     vertex  1.149505e+02  1.068816e+02  7.600000e+01
   endloop
 endfacet
 facet normal  5.022586e-15 -1.672539e-14  1.000000e+00
   outer loop
     vertex  1.134875e+02  1.176113e+02  7.600000e+01
     vertex  1.139836e+02  1.067147e+02  7.600000e+01
     vertex  1.144569e+02  1.068569e+02  7.600000e+01
   endloop
 endfacet
 facet normal  9.748968e-15 -1.651023e-14  1.000000e+00
   outer loop
     vertex  1.134875e+02  1.176113e+02  7.600000e+01
     vertex  1.135580e+02  1.064635e+02  7.600000e+01
     vertex  1.139836e+02  1.067147e+02  7.600000e+01
   endloop
 endfacet
 facet normal -2.691117e-16 -1.657357e-14  1.000000e+00
   outer loop
     vertex  1.134875e+02  1.176113e+02  7.600000e+01
     vertex  1.031544e+02  1.074898e+02  7.600000e+01
     vertex  1.135580e+02  1.064635e+02  7.600000e+01
   endloop
 endfacet
 facet normal  7.368258e-16 -2.603438e-14  1.000000e+00
   outer loop
     vertex  1.730173e+02  8.636423e+01  7.600000e+01
     vertex  1.592079e+02  8.488170e+01  7.600000e+01
     vertex  1.625017e+02  8.224567e+01  7.600000e+01
   endloop
 endfacet
 facet normal  5.448773e-16 -2.554429e-14  1.000000e+00
   outer loop
     vertex  1.730173e+02  8.636423e+01  7.600000e+01
     vertex  1.625017e+02  8.224567e+01  7.600000e+01
     vertex  1.716220e+02  8.410918e+01  7.600000e+01
   endloop
 endfacet
 facet normal -1.506913e-15 -1.565216e-14  1.000000e+00
   outer loop
     vertex  2.099248e+02  7.300285e+01  7.600000e+01
     vertex  1.999270e+02  6.125456e+01  7.600000e+01
     vertex  2.089021e+02  5.857465e+01  7.600000e+01
   endloop
 endfacet
 facet normal  1.394056e-15 -1.672730e-14  1.000000e+00
   outer loop
     vertex  2.099248e+02  7.300285e+01  7.600000e+01
     vertex  1.915893e+02  7.487301e+01  7.600000e+01
     vertex  1.986075e+02  6.186493e+01  7.600000e+01
   endloop
 endfacet
 facet normal  1.889149e-15 -1.187329e-14  1.000000e+00
   outer loop
     vertex  2.099248e+02  7.300285e+01  7.600000e+01
     vertex  1.924044e+02  7.739645e+01  7.600000e+01
     vertex  1.915893e+02  7.487301e+01  7.600000e+01
   endloop
 endfacet
 facet normal -8.061945e-15 -1.007385e-14  1.000000e+00
   outer loop
     vertex  2.099248e+02  7.300285e+01  7.600000e+01
     vertex  1.995412e+02  6.156335e+01  7.600000e+01
     vertex  1.999270e+02  6.125456e+01  7.600000e+01
   endloop
 endfacet
 facet normal -5.665853e-15 -1.224878e-14  1.000000e+00
   outer loop
     vertex  2.099248e+02  7.300285e+01  7.600000e+01
     vertex  1.990927e+02  6.177083e+01  7.600000e+01
     vertex  1.995412e+02  6.156335e+01  7.600000e+01
   endloop
 endfacet
 facet normal  4.645622e-14 -6.251529e-14  1.000000e+00
   outer loop
     vertex  2.099248e+02  7.300285e+01  7.600000e+01
     vertex  1.986075e+02  6.186493e+01  7.600000e+01
     vertex  1.990927e+02  6.177083e+01  7.600000e+01
   endloop
 endfacet
 facet normal  6.544734e-15 -2.805083e-14  1.000000e+00
   outer loop
     vertex  1.346790e+02  1.156844e+02  7.600000e+01
     vertex  1.167689e+02  1.054263e+02  7.600000e+01
     vertex  1.168530e+02  1.049393e+02  7.600000e+01
   endloop
 endfacet
 facet normal -1.574014e-15 -1.600557e-14  1.000000e+00
   outer loop
     vertex  1.967976e+02  8.229163e+01  7.600000e+01
     vertex  1.925919e+02  8.004162e+01  7.600000e+01
     vertex  1.924044e+02  7.739645e+01  7.600000e+01
   endloop
 endfacet
 facet normal -4.700446e-15 -1.016170e-14  1.000000e+00
   outer loop
     vertex  1.967976e+02  8.229163e+01  7.600000e+01
     vertex  1.963490e+02  8.249911e+01  7.600000e+01
     vertex  1.925919e+02  8.004162e+01  7.600000e+01
   endloop
 endfacet
 facet normal  6.790965e-15 -2.930874e-14  1.000000e+00
   outer loop
     vertex  1.351275e+02  1.154769e+02  7.600000e+01
     vertex  1.168530e+02  1.049393e+02  7.600000e+01
     vertex  1.168180e+02  1.044464e+02  7.600000e+01
   endloop
 endfacet
 facet normal -4.499811e-15 -9.727960e-15  1.000000e+00
   outer loop
     vertex  1.351275e+02  1.154769e+02  7.600000e+01
     vertex  1.346790e+02  1.156844e+02  7.600000e+01
     vertex  1.168530e+02  1.049393e+02  7.600000e+01
   endloop
 endfacet
 facet normal  6.490192e-16 -1.620245e-14  1.000000e+00
   outer loop
     vertex  1.959632e+02  8.280790e+01  7.600000e+01
     vertex  1.921409e+02  8.265480e+01  7.600000e+01
     vertex  1.925919e+02  8.004162e+01  7.600000e+01
   endloop
 endfacet
 facet normal -6.243861e-15 -7.802050e-15  1.000000e+00
   outer loop
     vertex  1.959632e+02  8.280790e+01  7.600000e+01
     vertex  1.925919e+02  8.004162e+01  7.600000e+01
     vertex  1.963490e+02  8.249911e+01  7.600000e+01
   endloop
 endfacet
 facet normal -8.340802e-15 -3.650586e-15  1.000000e+00
   outer loop
     vertex  1.342931e+02  1.159932e+02  7.600000e+01
     vertex  1.165708e+02  1.058791e+02  7.600000e+01
     vertex  1.167689e+02  1.054263e+02  7.600000e+01
   endloop
 endfacet
 facet normal  9.813641e-15 -3.375819e-14  1.000000e+00
   outer loop
     vertex  1.342931e+02  1.159932e+02  7.600000e+01
     vertex  1.167689e+02  1.054263e+02  7.600000e+01
     vertex  1.346790e+02  1.156844e+02  7.600000e+01
   endloop
 endfacet
 facet normal -2.877686e-15 -1.483559e-14  1.000000e+00
   outer loop
     vertex  1.972827e+02  8.219753e+01  7.600000e+01
     vertex  1.967976e+02  8.229163e+01  7.600000e+01
     vertex  1.924044e+02  7.739645e+01  7.600000e+01
   endloop
 endfacet
 facet normal -3.468901e-14  4.142265e-14  1.000000e+00
   outer loop
     vertex  1.356127e+02  1.153828e+02  7.600000e+01
     vertex  1.168180e+02  1.044464e+02  7.600000e+01
     vertex  1.166661e+02  1.039761e+02  7.600000e+01
   endloop
 endfacet
 facet normal -1.257131e-15 -1.774573e-14  1.000000e+00
   outer loop
     vertex  1.356127e+02  1.153828e+02  7.600000e+01
     vertex  1.393505e+02  8.388664e+01  7.600000e+01
     vertex  1.429833e+02  8.603170e+01  7.600000e+01
   endloop
 endfacet
 facet normal  7.870524e-16 -1.750313e-14  1.000000e+00
   outer loop
     vertex  1.356127e+02  1.153828e+02  7.600000e+01
     vertex  1.166661e+02  1.039761e+02  7.600000e+01
     vertex  1.393505e+02  8.388664e+01  7.600000e+01
   endloop
 endfacet
 facet normal -2.646476e-15 -1.364361e-14  1.000000e+00
   outer loop
     vertex  1.356127e+02  1.153828e+02  7.600000e+01
     vertex  1.351275e+02  1.154769e+02  7.600000e+01
     vertex  1.168180e+02  1.044464e+02  7.600000e+01
   endloop
 endfacet
 facet normal  1.408298e-15 -3.515748e-14  1.000000e+00
   outer loop
     vertex  1.956624e+02  8.320006e+01  7.600000e+01
     vertex  1.921409e+02  8.265480e+01  7.600000e+01
     vertex  1.959632e+02  8.280790e+01  7.600000e+01
   endloop
 endfacet
 facet normal -7.250798e-15 -5.560536e-15  1.000000e+00
   outer loop
     vertex  1.339924e+02  1.163853e+02  7.600000e+01
     vertex  1.162700e+02  1.062712e+02  7.600000e+01
     vertex  1.165708e+02  1.058791e+02  7.600000e+01
   endloop
 endfacet
 facet normal -7.250798e-15 -5.560536e-15  1.000000e+00
   outer loop
     vertex  1.339924e+02  1.163853e+02  7.600000e+01
     vertex  1.165708e+02  1.058791e+02  7.600000e+01
     vertex  1.342931e+02  1.159932e+02  7.600000e+01
   endloop
 endfacet
 facet normal  9.376814e-16 -1.871235e-14  1.000000e+00
   outer loop
     vertex  1.977763e+02  8.222226e+01  7.600000e+01
     vertex  1.972827e+02  8.219753e+01  7.600000e+01
     vertex  1.924044e+02  7.739645e+01  7.600000e+01
   endloop
 endfacet
 facet normal  1.600211e-15 -1.704074e-14  1.000000e+00
   outer loop
     vertex  1.361062e+02  1.154075e+02  7.600000e+01
     vertex  1.429833e+02  8.603170e+01  7.600000e+01
     vertex  1.470238e+02  8.724507e+01  7.600000e+01
   endloop
 endfacet
 facet normal  8.625702e-16 -1.721343e-14  1.000000e+00
   outer loop
     vertex  1.361062e+02  1.154075e+02  7.600000e+01
     vertex  1.356127e+02  1.153828e+02  7.600000e+01
     vertex  1.429833e+02  8.603170e+01  7.600000e+01
   endloop
 endfacet
 facet normal  7.724255e-16 -3.105078e-14  1.000000e+00
   outer loop
     vertex  1.954643e+02  8.365280e+01  7.600000e+01
     vertex  1.921409e+02  8.265480e+01  7.600000e+01
     vertex  1.956624e+02  8.320006e+01  7.600000e+01
   endloop
 endfacet
 facet normal -6.743643e-16 -1.770957e-14  1.000000e+00
   outer loop
     vertex  1.337942e+02  1.168381e+02  7.600000e+01
     vertex  1.134875e+02  1.176113e+02  7.600000e+01
     vertex  1.162700e+02  1.062712e+02  7.600000e+01
   endloop
 endfacet
 facet normal  5.992531e-15 -2.876605e-14  1.000000e+00
   outer loop
     vertex  1.337942e+02  1.168381e+02  7.600000e+01
     vertex  1.162700e+02  1.062712e+02  7.600000e+01
     vertex  1.339924e+02  1.163853e+02  7.600000e+01
   endloop
 endfacet
 facet normal  7.970036e-15 -2.654050e-14  1.000000e+00
   outer loop
     vertex  1.982496e+02  8.236440e+01  7.600000e+01
     vertex  1.977763e+02  8.222226e+01  7.600000e+01
     vertex  1.924044e+02  7.739645e+01  7.600000e+01
   endloop
 endfacet
 facet normal  4.344500e-16 -1.767421e-14  1.000000e+00
   outer loop
     vertex  1.982496e+02  8.236440e+01  7.600000e+01
     vertex  1.924044e+02  7.739645e+01  7.600000e+01
     vertex  2.099248e+02  7.300285e+01  7.600000e+01
   endloop
 endfacet
 facet normal  4.750543e-15 -1.581947e-14  1.000000e+00
   outer loop
     vertex  1.365796e+02  1.155497e+02  7.600000e+01
     vertex  1.361062e+02  1.154075e+02  7.600000e+01
     vertex  1.470238e+02  8.724507e+01  7.600000e+01
   endloop
 endfacet
 facet normal -8.130656e-15 -1.403208e-15  1.000000e+00
   outer loop
     vertex  1.953802e+02  8.413980e+01  7.600000e+01
     vertex  1.921409e+02  8.265480e+01  7.600000e+01
     vertex  1.954643e+02  8.365280e+01  7.600000e+01
   endloop
 endfacet
 facet normal  6.194502e-15 -1.049061e-14  1.000000e+00
   outer loop
     vertex  1.986752e+02  8.261568e+01  7.600000e+01
     vertex  1.982496e+02  8.236440e+01  7.600000e+01
     vertex  2.099248e+02  7.300285e+01  7.600000e+01
   endloop
 endfacet
 facet normal -4.631969e-14 -3.466410e-14  1.000000e+00
   outer loop
     vertex  1.370051e+02  1.158010e+02  7.600000e+01
     vertex  1.365796e+02  1.155497e+02  7.600000e+01
     vertex  1.470238e+02  8.724507e+01  7.600000e+01
   endloop
 endfacet
 facet normal -5.722112e-15 -2.042064e-14  1.000000e+00
   outer loop
     vertex  1.370051e+02  1.158010e+02  7.600000e+01
     vertex  1.470238e+02  8.724507e+01  7.600000e+01
     vertex  1.512373e+02  8.745620e+01  7.600000e+01
   endloop
 endfacet
 facet normal -1.913232e-15 -1.838660e-14  1.000000e+00
   outer loop
     vertex  1.954152e+02  8.463276e+01  7.600000e+01
     vertex  1.910777e+02  8.508411e+01  7.600000e+01
     vertex  1.921409e+02  8.265480e+01  7.600000e+01
   endloop
 endfacet
 facet normal  4.590530e-15 -2.915277e-14  1.000000e+00
   outer loop
     vertex  1.954152e+02  8.463276e+01  7.600000e+01
     vertex  1.921409e+02  8.265480e+01  7.600000e+01
     vertex  1.953802e+02  8.413980e+01  7.600000e+01
   endloop
 endfacet
 facet normal -1.065797e-14 -3.021260e-14  1.000000e+00
   outer loop
     vertex  1.990282e+02  8.296149e+01  7.600000e+01
     vertex  1.986752e+02  8.261568e+01  7.600000e+01
     vertex  2.099248e+02  7.300285e+01  7.600000e+01
   endloop
 endfacet
 facet normal  0.000000e+00  0.000000e+00  1.000000e+00
   outer loop
     vertex  1.955671e+02  8.510304e+01  7.600000e+01
     vertex  1.910777e+02  8.508411e+01  7.600000e+01
     vertex  1.954152e+02  8.463276e+01  7.600000e+01
   endloop
 endfacet
 facet normal  1.082994e-14 -6.700900e-15  1.000000e+00
   outer loop
     vertex  1.992883e+02  8.338175e+01  7.600000e+01
     vertex  1.990282e+02  8.296149e+01  7.600000e+01
     vertex  2.099248e+02  7.300285e+01  7.600000e+01
   endloop
 endfacet
 facet normal  1.429631e-16 -3.390293e-14  1.000000e+00
   outer loop
     vertex  1.958271e+02  8.552330e+01  7.600000e+01
     vertex  1.910777e+02  8.508411e+01  7.600000e+01
     vertex  1.955671e+02  8.510304e+01  7.600000e+01
   endloop
 endfacet
 facet normal -1.044542e-15 -2.106109e-14  1.000000e+00
   outer loop
     vertex  1.958271e+02  8.552330e+01  7.600000e+01
     vertex  1.894639e+02  8.718838e+01  7.600000e+01
     vertex  1.910777e+02  8.508411e+01  7.600000e+01
   endloop
 endfacet
 facet normal  3.524913e-15 -3.598621e-15  1.000000e+00
   outer loop
     vertex  1.961802e+02  8.586912e+01  7.600000e+01
     vertex  1.894639e+02  8.718838e+01  7.600000e+01
     vertex  1.958271e+02  8.552330e+01  7.600000e+01
   endloop
 endfacet
 facet normal -1.349621e-14 -9.025187e-14  1.000000e+00
   outer loop
     vertex  1.966057e+02  8.612040e+01  7.600000e+01
     vertex  1.894639e+02  8.718838e+01  7.600000e+01
     vertex  1.961802e+02  8.586912e+01  7.600000e+01
   endloop
 endfacet
 facet normal  9.980831e-15  6.674384e-14  1.000000e+00
   outer loop
     vertex  1.970790e+02  8.626253e+01  7.600000e+01
     vertex  1.894639e+02  8.718838e+01  7.600000e+01
     vertex  1.966057e+02  8.612040e+01  7.600000e+01
   endloop
 endfacet
 facet normal  2.258403e-14  1.830722e-14  1.000000e+00
   outer loop
     vertex  1.259427e+02  1.249658e+02  7.600000e+01
     vertex  1.345101e+02  1.190544e+02  7.600000e+01
     vertex  1.349356e+02  1.193057e+02  7.600000e+01
   endloop
 endfacet
 facet normal -2.743218e-14 -5.418108e-14  1.000000e+00
   outer loop
     vertex  1.259427e+02  1.249658e+02  7.600000e+01
     vertex  1.341570e+02  1.187086e+02  7.600000e+01
     vertex  1.345101e+02  1.190544e+02  7.600000e+01
   endloop
 endfacet
 facet normal -6.912134e-16 -1.815205e-14  1.000000e+00
   outer loop
     vertex  1.259427e+02  1.249658e+02  7.600000e+01
     vertex  1.134875e+02  1.176113e+02  7.600000e+01
     vertex  1.337942e+02  1.168381e+02  7.600000e+01
   endloop
 endfacet
 facet normal  2.691321e-14  1.716224e-14  1.000000e+00
   outer loop
     vertex  1.259427e+02  1.249658e+02  7.600000e+01
     vertex  1.338970e+02  1.182883e+02  7.600000e+01
     vertex  1.341570e+02  1.187086e+02  7.600000e+01
   endloop
 endfacet
 facet normal -3.007432e-14 -5.072207e-14  1.000000e+00
   outer loop
     vertex  1.259427e+02  1.249658e+02  7.600000e+01
     vertex  1.337451e+02  1.178180e+02  7.600000e+01
     vertex  1.338970e+02  1.182883e+02  7.600000e+01
   endloop
 endfacet
 facet normal -9.405932e-15 -2.816069e-14  1.000000e+00
   outer loop
     vertex  1.259427e+02  1.249658e+02  7.600000e+01
     vertex  1.337102e+02  1.173251e+02  7.600000e+01
     vertex  1.337451e+02  1.178180e+02  7.600000e+01
   endloop
 endfacet
 facet normal  2.203624e-14  3.803067e-15  1.000000e+00
   outer loop
     vertex  1.259427e+02  1.249658e+02  7.600000e+01
     vertex  1.337942e+02  1.168381e+02  7.600000e+01
     vertex  1.337102e+02  1.173251e+02  7.600000e+01
   endloop
 endfacet
 facet normal  1.199506e-14 -5.752773e-14  1.000000e+00
   outer loop
     vertex  2.074649e+02  8.725654e+01  7.600000e+01
     vertex  1.991929e+02  8.528473e+01  7.600000e+01
     vertex  1.993911e+02  8.483200e+01  7.600000e+01
   endloop
 endfacet
 facet normal -8.755434e-15  2.952306e-14  1.000000e+00
   outer loop
     vertex  2.074649e+02  8.725654e+01  7.600000e+01
     vertex  1.988922e+02  8.567689e+01  7.600000e+01
     vertex  1.991929e+02  8.528473e+01  7.600000e+01
   endloop
 endfacet
 facet normal -2.694878e-15 -3.367399e-15  1.000000e+00
   outer loop
     vertex  2.074649e+02  8.725654e+01  7.600000e+01
     vertex  1.985063e+02  8.598568e+01  7.600000e+01
     vertex  1.988922e+02  8.567689e+01  7.600000e+01
   endloop
 endfacet
 facet normal -1.715857e-16 -1.797552e-14  1.000000e+00
   outer loop
     vertex  2.074649e+02  8.725654e+01  7.600000e+01
     vertex  1.992883e+02  8.338175e+01  7.600000e+01
     vertex  2.099248e+02  7.300285e+01  7.600000e+01
   endloop
 endfacet
 facet normal  6.647492e-15 -3.236520e-14  1.000000e+00
   outer loop
     vertex  2.074649e+02  8.725654e+01  7.600000e+01
     vertex  1.994402e+02  8.385203e+01  7.600000e+01
     vertex  1.992883e+02  8.338175e+01  7.600000e+01
   endloop
 endfacet
 facet normal -7.303164e-15  5.176512e-16  1.000000e+00
   outer loop
     vertex  2.074649e+02  8.725654e+01  7.600000e+01
     vertex  1.994751e+02  8.434499e+01  7.600000e+01
     vertex  1.994402e+02  8.385203e+01  7.600000e+01
   endloop
 endfacet
 facet normal  3.310836e-15 -2.860895e-14  1.000000e+00
   outer loop
     vertex  2.074649e+02  8.725654e+01  7.600000e+01
     vertex  1.993911e+02  8.483200e+01  7.600000e+01
     vertex  1.994751e+02  8.434499e+01  7.600000e+01
   endloop
 endfacet
 facet normal -3.368849e-15 -1.530647e-14  1.000000e+00
   outer loop
     vertex  1.698907e+02  1.075979e+02  7.600000e+01
     vertex  1.553789e+02  8.665285e+01  7.600000e+01
     vertex  1.592079e+02  8.488170e+01  7.600000e+01
   endloop
 endfacet
 facet normal -2.578193e-16 -1.676951e-14  1.000000e+00
   outer loop
     vertex  1.698907e+02  1.075979e+02  7.600000e+01
     vertex  1.592079e+02  8.488170e+01  7.600000e+01
     vertex  1.730173e+02  8.636423e+01  7.600000e+01
   endloop
 endfacet
 facet normal  7.857290e-15 -1.567991e-14  1.000000e+00
   outer loop
     vertex  1.709792e+02  1.070943e+02  7.600000e+01
     vertex  1.730173e+02  8.636423e+01  7.600000e+01
     vertex  1.749117e+02  8.821984e+01  7.600000e+01
   endloop
 endfacet
 facet normal  5.704237e-15 -1.589160e-14  1.000000e+00
   outer loop
     vertex  1.709792e+02  1.070943e+02  7.600000e+01
     vertex  1.698907e+02  1.075979e+02  7.600000e+01
     vertex  1.730173e+02  8.636423e+01  7.600000e+01
   endloop
 endfacet
 facet normal  6.810046e-16 -1.811242e-14  1.000000e+00
   outer loop
     vertex  1.689543e+02  1.083472e+02  7.600000e+01
     vertex  1.553789e+02  8.665285e+01  7.600000e+01
     vertex  1.698907e+02  1.075979e+02  7.600000e+01
   endloop
 endfacet
 facet normal -3.500478e-15 -1.804632e-14  1.000000e+00
   outer loop
     vertex  1.721566e+02  1.068660e+02  7.600000e+01
     vertex  1.709792e+02  1.070943e+02  7.600000e+01
     vertex  1.749117e+02  8.821984e+01  7.600000e+01
   endloop
 endfacet
 facet normal -7.652103e-15 -1.865976e-14  1.000000e+00
   outer loop
     vertex  1.721566e+02  1.068660e+02  7.600000e+01
     vertex  1.749117e+02  8.821984e+01  7.600000e+01
     vertex  1.771952e+02  8.956817e+01  7.600000e+01
   endloop
 endfacet
 facet normal -1.977719e-15 -1.644871e-14  1.000000e+00
   outer loop
     vertex  1.682244e+02  1.092989e+02  7.600000e+01
     vertex  1.553789e+02  8.665285e+01  7.600000e+01
     vertex  1.689543e+02  1.083472e+02  7.600000e+01
   endloop
 endfacet
 facet normal  3.111930e-15 -1.933571e-14  1.000000e+00
   outer loop
     vertex  1.682244e+02  1.092989e+02  7.600000e+01
     vertex  1.512373e+02  8.745620e+01  7.600000e+01
     vertex  1.553789e+02  8.665285e+01  7.600000e+01
   endloop
 endfacet
 facet normal  8.115087e-16 -1.619445e-14  1.000000e+00
   outer loop
     vertex  1.733544e+02  1.069260e+02  7.600000e+01
     vertex  1.721566e+02  1.068660e+02  7.600000e+01
     vertex  1.771952e+02  8.956817e+01  7.600000e+01
   endloop
 endfacet
 facet normal  4.610704e-15 -1.535380e-14  1.000000e+00
   outer loop
     vertex  1.733544e+02  1.069260e+02  7.600000e+01
     vertex  1.771952e+02  8.956817e+01  7.600000e+01
     vertex  1.797349e+02  9.033085e+01  7.600000e+01
   endloop
 endfacet
 facet normal  8.819564e-16 -1.760030e-14  1.000000e+00
   outer loop
     vertex  1.837581e+02  1.034512e+02  7.600000e+01
     vertex  1.797349e+02  9.033085e+01  7.600000e+01
     vertex  1.823834e+02  9.046357e+01  7.600000e+01
   endloop
 endfacet
 facet normal  7.143625e-16 -1.718883e-14  1.000000e+00
   outer loop
     vertex  1.591013e+02  1.167193e+02  7.600000e+01
     vertex  1.370051e+02  1.158010e+02  7.600000e+01
     vertex  1.512373e+02  8.745620e+01  7.600000e+01
   endloop
 endfacet
 facet normal -3.792388e-14 -1.349284e-14  1.000000e+00
   outer loop
     vertex  1.842066e+02  1.032437e+02  7.600000e+01
     vertex  1.837581e+02  1.034512e+02  7.600000e+01
     vertex  1.823834e+02  9.046357e+01  7.600000e+01
   endloop
 endfacet
 facet normal -6.992880e-15 -1.511762e-14  1.000000e+00
   outer loop
     vertex  1.595498e+02  1.165118e+02  7.600000e+01
     vertex  1.591013e+02  1.167193e+02  7.600000e+01
     vertex  1.512373e+02  8.745620e+01  7.600000e+01
   endloop
 endfacet
 facet normal  4.122402e-16 -1.723616e-14  1.000000e+00
   outer loop
     vertex  1.595498e+02  1.165118e+02  7.600000e+01
     vertex  1.512373e+02  8.745620e+01  7.600000e+01
     vertex  1.682244e+02  1.092989e+02  7.600000e+01
   endloop
 endfacet
 facet normal  6.271845e-15 -1.018905e-14  1.000000e+00
   outer loop
     vertex  1.595498e+02  1.165118e+02  7.600000e+01
     vertex  1.682244e+02  1.092989e+02  7.600000e+01
     vertex  1.677435e+02  1.103977e+02  7.600000e+01
   endloop
 endfacet
 facet normal -1.113607e-14 -1.391513e-14  1.000000e+00
   outer loop
     vertex  1.833723e+02  1.037600e+02  7.600000e+01
     vertex  1.797349e+02  9.033085e+01  7.600000e+01
     vertex  1.837581e+02  1.034512e+02  7.600000e+01
   endloop
 endfacet
 facet normal  2.977939e-16 -1.701203e-14  1.000000e+00
   outer loop
     vertex  1.833723e+02  1.037600e+02  7.600000e+01
     vertex  1.733544e+02  1.069260e+02  7.600000e+01
     vertex  1.797349e+02  9.033085e+01  7.600000e+01
   endloop
 endfacet
 facet normal -2.464900e-15  4.360988e-14  1.000000e+00
   outer loop
     vertex  1.587154e+02  1.170281e+02  7.600000e+01
     vertex  1.373582e+02  1.161468e+02  7.600000e+01
     vertex  1.370051e+02  1.158010e+02  7.600000e+01
   endloop
 endfacet
 facet normal  0.000000e+00  0.000000e+00  1.000000e+00
   outer loop
     vertex  1.587154e+02  1.170281e+02  7.600000e+01
     vertex  1.370051e+02  1.158010e+02  7.600000e+01
     vertex  1.591013e+02  1.167193e+02  7.600000e+01
   endloop
 endfacet
 facet normal  1.914654e-15 -1.827154e-14  1.000000e+00
   outer loop
     vertex  1.846918e+02  1.031496e+02  7.600000e+01
     vertex  1.823834e+02  9.046357e+01  7.600000e+01
     vertex  1.849867e+02  8.995860e+01  7.600000e+01
   endloop
 endfacet
 facet normal  2.493455e-14 -2.246030e-14  1.000000e+00
   outer loop
     vertex  1.846918e+02  1.031496e+02  7.600000e+01
     vertex  1.842066e+02  1.032437e+02  7.600000e+01
     vertex  1.823834e+02  9.046357e+01  7.600000e+01
   endloop
 endfacet
 facet normal -4.873615e-15 -2.512538e-14  1.000000e+00
   outer loop
     vertex  1.600350e+02  1.164177e+02  7.600000e+01
     vertex  1.595498e+02  1.165118e+02  7.600000e+01
     vertex  1.677435e+02  1.103977e+02  7.600000e+01
   endloop
 endfacet
 facet normal  2.249255e-15 -7.490096e-15  1.000000e+00
   outer loop
     vertex  1.830715e+02  1.041521e+02  7.600000e+01
     vertex  1.745031e+02  1.072709e+02  7.600000e+01
     vertex  1.733544e+02  1.069260e+02  7.600000e+01
   endloop
 endfacet
 facet normal -7.626570e-15 -4.208619e-14  1.000000e+00
   outer loop
     vertex  1.830715e+02  1.041521e+02  7.600000e+01
     vertex  1.733544e+02  1.069260e+02  7.600000e+01
     vertex  1.833723e+02  1.037600e+02  7.600000e+01
   endloop
 endfacet
 facet normal  2.846763e-15 -6.939035e-14  1.000000e+00
   outer loop
     vertex  1.584147e+02  1.174202e+02  7.600000e+01
     vertex  1.376182e+02  1.165670e+02  7.600000e+01
     vertex  1.373582e+02  1.161468e+02  7.600000e+01
   endloop
 endfacet
 facet normal  8.044554e-16 -3.562055e-14  1.000000e+00
   outer loop
     vertex  1.584147e+02  1.174202e+02  7.600000e+01
     vertex  1.373582e+02  1.161468e+02  7.600000e+01
     vertex  1.587154e+02  1.170281e+02  7.600000e+01
   endloop
 endfacet
 facet normal -2.784240e-14 -1.893678e-14  1.000000e+00
   outer loop
     vertex  1.851854e+02  1.031743e+02  7.600000e+01
     vertex  1.846918e+02  1.031496e+02  7.600000e+01
     vertex  1.849867e+02  8.995860e+01  7.600000e+01
   endloop
 endfacet
 facet normal  8.892626e-16 -1.774610e-14  1.000000e+00
   outer loop
     vertex  1.605286e+02  1.164424e+02  7.600000e+01
     vertex  1.600350e+02  1.164177e+02  7.600000e+01
     vertex  1.677435e+02  1.103977e+02  7.600000e+01
   endloop
 endfacet
 facet normal -5.132767e-15 -2.493394e-14  1.000000e+00
   outer loop
     vertex  1.605286e+02  1.164424e+02  7.600000e+01
     vertex  1.677435e+02  1.103977e+02  7.600000e+01
     vertex  1.675396e+02  1.115795e+02  7.600000e+01
   endloop
 endfacet
 facet normal -1.513061e-15 -2.074127e-14  1.000000e+00
   outer loop
     vertex  1.828734e+02  1.046049e+02  7.600000e+01
     vertex  1.755358e+02  1.078807e+02  7.600000e+01
     vertex  1.745031e+02  1.072709e+02  7.600000e+01
   endloop
 endfacet
 facet normal  5.918399e-15  2.590354e-15  1.000000e+00
   outer loop
     vertex  1.828734e+02  1.046049e+02  7.600000e+01
     vertex  1.745031e+02  1.072709e+02  7.600000e+01
     vertex  1.830715e+02  1.041521e+02  7.600000e+01
   endloop
 endfacet
 facet normal  1.265024e-15 -3.083518e-14  1.000000e+00
   outer loop
     vertex  1.582166e+02  1.178730e+02  7.600000e+01
     vertex  1.376182e+02  1.165670e+02  7.600000e+01
     vertex  1.584147e+02  1.174202e+02  7.600000e+01
   endloop
 endfacet
 facet normal -2.660178e-15  3.107730e-14  1.000000e+00
   outer loop
     vertex  1.582166e+02  1.178730e+02  7.600000e+01
     vertex  1.377701e+02  1.170373e+02  7.600000e+01
     vertex  1.376182e+02  1.165670e+02  7.600000e+01
   endloop
 endfacet
 facet normal  3.599870e-14 -1.989656e-14  1.000000e+00
   outer loop
     vertex  1.856587e+02  1.033165e+02  7.600000e+01
     vertex  1.851854e+02  1.031743e+02  7.600000e+01
     vertex  1.849867e+02  8.995860e+01  7.600000e+01
   endloop
 endfacet
 facet normal -2.405288e-15 -1.796455e-14  1.000000e+00
   outer loop
     vertex  1.856587e+02  1.033165e+02  7.600000e+01
     vertex  1.849867e+02  8.995860e+01  7.600000e+01
     vertex  1.873935e+02  8.884531e+01  7.600000e+01
   endloop
 endfacet
 facet normal  3.674495e-15 -1.223620e-14  1.000000e+00
   outer loop
     vertex  1.610019e+02  1.165846e+02  7.600000e+01
     vertex  1.605286e+02  1.164424e+02  7.600000e+01
     vertex  1.675396e+02  1.115795e+02  7.600000e+01
   endloop
 endfacet
 facet normal  3.745023e-15 -1.214407e-14  1.000000e+00
   outer loop
     vertex  1.610019e+02  1.165846e+02  7.600000e+01
     vertex  1.675396e+02  1.115795e+02  7.600000e+01
     vertex  1.676244e+02  1.127759e+02  7.600000e+01
   endloop
 endfacet
 facet normal -5.721552e-15 -3.016778e-14  1.000000e+00
   outer loop
     vertex  1.827893e+02  1.050919e+02  7.600000e+01
     vertex  1.755358e+02  1.078807e+02  7.600000e+01
     vertex  1.828734e+02  1.046049e+02  7.600000e+01
   endloop
 endfacet
 facet normal -1.380319e-15 -2.382188e-16  1.000000e+00
   outer loop
     vertex  1.581325e+02  1.183600e+02  7.600000e+01
     vertex  1.377701e+02  1.170373e+02  7.600000e+01
     vertex  1.582166e+02  1.178730e+02  7.600000e+01
   endloop
 endfacet
 facet normal  4.788997e-16 -2.886134e-14  1.000000e+00
   outer loop
     vertex  1.581325e+02  1.183600e+02  7.600000e+01
     vertex  1.378050e+02  1.175303e+02  7.600000e+01
     vertex  1.377701e+02  1.170373e+02  7.600000e+01
   endloop
 endfacet
 facet normal -4.545395e-16 -1.646893e-14  1.000000e+00
   outer loop
     vertex  1.763926e+02  1.087200e+02  7.600000e+01
     vertex  1.755358e+02  1.078807e+02  7.600000e+01
     vertex  1.827893e+02  1.050919e+02  7.600000e+01
   endloop
 endfacet
 facet normal  9.747467e-15 -1.650769e-14  1.000000e+00
   outer loop
     vertex  1.860843e+02  1.035678e+02  7.600000e+01
     vertex  1.856587e+02  1.033165e+02  7.600000e+01
     vertex  1.873935e+02  8.884531e+01  7.600000e+01
   endloop
 endfacet
 facet normal  5.435349e-15 -9.204962e-15  1.000000e+00
   outer loop
     vertex  1.614274e+02  1.168358e+02  7.600000e+01
     vertex  1.610019e+02  1.165846e+02  7.600000e+01
     vertex  1.676244e+02  1.127759e+02  7.600000e+01
   endloop
 endfacet
 facet normal  8.542934e-15 -6.055266e-16  1.000000e+00
   outer loop
     vertex  1.828243e+02  1.055848e+02  7.600000e+01
     vertex  1.763926e+02  1.087200e+02  7.600000e+01
     vertex  1.827893e+02  1.050919e+02  7.600000e+01
   endloop
 endfacet
 facet normal -2.070479e-15 -3.573282e-16  1.000000e+00
   outer loop
     vertex  1.581674e+02  1.188529e+02  7.600000e+01
     vertex  1.377210e+02  1.180173e+02  7.600000e+01
     vertex  1.378050e+02  1.175303e+02  7.600000e+01
   endloop
 endfacet
 facet normal  1.658924e-15 -5.777237e-14  1.000000e+00
   outer loop
     vertex  1.581674e+02  1.188529e+02  7.600000e+01
     vertex  1.378050e+02  1.175303e+02  7.600000e+01
     vertex  1.581325e+02  1.183600e+02  7.600000e+01
   endloop
 endfacet
 facet normal -2.539421e-14 -5.626166e-14  1.000000e+00
   outer loop
     vertex  1.617805e+02  1.171816e+02  7.600000e+01
     vertex  1.614274e+02  1.168358e+02  7.600000e+01
     vertex  1.676244e+02  1.127759e+02  7.600000e+01
   endloop
 endfacet
 facet normal -1.409481e-15 -2.444806e-14  1.000000e+00
   outer loop
     vertex  1.679930e+02  1.139171e+02  7.600000e+01
     vertex  1.617805e+02  1.171816e+02  7.600000e+01
     vertex  1.676244e+02  1.127759e+02  7.600000e+01
   endloop
 endfacet
 facet normal  2.158535e-14 -2.194142e-14  1.000000e+00
   outer loop
     vertex  1.397959e+02  1.291259e+02  7.600000e+01
     vertex  1.375228e+02  1.184700e+02  7.600000e+01
     vertex  1.377210e+02  1.180173e+02  7.600000e+01
   endloop
 endfacet
 facet normal -1.768712e-14 -1.356400e-14  1.000000e+00
   outer loop
     vertex  1.397959e+02  1.291259e+02  7.600000e+01
     vertex  1.372221e+02  1.188622e+02  7.600000e+01
     vertex  1.375228e+02  1.184700e+02  7.600000e+01
   endloop
 endfacet
 facet normal  1.867700e-14 -2.268292e-14  1.000000e+00
   outer loop
     vertex  1.397959e+02  1.291259e+02  7.600000e+01
     vertex  1.368362e+02  1.191710e+02  7.600000e+01
     vertex  1.372221e+02  1.188622e+02  7.600000e+01
   endloop
 endfacet
 facet normal -6.965842e-15 -1.505917e-14  1.000000e+00
   outer loop
     vertex  1.397959e+02  1.291259e+02  7.600000e+01
     vertex  1.363877e+02  1.193784e+02  7.600000e+01
     vertex  1.368362e+02  1.191710e+02  7.600000e+01
   endloop
 endfacet
 facet normal -3.177957e-15 -1.638360e-14  1.000000e+00
   outer loop
     vertex  1.397959e+02  1.291259e+02  7.600000e+01
     vertex  1.359025e+02  1.194725e+02  7.600000e+01
     vertex  1.363877e+02  1.193784e+02  7.600000e+01
   endloop
 endfacet
 facet normal  9.034742e-16 -1.802971e-14  1.000000e+00
   outer loop
     vertex  1.397959e+02  1.291259e+02  7.600000e+01
     vertex  1.354090e+02  1.194478e+02  7.600000e+01
     vertex  1.359025e+02  1.194725e+02  7.600000e+01
   endloop
 endfacet
 facet normal  6.125028e-15 -2.039656e-14  1.000000e+00
   outer loop
     vertex  1.397959e+02  1.291259e+02  7.600000e+01
     vertex  1.349356e+02  1.193057e+02  7.600000e+01
     vertex  1.354090e+02  1.194478e+02  7.600000e+01
   endloop
 endfacet
 facet normal  1.005845e-16 -1.741493e-14  1.000000e+00
   outer loop
     vertex  1.397959e+02  1.291259e+02  7.600000e+01
     vertex  1.259427e+02  1.249658e+02  7.600000e+01
     vertex  1.349356e+02  1.193057e+02  7.600000e+01
   endloop
 endfacet
 facet normal -5.090398e-15 -2.857385e-14  1.000000e+00
   outer loop
     vertex  1.829762e+02  1.060551e+02  7.600000e+01
     vertex  1.763926e+02  1.087200e+02  7.600000e+01
     vertex  1.828243e+02  1.055848e+02  7.600000e+01
   endloop
 endfacet
 facet normal  2.203999e-14  2.017749e-14  1.000000e+00
   outer loop
     vertex  1.620405e+02  1.176019e+02  7.600000e+01
     vertex  1.617805e+02  1.171816e+02  7.600000e+01
     vertex  1.679930e+02  1.139171e+02  7.600000e+01
   endloop
 endfacet
 facet normal -8.352479e-15 -3.663281e-14  1.000000e+00
   outer loop
     vertex  1.770237e+02  1.097399e+02  7.600000e+01
     vertex  1.763926e+02  1.087200e+02  7.600000e+01
     vertex  1.829762e+02  1.060551e+02  7.600000e+01
   endloop
 endfacet
 facet normal -1.991298e-14 -5.530802e-14  1.000000e+00
   outer loop
     vertex  1.832362e+02  1.064754e+02  7.600000e+01
     vertex  1.770237e+02  1.097399e+02  7.600000e+01
     vertex  1.829762e+02  1.060551e+02  7.600000e+01
   endloop
 endfacet
 facet normal  6.682677e-16 -1.434709e-14  1.000000e+00
   outer loop
     vertex  1.686241e+02  1.149370e+02  7.600000e+01
     vertex  1.620405e+02  1.176019e+02  7.600000e+01
     vertex  1.679930e+02  1.139171e+02  7.600000e+01
   endloop
 endfacet
 facet normal -5.090398e-15 -2.857385e-14  1.000000e+00
   outer loop
     vertex  1.686241e+02  1.149370e+02  7.600000e+01
     vertex  1.621924e+02  1.180722e+02  7.600000e+01
     vertex  1.620405e+02  1.176019e+02  7.600000e+01
   endloop
 endfacet
 facet normal  8.542934e-15 -6.055266e-16  1.000000e+00
   outer loop
     vertex  1.622274e+02  1.185651e+02  7.600000e+01
     vertex  1.621924e+02  1.180722e+02  7.600000e+01
     vertex  1.686241e+02  1.149370e+02  7.600000e+01
   endloop
 endfacet
 facet normal  5.435349e-15 -9.204962e-15  1.000000e+00
   outer loop
     vertex  1.773923e+02  1.108812e+02  7.600000e+01
     vertex  1.835892e+02  1.068212e+02  7.600000e+01
     vertex  1.840148e+02  1.070725e+02  7.600000e+01
   endloop
 endfacet
 facet normal  2.300300e-14  1.760943e-14  1.000000e+00
   outer loop
     vertex  1.773923e+02  1.108812e+02  7.600000e+01
     vertex  1.832362e+02  1.064754e+02  7.600000e+01
     vertex  1.835892e+02  1.068212e+02  7.600000e+01
   endloop
 endfacet
 facet normal  7.822184e-15 -2.526575e-15  1.000000e+00
   outer loop
     vertex  1.773923e+02  1.108812e+02  7.600000e+01
     vertex  1.770237e+02  1.097399e+02  7.600000e+01
     vertex  1.832362e+02  1.064754e+02  7.600000e+01
   endloop
 endfacet
 facet normal -5.721552e-15 -3.016778e-14  1.000000e+00
   outer loop
     vertex  1.694808e+02  1.157763e+02  7.600000e+01
     vertex  1.621433e+02  1.190522e+02  7.600000e+01
     vertex  1.622274e+02  1.185651e+02  7.600000e+01
   endloop
 endfacet
 facet normal -4.545395e-16 -1.646893e-14  1.000000e+00
   outer loop
     vertex  1.694808e+02  1.157763e+02  7.600000e+01
     vertex  1.622274e+02  1.185651e+02  7.600000e+01
     vertex  1.686241e+02  1.149370e+02  7.600000e+01
   endloop
 endfacet
 facet normal -9.382970e-15 -3.497080e-14  1.000000e+00
   outer loop
     vertex  1.774771e+02  1.120775e+02  7.600000e+01
     vertex  1.773923e+02  1.108812e+02  7.600000e+01
     vertex  1.840148e+02  1.070725e+02  7.600000e+01
   endloop
 endfacet
 facet normal -3.823043e-14 -7.265204e-14  1.000000e+00
   outer loop
     vertex  1.774771e+02  1.120775e+02  7.600000e+01
     vertex  1.840148e+02  1.070725e+02  7.600000e+01
     vertex  1.844881e+02  1.072146e+02  7.600000e+01
   endloop
 endfacet
 facet normal -1.513061e-15 -2.074127e-14  1.000000e+00
   outer loop
     vertex  1.705136e+02  1.163861e+02  7.600000e+01
     vertex  1.621433e+02  1.190522e+02  7.600000e+01
     vertex  1.694808e+02  1.157763e+02  7.600000e+01
   endloop
 endfacet
 facet normal  1.381539e-14  2.384292e-15  1.000000e+00
   outer loop
     vertex  1.772731e+02  1.132594e+02  7.600000e+01
     vertex  1.774771e+02  1.120775e+02  7.600000e+01
     vertex  1.844881e+02  1.072146e+02  7.600000e+01
   endloop
 endfacet
 facet normal  2.397412e-16 -1.735319e-14  1.000000e+00
   outer loop
     vertex  2.016653e+02  1.005073e+02  7.600000e+01
     vertex  1.860843e+02  1.035678e+02  7.600000e+01
     vertex  1.873935e+02  8.884531e+01  7.600000e+01
   endloop
 endfacet
 facet normal  2.138296e-14 -2.226630e-14  1.000000e+00
   outer loop
     vertex  2.016653e+02  1.005073e+02  7.600000e+01
     vertex  1.980578e+02  8.619316e+01  7.600000e+01
     vertex  1.985063e+02  8.598568e+01  7.600000e+01
   endloop
 endfacet
 facet normal -3.121139e-15 -1.609069e-14  1.000000e+00
   outer loop
     vertex  2.016653e+02  1.005073e+02  7.600000e+01
     vertex  1.975726e+02  8.628727e+01  7.600000e+01
     vertex  1.980578e+02  8.619316e+01  7.600000e+01
   endloop
 endfacet
 facet normal  3.777635e-17 -1.710603e-14  1.000000e+00
   outer loop
     vertex  2.016653e+02  1.005073e+02  7.600000e+01
     vertex  1.873935e+02  8.884531e+01  7.600000e+01
     vertex  1.894639e+02  8.718838e+01  7.600000e+01
   endloop
 endfacet
 facet normal  8.637806e-16 -1.723758e-14  1.000000e+00
   outer loop
     vertex  2.016653e+02  1.005073e+02  7.600000e+01
     vertex  1.970790e+02  8.626253e+01  7.600000e+01
     vertex  1.975726e+02  8.628727e+01  7.600000e+01
   endloop
 endfacet
 facet normal -6.952085e-16 -1.746352e-14  1.000000e+00
   outer loop
     vertex  2.016653e+02  1.005073e+02  7.600000e+01
     vertex  1.985063e+02  8.598568e+01  7.600000e+01
     vertex  2.074649e+02  8.725654e+01  7.600000e+01
   endloop
 endfacet
 facet normal -1.884160e-16 -1.689882e-14  1.000000e+00
   outer loop
     vertex  2.016653e+02  1.005073e+02  7.600000e+01
     vertex  1.894639e+02  8.718838e+01  7.600000e+01
     vertex  1.970790e+02  8.626253e+01  7.600000e+01
   endloop
 endfacet
 facet normal  3.038870e-15 -3.102415e-15  1.000000e+00
   outer loop
     vertex  2.016653e+02  1.005073e+02  7.600000e+01
     vertex  1.864373e+02  1.039136e+02  7.600000e+01
     vertex  1.860843e+02  1.035678e+02  7.600000e+01
   endloop
 endfacet
 facet normal -3.365143e-15 -3.173233e-14  1.000000e+00
   outer loop
     vertex  2.016653e+02  1.005073e+02  7.600000e+01
     vertex  1.866973e+02  1.043338e+02  7.600000e+01
     vertex  1.864373e+02  1.039136e+02  7.600000e+01
   endloop
 endfacet
 facet normal -9.886755e-15 -5.724268e-14  1.000000e+00
   outer loop
     vertex  2.016653e+02  1.005073e+02  7.600000e+01
     vertex  1.868492e+02  1.048041e+02  7.600000e+01
     vertex  1.866973e+02  1.043338e+02  7.600000e+01
   endloop
 endfacet
 facet normal  8.119651e-16 -1.620355e-14  1.000000e+00
   outer loop
     vertex  1.542422e+02  1.298498e+02  7.600000e+01
     vertex  1.598313e+02  1.204827e+02  7.600000e+01
     vertex  1.603249e+02  1.205074e+02  7.600000e+01
   endloop
 endfacet
 facet normal -2.121175e-14 -2.934448e-14  1.000000e+00
   outer loop
     vertex  1.542422e+02  1.298498e+02  7.600000e+01
     vertex  1.593580e+02  1.203406e+02  7.600000e+01
     vertex  1.598313e+02  1.204827e+02  7.600000e+01
   endloop
 endfacet
 facet normal -1.430444e-15 -1.601767e-14  1.000000e+00
   outer loop
     vertex  1.542422e+02  1.298498e+02  7.600000e+01
     vertex  1.377210e+02  1.180173e+02  7.600000e+01
     vertex  1.581674e+02  1.188529e+02  7.600000e+01
   endloop
 endfacet
 facet normal  8.036250e-15 -1.360968e-14  1.000000e+00
   outer loop
     vertex  1.542422e+02  1.298498e+02  7.600000e+01
     vertex  1.589324e+02  1.200893e+02  7.600000e+01
     vertex  1.593580e+02  1.203406e+02  7.600000e+01
   endloop
 endfacet
 facet normal  1.163638e-14 -1.187971e-14  1.000000e+00
   outer loop
     vertex  1.542422e+02  1.298498e+02  7.600000e+01
     vertex  1.585794e+02  1.197435e+02  7.600000e+01
     vertex  1.589324e+02  1.200893e+02  7.600000e+01
   endloop
 endfacet
 facet normal -1.616671e-14 -2.381151e-14  1.000000e+00
   outer loop
     vertex  1.542422e+02  1.298498e+02  7.600000e+01
     vertex  1.583193e+02  1.193232e+02  7.600000e+01
     vertex  1.585794e+02  1.197435e+02  7.600000e+01
   endloop
 endfacet
 facet normal  6.724847e-14  8.496717e-15  1.000000e+00
   outer loop
     vertex  1.542422e+02  1.298498e+02  7.600000e+01
     vertex  1.581674e+02  1.188529e+02  7.600000e+01
     vertex  1.583193e+02  1.193232e+02  7.600000e+01
   endloop
 endfacet
 facet normal -8.706179e-17 -1.789336e-14  1.000000e+00
   outer loop
     vertex  1.542422e+02  1.298498e+02  7.600000e+01
     vertex  1.397959e+02  1.291259e+02  7.600000e+01
     vertex  1.377210e+02  1.180173e+02  7.600000e+01
   endloop
 endfacet
 facet normal -1.457182e-14 -6.377764e-15  1.000000e+00
   outer loop
     vertex  1.928631e+02  1.119852e+02  7.600000e+01
     vertex  1.866020e+02  1.062368e+02  7.600000e+01
     vertex  1.868001e+02  1.057841e+02  7.600000e+01
   endloop
 endfacet
 facet normal  7.536288e-15 -3.045800e-14  1.000000e+00
   outer loop
     vertex  1.928631e+02  1.119852e+02  7.600000e+01
     vertex  1.863012e+02  1.066290e+02  7.600000e+01
     vertex  1.866020e+02  1.062368e+02  7.600000e+01
   endloop
 endfacet
 facet normal -8.577074e-15 -1.071753e-14  1.000000e+00
   outer loop
     vertex  1.928631e+02  1.119852e+02  7.600000e+01
     vertex  1.859154e+02  1.069378e+02  7.600000e+01
     vertex  1.863012e+02  1.066290e+02  7.600000e+01
   endloop
 endfacet
 facet normal -6.365622e-15 -1.376158e-14  1.000000e+00
   outer loop
     vertex  1.928631e+02  1.119852e+02  7.600000e+01
     vertex  1.854668e+02  1.071452e+02  7.600000e+01
     vertex  1.859154e+02  1.069378e+02  7.600000e+01
   endloop
 endfacet
 facet normal  4.167323e-14 -8.717346e-14  1.000000e+00
   outer loop
     vertex  1.928631e+02  1.119852e+02  7.600000e+01
     vertex  1.849817e+02  1.072393e+02  7.600000e+01
     vertex  1.854668e+02  1.071452e+02  7.600000e+01
   endloop
 endfacet
 facet normal  1.246229e-15 -1.885411e-14  1.000000e+00
   outer loop
     vertex  1.928631e+02  1.119852e+02  7.600000e+01
     vertex  1.868492e+02  1.048041e+02  7.600000e+01
     vertex  2.016653e+02  1.005073e+02  7.600000e+01
   endloop
 endfacet
 facet normal -6.083856e-14  3.313965e-14  1.000000e+00
   outer loop
     vertex  1.928631e+02  1.119852e+02  7.600000e+01
     vertex  1.868842e+02  1.052971e+02  7.600000e+01
     vertex  1.868492e+02  1.048041e+02  7.600000e+01
   endloop
 endfacet
 facet normal  7.437386e-15 -2.789678e-14  1.000000e+00
   outer loop
     vertex  1.928631e+02  1.119852e+02  7.600000e+01
     vertex  1.868001e+02  1.057841e+02  7.600000e+01
     vertex  1.868842e+02  1.052971e+02  7.600000e+01
   endloop
 endfacet
 facet normal -4.274994e-16 -1.733307e-14  1.000000e+00
   outer loop
     vertex  1.684419e+02  1.270955e+02  7.600000e+01
     vertex  1.621433e+02  1.190522e+02  7.600000e+01
     vertex  1.705136e+02  1.163861e+02  7.600000e+01
   endloop
 endfacet
 facet normal -2.783857e-16 -1.691346e-14  1.000000e+00
   outer loop
     vertex  1.684419e+02  1.270955e+02  7.600000e+01
     vertex  1.542422e+02  1.298498e+02  7.600000e+01
     vertex  1.603249e+02  1.205074e+02  7.600000e+01
   endloop
 endfacet
 facet normal  1.123973e-14 -2.646947e-14  1.000000e+00
   outer loop
     vertex  1.684419e+02  1.270955e+02  7.600000e+01
     vertex  1.619452e+02  1.195049e+02  7.600000e+01
     vertex  1.621433e+02  1.190522e+02  7.600000e+01
   endloop
 endfacet
 facet normal -1.038309e-14 -7.962647e-15  1.000000e+00
   outer loop
     vertex  1.684419e+02  1.270955e+02  7.600000e+01
     vertex  1.616444e+02  1.198970e+02  7.600000e+01
     vertex  1.619452e+02  1.195049e+02  7.600000e+01
   endloop
 endfacet
 facet normal -8.098709e-15 -1.011979e-14  1.000000e+00
   outer loop
     vertex  1.684419e+02  1.270955e+02  7.600000e+01
     vertex  1.612586e+02  1.202058e+02  7.600000e+01
     vertex  1.616444e+02  1.198970e+02  7.600000e+01
   endloop
 endfacet
 facet normal  3.695532e-14 -5.709432e-14  1.000000e+00
   outer loop
     vertex  1.684419e+02  1.270955e+02  7.600000e+01
     vertex  1.608100e+02  1.204133e+02  7.600000e+01
     vertex  1.612586e+02  1.202058e+02  7.600000e+01
   endloop
 endfacet
 facet normal -2.634283e-14  1.520004e-14  1.000000e+00
   outer loop
     vertex  1.684419e+02  1.270955e+02  7.600000e+01
     vertex  1.603249e+02  1.205074e+02  7.600000e+01
     vertex  1.608100e+02  1.204133e+02  7.600000e+01
   endloop
 endfacet
 facet normal -3.793048e-15 -1.955464e-14  1.000000e+00
   outer loop
     vertex  1.684419e+02  1.270955e+02  7.600000e+01
     vertex  1.728601e+02  1.167911e+02  7.600000e+01
     vertex  1.740375e+02  1.165627e+02  7.600000e+01
   endloop
 endfacet
 facet normal  8.794970e-16 -1.755122e-14  1.000000e+00
   outer loop
     vertex  1.684419e+02  1.270955e+02  7.600000e+01
     vertex  1.716623e+02  1.167310e+02  7.600000e+01
     vertex  1.728601e+02  1.167911e+02  7.600000e+01
   endloop
 endfacet
 facet normal  4.895836e-15 -1.630330e-14  1.000000e+00
   outer loop
     vertex  1.684419e+02  1.270955e+02  7.600000e+01
     vertex  1.705136e+02  1.163861e+02  7.600000e+01
     vertex  1.716623e+02  1.167310e+02  7.600000e+01
   endloop
 endfacet
 facet normal -2.403403e-15 -1.697432e-14  1.000000e+00
   outer loop
     vertex  1.815699e+02  1.210230e+02  7.600000e+01
     vertex  1.772731e+02  1.132594e+02  7.600000e+01
     vertex  1.844881e+02  1.072146e+02  7.600000e+01
   endloop
 endfacet
 facet normal -7.103318e-16 -1.791694e-14  1.000000e+00
   outer loop
     vertex  1.815699e+02  1.210230e+02  7.600000e+01
     vertex  1.684419e+02  1.270955e+02  7.600000e+01
     vertex  1.740375e+02  1.165627e+02  7.600000e+01
   endloop
 endfacet
 facet normal -7.705736e-16 -1.668667e-14  1.000000e+00
   outer loop
     vertex  1.815699e+02  1.210230e+02  7.600000e+01
     vertex  1.849817e+02  1.072393e+02  7.600000e+01
     vertex  1.928631e+02  1.119852e+02  7.600000e+01
   endloop
 endfacet
 facet normal  8.164890e-16 -1.629383e-14  1.000000e+00
   outer loop
     vertex  1.815699e+02  1.210230e+02  7.600000e+01
     vertex  1.844881e+02  1.072146e+02  7.600000e+01
     vertex  1.849817e+02  1.072393e+02  7.600000e+01
   endloop
 endfacet
 facet normal -5.418462e-15 -1.530564e-14  1.000000e+00
   outer loop
     vertex  1.815699e+02  1.210230e+02  7.600000e+01
     vertex  1.767923e+02  1.143581e+02  7.600000e+01
     vertex  1.772731e+02  1.132594e+02  7.600000e+01
   endloop
 endfacet
 facet normal -2.869649e-15 -1.713272e-14  1.000000e+00
   outer loop
     vertex  1.815699e+02  1.210230e+02  7.600000e+01
     vertex  1.760624e+02  1.153098e+02  7.600000e+01
     vertex  1.767923e+02  1.143581e+02  7.600000e+01
   endloop
 endfacet
 facet normal -4.227008e-16 -1.949156e-14  1.000000e+00
   outer loop
     vertex  1.815699e+02  1.210230e+02  7.600000e+01
     vertex  1.751260e+02  1.160592e+02  7.600000e+01
     vertex  1.760624e+02  1.153098e+02  7.600000e+01
   endloop
 endfacet
 facet normal  2.365022e-15 -2.311051e-14  1.000000e+00
   outer loop
     vertex  1.815699e+02  1.210230e+02  7.600000e+01
     vertex  1.740375e+02  1.165627e+02  7.600000e+01
     vertex  1.751260e+02  1.160592e+02  7.600000e+01
   endloop
 endfacet
 facet normal -9.694565e-15  3.548842e-14 -1.000000e+00
   outer loop
     vertex  1.259625e+02  2.343732e+01  6.600000e+01
     vertex  1.184301e+02  1.897703e+01  6.600000e+01
     vertex  1.248740e+02  2.394083e+01  6.600000e+01
   endloop
 endfacet
 facet normal  7.103318e-16  1.791694e-14 -1.000000e+00
   outer loop
     vertex  1.259625e+02  2.343732e+01  6.600000e+01
     vertex  1.315581e+02  1.290450e+01  6.600000e+01
     vertex  1.184301e+02  1.897703e+01  6.600000e+01
   endloop
 endfacet
 facet normal  1.643291e-14  1.570450e-15 -1.000000e+00
   outer loop
     vertex  1.239376e+02  2.469022e+01  6.600000e+01
     vertex  1.248740e+02  2.394083e+01  6.600000e+01
     vertex  1.184301e+02  1.897703e+01  6.600000e+01
   endloop
 endfacet
 facet normal  1.724944e-14  2.670336e-14 -1.000000e+00
   outer loop
     vertex  1.271399e+02  2.320894e+01  6.600000e+01
     vertex  1.315581e+02  1.290450e+01  6.600000e+01
     vertex  1.259625e+02  2.343732e+01  6.600000e+01
   endloop
 endfacet
 facet normal -1.582110e-14  3.266310e-14 -1.000000e+00
   outer loop
     vertex  1.232077e+02  2.564192e+01  6.600000e+01
     vertex  1.239376e+02  2.469022e+01  6.600000e+01
     vertex  1.184301e+02  1.897703e+01  6.600000e+01
   endloop
 endfacet
 facet normal -1.256138e-14  1.392155e-14 -1.000000e+00
   outer loop
     vertex  1.283377e+02  2.326896e+01  6.600000e+01
     vertex  1.315581e+02  1.290450e+01  6.600000e+01
     vertex  1.271399e+02  2.320894e+01  6.600000e+01
   endloop
 endfacet
 facet normal  1.846838e-14  8.083205e-15 -1.000000e+00
   outer loop
     vertex  1.227269e+02  2.674063e+01  6.600000e+01
     vertex  1.232077e+02  2.564192e+01  6.600000e+01
     vertex  1.184301e+02  1.897703e+01  6.600000e+01
   endloop
 endfacet
 facet normal -4.895836e-15  1.630330e-14 -1.000000e+00
   outer loop
     vertex  1.294864e+02  2.361390e+01  6.600000e+01
     vertex  1.315581e+02  1.290450e+01  6.600000e+01
     vertex  1.283377e+02  2.326896e+01  6.600000e+01
   endloop
 endfacet
 facet normal -3.631165e-14  5.848585e-14 -1.000000e+00
   outer loop
     vertex  1.391900e+02  1.958669e+01  6.600000e+01
     vertex  1.315581e+02  1.290450e+01  6.600000e+01
     vertex  1.387414e+02  1.979416e+01  6.600000e+01
   endloop
 endfacet
 facet normal -1.378746e-14  3.868672e-14 -1.000000e+00
   outer loop
     vertex  1.145332e+02  3.285476e+01  6.600000e+01
     vertex  1.071369e+02  2.801483e+01  6.600000e+01
     vertex  1.140846e+02  3.306224e+01  6.600000e+01
   endloop
 endfacet
 facet normal  2.907589e-14 -9.688944e-15 -1.000000e+00
   outer loop
     vertex  1.383556e+02  2.010296e+01  6.600000e+01
     vertex  1.387414e+02  1.979416e+01  6.600000e+01
     vertex  1.315581e+02  1.290450e+01  6.600000e+01
   endloop
 endfacet
 facet normal  7.504940e-15  9.377838e-15 -1.000000e+00
   outer loop
     vertex  1.136988e+02  3.337103e+01  6.600000e+01
     vertex  1.140846e+02  3.306224e+01  6.600000e+01
     vertex  1.071369e+02  2.801483e+01  6.600000e+01
   endloop
 endfacet
 facet normal  2.783857e-16  1.691346e-14 -1.000000e+00
   outer loop
     vertex  1.396751e+02  1.949258e+01  6.600000e+01
     vertex  1.457578e+02  1.015016e+01  6.600000e+01
     vertex  1.315581e+02  1.290450e+01  6.600000e+01
   endloop
 endfacet
 facet normal  2.701611e-15  1.392785e-14 -1.000000e+00
   outer loop
     vertex  1.396751e+02  1.949258e+01  6.600000e+01
     vertex  1.315581e+02  1.290450e+01  6.600000e+01
     vertex  1.391900e+02  1.958669e+01  6.600000e+01
   endloop
 endfacet
 facet normal  2.302859e-16  1.758393e-14 -1.000000e+00
   outer loop
     vertex  1.150183e+02  3.276065e+01  6.600000e+01
     vertex  1.184301e+02  1.897703e+01  6.600000e+01
     vertex  1.071369e+02  2.801483e+01  6.600000e+01
   endloop
 endfacet
 facet normal  2.635874e-15  1.358895e-14 -1.000000e+00
   outer loop
     vertex  1.150183e+02  3.276065e+01  6.600000e+01
     vertex  1.071369e+02  2.801483e+01  6.600000e+01
     vertex  1.145332e+02  3.285476e+01  6.600000e+01
   endloop
 endfacet
 facet normal  1.038309e-14  7.962647e-15 -1.000000e+00
   outer loop
     vertex  1.380548e+02  2.049511e+01  6.600000e+01
     vertex  1.383556e+02  2.010296e+01  6.600000e+01
     vertex  1.315581e+02  1.290450e+01  6.600000e+01
   endloop
 endfacet
 facet normal -2.705984e-14  5.172314e-14 -1.000000e+00
   outer loop
     vertex  1.133980e+02  3.376319e+01  6.600000e+01
     vertex  1.136988e+02  3.337103e+01  6.600000e+01
     vertex  1.071369e+02  2.801483e+01  6.600000e+01
   endloop
 endfacet
 facet normal -8.119651e-16  1.620355e-14 -1.000000e+00
   outer loop
     vertex  1.401687e+02  1.951731e+01  6.600000e+01
     vertex  1.457578e+02  1.015016e+01  6.600000e+01
     vertex  1.396751e+02  1.949258e+01  6.600000e+01
   endloop
 endfacet
 facet normal  1.057731e-15  1.771908e-14 -1.000000e+00
   outer loop
     vertex  1.155119e+02  3.278539e+01  6.600000e+01
     vertex  1.227269e+02  2.674063e+01  6.600000e+01
     vertex  1.184301e+02  1.897703e+01  6.600000e+01
   endloop
 endfacet
 facet normal -8.675195e-16  1.731220e-14 -1.000000e+00
   outer loop
     vertex  1.155119e+02  3.278539e+01  6.600000e+01
     vertex  1.184301e+02  1.897703e+01  6.600000e+01
     vertex  1.150183e+02  3.276065e+01  6.600000e+01
   endloop
 endfacet
 facet normal -4.341311e-15  1.127483e-14 -1.000000e+00
   outer loop
     vertex  1.155119e+02  3.278539e+01  6.600000e+01
     vertex  1.225229e+02  2.792250e+01  6.600000e+01
     vertex  1.227269e+02  2.674063e+01  6.600000e+01
   endloop
 endfacet
 facet normal  4.274994e-16  1.733307e-14 -1.000000e+00
   outer loop
     vertex  1.378567e+02  2.094785e+01  6.600000e+01
     vertex  1.315581e+02  1.290450e+01  6.600000e+01
     vertex  1.294864e+02  2.361390e+01  6.600000e+01
   endloop
 endfacet
 facet normal -1.123973e-14  2.646947e-14 -1.000000e+00
   outer loop
     vertex  1.378567e+02  2.094785e+01  6.600000e+01
     vertex  1.380548e+02  2.049511e+01  6.600000e+01
     vertex  1.315581e+02  1.290450e+01  6.600000e+01
   endloop
 endfacet
 facet normal  1.513061e-15  2.074127e-14 -1.000000e+00
   outer loop
     vertex  1.378567e+02  2.094785e+01  6.600000e+01
     vertex  1.294864e+02  2.361390e+01  6.600000e+01
     vertex  1.305192e+02  2.422371e+01  6.600000e+01
   endloop
 endfacet
 facet normal  3.512930e-14 -1.601353e-14 -1.000000e+00
   outer loop
     vertex  1.131999e+02  3.421592e+01  6.600000e+01
     vertex  1.133980e+02  3.376319e+01  6.600000e+01
     vertex  1.071369e+02  2.801483e+01  6.600000e+01
   endloop
 endfacet
 facet normal -4.249880e-15  1.415225e-14 -1.000000e+00
   outer loop
     vertex  1.406420e+02  1.965945e+01  6.600000e+01
     vertex  1.457578e+02  1.015016e+01  6.600000e+01
     vertex  1.401687e+02  1.951731e+01  6.600000e+01
   endloop
 endfacet
 facet normal  3.823043e-14  7.265204e-14 -1.000000e+00
   outer loop
     vertex  1.159852e+02  3.292752e+01  6.600000e+01
     vertex  1.225229e+02  2.792250e+01  6.600000e+01
     vertex  1.155119e+02  3.278539e+01  6.600000e+01
   endloop
 endfacet
 facet normal  7.571696e-16  2.370358e-14 -1.000000e+00
   outer loop
     vertex  1.159852e+02  3.292752e+01  6.600000e+01
     vertex  1.226077e+02  2.911884e+01  6.600000e+01
     vertex  1.225229e+02  2.792250e+01  6.600000e+01
   endloop
 endfacet
 facet normal  1.983678e-14  6.178416e-14 -1.000000e+00
   outer loop
     vertex  1.377726e+02  2.143485e+01  6.600000e+01
     vertex  1.378567e+02  2.094785e+01  6.600000e+01
     vertex  1.305192e+02  2.422371e+01  6.600000e+01
   endloop
 endfacet
 facet normal -9.429605e-15  2.755296e-14 -1.000000e+00
   outer loop
     vertex  1.131158e+02  3.470292e+01  6.600000e+01
     vertex  1.131999e+02  3.421592e+01  6.600000e+01
     vertex  1.071369e+02  2.801483e+01  6.600000e+01
   endloop
 endfacet
 facet normal  1.861463e-15  1.503259e-14 -1.000000e+00
   outer loop
     vertex  1.313759e+02  2.506295e+01  6.600000e+01
     vertex  1.377726e+02  2.143485e+01  6.600000e+01
     vertex  1.305192e+02  2.422371e+01  6.600000e+01
   endloop
 endfacet
 facet normal  1.797680e-14  2.610972e-14 -1.000000e+00
   outer loop
     vertex  1.410676e+02  1.991073e+01  6.600000e+01
     vertex  1.457578e+02  1.015016e+01  6.600000e+01
     vertex  1.406420e+02  1.965945e+01  6.600000e+01
   endloop
 endfacet
 facet normal -2.299935e-14 -1.760385e-14 -1.000000e+00
   outer loop
     vertex  1.164108e+02  3.317880e+01  6.600000e+01
     vertex  1.226077e+02  2.911884e+01  6.600000e+01
     vertex  1.159852e+02  3.292752e+01  6.600000e+01
   endloop
 endfacet
 facet normal -2.212572e-14 -2.725911e-14 -1.000000e+00
   outer loop
     vertex  1.378076e+02  2.192781e+01  6.600000e+01
     vertex  1.377726e+02  2.143485e+01  6.600000e+01
     vertex  1.313759e+02  2.506295e+01  6.600000e+01
   endloop
 endfacet
 facet normal  2.972173e-16  1.756153e-14 -1.000000e+00
   outer loop
     vertex  1.131508e+02  3.519589e+01  6.600000e+01
     vertex  1.071369e+02  2.801483e+01  6.600000e+01
     vertex  9.833471e+01  3.949266e+01  6.600000e+01
   endloop
 endfacet
 facet normal  2.323353e-14 -1.646802e-15 -1.000000e+00
   outer loop
     vertex  1.131508e+02  3.519589e+01  6.600000e+01
     vertex  1.131158e+02  3.470292e+01  6.600000e+01
     vertex  1.071369e+02  2.801483e+01  6.600000e+01
   endloop
 endfacet
 facet normal -1.163638e-14  1.187971e-14 -1.000000e+00
   outer loop
     vertex  1.414206e+02  2.025655e+01  6.600000e+01
     vertex  1.457578e+02  1.015016e+01  6.600000e+01
     vertex  1.410676e+02  1.991073e+01  6.600000e+01
   endloop
 endfacet
 facet normal -6.870599e-15  7.014268e-15 -1.000000e+00
   outer loop
     vertex  1.167638e+02  3.352462e+01  6.600000e+01
     vertex  1.226077e+02  2.911884e+01  6.600000e+01
     vertex  1.164108e+02  3.317880e+01  6.600000e+01
   endloop
 endfacet
 facet normal -2.228578e-15  1.317149e-14 -1.000000e+00
   outer loop
     vertex  1.229763e+02  3.026012e+01  6.600000e+01
     vertex  1.226077e+02  2.911884e+01  6.600000e+01
     vertex  1.167638e+02  3.352462e+01  6.600000e+01
   endloop
 endfacet
 facet normal  5.090398e-15  2.857385e-14 -1.000000e+00
   outer loop
     vertex  1.379595e+02  2.239809e+01  6.600000e+01
     vertex  1.378076e+02  2.192781e+01  6.600000e+01
     vertex  1.313759e+02  2.506295e+01  6.600000e+01
   endloop
 endfacet
 facet normal  3.627876e-15  2.904625e-14 -1.000000e+00
   outer loop
     vertex  1.133027e+02  3.566617e+01  6.600000e+01
     vertex  1.131508e+02  3.519589e+01  6.600000e+01
     vertex  9.833471e+01  3.949266e+01  6.600000e+01
   endloop
 endfacet
 facet normal  1.616671e-14  2.381151e-14 -1.000000e+00
   outer loop
     vertex  1.416807e+02  2.067681e+01  6.600000e+01
     vertex  1.457578e+02  1.015016e+01  6.600000e+01
     vertex  1.414206e+02  2.025655e+01  6.600000e+01
   endloop
 endfacet
 facet normal  6.504063e-15  2.979016e-14 -1.000000e+00
   outer loop
     vertex  1.170238e+02  3.394488e+01  6.600000e+01
     vertex  1.229763e+02  3.026012e+01  6.600000e+01
     vertex  1.167638e+02  3.352462e+01  6.600000e+01
   endloop
 endfacet
 facet normal -6.682677e-16  1.434709e-14 -1.000000e+00
   outer loop
     vertex  1.320070e+02  2.608285e+01  6.600000e+01
     vertex  1.379595e+02  2.239809e+01  6.600000e+01
     vertex  1.313759e+02  2.506295e+01  6.600000e+01
   endloop
 endfacet
 facet normal -6.904855e-15  4.272300e-15 -1.000000e+00
   outer loop
     vertex  1.382195e+02  2.281835e+01  6.600000e+01
     vertex  1.379595e+02  2.239809e+01  6.600000e+01
     vertex  1.320070e+02  2.608285e+01  6.600000e+01
   endloop
 endfacet
 facet normal -3.279008e-15  2.028848e-15 -1.000000e+00
   outer loop
     vertex  1.135627e+02  3.608642e+01  6.600000e+01
     vertex  1.133027e+02  3.566617e+01  6.600000e+01
     vertex  9.833471e+01  3.949266e+01  6.600000e+01
   endloop
 endfacet
 facet normal -2.470698e-14  7.980384e-15 -1.000000e+00
   outer loop
     vertex  1.418326e+02  2.114708e+01  6.600000e+01
     vertex  1.457578e+02  1.015016e+01  6.600000e+01
     vertex  1.416807e+02  2.067681e+01  6.600000e+01
   endloop
 endfacet
 facet normal  4.444186e-15  3.655632e-14 -1.000000e+00
   outer loop
     vertex  1.139157e+02  3.643224e+01  6.600000e+01
     vertex  1.135627e+02  3.608642e+01  6.600000e+01
     vertex  9.833471e+01  3.949266e+01  6.600000e+01
   endloop
 endfacet
 facet normal -3.817923e-15  1.233194e-15 -1.000000e+00
   outer loop
     vertex  1.236074e+02  3.128002e+01  6.600000e+01
     vertex  1.170238e+02  3.394488e+01  6.600000e+01
     vertex  1.171757e+02  3.441516e+01  6.600000e+01
   endloop
 endfacet
 facet normal  1.007869e-14  3.556473e-14 -1.000000e+00
   outer loop
     vertex  1.236074e+02  3.128002e+01  6.600000e+01
     vertex  1.229763e+02  3.026012e+01  6.600000e+01
     vertex  1.170238e+02  3.394488e+01  6.600000e+01
   endloop
 endfacet
 facet normal  9.311323e-15  2.816740e-14 -1.000000e+00
   outer loop
     vertex  1.172107e+02  3.490812e+01  6.600000e+01
     vertex  1.236074e+02  3.128002e+01  6.600000e+01
     vertex  1.171757e+02  3.441516e+01  6.600000e+01
   endloop
 endfacet
 facet normal  3.365027e-15  2.381641e-14 -1.000000e+00
   outer loop
     vertex  1.323756e+02  2.722413e+01  6.600000e+01
     vertex  1.382195e+02  2.281835e+01  6.600000e+01
     vertex  1.320070e+02  2.608285e+01  6.600000e+01
   endloop
 endfacet
 facet normal -5.435349e-15  9.204962e-15 -1.000000e+00
   outer loop
     vertex  1.323756e+02  2.722413e+01  6.600000e+01
     vertex  1.389981e+02  2.341545e+01  6.600000e+01
     vertex  1.385726e+02  2.316417e+01  6.600000e+01
   endloop
 endfacet
 facet normal  9.261805e-15  3.163796e-14 -1.000000e+00
   outer loop
     vertex  1.323756e+02  2.722413e+01  6.600000e+01
     vertex  1.385726e+02  2.316417e+01  6.600000e+01
     vertex  1.382195e+02  2.281835e+01  6.600000e+01
   endloop
 endfacet
 facet normal  1.773836e-14  6.142201e-14 -1.000000e+00
   outer loop
     vertex  1.244642e+02  3.211926e+01  6.600000e+01
     vertex  1.172107e+02  3.490812e+01  6.600000e+01
     vertex  1.171266e+02  3.539512e+01  6.600000e+01
   endloop
 endfacet
 facet normal -4.220771e-15  4.309030e-15 -1.000000e+00
   outer loop
     vertex  1.244642e+02  3.211926e+01  6.600000e+01
     vertex  1.236074e+02  3.128002e+01  6.600000e+01
     vertex  1.172107e+02  3.490812e+01  6.600000e+01
   endloop
 endfacet
 facet normal -3.745023e-15  1.214407e-14 -1.000000e+00
   outer loop
     vertex  1.324604e+02  2.842047e+01  6.600000e+01
     vertex  1.389981e+02  2.341545e+01  6.600000e+01
     vertex  1.323756e+02  2.722413e+01  6.600000e+01
   endloop
 endfacet
 facet normal -3.674495e-15  1.223620e-14 -1.000000e+00
   outer loop
     vertex  1.324604e+02  2.842047e+01  6.600000e+01
     vertex  1.394714e+02  2.355758e+01  6.600000e+01
     vertex  1.389981e+02  2.341545e+01  6.600000e+01
   endloop
 endfacet
 facet normal -5.514358e-15  9.338767e-15 -1.000000e+00
   outer loop
     vertex  1.254969e+02  3.272907e+01  6.600000e+01
     vertex  1.244642e+02  3.211926e+01  6.600000e+01
     vertex  1.171266e+02  3.539512e+01  6.600000e+01
   endloop
 endfacet
 facet normal -2.148134e-14 -4.079076e-14 -1.000000e+00
   outer loop
     vertex  1.254969e+02  3.272907e+01  6.600000e+01
     vertex  1.171266e+02  3.539512e+01  6.600000e+01
     vertex  1.169285e+02  3.584786e+01  6.600000e+01
   endloop
 endfacet
 facet normal  1.460684e-14  3.859306e-14 -1.000000e+00
   outer loop
     vertex  1.322565e+02  2.960234e+01  6.600000e+01
     vertex  1.394714e+02  2.355758e+01  6.600000e+01
     vertex  1.324604e+02  2.842047e+01  6.600000e+01
   endloop
 endfacet
 facet normal  5.482817e-15  2.826605e-14 -1.000000e+00
   outer loop
     vertex  1.322565e+02  2.960234e+01  6.600000e+01
     vertex  1.404502e+02  2.348821e+01  6.600000e+01
     vertex  1.399650e+02  2.358232e+01  6.600000e+01
   endloop
 endfacet
 facet normal -1.000420e-15  1.996436e-14 -1.000000e+00
   outer loop
     vertex  1.322565e+02  2.960234e+01  6.600000e+01
     vertex  1.399650e+02  2.358232e+01  6.600000e+01
     vertex  1.394714e+02  2.355758e+01  6.600000e+01
   endloop
 endfacet
 facet normal  7.626570e-15  4.208619e-14 -1.000000e+00
   outer loop
     vertex  1.266456e+02  3.307401e+01  6.600000e+01
     vertex  1.169285e+02  3.584786e+01  6.600000e+01
     vertex  1.166277e+02  3.624002e+01  6.600000e+01
   endloop
 endfacet
 facet normal  3.779878e-15  2.861081e-14 -1.000000e+00
   outer loop
     vertex  1.266456e+02  3.307401e+01  6.600000e+01
     vertex  1.254969e+02  3.272907e+01  6.600000e+01
     vertex  1.169285e+02  3.584786e+01  6.600000e+01
   endloop
 endfacet
 facet normal -2.317958e-14 -1.014520e-14 -1.000000e+00
   outer loop
     vertex  1.317756e+02  3.070105e+01  6.600000e+01
     vertex  1.404502e+02  2.348821e+01  6.600000e+01
     vertex  1.322565e+02  2.960234e+01  6.600000e+01
   endloop
 endfacet
 facet normal  2.045519e-15  1.912697e-14 -1.000000e+00
   outer loop
     vertex  1.014937e+02  5.401432e+01  6.600000e+01
     vertex  9.833471e+01  3.949266e+01  6.600000e+01
     vertex  9.253513e+01  5.274346e+01  6.600000e+01
   endloop
 endfacet
 facet normal  6.965842e-15  1.505917e-14 -1.000000e+00
   outer loop
     vertex  1.636123e+02  2.062156e+01  6.600000e+01
     vertex  1.602041e+02  1.087406e+01  6.600000e+01
     vertex  1.631638e+02  2.082904e+01  6.600000e+01
   endloop
 endfacet
 facet normal -4.934640e-14  3.030654e-14 -1.000000e+00
   outer loop
     vertex  1.019422e+02  5.380684e+01  6.600000e+01
     vertex  9.833471e+01  3.949266e+01  6.600000e+01
     vertex  1.014937e+02  5.401432e+01  6.600000e+01
   endloop
 endfacet
 facet normal -4.842815e-14  3.152809e-14 -1.000000e+00
   outer loop
     vertex  1.627779e+02  2.113783e+01  6.600000e+01
     vertex  1.631638e+02  2.082904e+01  6.600000e+01
     vertex  1.602041e+02  1.087406e+01  6.600000e+01
   endloop
 endfacet
 facet normal  9.587815e-15 -3.404037e-14 -1.000000e+00
   outer loop
     vertex  1.011078e+02  5.432311e+01  6.600000e+01
     vertex  1.014937e+02  5.401432e+01  6.600000e+01
     vertex  9.253513e+01  5.274346e+01  6.600000e+01
   endloop
 endfacet
 facet normal  3.177957e-15  1.638360e-14 -1.000000e+00
   outer loop
     vertex  1.640975e+02  2.052745e+01  6.600000e+01
     vertex  1.602041e+02  1.087406e+01  6.600000e+01
     vertex  1.636123e+02  2.062156e+01  6.600000e+01
   endloop
 endfacet
 facet normal  3.304736e-15  1.703720e-14 -1.000000e+00
   outer loop
     vertex  1.024274e+02  5.371273e+01  6.600000e+01
     vertex  9.833471e+01  3.949266e+01  6.600000e+01
     vertex  1.019422e+02  5.380684e+01  6.600000e+01
   endloop
 endfacet
 facet normal  5.465654e-14  5.677860e-15 -1.000000e+00
   outer loop
     vertex  1.624772e+02  2.152999e+01  6.600000e+01
     vertex  1.627779e+02  2.113783e+01  6.600000e+01
     vertex  1.602041e+02  1.087406e+01  6.600000e+01
   endloop
 endfacet
 facet normal  2.904882e-15  2.227713e-15 -1.000000e+00
   outer loop
     vertex  1.008071e+02  5.471527e+01  6.600000e+01
     vertex  1.011078e+02  5.432311e+01  6.600000e+01
     vertex  9.253513e+01  5.274346e+01  6.600000e+01
   endloop
 endfacet
 facet normal -9.034742e-16  1.802971e-14 -1.000000e+00
   outer loop
     vertex  1.645910e+02  2.055219e+01  6.600000e+01
     vertex  1.602041e+02  1.087406e+01  6.600000e+01
     vertex  1.640975e+02  2.052745e+01  6.600000e+01
   endloop
 endfacet
 facet normal -9.145912e-16  1.825156e-14 -1.000000e+00
   outer loop
     vertex  1.029210e+02  5.373747e+01  6.600000e+01
     vertex  9.833471e+01  3.949266e+01  6.600000e+01
     vertex  1.024274e+02  5.371273e+01  6.600000e+01
   endloop
 endfacet
 facet normal  2.235206e-17  1.918471e-14 -1.000000e+00
   outer loop
     vertex  1.622790e+02  2.198272e+01  6.600000e+01
     vertex  1.602041e+02  1.087406e+01  6.600000e+01
     vertex  1.457578e+02  1.015016e+01  6.600000e+01
   endloop
 endfacet
 facet normal -6.980221e-14  3.222681e-14 -1.000000e+00
   outer loop
     vertex  1.622790e+02  2.198272e+01  6.600000e+01
     vertex  1.624772e+02  2.152999e+01  6.600000e+01
     vertex  1.602041e+02  1.087406e+01  6.600000e+01
   endloop
 endfacet
 facet normal  1.378389e-15  1.729135e-14 -1.000000e+00
   outer loop
     vertex  1.622790e+02  2.198272e+01  6.600000e+01
     vertex  1.457578e+02  1.015016e+01  6.600000e+01
     vertex  1.418326e+02  2.114708e+01  6.600000e+01
   endloop
 endfacet
 facet normal -3.664055e-15  2.978518e-14 -1.000000e+00
   outer loop
     vertex  1.006089e+02  5.516800e+01  6.600000e+01
     vertex  1.008071e+02  5.471527e+01  6.600000e+01
     vertex  9.253513e+01  5.274346e+01  6.600000e+01
   endloop
 endfacet
 facet normal -1.005845e-16  1.741493e-14 -1.000000e+00
   outer loop
     vertex  1.650644e+02  2.069432e+01  6.600000e+01
     vertex  1.740573e+02  1.503415e+01  6.600000e+01
     vertex  1.602041e+02  1.087406e+01  6.600000e+01
   endloop
 endfacet
 facet normal -6.125028e-15  2.039656e-14 -1.000000e+00
   outer loop
     vertex  1.650644e+02  2.069432e+01  6.600000e+01
     vertex  1.602041e+02  1.087406e+01  6.600000e+01
     vertex  1.645910e+02  2.055219e+01  6.600000e+01
   endloop
 endfacet
 facet normal -5.969631e-15  1.987908e-14 -1.000000e+00
   outer loop
     vertex  1.033943e+02  5.387960e+01  6.600000e+01
     vertex  9.833471e+01  3.949266e+01  6.600000e+01
     vertex  1.029210e+02  5.373747e+01  6.600000e+01
   endloop
 endfacet
 facet normal  7.072385e-16  1.753097e-14 -1.000000e+00
   outer loop
     vertex  1.033943e+02  5.387960e+01  6.600000e+01
     vertex  1.139157e+02  3.643224e+01  6.600000e+01
     vertex  9.833471e+01  3.949266e+01  6.600000e+01
   endloop
 endfacet
 facet normal -4.788997e-16  2.886134e-14 -1.000000e+00
   outer loop
     vertex  1.621950e+02  2.246973e+01  6.600000e+01
     vertex  1.418326e+02  2.114708e+01  6.600000e+01
     vertex  1.418675e+02  2.164005e+01  6.600000e+01
   endloop
 endfacet
 facet normal  3.254721e-15 -2.861863e-14 -1.000000e+00
   outer loop
     vertex  1.621950e+02  2.246973e+01  6.600000e+01
     vertex  1.622790e+02  2.198272e+01  6.600000e+01
     vertex  1.418326e+02  2.114708e+01  6.600000e+01
   endloop
 endfacet
 facet normal -1.164185e-14  5.635150e-14 -1.000000e+00
   outer loop
     vertex  1.005249e+02  5.565501e+01  6.600000e+01
     vertex  1.006089e+02  5.516800e+01  6.600000e+01
     vertex  9.253513e+01  5.274346e+01  6.600000e+01
   endloop
 endfacet
 facet normal -5.354305e-15  9.067711e-15 -1.000000e+00
   outer loop
     vertex  1.654899e+02  2.094560e+01  6.600000e+01
     vertex  1.740573e+02  1.503415e+01  6.600000e+01
     vertex  1.650644e+02  2.069432e+01  6.600000e+01
   endloop
 endfacet
 facet normal -7.802471e-15  1.321377e-14 -1.000000e+00
   outer loop
     vertex  1.038198e+02  5.413088e+01  6.600000e+01
     vertex  1.143413e+02  3.668352e+01  6.600000e+01
     vertex  1.139157e+02  3.643224e+01  6.600000e+01
   endloop
 endfacet
 facet normal  1.717757e-14  2.746325e-14 -1.000000e+00
   outer loop
     vertex  1.038198e+02  5.413088e+01  6.600000e+01
     vertex  1.139157e+02  3.643224e+01  6.600000e+01
     vertex  1.033943e+02  5.387960e+01  6.600000e+01
   endloop
 endfacet
 facet normal -2.368483e-15  5.795192e-14 -1.000000e+00
   outer loop
     vertex  1.622299e+02  2.296269e+01  6.600000e+01
     vertex  1.418675e+02  2.164005e+01  6.600000e+01
     vertex  1.417834e+02  2.212705e+01  6.600000e+01
   endloop
 endfacet
 facet normal -4.788997e-16  2.886134e-14 -1.000000e+00
   outer loop
     vertex  1.622299e+02  2.296269e+01  6.600000e+01
     vertex  1.621950e+02  2.246973e+01  6.600000e+01
     vertex  1.418675e+02  2.164005e+01  6.600000e+01
   endloop
 endfacet
 facet normal  1.991245e-14 -3.023879e-14 -1.000000e+00
   outer loop
     vertex  1.005598e+02  5.614797e+01  6.600000e+01
     vertex  1.005249e+02  5.565501e+01  6.600000e+01
     vertex  9.253513e+01  5.274346e+01  6.600000e+01
   endloop
 endfacet
 facet normal  9.823370e-15  3.106466e-14 -1.000000e+00
   outer loop
     vertex  1.658430e+02  2.129142e+01  6.600000e+01
     vertex  1.740573e+02  1.503415e+01  6.600000e+01
     vertex  1.654899e+02  2.094560e+01  6.600000e+01
   endloop
 endfacet
 facet normal -4.503563e-15  1.499702e-14 -1.000000e+00
   outer loop
     vertex  1.041729e+02  5.447670e+01  6.600000e+01
     vertex  1.148146e+02  3.682566e+01  6.600000e+01
     vertex  1.143413e+02  3.668352e+01  6.600000e+01
   endloop
 endfacet
 facet normal -1.103418e-14  1.126492e-14 -1.000000e+00
   outer loop
     vertex  1.041729e+02  5.447670e+01  6.600000e+01
     vertex  1.143413e+02  3.668352e+01  6.600000e+01
     vertex  1.038198e+02  5.413088e+01  6.600000e+01
   endloop
 endfacet
 facet normal  1.936299e-15 -3.054138e-14 -1.000000e+00
   outer loop
     vertex  1.623818e+02  2.343297e+01  6.600000e+01
     vertex  1.417834e+02  2.212705e+01  6.600000e+01
     vertex  1.415853e+02  2.257978e+01  6.600000e+01
   endloop
 endfacet
 facet normal  0.000000e+00  0.000000e+00 -1.000000e+00
   outer loop
     vertex  1.623818e+02  2.343297e+01  6.600000e+01
     vertex  1.622299e+02  2.296269e+01  6.600000e+01
     vertex  1.417834e+02  2.212705e+01  6.600000e+01
   endloop
 endfacet
 facet normal -6.647492e-15  3.236520e-14 -1.000000e+00
   outer loop
     vertex  1.007117e+02  5.661825e+01  6.600000e+01
     vertex  1.005598e+02  5.614797e+01  6.600000e+01
     vertex  9.253513e+01  5.274346e+01  6.600000e+01
   endloop
 endfacet
 facet normal -9.406490e-15  5.820157e-15 -1.000000e+00
   outer loop
     vertex  1.661030e+02  2.171168e+01  6.600000e+01
     vertex  1.740573e+02  1.503415e+01  6.600000e+01
     vertex  1.658430e+02  2.129142e+01  6.600000e+01
   endloop
 endfacet
 facet normal -9.192705e-16  1.834494e-14 -1.000000e+00
   outer loop
     vertex  1.044329e+02  5.489696e+01  6.600000e+01
     vertex  1.153082e+02  3.685039e+01  6.600000e+01
     vertex  1.148146e+02  3.682566e+01  6.600000e+01
   endloop
 endfacet
 facet normal  4.086064e-14  4.234690e-14 -1.000000e+00
   outer loop
     vertex  1.044329e+02  5.489696e+01  6.600000e+01
     vertex  1.148146e+02  3.682566e+01  6.600000e+01
     vertex  1.041729e+02  5.447670e+01  6.600000e+01
   endloop
 endfacet
 facet normal -7.222552e-16  3.426136e-14 -1.000000e+00
   outer loop
     vertex  1.626418e+02  2.385323e+01  6.600000e+01
     vertex  1.623818e+02  2.343297e+01  6.600000e+01
     vertex  1.415853e+02  2.257978e+01  6.600000e+01
   endloop
 endfacet
 facet normal -2.898864e-15  7.025186e-14 -1.000000e+00
   outer loop
     vertex  1.626418e+02  2.385323e+01  6.600000e+01
     vertex  1.415853e+02  2.257978e+01  6.600000e+01
     vertex  1.412846e+02  2.297194e+01  6.600000e+01
   endloop
 endfacet
 facet normal  8.712609e-15  2.740387e-14 -1.000000e+00
   outer loop
     vertex  1.662549e+02  2.218196e+01  6.600000e+01
     vertex  1.740573e+02  1.503415e+01  6.600000e+01
     vertex  1.661030e+02  2.171168e+01  6.600000e+01
   endloop
 endfacet
 facet normal  3.857172e-15  1.988522e-14 -1.000000e+00
   outer loop
     vertex  1.045848e+02  5.536724e+01  6.600000e+01
     vertex  1.157934e+02  3.675629e+01  6.600000e+01
     vertex  1.153082e+02  3.685039e+01  6.600000e+01
   endloop
 endfacet
 facet normal -5.306359e-14 -1.307845e-14 -1.000000e+00
   outer loop
     vertex  1.045848e+02  5.536724e+01  6.600000e+01
     vertex  1.153082e+02  3.685039e+01  6.600000e+01
     vertex  1.044329e+02  5.489696e+01  6.600000e+01
   endloop
 endfacet
 facet normal  0.000000e+00  0.000000e+00 -1.000000e+00
   outer loop
     vertex  1.629949e+02  2.419904e+01  6.600000e+01
     vertex  1.626418e+02  2.385323e+01  6.600000e+01
     vertex  1.412846e+02  2.297194e+01  6.600000e+01
   endloop
 endfacet
 facet normal  2.429579e-15 -4.298498e-14 -1.000000e+00
   outer loop
     vertex  1.629949e+02  2.419904e+01  6.600000e+01
     vertex  1.412846e+02  2.297194e+01  6.600000e+01
     vertex  1.408987e+02  2.328073e+01  6.600000e+01
   endloop
 endfacet
 facet normal  3.420435e-14  5.523036e-14 -1.000000e+00
   outer loop
     vertex  1.662898e+02  2.267492e+01  6.600000e+01
     vertex  1.740573e+02  1.503415e+01  6.600000e+01
     vertex  1.662549e+02  2.218196e+01  6.600000e+01
   endloop
 endfacet
 facet normal -5.881347e-14 -3.933051e-14 -1.000000e+00
   outer loop
     vertex  1.662058e+02  2.316192e+01  6.600000e+01
     vertex  1.740573e+02  1.503415e+01  6.600000e+01
     vertex  1.662898e+02  2.267492e+01  6.600000e+01
   endloop
 endfacet
 facet normal -9.996866e-15  6.185446e-15 -1.000000e+00
   outer loop
     vertex  9.007519e+01  6.699715e+01  6.600000e+01
     vertex  1.009718e+02  5.703851e+01  6.600000e+01
     vertex  1.007117e+02  5.661825e+01  6.600000e+01
   endloop
 endfacet
 facet normal  6.083294e-16  1.705390e-14 -1.000000e+00
   outer loop
     vertex  9.007519e+01  6.699715e+01  6.600000e+01
     vertex  1.007117e+02  5.661825e+01  6.600000e+01
     vertex  9.253513e+01  5.274346e+01  6.600000e+01
   endloop
 endfacet
 facet normal -3.648108e-15  1.214833e-14 -1.000000e+00
   outer loop
     vertex  9.007519e+01  6.699715e+01  6.600000e+01
     vertex  1.022237e+02  5.777774e+01  6.600000e+01
     vertex  1.017504e+02  5.763560e+01  6.600000e+01
   endloop
 endfacet
 facet normal -5.678293e-15  9.616396e-15 -1.000000e+00
   outer loop
     vertex  9.007519e+01  6.699715e+01  6.600000e+01
     vertex  1.017504e+02  5.763560e+01  6.600000e+01
     vertex  1.013248e+02  5.738432e+01  6.600000e+01
   endloop
 endfacet
 facet normal  1.133264e-14  2.952382e-14 -1.000000e+00
   outer loop
     vertex  9.007519e+01  6.699715e+01  6.600000e+01
     vertex  1.013248e+02  5.738432e+01  6.600000e+01
     vertex  1.009718e+02  5.703851e+01  6.600000e+01
   endloop
 endfacet
 facet normal -3.532380e-17  1.745020e-14 -1.000000e+00
   outer loop
     vertex  1.865125e+02  2.238866e+01  6.600000e+01
     vertex  1.740573e+02  1.503415e+01  6.600000e+01
     vertex  1.662058e+02  2.316192e+01  6.600000e+01
   endloop
 endfacet
 facet normal -4.067812e-15  1.942932e-14 -1.000000e+00
   outer loop
     vertex  1.407921e+02  5.511830e+01  6.600000e+01
     vertex  1.301093e+02  3.240214e+01  6.600000e+01
     vertex  1.290208e+02  3.290565e+01  6.600000e+01
   endloop
 endfacet
 facet normal  3.038283e-15  1.566353e-14 -1.000000e+00
   outer loop
     vertex  1.407921e+02  5.511830e+01  6.600000e+01
     vertex  1.290208e+02  3.290565e+01  6.600000e+01
     vertex  1.278434e+02  3.313403e+01  6.600000e+01
   endloop
 endfacet
 facet normal  5.582330e-16  1.725381e-14 -1.000000e+00
   outer loop
     vertex  1.446211e+02  5.334715e+01  6.600000e+01
     vertex  1.301093e+02  3.240214e+01  6.600000e+01
     vertex  1.407921e+02  5.511830e+01  6.600000e+01
   endloop
 endfacet
 facet normal  1.977719e-15  1.644871e-14 -1.000000e+00
   outer loop
     vertex  1.446211e+02  5.334715e+01  6.600000e+01
     vertex  1.317756e+02  3.070105e+01  6.600000e+01
     vertex  1.310457e+02  3.165276e+01  6.600000e+01
   endloop
 endfacet
 facet normal -6.810046e-16  1.811242e-14 -1.000000e+00
   outer loop
     vertex  1.446211e+02  5.334715e+01  6.600000e+01
     vertex  1.310457e+02  3.165276e+01  6.600000e+01
     vertex  1.301093e+02  3.240214e+01  6.600000e+01
   endloop
 endfacet
 facet normal  1.307467e-16  1.836801e-14 -1.000000e+00
   outer loop
     vertex  1.374983e+02  5.775433e+01  6.600000e+01
     vertex  1.266456e+02  3.307401e+01  6.600000e+01
     vertex  1.166277e+02  3.624002e+01  6.600000e+01
   endloop
 endfacet
 facet normal -5.168195e-15  2.049714e-14 -1.000000e+00
   outer loop
     vertex  1.374983e+02  5.775433e+01  6.600000e+01
     vertex  1.407921e+02  5.511830e+01  6.600000e+01
     vertex  1.278434e+02  3.313403e+01  6.600000e+01
   endloop
 endfacet
 facet normal  8.332397e-15  1.041179e-14 -1.000000e+00
   outer loop
     vertex  1.374983e+02  5.775433e+01  6.600000e+01
     vertex  1.166277e+02  3.624002e+01  6.600000e+01
     vertex  1.162419e+02  3.654881e+01  6.600000e+01
   endloop
 endfacet
 facet normal -9.441114e-16  1.884066e-14 -1.000000e+00
   outer loop
     vertex  1.374983e+02  5.775433e+01  6.600000e+01
     vertex  1.278434e+02  3.313403e+01  6.600000e+01
     vertex  1.266456e+02  3.307401e+01  6.600000e+01
   endloop
 endfacet
 facet normal  2.838428e-14 -7.130447e-15 -1.000000e+00
   outer loop
     vertex  1.009073e+02  7.822917e+01  6.600000e+01
     vertex  9.007519e+01  6.699715e+01  6.600000e+01
     vertex  1.004588e+02  7.843665e+01  6.600000e+01
   endloop
 endfacet
 facet normal  9.274496e-15  2.005016e-14 -1.000000e+00
   outer loop
     vertex  1.845644e+02  3.321249e+01  6.600000e+01
     vertex  1.865125e+02  2.238866e+01  6.600000e+01
     vertex  1.841158e+02  3.341997e+01  6.600000e+01
   endloop
 endfacet
 facet normal -2.078207e-17  1.758232e-14 -1.000000e+00
   outer loop
     vertex  1.487627e+02  5.254380e+01  6.600000e+01
     vertex  1.317756e+02  3.070105e+01  6.600000e+01
     vertex  1.446211e+02  5.334715e+01  6.600000e+01
   endloop
 endfacet
 facet normal -8.437272e-17  1.750515e-14 -1.000000e+00
   outer loop
     vertex  1.487627e+02  5.254380e+01  6.600000e+01
     vertex  1.629949e+02  2.419904e+01  6.600000e+01
     vertex  1.408987e+02  2.328073e+01  6.600000e+01
   endloop
 endfacet
 facet normal -8.371489e-17  1.763126e-14 -1.000000e+00
   outer loop
     vertex  1.487627e+02  5.254380e+01  6.600000e+01
     vertex  1.404502e+02  2.348821e+01  6.600000e+01
     vertex  1.317756e+02  3.070105e+01  6.600000e+01
   endloop
 endfacet
 facet normal  7.192676e-15  1.554956e-14 -1.000000e+00
   outer loop
     vertex  1.487627e+02  5.254380e+01  6.600000e+01
     vertex  1.408987e+02  2.328073e+01  6.600000e+01
     vertex  1.404502e+02  2.348821e+01  6.600000e+01
   endloop
 endfacet
 facet normal -3.204747e-17  1.753625e-14 -1.000000e+00
   outer loop
     vertex  1.837300e+02  3.372876e+01  6.600000e+01
     vertex  1.865125e+02  2.238866e+01  6.600000e+01
     vertex  1.662058e+02  2.316192e+01  6.600000e+01
   endloop
 endfacet
 facet normal -6.634131e-15  2.848524e-14 -1.000000e+00
   outer loop
     vertex  1.837300e+02  3.372876e+01  6.600000e+01
     vertex  1.662058e+02  2.316192e+01  6.600000e+01
     vertex  1.660076e+02  2.361466e+01  6.600000e+01
   endloop
 endfacet
 facet normal  1.747093e-14  2.183089e-14 -1.000000e+00
   outer loop
     vertex  1.837300e+02  3.372876e+01  6.600000e+01
     vertex  1.841158e+02  3.341997e+01  6.600000e+01
     vertex  1.865125e+02  2.238866e+01  6.600000e+01
   endloop
 endfacet
 facet normal  8.637798e-15  1.079341e-14 -1.000000e+00
   outer loop
     vertex  1.000730e+02  7.874544e+01  6.600000e+01
     vertex  1.004588e+02  7.843665e+01  6.600000e+01
     vertex  9.007519e+01  6.699715e+01  6.600000e+01
   endloop
 endfacet
 facet normal  5.323652e-16  1.769111e-14 -1.000000e+00
   outer loop
     vertex  1.000730e+02  7.874544e+01  6.600000e+01
     vertex  9.007519e+01  6.699715e+01  6.600000e+01
     vertex  9.109787e+01  8.142535e+01  6.600000e+01
   endloop
 endfacet
 facet normal  3.694355e-15  1.904583e-14 -1.000000e+00
   outer loop
     vertex  1.850495e+02  3.311839e+01  6.600000e+01
     vertex  1.865125e+02  2.238866e+01  6.600000e+01
     vertex  1.845644e+02  3.321249e+01  6.600000e+01
   endloop
 endfacet
 facet normal  3.886841e-16  1.746764e-14 -1.000000e+00
   outer loop
     vertex  1.013925e+02  7.813507e+01  6.600000e+01
     vertex  1.022237e+02  5.777774e+01  6.600000e+01
     vertex  9.007519e+01  6.699715e+01  6.600000e+01
   endloop
 endfacet
 facet normal -4.604274e-14  6.464695e-14 -1.000000e+00
   outer loop
     vertex  1.013925e+02  7.813507e+01  6.600000e+01
     vertex  9.007519e+01  6.699715e+01  6.600000e+01
     vertex  1.009073e+02  7.822917e+01  6.600000e+01
   endloop
 endfacet
 facet normal -8.727280e-16  1.741614e-14 -1.000000e+00
   outer loop
     vertex  1.013925e+02  7.813507e+01  6.600000e+01
     vertex  1.027173e+02  5.780247e+01  6.600000e+01
     vertex  1.022237e+02  5.777774e+01  6.600000e+01
   endloop
 endfacet
 facet normal -7.691885e-15  3.033868e-14 -1.000000e+00
   outer loop
     vertex  1.834292e+02  3.412092e+01  6.600000e+01
     vertex  1.837300e+02  3.372876e+01  6.600000e+01
     vertex  1.660076e+02  2.361466e+01  6.600000e+01
   endloop
 endfacet
 facet normal  7.250798e-15  5.560536e-15 -1.000000e+00
   outer loop
     vertex  1.834292e+02  3.412092e+01  6.600000e+01
     vertex  1.660076e+02  2.361466e+01  6.600000e+01
     vertex  1.657069e+02  2.400682e+01  6.600000e+01
   endloop
 endfacet
 facet normal  2.190692e-14  8.927507e-14 -1.000000e+00
   outer loop
     vertex  9.977222e+01  7.913760e+01  6.600000e+01
     vertex  1.000730e+02  7.874544e+01  6.600000e+01
     vertex  9.109787e+01  8.142535e+01  6.600000e+01
   endloop
 endfacet
 facet normal -9.228468e-16  1.841631e-14 -1.000000e+00
   outer loop
     vertex  1.855431e+02  3.314312e+01  6.600000e+01
     vertex  1.865125e+02  2.238866e+01  6.600000e+01
     vertex  1.850495e+02  3.311839e+01  6.600000e+01
   endloop
 endfacet
 facet normal  3.412175e-15  1.759109e-14 -1.000000e+00
   outer loop
     vertex  1.018861e+02  7.815980e+01  6.600000e+01
     vertex  1.032024e+02  5.770837e+01  6.600000e+01
     vertex  1.027173e+02  5.780247e+01  6.600000e+01
   endloop
 endfacet
 facet normal -8.727280e-16  1.741614e-14 -1.000000e+00
   outer loop
     vertex  1.018861e+02  7.815980e+01  6.600000e+01
     vertex  1.027173e+02  5.780247e+01  6.600000e+01
     vertex  1.013925e+02  7.813507e+01  6.600000e+01
   endloop
 endfacet
 facet normal -2.471447e-14  6.115965e-14 -1.000000e+00
   outer loop
     vertex  1.832311e+02  3.457366e+01  6.600000e+01
     vertex  1.657069e+02  2.400682e+01  6.600000e+01
     vertex  1.653210e+02  2.431561e+01  6.600000e+01
   endloop
 endfacet
 facet normal -2.032586e-14  5.388152e-14 -1.000000e+00
   outer loop
     vertex  1.832311e+02  3.457366e+01  6.600000e+01
     vertex  1.834292e+02  3.412092e+01  6.600000e+01
     vertex  1.657069e+02  2.400682e+01  6.600000e+01
   endloop
 endfacet
 facet normal -1.121076e-14 -3.629556e-14 -1.000000e+00
   outer loop
     vertex  9.957407e+01  7.959034e+01  6.600000e+01
     vertex  9.977222e+01  7.913760e+01  6.600000e+01
     vertex  9.109787e+01  8.142535e+01  6.600000e+01
   endloop
 endfacet
 facet normal -5.408939e-15  1.801195e-14 -1.000000e+00
   outer loop
     vertex  1.860164e+02  3.328526e+01  6.600000e+01
     vertex  1.865125e+02  2.238866e+01  6.600000e+01
     vertex  1.855431e+02  3.314312e+01  6.600000e+01
   endloop
 endfacet
 facet normal  5.379134e-14  2.083369e-14 -1.000000e+00
   outer loop
     vertex  1.023594e+02  7.830194e+01  6.600000e+01
     vertex  1.032024e+02  5.770837e+01  6.600000e+01
     vertex  1.018861e+02  7.815980e+01  6.600000e+01
   endloop
 endfacet
 facet normal  8.784707e-15  1.899130e-14 -1.000000e+00
   outer loop
     vertex  1.023594e+02  7.830194e+01  6.600000e+01
     vertex  1.036510e+02  5.750089e+01  6.600000e+01
     vertex  1.032024e+02  5.770837e+01  6.600000e+01
   endloop
 endfacet
 facet normal  2.459676e-14 -2.493537e-14 -1.000000e+00
   outer loop
     vertex  1.831470e+02  3.506066e+01  6.600000e+01
     vertex  1.832311e+02  3.457366e+01  6.600000e+01
     vertex  1.653210e+02  2.431561e+01  6.600000e+01
   endloop
 endfacet
 facet normal  2.207982e-14 -2.075979e-14 -1.000000e+00
   outer loop
     vertex  1.831470e+02  3.506066e+01  6.600000e+01
     vertex  1.653210e+02  2.431561e+01  6.600000e+01
     vertex  1.648725e+02  2.452309e+01  6.600000e+01
   endloop
 endfacet
 facet normal  3.079189e-15  2.971175e-14 -1.000000e+00
   outer loop
     vertex  9.949002e+01  8.007734e+01  6.600000e+01
     vertex  9.957407e+01  7.959034e+01  6.600000e+01
     vertex  9.109787e+01  8.142535e+01  6.600000e+01
   endloop
 endfacet
 facet normal  3.837640e-16  1.779335e-14 -1.000000e+00
   outer loop
     vertex  1.349310e+02  6.110203e+01  6.600000e+01
     vertex  1.157934e+02  3.675629e+01  6.600000e+01
     vertex  1.045848e+02  5.536724e+01  6.600000e+01
   endloop
 endfacet
 facet normal  6.138199e-15  1.326992e-14 -1.000000e+00
   outer loop
     vertex  1.349310e+02  6.110203e+01  6.600000e+01
     vertex  1.162419e+02  3.654881e+01  6.600000e+01
     vertex  1.157934e+02  3.675629e+01  6.600000e+01
   endloop
 endfacet
 facet normal  3.407753e-15  1.534824e-14 -1.000000e+00
   outer loop
     vertex  1.349310e+02  6.110203e+01  6.600000e+01
     vertex  1.374983e+02  5.775433e+01  6.600000e+01
     vertex  1.162419e+02  3.654881e+01  6.600000e+01
   endloop
 endfacet
 facet normal -1.724541e-15  2.894963e-14 -1.000000e+00
   outer loop
     vertex  1.349310e+02  6.110203e+01  6.600000e+01
     vertex  1.045848e+02  5.536724e+01  6.600000e+01
     vertex  1.046198e+02  5.586020e+01  6.600000e+01
   endloop
 endfacet
 facet normal -1.049889e-14  1.778025e-14 -1.000000e+00
   outer loop
     vertex  1.864420e+02  3.353654e+01  6.600000e+01
     vertex  1.865125e+02  2.238866e+01  6.600000e+01
     vertex  1.860164e+02  3.328526e+01  6.600000e+01
   endloop
 endfacet
 facet normal -4.271975e-14  1.579335e-14 -1.000000e+00
   outer loop
     vertex  1.027850e+02  7.855321e+01  6.600000e+01
     vertex  1.036510e+02  5.750089e+01  6.600000e+01
     vertex  1.023594e+02  7.830194e+01  6.600000e+01
   endloop
 endfacet
 facet normal -2.355987e-14  1.658151e-14 -1.000000e+00
   outer loop
     vertex  1.027850e+02  7.855321e+01  6.600000e+01
     vertex  1.040368e+02  5.719210e+01  6.600000e+01
     vertex  1.036510e+02  5.750089e+01  6.600000e+01
   endloop
 endfacet
 facet normal -6.790965e-15  2.930874e-14 -1.000000e+00
   outer loop
     vertex  1.831820e+02  3.555362e+01  6.600000e+01
     vertex  1.831470e+02  3.506066e+01  6.600000e+01
     vertex  1.648725e+02  2.452309e+01  6.600000e+01
   endloop
 endfacet
 facet normal  2.646476e-15  1.364361e-14 -1.000000e+00
   outer loop
     vertex  1.831820e+02  3.555362e+01  6.600000e+01
     vertex  1.648725e+02  2.452309e+01  6.600000e+01
     vertex  1.643873e+02  2.461719e+01  6.600000e+01
   endloop
 endfacet
 facet normal -1.674288e-15  1.186742e-16 -1.000000e+00
   outer loop
     vertex  9.952496e+01  8.057030e+01  6.600000e+01
     vertex  9.949002e+01  8.007734e+01  6.600000e+01
     vertex  9.109787e+01  8.142535e+01  6.600000e+01
   endloop
 endfacet
 facet normal -1.663915e-14  1.698709e-14 -1.000000e+00
   outer loop
     vertex  1.031380e+02  7.889903e+01  6.600000e+01
     vertex  1.040368e+02  5.719210e+01  6.600000e+01
     vertex  1.027850e+02  7.855321e+01  6.600000e+01
   endloop
 endfacet
 facet normal  1.303563e-14 -4.210524e-15 -1.000000e+00
   outer loop
     vertex  1.833339e+02  3.602390e+01  6.600000e+01
     vertex  1.831820e+02  3.555362e+01  6.600000e+01
     vertex  1.643873e+02  2.461719e+01  6.600000e+01
   endloop
 endfacet
 facet normal  1.335948e-15  2.978654e-14 -1.000000e+00
   outer loop
     vertex  9.967686e+01  8.104058e+01  6.600000e+01
     vertex  9.952496e+01  8.057030e+01  6.600000e+01
     vertex  9.109787e+01  8.142535e+01  6.600000e+01
   endloop
 endfacet
 facet normal  1.865651e-14  2.495861e-14 -1.000000e+00
   outer loop
     vertex  1.529762e+02  5.275493e+01  6.600000e+01
     vertex  1.634204e+02  2.445032e+01  6.600000e+01
     vertex  1.629949e+02  2.419904e+01  6.600000e+01
   endloop
 endfacet
 facet normal  5.722112e-15  2.042064e-14 -1.000000e+00
   outer loop
     vertex  1.529762e+02  5.275493e+01  6.600000e+01
     vertex  1.629949e+02  2.419904e+01  6.600000e+01
     vertex  1.487627e+02  5.254380e+01  6.600000e+01
   endloop
 endfacet
 facet normal  2.951306e-15  6.580287e-14 -1.000000e+00
   outer loop
     vertex  9.993689e+01  8.146084e+01  6.600000e+01
     vertex  9.967686e+01  8.104058e+01  6.600000e+01
     vertex  9.109787e+01  8.142535e+01  6.600000e+01
   endloop
 endfacet
 facet normal  3.394369e-15 -4.455879e-14 -1.000000e+00
   outer loop
     vertex  1.002899e+02  8.180666e+01  6.600000e+01
     vertex  9.993689e+01  8.146084e+01  6.600000e+01
     vertex  9.109787e+01  8.142535e+01  6.600000e+01
   endloop
 endfacet
 facet normal -4.958848e-16  2.184484e-14 -1.000000e+00
   outer loop
     vertex  1.332394e+02  6.496684e+01  6.600000e+01
     vertex  1.349310e+02  6.110203e+01  6.600000e+01
     vertex  1.046198e+02  5.586020e+01  6.600000e+01
   endloop
 endfacet
 facet normal  6.119017e-15  1.056035e-15 -1.000000e+00
   outer loop
     vertex  1.332394e+02  6.496684e+01  6.600000e+01
     vertex  1.046198e+02  5.586020e+01  6.600000e+01
     vertex  1.045357e+02  5.634720e+01  6.600000e+01
   endloop
 endfacet
 facet normal -2.642526e-15  3.023228e-14 -1.000000e+00
   outer loop
     vertex  1.332394e+02  6.496684e+01  6.600000e+01
     vertex  1.045357e+02  5.634720e+01  6.600000e+01
     vertex  1.043376e+02  5.679994e+01  6.600000e+01
   endloop
 endfacet
 facet normal  3.949513e-16  1.784913e-14 -1.000000e+00
   outer loop
     vertex  1.968456e+02  3.251017e+01  6.600000e+01
     vertex  1.865125e+02  2.238866e+01  6.600000e+01
     vertex  1.864420e+02  3.353654e+01  6.600000e+01
   endloop
 endfacet
 facet normal  2.442147e-15  3.860023e-14 -1.000000e+00
   outer loop
     vertex  1.968456e+02  3.251017e+01  6.600000e+01
     vertex  1.864420e+02  3.353654e+01  6.600000e+01
     vertex  1.867950e+02  3.388235e+01  6.600000e+01
   endloop
 endfacet
 facet normal -2.607589e-15  1.613416e-15 -1.000000e+00
   outer loop
     vertex  1.968456e+02  3.251017e+01  6.600000e+01
     vertex  1.867950e+02  3.388235e+01  6.600000e+01
     vertex  1.870551e+02  3.430261e+01  6.600000e+01
   endloop
 endfacet
 facet normal  2.482520e-15  2.941620e-14 -1.000000e+00
   outer loop
     vertex  1.968456e+02  3.251017e+01  6.600000e+01
     vertex  1.870551e+02  3.430261e+01  6.600000e+01
     vertex  1.872070e+02  3.477289e+01  6.600000e+01
   endloop
 endfacet
 facet normal -4.350689e-15  3.083786e-16 -1.000000e+00
   outer loop
     vertex  1.968456e+02  3.251017e+01  6.600000e+01
     vertex  1.872070e+02  3.477289e+01  6.600000e+01
     vertex  1.872419e+02  3.526585e+01  6.600000e+01
   endloop
 endfacet
 facet normal  4.138778e-15  2.989462e-14 -1.000000e+00
   outer loop
     vertex  1.968456e+02  3.251017e+01  6.600000e+01
     vertex  1.872419e+02  3.526585e+01  6.600000e+01
     vertex  1.871579e+02  3.575285e+01  6.600000e+01
   endloop
 endfacet
 facet normal -4.886273e-15  1.627146e-14 -1.000000e+00
   outer loop
     vertex  1.570167e+02  5.396830e+01  6.600000e+01
     vertex  1.634204e+02  2.445032e+01  6.600000e+01
     vertex  1.529762e+02  5.275493e+01  6.600000e+01
   endloop
 endfacet
 facet normal -8.625702e-16  1.721343e-14 -1.000000e+00
   outer loop
     vertex  1.570167e+02  5.396830e+01  6.600000e+01
     vertex  1.643873e+02  2.461719e+01  6.600000e+01
     vertex  1.638938e+02  2.459246e+01  6.600000e+01
   endloop
 endfacet
 facet normal -4.886273e-15  1.627146e-14 -1.000000e+00
   outer loop
     vertex  1.570167e+02  5.396830e+01  6.600000e+01
     vertex  1.638938e+02  2.459246e+01  6.600000e+01
     vertex  1.634204e+02  2.445032e+01  6.600000e+01
   endloop
 endfacet
 facet normal  1.058433e-15  1.771988e-14 -1.000000e+00
   outer loop
     vertex  1.325219e+02  6.912417e+01  6.600000e+01
     vertex  1.040368e+02  5.719210e+01  6.600000e+01
     vertex  1.031380e+02  7.889903e+01  6.600000e+01
   endloop
 endfacet
 facet normal  5.317886e-15  3.052410e-14 -1.000000e+00
   outer loop
     vertex  1.325219e+02  6.912417e+01  6.600000e+01
     vertex  1.031380e+02  7.889903e+01  6.600000e+01
     vertex  1.033980e+02  7.931929e+01  6.600000e+01
   endloop
 endfacet
 facet normal  1.020968e-15  1.726754e-14 -1.000000e+00
   outer loop
     vertex  1.325219e+02  6.912417e+01  6.600000e+01
     vertex  1.332394e+02  6.496684e+01  6.600000e+01
     vertex  1.043376e+02  5.679994e+01  6.600000e+01
   endloop
 endfacet
 facet normal  6.419033e-15  4.922667e-15 -1.000000e+00
   outer loop
     vertex  1.325219e+02  6.912417e+01  6.600000e+01
     vertex  1.043376e+02  5.679994e+01  6.600000e+01
     vertex  1.040368e+02  5.719210e+01  6.600000e+01
   endloop
 endfacet
 facet normal -8.701935e-17  1.758621e-14 -1.000000e+00
   outer loop
     vertex  1.606495e+02  5.611336e+01  6.600000e+01
     vertex  1.833339e+02  3.602390e+01  6.600000e+01
     vertex  1.643873e+02  2.461719e+01  6.600000e+01
   endloop
 endfacet
 facet normal  9.228178e-15  2.810465e-14 -1.000000e+00
   outer loop
     vertex  1.606495e+02  5.611336e+01  6.600000e+01
     vertex  1.835939e+02  3.644416e+01  6.600000e+01
     vertex  1.833339e+02  3.602390e+01  6.600000e+01
   endloop
 endfacet
 facet normal  1.257131e-15  1.774573e-14 -1.000000e+00
   outer loop
     vertex  1.606495e+02  5.611336e+01  6.600000e+01
     vertex  1.643873e+02  2.461719e+01  6.600000e+01
     vertex  1.570167e+02  5.396830e+01  6.600000e+01
   endloop
 endfacet
 facet normal  8.366796e-15  5.773363e-14 -1.000000e+00
   outer loop
     vertex  1.328202e+02  7.333239e+01  6.600000e+01
     vertex  1.033980e+02  7.931929e+01  6.600000e+01
     vertex  1.035499e+02  7.978957e+01  6.600000e+01
   endloop
 endfacet
 facet normal -6.234164e-16  1.355188e-14 -1.000000e+00
   outer loop
     vertex  1.328202e+02  7.333239e+01  6.600000e+01
     vertex  1.325219e+02  6.912417e+01  6.600000e+01
     vertex  1.033980e+02  7.931929e+01  6.600000e+01
   endloop
 endfacet
 facet normal -1.928321e-14  2.680567e-14 -1.000000e+00
   outer loop
     vertex  1.892108e+02  4.326101e+01  6.600000e+01
     vertex  1.862731e+02  3.690654e+01  6.600000e+01
     vertex  1.858246e+02  3.711402e+01  6.600000e+01
   endloop
 endfacet
 facet normal  6.817723e-15  1.473896e-14 -1.000000e+00
   outer loop
     vertex  1.055538e+02  8.827769e+01  6.600000e+01
     vertex  1.026161e+02  8.192322e+01  6.600000e+01
     vertex  1.021675e+02  8.213070e+01  6.600000e+01
   endloop
 endfacet
 facet normal  4.027873e-14 -5.348285e-15 -1.000000e+00
   outer loop
     vertex  1.902994e+02  4.275749e+01  6.600000e+01
     vertex  1.869597e+02  3.620559e+01  6.600000e+01
     vertex  1.866590e+02  3.659775e+01  6.600000e+01
   endloop
 endfacet
 facet normal  1.002764e-14  1.253009e-14 -1.000000e+00
   outer loop
     vertex  1.902994e+02  4.275749e+01  6.600000e+01
     vertex  1.866590e+02  3.659775e+01  6.600000e+01
     vertex  1.862731e+02  3.690654e+01  6.600000e+01
   endloop
 endfacet
 facet normal  6.817723e-15  1.473896e-14 -1.000000e+00
   outer loop
     vertex  1.902994e+02  4.275749e+01  6.600000e+01
     vertex  1.862731e+02  3.690654e+01  6.600000e+01
     vertex  1.892108e+02  4.326101e+01  6.600000e+01
   endloop
 endfacet
 facet normal -1.479367e-14  2.489242e-14 -1.000000e+00
   outer loop
     vertex  1.066423e+02  8.777417e+01  6.600000e+01
     vertex  1.033027e+02  8.122227e+01  6.600000e+01
     vertex  1.030019e+02  8.161443e+01  6.600000e+01
   endloop
 endfacet
 facet normal  8.774187e-15  1.096383e-14 -1.000000e+00
   outer loop
     vertex  1.066423e+02  8.777417e+01  6.600000e+01
     vertex  1.030019e+02  8.161443e+01  6.600000e+01
     vertex  1.026161e+02  8.192322e+01  6.600000e+01
   endloop
 endfacet
 facet normal -3.937436e-15  1.971117e-14 -1.000000e+00
   outer loop
     vertex  1.066423e+02  8.777417e+01  6.600000e+01
     vertex  1.026161e+02  8.192322e+01  6.600000e+01
     vertex  1.055538e+02  8.827769e+01  6.600000e+01
   endloop
 endfacet
 facet normal -1.544341e-15  1.703364e-14 -1.000000e+00
   outer loop
     vertex  1.882744e+02  4.401039e+01  6.600000e+01
     vertex  1.892108e+02  4.326101e+01  6.600000e+01
     vertex  1.858246e+02  3.711402e+01  6.600000e+01
   endloop
 endfacet
 facet normal  2.991495e-15  1.542232e-14 -1.000000e+00
   outer loop
     vertex  1.882744e+02  4.401039e+01  6.600000e+01
     vertex  1.858246e+02  3.711402e+01  6.600000e+01
     vertex  1.853394e+02  3.720813e+01  6.600000e+01
   endloop
 endfacet
 facet normal -8.560061e-16  1.708243e-14 -1.000000e+00
   outer loop
     vertex  1.882744e+02  4.401039e+01  6.600000e+01
     vertex  1.853394e+02  3.720813e+01  6.600000e+01
     vertex  1.848458e+02  3.718339e+01  6.600000e+01
   endloop
 endfacet
 facet normal -5.144050e-14  3.681941e-14 -1.000000e+00
   outer loop
     vertex  1.046174e+02  8.902707e+01  6.600000e+01
     vertex  1.021675e+02  8.213070e+01  6.600000e+01
     vertex  1.016824e+02  8.222481e+01  6.600000e+01
   endloop
 endfacet
 facet normal  5.810619e-14 -1.044761e-14 -1.000000e+00
   outer loop
     vertex  1.046174e+02  8.902707e+01  6.600000e+01
     vertex  1.016824e+02  8.222481e+01  6.600000e+01
     vertex  1.011888e+02  8.220007e+01  6.600000e+01
   endloop
 endfacet
 facet normal -2.602979e-16  1.863812e-14 -1.000000e+00
   outer loop
     vertex  1.046174e+02  8.902707e+01  6.600000e+01
     vertex  1.055538e+02  8.827769e+01  6.600000e+01
     vertex  1.021675e+02  8.213070e+01  6.600000e+01
   endloop
 endfacet
 facet normal -8.303712e-15  1.941537e-14 -1.000000e+00
   outer loop
     vertex  1.914768e+02  4.252911e+01  6.600000e+01
     vertex  1.869597e+02  3.620559e+01  6.600000e+01
     vertex  1.902994e+02  4.275749e+01  6.600000e+01
   endloop
 endfacet
 facet normal -4.278967e-14  4.404961e-14 -1.000000e+00
   outer loop
     vertex  1.914768e+02  4.252911e+01  6.600000e+01
     vertex  1.871579e+02  3.575285e+01  6.600000e+01
     vertex  1.869597e+02  3.620559e+01  6.600000e+01
   endloop
 endfacet
 facet normal  1.560619e-14  6.830489e-15 -1.000000e+00
   outer loop
     vertex  1.078197e+02  8.754579e+01  6.600000e+01
     vertex  1.035008e+02  8.076953e+01  6.600000e+01
     vertex  1.033027e+02  8.122227e+01  6.600000e+01
   endloop
 endfacet
 facet normal  3.062910e-15  1.579049e-14 -1.000000e+00
   outer loop
     vertex  1.078197e+02  8.754579e+01  6.600000e+01
     vertex  1.033027e+02  8.122227e+01  6.600000e+01
     vertex  1.066423e+02  8.777417e+01  6.600000e+01
   endloop
 endfacet
 facet normal -3.902742e-14  2.998231e-14 -1.000000e+00
   outer loop
     vertex  1.875446e+02  4.496209e+01  6.600000e+01
     vertex  1.848458e+02  3.718339e+01  6.600000e+01
     vertex  1.843725e+02  3.704126e+01  6.600000e+01
   endloop
 endfacet
 facet normal  1.355694e-15  1.597169e-14 -1.000000e+00
   outer loop
     vertex  1.875446e+02  4.496209e+01  6.600000e+01
     vertex  1.882744e+02  4.401039e+01  6.600000e+01
     vertex  1.848458e+02  3.718339e+01  6.600000e+01
   endloop
 endfacet
 facet normal  2.995886e-15  1.722953e-14 -1.000000e+00
   outer loop
     vertex  1.038876e+02  8.997877e+01  6.600000e+01
     vertex  1.046174e+02  8.902707e+01  6.600000e+01
     vertex  1.011888e+02  8.220007e+01  6.600000e+01
   endloop
 endfacet
 facet normal -6.124159e-15  2.039366e-14 -1.000000e+00
   outer loop
     vertex  1.038876e+02  8.997877e+01  6.600000e+01
     vertex  1.011888e+02  8.220007e+01  6.600000e+01
     vertex  1.007155e+02  8.205794e+01  6.600000e+01
   endloop
 endfacet
 facet normal  2.364189e-14  1.708866e-15 -1.000000e+00
   outer loop
     vertex  1.926746e+02  4.258913e+01  6.600000e+01
     vertex  1.871579e+02  3.575285e+01  6.600000e+01
     vertex  1.914768e+02  4.252911e+01  6.600000e+01
   endloop
 endfacet
 facet normal  8.585165e-16  2.009460e-14 -1.000000e+00
   outer loop
     vertex  1.926746e+02  4.258913e+01  6.600000e+01
     vertex  1.968456e+02  3.251017e+01  6.600000e+01
     vertex  1.871579e+02  3.575285e+01  6.600000e+01
   endloop
 endfacet
 facet normal -1.281226e-14  2.696917e-14 -1.000000e+00
   outer loop
     vertex  1.090176e+02  8.760581e+01  6.600000e+01
     vertex  1.035849e+02  8.028253e+01  6.600000e+01
     vertex  1.035008e+02  8.076953e+01  6.600000e+01
   endloop
 endfacet
 facet normal -8.684491e-16  1.733075e-14 -1.000000e+00
   outer loop
     vertex  1.090176e+02  8.760581e+01  6.600000e+01
     vertex  1.035008e+02  8.076953e+01  6.600000e+01
     vertex  1.078197e+02  8.754579e+01  6.600000e+01
   endloop
 endfacet
 facet normal -8.295087e-15  1.404803e-14 -1.000000e+00
   outer loop
     vertex  9.554372e+01  9.518956e+01  6.600000e+01
     vertex  1.007155e+02  8.205794e+01  6.600000e+01
     vertex  1.002899e+02  8.180666e+01  6.600000e+01
   endloop
 endfacet
 facet normal  8.290241e-16  1.728388e-14 -1.000000e+00
   outer loop
     vertex  9.554372e+01  9.518956e+01  6.600000e+01
     vertex  1.002899e+02  8.180666e+01  6.600000e+01
     vertex  9.109787e+01  8.142535e+01  6.600000e+01
   endloop
 endfacet
 facet normal  6.977867e-14 -5.064536e-15 -1.000000e+00
   outer loop
     vertex  1.870637e+02  4.606081e+01  6.600000e+01
     vertex  1.843725e+02  3.704126e+01  6.600000e+01
     vertex  1.839470e+02  3.678998e+01  6.600000e+01
   endloop
 endfacet
 facet normal -2.686388e-14  2.742562e-14 -1.000000e+00
   outer loop
     vertex  1.870637e+02  4.606081e+01  6.600000e+01
     vertex  1.839470e+02  3.678998e+01  6.600000e+01
     vertex  1.835939e+02  3.644416e+01  6.600000e+01
   endloop
 endfacet
 facet normal -1.373895e-14  1.985496e-14 -1.000000e+00
   outer loop
     vertex  1.870637e+02  4.606081e+01  6.600000e+01
     vertex  1.875446e+02  4.496209e+01  6.600000e+01
     vertex  1.843725e+02  3.704126e+01  6.600000e+01
   endloop
 endfacet
 facet normal  4.575636e-15  1.911705e-14 -1.000000e+00
   outer loop
     vertex  1.034067e+02  9.107748e+01  6.600000e+01
     vertex  1.007155e+02  8.205794e+01  6.600000e+01
     vertex  9.554372e+01  9.518956e+01  6.600000e+01
   endloop
 endfacet
 facet normal -2.488954e-14  2.790869e-14 -1.000000e+00
   outer loop
     vertex  1.034067e+02  9.107748e+01  6.600000e+01
     vertex  1.038876e+02  8.997877e+01  6.600000e+01
     vertex  1.007155e+02  8.205794e+01  6.600000e+01
   endloop
 endfacet
 facet normal -1.627655e-14  1.300353e-14 -1.000000e+00
   outer loop
     vertex  1.938233e+02  4.293408e+01  6.600000e+01
     vertex  1.968456e+02  3.251017e+01  6.600000e+01
     vertex  1.926746e+02  4.258913e+01  6.600000e+01
   endloop
 endfacet
 facet normal  6.014796e-14 -3.309070e-14 -1.000000e+00
   outer loop
     vertex  1.101662e+02  8.795075e+01  6.600000e+01
     vertex  1.035499e+02  7.978957e+01  6.600000e+01
     vertex  1.035849e+02  8.028253e+01  6.600000e+01
   endloop
 endfacet
 facet normal  9.169863e-15  1.066197e-14 -1.000000e+00
   outer loop
     vertex  1.101662e+02  8.795075e+01  6.600000e+01
     vertex  1.035849e+02  8.028253e+01  6.600000e+01
     vertex  1.090176e+02  8.760581e+01  6.600000e+01
   endloop
 endfacet
 facet normal -7.739239e-16  1.629888e-14 -1.000000e+00
   outer loop
     vertex  1.101662e+02  8.795075e+01  6.600000e+01
     vertex  1.328202e+02  7.333239e+01  6.600000e+01
     vertex  1.035499e+02  7.978957e+01  6.600000e+01
   endloop
 endfacet
 facet normal -1.578102e-16  1.715574e-14 -1.000000e+00
   outer loop
     vertex  1.868597e+02  4.724267e+01  6.600000e+01
     vertex  1.835939e+02  3.644416e+01  6.600000e+01
     vertex  1.606495e+02  5.611336e+01  6.600000e+01
   endloop
 endfacet
 facet normal  1.070270e-14  1.387116e-14 -1.000000e+00
   outer loop
     vertex  1.868597e+02  4.724267e+01  6.600000e+01
     vertex  1.870637e+02  4.606081e+01  6.600000e+01
     vertex  1.835939e+02  3.644416e+01  6.600000e+01
   endloop
 endfacet
 facet normal  1.621633e-15  2.241347e-14 -1.000000e+00
   outer loop
     vertex  1.868597e+02  4.724267e+01  6.600000e+01
     vertex  1.606495e+02  5.611336e+01  6.600000e+01
     vertex  1.636633e+02  5.906547e+01  6.600000e+01
   endloop
 endfacet
 facet normal -5.959848e-15 -1.028565e-15 -1.000000e+00
   outer loop
     vertex  1.032027e+02  9.225935e+01  6.600000e+01
     vertex  1.034067e+02  9.107748e+01  6.600000e+01
     vertex  9.554372e+01  9.518956e+01  6.600000e+01
   endloop
 endfacet
 facet normal  2.813676e-15  1.853863e-14 -1.000000e+00
   outer loop
     vertex  1.948560e+02  4.354389e+01  6.600000e+01
     vertex  1.968456e+02  3.251017e+01  6.600000e+01
     vertex  1.938233e+02  4.293408e+01  6.600000e+01
   endloop
 endfacet
 facet normal -5.395310e-15  9.137153e-15 -1.000000e+00
   outer loop
     vertex  1.111990e+02  8.856057e+01  6.600000e+01
     vertex  1.328202e+02  7.333239e+01  6.600000e+01
     vertex  1.101662e+02  8.795075e+01  6.600000e+01
   endloop
 endfacet
 facet normal  2.226109e-15  2.359946e-14 -1.000000e+00
   outer loop
     vertex  1.869445e+02  4.843901e+01  6.600000e+01
     vertex  1.868597e+02  4.724267e+01  6.600000e+01
     vertex  1.636633e+02  5.906547e+01  6.600000e+01
   endloop
 endfacet
 facet normal -9.948010e-16  1.194914e-14 -1.000000e+00
   outer loop
     vertex  1.032875e+02  9.345569e+01  6.600000e+01
     vertex  1.032027e+02  9.225935e+01  6.600000e+01
     vertex  9.554372e+01  9.518956e+01  6.600000e+01
   endloop
 endfacet
 facet normal  5.173431e-16  1.753204e-14 -1.000000e+00
   outer loop
     vertex  1.341169e+02  7.734695e+01  6.600000e+01
     vertex  1.328202e+02  7.333239e+01  6.600000e+01
     vertex  1.111990e+02  8.856057e+01  6.600000e+01
   endloop
 endfacet
 facet normal -9.143050e-16  1.786640e-14 -1.000000e+00
   outer loop
     vertex  1.957128e+02  4.438313e+01  6.600000e+01
     vertex  1.968456e+02  3.251017e+01  6.600000e+01
     vertex  1.948560e+02  4.354389e+01  6.600000e+01
   endloop
 endfacet
 facet normal  1.119996e-14  3.936476e-14 -1.000000e+00
   outer loop
     vertex  1.120558e+02  8.939981e+01  6.600000e+01
     vertex  1.341169e+02  7.734695e+01  6.600000e+01
     vertex  1.111990e+02  8.856057e+01  6.600000e+01
   endloop
 endfacet
 facet normal -2.494422e-15  1.325736e-14 -1.000000e+00
   outer loop
     vertex  1.873132e+02  4.958029e+01  6.600000e+01
     vertex  1.869445e+02  4.843901e+01  6.600000e+01
     vertex  1.636633e+02  5.906547e+01  6.600000e+01
   endloop
 endfacet
 facet normal  1.777162e-15  2.432930e-14 -1.000000e+00
   outer loop
     vertex  1.036562e+02  9.459697e+01  6.600000e+01
     vertex  1.032875e+02  9.345569e+01  6.600000e+01
     vertex  9.554372e+01  9.518956e+01  6.600000e+01
   endloop
 endfacet
 facet normal -7.702695e-15  4.765954e-15 -1.000000e+00
   outer loop
     vertex  1.126868e+02  9.041971e+01  6.600000e+01
     vertex  1.341169e+02  7.734695e+01  6.600000e+01
     vertex  1.120558e+02  8.939981e+01  6.600000e+01
   endloop
 endfacet
 facet normal  9.737847e-16  1.333109e-14 -1.000000e+00
   outer loop
     vertex  1.042872e+02  9.561687e+01  6.600000e+01
     vertex  1.036562e+02  9.459697e+01  6.600000e+01
     vertex  9.554372e+01  9.518956e+01  6.600000e+01
   endloop
 endfacet
 facet normal -2.439987e-15  1.339309e-14 -1.000000e+00
   outer loop
     vertex  1.658831e+02  6.265305e+01  6.600000e+01
     vertex  1.873132e+02  4.958029e+01  6.600000e+01
     vertex  1.636633e+02  5.906547e+01  6.600000e+01
   endloop
 endfacet
 facet normal -1.532016e-15  1.488152e-14 -1.000000e+00
   outer loop
     vertex  1.658831e+02  6.265305e+01  6.600000e+01
     vertex  1.879442e+02  5.060019e+01  6.600000e+01
     vertex  1.873132e+02  4.958029e+01  6.600000e+01
   endloop
 endfacet
 facet normal -6.857510e-16  1.626880e-14 -1.000000e+00
   outer loop
     vertex  1.363367e+02  8.093453e+01  6.600000e+01
     vertex  1.341169e+02  7.734695e+01  6.600000e+01
     vertex  1.126868e+02  9.041971e+01  6.600000e+01
   endloop
 endfacet
 facet normal -1.962451e-15  1.308554e-14 -1.000000e+00
   outer loop
     vertex  1.363367e+02  8.093453e+01  6.600000e+01
     vertex  1.126868e+02  9.041971e+01  6.600000e+01
     vertex  1.130555e+02  9.156099e+01  6.600000e+01
   endloop
 endfacet
 facet normal  2.817379e-15  2.355755e-14 -1.000000e+00
   outer loop
     vertex  1.363367e+02  8.093453e+01  6.600000e+01
     vertex  1.130555e+02  9.156099e+01  6.600000e+01
     vertex  1.131403e+02  9.275733e+01  6.600000e+01
   endloop
 endfacet
 facet normal  2.362163e-15  1.817901e-14 -1.000000e+00
   outer loop
     vertex  2.044563e+02  4.481044e+01  6.600000e+01
     vertex  1.968456e+02  3.251017e+01  6.600000e+01
     vertex  1.957128e+02  4.438313e+01  6.600000e+01
   endloop
 endfacet
 facet normal  2.649774e-15  1.229409e-14 -1.000000e+00
   outer loop
     vertex  2.044563e+02  4.481044e+01  6.600000e+01
     vertex  1.957128e+02  4.438313e+01  6.600000e+01
     vertex  1.963438e+02  4.540303e+01  6.600000e+01
   endloop
 endfacet
 facet normal  4.377103e-15  3.594117e-14 -1.000000e+00
   outer loop
     vertex  2.044563e+02  4.481044e+01  6.600000e+01
     vertex  1.963438e+02  4.540303e+01  6.600000e+01
     vertex  1.967125e+02  4.654431e+01  6.600000e+01
   endloop
 endfacet
 facet normal -3.612917e-15  2.560850e-16 -1.000000e+00
   outer loop
     vertex  2.044563e+02  4.481044e+01  6.600000e+01
     vertex  1.967125e+02  4.654431e+01  6.600000e+01
     vertex  1.967973e+02  4.774065e+01  6.600000e+01
   endloop
 endfacet
 facet normal  9.521787e-16  1.218839e-14 -1.000000e+00
   outer loop
     vertex  2.044563e+02  4.481044e+01  6.600000e+01
     vertex  1.967973e+02  4.774065e+01  6.600000e+01
     vertex  1.965933e+02  4.892252e+01  6.600000e+01
   endloop
 endfacet
 facet normal  4.108020e-16  1.883582e-14 -1.000000e+00
   outer loop
     vertex  1.393505e+02  8.388664e+01  6.600000e+01
     vertex  1.363367e+02  8.093453e+01  6.600000e+01
     vertex  1.131403e+02  9.275733e+01  6.600000e+01
   endloop
 endfacet
 facet normal -4.895836e-15  1.630330e-14 -1.000000e+00
   outer loop
     vertex  1.031544e+02  1.074898e+02  6.600000e+01
     vertex  1.073254e+02  9.741087e+01  6.600000e+01
     vertex  1.061767e+02  9.706592e+01  6.600000e+01
   endloop
 endfacet
 facet normal  2.813676e-15  1.853863e-14 -1.000000e+00
   outer loop
     vertex  1.031544e+02  1.074898e+02  6.600000e+01
     vertex  1.061767e+02  9.706592e+01  6.600000e+01
     vertex  1.051440e+02  9.645611e+01  6.600000e+01
   endloop
 endfacet
 facet normal -9.143050e-16  1.786640e-14 -1.000000e+00
   outer loop
     vertex  1.031544e+02  1.074898e+02  6.600000e+01
     vertex  1.051440e+02  9.645611e+01  6.600000e+01
     vertex  1.042872e+02  9.561687e+01  6.600000e+01
   endloop
 endfacet
 facet normal  7.443979e-16  1.802466e-14 -1.000000e+00
   outer loop
     vertex  1.031544e+02  1.074898e+02  6.600000e+01
     vertex  1.042872e+02  9.561687e+01  6.600000e+01
     vertex  9.554372e+01  9.518956e+01  6.600000e+01
   endloop
 endfacet
 facet normal -1.469259e-14  2.468339e-14 -1.000000e+00
   outer loop
     vertex  1.973839e+02  5.807678e+01  6.600000e+01
     vertex  1.944462e+02  5.172231e+01  6.600000e+01
     vertex  1.933577e+02  5.222583e+01  6.600000e+01
   endloop
 endfacet
 facet normal  1.757288e-14  9.766745e-15 -1.000000e+00
   outer loop
     vertex  1.137269e+02  1.030935e+02  6.600000e+01
     vertex  1.107892e+02  9.673899e+01  6.600000e+01
     vertex  1.097006e+02  9.724251e+01  6.600000e+01
   endloop
 endfacet
 facet normal  3.291866e-14  2.672245e-15 -1.000000e+00
   outer loop
     vertex  1.978325e+02  5.786930e+01  6.600000e+01
     vertex  1.944462e+02  5.172231e+01  6.600000e+01
     vertex  1.973839e+02  5.807678e+01  6.600000e+01
   endloop
 endfacet
 facet normal  1.023745e-15  2.024260e-14 -1.000000e+00
   outer loop
     vertex  1.978325e+02  5.786930e+01  6.600000e+01
     vertex  1.953826e+02  5.097293e+01  6.600000e+01
     vertex  1.944462e+02  5.172231e+01  6.600000e+01
   endloop
 endfacet
 facet normal -4.538414e-14  3.887239e-14 -1.000000e+00
   outer loop
     vertex  1.141754e+02  1.028860e+02  6.600000e+01
     vertex  1.107892e+02  9.673899e+01  6.600000e+01
     vertex  1.137269e+02  1.030935e+02  6.600000e+01
   endloop
 endfacet
 facet normal -1.336103e-14  2.123140e-14 -1.000000e+00
   outer loop
     vertex  1.141754e+02  1.028860e+02  6.600000e+01
     vertex  1.117256e+02  9.598961e+01  6.600000e+01
     vertex  1.107892e+02  9.673899e+01  6.600000e+01
   endloop
 endfacet
 facet normal  7.520731e-15  9.397570e-15 -1.000000e+00
   outer loop
     vertex  1.969981e+02  5.838557e+01  6.600000e+01
     vertex  1.973839e+02  5.807678e+01  6.600000e+01
     vertex  1.933577e+02  5.222583e+01  6.600000e+01
   endloop
 endfacet
 facet normal  3.503145e-14 -2.247142e-15 -1.000000e+00
   outer loop
     vertex  1.133410e+02  1.034023e+02  6.600000e+01
     vertex  1.137269e+02  1.030935e+02  6.600000e+01
     vertex  1.097006e+02  9.724251e+01  6.600000e+01
   endloop
 endfacet
 facet normal -5.106656e-14  3.874720e-14 -1.000000e+00
   outer loop
     vertex  1.983176e+02  5.777519e+01  6.600000e+01
     vertex  1.953826e+02  5.097293e+01  6.600000e+01
     vertex  1.978325e+02  5.786930e+01  6.600000e+01
   endloop
 endfacet
 facet normal  2.991495e-15  1.542232e-14 -1.000000e+00
   outer loop
     vertex  1.146606e+02  1.027919e+02  6.600000e+01
     vertex  1.117256e+02  9.598961e+01  6.600000e+01
     vertex  1.141754e+02  1.028860e+02  6.600000e+01
   endloop
 endfacet
 facet normal -1.649267e-14  2.358948e-14 -1.000000e+00
   outer loop
     vertex  1.966973e+02  5.877773e+01  6.600000e+01
     vertex  1.969981e+02  5.838557e+01  6.600000e+01
     vertex  1.933577e+02  5.222583e+01  6.600000e+01
   endloop
 endfacet
 facet normal  1.366380e-14  8.217991e-15 -1.000000e+00
   outer loop
     vertex  1.966973e+02  5.877773e+01  6.600000e+01
     vertex  1.933577e+02  5.222583e+01  6.600000e+01
     vertex  1.921803e+02  5.245421e+01  6.600000e+01
   endloop
 endfacet
 facet normal  1.359203e-14  1.042354e-14 -1.000000e+00
   outer loop
     vertex  1.130403e+02  1.037944e+02  6.600000e+01
     vertex  1.133410e+02  1.034023e+02  6.600000e+01
     vertex  1.097006e+02  9.724251e+01  6.600000e+01
   endloop
 endfacet
 facet normal -1.890461e-14  2.698787e-14 -1.000000e+00
   outer loop
     vertex  1.130403e+02  1.037944e+02  6.600000e+01
     vertex  1.097006e+02  9.724251e+01  6.600000e+01
     vertex  1.085232e+02  9.747089e+01  6.600000e+01
   endloop
 endfacet
 facet normal  5.799919e-14 -8.312307e-15 -1.000000e+00
   outer loop
     vertex  1.988112e+02  5.779993e+01  6.600000e+01
     vertex  1.953826e+02  5.097293e+01  6.600000e+01
     vertex  1.983176e+02  5.777519e+01  6.600000e+01
   endloop
 endfacet
 facet normal  4.636078e-15  1.848737e-14 -1.000000e+00
   outer loop
     vertex  1.988112e+02  5.779993e+01  6.600000e+01
     vertex  1.961124e+02  5.002123e+01  6.600000e+01
     vertex  1.953826e+02  5.097293e+01  6.600000e+01
   endloop
 endfacet
 facet normal -8.560061e-16  1.708243e-14 -1.000000e+00
   outer loop
     vertex  1.151542e+02  1.028166e+02  6.600000e+01
     vertex  1.117256e+02  9.598961e+01  6.600000e+01
     vertex  1.146606e+02  1.027919e+02  6.600000e+01
   endloop
 endfacet
 facet normal  1.312154e-14  1.006272e-14 -1.000000e+00
   outer loop
     vertex  1.151542e+02  1.028166e+02  6.600000e+01
     vertex  1.124554e+02  9.503791e+01  6.600000e+01
     vertex  1.117256e+02  9.598961e+01  6.600000e+01
   endloop
 endfacet
 facet normal  1.560619e-14  6.830489e-15 -1.000000e+00
   outer loop
     vertex  1.964992e+02  5.923047e+01  6.600000e+01
     vertex  1.966973e+02  5.877773e+01  6.600000e+01
     vertex  1.921803e+02  5.245421e+01  6.600000e+01
   endloop
 endfacet
 facet normal -8.684491e-16  1.733075e-14 -1.000000e+00
   outer loop
     vertex  1.964992e+02  5.923047e+01  6.600000e+01
     vertex  1.921803e+02  5.245421e+01  6.600000e+01
     vertex  1.909824e+02  5.239419e+01  6.600000e+01
   endloop
 endfacet
 facet normal  3.106940e-16  1.845794e-14 -1.000000e+00
   outer loop
     vertex  1.128421e+02  1.042471e+02  6.600000e+01
     vertex  1.073254e+02  9.741087e+01  6.600000e+01
     vertex  1.031544e+02  1.074898e+02  6.600000e+01
   endloop
 endfacet
 facet normal -1.554251e-14  2.458624e-14 -1.000000e+00
   outer loop
     vertex  1.128421e+02  1.042471e+02  6.600000e+01
     vertex  1.130403e+02  1.037944e+02  6.600000e+01
     vertex  1.085232e+02  9.747089e+01  6.600000e+01
   endloop
 endfacet
 facet normal  2.375045e-14 -4.574779e-16 -1.000000e+00
   outer loop
     vertex  1.128421e+02  1.042471e+02  6.600000e+01
     vertex  1.085232e+02  9.747089e+01  6.600000e+01
     vertex  1.073254e+02  9.741087e+01  6.600000e+01
   endloop
 endfacet
 facet normal -9.457840e-15  2.172871e-14 -1.000000e+00
   outer loop
     vertex  1.992845e+02  5.794206e+01  6.600000e+01
     vertex  1.965933e+02  4.892252e+01  6.600000e+01
     vertex  1.961124e+02  5.002123e+01  6.600000e+01
   endloop
 endfacet
 facet normal  3.862887e-15  1.775415e-14 -1.000000e+00
   outer loop
     vertex  1.992845e+02  5.794206e+01  6.600000e+01
     vertex  2.044563e+02  4.481044e+01  6.600000e+01
     vertex  1.965933e+02  4.892252e+01  6.600000e+01
   endloop
 endfacet
 facet normal -4.025225e-14  3.406105e-14 -1.000000e+00
   outer loop
     vertex  1.992845e+02  5.794206e+01  6.600000e+01
     vertex  1.961124e+02  5.002123e+01  6.600000e+01
     vertex  1.988112e+02  5.779993e+01  6.600000e+01
   endloop
 endfacet
 facet normal -4.899327e-15  1.631493e-14 -1.000000e+00
   outer loop
     vertex  1.156275e+02  1.029587e+02  6.600000e+01
     vertex  1.124554e+02  9.503791e+01  6.600000e+01
     vertex  1.151542e+02  1.028166e+02  6.600000e+01
   endloop
 endfacet
 facet normal -2.917066e-14  2.603494e-14 -1.000000e+00
   outer loop
     vertex  1.156275e+02  1.029587e+02  6.600000e+01
     vertex  1.129363e+02  9.393919e+01  6.600000e+01
     vertex  1.124554e+02  9.503791e+01  6.600000e+01
   endloop
 endfacet
 facet normal -1.281226e-14  2.696917e-14 -1.000000e+00
   outer loop
     vertex  1.964151e+02  5.971747e+01  6.600000e+01
     vertex  1.964992e+02  5.923047e+01  6.600000e+01
     vertex  1.909824e+02  5.239419e+01  6.600000e+01
   endloop
 endfacet
 facet normal  9.169863e-15  1.066197e-14 -1.000000e+00
   outer loop
     vertex  1.964151e+02  5.971747e+01  6.600000e+01
     vertex  1.909824e+02  5.239419e+01  6.600000e+01
     vertex  1.898338e+02  5.204925e+01  6.600000e+01
   endloop
 endfacet
 facet normal  1.450484e-14  6.086396e-14 -1.000000e+00
   outer loop
     vertex  1.127581e+02  1.047341e+02  6.600000e+01
     vertex  1.128421e+02  1.042471e+02  6.600000e+01
     vertex  1.031544e+02  1.074898e+02  6.600000e+01
   endloop
 endfacet
 facet normal -7.776644e-15  1.317003e-14 -1.000000e+00
   outer loop
     vertex  1.997101e+02  5.819334e+01  6.600000e+01
     vertex  2.044563e+02  4.481044e+01  6.600000e+01
     vertex  1.992845e+02  5.794206e+01  6.600000e+01
   endloop
 endfacet
 facet normal  2.811352e-14  8.942830e-15 -1.000000e+00
   outer loop
     vertex  1.160530e+02  1.032100e+02  6.600000e+01
     vertex  1.129363e+02  9.393919e+01  6.600000e+01
     vertex  1.156275e+02  1.029587e+02  6.600000e+01
   endloop
 endfacet
 facet normal  2.353635e-14 -1.668266e-15 -1.000000e+00
   outer loop
     vertex  1.964501e+02  6.021043e+01  6.600000e+01
     vertex  1.964151e+02  5.971747e+01  6.600000e+01
     vertex  1.898338e+02  5.204925e+01  6.600000e+01
   endloop
 endfacet
 facet normal -1.100730e-14 -2.804719e-14 -1.000000e+00
   outer loop
     vertex  1.127930e+02  1.052271e+02  6.600000e+01
     vertex  1.127581e+02  1.047341e+02  6.600000e+01
     vertex  1.031544e+02  1.074898e+02  6.600000e+01
   endloop
 endfacet
 facet normal -2.686388e-14  2.742562e-14 -1.000000e+00
   outer loop
     vertex  1.164061e+02  1.035558e+02  6.600000e+01
     vertex  1.129363e+02  9.393919e+01  6.600000e+01
     vertex  1.160530e+02  1.032100e+02  6.600000e+01
   endloop
 endfacet
 facet normal -1.578102e-16  1.715574e-14 -1.000000e+00
   outer loop
     vertex  1.164061e+02  1.035558e+02  6.600000e+01
     vertex  1.393505e+02  8.388664e+01  6.600000e+01
     vertex  1.131403e+02  9.275733e+01  6.600000e+01
   endloop
 endfacet
 facet normal  1.070270e-14  1.387116e-14 -1.000000e+00
   outer loop
     vertex  1.164061e+02  1.035558e+02  6.600000e+01
     vertex  1.131403e+02  9.275733e+01  6.600000e+01
     vertex  1.129363e+02  9.393919e+01  6.600000e+01
   endloop
 endfacet
 facet normal  2.482520e-15  2.941620e-14 -1.000000e+00
   outer loop
     vertex  1.129449e+02  1.056974e+02  6.600000e+01
     vertex  1.127930e+02  1.052271e+02  6.600000e+01
     vertex  1.031544e+02  1.074898e+02  6.600000e+01
   endloop
 endfacet
 facet normal  2.816916e-14  5.019961e-14 -1.000000e+00
   outer loop
     vertex  1.166661e+02  1.039761e+02  6.600000e+01
     vertex  1.393505e+02  8.388664e+01  6.600000e+01
     vertex  1.164061e+02  1.035558e+02  6.600000e+01
   endloop
 endfacet
 facet normal -2.607589e-15  1.613416e-15 -1.000000e+00
   outer loop
     vertex  1.132050e+02  1.061176e+02  6.600000e+01
     vertex  1.129449e+02  1.056974e+02  6.600000e+01
     vertex  1.031544e+02  1.074898e+02  6.600000e+01
   endloop
 endfacet
 facet normal  2.442147e-15  3.860023e-14 -1.000000e+00
   outer loop
     vertex  1.135580e+02  1.064635e+02  6.600000e+01
     vertex  1.132050e+02  1.061176e+02  6.600000e+01
     vertex  1.031544e+02  1.074898e+02  6.600000e+01
   endloop
 endfacet
 facet normal  4.843983e-16  1.685028e-14 -1.000000e+00
   outer loop
     vertex  1.776594e+02  7.311323e+01  6.600000e+01
     vertex  1.671798e+02  6.666761e+01  6.600000e+01
     vertex  1.674781e+02  7.087583e+01  6.600000e+01
   endloop
 endfacet
 facet normal -1.138839e-16  1.773593e-14 -1.000000e+00
   outer loop
     vertex  1.793004e+02  7.235416e+01  6.600000e+01
     vertex  1.658831e+02  6.265305e+01  6.600000e+01
     vertex  1.671798e+02  6.666761e+01  6.600000e+01
   endloop
 endfacet
 facet normal -2.860956e-16  1.810299e-14 -1.000000e+00
   outer loop
     vertex  1.793004e+02  7.235416e+01  6.600000e+01
     vertex  1.671798e+02  6.666761e+01  6.600000e+01
     vertex  1.776594e+02  7.311323e+01  6.600000e+01
   endloop
 endfacet
 facet normal -3.221071e-15  3.371221e-14 -1.000000e+00
   outer loop
     vertex  1.762478e+02  7.424295e+01  6.600000e+01
     vertex  1.776594e+02  7.311323e+01  6.600000e+01
     vertex  1.674781e+02  7.087583e+01  6.600000e+01
   endloop
 endfacet
 facet normal  2.688464e-15  1.386008e-14 -1.000000e+00
   outer loop
     vertex  1.810754e+02  7.200987e+01  6.600000e+01
     vertex  1.658831e+02  6.265305e+01  6.600000e+01
     vertex  1.793004e+02  7.235416e+01  6.600000e+01
   endloop
 endfacet
 facet normal  2.450361e-14  2.578293e-14 -1.000000e+00
   outer loop
     vertex  1.810754e+02  7.200987e+01  6.600000e+01
     vertex  1.888010e+02  5.143943e+01  6.600000e+01
     vertex  1.879442e+02  5.060019e+01  6.600000e+01
   endloop
 endfacet
 facet normal  1.562132e-16  1.797160e-14 -1.000000e+00
   outer loop
     vertex  1.810754e+02  7.200987e+01  6.600000e+01
     vertex  1.879442e+02  5.060019e+01  6.600000e+01
     vertex  1.658831e+02  6.265305e+01  6.600000e+01
   endloop
 endfacet
 facet normal  7.511075e-15  5.760139e-15 -1.000000e+00
   outer loop
     vertex  1.751475e+02  7.567768e+01  6.600000e+01
     vertex  1.762478e+02  7.424295e+01  6.600000e+01
     vertex  1.674781e+02  7.087583e+01  6.600000e+01
   endloop
 endfacet
 facet normal  3.759769e-16  1.715623e-14 -1.000000e+00
   outer loop
     vertex  1.751475e+02  7.567768e+01  6.600000e+01
     vertex  1.674781e+02  7.087583e+01  6.600000e+01
     vertex  1.667606e+02  7.503316e+01  6.600000e+01
   endloop
 endfacet
 facet normal -8.154882e-16  1.627386e-14 -1.000000e+00
   outer loop
     vertex  1.828812e+02  7.210035e+01  6.600000e+01
     vertex  1.888010e+02  5.143943e+01  6.600000e+01
     vertex  1.810754e+02  7.200987e+01  6.600000e+01
   endloop
 endfacet
 facet normal -2.010607e-14  1.074667e-14 -1.000000e+00
   outer loop
     vertex  1.828812e+02  7.210035e+01  6.600000e+01
     vertex  1.898338e+02  5.204925e+01  6.600000e+01
     vertex  1.888010e+02  5.143943e+01  6.600000e+01
   endloop
 endfacet
 facet normal -2.639927e-16  1.762675e-14 -1.000000e+00
   outer loop
     vertex  1.828812e+02  7.210035e+01  6.600000e+01
     vertex  1.964501e+02  6.021043e+01  6.600000e+01
     vertex  1.898338e+02  5.204925e+01  6.600000e+01
   endloop
 endfacet
 facet normal -1.852047e-15 -8.106004e-16 -1.000000e+00
   outer loop
     vertex  2.089021e+02  5.857465e+01  6.600000e+01
     vertex  2.004259e+02  6.040966e+01  6.600000e+01
     vertex  2.002278e+02  6.086240e+01  6.600000e+01
   endloop
 endfacet
 facet normal  9.926649e-15  4.385009e-14 -1.000000e+00
   outer loop
     vertex  2.089021e+02  5.857465e+01  6.600000e+01
     vertex  2.002278e+02  6.086240e+01  6.600000e+01
     vertex  1.999270e+02  6.125456e+01  6.600000e+01
   endloop
 endfacet
 facet normal  2.396010e-15  1.677774e-14 -1.000000e+00
   outer loop
     vertex  2.089021e+02  5.857465e+01  6.600000e+01
     vertex  2.044563e+02  4.481044e+01  6.600000e+01
     vertex  1.997101e+02  5.819334e+01  6.600000e+01
   endloop
 endfacet
 facet normal  3.228714e-15 -3.296229e-15 -1.000000e+00
   outer loop
     vertex  2.089021e+02  5.857465e+01  6.600000e+01
     vertex  1.997101e+02  5.819334e+01  6.600000e+01
     vertex  2.000631e+02  5.853916e+01  6.600000e+01
   endloop
 endfacet
 facet normal  3.087397e-15  3.190419e-14 -1.000000e+00
   outer loop
     vertex  2.089021e+02  5.857465e+01  6.600000e+01
     vertex  2.000631e+02  5.853916e+01  6.600000e+01
     vertex  2.003231e+02  5.895942e+01  6.600000e+01
   endloop
 endfacet
 facet normal  4.304713e-15  5.904568e-14 -1.000000e+00
   outer loop
     vertex  2.089021e+02  5.857465e+01  6.600000e+01
     vertex  2.003231e+02  5.895942e+01  6.600000e+01
     vertex  2.004750e+02  5.942970e+01  6.600000e+01
   endloop
 endfacet
 facet normal -4.578360e-15 -2.850288e-14 -1.000000e+00
   outer loop
     vertex  2.089021e+02  5.857465e+01  6.600000e+01
     vertex  2.004750e+02  5.942970e+01  6.600000e+01
     vertex  2.005100e+02  5.992266e+01  6.600000e+01
   endloop
 endfacet
 facet normal  4.820821e-15  3.001233e-14 -1.000000e+00
   outer loop
     vertex  2.089021e+02  5.857465e+01  6.600000e+01
     vertex  2.005100e+02  5.992266e+01  6.600000e+01
     vertex  2.004259e+02  6.040966e+01  6.600000e+01
   endloop
 endfacet
 facet normal  3.635186e-16  1.731834e-14 -1.000000e+00
   outer loop
     vertex  1.744226e+02  7.733403e+01  6.600000e+01
     vertex  1.751475e+02  7.567768e+01  6.600000e+01
     vertex  1.667606e+02  7.503316e+01  6.600000e+01
   endloop
 endfacet
 facet normal  3.067115e-14  4.865153e-14 -1.000000e+00
   outer loop
     vertex  1.846128e+02  7.262037e+01  6.600000e+01
     vertex  1.968620e+02  6.110097e+01  6.600000e+01
     vertex  1.966020e+02  6.068071e+01  6.600000e+01
   endloop
 endfacet
 facet normal  9.316787e-15  2.720872e-14 -1.000000e+00
   outer loop
     vertex  1.846128e+02  7.262037e+01  6.600000e+01
     vertex  1.966020e+02  6.068071e+01  6.600000e+01
     vertex  1.964501e+02  6.021043e+01  6.600000e+01
   endloop
 endfacet
 facet normal  2.102311e-15  2.032720e-14 -1.000000e+00
   outer loop
     vertex  1.846128e+02  7.262037e+01  6.600000e+01
     vertex  1.964501e+02  6.021043e+01  6.600000e+01
     vertex  1.828812e+02  7.210035e+01  6.600000e+01
   endloop
 endfacet
 facet normal  2.671171e-15  1.955401e-14 -1.000000e+00
   outer loop
     vertex  1.741151e+02  7.911574e+01  6.600000e+01
     vertex  1.667606e+02  7.503316e+01  6.600000e+01
     vertex  1.650690e+02  7.889797e+01  6.600000e+01
   endloop
 endfacet
 facet normal -3.818563e-15  3.124482e-14 -1.000000e+00
   outer loop
     vertex  1.741151e+02  7.911574e+01  6.600000e+01
     vertex  1.744226e+02  7.733403e+01  6.600000e+01
     vertex  1.667606e+02  7.503316e+01  6.600000e+01
   endloop
 endfacet
 facet normal -3.035780e-14 -1.010083e-14 -1.000000e+00
   outer loop
     vertex  1.861697e+02  7.353968e+01  6.600000e+01
     vertex  1.972150e+02  6.144679e+01  6.600000e+01
     vertex  1.968620e+02  6.110097e+01  6.600000e+01
   endloop
 endfacet
 facet normal -2.101190e-16  1.581396e-14 -1.000000e+00
   outer loop
     vertex  1.861697e+02  7.353968e+01  6.600000e+01
     vertex  1.968620e+02  6.110097e+01  6.600000e+01
     vertex  1.846128e+02  7.262037e+01  6.600000e+01
   endloop
 endfacet
 facet normal  2.957259e-15  7.669875e-15 -1.000000e+00
   outer loop
     vertex  1.742429e+02  8.091927e+01  6.600000e+01
     vertex  1.741151e+02  7.911574e+01  6.600000e+01
     vertex  1.650690e+02  7.889797e+01  6.600000e+01
   endloop
 endfacet
 facet normal  4.446740e-14  5.188272e-14 -1.000000e+00
   outer loop
     vertex  1.874614e+02  7.480487e+01  6.600000e+01
     vertex  1.981139e+02  6.184020e+01  6.600000e+01
     vertex  1.976406e+02  6.169806e+01  6.600000e+01
   endloop
 endfacet
 facet normal -7.022896e-15  1.189353e-14 -1.000000e+00
   outer loop
     vertex  1.874614e+02  7.480487e+01  6.600000e+01
     vertex  1.976406e+02  6.169806e+01  6.600000e+01
     vertex  1.972150e+02  6.144679e+01  6.600000e+01
   endloop
 endfacet
 facet normal -3.306088e-15  1.460743e-14 -1.000000e+00
   outer loop
     vertex  1.874614e+02  7.480487e+01  6.600000e+01
     vertex  1.972150e+02  6.144679e+01  6.600000e+01
     vertex  1.861697e+02  7.353968e+01  6.600000e+01
   endloop
 endfacet
 facet normal  5.967701e-16  1.743750e-14 -1.000000e+00
   outer loop
     vertex  1.747986e+02  8.263979e+01  6.600000e+01
     vertex  1.650690e+02  7.889797e+01  6.600000e+01
     vertex  1.625017e+02  8.224567e+01  6.600000e+01
   endloop
 endfacet
 facet normal  1.084667e-15  1.616885e-14 -1.000000e+00
   outer loop
     vertex  1.747986e+02  8.263979e+01  6.600000e+01
     vertex  1.742429e+02  8.091927e+01  6.600000e+01
     vertex  1.650690e+02  7.889797e+01  6.600000e+01
   endloop
 endfacet
 facet normal  2.179636e-15  1.713662e-14 -1.000000e+00
   outer loop
     vertex  1.884127e+02  7.634240e+01  6.600000e+01
     vertex  1.981139e+02  6.184020e+01  6.600000e+01
     vertex  1.874614e+02  7.480487e+01  6.600000e+01
   endloop
 endfacet
 facet normal  6.329983e-14  3.307577e-14 -1.000000e+00
   outer loop
     vertex  1.134875e+02  1.176113e+02  6.600000e+01
     vertex  1.162700e+02  1.062712e+02  6.600000e+01
     vertex  1.158842e+02  1.065800e+02  6.600000e+01
   endloop
 endfacet
 facet normal  9.936960e-15  2.148231e-14 -1.000000e+00
   outer loop
     vertex  1.134875e+02  1.176113e+02  6.600000e+01
     vertex  1.158842e+02  1.065800e+02  6.600000e+01
     vertex  1.154356e+02  1.067875e+02  6.600000e+01
   endloop
 endfacet
 facet normal  3.958237e-15  2.040625e-14 -1.000000e+00
   outer loop
     vertex  1.134875e+02  1.176113e+02  6.600000e+01
     vertex  1.154356e+02  1.067875e+02  6.600000e+01
     vertex  1.149505e+02  1.068816e+02  6.600000e+01
   endloop
 endfacet
 facet normal -9.887644e-16  1.973176e-14 -1.000000e+00
   outer loop
     vertex  1.134875e+02  1.176113e+02  6.600000e+01
     vertex  1.149505e+02  1.068816e+02  6.600000e+01
     vertex  1.144569e+02  1.068569e+02  6.600000e+01
   endloop
 endfacet
 facet normal -5.795291e-15  1.929852e-14 -1.000000e+00
   outer loop
     vertex  1.134875e+02  1.176113e+02  6.600000e+01
     vertex  1.144569e+02  1.068569e+02  6.600000e+01
     vertex  1.139836e+02  1.067147e+02  6.600000e+01
   endloop
 endfacet
 facet normal -1.124881e-14  1.905027e-14 -1.000000e+00
   outer loop
     vertex  1.134875e+02  1.176113e+02  6.600000e+01
     vertex  1.139836e+02  1.067147e+02  6.600000e+01
     vertex  1.135580e+02  1.064635e+02  6.600000e+01
   endloop
 endfacet
 facet normal  5.207910e-16  1.912468e-14 -1.000000e+00
   outer loop
     vertex  1.134875e+02  1.176113e+02  6.600000e+01
     vertex  1.135580e+02  1.064635e+02  6.600000e+01
     vertex  1.031544e+02  1.074898e+02  6.600000e+01
   endloop
 endfacet
 facet normal  5.745841e-16  1.812973e-14 -1.000000e+00
   outer loop
     vertex  1.757500e+02  8.417733e+01  6.600000e+01
     vertex  1.747986e+02  8.263979e+01  6.600000e+01
     vertex  1.625017e+02  8.224567e+01  6.600000e+01
   endloop
 endfacet
 facet normal -6.024339e-16  2.620231e-14 -1.000000e+00
   outer loop
     vertex  1.757500e+02  8.417733e+01  6.600000e+01
     vertex  1.625017e+02  8.224567e+01  6.600000e+01
     vertex  1.592079e+02  8.488170e+01  6.600000e+01
   endloop
 endfacet
 facet normal -2.715183e-16  3.397382e-14 -1.000000e+00
   outer loop
     vertex  1.770416e+02  8.544251e+01  6.600000e+01
     vertex  1.757500e+02  8.417733e+01  6.600000e+01
     vertex  1.592079e+02  8.488170e+01  6.600000e+01
   endloop
 endfacet
 facet normal  9.213651e-15  1.151297e-14 -1.000000e+00
   outer loop
     vertex  2.099248e+02  7.300285e+01  6.600000e+01
     vertex  1.999270e+02  6.125456e+01  6.600000e+01
     vertex  1.995412e+02  6.156335e+01  6.600000e+01
   endloop
 endfacet
 facet normal  6.475260e-15  1.399860e-14 -1.000000e+00
   outer loop
     vertex  2.099248e+02  7.300285e+01  6.600000e+01
     vertex  1.995412e+02  6.156335e+01  6.600000e+01
     vertex  1.990927e+02  6.177083e+01  6.600000e+01
   endloop
 endfacet
 facet normal -4.604274e-14  6.464695e-14 -1.000000e+00
   outer loop
     vertex  2.099248e+02  7.300285e+01  6.600000e+01
     vertex  1.990927e+02  6.177083e+01  6.600000e+01
     vertex  1.986075e+02  6.186493e+01  6.600000e+01
   endloop
 endfacet
 facet normal  2.082914e-15  1.758121e-14 -1.000000e+00
   outer loop
     vertex  2.099248e+02  7.300285e+01  6.600000e+01
     vertex  2.089021e+02  5.857465e+01  6.600000e+01
     vertex  1.999270e+02  6.125456e+01  6.600000e+01
   endloop
 endfacet
 facet normal  3.097663e-15  7.659923e-15 -1.000000e+00
   outer loop
     vertex  1.963490e+02  8.249911e+01  6.600000e+01
     vertex  1.889684e+02  7.806293e+01  6.600000e+01
     vertex  1.890963e+02  7.986645e+01  6.600000e+01
   endloop
 endfacet
 facet normal  9.387052e-15  1.620040e-15 -1.000000e+00
   outer loop
     vertex  1.346790e+02  1.156844e+02  6.600000e+01
     vertex  1.168530e+02  1.049393e+02  6.600000e+01
     vertex  1.167689e+02  1.054263e+02  6.600000e+01
   endloop
 endfacet
 facet normal  3.349444e-15  7.241028e-15 -1.000000e+00
   outer loop
     vertex  1.967976e+02  8.229163e+01  6.600000e+01
     vertex  1.889684e+02  7.806293e+01  6.600000e+01
     vertex  1.963490e+02  8.249911e+01  6.600000e+01
   endloop
 endfacet
 facet normal -6.790965e-15  2.930874e-14 -1.000000e+00
   outer loop
     vertex  1.351275e+02  1.154769e+02  6.600000e+01
     vertex  1.168180e+02  1.044464e+02  6.600000e+01
     vertex  1.168530e+02  1.049393e+02  6.600000e+01
   endloop
 endfacet
 facet normal  4.499811e-15  9.727960e-15 -1.000000e+00
   outer loop
     vertex  1.351275e+02  1.154769e+02  6.600000e+01
     vertex  1.168530e+02  1.049393e+02  6.600000e+01
     vertex  1.346790e+02  1.156844e+02  6.600000e+01
   endloop
 endfacet
 facet normal -1.894083e-14  6.837413e-14 -1.000000e+00
   outer loop
     vertex  1.959632e+02  8.280790e+01  6.600000e+01
     vertex  1.963490e+02  8.249911e+01  6.600000e+01
     vertex  1.890963e+02  7.986645e+01  6.600000e+01
   endloop
 endfacet
 facet normal -5.992531e-15  2.876605e-14 -1.000000e+00
   outer loop
     vertex  1.342931e+02  1.159932e+02  6.600000e+01
     vertex  1.167689e+02  1.054263e+02  6.600000e+01
     vertex  1.165708e+02  1.058791e+02  6.600000e+01
   endloop
 endfacet
 facet normal -9.351169e-15  3.433607e-14 -1.000000e+00
   outer loop
     vertex  1.342931e+02  1.159932e+02  6.600000e+01
     vertex  1.346790e+02  1.156844e+02  6.600000e+01
     vertex  1.167689e+02  1.054263e+02  6.600000e+01
   endloop
 endfacet
 facet normal -8.378189e-16  1.671949e-14 -1.000000e+00
   outer loop
     vertex  1.972827e+02  8.219753e+01  6.600000e+01
     vertex  1.986075e+02  6.186493e+01  6.600000e+01
     vertex  1.981139e+02  6.184020e+01  6.600000e+01
   endloop
 endfacet
 facet normal  1.711680e-15  1.682359e-14 -1.000000e+00
   outer loop
     vertex  1.972827e+02  8.219753e+01  6.600000e+01
     vertex  1.981139e+02  6.184020e+01  6.600000e+01
     vertex  1.884127e+02  7.634240e+01  6.600000e+01
   endloop
 endfacet
 facet normal  1.918457e-15  9.890392e-15 -1.000000e+00
   outer loop
     vertex  1.972827e+02  8.219753e+01  6.600000e+01
     vertex  1.889684e+02  7.806293e+01  6.600000e+01
     vertex  1.967976e+02  8.229163e+01  6.600000e+01
   endloop
 endfacet
 facet normal -1.142848e-14  3.672982e-14 -1.000000e+00
   outer loop
     vertex  1.972827e+02  8.219753e+01  6.600000e+01
     vertex  1.884127e+02  7.634240e+01  6.600000e+01
     vertex  1.889684e+02  7.806293e+01  6.600000e+01
   endloop
 endfacet
 facet normal  2.646476e-15  1.364361e-14 -1.000000e+00
   outer loop
     vertex  1.356127e+02  1.153828e+02  6.600000e+01
     vertex  1.168180e+02  1.044464e+02  6.600000e+01
     vertex  1.351275e+02  1.154769e+02  6.600000e+01
   endloop
 endfacet
 facet normal  3.468901e-14 -4.142265e-14 -1.000000e+00
   outer loop
     vertex  1.356127e+02  1.153828e+02  6.600000e+01
     vertex  1.166661e+02  1.039761e+02  6.600000e+01
     vertex  1.168180e+02  1.044464e+02  6.600000e+01
   endloop
 endfacet
 facet normal  1.257131e-15  1.774573e-14 -1.000000e+00
   outer loop
     vertex  1.356127e+02  1.153828e+02  6.600000e+01
     vertex  1.429833e+02  8.603170e+01  6.600000e+01
     vertex  1.393505e+02  8.388664e+01  6.600000e+01
   endloop
 endfacet
 facet normal -7.870524e-16  1.750313e-14 -1.000000e+00
   outer loop
     vertex  1.356127e+02  1.153828e+02  6.600000e+01
     vertex  1.393505e+02  8.388664e+01  6.600000e+01
     vertex  1.166661e+02  1.039761e+02  6.600000e+01
   endloop
 endfacet
 facet normal  5.133308e-16  1.604051e-14 -1.000000e+00
   outer loop
     vertex  1.956624e+02  8.320006e+01  6.600000e+01
     vertex  1.890963e+02  7.986645e+01  6.600000e+01
     vertex  1.887888e+02  8.164816e+01  6.600000e+01
   endloop
 endfacet
 facet normal  1.947294e-14 -2.130396e-14 -1.000000e+00
   outer loop
     vertex  1.956624e+02  8.320006e+01  6.600000e+01
     vertex  1.959632e+02  8.280790e+01  6.600000e+01
     vertex  1.890963e+02  7.986645e+01  6.600000e+01
   endloop
 endfacet
 facet normal -2.263457e-14  5.511682e-14 -1.000000e+00
   outer loop
     vertex  1.339924e+02  1.163853e+02  6.600000e+01
     vertex  1.165708e+02  1.058791e+02  6.600000e+01
     vertex  1.162700e+02  1.062712e+02  6.600000e+01
   endloop
 endfacet
 facet normal  7.250798e-15  5.560536e-15 -1.000000e+00
   outer loop
     vertex  1.339924e+02  1.163853e+02  6.600000e+01
     vertex  1.342931e+02  1.159932e+02  6.600000e+01
     vertex  1.165708e+02  1.058791e+02  6.600000e+01
   endloop
 endfacet
 facet normal -8.378189e-16  1.671949e-14 -1.000000e+00
   outer loop
     vertex  1.977763e+02  8.222226e+01  6.600000e+01
     vertex  1.986075e+02  6.186493e+01  6.600000e+01
     vertex  1.972827e+02  8.219753e+01  6.600000e+01
   endloop
 endfacet
 facet normal  1.049150e-15  1.679653e-14 -1.000000e+00
   outer loop
     vertex  1.977763e+02  8.222226e+01  6.600000e+01
     vertex  2.099248e+02  7.300285e+01  6.600000e+01
     vertex  1.986075e+02  6.186493e+01  6.600000e+01
   endloop
 endfacet
 facet normal -1.600211e-15  1.704074e-14 -1.000000e+00
   outer loop
     vertex  1.361062e+02  1.154075e+02  6.600000e+01
     vertex  1.470238e+02  8.724507e+01  6.600000e+01
     vertex  1.429833e+02  8.603170e+01  6.600000e+01
   endloop
 endfacet
 facet normal -8.625702e-16  1.721343e-14 -1.000000e+00
   outer loop
     vertex  1.361062e+02  1.154075e+02  6.600000e+01
     vertex  1.429833e+02  8.603170e+01  6.600000e+01
     vertex  1.356127e+02  1.153828e+02  6.600000e+01
   endloop
 endfacet
 facet normal -9.135969e-15  5.877909e-14 -1.000000e+00
   outer loop
     vertex  1.954643e+02  8.365280e+01  6.600000e+01
     vertex  1.956624e+02  8.320006e+01  6.600000e+01
     vertex  1.887888e+02  8.164816e+01  6.600000e+01
   endloop
 endfacet
 facet normal -7.275731e-15  2.820443e-14 -1.000000e+00
   outer loop
     vertex  1.337942e+02  1.168381e+02  6.600000e+01
     vertex  1.339924e+02  1.163853e+02  6.600000e+01
     vertex  1.162700e+02  1.062712e+02  6.600000e+01
   endloop
 endfacet
 facet normal -7.384592e-16  1.736292e-14 -1.000000e+00
   outer loop
     vertex  1.337942e+02  1.168381e+02  6.600000e+01
     vertex  1.162700e+02  1.062712e+02  6.600000e+01
     vertex  1.134875e+02  1.176113e+02  6.600000e+01
   endloop
 endfacet
 facet normal -3.316461e-15  1.104393e-14 -1.000000e+00
   outer loop
     vertex  1.982496e+02  8.236440e+01  6.600000e+01
     vertex  2.099248e+02  7.300285e+01  6.600000e+01
     vertex  1.977763e+02  8.222226e+01  6.600000e+01
   endloop
 endfacet
 facet normal -4.750543e-15  1.581947e-14 -1.000000e+00
   outer loop
     vertex  1.365796e+02  1.155497e+02  6.600000e+01
     vertex  1.470238e+02  8.724507e+01  6.600000e+01
     vertex  1.361062e+02  1.154075e+02  6.600000e+01
   endloop
 endfacet
 facet normal  1.642667e-14 -2.634538e-14 -1.000000e+00
   outer loop
     vertex  1.953802e+02  8.413980e+01  6.600000e+01
     vertex  1.954643e+02  8.365280e+01  6.600000e+01
     vertex  1.887888e+02  8.164816e+01  6.600000e+01
   endloop
 endfacet
 facet normal -1.588259e-17  1.715229e-14 -1.000000e+00
   outer loop
     vertex  1.953802e+02  8.413980e+01  6.600000e+01
     vertex  1.887888e+02  8.164816e+01  6.600000e+01
     vertex  1.880638e+02  8.330451e+01  6.600000e+01
   endloop
 endfacet
 facet normal -5.162085e-15  8.742178e-15 -1.000000e+00
   outer loop
     vertex  1.986752e+02  8.261568e+01  6.600000e+01
     vertex  2.099248e+02  7.300285e+01  6.600000e+01
     vertex  1.982496e+02  8.236440e+01  6.600000e+01
   endloop
 endfacet
 facet normal  4.631969e-14  3.466410e-14 -1.000000e+00
   outer loop
     vertex  1.370051e+02  1.158010e+02  6.600000e+01
     vertex  1.470238e+02  8.724507e+01  6.600000e+01
     vertex  1.365796e+02  1.155497e+02  6.600000e+01
   endloop
 endfacet
 facet normal  5.722112e-15  2.042064e-14 -1.000000e+00
   outer loop
     vertex  1.370051e+02  1.158010e+02  6.600000e+01
     vertex  1.512373e+02  8.745620e+01  6.600000e+01
     vertex  1.470238e+02  8.724507e+01  6.600000e+01
   endloop
 endfacet
 facet normal -1.359788e-15  2.892377e-14 -1.000000e+00
   outer loop
     vertex  1.954152e+02  8.463276e+01  6.600000e+01
     vertex  1.953802e+02  8.413980e+01  6.600000e+01
     vertex  1.880638e+02  8.330451e+01  6.600000e+01
   endloop
 endfacet
 facet normal  1.200731e-14  2.883505e-14 -1.000000e+00
   outer loop
     vertex  1.990282e+02  8.296149e+01  6.600000e+01
     vertex  2.099248e+02  7.300285e+01  6.600000e+01
     vertex  1.986752e+02  8.261568e+01  6.600000e+01
   endloop
 endfacet
 facet normal  4.105808e-15 -1.326181e-15 -1.000000e+00
   outer loop
     vertex  1.955671e+02  8.510304e+01  6.600000e+01
     vertex  1.954152e+02  8.463276e+01  6.600000e+01
     vertex  1.880638e+02  8.330451e+01  6.600000e+01
   endloop
 endfacet
 facet normal -8.113441e-16  1.918761e-14 -1.000000e+00
   outer loop
     vertex  1.955671e+02  8.510304e+01  6.600000e+01
     vertex  1.880638e+02  8.330451e+01  6.600000e+01
     vertex  1.869636e+02  8.473924e+01  6.600000e+01
   endloop
 endfacet
 facet normal -9.163794e-15  5.669992e-15 -1.000000e+00
   outer loop
     vertex  1.992883e+02  8.338175e+01  6.600000e+01
     vertex  2.099248e+02  7.300285e+01  6.600000e+01
     vertex  1.990282e+02  8.296149e+01  6.600000e+01
   endloop
 endfacet
 facet normal -1.468252e-15  3.472294e-14 -1.000000e+00
   outer loop
     vertex  1.958271e+02  8.552330e+01  6.600000e+01
     vertex  1.955671e+02  8.510304e+01  6.600000e+01
     vertex  1.869636e+02  8.473924e+01  6.600000e+01
   endloop
 endfacet
 facet normal  1.762456e-15 -1.799311e-15 -1.000000e+00
   outer loop
     vertex  1.961802e+02  8.586912e+01  6.600000e+01
     vertex  1.958271e+02  8.552330e+01  6.600000e+01
     vertex  1.869636e+02  8.473924e+01  6.600000e+01
   endloop
 endfacet
 facet normal -1.780684e-19  1.257882e-14 -1.000000e+00
   outer loop
     vertex  1.961802e+02  8.586912e+01  6.600000e+01
     vertex  1.869636e+02  8.473924e+01  6.600000e+01
     vertex  1.855519e+02  8.586897e+01  6.600000e+01
   endloop
 endfacet
 facet normal -3.572933e-15  1.189799e-14 -1.000000e+00
   outer loop
     vertex  1.259427e+02  1.249658e+02  6.600000e+01
     vertex  1.354090e+02  1.194478e+02  6.600000e+01
     vertex  1.349356e+02  1.193057e+02  6.600000e+01
   endloop
 endfacet
 facet normal -2.258403e-14 -1.830722e-14 -1.000000e+00
   outer loop
     vertex  1.259427e+02  1.249658e+02  6.600000e+01
     vertex  1.349356e+02  1.193057e+02  6.600000e+01
     vertex  1.345101e+02  1.190544e+02  6.600000e+01
   endloop
 endfacet
 facet normal  2.743218e-14  5.418108e-14 -1.000000e+00
   outer loop
     vertex  1.259427e+02  1.249658e+02  6.600000e+01
     vertex  1.345101e+02  1.190544e+02  6.600000e+01
     vertex  1.341570e+02  1.187086e+02  6.600000e+01
   endloop
 endfacet
 facet normal -2.691321e-14 -1.716224e-14 -1.000000e+00
   outer loop
     vertex  1.259427e+02  1.249658e+02  6.600000e+01
     vertex  1.341570e+02  1.187086e+02  6.600000e+01
     vertex  1.338970e+02  1.182883e+02  6.600000e+01
   endloop
 endfacet
 facet normal -7.618610e-16  1.674836e-14 -1.000000e+00
   outer loop
     vertex  1.259427e+02  1.249658e+02  6.600000e+01
     vertex  1.337942e+02  1.168381e+02  6.600000e+01
     vertex  1.134875e+02  1.176113e+02  6.600000e+01
   endloop
 endfacet
 facet normal  3.007432e-14  5.072207e-14 -1.000000e+00
   outer loop
     vertex  1.259427e+02  1.249658e+02  6.600000e+01
     vertex  1.338970e+02  1.182883e+02  6.600000e+01
     vertex  1.337451e+02  1.178180e+02  6.600000e+01
   endloop
 endfacet
 facet normal  9.405932e-15  2.816069e-14 -1.000000e+00
   outer loop
     vertex  1.259427e+02  1.249658e+02  6.600000e+01
     vertex  1.337451e+02  1.178180e+02  6.600000e+01
     vertex  1.337102e+02  1.173251e+02  6.600000e+01
   endloop
 endfacet
 facet normal -2.203624e-14 -3.803067e-15 -1.000000e+00
   outer loop
     vertex  1.259427e+02  1.249658e+02  6.600000e+01
     vertex  1.337102e+02  1.173251e+02  6.600000e+01
     vertex  1.337942e+02  1.168381e+02  6.600000e+01
   endloop
 endfacet
 facet normal  1.045073e-15  1.613228e-14 -1.000000e+00
   outer loop
     vertex  2.074649e+02  8.725654e+01  6.600000e+01
     vertex  2.099248e+02  7.300285e+01  6.600000e+01
     vertex  1.992883e+02  8.338175e+01  6.600000e+01
   endloop
 endfacet
 facet normal -6.647492e-15  3.236520e-14 -1.000000e+00
   outer loop
     vertex  2.074649e+02  8.725654e+01  6.600000e+01
     vertex  1.992883e+02  8.338175e+01  6.600000e+01
     vertex  1.994402e+02  8.385203e+01  6.600000e+01
   endloop
 endfacet
 facet normal  7.303164e-15 -5.176512e-16 -1.000000e+00
   outer loop
     vertex  2.074649e+02  8.725654e+01  6.600000e+01
     vertex  1.994402e+02  8.385203e+01  6.600000e+01
     vertex  1.994751e+02  8.434499e+01  6.600000e+01
   endloop
 endfacet
 facet normal -3.310836e-15  2.860895e-14 -1.000000e+00
   outer loop
     vertex  2.074649e+02  8.725654e+01  6.600000e+01
     vertex  1.994751e+02  8.434499e+01  6.600000e+01
     vertex  1.993911e+02  8.483200e+01  6.600000e+01
   endloop
 endfacet
 facet normal -1.199506e-14  5.752773e-14 -1.000000e+00
   outer loop
     vertex  2.074649e+02  8.725654e+01  6.600000e+01
     vertex  1.993911e+02  8.483200e+01  6.600000e+01
     vertex  1.991929e+02  8.528473e+01  6.600000e+01
   endloop
 endfacet
 facet normal  8.755434e-15 -2.952306e-14 -1.000000e+00
   outer loop
     vertex  2.074649e+02  8.725654e+01  6.600000e+01
     vertex  1.991929e+02  8.528473e+01  6.600000e+01
     vertex  1.988922e+02  8.567689e+01  6.600000e+01
   endloop
 endfacet
 facet normal  2.694878e-15  3.367399e-15 -1.000000e+00
   outer loop
     vertex  2.074649e+02  8.725654e+01  6.600000e+01
     vertex  1.988922e+02  8.567689e+01  6.600000e+01
     vertex  1.985063e+02  8.598568e+01  6.600000e+01
   endloop
 endfacet
 facet normal  3.368849e-15  1.530647e-14 -1.000000e+00
   outer loop
     vertex  1.698907e+02  1.075979e+02  6.600000e+01
     vertex  1.592079e+02  8.488170e+01  6.600000e+01
     vertex  1.553789e+02  8.665285e+01  6.600000e+01
   endloop
 endfacet
 facet normal -4.305484e-15  1.891550e-14 -1.000000e+00
   outer loop
     vertex  1.709792e+02  1.070943e+02  6.600000e+01
     vertex  1.592079e+02  8.488170e+01  6.600000e+01
     vertex  1.698907e+02  1.075979e+02  6.600000e+01
   endloop
 endfacet
 facet normal  2.784086e-16  1.648633e-14 -1.000000e+00
   outer loop
     vertex  1.709792e+02  1.070943e+02  6.600000e+01
     vertex  1.770416e+02  8.544251e+01  6.600000e+01
     vertex  1.592079e+02  8.488170e+01  6.600000e+01
   endloop
 endfacet
 facet normal -6.810046e-16  1.811242e-14 -1.000000e+00
   outer loop
     vertex  1.689543e+02  1.083472e+02  6.600000e+01
     vertex  1.698907e+02  1.075979e+02  6.600000e+01
     vertex  1.553789e+02  8.665285e+01  6.600000e+01
   endloop
 endfacet
 facet normal  3.365549e-15  1.735071e-14 -1.000000e+00
   outer loop
     vertex  1.721566e+02  1.068660e+02  6.600000e+01
     vertex  1.770416e+02  8.544251e+01  6.600000e+01
     vertex  1.709792e+02  1.070943e+02  6.600000e+01
   endloop
 endfacet
 facet normal -5.855531e-16  1.644977e-14 -1.000000e+00
   outer loop
     vertex  1.721566e+02  1.068660e+02  6.600000e+01
     vertex  1.785985e+02  8.636183e+01  6.600000e+01
     vertex  1.770416e+02  8.544251e+01  6.600000e+01
   endloop
 endfacet
 facet normal  1.977719e-15  1.644871e-14 -1.000000e+00
   outer loop
     vertex  1.682244e+02  1.092989e+02  6.600000e+01
     vertex  1.689543e+02  1.083472e+02  6.600000e+01
     vertex  1.553789e+02  8.665285e+01  6.600000e+01
   endloop
 endfacet
 facet normal -3.111930e-15  1.933571e-14 -1.000000e+00
   outer loop
     vertex  1.682244e+02  1.092989e+02  6.600000e+01
     vertex  1.553789e+02  8.665285e+01  6.600000e+01
     vertex  1.512373e+02  8.745620e+01  6.600000e+01
   endloop
 endfacet
 facet normal -8.206027e-16  1.637593e-14 -1.000000e+00
   outer loop
     vertex  1.733544e+02  1.069260e+02  6.600000e+01
     vertex  1.785985e+02  8.636183e+01  6.600000e+01
     vertex  1.721566e+02  1.068660e+02  6.600000e+01
   endloop
 endfacet
 facet normal -7.143625e-16  1.718883e-14 -1.000000e+00
   outer loop
     vertex  1.591013e+02  1.167193e+02  6.600000e+01
     vertex  1.512373e+02  8.745620e+01  6.600000e+01
     vertex  1.370051e+02  1.158010e+02  6.600000e+01
   endloop
 endfacet
 facet normal  3.651898e-14  1.045564e-14 -1.000000e+00
   outer loop
     vertex  1.842066e+02  1.032437e+02  6.600000e+01
     vertex  1.803302e+02  8.688184e+01  6.600000e+01
     vertex  1.837581e+02  1.034512e+02  6.600000e+01
   endloop
 endfacet
 facet normal -9.689999e-16  1.933734e-14 -1.000000e+00
   outer loop
     vertex  1.842066e+02  1.032437e+02  6.600000e+01
     vertex  1.821360e+02  8.697233e+01  6.600000e+01
     vertex  1.803302e+02  8.688184e+01  6.600000e+01
   endloop
 endfacet
 facet normal -4.122402e-16  1.723616e-14 -1.000000e+00
   outer loop
     vertex  1.595498e+02  1.165118e+02  6.600000e+01
     vertex  1.682244e+02  1.092989e+02  6.600000e+01
     vertex  1.512373e+02  8.745620e+01  6.600000e+01
   endloop
 endfacet
 facet normal  6.992880e-15  1.511762e-14 -1.000000e+00
   outer loop
     vertex  1.595498e+02  1.165118e+02  6.600000e+01
     vertex  1.512373e+02  8.745620e+01  6.600000e+01
     vertex  1.591013e+02  1.167193e+02  6.600000e+01
   endloop
 endfacet
 facet normal -6.271845e-15  1.018905e-14 -1.000000e+00
   outer loop
     vertex  1.595498e+02  1.165118e+02  6.600000e+01
     vertex  1.677435e+02  1.103977e+02  6.600000e+01
     vertex  1.682244e+02  1.092989e+02  6.600000e+01
   endloop
 endfacet
 facet normal -4.706210e-16  1.646518e-14 -1.000000e+00
   outer loop
     vertex  1.833723e+02  1.037600e+02  6.600000e+01
     vertex  1.785985e+02  8.636183e+01  6.600000e+01
     vertex  1.733544e+02  1.069260e+02  6.600000e+01
   endloop
 endfacet
 facet normal  1.236635e-14  1.545244e-14 -1.000000e+00
   outer loop
     vertex  1.833723e+02  1.037600e+02  6.600000e+01
     vertex  1.837581e+02  1.034512e+02  6.600000e+01
     vertex  1.803302e+02  8.688184e+01  6.600000e+01
   endloop
 endfacet
 facet normal -1.428958e-14  2.025685e-14 -1.000000e+00
   outer loop
     vertex  1.833723e+02  1.037600e+02  6.600000e+01
     vertex  1.803302e+02  8.688184e+01  6.600000e+01
     vertex  1.785985e+02  8.636183e+01  6.600000e+01
   endloop
 endfacet
 facet normal  2.464900e-15 -4.360988e-14 -1.000000e+00
   outer loop
     vertex  1.587154e+02  1.170281e+02  6.600000e+01
     vertex  1.370051e+02  1.158010e+02  6.600000e+01
     vertex  1.373582e+02  1.161468e+02  6.600000e+01
   endloop
 endfacet
 facet normal  0.000000e+00 -0.000000e+00 -1.000000e+00
   outer loop
     vertex  1.587154e+02  1.170281e+02  6.600000e+01
     vertex  1.591013e+02  1.167193e+02  6.600000e+01
     vertex  1.370051e+02  1.158010e+02  6.600000e+01
   endloop
 endfacet
 facet normal  3.637195e-15  1.875115e-14 -1.000000e+00
   outer loop
     vertex  1.846918e+02  1.031496e+02  6.600000e+01
     vertex  1.821360e+02  8.697233e+01  6.600000e+01
     vertex  1.842066e+02  1.032437e+02  6.600000e+01
   endloop
 endfacet
 facet normal  3.637195e-15  1.875115e-14 -1.000000e+00
   outer loop
     vertex  1.846918e+02  1.031496e+02  6.600000e+01
     vertex  1.839109e+02  8.662803e+01  6.600000e+01
     vertex  1.821360e+02  8.697233e+01  6.600000e+01
   endloop
 endfacet
 facet normal  4.873615e-15  2.512538e-14 -1.000000e+00
   outer loop
     vertex  1.600350e+02  1.164177e+02  6.600000e+01
     vertex  1.677435e+02  1.103977e+02  6.600000e+01
     vertex  1.595498e+02  1.165118e+02  6.600000e+01
   endloop
 endfacet
 facet normal  7.626570e-15  4.208619e-14 -1.000000e+00
   outer loop
     vertex  1.830715e+02  1.041521e+02  6.600000e+01
     vertex  1.833723e+02  1.037600e+02  6.600000e+01
     vertex  1.733544e+02  1.069260e+02  6.600000e+01
   endloop
 endfacet
 facet normal  9.809011e-15  4.973152e-14 -1.000000e+00
   outer loop
     vertex  1.830715e+02  1.041521e+02  6.600000e+01
     vertex  1.733544e+02  1.069260e+02  6.600000e+01
     vertex  1.745031e+02  1.072709e+02  6.600000e+01
   endloop
 endfacet
 facet normal -2.846763e-15  6.939035e-14 -1.000000e+00
   outer loop
     vertex  1.584147e+02  1.174202e+02  6.600000e+01
     vertex  1.373582e+02  1.161468e+02  6.600000e+01
     vertex  1.376182e+02  1.165670e+02  6.600000e+01
   endloop
 endfacet
 facet normal -8.044554e-16  3.562055e-14 -1.000000e+00
   outer loop
     vertex  1.584147e+02  1.174202e+02  6.600000e+01
     vertex  1.587154e+02  1.170281e+02  6.600000e+01
     vertex  1.373582e+02  1.161468e+02  6.600000e+01
   endloop
 endfacet
 facet normal -9.504917e-16  1.896799e-14 -1.000000e+00
   outer loop
     vertex  1.851854e+02  1.031743e+02  6.600000e+01
     vertex  1.839109e+02  8.662803e+01  6.600000e+01
     vertex  1.846918e+02  1.031496e+02  6.600000e+01
   endloop
 endfacet
 facet normal  5.132767e-15  2.493394e-14 -1.000000e+00
   outer loop
     vertex  1.605286e+02  1.164424e+02  6.600000e+01
     vertex  1.675396e+02  1.115795e+02  6.600000e+01
     vertex  1.677435e+02  1.103977e+02  6.600000e+01
   endloop
 endfacet
 facet normal -8.892626e-16  1.774610e-14 -1.000000e+00
   outer loop
     vertex  1.605286e+02  1.164424e+02  6.600000e+01
     vertex  1.677435e+02  1.103977e+02  6.600000e+01
     vertex  1.600350e+02  1.164177e+02  6.600000e+01
   endloop
 endfacet
 facet normal -9.863999e-15 -4.317256e-15 -1.000000e+00
   outer loop
     vertex  1.828734e+02  1.046049e+02  6.600000e+01
     vertex  1.830715e+02  1.041521e+02  6.600000e+01
     vertex  1.745031e+02  1.072709e+02  6.600000e+01
   endloop
 endfacet
 facet normal -1.033603e-14 -5.799246e-15 -1.000000e+00
   outer loop
     vertex  1.828734e+02  1.046049e+02  6.600000e+01
     vertex  1.745031e+02  1.072709e+02  6.600000e+01
     vertex  1.755358e+02  1.078807e+02  6.600000e+01
   endloop
 endfacet
 facet normal  1.955853e-15 -3.084980e-14 -1.000000e+00
   outer loop
     vertex  1.582166e+02  1.178730e+02  6.600000e+01
     vertex  1.376182e+02  1.165670e+02  6.600000e+01
     vertex  1.377701e+02  1.170373e+02  6.600000e+01
   endloop
 endfacet
 facet normal  0.000000e+00 -0.000000e+00 -1.000000e+00
   outer loop
     vertex  1.582166e+02  1.178730e+02  6.600000e+01
     vertex  1.584147e+02  1.174202e+02  6.600000e+01
     vertex  1.376182e+02  1.165670e+02  6.600000e+01
   endloop
 endfacet
 facet normal -3.654311e-14  2.170947e-14 -1.000000e+00
   outer loop
     vertex  1.856587e+02  1.033165e+02  6.600000e+01
     vertex  1.839109e+02  8.662803e+01  6.600000e+01
     vertex  1.851854e+02  1.031743e+02  6.600000e+01
   endloop
 endfacet
 facet normal -2.536626e-19  1.791882e-14 -1.000000e+00
   outer loop
     vertex  1.856587e+02  1.033165e+02  6.600000e+01
     vertex  1.961802e+02  8.586912e+01  6.600000e+01
     vertex  1.855519e+02  8.586897e+01  6.600000e+01
   endloop
 endfacet
 facet normal -3.702397e-16  1.792109e-14 -1.000000e+00
   outer loop
     vertex  1.856587e+02  1.033165e+02  6.600000e+01
     vertex  1.855519e+02  8.586897e+01  6.600000e+01
     vertex  1.839109e+02  8.662803e+01  6.600000e+01
   endloop
 endfacet
 facet normal -3.745023e-15  1.214407e-14 -1.000000e+00
   outer loop
     vertex  1.610019e+02  1.165846e+02  6.600000e+01
     vertex  1.676244e+02  1.127759e+02  6.600000e+01
     vertex  1.675396e+02  1.115795e+02  6.600000e+01
   endloop
 endfacet
 facet normal -3.674495e-15  1.223620e-14 -1.000000e+00
   outer loop
     vertex  1.610019e+02  1.165846e+02  6.600000e+01
     vertex  1.675396e+02  1.115795e+02  6.600000e+01
     vertex  1.605286e+02  1.164424e+02  6.600000e+01
   endloop
 endfacet
 facet normal  5.721552e-15  3.016778e-14 -1.000000e+00
   outer loop
     vertex  1.827893e+02  1.050919e+02  6.600000e+01
     vertex  1.828734e+02  1.046049e+02  6.600000e+01
     vertex  1.755358e+02  1.078807e+02  6.600000e+01
   endloop
 endfacet
 facet normal -4.788997e-16  2.886134e-14 -1.000000e+00
   outer loop
     vertex  1.581325e+02  1.183600e+02  6.600000e+01
     vertex  1.377701e+02  1.170373e+02  6.600000e+01
     vertex  1.378050e+02  1.175303e+02  6.600000e+01
   endloop
 endfacet
 facet normal -4.940819e-16  2.909507e-14 -1.000000e+00
   outer loop
     vertex  1.581325e+02  1.183600e+02  6.600000e+01
     vertex  1.582166e+02  1.178730e+02  6.600000e+01
     vertex  1.377701e+02  1.170373e+02  6.600000e+01
   endloop
 endfacet
 facet normal  4.545395e-16  1.646893e-14 -1.000000e+00
   outer loop
     vertex  1.763926e+02  1.087200e+02  6.600000e+01
     vertex  1.827893e+02  1.050919e+02  6.600000e+01
     vertex  1.755358e+02  1.078807e+02  6.600000e+01
   endloop
 endfacet
 facet normal -7.802471e-15  1.321377e-14 -1.000000e+00
   outer loop
     vertex  1.860843e+02  1.035678e+02  6.600000e+01
     vertex  1.961802e+02  8.586912e+01  6.600000e+01
     vertex  1.856587e+02  1.033165e+02  6.600000e+01
   endloop
 endfacet
 facet normal  4.215762e-14  4.171272e-14 -1.000000e+00
   outer loop
     vertex  1.860843e+02  1.035678e+02  6.600000e+01
     vertex  1.966057e+02  8.612040e+01  6.600000e+01
     vertex  1.961802e+02  8.586912e+01  6.600000e+01
   endloop
 endfacet
 facet normal -5.435349e-15  9.204962e-15 -1.000000e+00
   outer loop
     vertex  1.614274e+02  1.168358e+02  6.600000e+01
     vertex  1.676244e+02  1.127759e+02  6.600000e+01
     vertex  1.610019e+02  1.165846e+02  6.600000e+01
   endloop
 endfacet
 facet normal  2.289411e-14  5.603204e-14 -1.000000e+00
   outer loop
     vertex  1.828243e+02  1.055848e+02  6.600000e+01
     vertex  1.827893e+02  1.050919e+02  6.600000e+01
     vertex  1.763926e+02  1.087200e+02  6.600000e+01
   endloop
 endfacet
 facet normal  2.070479e-15  3.573282e-16 -1.000000e+00
   outer loop
     vertex  1.581674e+02  1.188529e+02  6.600000e+01
     vertex  1.378050e+02  1.175303e+02  6.600000e+01
     vertex  1.377210e+02  1.180173e+02  6.600000e+01
   endloop
 endfacet
 facet normal -1.658924e-15  5.777237e-14 -1.000000e+00
   outer loop
     vertex  1.581674e+02  1.188529e+02  6.600000e+01
     vertex  1.581325e+02  1.183600e+02  6.600000e+01
     vertex  1.378050e+02  1.175303e+02  6.600000e+01
   endloop
 endfacet
 facet normal  2.539421e-14  5.626166e-14 -1.000000e+00
   outer loop
     vertex  1.617805e+02  1.171816e+02  6.600000e+01
     vertex  1.676244e+02  1.127759e+02  6.600000e+01
     vertex  1.614274e+02  1.168358e+02  6.600000e+01
   endloop
 endfacet
 facet normal  1.409481e-15  2.444806e-14 -1.000000e+00
   outer loop
     vertex  1.679930e+02  1.139171e+02  6.600000e+01
     vertex  1.676244e+02  1.127759e+02  6.600000e+01
     vertex  1.617805e+02  1.171816e+02  6.600000e+01
   endloop
 endfacet
 facet normal -2.158535e-14  2.194142e-14 -1.000000e+00
   outer loop
     vertex  1.397959e+02  1.291259e+02  6.600000e+01
     vertex  1.377210e+02  1.180173e+02  6.600000e+01
     vertex  1.375228e+02  1.184700e+02  6.600000e+01
   endloop
 endfacet
 facet normal  1.768712e-14  1.356400e-14 -1.000000e+00
   outer loop
     vertex  1.397959e+02  1.291259e+02  6.600000e+01
     vertex  1.375228e+02  1.184700e+02  6.600000e+01
     vertex  1.372221e+02  1.188622e+02  6.600000e+01
   endloop
 endfacet
 facet normal -1.867700e-14  2.268292e-14 -1.000000e+00
   outer loop
     vertex  1.397959e+02  1.291259e+02  6.600000e+01
     vertex  1.372221e+02  1.188622e+02  6.600000e+01
     vertex  1.368362e+02  1.191710e+02  6.600000e+01
   endloop
 endfacet
 facet normal  6.965842e-15  1.505917e-14 -1.000000e+00
   outer loop
     vertex  1.397959e+02  1.291259e+02  6.600000e+01
     vertex  1.368362e+02  1.191710e+02  6.600000e+01
     vertex  1.363877e+02  1.193784e+02  6.600000e+01
   endloop
 endfacet
 facet normal  3.177957e-15  1.638360e-14 -1.000000e+00
   outer loop
     vertex  1.397959e+02  1.291259e+02  6.600000e+01
     vertex  1.363877e+02  1.193784e+02  6.600000e+01
     vertex  1.359025e+02  1.194725e+02  6.600000e+01
   endloop
 endfacet
 facet normal -9.034742e-16  1.802971e-14 -1.000000e+00
   outer loop
     vertex  1.397959e+02  1.291259e+02  6.600000e+01
     vertex  1.359025e+02  1.194725e+02  6.600000e+01
     vertex  1.354090e+02  1.194478e+02  6.600000e+01
   endloop
 endfacet
 facet normal -1.877811e-16  1.770529e-14 -1.000000e+00
   outer loop
     vertex  1.397959e+02  1.291259e+02  6.600000e+01
     vertex  1.354090e+02  1.194478e+02  6.600000e+01
     vertex  1.259427e+02  1.249658e+02  6.600000e+01
   endloop
 endfacet
 facet normal -1.654417e-14 -2.487427e-14 -1.000000e+00
   outer loop
     vertex  1.829762e+02  1.060551e+02  6.600000e+01
     vertex  1.828243e+02  1.055848e+02  6.600000e+01
     vertex  1.763926e+02  1.087200e+02  6.600000e+01
   endloop
 endfacet
 facet normal -2.203999e-14 -2.017749e-14 -1.000000e+00
   outer loop
     vertex  1.620405e+02  1.176019e+02  6.600000e+01
     vertex  1.679930e+02  1.139171e+02  6.600000e+01
     vertex  1.617805e+02  1.171816e+02  6.600000e+01
   endloop
 endfacet
 facet normal  8.352479e-15  3.663281e-14 -1.000000e+00
   outer loop
     vertex  1.770237e+02  1.097399e+02  6.600000e+01
     vertex  1.829762e+02  1.060551e+02  6.600000e+01
     vertex  1.763926e+02  1.087200e+02  6.600000e+01
   endloop
 endfacet
 facet normal  1.991298e-14  5.530802e-14 -1.000000e+00
   outer loop
     vertex  1.832362e+02  1.064754e+02  6.600000e+01
     vertex  1.829762e+02  1.060551e+02  6.600000e+01
     vertex  1.770237e+02  1.097399e+02  6.600000e+01
   endloop
 endfacet
 facet normal  5.090398e-15  2.857385e-14 -1.000000e+00
   outer loop
     vertex  1.686241e+02  1.149370e+02  6.600000e+01
     vertex  1.620405e+02  1.176019e+02  6.600000e+01
     vertex  1.621924e+02  1.180722e+02  6.600000e+01
   endloop
 endfacet
 facet normal -6.682677e-16  1.434709e-14 -1.000000e+00
   outer loop
     vertex  1.686241e+02  1.149370e+02  6.600000e+01
     vertex  1.679930e+02  1.139171e+02  6.600000e+01
     vertex  1.620405e+02  1.176019e+02  6.600000e+01
   endloop
 endfacet
 facet normal -8.542934e-15  6.055266e-16 -1.000000e+00
   outer loop
     vertex  1.622274e+02  1.185651e+02  6.600000e+01
     vertex  1.686241e+02  1.149370e+02  6.600000e+01
     vertex  1.621924e+02  1.180722e+02  6.600000e+01
   endloop
 endfacet
 facet normal -5.435349e-15  9.204962e-15 -1.000000e+00
   outer loop
     vertex  1.773923e+02  1.108812e+02  6.600000e+01
     vertex  1.840148e+02  1.070725e+02  6.600000e+01
     vertex  1.835892e+02  1.068212e+02  6.600000e+01
   endloop
 endfacet
 facet normal -2.300300e-14 -1.760943e-14 -1.000000e+00
   outer loop
     vertex  1.773923e+02  1.108812e+02  6.600000e+01
     vertex  1.835892e+02  1.068212e+02  6.600000e+01
     vertex  1.832362e+02  1.064754e+02  6.600000e+01
   endloop
 endfacet
 facet normal -7.822184e-15  2.526575e-15 -1.000000e+00
   outer loop
     vertex  1.773923e+02  1.108812e+02  6.600000e+01
     vertex  1.832362e+02  1.064754e+02  6.600000e+01
     vertex  1.770237e+02  1.097399e+02  6.600000e+01
   endloop
 endfacet
 facet normal  4.545395e-16  1.646893e-14 -1.000000e+00
   outer loop
     vertex  1.694808e+02  1.157763e+02  6.600000e+01
     vertex  1.686241e+02  1.149370e+02  6.600000e+01
     vertex  1.622274e+02  1.185651e+02  6.600000e+01
   endloop
 endfacet
 facet normal  5.721552e-15  3.016778e-14 -1.000000e+00
   outer loop
     vertex  1.694808e+02  1.157763e+02  6.600000e+01
     vertex  1.622274e+02  1.185651e+02  6.600000e+01
     vertex  1.621433e+02  1.190522e+02  6.600000e+01
   endloop
 endfacet
 facet normal  9.382970e-15  3.497080e-14 -1.000000e+00
   outer loop
     vertex  1.774771e+02  1.120775e+02  6.600000e+01
     vertex  1.840148e+02  1.070725e+02  6.600000e+01
     vertex  1.773923e+02  1.108812e+02  6.600000e+01
   endloop
 endfacet
 facet normal  3.823043e-14  7.265204e-14 -1.000000e+00
   outer loop
     vertex  1.774771e+02  1.120775e+02  6.600000e+01
     vertex  1.844881e+02  1.072146e+02  6.600000e+01
     vertex  1.840148e+02  1.070725e+02  6.600000e+01
   endloop
 endfacet
 facet normal  1.513061e-15  2.074127e-14 -1.000000e+00
   outer loop
     vertex  1.705136e+02  1.163861e+02  6.600000e+01
     vertex  1.694808e+02  1.157763e+02  6.600000e+01
     vertex  1.621433e+02  1.190522e+02  6.600000e+01
   endloop
 endfacet
 facet normal -1.381539e-14 -2.384292e-15 -1.000000e+00
   outer loop
     vertex  1.772731e+02  1.132594e+02  6.600000e+01
     vertex  1.844881e+02  1.072146e+02  6.600000e+01
     vertex  1.774771e+02  1.120775e+02  6.600000e+01
   endloop
 endfacet
 facet normal  1.192724e-14  7.001023e-14 -1.000000e+00
   outer loop
     vertex  2.016653e+02  1.005073e+02  6.600000e+01
     vertex  1.860843e+02  1.035678e+02  6.600000e+01
     vertex  1.864373e+02  1.039136e+02  6.600000e+01
   endloop
 endfacet
 facet normal -9.923159e-15 -2.767464e-14 -1.000000e+00
   outer loop
     vertex  2.016653e+02  1.005073e+02  6.600000e+01
     vertex  1.864373e+02  1.039136e+02  6.600000e+01
     vertex  1.866973e+02  1.043338e+02  6.600000e+01
   endloop
 endfacet
 facet normal  1.164076e-14  5.667613e-14 -1.000000e+00
   outer loop
     vertex  2.016653e+02  1.005073e+02  6.600000e+01
     vertex  1.866973e+02  1.043338e+02  6.600000e+01
     vertex  1.868492e+02  1.048041e+02  6.600000e+01
   endloop
 endfacet
 facet normal  4.087208e-16  1.948303e-14 -1.000000e+00
   outer loop
     vertex  2.016653e+02  1.005073e+02  6.600000e+01
     vertex  2.074649e+02  8.725654e+01  6.600000e+01
     vertex  1.985063e+02  8.598568e+01  6.600000e+01
   endloop
 endfacet
 facet normal  1.560368e-15  1.723094e-14 -1.000000e+00
   outer loop
     vertex  2.016653e+02  1.005073e+02  6.600000e+01
     vertex  1.966057e+02  8.612040e+01  6.600000e+01
     vertex  1.860843e+02  1.035678e+02  6.600000e+01
   endloop
 endfacet
 facet normal -2.056040e-14  2.404456e-14 -1.000000e+00
   outer loop
     vertex  2.016653e+02  1.005073e+02  6.600000e+01
     vertex  1.985063e+02  8.598568e+01  6.600000e+01
     vertex  1.980578e+02  8.619316e+01  6.600000e+01
   endloop
 endfacet
 facet normal  3.488332e-15  1.798371e-14 -1.000000e+00
   outer loop
     vertex  2.016653e+02  1.005073e+02  6.600000e+01
     vertex  1.980578e+02  8.619316e+01  6.600000e+01
     vertex  1.975726e+02  8.628727e+01  6.600000e+01
   endloop
 endfacet
 facet normal -9.654019e-16  1.926553e-14 -1.000000e+00
   outer loop
     vertex  2.016653e+02  1.005073e+02  6.600000e+01
     vertex  1.975726e+02  8.628727e+01  6.600000e+01
     vertex  1.970790e+02  8.626253e+01  6.600000e+01
   endloop
 endfacet
 facet normal -3.953860e-14  3.168455e-14 -1.000000e+00
   outer loop
     vertex  2.016653e+02  1.005073e+02  6.600000e+01
     vertex  1.970790e+02  8.626253e+01  6.600000e+01
     vertex  1.966057e+02  8.612040e+01  6.600000e+01
   endloop
 endfacet
 facet normal  1.430444e-15  1.601767e-14 -1.000000e+00
   outer loop
     vertex  1.542422e+02  1.298498e+02  6.600000e+01
     vertex  1.581674e+02  1.188529e+02  6.600000e+01
     vertex  1.377210e+02  1.180173e+02  6.600000e+01
   endloop
 endfacet
 facet normal -8.119651e-16  1.620355e-14 -1.000000e+00
   outer loop
     vertex  1.542422e+02  1.298498e+02  6.600000e+01
     vertex  1.603249e+02  1.205074e+02  6.600000e+01
     vertex  1.598313e+02  1.204827e+02  6.600000e+01
   endloop
 endfacet
 facet normal -2.971151e-14 -1.039979e-15 -1.000000e+00
   outer loop
     vertex  1.542422e+02  1.298498e+02  6.600000e+01
     vertex  1.598313e+02  1.204827e+02  6.600000e+01
     vertex  1.593580e+02  1.203406e+02  6.600000e+01
   endloop
 endfacet
 facet normal  4.398985e-14  3.860977e-14 -1.000000e+00
   outer loop
     vertex  1.542422e+02  1.298498e+02  6.600000e+01
     vertex  1.593580e+02  1.203406e+02  6.600000e+01
     vertex  1.589324e+02  1.200893e+02  6.600000e+01
   endloop
 endfacet
 facet normal -1.163638e-14  1.187971e-14 -1.000000e+00
   outer loop
     vertex  1.542422e+02  1.298498e+02  6.600000e+01
     vertex  1.589324e+02  1.200893e+02  6.600000e+01
     vertex  1.585794e+02  1.197435e+02  6.600000e+01
   endloop
 endfacet
 facet normal  1.616671e-14  2.381151e-14 -1.000000e+00
   outer loop
     vertex  1.542422e+02  1.298498e+02  6.600000e+01
     vertex  1.585794e+02  1.197435e+02  6.600000e+01
     vertex  1.583193e+02  1.193232e+02  6.600000e+01
   endloop
 endfacet
 facet normal -6.724847e-14 -8.496717e-15 -1.000000e+00
   outer loop
     vertex  1.542422e+02  1.298498e+02  6.600000e+01
     vertex  1.583193e+02  1.193232e+02  6.600000e+01
     vertex  1.581674e+02  1.188529e+02  6.600000e+01
   endloop
 endfacet
 facet normal  8.706179e-17  1.789336e-14 -1.000000e+00
   outer loop
     vertex  1.542422e+02  1.298498e+02  6.600000e+01
     vertex  1.377210e+02  1.180173e+02  6.600000e+01
     vertex  1.397959e+02  1.291259e+02  6.600000e+01
   endloop
 endfacet
 facet normal  2.972173e-16  1.756153e-14 -1.000000e+00
   outer loop
     vertex  1.928631e+02  1.119852e+02  6.600000e+01
     vertex  2.016653e+02  1.005073e+02  6.600000e+01
     vertex  1.868492e+02  1.048041e+02  6.600000e+01
   endloop
 endfacet
 facet normal  6.083856e-14 -3.313965e-14 -1.000000e+00
   outer loop
     vertex  1.928631e+02  1.119852e+02  6.600000e+01
     vertex  1.868492e+02  1.048041e+02  6.600000e+01
     vertex  1.868842e+02  1.052971e+02  6.600000e+01
   endloop
 endfacet
 facet normal -7.437386e-15  2.789678e-14 -1.000000e+00
   outer loop
     vertex  1.928631e+02  1.119852e+02  6.600000e+01
     vertex  1.868842e+02  1.052971e+02  6.600000e+01
     vertex  1.868001e+02  1.057841e+02  6.600000e+01
   endloop
 endfacet
 facet normal  1.457182e-14  6.377764e-15 -1.000000e+00
   outer loop
     vertex  1.928631e+02  1.119852e+02  6.600000e+01
     vertex  1.868001e+02  1.057841e+02  6.600000e+01
     vertex  1.866020e+02  1.062368e+02  6.600000e+01
   endloop
 endfacet
 facet normal -7.536288e-15  3.045800e-14 -1.000000e+00
   outer loop
     vertex  1.928631e+02  1.119852e+02  6.600000e+01
     vertex  1.866020e+02  1.062368e+02  6.600000e+01
     vertex  1.863012e+02  1.066290e+02  6.600000e+01
   endloop
 endfacet
 facet normal  8.577074e-15  1.071753e-14 -1.000000e+00
   outer loop
     vertex  1.928631e+02  1.119852e+02  6.600000e+01
     vertex  1.863012e+02  1.066290e+02  6.600000e+01
     vertex  1.859154e+02  1.069378e+02  6.600000e+01
   endloop
 endfacet
 facet normal -3.234913e-14  6.705225e-14 -1.000000e+00
   outer loop
     vertex  1.928631e+02  1.119852e+02  6.600000e+01
     vertex  1.859154e+02  1.069378e+02  6.600000e+01
     vertex  1.854668e+02  1.071452e+02  6.600000e+01
   endloop
 endfacet
 facet normal  2.635874e-15  1.358895e-14 -1.000000e+00
   outer loop
     vertex  1.928631e+02  1.119852e+02  6.600000e+01
     vertex  1.854668e+02  1.071452e+02  6.600000e+01
     vertex  1.849817e+02  1.072393e+02  6.600000e+01
   endloop
 endfacet
 facet normal  3.793048e-15  1.955464e-14 -1.000000e+00
   outer loop
     vertex  1.684419e+02  1.270955e+02  6.600000e+01
     vertex  1.740375e+02  1.165627e+02  6.600000e+01
     vertex  1.728601e+02  1.167911e+02  6.600000e+01
   endloop
 endfacet
 facet normal -8.794970e-16  1.755122e-14 -1.000000e+00
   outer loop
     vertex  1.684419e+02  1.270955e+02  6.600000e+01
     vertex  1.728601e+02  1.167911e+02  6.600000e+01
     vertex  1.716623e+02  1.167310e+02  6.600000e+01
   endloop
 endfacet
 facet normal -4.895836e-15  1.630330e-14 -1.000000e+00
   outer loop
     vertex  1.684419e+02  1.270955e+02  6.600000e+01
     vertex  1.716623e+02  1.167310e+02  6.600000e+01
     vertex  1.705136e+02  1.163861e+02  6.600000e+01
   endloop
 endfacet
 facet normal  4.274994e-16  1.733307e-14 -1.000000e+00
   outer loop
     vertex  1.684419e+02  1.270955e+02  6.600000e+01
     vertex  1.705136e+02  1.163861e+02  6.600000e+01
     vertex  1.621433e+02  1.190522e+02  6.600000e+01
   endloop
 endfacet
 facet normal  2.783857e-16  1.691346e-14 -1.000000e+00
   outer loop
     vertex  1.684419e+02  1.270955e+02  6.600000e+01
     vertex  1.603249e+02  1.205074e+02  6.600000e+01
     vertex  1.542422e+02  1.298498e+02  6.600000e+01
   endloop
 endfacet
 facet normal -3.695229e-14  4.660450e-14 -1.000000e+00
   outer loop
     vertex  1.684419e+02  1.270955e+02  6.600000e+01
     vertex  1.621433e+02  1.190522e+02  6.600000e+01
     vertex  1.619452e+02  1.195049e+02  6.600000e+01
   endloop
 endfacet
 facet normal  3.155992e-14 -1.203462e-14 -1.000000e+00
   outer loop
     vertex  1.684419e+02  1.270955e+02  6.600000e+01
     vertex  1.619452e+02  1.195049e+02  6.600000e+01
     vertex  1.616444e+02  1.198970e+02  6.600000e+01
   endloop
 endfacet
 facet normal  8.098709e-15  1.011979e-14 -1.000000e+00
   outer loop
     vertex  1.684419e+02  1.270955e+02  6.600000e+01
     vertex  1.616444e+02  1.198970e+02  6.600000e+01
     vertex  1.612586e+02  1.202058e+02  6.600000e+01
   endloop
 endfacet
 facet normal -3.695532e-14  5.709432e-14 -1.000000e+00
   outer loop
     vertex  1.684419e+02  1.270955e+02  6.600000e+01
     vertex  1.612586e+02  1.202058e+02  6.600000e+01
     vertex  1.608100e+02  1.204133e+02  6.600000e+01
   endloop
 endfacet
 facet normal  2.634283e-14 -1.520004e-14 -1.000000e+00
   outer loop
     vertex  1.684419e+02  1.270955e+02  6.600000e+01
     vertex  1.608100e+02  1.204133e+02  6.600000e+01
     vertex  1.603249e+02  1.205074e+02  6.600000e+01
   endloop
 endfacet
 facet normal -2.365022e-15  2.311051e-14 -1.000000e+00
   outer loop
     vertex  1.815699e+02  1.210230e+02  6.600000e+01
     vertex  1.751260e+02  1.160592e+02  6.600000e+01
     vertex  1.740375e+02  1.165627e+02  6.600000e+01
   endloop
 endfacet
 facet normal  7.103318e-16  1.791694e-14 -1.000000e+00
   outer loop
     vertex  1.815699e+02  1.210230e+02  6.600000e+01
     vertex  1.740375e+02  1.165627e+02  6.600000e+01
     vertex  1.684419e+02  1.270955e+02  6.600000e+01
   endloop
 endfacet
 facet normal  2.403403e-15  1.697432e-14 -1.000000e+00
   outer loop
     vertex  1.815699e+02  1.210230e+02  6.600000e+01
     vertex  1.844881e+02  1.072146e+02  6.600000e+01
     vertex  1.772731e+02  1.132594e+02  6.600000e+01
   endloop
 endfacet
 facet normal  7.705736e-16  1.668667e-14 -1.000000e+00
   outer loop
     vertex  1.815699e+02  1.210230e+02  6.600000e+01
     vertex  1.928631e+02  1.119852e+02  6.600000e+01
     vertex  1.849817e+02  1.072393e+02  6.600000e+01
   endloop
 endfacet
 facet normal -8.164890e-16  1.629383e-14 -1.000000e+00
   outer loop
     vertex  1.815699e+02  1.210230e+02  6.600000e+01
     vertex  1.849817e+02  1.072393e+02  6.600000e+01
     vertex  1.844881e+02  1.072146e+02  6.600000e+01
   endloop
 endfacet
 facet normal  5.418462e-15  1.530564e-14 -1.000000e+00
   outer loop
     vertex  1.815699e+02  1.210230e+02  6.600000e+01
     vertex  1.772731e+02  1.132594e+02  6.600000e+01
     vertex  1.767923e+02  1.143581e+02  6.600000e+01
   endloop
 endfacet
 facet normal -1.725816e-14  3.156104e-14 -1.000000e+00
   outer loop
     vertex  1.815699e+02  1.210230e+02  6.600000e+01
     vertex  1.767923e+02  1.143581e+02  6.600000e+01
     vertex  1.760624e+02  1.153098e+02  6.600000e+01
   endloop
 endfacet
 facet normal  1.530920e-14  1.663162e-16 -1.000000e+00
   outer loop
     vertex  1.815699e+02  1.210230e+02  6.600000e+01
     vertex  1.760624e+02  1.153098e+02  6.600000e+01
     vertex  1.751260e+02  1.160592e+02  6.600000e+01
   endloop
 endfacet
 facet normal -9.160974e-01 -4.009557e-01 -6.531199e-15
   outer loop
     vertex  1.910777e+02  8.508411e+01  7.600000e+01
     vertex  1.921409e+02  8.265480e+01  6.900000e+01
     vertex  1.921409e+02  8.265480e+01  7.600000e+01
   endloop
 endfacet
 facet normal -9.160974e-01 -4.009557e-01 -1.185947e-14
   outer loop
     vertex  1.910777e+02  8.508411e+01  7.600000e+01
     vertex  1.910777e+02  8.508411e+01  6.900000e+01
     vertex  1.921409e+02  8.265480e+01  6.900000e+01
   endloop
 endfacet
 facet normal -7.935223e-01 -6.085412e-01 -1.557602e-14
   outer loop
     vertex  1.910777e+02  8.508411e+01  7.600000e+01
     vertex  1.894639e+02  8.718838e+01  6.900000e+01
     vertex  1.910777e+02  8.508411e+01  6.900000e+01
   endloop
 endfacet
 facet normal -7.935223e-01 -6.085412e-01 -1.111872e-14
   outer loop
     vertex  1.894639e+02  8.718838e+01  7.600000e+01
     vertex  1.894639e+02  8.718838e+01  6.900000e+01
     vertex  1.910777e+02  8.508411e+01  7.600000e+01
   endloop
 endfacet
 facet normal -6.248306e-01 -7.807604e-01 -1.268031e-14
   outer loop
     vertex  1.873935e+02  8.884531e+01  7.600000e+01
     vertex  1.873935e+02  8.884531e+01  6.900000e+01
     vertex  1.894639e+02  8.718838e+01  6.900000e+01
   endloop
 endfacet
 facet normal -4.198259e-01 -9.076046e-01 -1.474039e-14
   outer loop
     vertex  1.873935e+02  8.884531e+01  7.600000e+01
     vertex  1.849867e+02  8.995860e+01  6.900000e+01
     vertex  1.873935e+02  8.884531e+01  6.900000e+01
   endloop
 endfacet
 facet normal -6.248306e-01 -7.807604e-01 -1.425859e-14
   outer loop
     vertex  1.873935e+02  8.884531e+01  7.600000e+01
     vertex  1.894639e+02  8.718838e+01  6.900000e+01
     vertex  1.894639e+02  8.718838e+01  7.600000e+01
   endloop
 endfacet
 facet normal -4.198259e-01 -9.076046e-01 -2.013008e-14
   outer loop
     vertex  1.849867e+02  8.995860e+01  7.600000e+01
     vertex  1.849867e+02  8.995860e+01  6.900000e+01
     vertex  1.873935e+02  8.884531e+01  7.600000e+01
   endloop
 endfacet
 facet normal -1.904225e-01 -9.817022e-01 -1.948310e-14
   outer loop
     vertex  1.823834e+02  9.046357e+01  7.600000e+01
     vertex  1.823834e+02  9.046357e+01  6.900000e+01
     vertex  1.849867e+02  8.995860e+01  6.900000e+01
   endloop
 endfacet
 facet normal -1.904225e-01 -9.817022e-01 -2.070605e-14
   outer loop
     vertex  1.823834e+02  9.046357e+01  7.600000e+01
     vertex  1.849867e+02  8.995860e+01  6.900000e+01
     vertex  1.849867e+02  8.995860e+01  7.600000e+01
   endloop
 endfacet
 facet normal  5.004751e-02 -9.987468e-01 -1.824820e-14
   outer loop
     vertex  1.797349e+02  9.033085e+01  7.600000e+01
     vertex  1.797349e+02  9.033085e+01  6.900000e+01
     vertex  1.823834e+02  9.046357e+01  6.900000e+01
   endloop
 endfacet
 facet normal  2.876090e-01 -9.577479e-01 -1.749911e-14
   outer loop
     vertex  1.797349e+02  9.033085e+01  7.600000e+01
     vertex  1.771952e+02  8.956817e+01  6.900000e+01
     vertex  1.797349e+02  9.033085e+01  6.900000e+01
   endloop
 endfacet
 facet normal  5.004751e-02 -9.987468e-01 -1.784118e-14
   outer loop
     vertex  1.797349e+02  9.033085e+01  7.600000e+01
     vertex  1.823834e+02  9.046357e+01  6.900000e+01
     vertex  1.823834e+02  9.046357e+01  7.600000e+01
   endloop
 endfacet
 facet normal  2.876090e-01 -9.577479e-01 -1.438700e-14
   outer loop
     vertex  1.771952e+02  8.956817e+01  7.600000e+01
     vertex  1.771952e+02  8.956817e+01  6.900000e+01
     vertex  1.797349e+02  9.033085e+01  7.600000e+01
   endloop
 endfacet
 facet normal  5.084557e-01 -8.610882e-01 -1.748114e-14
   outer loop
     vertex  1.749117e+02  8.821984e+01  7.600000e+01
     vertex  1.749117e+02  8.821984e+01  6.900000e+01
     vertex  1.771952e+02  8.956817e+01  6.900000e+01
   endloop
 endfacet
 facet normal  5.084557e-01 -8.610882e-01 -1.191406e-14
   outer loop
     vertex  1.749117e+02  8.821984e+01  7.600000e+01
     vertex  1.771952e+02  8.956817e+01  6.900000e+01
     vertex  1.771952e+02  8.956817e+01  7.600000e+01
   endloop
 endfacet
 facet normal  6.997528e-01 -7.143851e-01 -1.450289e-14
   outer loop
     vertex  1.730173e+02  8.636423e+01  7.600000e+01
     vertex  1.730173e+02  8.636423e+01  6.900000e+01
     vertex  1.749117e+02  8.821984e+01  6.900000e+01
   endloop
 endfacet
 facet normal  6.997528e-01 -7.143851e-01 -1.449783e-14
   outer loop
     vertex  1.730173e+02  8.636423e+01  7.600000e+01
     vertex  1.749117e+02  8.821984e+01  6.900000e+01
     vertex  1.749117e+02  8.821984e+01  7.600000e+01
   endloop
 endfacet
 facet normal  8.503828e-01 -5.261646e-01 -9.613605e-15
   outer loop
     vertex  1.716220e+02  8.410918e+01  7.600000e+01
     vertex  1.716220e+02  8.410918e+01  6.900000e+01
     vertex  1.730173e+02  8.636423e+01  6.900000e+01
   endloop
 endfacet
 facet normal  8.503828e-01 -5.261646e-01 -1.067002e-14
   outer loop
     vertex  1.716220e+02  8.410918e+01  7.600000e+01
     vertex  1.730173e+02  8.636423e+01  6.900000e+01
     vertex  1.730173e+02  8.636423e+01  7.600000e+01
   endloop
 endfacet
 facet normal  9.515916e-01 -3.073653e-01 -4.991912e-15
   outer loop
     vertex  1.708070e+02  8.158574e+01  7.600000e+01
     vertex  1.708070e+02  8.158574e+01  6.900000e+01
     vertex  1.716220e+02  8.410918e+01  6.900000e+01
   endloop
 endfacet
 facet normal  9.515916e-01 -3.073653e-01 -5.622094e-15
   outer loop
     vertex  1.708070e+02  8.158574e+01  7.600000e+01
     vertex  1.716220e+02  8.410918e+01  6.900000e+01
     vertex  1.716220e+02  8.410918e+01  7.600000e+01
   endloop
 endfacet
 facet normal  9.974974e-01 -7.070302e-02 -1.148286e-15
   outer loop
     vertex  1.706195e+02  7.894057e+01  7.600000e+01
     vertex  1.706195e+02  7.894057e+01  6.900000e+01
     vertex  1.708070e+02  8.158574e+01  6.900000e+01
   endloop
 endfacet
 facet normal  9.974974e-01 -7.070302e-02 -1.148343e-15
   outer loop
     vertex  1.706195e+02  7.894057e+01  7.600000e+01
     vertex  1.708070e+02  8.158574e+01  6.900000e+01
     vertex  1.708070e+02  8.158574e+01  7.600000e+01
   endloop
 endfacet
 facet normal  9.854323e-01  1.700682e-01  3.452593e-15
   outer loop
     vertex  1.710705e+02  7.632740e+01  7.600000e+01
     vertex  1.710705e+02  7.632740e+01  6.900000e+01
     vertex  1.706195e+02  7.894057e+01  6.900000e+01
   endloop
 endfacet
 facet normal  9.854323e-01  1.700682e-01  2.763200e-15
   outer loop
     vertex  1.710705e+02  7.632740e+01  7.600000e+01
     vertex  1.706195e+02  7.894057e+01  6.900000e+01
     vertex  1.706195e+02  7.894057e+01  7.600000e+01
   endloop
 endfacet
 facet normal  8.542447e-15 -1.982639e-14  1.000000e+00
   outer loop
     vertex  1.793004e+02  7.235416e+01  6.900000e+01
     vertex  1.758179e+02  7.013689e+01  6.900000e+01
     vertex  1.782247e+02  6.902359e+01  6.900000e+01
   endloop
 endfacet
 facet normal  3.298670e-15 -1.159023e-14  1.000000e+00
   outer loop
     vertex  1.793004e+02  7.235416e+01  6.900000e+01
     vertex  1.776594e+02  7.311323e+01  6.900000e+01
     vertex  1.758179e+02  7.013689e+01  6.900000e+01
   endloop
 endfacet
 facet normal -1.118538e-16 -1.729300e-14  1.000000e+00
   outer loop
     vertex  1.762478e+02  7.424295e+01  6.900000e+01
     vertex  1.737474e+02  7.179382e+01  6.900000e+01
     vertex  1.758179e+02  7.013689e+01  6.900000e+01
   endloop
 endfacet
 facet normal  1.508751e-14 -1.888444e-14  1.000000e+00
   outer loop
     vertex  1.762478e+02  7.424295e+01  6.900000e+01
     vertex  1.758179e+02  7.013689e+01  6.900000e+01
     vertex  1.776594e+02  7.311323e+01  6.900000e+01
   endloop
 endfacet
 facet normal -7.721304e-15 -1.166400e-14  1.000000e+00
   outer loop
     vertex  1.810754e+02  7.200987e+01  6.900000e+01
     vertex  1.782247e+02  6.902359e+01  6.900000e+01
     vertex  1.808279e+02  6.851862e+01  6.900000e+01
   endloop
 endfacet
 facet normal -3.115363e-15 -1.606091e-14  1.000000e+00
   outer loop
     vertex  1.810754e+02  7.200987e+01  6.900000e+01
     vertex  1.793004e+02  7.235416e+01  6.900000e+01
     vertex  1.782247e+02  6.902359e+01  6.900000e+01
   endloop
 endfacet
 facet normal -3.746324e-15 -9.626352e-15  1.000000e+00
   outer loop
     vertex  1.751475e+02  7.567768e+01  6.900000e+01
     vertex  1.721337e+02  7.389808e+01  6.900000e+01
     vertex  1.737474e+02  7.179382e+01  6.900000e+01
   endloop
 endfacet
 facet normal -9.736674e-15 -7.466919e-15  1.000000e+00
   outer loop
     vertex  1.751475e+02  7.567768e+01  6.900000e+01
     vertex  1.737474e+02  7.179382e+01  6.900000e+01
     vertex  1.762478e+02  7.424295e+01  6.900000e+01
   endloop
 endfacet
 facet normal  6.138442e-15 -1.542168e-14  1.000000e+00
   outer loop
     vertex  1.828812e+02  7.210035e+01  6.900000e+01
     vertex  1.808279e+02  6.851862e+01  6.900000e+01
     vertex  1.834764e+02  6.865134e+01  6.900000e+01
   endloop
 endfacet
 facet normal -6.142932e-16 -1.658708e-14  1.000000e+00
   outer loop
     vertex  1.828812e+02  7.210035e+01  6.900000e+01
     vertex  1.834764e+02  6.865134e+01  6.900000e+01
     vertex  1.860162e+02  6.941402e+01  6.900000e+01
   endloop
 endfacet
 facet normal  6.140928e-16 -1.225482e-14  1.000000e+00
   outer loop
     vertex  1.828812e+02  7.210035e+01  6.900000e+01
     vertex  1.810754e+02  7.200987e+01  6.900000e+01
     vertex  1.808279e+02  6.851862e+01  6.900000e+01
   endloop
 endfacet
 facet normal  9.108937e-16 -1.715054e-14  1.000000e+00
   outer loop
     vertex  1.744226e+02  7.733403e+01  6.900000e+01
     vertex  1.710705e+02  7.632740e+01  6.900000e+01
     vertex  1.721337e+02  7.389808e+01  6.900000e+01
   endloop
 endfacet
 facet normal  5.575939e-16 -1.691519e-14  1.000000e+00
   outer loop
     vertex  1.744226e+02  7.733403e+01  6.900000e+01
     vertex  1.721337e+02  7.389808e+01  6.900000e+01
     vertex  1.751475e+02  7.567768e+01  6.900000e+01
   endloop
 endfacet
 facet normal -2.547839e-15 -1.884357e-14  1.000000e+00
   outer loop
     vertex  1.846128e+02  7.262037e+01  6.900000e+01
     vertex  1.828812e+02  7.210035e+01  6.900000e+01
     vertex  1.860162e+02  6.941402e+01  6.900000e+01
   endloop
 endfacet
 facet normal -7.250452e-15 -1.756576e-14  1.000000e+00
   outer loop
     vertex  1.741151e+02  7.911574e+01  6.900000e+01
     vertex  1.706195e+02  7.894057e+01  6.900000e+01
     vertex  1.710705e+02  7.632740e+01  6.900000e+01
   endloop
 endfacet
 facet normal  5.078089e-15 -3.102745e-14  1.000000e+00
   outer loop
     vertex  1.741151e+02  7.911574e+01  6.900000e+01
     vertex  1.710705e+02  7.632740e+01  6.900000e+01
     vertex  1.744226e+02  7.733403e+01  6.900000e+01
   endloop
 endfacet
 facet normal  4.034802e-15 -1.737271e-14  1.000000e+00
   outer loop
     vertex  1.861697e+02  7.353968e+01  6.900000e+01
     vertex  1.860162e+02  6.941402e+01  6.900000e+01
     vertex  1.882996e+02  7.076235e+01  6.900000e+01
   endloop
 endfacet
 facet normal  1.065271e-15 -1.726219e-14  1.000000e+00
   outer loop
     vertex  1.861697e+02  7.353968e+01  6.900000e+01
     vertex  1.846128e+02  7.262037e+01  6.900000e+01
     vertex  1.860162e+02  6.941402e+01  6.900000e+01
   endloop
 endfacet
 facet normal  3.019877e-15 -2.707594e-14  1.000000e+00
   outer loop
     vertex  1.742429e+02  8.091927e+01  6.900000e+01
     vertex  1.708070e+02  8.158574e+01  6.900000e+01
     vertex  1.706195e+02  7.894057e+01  6.900000e+01
   endloop
 endfacet
 facet normal -7.763408e-15 -7.329213e-15  1.000000e+00
   outer loop
     vertex  1.742429e+02  8.091927e+01  6.900000e+01
     vertex  1.706195e+02  7.894057e+01  6.900000e+01
     vertex  1.741151e+02  7.911574e+01  6.900000e+01
   endloop
 endfacet
 facet normal -4.394985e-15 -1.848808e-14  1.000000e+00
   outer loop
     vertex  1.874614e+02  7.480487e+01  6.900000e+01
     vertex  1.882996e+02  7.076235e+01  6.900000e+01
     vertex  1.901940e+02  7.261796e+01  6.900000e+01
   endloop
 endfacet
 facet normal  5.165429e-15 -1.650565e-14  1.000000e+00
   outer loop
     vertex  1.874614e+02  7.480487e+01  6.900000e+01
     vertex  1.861697e+02  7.353968e+01  6.900000e+01
     vertex  1.882996e+02  7.076235e+01  6.900000e+01
   endloop
 endfacet
 facet normal  3.251458e-15 -1.231332e-14  1.000000e+00
   outer loop
     vertex  1.747986e+02  8.263979e+01  6.900000e+01
     vertex  1.716220e+02  8.410918e+01  6.900000e+01
     vertex  1.708070e+02  8.158574e+01  6.900000e+01
   endloop
 endfacet
 facet normal  4.768805e-15 -1.805953e-14  1.000000e+00
   outer loop
     vertex  1.747986e+02  8.263979e+01  6.900000e+01
     vertex  1.708070e+02  8.158574e+01  6.900000e+01
     vertex  1.742429e+02  8.091927e+01  6.900000e+01
   endloop
 endfacet
 facet normal -6.535830e-15 -2.116319e-14  1.000000e+00
   outer loop
     vertex  1.915893e+02  7.487301e+01  6.900000e+01
     vertex  1.874614e+02  7.480487e+01  6.900000e+01
     vertex  1.901940e+02  7.261796e+01  6.900000e+01
   endloop
 endfacet
 facet normal -6.647940e-15 -1.437191e-14  1.000000e+00
   outer loop
     vertex  1.915893e+02  7.487301e+01  6.900000e+01
     vertex  1.884127e+02  7.634240e+01  6.900000e+01
     vertex  1.874614e+02  7.480487e+01  6.900000e+01
   endloop
 endfacet
 facet normal  3.083026e-16 -1.867601e-14  1.000000e+00
   outer loop
     vertex  1.757500e+02  8.417733e+01  6.900000e+01
     vertex  1.716220e+02  8.410918e+01  6.900000e+01
     vertex  1.747986e+02  8.263979e+01  6.900000e+01
   endloop
 endfacet
 facet normal  4.204127e-16 -2.546728e-14  1.000000e+00
   outer loop
     vertex  1.730173e+02  8.636423e+01  6.900000e+01
     vertex  1.716220e+02  8.410918e+01  6.900000e+01
     vertex  1.757500e+02  8.417733e+01  6.900000e+01
   endloop
 endfacet
 facet normal -3.393141e-15 -3.023253e-14  1.000000e+00
   outer loop
     vertex  1.770416e+02  8.544251e+01  6.900000e+01
     vertex  1.730173e+02  8.636423e+01  6.900000e+01
     vertex  1.757500e+02  8.417733e+01  6.900000e+01
   endloop
 endfacet
 facet normal  1.753466e-15 -3.360478e-14  1.000000e+00
   outer loop
     vertex  1.924044e+02  7.739645e+01  6.900000e+01
     vertex  1.889684e+02  7.806293e+01  6.900000e+01
     vertex  1.884127e+02  7.634240e+01  6.900000e+01
   endloop
 endfacet
 facet normal -4.532686e-15 -9.799030e-15  1.000000e+00
   outer loop
     vertex  1.924044e+02  7.739645e+01  6.900000e+01
     vertex  1.884127e+02  7.634240e+01  6.900000e+01
     vertex  1.915893e+02  7.487301e+01  6.900000e+01
   endloop
 endfacet
 facet normal  1.440404e-15 -9.128847e-15  1.000000e+00
   outer loop
     vertex  1.749117e+02  8.821984e+01  6.900000e+01
     vertex  1.730173e+02  8.636423e+01  6.900000e+01
     vertex  1.770416e+02  8.544251e+01  6.900000e+01
   endloop
 endfacet
 facet normal  5.075790e-15 -1.647691e-14  1.000000e+00
   outer loop
     vertex  1.925919e+02  8.004162e+01  6.900000e+01
     vertex  1.889684e+02  7.806293e+01  6.900000e+01
     vertex  1.924044e+02  7.739645e+01  6.900000e+01
   endloop
 endfacet
 facet normal  3.962509e-16 -7.907573e-15  1.000000e+00
   outer loop
     vertex  1.925919e+02  8.004162e+01  6.900000e+01
     vertex  1.890963e+02  7.986645e+01  6.900000e+01
     vertex  1.889684e+02  7.806293e+01  6.900000e+01
   endloop
 endfacet
 facet normal -8.691762e-15 -1.689906e-14  1.000000e+00
   outer loop
     vertex  1.771952e+02  8.956817e+01  6.900000e+01
     vertex  1.749117e+02  8.821984e+01  6.900000e+01
     vertex  1.770416e+02  8.544251e+01  6.900000e+01
   endloop
 endfacet
 facet normal  1.065271e-15 -1.726219e-14  1.000000e+00
   outer loop
     vertex  1.771952e+02  8.956817e+01  6.900000e+01
     vertex  1.770416e+02  8.544251e+01  6.900000e+01
     vertex  1.785985e+02  8.636183e+01  6.900000e+01
   endloop
 endfacet
 facet normal  8.105133e-16 -1.617458e-14  1.000000e+00
   outer loop
     vertex  1.921409e+02  8.265480e+01  6.900000e+01
     vertex  1.890963e+02  7.986645e+01  6.900000e+01
     vertex  1.925919e+02  8.004162e+01  6.900000e+01
   endloop
 endfacet
 facet normal  5.238030e-16 -1.586152e-14  1.000000e+00
   outer loop
     vertex  1.921409e+02  8.265480e+01  6.900000e+01
     vertex  1.887888e+02  8.164816e+01  6.900000e+01
     vertex  1.890963e+02  7.986645e+01  6.900000e+01
   endloop
 endfacet
 facet normal  1.486019e-14 -2.215700e-14  1.000000e+00
   outer loop
     vertex  1.797349e+02  9.033085e+01  6.900000e+01
     vertex  1.785985e+02  8.636183e+01  6.900000e+01
     vertex  1.803302e+02  8.688184e+01  6.900000e+01
   endloop
 endfacet
 facet normal -2.400034e-16 -1.783348e-14  1.000000e+00
   outer loop
     vertex  1.797349e+02  9.033085e+01  6.900000e+01
     vertex  1.771952e+02  8.956817e+01  6.900000e+01
     vertex  1.785985e+02  8.636183e+01  6.900000e+01
   endloop
 endfacet
 facet normal  5.575939e-16 -1.691519e-14  1.000000e+00
   outer loop
     vertex  1.910777e+02  8.508411e+01  6.900000e+01
     vertex  1.880638e+02  8.330451e+01  6.900000e+01
     vertex  1.887888e+02  8.164816e+01  6.900000e+01
   endloop
 endfacet
 facet normal  1.560274e-15 -1.861327e-14  1.000000e+00
   outer loop
     vertex  1.910777e+02  8.508411e+01  6.900000e+01
     vertex  1.869636e+02  8.473924e+01  6.900000e+01
     vertex  1.880638e+02  8.330451e+01  6.900000e+01
   endloop
 endfacet
 facet normal  9.108937e-16 -1.715054e-14  1.000000e+00
   outer loop
     vertex  1.910777e+02  8.508411e+01  6.900000e+01
     vertex  1.887888e+02  8.164816e+01  6.900000e+01
     vertex  1.921409e+02  8.265480e+01  6.900000e+01
   endloop
 endfacet
 facet normal  4.782318e-15 -1.662070e-14  1.000000e+00
   outer loop
     vertex  1.823834e+02  9.046357e+01  6.900000e+01
     vertex  1.821360e+02  8.697233e+01  6.900000e+01
     vertex  1.839109e+02  8.662803e+01  6.900000e+01
   endloop
 endfacet
 facet normal -7.078891e-15 -1.577997e-14  1.000000e+00
   outer loop
     vertex  1.823834e+02  9.046357e+01  6.900000e+01
     vertex  1.803302e+02  8.688184e+01  6.900000e+01
     vertex  1.821360e+02  8.697233e+01  6.900000e+01
   endloop
 endfacet
 facet normal  6.547837e-15 -2.359156e-14  1.000000e+00
   outer loop
     vertex  1.823834e+02  9.046357e+01  6.900000e+01
     vertex  1.797349e+02  9.033085e+01  6.900000e+01
     vertex  1.803302e+02  8.688184e+01  6.900000e+01
   endloop
 endfacet
 facet normal  1.595735e-15 -1.903630e-14  1.000000e+00
   outer loop
     vertex  1.894639e+02  8.718838e+01  6.900000e+01
     vertex  1.869636e+02  8.473924e+01  6.900000e+01
     vertex  1.910777e+02  8.508411e+01  6.900000e+01
   endloop
 endfacet
 facet normal  2.021607e-15 -1.772015e-14  1.000000e+00
   outer loop
     vertex  1.849867e+02  8.995860e+01  6.900000e+01
     vertex  1.823834e+02  9.046357e+01  6.900000e+01
     vertex  1.839109e+02  8.662803e+01  6.900000e+01
   endloop
 endfacet
 facet normal -3.489490e-15 -1.693935e-14  1.000000e+00
   outer loop
     vertex  1.873935e+02  8.884531e+01  6.900000e+01
     vertex  1.855519e+02  8.586897e+01  6.900000e+01
     vertex  1.869636e+02  8.473924e+01  6.900000e+01
   endloop
 endfacet
 facet normal -1.355605e-16 -1.901455e-14  1.000000e+00
   outer loop
     vertex  1.873935e+02  8.884531e+01  6.900000e+01
     vertex  1.839109e+02  8.662803e+01  6.900000e+01
     vertex  1.855519e+02  8.586897e+01  6.900000e+01
   endloop
 endfacet
 facet normal -1.118538e-16 -1.729300e-14  1.000000e+00
   outer loop
     vertex  1.873935e+02  8.884531e+01  6.900000e+01
     vertex  1.869636e+02  8.473924e+01  6.900000e+01
     vertex  1.894639e+02  8.718838e+01  6.900000e+01
   endloop
 endfacet
 facet normal -1.731492e-15 -1.650790e-14  1.000000e+00
   outer loop
     vertex  1.873935e+02  8.884531e+01  6.900000e+01
     vertex  1.849867e+02  8.995860e+01  6.900000e+01
     vertex  1.839109e+02  8.662803e+01  6.900000e+01
   endloop
 endfacet
 facet normal -9.160974e-01 -4.009557e-01  2.988349e-15
   outer loop
     vertex  1.880638e+02  8.330451e+01  6.900000e+01
     vertex  1.887888e+02  8.164816e+01  6.600000e+01
     vertex  1.887888e+02  8.164816e+01  6.900000e+01
   endloop
 endfacet
 facet normal -9.160974e-01 -4.009557e-01  2.981094e-15
   outer loop
     vertex  1.880638e+02  8.330451e+01  6.900000e+01
     vertex  1.880638e+02  8.330451e+01  6.600000e+01
     vertex  1.887888e+02  8.164816e+01  6.600000e+01
   endloop
 endfacet
 facet normal -7.935223e-01 -6.085412e-01 -4.012767e-15
   outer loop
     vertex  1.869636e+02  8.473924e+01  6.900000e+01
     vertex  1.869636e+02  8.473924e+01  6.600000e+01
     vertex  1.880638e+02  8.330451e+01  6.600000e+01
   endloop
 endfacet
 facet normal -6.248306e-01 -7.807604e-01 -8.874112e-15
   outer loop
     vertex  1.869636e+02  8.473924e+01  6.900000e+01
     vertex  1.855519e+02  8.586897e+01  6.600000e+01
     vertex  1.869636e+02  8.473924e+01  6.600000e+01
   endloop
 endfacet
 facet normal -7.935223e-01 -6.085412e-01 -1.146216e-15
   outer loop
     vertex  1.869636e+02  8.473924e+01  6.900000e+01
     vertex  1.880638e+02  8.330451e+01  6.600000e+01
     vertex  1.880638e+02  8.330451e+01  6.900000e+01
   endloop
 endfacet
 facet normal -6.248306e-01 -7.807604e-01 -1.701486e-14
   outer loop
     vertex  1.855519e+02  8.586897e+01  6.900000e+01
     vertex  1.855519e+02  8.586897e+01  6.600000e+01
     vertex  1.869636e+02  8.473924e+01  6.900000e+01
   endloop
 endfacet
 facet normal -4.198259e-01 -9.076046e-01 -8.920448e-15
   outer loop
     vertex  1.839109e+02  8.662803e+01  6.900000e+01
     vertex  1.839109e+02  8.662803e+01  6.600000e+01
     vertex  1.855519e+02  8.586897e+01  6.600000e+01
   endloop
 endfacet
 facet normal -1.904225e-01 -9.817022e-01 -1.214678e-14
   outer loop
     vertex  1.839109e+02  8.662803e+01  6.900000e+01
     vertex  1.821360e+02  8.697233e+01  6.600000e+01
     vertex  1.839109e+02  8.662803e+01  6.600000e+01
   endloop
 endfacet
 facet normal -4.198259e-01 -9.076046e-01 -1.686575e-14
   outer loop
     vertex  1.839109e+02  8.662803e+01  6.900000e+01
     vertex  1.855519e+02  8.586897e+01  6.600000e+01
     vertex  1.855519e+02  8.586897e+01  6.900000e+01
   endloop
 endfacet
 facet normal -1.904225e-01 -9.817022e-01 -1.860110e-14
   outer loop
     vertex  1.821360e+02  8.697233e+01  6.900000e+01
     vertex  1.821360e+02  8.697233e+01  6.600000e+01
     vertex  1.839109e+02  8.662803e+01  6.900000e+01
   endloop
 endfacet
 facet normal  5.004751e-02 -9.987468e-01 -1.939821e-14
   outer loop
     vertex  1.803302e+02  8.688184e+01  6.900000e+01
     vertex  1.803302e+02  8.688184e+01  6.600000e+01
     vertex  1.821360e+02  8.697233e+01  6.600000e+01
   endloop
 endfacet
 facet normal  5.004751e-02 -9.987468e-01 -1.892280e-14
   outer loop
     vertex  1.803302e+02  8.688184e+01  6.900000e+01
     vertex  1.821360e+02  8.697233e+01  6.600000e+01
     vertex  1.821360e+02  8.697233e+01  6.900000e+01
   endloop
 endfacet
 facet normal  2.876090e-01 -9.577479e-01 -1.814722e-14
   outer loop
     vertex  1.785985e+02  8.636183e+01  6.900000e+01
     vertex  1.785985e+02  8.636183e+01  6.600000e+01
     vertex  1.803302e+02  8.688184e+01  6.600000e+01
   endloop
 endfacet
 facet normal  2.876090e-01 -9.577479e-01 -2.087751e-14
   outer loop
     vertex  1.785985e+02  8.636183e+01  6.900000e+01
     vertex  1.803302e+02  8.688184e+01  6.600000e+01
     vertex  1.803302e+02  8.688184e+01  6.900000e+01
   endloop
 endfacet
 facet normal  5.084557e-01 -8.610882e-01 -1.223680e-14
   outer loop
     vertex  1.770416e+02  8.544251e+01  6.900000e+01
     vertex  1.770416e+02  8.544251e+01  6.600000e+01
     vertex  1.785985e+02  8.636183e+01  6.600000e+01
   endloop
 endfacet
 facet normal  6.997528e-01 -7.143851e-01 -1.015202e-14
   outer loop
     vertex  1.770416e+02  8.544251e+01  6.900000e+01
     vertex  1.757500e+02  8.417733e+01  6.600000e+01
     vertex  1.770416e+02  8.544251e+01  6.600000e+01
   endloop
 endfacet
 facet normal  5.084557e-01 -8.610882e-01 -1.633358e-14
   outer loop
     vertex  1.770416e+02  8.544251e+01  6.900000e+01
     vertex  1.785985e+02  8.636183e+01  6.600000e+01
     vertex  1.785985e+02  8.636183e+01  6.900000e+01
   endloop
 endfacet
 facet normal  6.997528e-01 -7.143851e-01 -1.678141e-14
   outer loop
     vertex  1.757500e+02  8.417733e+01  6.900000e+01
     vertex  1.757500e+02  8.417733e+01  6.600000e+01
     vertex  1.770416e+02  8.544251e+01  6.900000e+01
   endloop
 endfacet
 facet normal  8.503828e-01 -5.261646e-01 -9.969664e-15
   outer loop
     vertex  1.747986e+02  8.263979e+01  6.900000e+01
     vertex  1.747986e+02  8.263979e+01  6.600000e+01
     vertex  1.757500e+02  8.417733e+01  6.600000e+01
   endloop
 endfacet
 facet normal  8.503828e-01 -5.261646e-01 -1.555579e-14
   outer loop
     vertex  1.747986e+02  8.263979e+01  6.900000e+01
     vertex  1.757500e+02  8.417733e+01  6.600000e+01
     vertex  1.757500e+02  8.417733e+01  6.900000e+01
   endloop
 endfacet
 facet normal  9.515916e-01 -3.073653e-01 -1.483918e-14
   outer loop
     vertex  1.742429e+02  8.091927e+01  6.900000e+01
     vertex  1.742429e+02  8.091927e+01  6.600000e+01
     vertex  1.747986e+02  8.263979e+01  6.600000e+01
   endloop
 endfacet
 facet normal  9.974974e-01 -7.070302e-02 -1.078986e-14
   outer loop
     vertex  1.742429e+02  8.091927e+01  6.900000e+01
     vertex  1.741151e+02  7.911574e+01  6.600000e+01
     vertex  1.742429e+02  8.091927e+01  6.600000e+01
   endloop
 endfacet
 facet normal  9.515916e-01 -3.073653e-01 -5.833421e-15
   outer loop
     vertex  1.742429e+02  8.091927e+01  6.900000e+01
     vertex  1.747986e+02  8.263979e+01  6.600000e+01
     vertex  1.747986e+02  8.263979e+01  6.900000e+01
   endloop
 endfacet
 facet normal  9.974974e-01 -7.070302e-02 -1.078986e-14
   outer loop
     vertex  1.741151e+02  7.911574e+01  6.900000e+01
     vertex  1.741151e+02  7.911574e+01  6.600000e+01
     vertex  1.742429e+02  8.091927e+01  6.900000e+01
   endloop
 endfacet
 facet normal  9.854323e-01  1.700682e-01  3.222420e-15
   outer loop
     vertex  1.744226e+02  7.733403e+01  6.900000e+01
     vertex  1.744226e+02  7.733403e+01  6.600000e+01
     vertex  1.741151e+02  7.911574e+01  6.600000e+01
   endloop
 endfacet
 facet normal  9.854323e-01  1.700682e-01 -6.119975e-15
   outer loop
     vertex  1.744226e+02  7.733403e+01  6.900000e+01
     vertex  1.741151e+02  7.911574e+01  6.600000e+01
     vertex  1.741151e+02  7.911574e+01  6.900000e+01
   endloop
 endfacet
 facet normal -9.160974e-01 -4.009557e-01 -6.840886e-15
   outer loop
     vertex  1.961124e+02  5.002123e+01  7.600000e+01
     vertex  1.965933e+02  4.892252e+01  6.600000e+01
     vertex  1.965933e+02  4.892252e+01  7.600000e+01
   endloop
 endfacet
 facet normal -9.160974e-01 -4.009557e-01 -6.837509e-15
   outer loop
     vertex  1.961124e+02  5.002123e+01  7.600000e+01
     vertex  1.961124e+02  5.002123e+01  6.600000e+01
     vertex  1.965933e+02  4.892252e+01  6.600000e+01
   endloop
 endfacet
 facet normal -7.935223e-01 -6.085412e-01 -7.689748e-15
   outer loop
     vertex  1.953826e+02  5.097293e+01  7.600000e+01
     vertex  1.953826e+02  5.097293e+01  6.600000e+01
     vertex  1.961124e+02  5.002123e+01  6.600000e+01
   endloop
 endfacet
 facet normal -6.248306e-01 -7.807604e-01 -1.098369e-14
   outer loop
     vertex  1.953826e+02  5.097293e+01  7.600000e+01
     vertex  1.944462e+02  5.172231e+01  6.600000e+01
     vertex  1.953826e+02  5.097293e+01  6.600000e+01
   endloop
 endfacet
 facet normal -7.935223e-01 -6.085412e-01 -1.037704e-14
   outer loop
     vertex  1.953826e+02  5.097293e+01  7.600000e+01
     vertex  1.961124e+02  5.002123e+01  6.600000e+01
     vertex  1.961124e+02  5.002123e+01  7.600000e+01
   endloop
 endfacet
 facet normal -6.248306e-01 -7.807604e-01 -1.386909e-14
   outer loop
     vertex  1.944462e+02  5.172231e+01  7.600000e+01
     vertex  1.944462e+02  5.172231e+01  6.600000e+01
     vertex  1.953826e+02  5.097293e+01  7.600000e+01
   endloop
 endfacet
 facet normal -4.198259e-01 -9.076046e-01 -1.547741e-14
   outer loop
     vertex  1.933577e+02  5.222583e+01  7.600000e+01
     vertex  1.933577e+02  5.222583e+01  6.600000e+01
     vertex  1.944462e+02  5.172231e+01  6.600000e+01
   endloop
 endfacet
 facet normal -4.198259e-01 -9.076046e-01 -1.612561e-14
   outer loop
     vertex  1.933577e+02  5.222583e+01  7.600000e+01
     vertex  1.944462e+02  5.172231e+01  6.600000e+01
     vertex  1.944462e+02  5.172231e+01  7.600000e+01
   endloop
 endfacet
 facet normal -1.904225e-01 -9.817022e-01 -1.743853e-14
   outer loop
     vertex  1.921803e+02  5.245421e+01  7.600000e+01
     vertex  1.921803e+02  5.245421e+01  6.600000e+01
     vertex  1.933577e+02  5.222583e+01  6.600000e+01
   endloop
 endfacet
 facet normal  5.004751e-02 -9.987468e-01 -1.774131e-14
   outer loop
     vertex  1.921803e+02  5.245421e+01  7.600000e+01
     vertex  1.909824e+02  5.239419e+01  6.600000e+01
     vertex  1.921803e+02  5.245421e+01  6.600000e+01
   endloop
 endfacet
 facet normal -1.904225e-01 -9.817022e-01 -1.674119e-14
   outer loop
     vertex  1.921803e+02  5.245421e+01  7.600000e+01
     vertex  1.933577e+02  5.222583e+01  6.600000e+01
     vertex  1.933577e+02  5.222583e+01  7.600000e+01
   endloop
 endfacet
 facet normal  5.004751e-02 -9.987468e-01 -1.774131e-14
   outer loop
     vertex  1.909824e+02  5.239419e+01  7.600000e+01
     vertex  1.909824e+02  5.239419e+01  6.600000e+01
     vertex  1.921803e+02  5.245421e+01  7.600000e+01
   endloop
 endfacet
 facet normal  2.876090e-01 -9.577479e-01 -1.633250e-14
   outer loop
     vertex  1.898338e+02  5.204925e+01  7.600000e+01
     vertex  1.898338e+02  5.204925e+01  6.600000e+01
     vertex  1.909824e+02  5.239419e+01  6.600000e+01
   endloop
 endfacet
 facet normal  2.876090e-01 -9.577479e-01 -1.701427e-14
   outer loop
     vertex  1.898338e+02  5.204925e+01  7.600000e+01
     vertex  1.909824e+02  5.239419e+01  6.600000e+01
     vertex  1.909824e+02  5.239419e+01  7.600000e+01
   endloop
 endfacet
 facet normal  5.084557e-01 -8.610882e-01 -1.446272e-14
   outer loop
     vertex  1.888010e+02  5.143943e+01  7.600000e+01
     vertex  1.888010e+02  5.143943e+01  6.600000e+01
     vertex  1.898338e+02  5.204925e+01  6.600000e+01
   endloop
 endfacet
 facet normal  5.084557e-01 -8.610882e-01 -1.469078e-14
   outer loop
     vertex  1.888010e+02  5.143943e+01  7.600000e+01
     vertex  1.898338e+02  5.204925e+01  6.600000e+01
     vertex  1.898338e+02  5.204925e+01  7.600000e+01
   endloop
 endfacet
 facet normal  6.997528e-01 -7.143851e-01 -1.417124e-14
   outer loop
     vertex  1.879442e+02  5.060019e+01  7.600000e+01
     vertex  1.879442e+02  5.060019e+01  6.600000e+01
     vertex  1.888010e+02  5.143943e+01  6.600000e+01
   endloop
 endfacet
 facet normal  6.997528e-01 -7.143851e-01 -1.120091e-14
   outer loop
     vertex  1.879442e+02  5.060019e+01  7.600000e+01
     vertex  1.888010e+02  5.143943e+01  6.600000e+01
     vertex  1.888010e+02  5.143943e+01  7.600000e+01
   endloop
 endfacet
 facet normal  8.503828e-01 -5.261646e-01 -6.929627e-15
   outer loop
     vertex  1.873132e+02  4.958029e+01  7.600000e+01
     vertex  1.873132e+02  4.958029e+01  6.600000e+01
     vertex  1.879442e+02  5.060019e+01  6.600000e+01
   endloop
 endfacet
 facet normal  9.515916e-01 -3.073653e-01 -2.755318e-15
   outer loop
     vertex  1.873132e+02  4.958029e+01  7.600000e+01
     vertex  1.869445e+02  4.843901e+01  6.600000e+01
     vertex  1.873132e+02  4.958029e+01  6.600000e+01
   endloop
 endfacet
 facet normal  8.503828e-01 -5.261646e-01 -1.139531e-14
   outer loop
     vertex  1.873132e+02  4.958029e+01  7.600000e+01
     vertex  1.879442e+02  5.060019e+01  6.600000e+01
     vertex  1.879442e+02  5.060019e+01  7.600000e+01
   endloop
 endfacet
 facet normal  9.974974e-01 -7.070302e-02 -3.990521e-15
   outer loop
     vertex  1.869445e+02  4.843901e+01  7.600000e+01
     vertex  1.868597e+02  4.724267e+01  6.600000e+01
     vertex  1.869445e+02  4.843901e+01  6.600000e+01
   endloop
 endfacet
 facet normal  9.515916e-01 -3.073653e-01 -7.727698e-15
   outer loop
     vertex  1.869445e+02  4.843901e+01  7.600000e+01
     vertex  1.869445e+02  4.843901e+01  6.600000e+01
     vertex  1.873132e+02  4.958029e+01  7.600000e+01
   endloop
 endfacet
 facet normal  9.974974e-01 -7.070302e-02 -4.040759e-15
   outer loop
     vertex  1.868597e+02  4.724267e+01  7.600000e+01
     vertex  1.868597e+02  4.724267e+01  6.600000e+01
     vertex  1.869445e+02  4.843901e+01  7.600000e+01
   endloop
 endfacet
 facet normal  9.854323e-01  1.700682e-01  2.900178e-15
   outer loop
     vertex  1.870637e+02  4.606081e+01  7.600000e+01
     vertex  1.870637e+02  4.606081e+01  6.600000e+01
     vertex  1.868597e+02  4.724267e+01  6.600000e+01
   endloop
 endfacet
 facet normal  9.854323e-01  1.700682e-01  9.951221e-17
   outer loop
     vertex  1.870637e+02  4.606081e+01  7.600000e+01
     vertex  1.868597e+02  4.724267e+01  6.600000e+01
     vertex  1.868597e+02  4.724267e+01  7.600000e+01
   endloop
 endfacet
 facet normal -9.160974e-01 -4.009557e-01 -7.121417e-15
   outer loop
     vertex  1.869597e+02  3.620559e+01  7.600000e+01
     vertex  1.871579e+02  3.575285e+01  6.600000e+01
     vertex  1.871579e+02  3.575285e+01  7.600000e+01
   endloop
 endfacet
 facet normal -9.160974e-01 -4.009557e-01 -7.122405e-15
   outer loop
     vertex  1.869597e+02  3.620559e+01  7.600000e+01
     vertex  1.869597e+02  3.620559e+01  6.600000e+01
     vertex  1.871579e+02  3.575285e+01  6.600000e+01
   endloop
 endfacet
 facet normal -7.935223e-01 -6.085412e-01 -1.080986e-14
   outer loop
     vertex  1.866590e+02  3.659775e+01  7.600000e+01
     vertex  1.866590e+02  3.659775e+01  6.600000e+01
     vertex  1.869597e+02  3.620559e+01  6.600000e+01
   endloop
 endfacet
 facet normal -6.248306e-01 -7.807604e-01 -1.386909e-14
   outer loop
     vertex  1.866590e+02  3.659775e+01  7.600000e+01
     vertex  1.862731e+02  3.690654e+01  6.600000e+01
     vertex  1.866590e+02  3.659775e+01  6.600000e+01
   endloop
 endfacet
 facet normal -7.935223e-01 -6.085412e-01 -1.081130e-14
   outer loop
     vertex  1.866590e+02  3.659775e+01  7.600000e+01
     vertex  1.869597e+02  3.620559e+01  6.600000e+01
     vertex  1.869597e+02  3.620559e+01  7.600000e+01
   endloop
 endfacet
 facet normal -6.248306e-01 -7.807604e-01 -1.153845e-14
   outer loop
     vertex  1.862731e+02  3.690654e+01  7.600000e+01
     vertex  1.862731e+02  3.690654e+01  6.600000e+01
     vertex  1.866590e+02  3.659775e+01  7.600000e+01
   endloop
 endfacet
 facet normal -4.198259e-01 -9.076046e-01 -1.612230e-14
   outer loop
     vertex  1.858246e+02  3.711402e+01  7.600000e+01
     vertex  1.858246e+02  3.711402e+01  6.600000e+01
     vertex  1.862731e+02  3.690654e+01  6.600000e+01
   endloop
 endfacet
 facet normal -4.198259e-01 -9.076046e-01 -1.428496e-14
   outer loop
     vertex  1.858246e+02  3.711402e+01  7.600000e+01
     vertex  1.862731e+02  3.690654e+01  6.600000e+01
     vertex  1.862731e+02  3.690654e+01  7.600000e+01
   endloop
 endfacet
 facet normal -1.904225e-01 -9.817022e-01 -1.674099e-14
   outer loop
     vertex  1.853394e+02  3.720813e+01  7.600000e+01
     vertex  1.853394e+02  3.720813e+01  6.600000e+01
     vertex  1.858246e+02  3.711402e+01  6.600000e+01
   endloop
 endfacet
 facet normal  5.004751e-02 -9.987468e-01 -1.703166e-14
   outer loop
     vertex  1.853394e+02  3.720813e+01  7.600000e+01
     vertex  1.848458e+02  3.718339e+01  6.600000e+01
     vertex  1.853394e+02  3.720813e+01  6.600000e+01
   endloop
 endfacet
 facet normal -1.904225e-01 -9.817022e-01 -1.743849e-14
   outer loop
     vertex  1.853394e+02  3.720813e+01  7.600000e+01
     vertex  1.858246e+02  3.711402e+01  6.600000e+01
     vertex  1.858246e+02  3.711402e+01  7.600000e+01
   endloop
 endfacet
 facet normal  5.004751e-02 -9.987468e-01 -1.703166e-14
   outer loop
     vertex  1.848458e+02  3.718339e+01  7.600000e+01
     vertex  1.848458e+02  3.718339e+01  6.600000e+01
     vertex  1.853394e+02  3.720813e+01  7.600000e+01
   endloop
 endfacet
 facet normal  2.876090e-01 -9.577479e-01 -1.701302e-14
   outer loop
     vertex  1.843725e+02  3.704126e+01  7.600000e+01
     vertex  1.843725e+02  3.704126e+01  6.600000e+01
     vertex  1.848458e+02  3.718339e+01  6.600000e+01
   endloop
 endfacet
 facet normal  2.876090e-01 -9.577479e-01 -1.633208e-14
   outer loop
     vertex  1.843725e+02  3.704126e+01  7.600000e+01
     vertex  1.848458e+02  3.718339e+01  6.600000e+01
     vertex  1.848458e+02  3.718339e+01  7.600000e+01
   endloop
 endfacet
 facet normal  5.084557e-01 -8.610882e-01 -1.407232e-14
   outer loop
     vertex  1.839470e+02  3.678998e+01  7.600000e+01
     vertex  1.839470e+02  3.678998e+01  6.600000e+01
     vertex  1.843725e+02  3.704126e+01  6.600000e+01
   endloop
 endfacet
 facet normal  5.084557e-01 -8.610882e-01 -1.529588e-14
   outer loop
     vertex  1.839470e+02  3.678998e+01  7.600000e+01
     vertex  1.843725e+02  3.704126e+01  6.600000e+01
     vertex  1.843725e+02  3.704126e+01  7.600000e+01
   endloop
 endfacet
 facet normal  6.997528e-01 -7.143851e-01 -1.319763e-14
   outer loop
     vertex  1.835939e+02  3.644416e+01  7.600000e+01
     vertex  1.835939e+02  3.644416e+01  6.600000e+01
     vertex  1.839470e+02  3.678998e+01  6.600000e+01
   endloop
 endfacet
 facet normal  6.997528e-01 -7.143851e-01 -1.167620e-14
   outer loop
     vertex  1.835939e+02  3.644416e+01  7.600000e+01
     vertex  1.839470e+02  3.678998e+01  6.600000e+01
     vertex  1.839470e+02  3.678998e+01  7.600000e+01
   endloop
 endfacet
 facet normal  8.503828e-01 -5.261646e-01 -9.346560e-15
   outer loop
     vertex  1.833339e+02  3.602390e+01  7.600000e+01
     vertex  1.833339e+02  3.602390e+01  6.600000e+01
     vertex  1.835939e+02  3.644416e+01  6.600000e+01
   endloop
 endfacet
 facet normal  9.515916e-01 -3.073653e-01 -5.459904e-15
   outer loop
     vertex  1.833339e+02  3.602390e+01  7.600000e+01
     vertex  1.831820e+02  3.555362e+01  6.600000e+01
     vertex  1.833339e+02  3.602390e+01  6.600000e+01
   endloop
 endfacet
 facet normal  8.503828e-01 -5.261646e-01 -9.718937e-15
   outer loop
     vertex  1.833339e+02  3.602390e+01  7.600000e+01
     vertex  1.835939e+02  3.644416e+01  6.600000e+01
     vertex  1.835939e+02  3.644416e+01  7.600000e+01
   endloop
 endfacet
 facet normal  9.974974e-01 -7.070302e-02 -6.825579e-15
   outer loop
     vertex  1.831820e+02  3.555362e+01  7.600000e+01
     vertex  1.831470e+02  3.506066e+01  6.600000e+01
     vertex  1.831820e+02  3.555362e+01  6.600000e+01
   endloop
 endfacet
 facet normal  9.515916e-01 -3.073653e-01 -1.043228e-14
   outer loop
     vertex  1.831820e+02  3.555362e+01  7.600000e+01
     vertex  1.831820e+02  3.555362e+01  6.600000e+01
     vertex  1.833339e+02  3.602390e+01  7.600000e+01
   endloop
 endfacet
 facet normal  9.974974e-01 -7.070302e-02 -1.205700e-15
   outer loop
     vertex  1.831470e+02  3.506066e+01  7.600000e+01
     vertex  1.831470e+02  3.506066e+01  6.600000e+01
     vertex  1.831820e+02  3.555362e+01  7.600000e+01
   endloop
 endfacet
 facet normal  9.854323e-01  1.700682e-01  2.900178e-15
   outer loop
     vertex  1.832311e+02  3.457366e+01  7.600000e+01
     vertex  1.832311e+02  3.457366e+01  6.600000e+01
     vertex  1.831470e+02  3.506066e+01  6.600000e+01
   endloop
 endfacet
 facet normal  9.854323e-01  1.700682e-01  2.900798e-15
   outer loop
     vertex  1.832311e+02  3.457366e+01  7.600000e+01
     vertex  1.831470e+02  3.506066e+01  6.600000e+01
     vertex  1.831470e+02  3.506066e+01  7.600000e+01
   endloop
 endfacet
 facet normal -9.160974e-01 -4.009557e-01 -7.407846e-15
   outer loop
     vertex  2.002278e+02  6.086240e+01  7.600000e+01
     vertex  2.004259e+02  6.040966e+01  6.600000e+01
     vertex  2.004259e+02  6.040966e+01  7.600000e+01
   endloop
 endfacet
 facet normal -9.160974e-01 -4.009557e-01 -7.407301e-15
   outer loop
     vertex  2.002278e+02  6.086240e+01  7.600000e+01
     vertex  2.002278e+02  6.086240e+01  6.600000e+01
     vertex  2.004259e+02  6.040966e+01  6.600000e+01
   endloop
 endfacet
 facet normal -7.935223e-01 -6.085412e-01 -1.037747e-14
   outer loop
     vertex  1.999270e+02  6.125456e+01  7.600000e+01
     vertex  1.999270e+02  6.125456e+01  6.600000e+01
     vertex  2.002278e+02  6.086240e+01  6.600000e+01
   endloop
 endfacet
 facet normal -6.248306e-01 -7.807604e-01 -1.331433e-14
   outer loop
     vertex  1.999270e+02  6.125456e+01  7.600000e+01
     vertex  1.995412e+02  6.156335e+01  6.600000e+01
     vertex  1.999270e+02  6.125456e+01  6.600000e+01
   endloop
 endfacet
 facet normal -7.935223e-01 -6.085412e-01 -1.124375e-14
   outer loop
     vertex  1.999270e+02  6.125456e+01  7.600000e+01
     vertex  2.002278e+02  6.086240e+01  6.600000e+01
     vertex  2.002278e+02  6.086240e+01  7.600000e+01
   endloop
 endfacet
 facet normal -6.248306e-01 -7.807604e-01 -1.331433e-14
   outer loop
     vertex  1.995412e+02  6.156335e+01  7.600000e+01
     vertex  1.995412e+02  6.156335e+01  6.600000e+01
     vertex  1.999270e+02  6.125456e+01  7.600000e+01
   endloop
 endfacet
 facet normal -4.198259e-01 -9.076046e-01 -1.428419e-14
   outer loop
     vertex  1.990927e+02  6.177083e+01  7.600000e+01
     vertex  1.990927e+02  6.177083e+01  6.600000e+01
     vertex  1.995412e+02  6.156335e+01  6.600000e+01
   endloop
 endfacet
 facet normal -4.198259e-01 -9.076046e-01 -1.547841e-14
   outer loop
     vertex  1.990927e+02  6.177083e+01  7.600000e+01
     vertex  1.995412e+02  6.156335e+01  6.600000e+01
     vertex  1.995412e+02  6.156335e+01  7.600000e+01
   endloop
 endfacet
 facet normal -1.904225e-01 -9.817022e-01 -1.743853e-14
   outer loop
     vertex  1.986075e+02  6.186493e+01  7.600000e+01
     vertex  1.986075e+02  6.186493e+01  6.600000e+01
     vertex  1.990927e+02  6.177083e+01  6.600000e+01
   endloop
 endfacet
 facet normal  5.004751e-02 -9.987468e-01 -1.774131e-14
   outer loop
     vertex  1.986075e+02  6.186493e+01  7.600000e+01
     vertex  1.981139e+02  6.184020e+01  6.600000e+01
     vertex  1.986075e+02  6.186493e+01  6.600000e+01
   endloop
 endfacet
 facet normal -1.904225e-01 -9.817022e-01 -1.619870e-14
   outer loop
     vertex  1.986075e+02  6.186493e+01  7.600000e+01
     vertex  1.990927e+02  6.177083e+01  6.600000e+01
     vertex  1.990927e+02  6.177083e+01  7.600000e+01
   endloop
 endfacet
 facet normal  5.004751e-02 -9.987468e-01 -1.703166e-14
   outer loop
     vertex  1.981139e+02  6.184020e+01  7.600000e+01
     vertex  1.981139e+02  6.184020e+01  6.600000e+01
     vertex  1.986075e+02  6.186493e+01  7.600000e+01
   endloop
 endfacet
 facet normal  2.876090e-01 -9.577479e-01 -1.701302e-14
   outer loop
     vertex  1.976406e+02  6.169806e+01  7.600000e+01
     vertex  1.976406e+02  6.169806e+01  6.600000e+01
     vertex  1.981139e+02  6.184020e+01  6.600000e+01
   endloop
 endfacet
 facet normal  2.876090e-01 -9.577479e-01 -1.633208e-14
   outer loop
     vertex  1.976406e+02  6.169806e+01  7.600000e+01
     vertex  1.981139e+02  6.184020e+01  6.600000e+01
     vertex  1.981139e+02  6.184020e+01  7.600000e+01
   endloop
 endfacet
 facet normal  5.084557e-01 -8.610882e-01 -1.529600e-14
   outer loop
     vertex  1.972150e+02  6.144679e+01  7.600000e+01
     vertex  1.972150e+02  6.144679e+01  6.600000e+01
     vertex  1.976406e+02  6.169806e+01  6.600000e+01
   endloop
 endfacet
 facet normal  5.084557e-01 -8.610882e-01 -1.529588e-14
   outer loop
     vertex  1.972150e+02  6.144679e+01  7.600000e+01
     vertex  1.976406e+02  6.169806e+01  6.600000e+01
     vertex  1.976406e+02  6.169806e+01  7.600000e+01
   endloop
 endfacet
 facet normal  6.997528e-01 -7.143851e-01 -1.269003e-14
   outer loop
     vertex  1.968620e+02  6.110097e+01  7.600000e+01
     vertex  1.968620e+02  6.110097e+01  6.600000e+01
     vertex  1.972150e+02  6.144679e+01  6.600000e+01
   endloop
 endfacet
 facet normal  6.997528e-01 -7.143851e-01 -1.268994e-14
   outer loop
     vertex  1.968620e+02  6.110097e+01  7.600000e+01
     vertex  1.972150e+02  6.144679e+01  6.600000e+01
     vertex  1.972150e+02  6.144679e+01  7.600000e+01
   endloop
 endfacet
 facet normal  8.503828e-01 -5.261646e-01 -8.972698e-15
   outer loop
     vertex  1.966020e+02  6.068071e+01  7.600000e+01
     vertex  1.966020e+02  6.068071e+01  6.600000e+01
     vertex  1.968620e+02  6.110097e+01  6.600000e+01
   endloop
 endfacet
 facet normal  9.515916e-01 -3.073653e-01 -5.241508e-15
   outer loop
     vertex  1.966020e+02  6.068071e+01  7.600000e+01
     vertex  1.964501e+02  6.021043e+01  6.600000e+01
     vertex  1.966020e+02  6.068071e+01  6.600000e+01
   endloop
 endfacet
 facet normal  8.503828e-01 -5.261646e-01 -9.345456e-15
   outer loop
     vertex  1.966020e+02  6.068071e+01  7.600000e+01
     vertex  1.968620e+02  6.110097e+01  6.600000e+01
     vertex  1.968620e+02  6.110097e+01  7.600000e+01
   endloop
 endfacet
 facet normal  9.974974e-01 -7.070302e-02 -1.255938e-15
   outer loop
     vertex  1.964501e+02  6.021043e+01  7.600000e+01
     vertex  1.964151e+02  5.971747e+01  6.600000e+01
     vertex  1.964501e+02  6.021043e+01  6.600000e+01
   endloop
 endfacet
 facet normal  9.515916e-01 -3.073653e-01 -5.459904e-15
   outer loop
     vertex  1.964501e+02  6.021043e+01  7.600000e+01
     vertex  1.964501e+02  6.021043e+01  6.600000e+01
     vertex  1.966020e+02  6.068071e+01  7.600000e+01
   endloop
 endfacet
 facet normal  9.974974e-01 -7.070302e-02 -1.205700e-15
   outer loop
     vertex  1.964151e+02  5.971747e+01  7.600000e+01
     vertex  1.964151e+02  5.971747e+01  6.600000e+01
     vertex  1.964501e+02  6.021043e+01  7.600000e+01
   endloop
 endfacet
 facet normal  9.854323e-01  1.700682e-01  2.900178e-15
   outer loop
     vertex  1.964992e+02  5.923047e+01  7.600000e+01
     vertex  1.964992e+02  5.923047e+01  6.600000e+01
     vertex  1.964151e+02  5.971747e+01  6.600000e+01
   endloop
 endfacet
 facet normal  9.854323e-01  1.700682e-01  2.900798e-15
   outer loop
     vertex  1.964992e+02  5.923047e+01  7.600000e+01
     vertex  1.964151e+02  5.971747e+01  6.600000e+01
     vertex  1.964151e+02  5.971747e+01  7.600000e+01
   endloop
 endfacet
 facet normal -9.160974e-01 -4.009557e-01 -6.837796e-15
   outer loop
     vertex  1.991929e+02  8.528473e+01  7.600000e+01
     vertex  1.993911e+02  8.483200e+01  6.600000e+01
     vertex  1.993911e+02  8.483200e+01  7.600000e+01
   endloop
 endfacet
 facet normal -9.160974e-01 -4.009557e-01 -7.407301e-15
   outer loop
     vertex  1.991929e+02  8.528473e+01  7.600000e+01
     vertex  1.991929e+02  8.528473e+01  6.600000e+01
     vertex  1.993911e+02  8.483200e+01  6.600000e+01
   endloop
 endfacet
 facet normal -7.935223e-01 -6.085412e-01 -7.257353e-15
   outer loop
     vertex  1.988922e+02  8.567689e+01  7.600000e+01
     vertex  1.988922e+02  8.567689e+01  6.600000e+01
     vertex  1.991929e+02  8.528473e+01  6.600000e+01
   endloop
 endfacet
 facet normal -6.248306e-01 -7.807604e-01 -1.042892e-14
   outer loop
     vertex  1.988922e+02  8.567689e+01  7.600000e+01
     vertex  1.985063e+02  8.598568e+01  6.600000e+01
     vertex  1.988922e+02  8.567689e+01  6.600000e+01
   endloop
 endfacet
 facet normal -7.935223e-01 -6.085412e-01 -1.124375e-14
   outer loop
     vertex  1.988922e+02  8.567689e+01  7.600000e+01
     vertex  1.991929e+02  8.528473e+01  6.600000e+01
     vertex  1.991929e+02  8.528473e+01  7.600000e+01
   endloop
 endfacet
 facet normal -6.248306e-01 -7.807604e-01 -1.442385e-14
   outer loop
     vertex  1.985063e+02  8.598568e+01  7.600000e+01
     vertex  1.985063e+02  8.598568e+01  6.600000e+01
     vertex  1.988922e+02  8.567689e+01  7.600000e+01
   endloop
 endfacet
 facet normal -4.198259e-01 -9.076046e-01 -1.547741e-14
   outer loop
     vertex  1.980578e+02  8.619316e+01  7.600000e+01
     vertex  1.980578e+02  8.619316e+01  6.600000e+01
     vertex  1.985063e+02  8.598568e+01  6.600000e+01
   endloop
 endfacet
 facet normal -4.198259e-01 -9.076046e-01 -1.676734e-14
   outer loop
     vertex  1.980578e+02  8.619316e+01  7.600000e+01
     vertex  1.985063e+02  8.598568e+01  6.600000e+01
     vertex  1.985063e+02  8.598568e+01  7.600000e+01
   endloop
 endfacet
 facet normal -1.904225e-01 -9.817022e-01 -1.953116e-14
   outer loop
     vertex  1.975726e+02  8.628727e+01  7.600000e+01
     vertex  1.975726e+02  8.628727e+01  6.600000e+01
     vertex  1.980578e+02  8.619316e+01  6.600000e+01
   endloop
 endfacet
 facet normal  5.004751e-02 -9.987468e-01 -1.987026e-14
   outer loop
     vertex  1.975726e+02  8.628727e+01  7.600000e+01
     vertex  1.970790e+02  8.626253e+01  6.600000e+01
     vertex  1.975726e+02  8.628727e+01  6.600000e+01
   endloop
 endfacet
 facet normal -1.904225e-01 -9.817022e-01 -1.674067e-14
   outer loop
     vertex  1.975726e+02  8.628727e+01  7.600000e+01
     vertex  1.980578e+02  8.619316e+01  6.600000e+01
     vertex  1.980578e+02  8.619316e+01  7.600000e+01
   endloop
 endfacet
 facet normal  5.004751e-02 -9.987468e-01 -1.547011e-14
   outer loop
     vertex  1.970790e+02  8.626253e+01  7.600000e+01
     vertex  1.970790e+02  8.626253e+01  6.600000e+01
     vertex  1.975726e+02  8.628727e+01  7.600000e+01
   endloop
 endfacet
 facet normal  2.876090e-01 -9.577479e-01 -1.987202e-14
   outer loop
     vertex  1.966057e+02  8.612040e+01  7.600000e+01
     vertex  1.966057e+02  8.612040e+01  6.600000e+01
     vertex  1.970790e+02  8.626253e+01  6.600000e+01
   endloop
 endfacet
 facet normal  2.876090e-01 -9.577479e-01 -1.415578e-14
   outer loop
     vertex  1.966057e+02  8.612040e+01  7.600000e+01
     vertex  1.970790e+02  8.626253e+01  6.600000e+01
     vertex  1.970790e+02  8.626253e+01  7.600000e+01
   endloop
 endfacet
 facet normal  5.084557e-01 -8.610882e-01 -1.468416e-14
   outer loop
     vertex  1.961802e+02  8.586912e+01  7.600000e+01
     vertex  1.961802e+02  8.586912e+01  6.600000e+01
     vertex  1.966057e+02  8.612040e+01  6.600000e+01
   endloop
 endfacet
 facet normal  5.084557e-01 -8.610882e-01 -1.857578e-14
   outer loop
     vertex  1.961802e+02  8.586912e+01  7.600000e+01
     vertex  1.966057e+02  8.612040e+01  6.600000e+01
     vertex  1.966057e+02  8.612040e+01  7.600000e+01
   endloop
 endfacet
 facet normal  6.997528e-01 -7.143851e-01 -1.019361e-14
   outer loop
     vertex  1.958271e+02  8.552330e+01  7.600000e+01
     vertex  1.958271e+02  8.552330e+01  6.600000e+01
     vertex  1.961802e+02  8.586912e+01  6.600000e+01
   endloop
 endfacet
 facet normal  6.997528e-01 -7.143851e-01 -1.218167e-14
   outer loop
     vertex  1.958271e+02  8.552330e+01  7.600000e+01
     vertex  1.961802e+02  8.586912e+01  6.600000e+01
     vertex  1.961802e+02  8.586912e+01  7.600000e+01
   endloop
 endfacet
 facet normal  8.503828e-01 -5.261646e-01 -1.064191e-14
   outer loop
     vertex  1.955671e+02  8.510304e+01  7.600000e+01
     vertex  1.955671e+02  8.510304e+01  6.600000e+01
     vertex  1.958271e+02  8.552330e+01  6.600000e+01
   endloop
 endfacet
 facet normal  9.515916e-01 -3.073653e-01 -7.509302e-15
   outer loop
     vertex  1.955671e+02  8.510304e+01  7.600000e+01
     vertex  1.954152e+02  8.463276e+01  6.600000e+01
     vertex  1.955671e+02  8.510304e+01  6.600000e+01
   endloop
 endfacet
 facet normal  8.503828e-01 -5.261646e-01 -6.556983e-15
   outer loop
     vertex  1.955671e+02  8.510304e+01  7.600000e+01
     vertex  1.958271e+02  8.552330e+01  6.600000e+01
     vertex  1.958271e+02  8.552330e+01  7.600000e+01
   endloop
 endfacet
 facet normal  9.974974e-01 -7.070302e-02 -1.205700e-15
   outer loop
     vertex  1.954152e+02  8.463276e+01  7.600000e+01
     vertex  1.953802e+02  8.413980e+01  6.600000e+01
     vertex  1.954152e+02  8.463276e+01  6.600000e+01
   endloop
 endfacet
 facet normal  9.515916e-01 -3.073653e-01 -5.241508e-15
   outer loop
     vertex  1.954152e+02  8.463276e+01  7.600000e+01
     vertex  1.954152e+02  8.463276e+01  6.600000e+01
     vertex  1.955671e+02  8.510304e+01  7.600000e+01
   endloop
 endfacet
 facet normal  9.974974e-01 -7.070302e-02 -1.306175e-15
   outer loop
     vertex  1.953802e+02  8.413980e+01  7.600000e+01
     vertex  1.953802e+02  8.413980e+01  6.600000e+01
     vertex  1.954152e+02  8.463276e+01  7.600000e+01
   endloop
 endfacet
 facet normal  9.854323e-01  1.700682e-01  2.900178e-15
   outer loop
     vertex  1.954643e+02  8.365280e+01  7.600000e+01
     vertex  1.954643e+02  8.365280e+01  6.600000e+01
     vertex  1.953802e+02  8.413980e+01  6.600000e+01
   endloop
 endfacet
 facet normal  9.854323e-01  1.700682e-01  3.140893e-15
   outer loop
     vertex  1.954643e+02  8.365280e+01  7.600000e+01
     vertex  1.953802e+02  8.413980e+01  6.600000e+01
     vertex  1.953802e+02  8.413980e+01  7.600000e+01
   endloop
 endfacet
 facet normal -9.160974e-01 -4.009557e-01 -4.230426e-15
   outer loop
     vertex  1.317756e+02  3.070105e+01  7.600000e+01
     vertex  1.322565e+02  2.960234e+01  6.600000e+01
     vertex  1.322565e+02  2.960234e+01  7.600000e+01
   endloop
 endfacet
 facet normal -9.160974e-01 -4.009557e-01 -6.837509e-15
   outer loop
     vertex  1.317756e+02  3.070105e+01  7.600000e+01
     vertex  1.317756e+02  3.070105e+01  6.600000e+01
     vertex  1.322565e+02  2.960234e+01  6.600000e+01
   endloop
 endfacet
 facet normal -7.935223e-01 -6.085412e-01 -1.037747e-14
   outer loop
     vertex  1.317756e+02  3.070105e+01  7.600000e+01
     vertex  1.310457e+02  3.165276e+01  6.600000e+01
     vertex  1.317756e+02  3.070105e+01  6.600000e+01
   endloop
 endfacet
 facet normal -7.935223e-01 -6.085412e-01 -1.349758e-14
   outer loop
     vertex  1.310457e+02  3.165276e+01  7.600000e+01
     vertex  1.310457e+02  3.165276e+01  6.600000e+01
     vertex  1.317756e+02  3.070105e+01  7.600000e+01
   endloop
 endfacet
 facet normal -6.248306e-01 -7.807604e-01 -1.442385e-14
   outer loop
     vertex  1.301093e+02  3.240214e+01  7.600000e+01
     vertex  1.301093e+02  3.240214e+01  6.600000e+01
     vertex  1.310457e+02  3.165276e+01  6.600000e+01
   endloop
 endfacet
 facet normal -6.248306e-01 -7.807604e-01 -1.619966e-14
   outer loop
     vertex  1.301093e+02  3.240214e+01  7.600000e+01
     vertex  1.310457e+02  3.165276e+01  6.600000e+01
     vertex  1.310457e+02  3.165276e+01  7.600000e+01
   endloop
 endfacet
 facet normal -4.198259e-01 -9.076046e-01 -1.492908e-14
   outer loop
     vertex  1.290208e+02  3.290565e+01  7.600000e+01
     vertex  1.290208e+02  3.290565e+01  6.600000e+01
     vertex  1.301093e+02  3.240214e+01  6.600000e+01
   endloop
 endfacet
 facet normal -1.904225e-01 -9.817022e-01 -1.689732e-14
   outer loop
     vertex  1.290208e+02  3.290565e+01  7.600000e+01
     vertex  1.278434e+02  3.313403e+01  6.600000e+01
     vertex  1.290208e+02  3.290565e+01  6.600000e+01
   endloop
 endfacet
 facet normal -4.198259e-01 -9.076046e-01 -1.676434e-14
   outer loop
     vertex  1.290208e+02  3.290565e+01  7.600000e+01
     vertex  1.301093e+02  3.240214e+01  6.600000e+01
     vertex  1.301093e+02  3.240214e+01  7.600000e+01
   endloop
 endfacet
 facet normal -1.904225e-01 -9.817022e-01 -1.550224e-14
   outer loop
     vertex  1.278434e+02  3.313403e+01  7.600000e+01
     vertex  1.278434e+02  3.313403e+01  6.600000e+01
     vertex  1.290208e+02  3.290565e+01  7.600000e+01
   endloop
 endfacet
 facet normal  5.004751e-02 -9.987468e-01 -1.767019e-14
   outer loop
     vertex  1.266456e+02  3.307401e+01  7.600000e+01
     vertex  1.266456e+02  3.307401e+01  6.600000e+01
     vertex  1.278434e+02  3.313403e+01  6.600000e+01
   endloop
 endfacet
 facet normal  2.876090e-01 -9.577479e-01 -1.660430e-14
   outer loop
     vertex  1.266456e+02  3.307401e+01  7.600000e+01
     vertex  1.254969e+02  3.272907e+01  6.600000e+01
     vertex  1.266456e+02  3.307401e+01  6.600000e+01
   endloop
 endfacet
 facet normal  5.004751e-02 -9.987468e-01 -1.646349e-14
   outer loop
     vertex  1.266456e+02  3.307401e+01  7.600000e+01
     vertex  1.278434e+02  3.313403e+01  6.600000e+01
     vertex  1.278434e+02  3.313403e+01  7.600000e+01
   endloop
 endfacet
 facet normal  2.876090e-01 -9.577479e-01 -1.592378e-14
   outer loop
     vertex  1.254969e+02  3.272907e+01  7.600000e+01
     vertex  1.254969e+02  3.272907e+01  6.600000e+01
     vertex  1.266456e+02  3.307401e+01  7.600000e+01
   endloop
 endfacet
 facet normal  5.084557e-01 -8.610882e-01 -1.590784e-14
   outer loop
     vertex  1.244642e+02  3.211926e+01  7.600000e+01
     vertex  1.244642e+02  3.211926e+01  6.600000e+01
     vertex  1.254969e+02  3.272907e+01  6.600000e+01
   endloop
 endfacet
 facet normal  5.084557e-01 -8.610882e-01 -1.395948e-14
   outer loop
     vertex  1.244642e+02  3.211926e+01  7.600000e+01
     vertex  1.254969e+02  3.272907e+01  6.600000e+01
     vertex  1.254969e+02  3.272907e+01  7.600000e+01
   endloop
 endfacet
 facet normal  6.997528e-01 -7.143851e-01 -1.317684e-14
   outer loop
     vertex  1.236074e+02  3.128002e+01  7.600000e+01
     vertex  1.236074e+02  3.128002e+01  6.600000e+01
     vertex  1.244642e+02  3.211926e+01  6.600000e+01
   endloop
 endfacet
 facet normal  6.997528e-01 -7.143851e-01 -1.320041e-14
   outer loop
     vertex  1.236074e+02  3.128002e+01  7.600000e+01
     vertex  1.244642e+02  3.211926e+01  6.600000e+01
     vertex  1.244642e+02  3.211926e+01  7.600000e+01
   endloop
 endfacet
 facet normal  8.503828e-01 -5.261646e-01 -8.972698e-15
   outer loop
     vertex  1.229763e+02  3.026012e+01  7.600000e+01
     vertex  1.229763e+02  3.026012e+01  6.600000e+01
     vertex  1.236074e+02  3.128002e+01  6.600000e+01
   endloop
 endfacet
 facet normal  8.503828e-01 -5.261646e-01 -1.018265e-14
   outer loop
     vertex  1.229763e+02  3.026012e+01  7.600000e+01
     vertex  1.236074e+02  3.128002e+01  6.600000e+01
     vertex  1.236074e+02  3.128002e+01  7.600000e+01
   endloop
 endfacet
 facet normal  9.515916e-01 -3.073653e-01 -4.107611e-15
   outer loop
     vertex  1.226077e+02  2.911884e+01  7.600000e+01
     vertex  1.226077e+02  2.911884e+01  6.600000e+01
     vertex  1.229763e+02  3.026012e+01  6.600000e+01
   endloop
 endfacet
 facet normal  9.974974e-01 -7.070302e-02  1.615912e-16
   outer loop
     vertex  1.226077e+02  2.911884e+01  7.600000e+01
     vertex  1.225229e+02  2.792250e+01  6.600000e+01
     vertex  1.226077e+02  2.911884e+01  6.600000e+01
   endloop
 endfacet
 facet normal  9.515916e-01 -3.073653e-01 -5.244062e-15
   outer loop
     vertex  1.226077e+02  2.911884e+01  7.600000e+01
     vertex  1.229763e+02  3.026012e+01  6.600000e+01
     vertex  1.229763e+02  3.026012e+01  7.600000e+01
   endloop
 endfacet
 facet normal  9.974974e-01 -7.070302e-02 -1.255938e-15
   outer loop
     vertex  1.225229e+02  2.792250e+01  7.600000e+01
     vertex  1.225229e+02  2.792250e+01  6.600000e+01
     vertex  1.226077e+02  2.911884e+01  7.600000e+01
   endloop
 endfacet
 facet normal  9.854323e-01  1.700682e-01  3.021019e-15
   outer loop
     vertex  1.227269e+02  2.674063e+01  7.600000e+01
     vertex  1.227269e+02  2.674063e+01  6.600000e+01
     vertex  1.225229e+02  2.792250e+01  6.600000e+01
   endloop
 endfacet
 facet normal  9.854323e-01  1.700682e-01  3.020080e-15
   outer loop
     vertex  1.227269e+02  2.674063e+01  7.600000e+01
     vertex  1.225229e+02  2.792250e+01  6.600000e+01
     vertex  1.225229e+02  2.792250e+01  7.600000e+01
   endloop
 endfacet
 facet normal -9.160974e-01 -4.009557e-01 -6.837509e-15
   outer loop
     vertex  1.035008e+02  8.076953e+01  7.600000e+01
     vertex  1.033027e+02  8.122227e+01  6.600000e+01
     vertex  1.035008e+02  8.076953e+01  6.600000e+01
   endloop
 endfacet
 facet normal -9.160974e-01 -4.009557e-01 -6.837509e-15
   outer loop
     vertex  1.033027e+02  8.122227e+01  7.600000e+01
     vertex  1.033027e+02  8.122227e+01  6.600000e+01
     vertex  1.035008e+02  8.076953e+01  7.600000e+01
   endloop
 endfacet
 facet normal -7.935223e-01 -6.085412e-01 -1.150513e-14
   outer loop
     vertex  1.030019e+02  8.161443e+01  7.600000e+01
     vertex  1.030019e+02  8.161443e+01  6.600000e+01
     vertex  1.033027e+02  8.122227e+01  6.600000e+01
   endloop
 endfacet
 facet normal -6.248306e-01 -7.807604e-01 -1.420226e-14
   outer loop
     vertex  1.030019e+02  8.161443e+01  7.600000e+01
     vertex  1.026161e+02  8.192322e+01  6.600000e+01
     vertex  1.030019e+02  8.161443e+01  6.600000e+01
   endloop
 endfacet
 facet normal -7.935223e-01 -6.085412e-01 -1.037885e-14
   outer loop
     vertex  1.030019e+02  8.161443e+01  7.600000e+01
     vertex  1.033027e+02  8.122227e+01  6.600000e+01
     vertex  1.033027e+02  8.122227e+01  7.600000e+01
   endloop
 endfacet
 facet normal -6.248306e-01 -7.807604e-01 -1.131686e-14
   outer loop
     vertex  1.026161e+02  8.192322e+01  7.600000e+01
     vertex  1.026161e+02  8.192322e+01  6.600000e+01
     vertex  1.030019e+02  8.161443e+01  7.600000e+01
   endloop
 endfacet
 facet normal -4.198259e-01 -9.076046e-01 -1.547741e-14
   outer loop
     vertex  1.021675e+02  8.213070e+01  7.600000e+01
     vertex  1.021675e+02  8.213070e+01  6.600000e+01
     vertex  1.026161e+02  8.192322e+01  6.600000e+01
   endloop
 endfacet
 facet normal -4.198259e-01 -9.076046e-01 -1.359135e-14
   outer loop
     vertex  1.021675e+02  8.213070e+01  7.600000e+01
     vertex  1.026161e+02  8.192322e+01  6.600000e+01
     vertex  1.026161e+02  8.192322e+01  7.600000e+01
   endloop
 endfacet
 facet normal -1.904225e-01 -9.817022e-01 -1.786547e-14
   outer loop
     vertex  1.016824e+02  8.222481e+01  7.600000e+01
     vertex  1.016824e+02  8.222481e+01  6.600000e+01
     vertex  1.021675e+02  8.213070e+01  6.600000e+01
   endloop
 endfacet
 facet normal  5.004751e-02 -9.987468e-01 -1.852208e-14
   outer loop
     vertex  1.016824e+02  8.222481e+01  7.600000e+01
     vertex  1.011888e+02  8.220007e+01  6.600000e+01
     vertex  1.016824e+02  8.222481e+01  6.600000e+01
   endloop
 endfacet
 facet normal -1.904225e-01 -9.817022e-01 -1.674207e-14
   outer loop
     vertex  1.016824e+02  8.222481e+01  7.600000e+01
     vertex  1.021675e+02  8.213070e+01  6.600000e+01
     vertex  1.021675e+02  8.213070e+01  7.600000e+01
   endloop
 endfacet
 facet normal  5.004751e-02 -9.987468e-01 -1.710278e-14
   outer loop
     vertex  1.011888e+02  8.220007e+01  7.600000e+01
     vertex  1.011888e+02  8.220007e+01  6.600000e+01
     vertex  1.016824e+02  8.222481e+01  7.600000e+01
   endloop
 endfacet
 facet normal  2.876090e-01 -9.577479e-01 -1.769354e-14
   outer loop
     vertex  1.007155e+02  8.205794e+01  7.600000e+01
     vertex  1.007155e+02  8.205794e+01  6.600000e+01
     vertex  1.011888e+02  8.220007e+01  6.600000e+01
   endloop
 endfacet
 facet normal  2.876090e-01 -9.577479e-01 -1.674207e-14
   outer loop
     vertex  1.007155e+02  8.205794e+01  7.600000e+01
     vertex  1.011888e+02  8.220007e+01  6.600000e+01
     vertex  1.011888e+02  8.220007e+01  7.600000e+01
   endloop
 endfacet
 facet normal  5.084557e-01 -8.610882e-01 -1.590784e-14
   outer loop
     vertex  1.002899e+02  8.180666e+01  7.600000e+01
     vertex  1.002899e+02  8.180666e+01  6.600000e+01
     vertex  1.007155e+02  8.205794e+01  6.600000e+01
   endloop
 endfacet
 facet normal  5.084557e-01 -8.610882e-01 -1.590805e-14
   outer loop
     vertex  1.002899e+02  8.180666e+01  7.600000e+01
     vertex  1.007155e+02  8.205794e+01  6.600000e+01
     vertex  1.007155e+02  8.205794e+01  7.600000e+01
   endloop
 endfacet
 facet normal  6.997528e-01 -7.143851e-01 -1.218243e-14
   outer loop
     vertex  9.993689e+01  8.146084e+01  7.600000e+01
     vertex  9.993689e+01  8.146084e+01  6.600000e+01
     vertex  1.002899e+02  8.180666e+01  6.600000e+01
   endloop
 endfacet
 facet normal  6.997528e-01 -7.143851e-01 -1.319821e-14
   outer loop
     vertex  9.993689e+01  8.146084e+01  7.600000e+01
     vertex  1.002899e+02  8.180666e+01  6.600000e+01
     vertex  1.002899e+02  8.180666e+01  7.600000e+01
   endloop
 endfacet
 facet normal  8.503828e-01 -5.261646e-01 -8.224973e-15
   outer loop
     vertex  9.967686e+01  8.104058e+01  7.600000e+01
     vertex  9.967686e+01  8.104058e+01  6.600000e+01
     vertex  9.993689e+01  8.146084e+01  6.600000e+01
   endloop
 endfacet
 facet normal  8.503828e-01 -5.261646e-01 -8.971974e-15
   outer loop
     vertex  9.967686e+01  8.104058e+01  7.600000e+01
     vertex  9.993689e+01  8.146084e+01  6.600000e+01
     vertex  9.993689e+01  8.146084e+01  7.600000e+01
   endloop
 endfacet
 facet normal  9.515916e-01 -3.073653e-01 -7.946094e-15
   outer loop
     vertex  9.952496e+01  8.057030e+01  7.600000e+01
     vertex  9.952496e+01  8.057030e+01  6.600000e+01
     vertex  9.967686e+01  8.104058e+01  6.600000e+01
   endloop
 endfacet
 facet normal  9.974974e-01 -7.070302e-02 -4.040759e-15
   outer loop
     vertex  9.952496e+01  8.057030e+01  7.600000e+01
     vertex  9.949002e+01  8.007734e+01  6.600000e+01
     vertex  9.952496e+01  8.057030e+01  6.600000e+01
   endloop
 endfacet
 facet normal  9.515916e-01 -3.073653e-01 -4.804710e-15
   outer loop
     vertex  9.952496e+01  8.057030e+01  7.600000e+01
     vertex  9.967686e+01  8.104058e+01  6.600000e+01
     vertex  9.967686e+01  8.104058e+01  7.600000e+01
   endloop
 endfacet
 facet normal  9.974974e-01 -7.070302e-02 -1.205700e-15
   outer loop
     vertex  9.949002e+01  8.007734e+01  7.600000e+01
     vertex  9.949002e+01  8.007734e+01  6.600000e+01
     vertex  9.952496e+01  8.057030e+01  7.600000e+01
   endloop
 endfacet
 facet normal  9.854323e-01  1.700682e-01  2.900178e-15
   outer loop
     vertex  9.957407e+01  7.959034e+01  7.600000e+01
     vertex  9.957407e+01  7.959034e+01  6.600000e+01
     vertex  9.949002e+01  8.007734e+01  6.600000e+01
   endloop
 endfacet
 facet normal  9.854323e-01  1.700682e-01  2.900798e-15
   outer loop
     vertex  9.957407e+01  7.959034e+01  7.600000e+01
     vertex  9.949002e+01  8.007734e+01  6.600000e+01
     vertex  9.949002e+01  8.007734e+01  7.600000e+01
   endloop
 endfacet
 facet normal -9.160974e-01 -4.009557e-01 -7.407301e-15
   outer loop
     vertex  1.772731e+02  1.132594e+02  7.600000e+01
     vertex  1.767923e+02  1.143581e+02  6.600000e+01
     vertex  1.772731e+02  1.132594e+02  6.600000e+01
   endloop
 endfacet
 facet normal -9.160974e-01 -4.009557e-01 -6.837509e-15
   outer loop
     vertex  1.767923e+02  1.143581e+02  7.600000e+01
     vertex  1.767923e+02  1.143581e+02  6.600000e+01
     vertex  1.772731e+02  1.132594e+02  7.600000e+01
   endloop
 endfacet
 facet normal -7.935223e-01 -6.085412e-01 -7.257353e-15
   outer loop
     vertex  1.760624e+02  1.153098e+02  7.600000e+01
     vertex  1.760624e+02  1.153098e+02  6.600000e+01
     vertex  1.767923e+02  1.143581e+02  6.600000e+01
   endloop
 endfacet
 facet normal -6.248306e-01 -7.807604e-01 -1.042892e-14
   outer loop
     vertex  1.760624e+02  1.153098e+02  7.600000e+01
     vertex  1.751260e+02  1.160592e+02  6.600000e+01
     vertex  1.760624e+02  1.153098e+02  6.600000e+01
   endloop
 endfacet
 facet normal -7.935223e-01 -6.085412e-01 -1.037704e-14
   outer loop
     vertex  1.760624e+02  1.153098e+02  7.600000e+01
     vertex  1.767923e+02  1.143581e+02  6.600000e+01
     vertex  1.767923e+02  1.143581e+02  7.600000e+01
   endloop
 endfacet
 facet normal -6.248306e-01 -7.807604e-01 -1.331433e-14
   outer loop
     vertex  1.751260e+02  1.160592e+02  7.600000e+01
     vertex  1.751260e+02  1.160592e+02  6.600000e+01
     vertex  1.760624e+02  1.153098e+02  7.600000e+01
   endloop
 endfacet
 facet normal -4.198259e-01 -9.076046e-01 -1.805697e-14
   outer loop
     vertex  1.740375e+02  1.165627e+02  7.600000e+01
     vertex  1.740375e+02  1.165627e+02  6.600000e+01
     vertex  1.751260e+02  1.160592e+02  6.600000e+01
   endloop
 endfacet
 facet normal -4.198259e-01 -9.076046e-01 -1.547762e-14
   outer loop
     vertex  1.740375e+02  1.165627e+02  7.600000e+01
     vertex  1.751260e+02  1.160592e+02  6.600000e+01
     vertex  1.751260e+02  1.160592e+02  7.600000e+01
   endloop
 endfacet
 facet normal -1.904225e-01 -9.817022e-01 -1.782342e-14
   outer loop
     vertex  1.728601e+02  1.167911e+02  7.600000e+01
     vertex  1.728601e+02  1.167911e+02  6.600000e+01
     vertex  1.740375e+02  1.165627e+02  6.600000e+01
   endloop
 endfacet
 facet normal  5.004751e-02 -9.987468e-01 -1.674717e-14
   outer loop
     vertex  1.728601e+02  1.167911e+02  7.600000e+01
     vertex  1.716623e+02  1.167310e+02  6.600000e+01
     vertex  1.728601e+02  1.167911e+02  6.600000e+01
   endloop
 endfacet
 facet normal -1.904225e-01 -9.817022e-01 -1.953216e-14
   outer loop
     vertex  1.728601e+02  1.167911e+02  7.600000e+01
     vertex  1.740375e+02  1.165627e+02  6.600000e+01
     vertex  1.740375e+02  1.165627e+02  7.600000e+01
   endloop
 endfacet
 facet normal  5.004751e-02 -9.987468e-01 -1.845096e-14
   outer loop
     vertex  1.716623e+02  1.167310e+02  7.600000e+01
     vertex  1.716623e+02  1.167310e+02  6.600000e+01
     vertex  1.728601e+02  1.167911e+02  7.600000e+01
   endloop
 endfacet
 facet normal  2.876090e-01 -9.577479e-01 -1.633250e-14
   outer loop
     vertex  1.705136e+02  1.163861e+02  7.600000e+01
     vertex  1.705136e+02  1.163861e+02  6.600000e+01
     vertex  1.716623e+02  1.167310e+02  6.600000e+01
   endloop
 endfacet
 facet normal  2.876090e-01 -9.577479e-01 -1.769466e-14
   outer loop
     vertex  1.705136e+02  1.163861e+02  7.600000e+01
     vertex  1.716623e+02  1.167310e+02  6.600000e+01
     vertex  1.716623e+02  1.167310e+02  7.600000e+01
   endloop
 endfacet
 facet normal  5.084557e-01 -8.610882e-01 -1.857664e-14
   outer loop
     vertex  1.694808e+02  1.157763e+02  7.600000e+01
     vertex  1.694808e+02  1.157763e+02  6.600000e+01
     vertex  1.705136e+02  1.163861e+02  6.600000e+01
   endloop
 endfacet
 facet normal  5.084557e-01 -8.610882e-01 -1.469078e-14
   outer loop
     vertex  1.694808e+02  1.157763e+02  7.600000e+01
     vertex  1.705136e+02  1.163861e+02  6.600000e+01
     vertex  1.705136e+02  1.163861e+02  7.600000e+01
   endloop
 endfacet
 facet normal  6.997528e-01 -7.143851e-01 -1.417124e-14
   outer loop
     vertex  1.686241e+02  1.149370e+02  7.600000e+01
     vertex  1.686241e+02  1.149370e+02  6.600000e+01
     vertex  1.694808e+02  1.157763e+02  6.600000e+01
   endloop
 endfacet
 facet normal  6.997528e-01 -7.143851e-01 -1.619966e-14
   outer loop
     vertex  1.686241e+02  1.149370e+02  7.600000e+01
     vertex  1.694808e+02  1.157763e+02  6.600000e+01
     vertex  1.694808e+02  1.157763e+02  7.600000e+01
   endloop
 endfacet
 facet normal  8.503828e-01 -5.261646e-01 -8.972698e-15
   outer loop
     vertex  1.679930e+02  1.139171e+02  7.600000e+01
     vertex  1.679930e+02  1.139171e+02  6.600000e+01
     vertex  1.686241e+02  1.149370e+02  6.600000e+01
   endloop
 endfacet
 facet normal  8.503828e-01 -5.261646e-01 -1.139531e-14
   outer loop
     vertex  1.679930e+02  1.139171e+02  7.600000e+01
     vertex  1.686241e+02  1.149370e+02  6.600000e+01
     vertex  1.686241e+02  1.149370e+02  7.600000e+01
   endloop
 endfacet
 facet normal  9.515916e-01 -3.073653e-01 -7.946094e-15
   outer loop
     vertex  1.676244e+02  1.127759e+02  7.600000e+01
     vertex  1.676244e+02  1.127759e+02  6.600000e+01
     vertex  1.679930e+02  1.139171e+02  6.600000e+01
   endloop
 endfacet
 facet normal  9.974974e-01 -7.070302e-02 -4.040759e-15
   outer loop
     vertex  1.676244e+02  1.127759e+02  7.600000e+01
     vertex  1.675396e+02  1.115795e+02  6.600000e+01
     vertex  1.676244e+02  1.127759e+02  6.600000e+01
   endloop
 endfacet
 facet normal  9.515916e-01 -3.073653e-01 -5.244062e-15
   outer loop
     vertex  1.676244e+02  1.127759e+02  7.600000e+01
     vertex  1.679930e+02  1.139171e+02  6.600000e+01
     vertex  1.679930e+02  1.139171e+02  7.600000e+01
   endloop
 endfacet
 facet normal  9.974974e-01 -7.070302e-02 -1.105225e-15
   outer loop
     vertex  1.675396e+02  1.115795e+02  7.600000e+01
     vertex  1.675396e+02  1.115795e+02  6.600000e+01
     vertex  1.676244e+02  1.127759e+02  7.600000e+01
   endloop
 endfacet
 facet normal  9.854323e-01  1.700682e-01  2.900178e-15
   outer loop
     vertex  1.677435e+02  1.103977e+02  7.600000e+01
     vertex  1.677435e+02  1.103977e+02  6.600000e+01
     vertex  1.675396e+02  1.115795e+02  6.600000e+01
   endloop
 endfacet
 facet normal  9.854323e-01  1.700682e-01  2.659059e-15
   outer loop
     vertex  1.677435e+02  1.103977e+02  7.600000e+01
     vertex  1.675396e+02  1.115795e+02  6.600000e+01
     vertex  1.675396e+02  1.115795e+02  7.600000e+01
   endloop
 endfacet
 facet normal -9.160974e-01 -4.009557e-01 -4.233803e-15
   outer loop
     vertex  1.868001e+02  1.057841e+02  7.600000e+01
     vertex  1.866020e+02  1.062368e+02  6.600000e+01
     vertex  1.868001e+02  1.057841e+02  6.600000e+01
   endloop
 endfacet
 facet normal -9.160974e-01 -4.009557e-01 -6.837509e-15
   outer loop
     vertex  1.866020e+02  1.062368e+02  7.600000e+01
     vertex  1.866020e+02  1.062368e+02  6.600000e+01
     vertex  1.868001e+02  1.057841e+02  7.600000e+01
   endloop
 endfacet
 facet normal -7.935223e-01 -6.085412e-01 -1.037747e-14
   outer loop
     vertex  1.863012e+02  1.066290e+02  7.600000e+01
     vertex  1.863012e+02  1.066290e+02  6.600000e+01
     vertex  1.866020e+02  1.062368e+02  6.600000e+01
   endloop
 endfacet
 facet normal -6.248306e-01 -7.807604e-01 -1.331433e-14
   outer loop
     vertex  1.863012e+02  1.066290e+02  7.600000e+01
     vertex  1.859154e+02  1.069378e+02  6.600000e+01
     vertex  1.863012e+02  1.066290e+02  6.600000e+01
   endloop
 endfacet
 facet normal -7.935223e-01 -6.085412e-01 -1.037885e-14
   outer loop
     vertex  1.863012e+02  1.066290e+02  7.600000e+01
     vertex  1.866020e+02  1.062368e+02  6.600000e+01
     vertex  1.866020e+02  1.062368e+02  7.600000e+01
   endloop
 endfacet
 facet normal -6.248306e-01 -7.807604e-01 -1.042892e-14
   outer loop
     vertex  1.859154e+02  1.069378e+02  7.600000e+01
     vertex  1.859154e+02  1.069378e+02  6.600000e+01
     vertex  1.863012e+02  1.066290e+02  7.600000e+01
   endloop
 endfacet
 facet normal -4.198259e-01 -9.076046e-01 -1.547741e-14
   outer loop
     vertex  1.854668e+02  1.071452e+02  7.600000e+01
     vertex  1.854668e+02  1.071452e+02  6.600000e+01
     vertex  1.859154e+02  1.069378e+02  6.600000e+01
   endloop
 endfacet
 facet normal -4.198259e-01 -9.076046e-01 -1.299322e-14
   outer loop
     vertex  1.854668e+02  1.071452e+02  7.600000e+01
     vertex  1.859154e+02  1.069378e+02  6.600000e+01
     vertex  1.859154e+02  1.069378e+02  7.600000e+01
   endloop
 endfacet
 facet normal -1.904225e-01 -9.817022e-01 -1.674099e-14
   outer loop
     vertex  1.849817e+02  1.072393e+02  7.600000e+01
     vertex  1.849817e+02  1.072393e+02  6.600000e+01
     vertex  1.854668e+02  1.071452e+02  6.600000e+01
   endloop
 endfacet
 facet normal  5.004751e-02 -9.987468e-01 -1.703166e-14
   outer loop
     vertex  1.849817e+02  1.072393e+02  7.600000e+01
     vertex  1.844881e+02  1.072146e+02  6.600000e+01
     vertex  1.849817e+02  1.072393e+02  6.600000e+01
   endloop
 endfacet
 facet normal -1.904225e-01 -9.817022e-01 -1.674067e-14
   outer loop
     vertex  1.849817e+02  1.072393e+02  7.600000e+01
     vertex  1.854668e+02  1.071452e+02  6.600000e+01
     vertex  1.854668e+02  1.071452e+02  7.600000e+01
   endloop
 endfacet
 facet normal  5.004751e-02 -9.987468e-01 -1.845096e-14
   outer loop
     vertex  1.844881e+02  1.072146e+02  7.600000e+01
     vertex  1.844881e+02  1.072146e+02  6.600000e+01
     vertex  1.849817e+02  1.072393e+02  7.600000e+01
   endloop
 endfacet
 facet normal  2.876090e-01 -9.577479e-01 -1.633250e-14
   outer loop
     vertex  1.840148e+02  1.070725e+02  7.600000e+01
     vertex  1.840148e+02  1.070725e+02  6.600000e+01
     vertex  1.844881e+02  1.072146e+02  6.600000e+01
   endloop
 endfacet
 facet normal  2.876090e-01 -9.577479e-01 -1.769403e-14
   outer loop
     vertex  1.840148e+02  1.070725e+02  7.600000e+01
     vertex  1.844881e+02  1.072146e+02  6.600000e+01
     vertex  1.844881e+02  1.072146e+02  7.600000e+01
   endloop
 endfacet
 facet normal  5.084557e-01 -8.610882e-01 -1.612928e-14
   outer loop
     vertex  1.835892e+02  1.068212e+02  7.600000e+01
     vertex  1.835892e+02  1.068212e+02  6.600000e+01
     vertex  1.840148e+02  1.070725e+02  6.600000e+01
   endloop
 endfacet
 facet normal  5.084557e-01 -8.610882e-01 -1.468371e-14
   outer loop
     vertex  1.835892e+02  1.068212e+02  7.600000e+01
     vertex  1.840148e+02  1.070725e+02  6.600000e+01
     vertex  1.840148e+02  1.070725e+02  7.600000e+01
   endloop
 endfacet
 facet normal  6.997528e-01 -7.143851e-01 -1.116723e-14
   outer loop
     vertex  1.832362e+02  1.064754e+02  7.600000e+01
     vertex  1.832362e+02  1.064754e+02  6.600000e+01
     vertex  1.835892e+02  1.068212e+02  6.600000e+01
   endloop
 endfacet
 facet normal  6.997528e-01 -7.143851e-01 -1.417263e-14
   outer loop
     vertex  1.832362e+02  1.064754e+02  7.600000e+01
     vertex  1.835892e+02  1.068212e+02  6.600000e+01
     vertex  1.835892e+02  1.068212e+02  7.600000e+01
   endloop
 endfacet
 facet normal  8.503828e-01 -5.261646e-01 -9.720423e-15
   outer loop
     vertex  1.829762e+02  1.060551e+02  7.600000e+01
     vertex  1.829762e+02  1.060551e+02  6.600000e+01
     vertex  1.832362e+02  1.064754e+02  6.600000e+01
   endloop
 endfacet
 facet normal  8.503828e-01 -5.261646e-01 -8.225012e-15
   outer loop
     vertex  1.829762e+02  1.060551e+02  7.600000e+01
     vertex  1.832362e+02  1.064754e+02  6.600000e+01
     vertex  1.832362e+02  1.064754e+02  7.600000e+01
   endloop
 endfacet
 facet normal  9.515916e-01 -3.073653e-01 -6.115093e-15
   outer loop
     vertex  1.828243e+02  1.055848e+02  7.600000e+01
     vertex  1.828243e+02  1.055848e+02  6.600000e+01
     vertex  1.829762e+02  1.060551e+02  6.600000e+01
   endloop
 endfacet
 facet normal  9.974974e-01 -7.070302e-02 -1.406650e-15
   outer loop
     vertex  1.828243e+02  1.055848e+02  7.600000e+01
     vertex  1.827893e+02  1.050919e+02  6.600000e+01
     vertex  1.828243e+02  1.055848e+02  6.600000e+01
   endloop
 endfacet
 facet normal  9.515916e-01 -3.073653e-01 -5.678038e-15
   outer loop
     vertex  1.828243e+02  1.055848e+02  7.600000e+01
     vertex  1.829762e+02  1.060551e+02  6.600000e+01
     vertex  1.829762e+02  1.060551e+02  7.600000e+01
   endloop
 endfacet
 facet normal  9.974974e-01 -7.070302e-02 -1.406650e-15
   outer loop
     vertex  1.827893e+02  1.050919e+02  7.600000e+01
     vertex  1.827893e+02  1.050919e+02  6.600000e+01
     vertex  1.828243e+02  1.055848e+02  7.600000e+01
   endloop
 endfacet
 facet normal  9.854323e-01  1.700682e-01  3.410925e-16
   outer loop
     vertex  1.828734e+02  1.046049e+02  7.600000e+01
     vertex  1.828734e+02  1.046049e+02  6.600000e+01
     vertex  1.827893e+02  1.050919e+02  6.600000e+01
   endloop
 endfacet
 facet normal  9.854323e-01  1.700682e-01  3.383796e-15
   outer loop
     vertex  1.828734e+02  1.046049e+02  7.600000e+01
     vertex  1.827893e+02  1.050919e+02  6.600000e+01
     vertex  1.827893e+02  1.050919e+02  7.600000e+01
   endloop
 endfacet
 facet normal -9.160974e-01 -4.009557e-01 -7.977896e-15
   outer loop
     vertex  1.619452e+02  1.195049e+02  7.600000e+01
     vertex  1.621433e+02  1.190522e+02  6.600000e+01
     vertex  1.621433e+02  1.190522e+02  7.600000e+01
   endloop
 endfacet
 facet normal -9.160974e-01 -4.009557e-01 -6.837509e-15
   outer loop
     vertex  1.619452e+02  1.195049e+02  7.600000e+01
     vertex  1.619452e+02  1.195049e+02  6.600000e+01
     vertex  1.621433e+02  1.190522e+02  6.600000e+01
   endloop
 endfacet
 facet normal -7.935223e-01 -6.085412e-01 -1.037747e-14
   outer loop
     vertex  1.616444e+02  1.198970e+02  7.600000e+01
     vertex  1.616444e+02  1.198970e+02  6.600000e+01
     vertex  1.619452e+02  1.195049e+02  6.600000e+01
   endloop
 endfacet
 facet normal -7.935223e-01 -6.085412e-01 -1.037885e-14
   outer loop
     vertex  1.616444e+02  1.198970e+02  7.600000e+01
     vertex  1.619452e+02  1.195049e+02  6.600000e+01
     vertex  1.619452e+02  1.195049e+02  7.600000e+01
   endloop
 endfacet
 facet normal -6.248306e-01 -7.807604e-01 -1.331433e-14
   outer loop
     vertex  1.612586e+02  1.202058e+02  7.600000e+01
     vertex  1.612586e+02  1.202058e+02  6.600000e+01
     vertex  1.616444e+02  1.198970e+02  6.600000e+01
   endloop
 endfacet
 facet normal -4.198259e-01 -9.076046e-01 -1.547741e-14
   outer loop
     vertex  1.612586e+02  1.202058e+02  7.600000e+01
     vertex  1.608100e+02  1.204133e+02  6.600000e+01
     vertex  1.612586e+02  1.202058e+02  6.600000e+01
   endloop
 endfacet
 facet normal -6.248306e-01 -7.807604e-01 -1.331334e-14
   outer loop
     vertex  1.612586e+02  1.202058e+02  7.600000e+01
     vertex  1.616444e+02  1.198970e+02  6.600000e+01
     vertex  1.616444e+02  1.198970e+02  7.600000e+01
   endloop
 endfacet
 facet normal -4.198259e-01 -9.076046e-01 -1.676719e-14
   outer loop
     vertex  1.608100e+02  1.204133e+02  7.600000e+01
     vertex  1.608100e+02  1.204133e+02  6.600000e+01
     vertex  1.612586e+02  1.202058e+02  7.600000e+01
   endloop
 endfacet
 facet normal -1.904225e-01 -9.817022e-01 -1.728221e-14
   outer loop
     vertex  1.603249e+02  1.205074e+02  7.600000e+01
     vertex  1.603249e+02  1.205074e+02  6.600000e+01
     vertex  1.608100e+02  1.204133e+02  6.600000e+01
   endloop
 endfacet
 facet normal -1.904225e-01 -9.817022e-01 -1.813631e-14
   outer loop
     vertex  1.603249e+02  1.205074e+02  7.600000e+01
     vertex  1.608100e+02  1.204133e+02  6.600000e+01
     vertex  1.608100e+02  1.204133e+02  7.600000e+01
   endloop
 endfacet
 facet normal  5.004751e-02 -9.987468e-01 -1.717390e-14
   outer loop
     vertex  1.598313e+02  1.204827e+02  7.600000e+01
     vertex  1.598313e+02  1.204827e+02  6.600000e+01
     vertex  1.603249e+02  1.205074e+02  6.600000e+01
   endloop
 endfacet
 facet normal  2.876090e-01 -9.577479e-01 -1.714993e-14
   outer loop
     vertex  1.598313e+02  1.204827e+02  7.600000e+01
     vertex  1.593580e+02  1.203406e+02  6.600000e+01
     vertex  1.598313e+02  1.204827e+02  6.600000e+01
   endloop
 endfacet
 facet normal  5.004751e-02 -9.987468e-01 -1.688950e-14
   outer loop
     vertex  1.598313e+02  1.204827e+02  7.600000e+01
     vertex  1.603249e+02  1.205074e+02  6.600000e+01
     vertex  1.603249e+02  1.205074e+02  7.600000e+01
   endloop
 endfacet
 facet normal  2.876090e-01 -9.577479e-01 -1.769354e-14
   outer loop
     vertex  1.593580e+02  1.203406e+02  7.600000e+01
     vertex  1.593580e+02  1.203406e+02  6.600000e+01
     vertex  1.598313e+02  1.204827e+02  7.600000e+01
   endloop
 endfacet
 facet normal  5.084557e-01 -8.610882e-01 -1.612928e-14
   outer loop
     vertex  1.589324e+02  1.200893e+02  7.600000e+01
     vertex  1.589324e+02  1.200893e+02  6.600000e+01
     vertex  1.593580e+02  1.203406e+02  6.600000e+01
   endloop
 endfacet
 facet normal  5.084557e-01 -8.610882e-01 -1.590805e-14
   outer loop
     vertex  1.589324e+02  1.200893e+02  7.600000e+01
     vertex  1.593580e+02  1.203406e+02  6.600000e+01
     vertex  1.593580e+02  1.203406e+02  7.600000e+01
   endloop
 endfacet
 facet normal  6.997528e-01 -7.143851e-01 -1.218243e-14
   outer loop
     vertex  1.585794e+02  1.197435e+02  7.600000e+01
     vertex  1.585794e+02  1.197435e+02  6.600000e+01
     vertex  1.589324e+02  1.200893e+02  6.600000e+01
   endloop
 endfacet
 facet normal  6.997528e-01 -7.143851e-01 -1.416982e-14
   outer loop
     vertex  1.585794e+02  1.197435e+02  7.600000e+01
     vertex  1.589324e+02  1.200893e+02  6.600000e+01
     vertex  1.589324e+02  1.200893e+02  7.600000e+01
   endloop
 endfacet
 facet normal  8.503828e-01 -5.261646e-01 -5.060315e-15
   outer loop
     vertex  1.583193e+02  1.193232e+02  7.600000e+01
     vertex  1.583193e+02  1.193232e+02  6.600000e+01
     vertex  1.585794e+02  1.197435e+02  6.600000e+01
   endloop
 endfacet
 facet normal  8.503828e-01 -5.261646e-01 -8.974782e-15
   outer loop
     vertex  1.583193e+02  1.193232e+02  7.600000e+01
     vertex  1.585794e+02  1.197435e+02  6.600000e+01
     vertex  1.585794e+02  1.197435e+02  7.600000e+01
   endloop
 endfacet
 facet normal  9.515916e-01 -3.073653e-01 -6.115093e-15
   outer loop
     vertex  1.581674e+02  1.188529e+02  7.600000e+01
     vertex  1.581674e+02  1.188529e+02  6.600000e+01
     vertex  1.583193e+02  1.193232e+02  6.600000e+01
   endloop
 endfacet
 facet normal  9.515916e-01 -3.073653e-01 -1.662413e-15
   outer loop
     vertex  1.581674e+02  1.188529e+02  7.600000e+01
     vertex  1.583193e+02  1.193232e+02  6.600000e+01
     vertex  1.583193e+02  1.193232e+02  7.600000e+01
   endloop
 endfacet
 facet normal  9.974974e-01 -7.070302e-02 -1.205700e-15
   outer loop
     vertex  1.581325e+02  1.183600e+02  7.600000e+01
     vertex  1.581325e+02  1.183600e+02  6.600000e+01
     vertex  1.581674e+02  1.188529e+02  6.600000e+01
   endloop
 endfacet
 facet normal  9.974974e-01 -7.070302e-02 -1.406171e-15
   outer loop
     vertex  1.581325e+02  1.183600e+02  7.600000e+01
     vertex  1.581674e+02  1.188529e+02  6.600000e+01
     vertex  1.581674e+02  1.188529e+02  7.600000e+01
   endloop
 endfacet
 facet normal  9.854323e-01  1.700682e-01  2.900178e-15
   outer loop
     vertex  1.582166e+02  1.178730e+02  7.600000e+01
     vertex  1.582166e+02  1.178730e+02  6.600000e+01
     vertex  1.581325e+02  1.183600e+02  6.600000e+01
   endloop
 endfacet
 facet normal  9.854323e-01  1.700682e-01  2.900798e-15
   outer loop
     vertex  1.582166e+02  1.178730e+02  7.600000e+01
     vertex  1.581325e+02  1.183600e+02  6.600000e+01
     vertex  1.581325e+02  1.183600e+02  7.600000e+01
   endloop
 endfacet
 facet normal -9.160974e-01 -4.009557e-01 -6.837796e-15
   outer loop
     vertex  1.165708e+02  1.058791e+02  7.600000e+01
     vertex  1.167689e+02  1.054263e+02  6.600000e+01
     vertex  1.167689e+02  1.054263e+02  7.600000e+01
   endloop
 endfacet
 facet normal -9.160974e-01 -4.009557e-01 -8.139361e-15
   outer loop
     vertex  1.165708e+02  1.058791e+02  7.600000e+01
     vertex  1.165708e+02  1.058791e+02  6.600000e+01
     vertex  1.167689e+02  1.054263e+02  6.600000e+01
   endloop
 endfacet
 facet normal -7.935223e-01 -6.085412e-01 -1.124226e-14
   outer loop
     vertex  1.162700e+02  1.062712e+02  7.600000e+01
     vertex  1.162700e+02  1.062712e+02  6.600000e+01
     vertex  1.165708e+02  1.058791e+02  6.600000e+01
   endloop
 endfacet
 facet normal -7.935223e-01 -6.085412e-01 -1.150491e-14
   outer loop
     vertex  1.162700e+02  1.062712e+02  7.600000e+01
     vertex  1.165708e+02  1.058791e+02  6.600000e+01
     vertex  1.165708e+02  1.058791e+02  7.600000e+01
   endloop
 endfacet
 facet normal -6.248306e-01 -7.807604e-01 -1.442385e-14
   outer loop
     vertex  1.158842e+02  1.065800e+02  7.600000e+01
     vertex  1.158842e+02  1.065800e+02  6.600000e+01
     vertex  1.162700e+02  1.062712e+02  6.600000e+01
   endloop
 endfacet
 facet normal -4.198259e-01 -9.076046e-01 -1.676719e-14
   outer loop
     vertex  1.158842e+02  1.065800e+02  7.600000e+01
     vertex  1.154356e+02  1.067875e+02  6.600000e+01
     vertex  1.158842e+02  1.065800e+02  6.600000e+01
   endloop
 endfacet
 facet normal -6.248306e-01 -7.807604e-01 -1.442536e-14
   outer loop
     vertex  1.158842e+02  1.065800e+02  7.600000e+01
     vertex  1.162700e+02  1.062712e+02  6.600000e+01
     vertex  1.162700e+02  1.062712e+02  7.600000e+01
   endloop
 endfacet
 facet normal -4.198259e-01 -9.076046e-01 -1.547741e-14
   outer loop
     vertex  1.154356e+02  1.067875e+02  7.600000e+01
     vertex  1.154356e+02  1.067875e+02  6.600000e+01
     vertex  1.158842e+02  1.065800e+02  7.600000e+01
   endloop
 endfacet
 facet normal -1.904225e-01 -9.817022e-01 -1.674099e-14
   outer loop
     vertex  1.149505e+02  1.068816e+02  7.600000e+01
     vertex  1.149505e+02  1.068816e+02  6.600000e+01
     vertex  1.154356e+02  1.067875e+02  6.600000e+01
   endloop
 endfacet
 facet normal -1.904225e-01 -9.817022e-01 -1.674067e-14
   outer loop
     vertex  1.149505e+02  1.068816e+02  7.600000e+01
     vertex  1.154356e+02  1.067875e+02  6.600000e+01
     vertex  1.154356e+02  1.067875e+02  7.600000e+01
   endloop
 endfacet
 facet normal  5.004751e-02 -9.987468e-01 -1.703166e-14
   outer loop
     vertex  1.144569e+02  1.068569e+02  7.600000e+01
     vertex  1.144569e+02  1.068569e+02  6.600000e+01
     vertex  1.149505e+02  1.068816e+02  6.600000e+01
   endloop
 endfacet
 facet normal  2.876090e-01 -9.577479e-01 -1.633250e-14
   outer loop
     vertex  1.144569e+02  1.068569e+02  7.600000e+01
     vertex  1.139836e+02  1.067147e+02  6.600000e+01
     vertex  1.144569e+02  1.068569e+02  6.600000e+01
   endloop
 endfacet
 facet normal  5.004751e-02 -9.987468e-01 -1.703166e-14
   outer loop
     vertex  1.144569e+02  1.068569e+02  7.600000e+01
     vertex  1.149505e+02  1.068816e+02  6.600000e+01
     vertex  1.149505e+02  1.068816e+02  7.600000e+01
   endloop
 endfacet
 facet normal  2.876090e-01 -9.577479e-01 -1.946330e-14
   outer loop
     vertex  1.139836e+02  1.067147e+02  7.600000e+01
     vertex  1.139836e+02  1.067147e+02  6.600000e+01
     vertex  1.144569e+02  1.068569e+02  7.600000e+01
   endloop
 endfacet
 facet normal  5.084557e-01 -8.610882e-01 -1.323904e-14
   outer loop
     vertex  1.135580e+02  1.064635e+02  7.600000e+01
     vertex  1.135580e+02  1.064635e+02  6.600000e+01
     vertex  1.139836e+02  1.067147e+02  6.600000e+01
   endloop
 endfacet
 facet normal  5.084557e-01 -8.610882e-01 -1.785409e-14
   outer loop
     vertex  1.135580e+02  1.064635e+02  7.600000e+01
     vertex  1.139836e+02  1.067147e+02  6.600000e+01
     vertex  1.139836e+02  1.067147e+02  7.600000e+01
   endloop
 endfacet
 facet normal  6.997528e-01 -7.143851e-01 -1.319763e-14
   outer loop
     vertex  1.132050e+02  1.061176e+02  7.600000e+01
     vertex  1.132050e+02  1.061176e+02  6.600000e+01
     vertex  1.135580e+02  1.064635e+02  6.600000e+01
   endloop
 endfacet
 facet normal  6.997528e-01 -7.143851e-01 -1.019351e-14
   outer loop
     vertex  1.132050e+02  1.061176e+02  7.600000e+01
     vertex  1.135580e+02  1.064635e+02  6.600000e+01
     vertex  1.135580e+02  1.064635e+02  7.600000e+01
   endloop
 endfacet
 facet normal  8.503828e-01 -5.261646e-01 -8.972698e-15
   outer loop
     vertex  1.129449e+02  1.056974e+02  7.600000e+01
     vertex  1.129449e+02  1.056974e+02  6.600000e+01
     vertex  1.132050e+02  1.061176e+02  6.600000e+01
   endloop
 endfacet
 facet normal  8.503828e-01 -5.261646e-01 -9.721745e-15
   outer loop
     vertex  1.129449e+02  1.056974e+02  7.600000e+01
     vertex  1.132050e+02  1.061176e+02  6.600000e+01
     vertex  1.132050e+02  1.061176e+02  7.600000e+01
   endloop
 endfacet
 facet normal  9.515916e-01 -3.073653e-01 -5.241508e-15
   outer loop
     vertex  1.127930e+02  1.052271e+02  7.600000e+01
     vertex  1.127930e+02  1.052271e+02  6.600000e+01
     vertex  1.129449e+02  1.056974e+02  6.600000e+01
   endloop
 endfacet
 facet normal  9.515916e-01 -3.073653e-01 -5.242778e-15
   outer loop
     vertex  1.127930e+02  1.052271e+02  7.600000e+01
     vertex  1.129449e+02  1.056974e+02  6.600000e+01
     vertex  1.129449e+02  1.056974e+02  7.600000e+01
   endloop
 endfacet
 facet normal  9.974974e-01 -7.070302e-02 -1.205700e-15
   outer loop
     vertex  1.127581e+02  1.047341e+02  7.600000e+01
     vertex  1.127581e+02  1.047341e+02  6.600000e+01
     vertex  1.127930e+02  1.052271e+02  6.600000e+01
   endloop
 endfacet
 facet normal  9.974974e-01 -7.070302e-02 -1.205390e-15
   outer loop
     vertex  1.127581e+02  1.047341e+02  7.600000e+01
     vertex  1.127930e+02  1.052271e+02  6.600000e+01
     vertex  1.127930e+02  1.052271e+02  7.600000e+01
   endloop
 endfacet
 facet normal  9.854323e-01  1.700682e-01  2.900178e-15
   outer loop
     vertex  1.128421e+02  1.042471e+02  7.600000e+01
     vertex  1.128421e+02  1.042471e+02  6.600000e+01
     vertex  1.127581e+02  1.047341e+02  6.600000e+01
   endloop
 endfacet
 facet normal  9.854323e-01  1.700682e-01  2.900798e-15
   outer loop
     vertex  1.128421e+02  1.042471e+02  7.600000e+01
     vertex  1.127581e+02  1.047341e+02  6.600000e+01
     vertex  1.127581e+02  1.047341e+02  7.600000e+01
   endloop
 endfacet
 facet normal -9.160974e-01 -4.009557e-01 -5.373388e-15
   outer loop
     vertex  1.129363e+02  9.393919e+01  7.600000e+01
     vertex  1.124554e+02  9.503791e+01  6.600000e+01
     vertex  1.129363e+02  9.393919e+01  6.600000e+01
   endloop
 endfacet
 facet normal -9.160974e-01 -4.009557e-01 -6.837509e-15
   outer loop
     vertex  1.124554e+02  9.503791e+01  7.600000e+01
     vertex  1.124554e+02  9.503791e+01  6.600000e+01
     vertex  1.129363e+02  9.393919e+01  7.600000e+01
   endloop
 endfacet
 facet normal -7.935223e-01 -6.085412e-01 -1.097938e-14
   outer loop
     vertex  1.117256e+02  9.598961e+01  7.600000e+01
     vertex  1.117256e+02  9.598961e+01  6.600000e+01
     vertex  1.124554e+02  9.503791e+01  6.600000e+01
   endloop
 endfacet
 facet normal -6.248306e-01 -7.807604e-01 -1.464544e-14
   outer loop
     vertex  1.117256e+02  9.598961e+01  7.600000e+01
     vertex  1.107892e+02  9.673899e+01  6.600000e+01
     vertex  1.117256e+02  9.598961e+01  6.600000e+01
   endloop
 endfacet
 facet normal -7.935223e-01 -6.085412e-01 -1.037704e-14
   outer loop
     vertex  1.117256e+02  9.598961e+01  7.600000e+01
     vertex  1.124554e+02  9.503791e+01  6.600000e+01
     vertex  1.124554e+02  9.503791e+01  7.600000e+01
   endloop
 endfacet
 facet normal -6.248306e-01 -7.807604e-01 -1.420226e-14
   outer loop
     vertex  1.107892e+02  9.673899e+01  7.600000e+01
     vertex  1.107892e+02  9.673899e+01  6.600000e+01
     vertex  1.117256e+02  9.598961e+01  7.600000e+01
   endloop
 endfacet
 facet normal -4.198259e-01 -9.076046e-01 -1.359101e-14
   outer loop
     vertex  1.097006e+02  9.724251e+01  7.600000e+01
     vertex  1.097006e+02  9.724251e+01  6.600000e+01
     vertex  1.107892e+02  9.673899e+01  6.600000e+01
   endloop
 endfacet
 facet normal -4.198259e-01 -9.076046e-01 -1.607932e-14
   outer loop
     vertex  1.097006e+02  9.724251e+01  7.600000e+01
     vertex  1.107892e+02  9.673899e+01  6.600000e+01
     vertex  1.107892e+02  9.673899e+01  7.600000e+01
   endloop
 endfacet
 facet normal -1.904225e-01 -9.817022e-01 -1.813608e-14
   outer loop
     vertex  1.085232e+02  9.747089e+01  7.600000e+01
     vertex  1.085232e+02  9.747089e+01  6.600000e+01
     vertex  1.097006e+02  9.724251e+01  6.600000e+01
   endloop
 endfacet
 facet normal  5.004751e-02 -9.987468e-01 -1.845096e-14
   outer loop
     vertex  1.085232e+02  9.747089e+01  7.600000e+01
     vertex  1.073254e+02  9.741087e+01  6.600000e+01
     vertex  1.085232e+02  9.747089e+01  6.600000e+01
   endloop
 endfacet
 facet normal -1.904225e-01 -9.817022e-01 -1.507494e-14
   outer loop
     vertex  1.085232e+02  9.747089e+01  7.600000e+01
     vertex  1.097006e+02  9.724251e+01  6.600000e+01
     vertex  1.097006e+02  9.724251e+01  7.600000e+01
   endloop
 endfacet
 facet normal  5.004751e-02 -9.987468e-01 -1.845096e-14
   outer loop
     vertex  1.073254e+02  9.741087e+01  7.600000e+01
     vertex  1.073254e+02  9.741087e+01  6.600000e+01
     vertex  1.085232e+02  9.747089e+01  7.600000e+01
   endloop
 endfacet
 facet normal  2.876090e-01 -9.577479e-01 -1.674122e-14
   outer loop
     vertex  1.061767e+02  9.706592e+01  7.600000e+01
     vertex  1.061767e+02  9.706592e+01  6.600000e+01
     vertex  1.073254e+02  9.741087e+01  6.600000e+01
   endloop
 endfacet
 facet normal  2.876090e-01 -9.577479e-01 -1.769466e-14
   outer loop
     vertex  1.061767e+02  9.706592e+01  7.600000e+01
     vertex  1.073254e+02  9.741087e+01  6.600000e+01
     vertex  1.073254e+02  9.741087e+01  7.600000e+01
   endloop
 endfacet
 facet normal  5.084557e-01 -8.610882e-01 -1.468416e-14
   outer loop
     vertex  1.051440e+02  9.645611e+01  7.600000e+01
     vertex  1.051440e+02  9.645611e+01  6.600000e+01
     vertex  1.061767e+02  9.706592e+01  6.600000e+01
   endloop
 endfacet
 facet normal  5.084557e-01 -8.610882e-01 -1.541282e-14
   outer loop
     vertex  1.051440e+02  9.645611e+01  7.600000e+01
     vertex  1.061767e+02  9.706592e+01  6.600000e+01
     vertex  1.061767e+02  9.706592e+01  7.600000e+01
   endloop
 endfacet
 facet normal  6.997528e-01 -7.143851e-01 -1.118802e-14
   outer loop
     vertex  1.042872e+02  9.561687e+01  7.600000e+01
     vertex  1.042872e+02  9.561687e+01  6.600000e+01
     vertex  1.051440e+02  9.645611e+01  6.600000e+01
   endloop
 endfacet
 facet normal  6.997528e-01 -7.143851e-01 -1.218215e-14
   outer loop
     vertex  1.042872e+02  9.561687e+01  7.600000e+01
     vertex  1.051440e+02  9.645611e+01  6.600000e+01
     vertex  1.051440e+02  9.645611e+01  7.600000e+01
   endloop
 endfacet
 facet normal  8.503828e-01 -5.261646e-01 -8.972698e-15
   outer loop
     vertex  1.036562e+02  9.459697e+01  7.600000e+01
     vertex  1.036562e+02  9.459697e+01  6.600000e+01
     vertex  1.042872e+02  9.561687e+01  6.600000e+01
   endloop
 endfacet
 facet normal  8.503828e-01 -5.261646e-01 -7.766581e-15
   outer loop
     vertex  1.036562e+02  9.459697e+01  7.600000e+01
     vertex  1.042872e+02  9.561687e+01  6.600000e+01
     vertex  1.042872e+02  9.561687e+01  7.600000e+01
   endloop
 endfacet
 facet normal  9.515916e-01 -3.073653e-01 -6.115093e-15
   outer loop
     vertex  1.032875e+02  9.345569e+01  7.600000e+01
     vertex  1.032875e+02  9.345569e+01  6.600000e+01
     vertex  1.036562e+02  9.459697e+01  6.600000e+01
   endloop
 endfacet
 facet normal  9.974974e-01 -7.070302e-02 -1.406650e-15
   outer loop
     vertex  1.032875e+02  9.345569e+01  7.600000e+01
     vertex  1.032027e+02  9.225935e+01  6.600000e+01
     vertex  1.032875e+02  9.345569e+01  6.600000e+01
   endloop
 endfacet
 facet normal  9.515916e-01 -3.073653e-01 -5.244062e-15
   outer loop
     vertex  1.032875e+02  9.345569e+01  7.600000e+01
     vertex  1.036562e+02  9.459697e+01  6.600000e+01
     vertex  1.036562e+02  9.459697e+01  7.600000e+01
   endloop
 endfacet
 facet normal  9.974974e-01 -7.070302e-02 -1.105225e-15
   outer loop
     vertex  1.032027e+02  9.225935e+01  7.600000e+01
     vertex  1.032027e+02  9.225935e+01  6.600000e+01
     vertex  1.032875e+02  9.345569e+01  7.600000e+01
   endloop
 endfacet
 facet normal  9.854323e-01  1.700682e-01  2.900178e-15
   outer loop
     vertex  1.034067e+02  9.107748e+01  7.600000e+01
     vertex  1.034067e+02  9.107748e+01  6.600000e+01
     vertex  1.032027e+02  9.225935e+01  6.600000e+01
   endloop
 endfacet
 facet normal  9.854323e-01  1.700682e-01  2.659059e-15
   outer loop
     vertex  1.034067e+02  9.107748e+01  7.600000e+01
     vertex  1.032027e+02  9.225935e+01  6.600000e+01
     vertex  1.032027e+02  9.225935e+01  7.600000e+01
   endloop
 endfacet
 facet normal -9.160974e-01 -4.009557e-01 -3.948230e-15
   outer loop
     vertex  1.415853e+02  2.257978e+01  7.600000e+01
     vertex  1.417834e+02  2.212705e+01  6.600000e+01
     vertex  1.417834e+02  2.212705e+01  7.600000e+01
   endloop
 endfacet
 facet normal -9.160974e-01 -4.009557e-01 -7.122405e-15
   outer loop
     vertex  1.415853e+02  2.257978e+01  7.600000e+01
     vertex  1.415853e+02  2.257978e+01  6.600000e+01
     vertex  1.417834e+02  2.212705e+01  6.600000e+01
   endloop
 endfacet
 facet normal -7.935223e-01 -6.085412e-01 -1.306519e-14
   outer loop
     vertex  1.412846e+02  2.297194e+01  7.600000e+01
     vertex  1.412846e+02  2.297194e+01  6.600000e+01
     vertex  1.415853e+02  2.257978e+01  6.600000e+01
   endloop
 endfacet
 facet normal -6.248306e-01 -7.807604e-01 -1.564497e-14
   outer loop
     vertex  1.412846e+02  2.297194e+01  7.600000e+01
     vertex  1.408987e+02  2.328073e+01  6.600000e+01
     vertex  1.412846e+02  2.297194e+01  6.600000e+01
   endloop
 endfacet
 facet normal -7.935223e-01 -6.085412e-01 -1.081130e-14
   outer loop
     vertex  1.412846e+02  2.297194e+01  7.600000e+01
     vertex  1.415853e+02  2.257978e+01  6.600000e+01
     vertex  1.415853e+02  2.257978e+01  7.600000e+01
   endloop
 endfacet
 facet normal -4.198259e-01 -9.076046e-01 -1.428419e-14
   outer loop
     vertex  1.408987e+02  2.328073e+01  7.600000e+01
     vertex  1.404502e+02  2.348821e+01  6.600000e+01
     vertex  1.408987e+02  2.328073e+01  6.600000e+01
   endloop
 endfacet
 facet normal -6.248306e-01 -7.807604e-01 -1.153845e-14
   outer loop
     vertex  1.408987e+02  2.328073e+01  7.600000e+01
     vertex  1.408987e+02  2.328073e+01  6.600000e+01
     vertex  1.412846e+02  2.297194e+01  7.600000e+01
   endloop
 endfacet
 facet normal -4.198259e-01 -9.076046e-01 -1.676719e-14
   outer loop
     vertex  1.404502e+02  2.348821e+01  7.600000e+01
     vertex  1.404502e+02  2.348821e+01  6.600000e+01
     vertex  1.408987e+02  2.328073e+01  7.600000e+01
   endloop
 endfacet
 facet normal -1.904225e-01 -9.817022e-01 -1.619978e-14
   outer loop
     vertex  1.399650e+02  2.358232e+01  7.600000e+01
     vertex  1.399650e+02  2.358232e+01  6.600000e+01
     vertex  1.404502e+02  2.348821e+01  6.600000e+01
   endloop
 endfacet
 facet normal -1.904225e-01 -9.817022e-01 -1.813631e-14
   outer loop
     vertex  1.399650e+02  2.358232e+01  7.600000e+01
     vertex  1.404502e+02  2.348821e+01  6.600000e+01
     vertex  1.404502e+02  2.348821e+01  7.600000e+01
   endloop
 endfacet
 facet normal  5.004751e-02 -9.987468e-01 -1.717390e-14
   outer loop
     vertex  1.394714e+02  2.355758e+01  7.600000e+01
     vertex  1.394714e+02  2.355758e+01  6.600000e+01
     vertex  1.399650e+02  2.358232e+01  6.600000e+01
   endloop
 endfacet
 facet normal  5.004751e-02 -9.987468e-01 -1.717417e-14
   outer loop
     vertex  1.394714e+02  2.355758e+01  7.600000e+01
     vertex  1.399650e+02  2.358232e+01  6.600000e+01
     vertex  1.399650e+02  2.358232e+01  7.600000e+01
   endloop
 endfacet
 facet normal  2.876090e-01 -9.577479e-01 -1.687611e-14
   outer loop
     vertex  1.389981e+02  2.341545e+01  7.600000e+01
     vertex  1.389981e+02  2.341545e+01  6.600000e+01
     vertex  1.394714e+02  2.355758e+01  6.600000e+01
   endloop
 endfacet
 facet normal  2.876090e-01 -9.577479e-01 -1.714925e-14
   outer loop
     vertex  1.389981e+02  2.341545e+01  7.600000e+01
     vertex  1.394714e+02  2.355758e+01  6.600000e+01
     vertex  1.394714e+02  2.355758e+01  7.600000e+01
   endloop
 endfacet
 facet normal  5.084557e-01 -8.610882e-01 -1.612928e-14
   outer loop
     vertex  1.385726e+02  2.316417e+01  7.600000e+01
     vertex  1.385726e+02  2.316417e+01  6.600000e+01
     vertex  1.389981e+02  2.341545e+01  6.600000e+01
   endloop
 endfacet
 facet normal  5.084557e-01 -8.610882e-01 -1.446187e-14
   outer loop
     vertex  1.385726e+02  2.316417e+01  7.600000e+01
     vertex  1.389981e+02  2.341545e+01  6.600000e+01
     vertex  1.389981e+02  2.341545e+01  7.600000e+01
   endloop
 endfacet
 facet normal  6.997528e-01 -7.143851e-01 -1.218243e-14
   outer loop
     vertex  1.382195e+02  2.281835e+01  7.600000e+01
     vertex  1.382195e+02  2.281835e+01  6.600000e+01
     vertex  1.385726e+02  2.316417e+01  6.600000e+01
   endloop
 endfacet
 facet normal  6.997528e-01 -7.143851e-01 -1.417263e-14
   outer loop
     vertex  1.382195e+02  2.281835e+01  7.600000e+01
     vertex  1.385726e+02  2.316417e+01  6.600000e+01
     vertex  1.385726e+02  2.316417e+01  7.600000e+01
   endloop
 endfacet
 facet normal  8.503828e-01 -5.261646e-01 -9.346560e-15
   outer loop
     vertex  1.379595e+02  2.239809e+01  7.600000e+01
     vertex  1.379595e+02  2.239809e+01  6.600000e+01
     vertex  1.382195e+02  2.281835e+01  6.600000e+01
   endloop
 endfacet
 facet normal  8.503828e-01 -5.261646e-01 -8.971974e-15
   outer loop
     vertex  1.379595e+02  2.239809e+01  7.600000e+01
     vertex  1.382195e+02  2.281835e+01  6.600000e+01
     vertex  1.382195e+02  2.281835e+01  7.600000e+01
   endloop
 endfacet
 facet normal  9.515916e-01 -3.073653e-01 -7.946094e-15
   outer loop
     vertex  1.378076e+02  2.192781e+01  7.600000e+01
     vertex  1.378076e+02  2.192781e+01  6.600000e+01
     vertex  1.379595e+02  2.239809e+01  6.600000e+01
   endloop
 endfacet
 facet normal  9.974974e-01 -7.070302e-02 -4.040759e-15
   outer loop
     vertex  1.378076e+02  2.192781e+01  7.600000e+01
     vertex  1.377726e+02  2.143485e+01  6.600000e+01
     vertex  1.378076e+02  2.192781e+01  6.600000e+01
   endloop
 endfacet
 facet normal  9.515916e-01 -3.073653e-01 -5.459004e-15
   outer loop
     vertex  1.378076e+02  2.192781e+01  7.600000e+01
     vertex  1.379595e+02  2.239809e+01  6.600000e+01
     vertex  1.379595e+02  2.239809e+01  7.600000e+01
   endloop
 endfacet
 facet normal  9.974974e-01 -7.070302e-02 -1.255938e-15
   outer loop
     vertex  1.377726e+02  2.143485e+01  7.600000e+01
     vertex  1.377726e+02  2.143485e+01  6.600000e+01
     vertex  1.378076e+02  2.192781e+01  7.600000e+01
   endloop
 endfacet
 facet normal  9.854323e-01  1.700682e-01  9.941100e-17
   outer loop
     vertex  1.378567e+02  2.094785e+01  7.600000e+01
     vertex  1.378567e+02  2.094785e+01  6.600000e+01
     vertex  1.377726e+02  2.143485e+01  6.600000e+01
   endloop
 endfacet
 facet normal  9.854323e-01  1.700682e-01  3.021548e-15
   outer loop
     vertex  1.378567e+02  2.094785e+01  7.600000e+01
     vertex  1.377726e+02  2.143485e+01  6.600000e+01
     vertex  1.377726e+02  2.143485e+01  7.600000e+01
   endloop
 endfacet
 facet normal -9.160974e-01 -4.009557e-01 -7.405038e-15
   outer loop
     vertex  1.169285e+02  3.584786e+01  7.600000e+01
     vertex  1.171266e+02  3.539512e+01  6.600000e+01
     vertex  1.171266e+02  3.539512e+01  7.600000e+01
   endloop
 endfacet
 facet normal -9.160974e-01 -4.009557e-01 -7.122405e-15
   outer loop
     vertex  1.169285e+02  3.584786e+01  7.600000e+01
     vertex  1.169285e+02  3.584786e+01  6.600000e+01
     vertex  1.171266e+02  3.539512e+01  6.600000e+01
   endloop
 endfacet
 facet normal -7.935223e-01 -6.085412e-01 -9.682200e-15
   outer loop
     vertex  1.166277e+02  3.624002e+01  7.600000e+01
     vertex  1.166277e+02  3.624002e+01  6.600000e+01
     vertex  1.169285e+02  3.584786e+01  6.600000e+01
   endloop
 endfacet
 facet normal -6.248306e-01 -7.807604e-01 -1.298115e-14
   outer loop
     vertex  1.166277e+02  3.624002e+01  7.600000e+01
     vertex  1.162419e+02  3.654881e+01  6.600000e+01
     vertex  1.166277e+02  3.624002e+01  6.600000e+01
   endloop
 endfacet
 facet normal -7.935223e-01 -6.085412e-01 -1.080849e-14
   outer loop
     vertex  1.166277e+02  3.624002e+01  7.600000e+01
     vertex  1.169285e+02  3.584786e+01  6.600000e+01
     vertex  1.169285e+02  3.584786e+01  7.600000e+01
   endloop
 endfacet
 facet normal -4.198259e-01 -9.076046e-01 -1.488080e-14
   outer loop
     vertex  1.162419e+02  3.654881e+01  7.600000e+01
     vertex  1.157934e+02  3.675629e+01  6.600000e+01
     vertex  1.162419e+02  3.654881e+01  6.600000e+01
   endloop
 endfacet
 facet normal -6.248306e-01 -7.807604e-01 -1.242639e-14
   outer loop
     vertex  1.162419e+02  3.654881e+01  7.600000e+01
     vertex  1.162419e+02  3.654881e+01  6.600000e+01
     vertex  1.166277e+02  3.624002e+01  7.600000e+01
   endloop
 endfacet
 facet normal -4.198259e-01 -9.076046e-01 -1.428419e-14
   outer loop
     vertex  1.157934e+02  3.675629e+01  7.600000e+01
     vertex  1.157934e+02  3.675629e+01  6.600000e+01
     vertex  1.162419e+02  3.654881e+01  7.600000e+01
   endloop
 endfacet
 facet normal -1.904225e-01 -9.817022e-01 -1.716793e-14
   outer loop
     vertex  1.153082e+02  3.685039e+01  7.600000e+01
     vertex  1.153082e+02  3.685039e+01  6.600000e+01
     vertex  1.157934e+02  3.675629e+01  6.600000e+01
   endloop
 endfacet
 facet normal -1.904225e-01 -9.817022e-01 -1.620010e-14
   outer loop
     vertex  1.153082e+02  3.685039e+01  7.600000e+01
     vertex  1.157934e+02  3.675629e+01  6.600000e+01
     vertex  1.157934e+02  3.675629e+01  7.600000e+01
   endloop
 endfacet
 facet normal  5.004751e-02 -9.987468e-01 -1.788355e-14
   outer loop
     vertex  1.148146e+02  3.682566e+01  7.600000e+01
     vertex  1.148146e+02  3.682566e+01  6.600000e+01
     vertex  1.153082e+02  3.685039e+01  6.600000e+01
   endloop
 endfacet
 facet normal  5.004751e-02 -9.987468e-01 -1.781267e-14
   outer loop
     vertex  1.148146e+02  3.682566e+01  7.600000e+01
     vertex  1.153082e+02  3.685039e+01  6.600000e+01
     vertex  1.153082e+02  3.685039e+01  7.600000e+01
   endloop
 endfacet
 facet normal  2.876090e-01 -9.577479e-01 -1.674122e-14
   outer loop
     vertex  1.143413e+02  3.668352e+01  7.600000e+01
     vertex  1.143413e+02  3.668352e+01  6.600000e+01
     vertex  1.148146e+02  3.682566e+01  6.600000e+01
   endloop
 endfacet
 facet normal  2.876090e-01 -9.577479e-01 -1.782882e-14
   outer loop
     vertex  1.143413e+02  3.668352e+01  7.600000e+01
     vertex  1.148146e+02  3.682566e+01  6.600000e+01
     vertex  1.148146e+02  3.682566e+01  7.600000e+01
   endloop
 endfacet
 facet normal  5.084557e-01 -8.610882e-01 -1.468416e-14
   outer loop
     vertex  1.139157e+02  3.643224e+01  7.600000e+01
     vertex  1.139157e+02  3.643224e+01  6.600000e+01
     vertex  1.143413e+02  3.668352e+01  6.600000e+01
   endloop
 endfacet
 facet normal  5.084557e-01 -8.610882e-01 -1.540540e-14
   outer loop
     vertex  1.139157e+02  3.643224e+01  7.600000e+01
     vertex  1.143413e+02  3.668352e+01  6.600000e+01
     vertex  1.143413e+02  3.668352e+01  7.600000e+01
   endloop
 endfacet
 facet normal  6.997528e-01 -7.143851e-01 -1.269003e-14
   outer loop
     vertex  1.135627e+02  3.608642e+01  7.600000e+01
     vertex  1.135627e+02  3.608642e+01  6.600000e+01
     vertex  1.139157e+02  3.643224e+01  6.600000e+01
   endloop
 endfacet
 facet normal  6.997528e-01 -7.143851e-01 -1.218167e-14
   outer loop
     vertex  1.135627e+02  3.608642e+01  7.600000e+01
     vertex  1.139157e+02  3.643224e+01  6.600000e+01
     vertex  1.139157e+02  3.643224e+01  7.600000e+01
   endloop
 endfacet
 facet normal  8.503828e-01 -5.261646e-01 -8.138094e-15
   outer loop
     vertex  1.133027e+02  3.566617e+01  7.600000e+01
     vertex  1.133027e+02  3.566617e+01  6.600000e+01
     vertex  1.135627e+02  3.608642e+01  6.600000e+01
   endloop
 endfacet
 facet normal  8.503828e-01 -5.261646e-01 -9.345456e-15
   outer loop
     vertex  1.133027e+02  3.566617e+01  7.600000e+01
     vertex  1.135627e+02  3.608642e+01  6.600000e+01
     vertex  1.135627e+02  3.608642e+01  7.600000e+01
   endloop
 endfacet
 facet normal  9.515916e-01 -3.073653e-01 -6.812197e-15
   outer loop
     vertex  1.131508e+02  3.519589e+01  7.600000e+01
     vertex  1.131508e+02  3.519589e+01  6.600000e+01
     vertex  1.133027e+02  3.566617e+01  6.600000e+01
   endloop
 endfacet
 facet normal  9.974974e-01 -7.070302e-02 -2.673467e-15
   outer loop
     vertex  1.131508e+02  3.519589e+01  7.600000e+01
     vertex  1.131158e+02  3.470292e+01  6.600000e+01
     vertex  1.131508e+02  3.519589e+01  6.600000e+01
   endloop
 endfacet
 facet normal  9.515916e-01 -3.073653e-01 -4.108294e-15
   outer loop
     vertex  1.131508e+02  3.519589e+01  7.600000e+01
     vertex  1.133027e+02  3.566617e+01  6.600000e+01
     vertex  1.133027e+02  3.566617e+01  7.600000e+01
   endloop
 endfacet
 facet normal  9.974974e-01 -7.070302e-02 -1.205700e-15
   outer loop
     vertex  1.131158e+02  3.470292e+01  7.600000e+01
     vertex  1.131158e+02  3.470292e+01  6.600000e+01
     vertex  1.131508e+02  3.519589e+01  7.600000e+01
   endloop
 endfacet
 facet normal  9.854323e-01  1.700682e-01  1.499795e-15
   outer loop
     vertex  1.131999e+02  3.421592e+01  7.600000e+01
     vertex  1.131999e+02  3.421592e+01  6.600000e+01
     vertex  1.131158e+02  3.470292e+01  6.600000e+01
   endloop
 endfacet
 facet normal  9.854323e-01  1.700682e-01  2.899394e-15
   outer loop
     vertex  1.131999e+02  3.421592e+01  7.600000e+01
     vertex  1.131158e+02  3.470292e+01  6.600000e+01
     vertex  1.131158e+02  3.470292e+01  7.600000e+01
   endloop
 endfacet
 facet normal -9.160974e-01 -4.009557e-01 -7.407301e-15
   outer loop
     vertex  1.377210e+02  1.180173e+02  7.600000e+01
     vertex  1.375228e+02  1.184700e+02  6.600000e+01
     vertex  1.377210e+02  1.180173e+02  6.600000e+01
   endloop
 endfacet
 facet normal -9.160974e-01 -4.009557e-01 -6.837509e-15
   outer loop
     vertex  1.375228e+02  1.184700e+02  7.600000e+01
     vertex  1.375228e+02  1.184700e+02  6.600000e+01
     vertex  1.377210e+02  1.180173e+02  7.600000e+01
   endloop
 endfacet
 facet normal -7.935223e-01 -6.085412e-01 -1.124226e-14
   outer loop
     vertex  1.372221e+02  1.188622e+02  7.600000e+01
     vertex  1.372221e+02  1.188622e+02  6.600000e+01
     vertex  1.375228e+02  1.184700e+02  6.600000e+01
   endloop
 endfacet
 facet normal -6.248306e-01 -7.807604e-01 -1.442385e-14
   outer loop
     vertex  1.372221e+02  1.188622e+02  7.600000e+01
     vertex  1.368362e+02  1.191710e+02  6.600000e+01
     vertex  1.372221e+02  1.188622e+02  6.600000e+01
   endloop
 endfacet
 facet normal -7.935223e-01 -6.085412e-01 -1.037885e-14
   outer loop
     vertex  1.372221e+02  1.188622e+02  7.600000e+01
     vertex  1.375228e+02  1.184700e+02  6.600000e+01
     vertex  1.375228e+02  1.184700e+02  7.600000e+01
   endloop
 endfacet
 facet normal -6.248306e-01 -7.807604e-01 -1.220480e-14
   outer loop
     vertex  1.368362e+02  1.191710e+02  7.600000e+01
     vertex  1.368362e+02  1.191710e+02  6.600000e+01
     vertex  1.372221e+02  1.188622e+02  7.600000e+01
   endloop
 endfacet
 facet normal -4.198259e-01 -9.076046e-01 -1.547741e-14
   outer loop
     vertex  1.363877e+02  1.193784e+02  7.600000e+01
     vertex  1.363877e+02  1.193784e+02  6.600000e+01
     vertex  1.368362e+02  1.191710e+02  6.600000e+01
   endloop
 endfacet
 facet normal -4.198259e-01 -9.076046e-01 -1.418948e-14
   outer loop
     vertex  1.363877e+02  1.193784e+02  7.600000e+01
     vertex  1.368362e+02  1.191710e+02  6.600000e+01
     vertex  1.368362e+02  1.191710e+02  7.600000e+01
   endloop
 endfacet
 facet normal -1.904225e-01 -9.817022e-01 -1.674099e-14
   outer loop
     vertex  1.359025e+02  1.194725e+02  7.600000e+01
     vertex  1.359025e+02  1.194725e+02  6.600000e+01
     vertex  1.363877e+02  1.193784e+02  6.600000e+01
   endloop
 endfacet
 facet normal  5.004751e-02 -9.987468e-01 -1.703166e-14
   outer loop
     vertex  1.359025e+02  1.194725e+02  7.600000e+01
     vertex  1.354090e+02  1.194478e+02  6.600000e+01
     vertex  1.359025e+02  1.194725e+02  6.600000e+01
   endloop
 endfacet
 facet normal -1.904225e-01 -9.817022e-01 -1.674067e-14
   outer loop
     vertex  1.359025e+02  1.194725e+02  7.600000e+01
     vertex  1.363877e+02  1.193784e+02  6.600000e+01
     vertex  1.363877e+02  1.193784e+02  7.600000e+01
   endloop
 endfacet
 facet normal  5.004751e-02 -9.987468e-01 -1.547011e-14
   outer loop
     vertex  1.354090e+02  1.194478e+02  7.600000e+01
     vertex  1.354090e+02  1.194478e+02  6.600000e+01
     vertex  1.359025e+02  1.194725e+02  7.600000e+01
   endloop
 endfacet
 facet normal  2.876090e-01 -9.577479e-01 -1.769354e-14
   outer loop
     vertex  1.349356e+02  1.193057e+02  7.600000e+01
     vertex  1.349356e+02  1.193057e+02  6.600000e+01
     vertex  1.354090e+02  1.194478e+02  6.600000e+01
   endloop
 endfacet
 facet normal  2.876090e-01 -9.577479e-01 -1.415578e-14
   outer loop
     vertex  1.349356e+02  1.193057e+02  7.600000e+01
     vertex  1.354090e+02  1.194478e+02  6.600000e+01
     vertex  1.354090e+02  1.194478e+02  7.600000e+01
   endloop
 endfacet
 facet normal  5.084557e-01 -8.610882e-01 -1.590784e-14
   outer loop
     vertex  1.345101e+02  1.190544e+02  7.600000e+01
     vertex  1.345101e+02  1.190544e+02  6.600000e+01
     vertex  1.349356e+02  1.193057e+02  6.600000e+01
   endloop
 endfacet
 facet normal  5.084557e-01 -8.610882e-01 -1.590805e-14
   outer loop
     vertex  1.345101e+02  1.190544e+02  7.600000e+01
     vertex  1.349356e+02  1.193057e+02  6.600000e+01
     vertex  1.349356e+02  1.193057e+02  7.600000e+01
   endloop
 endfacet
 facet normal  6.997528e-01 -7.143851e-01 -1.120881e-14
   outer loop
     vertex  1.341570e+02  1.187086e+02  7.600000e+01
     vertex  1.341570e+02  1.187086e+02  6.600000e+01
     vertex  1.345101e+02  1.190544e+02  6.600000e+01
   endloop
 endfacet
 facet normal  6.997528e-01 -7.143851e-01 -1.319540e-14
   outer loop
     vertex  1.341570e+02  1.187086e+02  7.600000e+01
     vertex  1.345101e+02  1.190544e+02  6.600000e+01
     vertex  1.345101e+02  1.190544e+02  7.600000e+01
   endloop
 endfacet
 facet normal  8.503828e-01 -5.261646e-01 -1.064191e-14
   outer loop
     vertex  1.338970e+02  1.182883e+02  7.600000e+01
     vertex  1.338970e+02  1.182883e+02  6.600000e+01
     vertex  1.341570e+02  1.187086e+02  6.600000e+01
   endloop
 endfacet
 facet normal  8.503828e-01 -5.261646e-01 -7.303945e-15
   outer loop
     vertex  1.338970e+02  1.182883e+02  7.600000e+01
     vertex  1.341570e+02  1.187086e+02  6.600000e+01
     vertex  1.341570e+02  1.187086e+02  7.600000e+01
   endloop
 endfacet
 facet normal  9.515916e-01 -3.073653e-01 -2.100130e-15
   outer loop
     vertex  1.337451e+02  1.178180e+02  7.600000e+01
     vertex  1.337451e+02  1.178180e+02  6.600000e+01
     vertex  1.338970e+02  1.182883e+02  6.600000e+01
   endloop
 endfacet
 facet normal  9.974974e-01 -7.070302e-02  1.729833e-15
   outer loop
     vertex  1.337451e+02  1.178180e+02  7.600000e+01
     vertex  1.337102e+02  1.173251e+02  6.600000e+01
     vertex  1.337451e+02  1.178180e+02  6.600000e+01
   endloop
 endfacet
 facet normal  9.515916e-01 -3.073653e-01 -7.508939e-15
   outer loop
     vertex  1.337451e+02  1.178180e+02  7.600000e+01
     vertex  1.338970e+02  1.182883e+02  6.600000e+01
     vertex  1.338970e+02  1.182883e+02  7.600000e+01
   endloop
 endfacet
 facet normal  9.974974e-01 -7.070302e-02 -1.306175e-15
   outer loop
     vertex  1.337102e+02  1.173251e+02  7.600000e+01
     vertex  1.337102e+02  1.173251e+02  6.600000e+01
     vertex  1.337451e+02  1.178180e+02  7.600000e+01
   endloop
 endfacet
 facet normal  9.854323e-01  1.700682e-01  9.941100e-17
   outer loop
     vertex  1.337942e+02  1.168381e+02  7.600000e+01
     vertex  1.337942e+02  1.168381e+02  6.600000e+01
     vertex  1.337102e+02  1.173251e+02  6.600000e+01
   endloop
 endfacet
 facet normal  9.854323e-01  1.700682e-01  3.142297e-15
   outer loop
     vertex  1.337942e+02  1.168381e+02  7.600000e+01
     vertex  1.337102e+02  1.173251e+02  6.600000e+01
     vertex  1.337102e+02  1.173251e+02  7.600000e+01
   endloop
 endfacet
 facet normal -9.160974e-01 -4.009557e-01 -6.837509e-15
   outer loop
     vertex  1.045357e+02  5.634720e+01  7.600000e+01
     vertex  1.043376e+02  5.679994e+01  6.600000e+01
     vertex  1.045357e+02  5.634720e+01  6.600000e+01
   endloop
 endfacet
 facet normal -9.160974e-01 -4.009557e-01 -6.837509e-15
   outer loop
     vertex  1.043376e+02  5.679994e+01  7.600000e+01
     vertex  1.043376e+02  5.679994e+01  6.600000e+01
     vertex  1.045357e+02  5.634720e+01  7.600000e+01
   endloop
 endfacet
 facet normal -7.935223e-01 -6.085412e-01 -1.080986e-14
   outer loop
     vertex  1.040368e+02  5.719210e+01  7.600000e+01
     vertex  1.040368e+02  5.719210e+01  6.600000e+01
     vertex  1.043376e+02  5.679994e+01  6.600000e+01
   endloop
 endfacet
 facet normal -6.248306e-01 -7.807604e-01 -1.386909e-14
   outer loop
     vertex  1.040368e+02  5.719210e+01  7.600000e+01
     vertex  1.036510e+02  5.750089e+01  6.600000e+01
     vertex  1.040368e+02  5.719210e+01  6.600000e+01
   endloop
 endfacet
 facet normal -7.935223e-01 -6.085412e-01 -1.037885e-14
   outer loop
     vertex  1.040368e+02  5.719210e+01  7.600000e+01
     vertex  1.043376e+02  5.679994e+01  6.600000e+01
     vertex  1.043376e+02  5.679994e+01  7.600000e+01
   endloop
 endfacet
 facet normal -6.248306e-01 -7.807604e-01 -1.475703e-14
   outer loop
     vertex  1.036510e+02  5.750089e+01  7.600000e+01
     vertex  1.036510e+02  5.750089e+01  6.600000e+01
     vertex  1.040368e+02  5.719210e+01  7.600000e+01
   endloop
 endfacet
 facet normal -4.198259e-01 -9.076046e-01 -1.612230e-14
   outer loop
     vertex  1.032024e+02  5.770837e+01  7.600000e+01
     vertex  1.032024e+02  5.770837e+01  6.600000e+01
     vertex  1.036510e+02  5.750089e+01  6.600000e+01
   endloop
 endfacet
 facet normal -4.198259e-01 -9.076046e-01 -1.671960e-14
   outer loop
     vertex  1.032024e+02  5.770837e+01  7.600000e+01
     vertex  1.036510e+02  5.750089e+01  6.600000e+01
     vertex  1.036510e+02  5.750089e+01  7.600000e+01
   endloop
 endfacet
 facet normal -1.904225e-01 -9.817022e-01 -1.813608e-14
   outer loop
     vertex  1.027173e+02  5.780247e+01  7.600000e+01
     vertex  1.027173e+02  5.780247e+01  6.600000e+01
     vertex  1.032024e+02  5.770837e+01  6.600000e+01
   endloop
 endfacet
 facet normal  5.004751e-02 -9.987468e-01 -1.845096e-14
   outer loop
     vertex  1.027173e+02  5.780247e+01  7.600000e+01
     vertex  1.022237e+02  5.777774e+01  6.600000e+01
     vertex  1.027173e+02  5.780247e+01  6.600000e+01
   endloop
 endfacet
 facet normal -1.904225e-01 -9.817022e-01 -1.743849e-14
   outer loop
     vertex  1.027173e+02  5.780247e+01  7.600000e+01
     vertex  1.032024e+02  5.770837e+01  6.600000e+01
     vertex  1.032024e+02  5.770837e+01  7.600000e+01
   endloop
 endfacet
 facet normal  5.004751e-02 -9.987468e-01 -1.703166e-14
   outer loop
     vertex  1.022237e+02  5.777774e+01  7.600000e+01
     vertex  1.022237e+02  5.777774e+01  6.600000e+01
     vertex  1.027173e+02  5.780247e+01  7.600000e+01
   endloop
 endfacet
 facet normal  2.876090e-01 -9.577479e-01 -1.633250e-14
   outer loop
     vertex  1.017504e+02  5.763560e+01  7.600000e+01
     vertex  1.017504e+02  5.763560e+01  6.600000e+01
     vertex  1.022237e+02  5.777774e+01  6.600000e+01
   endloop
 endfacet
 facet normal  2.876090e-01 -9.577479e-01 -1.633208e-14
   outer loop
     vertex  1.017504e+02  5.763560e+01  7.600000e+01
     vertex  1.022237e+02  5.777774e+01  6.600000e+01
     vertex  1.022237e+02  5.777774e+01  7.600000e+01
   endloop
 endfacet
 facet normal  5.084557e-01 -8.610882e-01 -1.468416e-14
   outer loop
     vertex  1.013248e+02  5.738432e+01  7.600000e+01
     vertex  1.013248e+02  5.738432e+01  6.600000e+01
     vertex  1.017504e+02  5.763560e+01  6.600000e+01
   endloop
 endfacet
 facet normal  5.084557e-01 -8.610882e-01 -1.468371e-14
   outer loop
     vertex  1.013248e+02  5.738432e+01  7.600000e+01
     vertex  1.017504e+02  5.763560e+01  6.600000e+01
     vertex  1.017504e+02  5.763560e+01  7.600000e+01
   endloop
 endfacet
 facet normal  6.997528e-01 -7.143851e-01 -1.218243e-14
   outer loop
     vertex  1.009718e+02  5.703851e+01  7.600000e+01
     vertex  1.009718e+02  5.703851e+01  6.600000e+01
     vertex  1.013248e+02  5.738432e+01  6.600000e+01
   endloop
 endfacet
 facet normal  6.997528e-01 -7.143851e-01 -1.218447e-14
   outer loop
     vertex  1.009718e+02  5.703851e+01  7.600000e+01
     vertex  1.013248e+02  5.738432e+01  6.600000e+01
     vertex  1.013248e+02  5.738432e+01  7.600000e+01
   endloop
 endfacet
 facet normal  8.503828e-01 -5.261646e-01 -8.972698e-15
   outer loop
     vertex  1.007117e+02  5.661825e+01  7.600000e+01
     vertex  1.007117e+02  5.661825e+01  6.600000e+01
     vertex  1.009718e+02  5.703851e+01  6.600000e+01
   endloop
 endfacet
 facet normal  8.503828e-01 -5.261646e-01 -8.971974e-15
   outer loop
     vertex  1.007117e+02  5.661825e+01  7.600000e+01
     vertex  1.009718e+02  5.703851e+01  6.600000e+01
     vertex  1.009718e+02  5.703851e+01  7.600000e+01
   endloop
 endfacet
 facet normal  9.515916e-01 -3.073653e-01 -5.241508e-15
   outer loop
     vertex  1.005598e+02  5.614797e+01  7.600000e+01
     vertex  1.005598e+02  5.614797e+01  6.600000e+01
     vertex  1.007117e+02  5.661825e+01  6.600000e+01
   endloop
 endfacet
 facet normal  9.974974e-01 -7.070302e-02 -1.205700e-15
   outer loop
     vertex  1.005598e+02  5.614797e+01  7.600000e+01
     vertex  1.005249e+02  5.565501e+01  6.600000e+01
     vertex  1.005598e+02  5.614797e+01  6.600000e+01
   endloop
 endfacet
 facet normal  9.515916e-01 -3.073653e-01 -5.239970e-15
   outer loop
     vertex  1.005598e+02  5.614797e+01  7.600000e+01
     vertex  1.007117e+02  5.661825e+01  6.600000e+01
     vertex  1.007117e+02  5.661825e+01  7.600000e+01
   endloop
 endfacet
 facet normal  9.974974e-01 -7.070302e-02 -1.205700e-15
   outer loop
     vertex  1.005249e+02  5.565501e+01  7.600000e+01
     vertex  1.005249e+02  5.565501e+01  6.600000e+01
     vertex  1.005598e+02  5.614797e+01  7.600000e+01
   endloop
 endfacet
 facet normal  9.854323e-01  1.700682e-01 -2.142975e-17
   outer loop
     vertex  1.006089e+02  5.516800e+01  7.600000e+01
     vertex  1.006089e+02  5.516800e+01  6.600000e+01
     vertex  1.005249e+02  5.565501e+01  6.600000e+01
   endloop
 endfacet
 facet normal  9.854323e-01  1.700682e-01  2.900798e-15
   outer loop
     vertex  1.006089e+02  5.516800e+01  7.600000e+01
     vertex  1.005249e+02  5.565501e+01  6.600000e+01
     vertex  1.005249e+02  5.565501e+01  7.600000e+01
   endloop
 endfacet
 facet normal -9.160974e-01 -4.009557e-01 -6.837796e-15
   outer loop
     vertex  1.660076e+02  2.361466e+01  7.600000e+01
     vertex  1.662058e+02  2.316192e+01  6.600000e+01
     vertex  1.662058e+02  2.316192e+01  7.600000e+01
   endloop
 endfacet
 facet normal -9.160974e-01 -4.009557e-01 -7.122405e-15
   outer loop
     vertex  1.660076e+02  2.361466e+01  7.600000e+01
     vertex  1.660076e+02  2.361466e+01  6.600000e+01
     vertex  1.662058e+02  2.316192e+01  6.600000e+01
   endloop
 endfacet
 facet normal -7.935223e-01 -6.085412e-01 -1.037747e-14
   outer loop
     vertex  1.657069e+02  2.400682e+01  7.600000e+01
     vertex  1.657069e+02  2.400682e+01  6.600000e+01
     vertex  1.660076e+02  2.361466e+01  6.600000e+01
   endloop
 endfacet
 facet normal -6.248306e-01 -7.807604e-01 -1.331433e-14
   outer loop
     vertex  1.657069e+02  2.400682e+01  7.600000e+01
     vertex  1.653210e+02  2.431561e+01  6.600000e+01
     vertex  1.657069e+02  2.400682e+01  6.600000e+01
   endloop
 endfacet
 facet normal -7.935223e-01 -6.085412e-01 -1.081130e-14
   outer loop
     vertex  1.657069e+02  2.400682e+01  7.600000e+01
     vertex  1.660076e+02  2.361466e+01  6.600000e+01
     vertex  1.660076e+02  2.361466e+01  7.600000e+01
   endloop
 endfacet
 facet normal -4.198259e-01 -9.076046e-01 -1.612230e-14
   outer loop
     vertex  1.653210e+02  2.431561e+01  7.600000e+01
     vertex  1.648725e+02  2.452309e+01  6.600000e+01
     vertex  1.653210e+02  2.431561e+01  6.600000e+01
   endloop
 endfacet
 facet normal -6.248306e-01 -7.807604e-01 -1.386909e-14
   outer loop
     vertex  1.653210e+02  2.431561e+01  7.600000e+01
     vertex  1.653210e+02  2.431561e+01  6.600000e+01
     vertex  1.657069e+02  2.400682e+01  7.600000e+01
   endloop
 endfacet
 facet normal -4.198259e-01 -9.076046e-01 -1.612230e-14
   outer loop
     vertex  1.648725e+02  2.452309e+01  7.600000e+01
     vertex  1.648725e+02  2.452309e+01  6.600000e+01
     vertex  1.653210e+02  2.431561e+01  7.600000e+01
   endloop
 endfacet
 facet normal -1.904225e-01 -9.817022e-01 -1.743853e-14
   outer loop
     vertex  1.643873e+02  2.461719e+01  7.600000e+01
     vertex  1.643873e+02  2.461719e+01  6.600000e+01
     vertex  1.648725e+02  2.452309e+01  6.600000e+01
   endloop
 endfacet
 facet normal -1.904225e-01 -9.817022e-01 -1.743849e-14
   outer loop
     vertex  1.643873e+02  2.461719e+01  7.600000e+01
     vertex  1.648725e+02  2.452309e+01  6.600000e+01
     vertex  1.648725e+02  2.452309e+01  7.600000e+01
   endloop
 endfacet
 facet normal  5.004751e-02 -9.987468e-01 -1.774131e-14
   outer loop
     vertex  1.638938e+02  2.459246e+01  7.600000e+01
     vertex  1.638938e+02  2.459246e+01  6.600000e+01
     vertex  1.643873e+02  2.461719e+01  6.600000e+01
   endloop
 endfacet
 facet normal  5.004751e-02 -9.987468e-01 -1.774141e-14
   outer loop
     vertex  1.638938e+02  2.459246e+01  7.600000e+01
     vertex  1.643873e+02  2.461719e+01  6.600000e+01
     vertex  1.643873e+02  2.461719e+01  7.600000e+01
   endloop
 endfacet
 facet normal  2.876090e-01 -9.577479e-01 -1.701302e-14
   outer loop
     vertex  1.634204e+02  2.445032e+01  7.600000e+01
     vertex  1.634204e+02  2.445032e+01  6.600000e+01
     vertex  1.638938e+02  2.459246e+01  6.600000e+01
   endloop
 endfacet
 facet normal  2.876090e-01 -9.577479e-01 -1.701446e-14
   outer loop
     vertex  1.634204e+02  2.445032e+01  7.600000e+01
     vertex  1.638938e+02  2.459246e+01  6.600000e+01
     vertex  1.638938e+02  2.459246e+01  7.600000e+01
   endloop
 endfacet
 facet normal  5.084557e-01 -8.610882e-01 -1.529600e-14
   outer loop
     vertex  1.629949e+02  2.419904e+01  7.600000e+01
     vertex  1.629949e+02  2.419904e+01  6.600000e+01
     vertex  1.634204e+02  2.445032e+01  6.600000e+01
   endloop
 endfacet
 facet normal  5.084557e-01 -8.610882e-01 -1.529588e-14
   outer loop
     vertex  1.629949e+02  2.419904e+01  7.600000e+01
     vertex  1.634204e+02  2.445032e+01  6.600000e+01
     vertex  1.634204e+02  2.445032e+01  7.600000e+01
   endloop
 endfacet
 facet normal  6.997528e-01 -7.143851e-01 -1.269003e-14
   outer loop
     vertex  1.626418e+02  2.385323e+01  7.600000e+01
     vertex  1.626418e+02  2.385323e+01  6.600000e+01
     vertex  1.629949e+02  2.419904e+01  6.600000e+01
   endloop
 endfacet
 facet normal  6.997528e-01 -7.143851e-01 -1.268994e-14
   outer loop
     vertex  1.626418e+02  2.385323e+01  7.600000e+01
     vertex  1.629949e+02  2.419904e+01  6.600000e+01
     vertex  1.629949e+02  2.419904e+01  7.600000e+01
   endloop
 endfacet
 facet normal  8.503828e-01 -5.261646e-01 -9.346560e-15
   outer loop
     vertex  1.623818e+02  2.343297e+01  7.600000e+01
     vertex  1.623818e+02  2.343297e+01  6.600000e+01
     vertex  1.626418e+02  2.385323e+01  6.600000e+01
   endloop
 endfacet
 facet normal  8.503828e-01 -5.261646e-01 -9.348264e-15
   outer loop
     vertex  1.623818e+02  2.343297e+01  7.600000e+01
     vertex  1.626418e+02  2.385323e+01  6.600000e+01
     vertex  1.626418e+02  2.385323e+01  7.600000e+01
   endloop
 endfacet
 facet normal  9.515916e-01 -3.073653e-01 -5.459904e-15
   outer loop
     vertex  1.622299e+02  2.296269e+01  7.600000e+01
     vertex  1.622299e+02  2.296269e+01  6.600000e+01
     vertex  1.623818e+02  2.343297e+01  6.600000e+01
   endloop
 endfacet
 facet normal  9.974974e-01 -7.070302e-02 -1.255938e-15
   outer loop
     vertex  1.622299e+02  2.296269e+01  7.600000e+01
     vertex  1.621950e+02  2.246973e+01  6.600000e+01
     vertex  1.622299e+02  2.296269e+01  6.600000e+01
   endloop
 endfacet
 facet normal  9.515916e-01 -3.073653e-01 -5.459004e-15
   outer loop
     vertex  1.622299e+02  2.296269e+01  7.600000e+01
     vertex  1.623818e+02  2.343297e+01  6.600000e+01
     vertex  1.623818e+02  2.343297e+01  7.600000e+01
   endloop
 endfacet
 facet normal  9.974974e-01 -7.070302e-02 -1.255938e-15
   outer loop
     vertex  1.621950e+02  2.246973e+01  7.600000e+01
     vertex  1.621950e+02  2.246973e+01  6.600000e+01
     vertex  1.622299e+02  2.296269e+01  7.600000e+01
   endloop
 endfacet
 facet normal  9.854323e-01  1.700682e-01  3.021019e-15
   outer loop
     vertex  1.622790e+02  2.198272e+01  7.600000e+01
     vertex  1.622790e+02  2.198272e+01  6.600000e+01
     vertex  1.621950e+02  2.246973e+01  6.600000e+01
   endloop
 endfacet
 facet normal  9.854323e-01  1.700682e-01  3.021548e-15
   outer loop
     vertex  1.622790e+02  2.198272e+01  7.600000e+01
     vertex  1.621950e+02  2.246973e+01  6.600000e+01
     vertex  1.621950e+02  2.246973e+01  7.600000e+01
   endloop
 endfacet
 facet normal -9.160974e-01 -4.009557e-01 -7.979068e-15
   outer loop
     vertex  1.650690e+02  7.889797e+01  7.600000e+01
     vertex  1.667606e+02  7.503316e+01  6.600000e+01
     vertex  1.667606e+02  7.503316e+01  7.600000e+01
   endloop
 endfacet
 facet normal -9.160974e-01 -4.009557e-01 -6.837509e-15
   outer loop
     vertex  1.650690e+02  7.889797e+01  7.600000e+01
     vertex  1.650690e+02  7.889797e+01  6.600000e+01
     vertex  1.667606e+02  7.503316e+01  6.600000e+01
   endloop
 endfacet
 facet normal -7.935223e-01 -6.085412e-01 -8.986931e-15
   outer loop
     vertex  1.625017e+02  8.224567e+01  7.600000e+01
     vertex  1.625017e+02  8.224567e+01  6.600000e+01
     vertex  1.650690e+02  7.889797e+01  6.600000e+01
   endloop
 endfacet
 facet normal -6.248306e-01 -7.807604e-01 -1.264798e-14
   outer loop
     vertex  1.625017e+02  8.224567e+01  7.600000e+01
     vertex  1.592079e+02  8.488170e+01  6.600000e+01
     vertex  1.625017e+02  8.224567e+01  6.600000e+01
   endloop
 endfacet
 facet normal -7.935223e-01 -6.085412e-01 -1.035805e-14
   outer loop
     vertex  1.625017e+02  8.224567e+01  7.600000e+01
     vertex  1.650690e+02  7.889797e+01  6.600000e+01
     vertex  1.650690e+02  7.889797e+01  7.600000e+01
   endloop
 endfacet
 facet normal -6.248306e-01 -7.807604e-01 -1.153845e-14
   outer loop
     vertex  1.592079e+02  8.488170e+01  7.600000e+01
     vertex  1.592079e+02  8.488170e+01  6.600000e+01
     vertex  1.625017e+02  8.224567e+01  7.600000e+01
   endloop
 endfacet
 facet normal -4.198259e-01 -9.076046e-01 -1.676719e-14
   outer loop
     vertex  1.553789e+02  8.665285e+01  7.600000e+01
     vertex  1.553789e+02  8.665285e+01  6.600000e+01
     vertex  1.592079e+02  8.488170e+01  6.600000e+01
   endloop
 endfacet
 facet normal -4.198259e-01 -9.076046e-01 -1.429495e-14
   outer loop
     vertex  1.553789e+02  8.665285e+01  7.600000e+01
     vertex  1.592079e+02  8.488170e+01  6.600000e+01
     vertex  1.592079e+02  8.488170e+01  7.600000e+01
   endloop
 endfacet
 facet normal -1.904225e-01 -9.817022e-01 -1.813608e-14
   outer loop
     vertex  1.512373e+02  8.745620e+01  7.600000e+01
     vertex  1.512373e+02  8.745620e+01  6.600000e+01
     vertex  1.553789e+02  8.665285e+01  6.600000e+01
   endloop
 endfacet
 facet normal  5.004751e-02 -9.987468e-01 -1.845096e-14
   outer loop
     vertex  1.512373e+02  8.745620e+01  7.600000e+01
     vertex  1.470238e+02  8.724507e+01  6.600000e+01
     vertex  1.512373e+02  8.745620e+01  6.600000e+01
   endloop
 endfacet
 facet normal -1.904225e-01 -9.817022e-01 -1.813712e-14
   outer loop
     vertex  1.512373e+02  8.745620e+01  7.600000e+01
     vertex  1.553789e+02  8.665285e+01  6.600000e+01
     vertex  1.553789e+02  8.665285e+01  7.600000e+01
   endloop
 endfacet
 facet normal  5.004751e-02 -9.987468e-01 -1.717390e-14
   outer loop
     vertex  1.470238e+02  8.724507e+01  7.600000e+01
     vertex  1.470238e+02  8.724507e+01  6.600000e+01
     vertex  1.512373e+02  8.745620e+01  7.600000e+01
   endloop
 endfacet
 facet normal  2.876090e-01 -9.577479e-01 -1.851098e-14
   outer loop
     vertex  1.429833e+02  8.603170e+01  7.600000e+01
     vertex  1.429833e+02  8.603170e+01  6.600000e+01
     vertex  1.470238e+02  8.724507e+01  6.600000e+01
   endloop
 endfacet
 facet normal  2.876090e-01 -9.577479e-01 -1.715815e-14
   outer loop
     vertex  1.429833e+02  8.603170e+01  7.600000e+01
     vertex  1.470238e+02  8.724507e+01  6.600000e+01
     vertex  1.470238e+02  8.724507e+01  7.600000e+01
   endloop
 endfacet
 facet normal  5.084557e-01 -8.610882e-01 -1.468416e-14
   outer loop
     vertex  1.393505e+02  8.388664e+01  7.600000e+01
     vertex  1.393505e+02  8.388664e+01  6.600000e+01
     vertex  1.429833e+02  8.603170e+01  6.600000e+01
   endloop
 endfacet
 facet normal  5.084557e-01 -8.610882e-01 -1.734763e-14
   outer loop
     vertex  1.393505e+02  8.388664e+01  7.600000e+01
     vertex  1.429833e+02  8.603170e+01  6.600000e+01
     vertex  1.429833e+02  8.603170e+01  7.600000e+01
   endloop
 endfacet
 facet normal  6.997528e-01 -7.143851e-01 -1.417124e-14
   outer loop
     vertex  1.363367e+02  8.093453e+01  7.600000e+01
     vertex  1.363367e+02  8.093453e+01  6.600000e+01
     vertex  1.393505e+02  8.388664e+01  6.600000e+01
   endloop
 endfacet
 facet normal  6.997528e-01 -7.143851e-01 -1.216860e-14
   outer loop
     vertex  1.363367e+02  8.093453e+01  7.600000e+01
     vertex  1.393505e+02  8.388664e+01  6.600000e+01
     vertex  1.393505e+02  8.388664e+01  7.600000e+01
   endloop
 endfacet
 facet normal  8.503828e-01 -5.261646e-01 -8.224973e-15
   outer loop
     vertex  1.341169e+02  7.734695e+01  7.600000e+01
     vertex  1.341169e+02  7.734695e+01  6.600000e+01
     vertex  1.363367e+02  8.093453e+01  6.600000e+01
   endloop
 endfacet
 facet normal  9.515916e-01 -3.073653e-01 -4.804716e-15
   outer loop
     vertex  1.341169e+02  7.734695e+01  7.600000e+01
     vertex  1.328202e+02  7.333239e+01  6.600000e+01
     vertex  1.341169e+02  7.734695e+01  6.600000e+01
   endloop
 endfacet
 facet normal  8.503828e-01 -5.261646e-01 -1.138965e-14
   outer loop
     vertex  1.341169e+02  7.734695e+01  7.600000e+01
     vertex  1.363367e+02  8.093453e+01  6.600000e+01
     vertex  1.363367e+02  8.093453e+01  7.600000e+01
   endloop
 endfacet
 facet normal  9.974974e-01 -7.070302e-02 -1.205700e-15
   outer loop
     vertex  1.328202e+02  7.333239e+01  7.600000e+01
     vertex  1.325219e+02  6.912417e+01  6.600000e+01
     vertex  1.328202e+02  7.333239e+01  6.600000e+01
   endloop
 endfacet
 facet normal  9.515916e-01 -3.073653e-01 -5.241508e-15
   outer loop
     vertex  1.328202e+02  7.333239e+01  7.600000e+01
     vertex  1.328202e+02  7.333239e+01  6.600000e+01
     vertex  1.341169e+02  7.734695e+01  7.600000e+01
   endloop
 endfacet
 facet normal  9.974974e-01 -7.070302e-02 -1.306175e-15
   outer loop
     vertex  1.325219e+02  6.912417e+01  7.600000e+01
     vertex  1.325219e+02  6.912417e+01  6.600000e+01
     vertex  1.328202e+02  7.333239e+01  7.600000e+01
   endloop
 endfacet
 facet normal  9.854323e-01  1.700682e-01  8.501712e-15
   outer loop
     vertex  1.332394e+02  6.496684e+01  7.600000e+01
     vertex  1.332394e+02  6.496684e+01  6.600000e+01
     vertex  1.325219e+02  6.912417e+01  6.600000e+01
   endloop
 endfacet
 facet normal  9.854323e-01  1.700682e-01  3.136889e-15
   outer loop
     vertex  1.332394e+02  6.496684e+01  7.600000e+01
     vertex  1.325219e+02  6.912417e+01  6.600000e+01
     vertex  1.325219e+02  6.912417e+01  7.600000e+01
   endloop
 endfacet
endsolid
