solid 
 facet normal -6.165558e-01 -2.698529e-01  7.396204e-01
   outer loop
     vertex  1.643154e+02  7.573721e+01  6.462500e+01
     vertex  1.663296e+02  7.490373e+01  6.600000e+01
     vertex  1.658898e+02  7.590859e+01  6.600000e+01
   endloop
 endfacet
 facet normal -5.654794e-01 -4.336582e-01  7.015509e-01
   outer loop
     vertex  1.643154e+02  7.573721e+01  6.462500e+01
     vertex  1.658898e+02  7.590859e+01  6.600000e+01
     vertex  1.652223e+02  7.677899e+01  6.600000e+01
   endloop
 endfacet
 facet normal -4.410094e-01 -5.510656e-01  7.084048e-01
   outer loop
     vertex  1.643154e+02  7.573721e+01  6.462500e+01
     vertex  1.652223e+02  7.677899e+01  6.600000e+01
     vertex  1.643659e+02  7.746435e+01  6.600000e+01
   endloop
 endfacet
 facet normal -6.227536e-01 -3.533710e-01  6.980737e-01
   outer loop
     vertex  1.643154e+02  7.573721e+01  6.462500e+01
     vertex  1.636958e+02  7.411281e+01  6.325000e+01
     vertex  1.663296e+02  7.490373e+01  6.600000e+01
   endloop
 endfacet
 facet normal -6.855235e-01 -3.000386e-01  6.633509e-01
   outer loop
     vertex  1.643154e+02  7.573721e+01  6.462500e+01
     vertex  1.635218e+02  7.451033e+01  6.325000e+01
     vertex  1.636958e+02  7.411281e+01  6.325000e+01
   endloop
 endfacet
 facet normal -5.608386e-01 -4.300993e-01  7.074424e-01
   outer loop
     vertex  1.643154e+02  7.573721e+01  6.462500e+01
     vertex  1.632577e+02  7.485467e+01  6.325000e+01
     vertex  1.635218e+02  7.451033e+01  6.325000e+01
   endloop
 endfacet
 facet normal -4.458749e-01 -5.571453e-01  7.005603e-01
   outer loop
     vertex  1.643154e+02  7.573721e+01  6.462500e+01
     vertex  1.629189e+02  7.512580e+01  6.325000e+01
     vertex  1.632577e+02  7.485467e+01  6.325000e+01
   endloop
 endfacet
 facet normal -2.999997e-01 -6.485573e-01  6.995525e-01
   outer loop
     vertex  1.631539e+02  7.654189e+01  6.462500e+01
     vertex  1.643659e+02  7.746435e+01  6.600000e+01
     vertex  1.633704e+02  7.792485e+01  6.600000e+01
   endloop
 endfacet
 facet normal -1.334846e-01 -6.881648e-01  7.131697e-01
   outer loop
     vertex  1.631539e+02  7.654189e+01  6.462500e+01
     vertex  1.633704e+02  7.792485e+01  6.600000e+01
     vertex  1.622935e+02  7.813373e+01  6.600000e+01
   endloop
 endfacet
 facet normal -2.959060e-01 -6.397072e-01  7.093760e-01
   outer loop
     vertex  1.631539e+02  7.654189e+01  6.462500e+01
     vertex  1.625251e+02  7.530798e+01  6.325000e+01
     vertex  1.629189e+02  7.512580e+01  6.325000e+01
   endloop
 endfacet
 facet normal -1.368173e-01 -7.053466e-01  6.955338e-01
   outer loop
     vertex  1.631539e+02  7.654189e+01  6.462500e+01
     vertex  1.620991e+02  7.539061e+01  6.325000e+01
     vertex  1.625251e+02  7.530798e+01  6.325000e+01
   endloop
 endfacet
 facet normal -3.920646e-01 -5.659239e-01  7.252692e-01
   outer loop
     vertex  1.631539e+02  7.654189e+01  6.462500e+01
     vertex  1.643154e+02  7.573721e+01  6.462500e+01
     vertex  1.643659e+02  7.746435e+01  6.600000e+01
   endloop
 endfacet
 facet normal -4.141373e-01 -5.977845e-01  6.863993e-01
   outer loop
     vertex  1.631539e+02  7.654189e+01  6.462500e+01
     vertex  1.629189e+02  7.512580e+01  6.325000e+01
     vertex  1.643154e+02  7.573721e+01  6.462500e+01
   endloop
 endfacet
 facet normal  3.581223e-02 -7.146680e-01  6.985464e-01
   outer loop
     vertex  1.617582e+02  7.676292e+01  6.462500e+01
     vertex  1.622935e+02  7.813373e+01  6.600000e+01
     vertex  1.611980e+02  7.807883e+01  6.600000e+01
   endloop
 endfacet
 facet normal  1.999661e-01 -6.658942e-01  7.187479e-01
   outer loop
     vertex  1.617582e+02  7.676292e+01  6.462500e+01
     vertex  1.611980e+02  7.807883e+01  6.600000e+01
     vertex  1.601475e+02  7.776336e+01  6.600000e+01
   endloop
 endfacet
 facet normal  3.522651e-02 -7.029793e-01  7.103374e-01
   outer loop
     vertex  1.617582e+02  7.676292e+01  6.462500e+01
     vertex  1.616657e+02  7.536889e+01  6.325000e+01
     vertex  1.620991e+02  7.539061e+01  6.325000e+01
   endloop
 endfacet
 facet normal  2.083445e-01 -6.937945e-01  6.893778e-01
   outer loop
     vertex  1.617582e+02  7.676292e+01  6.462500e+01
     vertex  1.612501e+02  7.524409e+01  6.325000e+01
     vertex  1.616657e+02  7.536889e+01  6.325000e+01
   endloop
 endfacet
 facet normal -1.081176e-01 -6.826720e-01  7.226822e-01
   outer loop
     vertex  1.617582e+02  7.676292e+01  6.462500e+01
     vertex  1.631539e+02  7.654189e+01  6.462500e+01
     vertex  1.622935e+02  7.813373e+01  6.600000e+01
   endloop
 endfacet
 facet normal -1.135789e-01 -7.171556e-01  6.875956e-01
   outer loop
     vertex  1.617582e+02  7.676292e+01  6.462500e+01
     vertex  1.620991e+02  7.539061e+01  6.325000e+01
     vertex  1.631539e+02  7.654189e+01  6.462500e+01
   endloop
 endfacet
 facet normal  3.638329e-01 -6.161643e-01  6.985464e-01
   outer loop
     vertex  1.604049e+02  7.635652e+01  6.462500e+01
     vertex  1.601475e+02  7.776336e+01  6.600000e+01
     vertex  1.592030e+02  7.720564e+01  6.600000e+01
   endloop
 endfacet
 facet normal  3.578823e-01 -6.060867e-01  7.103374e-01
   outer loop
     vertex  1.604049e+02  7.635652e+01  6.462500e+01
     vertex  1.608765e+02  7.502345e+01  6.325000e+01
     vertex  1.612501e+02  7.524409e+01  6.325000e+01
   endloop
 endfacet
 facet normal  2.083445e-01 -6.937945e-01  6.893778e-01
   outer loop
     vertex  1.604049e+02  7.635652e+01  6.462500e+01
     vertex  1.612501e+02  7.524409e+01  6.325000e+01
     vertex  1.617582e+02  7.676292e+01  6.462500e+01
   endloop
 endfacet
 facet normal  1.999661e-01 -6.658942e-01  7.187479e-01
   outer loop
     vertex  1.604049e+02  7.635652e+01  6.462500e+01
     vertex  1.617582e+02  7.676292e+01  6.462500e+01
     vertex  1.601475e+02  7.776336e+01  6.600000e+01
   endloop
 endfacet
 facet normal  4.905207e-01 -5.007778e-01  7.131697e-01
   outer loop
     vertex  1.593620e+02  7.540320e+01  6.462500e+01
     vertex  1.592030e+02  7.720564e+01  6.600000e+01
     vertex  1.584194e+02  7.643809e+01  6.600000e+01
   endloop
 endfacet
 facet normal  6.076676e-01 -3.759873e-01  6.995525e-01
   outer loop
     vertex  1.593620e+02  7.540320e+01  6.462500e+01
     vertex  1.584194e+02  7.643809e+01  6.600000e+01
     vertex  1.578422e+02  7.550532e+01  6.600000e+01
   endloop
 endfacet
 facet normal  5.027677e-01 -5.132810e-01  6.955338e-01
   outer loop
     vertex  1.593620e+02  7.540320e+01  6.462500e+01
     vertex  1.605665e+02  7.471981e+01  6.325000e+01
     vertex  1.608765e+02  7.502345e+01  6.325000e+01
   endloop
 endfacet
 facet normal  5.993755e-01 -3.708567e-01  7.093760e-01
   outer loop
     vertex  1.593620e+02  7.540320e+01  6.462500e+01
     vertex  1.603382e+02  7.435080e+01  6.325000e+01
     vertex  1.605665e+02  7.471981e+01  6.325000e+01
   endloop
 endfacet
 facet normal  4.663243e-01 -5.101687e-01  7.226822e-01
   outer loop
     vertex  1.593620e+02  7.540320e+01  6.462500e+01
     vertex  1.604049e+02  7.635652e+01  6.462500e+01
     vertex  1.592030e+02  7.720564e+01  6.600000e+01
   endloop
 endfacet
 facet normal  4.898795e-01 -5.359387e-01  6.875956e-01
   outer loop
     vertex  1.593620e+02  7.540320e+01  6.462500e+01
     vertex  1.608765e+02  7.502345e+01  6.325000e+01
     vertex  1.604049e+02  7.635652e+01  6.462500e+01
   endloop
 endfacet
 facet normal  7.144036e-01  4.817356e-02  6.980737e-01
   outer loop
     vertex  1.588359e+02  7.409176e+01  6.462500e+01
     vertex  1.576141e+02  7.228649e+01  6.600000e+01
     vertex  1.602479e+02  7.307742e+01  6.325000e+01
   endloop
 endfacet
 facet normal  6.716394e-01 -2.169404e-01  7.084048e-01
   outer loop
     vertex  1.588359e+02  7.409176e+01  6.462500e+01
     vertex  1.578422e+02  7.550532e+01  6.600000e+01
     vertex  1.575051e+02  7.446153e+01  6.600000e+01
   endloop
 endfacet
 facet normal  7.108360e-01 -5.038434e-02  7.015509e-01
   outer loop
     vertex  1.588359e+02  7.409176e+01  6.462500e+01
     vertex  1.575051e+02  7.446153e+01  6.600000e+01
     vertex  1.574276e+02  7.336740e+01  6.600000e+01
   endloop
 endfacet
 facet normal  6.632198e-01  1.144601e-01  7.396204e-01
   outer loop
     vertex  1.588359e+02  7.409176e+01  6.462500e+01
     vertex  1.574276e+02  7.336740e+01  6.600000e+01
     vertex  1.576141e+02  7.228649e+01  6.600000e+01
   endloop
 endfacet
 facet normal  6.790493e-01 -2.193338e-01  7.005603e-01
   outer loop
     vertex  1.588359e+02  7.409176e+01  6.462500e+01
     vertex  1.602048e+02  7.393787e+01  6.325000e+01
     vertex  1.603382e+02  7.435080e+01  6.325000e+01
   endloop
 endfacet
 facet normal  7.050023e-01 -4.997085e-02  7.074424e-01
   outer loop
     vertex  1.588359e+02  7.409176e+01  6.462500e+01
     vertex  1.601741e+02  7.350503e+01  6.325000e+01
     vertex  1.602048e+02  7.393787e+01  6.325000e+01
   endloop
 endfacet
 facet normal  7.374073e-01  1.272635e-01  6.633509e-01
   outer loop
     vertex  1.588359e+02  7.409176e+01  6.462500e+01
     vertex  1.602479e+02  7.307742e+01  6.325000e+01
     vertex  1.601741e+02  7.350503e+01  6.325000e+01
   endloop
 endfacet
 facet normal  6.749510e-01 -2.707344e-01  6.863993e-01
   outer loop
     vertex  1.588359e+02  7.409176e+01  6.462500e+01
     vertex  1.603382e+02  7.435080e+01  6.325000e+01
     vertex  1.593620e+02  7.540320e+01  6.462500e+01
   endloop
 endfacet
 facet normal  6.389776e-01 -2.563048e-01  7.252692e-01
   outer loop
     vertex  1.588359e+02  7.409176e+01  6.462500e+01
     vertex  1.593620e+02  7.540320e+01  6.462500e+01
     vertex  1.578422e+02  7.550532e+01  6.600000e+01
   endloop
 endfacet
 facet normal -9.160974e-01 -4.009557e-01 -6.814363e-15
   outer loop
     vertex  1.635218e+02  7.451033e+01  6.325000e+01
     vertex  1.636958e+02  7.411281e+01  3.900000e+01
     vertex  1.636958e+02  7.411281e+01  6.325000e+01
   endloop
 endfacet
 facet normal -9.160974e-01 -4.009557e-01 -7.048978e-15
   outer loop
     vertex  1.635218e+02  7.451033e+01  6.325000e+01
     vertex  1.635218e+02  7.451033e+01  3.900000e+01
     vertex  1.636958e+02  7.411281e+01  3.900000e+01
   endloop
 endfacet
 facet normal -7.935223e-01 -6.085412e-01 -1.034181e-14
   outer loop
     vertex  1.632577e+02  7.485467e+01  6.325000e+01
     vertex  1.632577e+02  7.485467e+01  3.900000e+01
     vertex  1.635218e+02  7.451033e+01  3.900000e+01
   endloop
 endfacet
 facet normal -6.248306e-01 -7.807604e-01 -1.326857e-14
   outer loop
     vertex  1.632577e+02  7.485467e+01  6.325000e+01
     vertex  1.629189e+02  7.512580e+01  3.900000e+01
     vertex  1.632577e+02  7.485467e+01  3.900000e+01
   endloop
 endfacet
 facet normal -7.935223e-01 -6.085412e-01 -1.069830e-14
   outer loop
     vertex  1.632577e+02  7.485467e+01  6.325000e+01
     vertex  1.635218e+02  7.451033e+01  3.900000e+01
     vertex  1.635218e+02  7.451033e+01  6.325000e+01
   endloop
 endfacet
 facet normal -6.248306e-01 -7.807604e-01 -1.372611e-14
   outer loop
     vertex  1.629189e+02  7.512580e+01  6.325000e+01
     vertex  1.629189e+02  7.512580e+01  3.900000e+01
     vertex  1.632577e+02  7.485467e+01  6.325000e+01
   endloop
 endfacet
 facet normal -4.198259e-01 -9.076046e-01 -1.595609e-14
   outer loop
     vertex  1.625251e+02  7.530798e+01  6.325000e+01
     vertex  1.625251e+02  7.530798e+01  3.900000e+01
     vertex  1.629189e+02  7.512580e+01  3.900000e+01
   endloop
 endfacet
 facet normal -1.904225e-01 -9.817022e-01 -1.725876e-14
   outer loop
     vertex  1.625251e+02  7.530798e+01  6.325000e+01
     vertex  1.620991e+02  7.539061e+01  3.900000e+01
     vertex  1.625251e+02  7.530798e+01  3.900000e+01
   endloop
 endfacet
 facet normal -4.198259e-01 -9.076046e-01 -1.595645e-14
   outer loop
     vertex  1.625251e+02  7.530798e+01  6.325000e+01
     vertex  1.629189e+02  7.512580e+01  3.900000e+01
     vertex  1.629189e+02  7.512580e+01  6.325000e+01
   endloop
 endfacet
 facet normal -1.904225e-01 -9.817022e-01 -1.725876e-14
   outer loop
     vertex  1.620991e+02  7.539061e+01  6.325000e+01
     vertex  1.620991e+02  7.539061e+01  3.900000e+01
     vertex  1.625251e+02  7.530798e+01  6.325000e+01
   endloop
 endfacet
 facet normal  5.004751e-02 -9.987468e-01 -1.749975e-14
   outer loop
     vertex  1.616657e+02  7.536889e+01  6.325000e+01
     vertex  1.616657e+02  7.536889e+01  3.900000e+01
     vertex  1.620991e+02  7.539061e+01  3.900000e+01
   endloop
 endfacet
 facet normal  5.004751e-02 -9.987468e-01 -1.755833e-14
   outer loop
     vertex  1.616657e+02  7.536889e+01  6.325000e+01
     vertex  1.620991e+02  7.539061e+01  3.900000e+01
     vertex  1.620991e+02  7.539061e+01  6.325000e+01
   endloop
 endfacet
 facet normal  2.876090e-01 -9.577479e-01 -1.593929e-14
   outer loop
     vertex  1.612501e+02  7.524409e+01  6.325000e+01
     vertex  1.612501e+02  7.524409e+01  3.900000e+01
     vertex  1.616657e+02  7.536889e+01  3.900000e+01
   endloop
 endfacet
 facet normal  2.876090e-01 -9.577479e-01 -1.650046e-14
   outer loop
     vertex  1.612501e+02  7.524409e+01  6.325000e+01
     vertex  1.616657e+02  7.536889e+01  3.900000e+01
     vertex  1.616657e+02  7.536889e+01  6.325000e+01
   endloop
 endfacet
 facet normal  5.084557e-01 -8.610882e-01 -1.463370e-14
   outer loop
     vertex  1.608765e+02  7.502345e+01  6.325000e+01
     vertex  1.608765e+02  7.502345e+01  3.900000e+01
     vertex  1.612501e+02  7.524409e+01  3.900000e+01
   endloop
 endfacet
 facet normal  6.997528e-01 -7.143851e-01 -1.214056e-14
   outer loop
     vertex  1.608765e+02  7.502345e+01  6.325000e+01
     vertex  1.605665e+02  7.471981e+01  3.900000e+01
     vertex  1.608765e+02  7.502345e+01  3.900000e+01
   endloop
 endfacet
 facet normal  5.084557e-01 -8.610882e-01 -1.403756e-14
   outer loop
     vertex  1.608765e+02  7.502345e+01  6.325000e+01
     vertex  1.612501e+02  7.524409e+01  3.900000e+01
     vertex  1.612501e+02  7.524409e+01  6.325000e+01
   endloop
 endfacet
 facet normal  6.997528e-01 -7.143851e-01 -1.255920e-14
   outer loop
     vertex  1.605665e+02  7.471981e+01  6.325000e+01
     vertex  1.605665e+02  7.471981e+01  3.900000e+01
     vertex  1.608765e+02  7.502345e+01  6.325000e+01
   endloop
 endfacet
 facet normal  8.503828e-01 -5.261646e-01 -8.941864e-15
   outer loop
     vertex  1.603382e+02  7.435080e+01  6.325000e+01
     vertex  1.603382e+02  7.435080e+01  3.900000e+01
     vertex  1.605665e+02  7.471981e+01  3.900000e+01
   endloop
 endfacet
 facet normal  8.503828e-01 -5.261646e-01 -9.250230e-15
   outer loop
     vertex  1.603382e+02  7.435080e+01  6.325000e+01
     vertex  1.605665e+02  7.471981e+01  3.900000e+01
     vertex  1.605665e+02  7.471981e+01  6.325000e+01
   endloop
 endfacet
 facet normal  9.515916e-01 -3.073653e-01 -5.583737e-15
   outer loop
     vertex  1.602048e+02  7.393787e+01  6.325000e+01
     vertex  1.602048e+02  7.393787e+01  3.900000e+01
     vertex  1.603382e+02  7.435080e+01  3.900000e+01
   endloop
 endfacet
 facet normal  9.515916e-01 -3.073653e-01 -5.223202e-15
   outer loop
     vertex  1.602048e+02  7.393787e+01  6.325000e+01
     vertex  1.603382e+02  7.435080e+01  3.900000e+01
     vertex  1.603382e+02  7.435080e+01  6.325000e+01
   endloop
 endfacet
 facet normal  9.974974e-01 -7.070302e-02 -1.201557e-15
   outer loop
     vertex  1.601741e+02  7.350503e+01  6.325000e+01
     vertex  1.601741e+02  7.350503e+01  3.900000e+01
     vertex  1.602048e+02  7.393787e+01  3.900000e+01
   endloop
 endfacet
 facet normal  9.854323e-01  1.700682e-01  2.890212e-15
   outer loop
     vertex  1.601741e+02  7.350503e+01  6.325000e+01
     vertex  1.602479e+02  7.307742e+01  3.900000e+01
     vertex  1.601741e+02  7.350503e+01  3.900000e+01
   endloop
 endfacet
 facet normal  9.974974e-01 -7.070302e-02 -1.284370e-15
   outer loop
     vertex  1.601741e+02  7.350503e+01  6.325000e+01
     vertex  1.602048e+02  7.393787e+01  3.900000e+01
     vertex  1.602048e+02  7.393787e+01  6.325000e+01
   endloop
 endfacet
 facet normal  9.854323e-01  1.700682e-01  4.144830e-15
   outer loop
     vertex  1.602479e+02  7.307742e+01  6.325000e+01
     vertex  1.602479e+02  7.307742e+01  3.900000e+01
     vertex  1.601741e+02  7.350503e+01  6.325000e+01
   endloop
 endfacet
 facet normal -6.165558e-01 -2.698529e-01  7.396204e-01
   outer loop
     vertex  1.559386e+02  6.017025e+01  6.462500e+01
     vertex  1.579529e+02  5.933677e+01  6.600000e+01
     vertex  1.575131e+02  6.034162e+01  6.600000e+01
   endloop
 endfacet
 facet normal -5.654794e-01 -4.336582e-01  7.015509e-01
   outer loop
     vertex  1.559386e+02  6.017025e+01  6.462500e+01
     vertex  1.575131e+02  6.034162e+01  6.600000e+01
     vertex  1.568456e+02  6.121203e+01  6.600000e+01
   endloop
 endfacet
 facet normal -4.410094e-01 -5.510656e-01  7.084048e-01
   outer loop
     vertex  1.559386e+02  6.017025e+01  6.462500e+01
     vertex  1.568456e+02  6.121203e+01  6.600000e+01
     vertex  1.559892e+02  6.189739e+01  6.600000e+01
   endloop
 endfacet
 facet normal -6.227536e-01 -3.533710e-01  6.980737e-01
   outer loop
     vertex  1.559386e+02  6.017025e+01  6.462500e+01
     vertex  1.553191e+02  5.854585e+01  6.325000e+01
     vertex  1.579529e+02  5.933677e+01  6.600000e+01
   endloop
 endfacet
 facet normal -6.855235e-01 -3.000386e-01  6.633509e-01
   outer loop
     vertex  1.559386e+02  6.017025e+01  6.462500e+01
     vertex  1.551451e+02  5.894337e+01  6.325000e+01
     vertex  1.553191e+02  5.854585e+01  6.325000e+01
   endloop
 endfacet
 facet normal -5.608386e-01 -4.300993e-01  7.074424e-01
   outer loop
     vertex  1.559386e+02  6.017025e+01  6.462500e+01
     vertex  1.548810e+02  5.928771e+01  6.325000e+01
     vertex  1.551451e+02  5.894337e+01  6.325000e+01
   endloop
 endfacet
 facet normal -4.458749e-01 -5.571453e-01  7.005603e-01
   outer loop
     vertex  1.559386e+02  6.017025e+01  6.462500e+01
     vertex  1.545422e+02  5.955884e+01  6.325000e+01
     vertex  1.548810e+02  5.928771e+01  6.325000e+01
   endloop
 endfacet
 facet normal -2.999997e-01 -6.485573e-01  6.995525e-01
   outer loop
     vertex  1.547771e+02  6.097493e+01  6.462500e+01
     vertex  1.559892e+02  6.189739e+01  6.600000e+01
     vertex  1.549936e+02  6.235789e+01  6.600000e+01
   endloop
 endfacet
 facet normal -1.334846e-01 -6.881648e-01  7.131697e-01
   outer loop
     vertex  1.547771e+02  6.097493e+01  6.462500e+01
     vertex  1.549936e+02  6.235789e+01  6.600000e+01
     vertex  1.539168e+02  6.256676e+01  6.600000e+01
   endloop
 endfacet
 facet normal -2.959060e-01 -6.397072e-01  7.093760e-01
   outer loop
     vertex  1.547771e+02  6.097493e+01  6.462500e+01
     vertex  1.541484e+02  5.974102e+01  6.325000e+01
     vertex  1.545422e+02  5.955884e+01  6.325000e+01
   endloop
 endfacet
 facet normal -1.368173e-01 -7.053466e-01  6.955338e-01
   outer loop
     vertex  1.547771e+02  6.097493e+01  6.462500e+01
     vertex  1.537224e+02  5.982365e+01  6.325000e+01
     vertex  1.541484e+02  5.974102e+01  6.325000e+01
   endloop
 endfacet
 facet normal -3.920646e-01 -5.659239e-01  7.252692e-01
   outer loop
     vertex  1.547771e+02  6.097493e+01  6.462500e+01
     vertex  1.559386e+02  6.017025e+01  6.462500e+01
     vertex  1.559892e+02  6.189739e+01  6.600000e+01
   endloop
 endfacet
 facet normal -4.141373e-01 -5.977845e-01  6.863993e-01
   outer loop
     vertex  1.547771e+02  6.097493e+01  6.462500e+01
     vertex  1.545422e+02  5.955884e+01  6.325000e+01
     vertex  1.559386e+02  6.017025e+01  6.462500e+01
   endloop
 endfacet
 facet normal  3.581223e-02 -7.146680e-01  6.985464e-01
   outer loop
     vertex  1.533815e+02  6.119596e+01  6.462500e+01
     vertex  1.539168e+02  6.256676e+01  6.600000e+01
     vertex  1.528213e+02  6.251187e+01  6.600000e+01
   endloop
 endfacet
 facet normal  1.999661e-01 -6.658942e-01  7.187479e-01
   outer loop
     vertex  1.533815e+02  6.119596e+01  6.462500e+01
     vertex  1.528213e+02  6.251187e+01  6.600000e+01
     vertex  1.517708e+02  6.219639e+01  6.600000e+01
   endloop
 endfacet
 facet normal  3.522651e-02 -7.029793e-01  7.103374e-01
   outer loop
     vertex  1.533815e+02  6.119596e+01  6.462500e+01
     vertex  1.532890e+02  5.980193e+01  6.325000e+01
     vertex  1.537224e+02  5.982365e+01  6.325000e+01
   endloop
 endfacet
 facet normal  2.083445e-01 -6.937945e-01  6.893778e-01
   outer loop
     vertex  1.533815e+02  6.119596e+01  6.462500e+01
     vertex  1.528734e+02  5.967713e+01  6.325000e+01
     vertex  1.532890e+02  5.980193e+01  6.325000e+01
   endloop
 endfacet
 facet normal -1.081176e-01 -6.826720e-01  7.226822e-01
   outer loop
     vertex  1.533815e+02  6.119596e+01  6.462500e+01
     vertex  1.547771e+02  6.097493e+01  6.462500e+01
     vertex  1.539168e+02  6.256676e+01  6.600000e+01
   endloop
 endfacet
 facet normal -1.135789e-01 -7.171556e-01  6.875956e-01
   outer loop
     vertex  1.533815e+02  6.119596e+01  6.462500e+01
     vertex  1.537224e+02  5.982365e+01  6.325000e+01
     vertex  1.547771e+02  6.097493e+01  6.462500e+01
   endloop
 endfacet
 facet normal  3.638329e-01 -6.161643e-01  6.985464e-01
   outer loop
     vertex  1.520282e+02  6.078956e+01  6.462500e+01
     vertex  1.517708e+02  6.219639e+01  6.600000e+01
     vertex  1.508263e+02  6.163868e+01  6.600000e+01
   endloop
 endfacet
 facet normal  3.578823e-01 -6.060867e-01  7.103374e-01
   outer loop
     vertex  1.520282e+02  6.078956e+01  6.462500e+01
     vertex  1.524997e+02  5.945649e+01  6.325000e+01
     vertex  1.528734e+02  5.967713e+01  6.325000e+01
   endloop
 endfacet
 facet normal  2.083445e-01 -6.937945e-01  6.893778e-01
   outer loop
     vertex  1.520282e+02  6.078956e+01  6.462500e+01
     vertex  1.528734e+02  5.967713e+01  6.325000e+01
     vertex  1.533815e+02  6.119596e+01  6.462500e+01
   endloop
 endfacet
 facet normal  1.999661e-01 -6.658942e-01  7.187479e-01
   outer loop
     vertex  1.520282e+02  6.078956e+01  6.462500e+01
     vertex  1.533815e+02  6.119596e+01  6.462500e+01
     vertex  1.517708e+02  6.219639e+01  6.600000e+01
   endloop
 endfacet
 facet normal  4.905207e-01 -5.007778e-01  7.131697e-01
   outer loop
     vertex  1.509852e+02  5.983624e+01  6.462500e+01
     vertex  1.508263e+02  6.163868e+01  6.600000e+01
     vertex  1.500427e+02  6.087113e+01  6.600000e+01
   endloop
 endfacet
 facet normal  6.076676e-01 -3.759873e-01  6.995525e-01
   outer loop
     vertex  1.509852e+02  5.983624e+01  6.462500e+01
     vertex  1.500427e+02  6.087113e+01  6.600000e+01
     vertex  1.494655e+02  5.993836e+01  6.600000e+01
   endloop
 endfacet
 facet normal  5.027677e-01 -5.132810e-01  6.955338e-01
   outer loop
     vertex  1.509852e+02  5.983624e+01  6.462500e+01
     vertex  1.521897e+02  5.915285e+01  6.325000e+01
     vertex  1.524997e+02  5.945649e+01  6.325000e+01
   endloop
 endfacet
 facet normal  5.993755e-01 -3.708567e-01  7.093760e-01
   outer loop
     vertex  1.509852e+02  5.983624e+01  6.462500e+01
     vertex  1.519614e+02  5.878384e+01  6.325000e+01
     vertex  1.521897e+02  5.915285e+01  6.325000e+01
   endloop
 endfacet
 facet normal  4.663243e-01 -5.101687e-01  7.226822e-01
   outer loop
     vertex  1.509852e+02  5.983624e+01  6.462500e+01
     vertex  1.520282e+02  6.078956e+01  6.462500e+01
     vertex  1.508263e+02  6.163868e+01  6.600000e+01
   endloop
 endfacet
 facet normal  4.898795e-01 -5.359387e-01  6.875956e-01
   outer loop
     vertex  1.509852e+02  5.983624e+01  6.462500e+01
     vertex  1.524997e+02  5.945649e+01  6.325000e+01
     vertex  1.520282e+02  6.078956e+01  6.462500e+01
   endloop
 endfacet
 facet normal  7.144036e-01  4.817356e-02  6.980737e-01
   outer loop
     vertex  1.504592e+02  5.852480e+01  6.462500e+01
     vertex  1.492374e+02  5.671953e+01  6.600000e+01
     vertex  1.518712e+02  5.751045e+01  6.325000e+01
   endloop
 endfacet
 facet normal  6.716394e-01 -2.169404e-01  7.084048e-01
   outer loop
     vertex  1.504592e+02  5.852480e+01  6.462500e+01
     vertex  1.494655e+02  5.993836e+01  6.600000e+01
     vertex  1.491284e+02  5.889457e+01  6.600000e+01
   endloop
 endfacet
 facet normal  7.108360e-01 -5.038434e-02  7.015509e-01
   outer loop
     vertex  1.504592e+02  5.852480e+01  6.462500e+01
     vertex  1.491284e+02  5.889457e+01  6.600000e+01
     vertex  1.490508e+02  5.780043e+01  6.600000e+01
   endloop
 endfacet
 facet normal  6.632198e-01  1.144601e-01  7.396204e-01
   outer loop
     vertex  1.504592e+02  5.852480e+01  6.462500e+01
     vertex  1.490508e+02  5.780043e+01  6.600000e+01
     vertex  1.492374e+02  5.671953e+01  6.600000e+01
   endloop
 endfacet
 facet normal  6.790493e-01 -2.193338e-01  7.005603e-01
   outer loop
     vertex  1.504592e+02  5.852480e+01  6.462500e+01
     vertex  1.518280e+02  5.837091e+01  6.325000e+01
     vertex  1.519614e+02  5.878384e+01  6.325000e+01
   endloop
 endfacet
 facet normal  7.050023e-01 -4.997085e-02  7.074424e-01
   outer loop
     vertex  1.504592e+02  5.852480e+01  6.462500e+01
     vertex  1.517974e+02  5.793807e+01  6.325000e+01
     vertex  1.518280e+02  5.837091e+01  6.325000e+01
   endloop
 endfacet
 facet normal  7.374073e-01  1.272635e-01  6.633509e-01
   outer loop
     vertex  1.504592e+02  5.852480e+01  6.462500e+01
     vertex  1.518712e+02  5.751045e+01  6.325000e+01
     vertex  1.517974e+02  5.793807e+01  6.325000e+01
   endloop
 endfacet
 facet normal  6.389776e-01 -2.563048e-01  7.252692e-01
   outer loop
     vertex  1.504592e+02  5.852480e+01  6.462500e+01
     vertex  1.509852e+02  5.983624e+01  6.462500e+01
     vertex  1.494655e+02  5.993836e+01  6.600000e+01
   endloop
 endfacet
 facet normal  6.749510e-01 -2.707344e-01  6.863993e-01
   outer loop
     vertex  1.504592e+02  5.852480e+01  6.462500e+01
     vertex  1.519614e+02  5.878384e+01  6.325000e+01
     vertex  1.509852e+02  5.983624e+01  6.462500e+01
   endloop
 endfacet
 facet normal -9.160974e-01 -4.009557e-01 -7.049113e-15
   outer loop
     vertex  1.551451e+02  5.894337e+01  6.325000e+01
     vertex  1.553191e+02  5.854585e+01  3.900000e+01
     vertex  1.553191e+02  5.854585e+01  6.325000e+01
   endloop
 endfacet
 facet normal -9.160974e-01 -4.009557e-01 -6.931495e-15
   outer loop
     vertex  1.551451e+02  5.894337e+01  6.325000e+01
     vertex  1.551451e+02  5.894337e+01  3.900000e+01
     vertex  1.553191e+02  5.854585e+01  3.900000e+01
   endloop
 endfacet
 facet normal -7.935223e-01 -6.085412e-01 -1.034181e-14
   outer loop
     vertex  1.548810e+02  5.928771e+01  6.325000e+01
     vertex  1.548810e+02  5.928771e+01  3.900000e+01
     vertex  1.551451e+02  5.894337e+01  3.900000e+01
   endloop
 endfacet
 facet normal -6.248306e-01 -7.807604e-01 -1.326857e-14
   outer loop
     vertex  1.548810e+02  5.928771e+01  6.325000e+01
     vertex  1.545422e+02  5.955884e+01  3.900000e+01
     vertex  1.548810e+02  5.928771e+01  3.900000e+01
   endloop
 endfacet
 facet normal -7.935223e-01 -6.085412e-01 -1.052026e-14
   outer loop
     vertex  1.548810e+02  5.928771e+01  6.325000e+01
     vertex  1.551451e+02  5.894337e+01  3.900000e+01
     vertex  1.551451e+02  5.894337e+01  6.325000e+01
   endloop
 endfacet
 facet normal -6.248306e-01 -7.807604e-01 -1.445843e-14
   outer loop
     vertex  1.545422e+02  5.955884e+01  6.325000e+01
     vertex  1.545422e+02  5.955884e+01  3.900000e+01
     vertex  1.548810e+02  5.928771e+01  6.325000e+01
   endloop
 endfacet
 facet normal -4.198259e-01 -9.076046e-01 -1.644814e-14
   outer loop
     vertex  1.541484e+02  5.974102e+01  6.325000e+01
     vertex  1.541484e+02  5.974102e+01  3.900000e+01
     vertex  1.545422e+02  5.955884e+01  3.900000e+01
   endloop
 endfacet
 facet normal -1.904225e-01 -9.817022e-01 -1.748194e-14
   outer loop
     vertex  1.541484e+02  5.974102e+01  6.325000e+01
     vertex  1.537224e+02  5.982365e+01  3.900000e+01
     vertex  1.541484e+02  5.974102e+01  3.900000e+01
   endloop
 endfacet
 facet normal -4.198259e-01 -9.076046e-01 -1.644837e-14
   outer loop
     vertex  1.541484e+02  5.974102e+01  6.325000e+01
     vertex  1.545422e+02  5.955884e+01  3.900000e+01
     vertex  1.545422e+02  5.955884e+01  6.325000e+01
   endloop
 endfacet
 facet normal -1.904225e-01 -9.817022e-01 -1.697111e-14
   outer loop
     vertex  1.537224e+02  5.982365e+01  6.325000e+01
     vertex  1.537224e+02  5.982365e+01  3.900000e+01
     vertex  1.541484e+02  5.974102e+01  6.325000e+01
   endloop
 endfacet
 facet normal  5.004751e-02 -9.987468e-01 -1.668049e-14
   outer loop
     vertex  1.532890e+02  5.980193e+01  6.325000e+01
     vertex  1.532890e+02  5.980193e+01  3.900000e+01
     vertex  1.537224e+02  5.982365e+01  3.900000e+01
   endloop
 endfacet
 facet normal  5.004751e-02 -9.987468e-01 -1.726571e-14
   outer loop
     vertex  1.532890e+02  5.980193e+01  6.325000e+01
     vertex  1.537224e+02  5.982365e+01  3.900000e+01
     vertex  1.537224e+02  5.982365e+01  6.325000e+01
   endloop
 endfacet
 facet normal  2.876090e-01 -9.577479e-01 -1.650054e-14
   outer loop
     vertex  1.528734e+02  5.967713e+01  6.325000e+01
     vertex  1.528734e+02  5.967713e+01  3.900000e+01
     vertex  1.532890e+02  5.980193e+01  3.900000e+01
   endloop
 endfacet
 facet normal  2.876090e-01 -9.577479e-01 -1.599601e-14
   outer loop
     vertex  1.528734e+02  5.967713e+01  6.325000e+01
     vertex  1.532890e+02  5.980193e+01  3.900000e+01
     vertex  1.532890e+02  5.980193e+01  6.325000e+01
   endloop
 endfacet
 facet normal  5.084557e-01 -8.610882e-01 -1.394646e-14
   outer loop
     vertex  1.524997e+02  5.945649e+01  6.325000e+01
     vertex  1.524997e+02  5.945649e+01  3.900000e+01
     vertex  1.528734e+02  5.967713e+01  3.900000e+01
   endloop
 endfacet
 facet normal  6.997528e-01 -7.143851e-01 -1.091894e-14
   outer loop
     vertex  1.524997e+02  5.945649e+01  6.325000e+01
     vertex  1.521897e+02  5.915285e+01  3.900000e+01
     vertex  1.524997e+02  5.945649e+01  3.900000e+01
   endloop
 endfacet
 facet normal  5.084557e-01 -8.610882e-01 -1.454135e-14
   outer loop
     vertex  1.524997e+02  5.945649e+01  6.325000e+01
     vertex  1.528734e+02  5.967713e+01  3.900000e+01
     vertex  1.528734e+02  5.967713e+01  6.325000e+01
   endloop
 endfacet
 facet normal  6.997528e-01 -7.143851e-01 -1.152975e-14
   outer loop
     vertex  1.521897e+02  5.915285e+01  6.325000e+01
     vertex  1.521897e+02  5.915285e+01  3.900000e+01
     vertex  1.524997e+02  5.945649e+01  6.325000e+01
   endloop
 endfacet
 facet normal  8.503828e-01 -5.261646e-01 -7.945191e-15
   outer loop
     vertex  1.519614e+02  5.878384e+01  6.325000e+01
     vertex  1.519614e+02  5.878384e+01  3.900000e+01
     vertex  1.521897e+02  5.915285e+01  3.900000e+01
   endloop
 endfacet
 facet normal  8.503828e-01 -5.261646e-01 -8.100216e-15
   outer loop
     vertex  1.519614e+02  5.878384e+01  6.325000e+01
     vertex  1.521897e+02  5.915285e+01  3.900000e+01
     vertex  1.521897e+02  5.915285e+01  6.325000e+01
   endloop
 endfacet
 facet normal  9.515916e-01 -3.073653e-01 -4.198263e-15
   outer loop
     vertex  1.518280e+02  5.837091e+01  6.325000e+01
     vertex  1.518280e+02  5.837091e+01  3.900000e+01
     vertex  1.519614e+02  5.878384e+01  3.900000e+01
   endloop
 endfacet
 facet normal  9.515916e-01 -3.073653e-01 -4.108136e-15
   outer loop
     vertex  1.518280e+02  5.837091e+01  6.325000e+01
     vertex  1.519614e+02  5.878384e+01  3.900000e+01
     vertex  1.519614e+02  5.878384e+01  6.325000e+01
   endloop
 endfacet
 facet normal  9.974974e-01 -7.070302e-02  1.095202e-15
   outer loop
     vertex  1.517974e+02  5.793807e+01  6.325000e+01
     vertex  1.517974e+02  5.793807e+01  3.900000e+01
     vertex  1.518280e+02  5.837091e+01  3.900000e+01
   endloop
 endfacet
 facet normal  9.854323e-01  1.700682e-01  5.299785e-15
   outer loop
     vertex  1.517974e+02  5.793807e+01  6.325000e+01
     vertex  1.518712e+02  5.751045e+01  3.900000e+01
     vertex  1.517974e+02  5.793807e+01  3.900000e+01
   endloop
 endfacet
 facet normal  9.974974e-01 -7.070302e-02 -5.308266e-17
   outer loop
     vertex  1.517974e+02  5.793807e+01  6.325000e+01
     vertex  1.518280e+02  5.837091e+01  3.900000e+01
     vertex  1.518280e+02  5.837091e+01  6.325000e+01
   endloop
 endfacet
 facet normal  9.854323e-01  1.700682e-01  2.890212e-15
   outer loop
     vertex  1.518712e+02  5.751045e+01  6.325000e+01
     vertex  1.518712e+02  5.751045e+01  3.900000e+01
     vertex  1.517974e+02  5.793807e+01  6.325000e+01
   endloop
 endfacet
 facet normal -6.165558e-01 -2.698529e-01  7.396204e-01
   outer loop
     vertex  1.403717e+02  6.854699e+01  6.462500e+01
     vertex  1.423859e+02  6.771351e+01  6.600000e+01
     vertex  1.419461e+02  6.871836e+01  6.600000e+01
   endloop
 endfacet
 facet normal -5.654794e-01 -4.336582e-01  7.015509e-01
   outer loop
     vertex  1.403717e+02  6.854699e+01  6.462500e+01
     vertex  1.419461e+02  6.871836e+01  6.600000e+01
     vertex  1.412786e+02  6.958876e+01  6.600000e+01
   endloop
 endfacet
 facet normal -4.410094e-01 -5.510656e-01  7.084048e-01
   outer loop
     vertex  1.403717e+02  6.854699e+01  6.462500e+01
     vertex  1.412786e+02  6.958876e+01  6.600000e+01
     vertex  1.404222e+02  7.027413e+01  6.600000e+01
   endloop
 endfacet
 facet normal -6.227536e-01 -3.533710e-01  6.980737e-01
   outer loop
     vertex  1.403717e+02  6.854699e+01  6.462500e+01
     vertex  1.397521e+02  6.692258e+01  6.325000e+01
     vertex  1.423859e+02  6.771351e+01  6.600000e+01
   endloop
 endfacet
 facet normal -6.855235e-01 -3.000386e-01  6.633509e-01
   outer loop
     vertex  1.403717e+02  6.854699e+01  6.462500e+01
     vertex  1.395781e+02  6.732011e+01  6.325000e+01
     vertex  1.397521e+02  6.692258e+01  6.325000e+01
   endloop
 endfacet
 facet normal -5.608386e-01 -4.300993e-01  7.074424e-01
   outer loop
     vertex  1.403717e+02  6.854699e+01  6.462500e+01
     vertex  1.393140e+02  6.766444e+01  6.325000e+01
     vertex  1.395781e+02  6.732011e+01  6.325000e+01
   endloop
 endfacet
 facet normal -4.458749e-01 -5.571453e-01  7.005603e-01
   outer loop
     vertex  1.403717e+02  6.854699e+01  6.462500e+01
     vertex  1.389752e+02  6.793558e+01  6.325000e+01
     vertex  1.393140e+02  6.766444e+01  6.325000e+01
   endloop
 endfacet
 facet normal -2.999997e-01 -6.485573e-01  6.995525e-01
   outer loop
     vertex  1.392102e+02  6.935166e+01  6.462500e+01
     vertex  1.404222e+02  7.027413e+01  6.600000e+01
     vertex  1.394267e+02  7.073463e+01  6.600000e+01
   endloop
 endfacet
 facet normal -1.334846e-01 -6.881648e-01  7.131697e-01
   outer loop
     vertex  1.392102e+02  6.935166e+01  6.462500e+01
     vertex  1.394267e+02  7.073463e+01  6.600000e+01
     vertex  1.383498e+02  7.094350e+01  6.600000e+01
   endloop
 endfacet
 facet normal -2.959060e-01 -6.397072e-01  7.093760e-01
   outer loop
     vertex  1.392102e+02  6.935166e+01  6.462500e+01
     vertex  1.385814e+02  6.811775e+01  6.325000e+01
     vertex  1.389752e+02  6.793558e+01  6.325000e+01
   endloop
 endfacet
 facet normal -1.368173e-01 -7.053466e-01  6.955338e-01
   outer loop
     vertex  1.392102e+02  6.935166e+01  6.462500e+01
     vertex  1.381554e+02  6.820038e+01  6.325000e+01
     vertex  1.385814e+02  6.811775e+01  6.325000e+01
   endloop
 endfacet
 facet normal -3.920646e-01 -5.659239e-01  7.252692e-01
   outer loop
     vertex  1.392102e+02  6.935166e+01  6.462500e+01
     vertex  1.403717e+02  6.854699e+01  6.462500e+01
     vertex  1.404222e+02  7.027413e+01  6.600000e+01
   endloop
 endfacet
 facet normal -4.141373e-01 -5.977845e-01  6.863993e-01
   outer loop
     vertex  1.392102e+02  6.935166e+01  6.462500e+01
     vertex  1.389752e+02  6.793558e+01  6.325000e+01
     vertex  1.403717e+02  6.854699e+01  6.462500e+01
   endloop
 endfacet
 facet normal  3.581223e-02 -7.146680e-01  6.985464e-01
   outer loop
     vertex  1.378145e+02  6.957269e+01  6.462500e+01
     vertex  1.383498e+02  7.094350e+01  6.600000e+01
     vertex  1.372543e+02  7.088860e+01  6.600000e+01
   endloop
 endfacet
 facet normal  3.522651e-02 -7.029793e-01  7.103374e-01
   outer loop
     vertex  1.378145e+02  6.957269e+01  6.462500e+01
     vertex  1.377220e+02  6.817867e+01  6.325000e+01
     vertex  1.381554e+02  6.820038e+01  6.325000e+01
   endloop
 endfacet
 facet normal -1.081176e-01 -6.826720e-01  7.226822e-01
   outer loop
     vertex  1.378145e+02  6.957269e+01  6.462500e+01
     vertex  1.392102e+02  6.935166e+01  6.462500e+01
     vertex  1.383498e+02  7.094350e+01  6.600000e+01
   endloop
 endfacet
 facet normal -1.135789e-01 -7.171556e-01  6.875956e-01
   outer loop
     vertex  1.378145e+02  6.957269e+01  6.462500e+01
     vertex  1.381554e+02  6.820038e+01  6.325000e+01
     vertex  1.392102e+02  6.935166e+01  6.462500e+01
   endloop
 endfacet
 facet normal  1.999661e-01 -6.658942e-01  7.187479e-01
   outer loop
     vertex  1.364612e+02  6.916630e+01  6.462500e+01
     vertex  1.372543e+02  7.088860e+01  6.600000e+01
     vertex  1.362038e+02  7.057313e+01  6.600000e+01
   endloop
 endfacet
 facet normal  3.638329e-01 -6.161643e-01  6.985464e-01
   outer loop
     vertex  1.364612e+02  6.916630e+01  6.462500e+01
     vertex  1.362038e+02  7.057313e+01  6.600000e+01
     vertex  1.352593e+02  7.001541e+01  6.600000e+01
   endloop
 endfacet
 facet normal  2.083445e-01 -6.937945e-01  6.893778e-01
   outer loop
     vertex  1.364612e+02  6.916630e+01  6.462500e+01
     vertex  1.373064e+02  6.805386e+01  6.325000e+01
     vertex  1.377220e+02  6.817867e+01  6.325000e+01
   endloop
 endfacet
 facet normal  3.578823e-01 -6.060867e-01  7.103374e-01
   outer loop
     vertex  1.364612e+02  6.916630e+01  6.462500e+01
     vertex  1.369328e+02  6.783323e+01  6.325000e+01
     vertex  1.373064e+02  6.805386e+01  6.325000e+01
   endloop
 endfacet
 facet normal  1.999661e-01 -6.658942e-01  7.187479e-01
   outer loop
     vertex  1.364612e+02  6.916630e+01  6.462500e+01
     vertex  1.378145e+02  6.957269e+01  6.462500e+01
     vertex  1.372543e+02  7.088860e+01  6.600000e+01
   endloop
 endfacet
 facet normal  2.083445e-01 -6.937945e-01  6.893778e-01
   outer loop
     vertex  1.364612e+02  6.916630e+01  6.462500e+01
     vertex  1.377220e+02  6.817867e+01  6.325000e+01
     vertex  1.378145e+02  6.957269e+01  6.462500e+01
   endloop
 endfacet
 facet normal  4.905207e-01 -5.007778e-01  7.131697e-01
   outer loop
     vertex  1.354183e+02  6.821297e+01  6.462500e+01
     vertex  1.352593e+02  7.001541e+01  6.600000e+01
     vertex  1.344757e+02  6.924787e+01  6.600000e+01
   endloop
 endfacet
 facet normal  6.076676e-01 -3.759873e-01  6.995525e-01
   outer loop
     vertex  1.354183e+02  6.821297e+01  6.462500e+01
     vertex  1.344757e+02  6.924787e+01  6.600000e+01
     vertex  1.338985e+02  6.831510e+01  6.600000e+01
   endloop
 endfacet
 facet normal  5.027677e-01 -5.132810e-01  6.955338e-01
   outer loop
     vertex  1.354183e+02  6.821297e+01  6.462500e+01
     vertex  1.366228e+02  6.752958e+01  6.325000e+01
     vertex  1.369328e+02  6.783323e+01  6.325000e+01
   endloop
 endfacet
 facet normal  5.993755e-01 -3.708567e-01  7.093760e-01
   outer loop
     vertex  1.354183e+02  6.821297e+01  6.462500e+01
     vertex  1.363945e+02  6.716057e+01  6.325000e+01
     vertex  1.366228e+02  6.752958e+01  6.325000e+01
   endloop
 endfacet
 facet normal  4.663243e-01 -5.101687e-01  7.226822e-01
   outer loop
     vertex  1.354183e+02  6.821297e+01  6.462500e+01
     vertex  1.364612e+02  6.916630e+01  6.462500e+01
     vertex  1.352593e+02  7.001541e+01  6.600000e+01
   endloop
 endfacet
 facet normal  4.898795e-01 -5.359387e-01  6.875956e-01
   outer loop
     vertex  1.354183e+02  6.821297e+01  6.462500e+01
     vertex  1.369328e+02  6.783323e+01  6.325000e+01
     vertex  1.364612e+02  6.916630e+01  6.462500e+01
   endloop
 endfacet
 facet normal  7.144036e-01  4.817356e-02  6.980737e-01
   outer loop
     vertex  1.348922e+02  6.690154e+01  6.462500e+01
     vertex  1.336704e+02  6.509627e+01  6.600000e+01
     vertex  1.363042e+02  6.588719e+01  6.325000e+01
   endloop
 endfacet
 facet normal  6.716394e-01 -2.169404e-01  7.084048e-01
   outer loop
     vertex  1.348922e+02  6.690154e+01  6.462500e+01
     vertex  1.338985e+02  6.831510e+01  6.600000e+01
     vertex  1.335614e+02  6.727131e+01  6.600000e+01
   endloop
 endfacet
 facet normal  7.108360e-01 -5.038434e-02  7.015509e-01
   outer loop
     vertex  1.348922e+02  6.690154e+01  6.462500e+01
     vertex  1.335614e+02  6.727131e+01  6.600000e+01
     vertex  1.334839e+02  6.617717e+01  6.600000e+01
   endloop
 endfacet
 facet normal  6.632198e-01  1.144601e-01  7.396204e-01
   outer loop
     vertex  1.348922e+02  6.690154e+01  6.462500e+01
     vertex  1.334839e+02  6.617717e+01  6.600000e+01
     vertex  1.336704e+02  6.509627e+01  6.600000e+01
   endloop
 endfacet
 facet normal  6.790493e-01 -2.193338e-01  7.005603e-01
   outer loop
     vertex  1.348922e+02  6.690154e+01  6.462500e+01
     vertex  1.362611e+02  6.674765e+01  6.325000e+01
     vertex  1.363945e+02  6.716057e+01  6.325000e+01
   endloop
 endfacet
 facet normal  7.050023e-01 -4.997085e-02  7.074424e-01
   outer loop
     vertex  1.348922e+02  6.690154e+01  6.462500e+01
     vertex  1.362304e+02  6.631480e+01  6.325000e+01
     vertex  1.362611e+02  6.674765e+01  6.325000e+01
   endloop
 endfacet
 facet normal  7.374073e-01  1.272635e-01  6.633509e-01
   outer loop
     vertex  1.348922e+02  6.690154e+01  6.462500e+01
     vertex  1.363042e+02  6.588719e+01  6.325000e+01
     vertex  1.362304e+02  6.631480e+01  6.325000e+01
   endloop
 endfacet
 facet normal  6.749510e-01 -2.707344e-01  6.863993e-01
   outer loop
     vertex  1.348922e+02  6.690154e+01  6.462500e+01
     vertex  1.363945e+02  6.716057e+01  6.325000e+01
     vertex  1.354183e+02  6.821297e+01  6.462500e+01
   endloop
 endfacet
 facet normal  6.389776e-01 -2.563048e-01  7.252692e-01
   outer loop
     vertex  1.348922e+02  6.690154e+01  6.462500e+01
     vertex  1.354183e+02  6.821297e+01  6.462500e+01
     vertex  1.338985e+02  6.831510e+01  6.600000e+01
   endloop
 endfacet
 facet normal -9.160974e-01 -4.009557e-01 -6.814363e-15
   outer loop
     vertex  1.395781e+02  6.732011e+01  6.325000e+01
     vertex  1.397521e+02  6.692258e+01  3.900000e+01
     vertex  1.397521e+02  6.692258e+01  6.325000e+01
   endloop
 endfacet
 facet normal -9.160974e-01 -4.009557e-01 -7.048978e-15
   outer loop
     vertex  1.395781e+02  6.732011e+01  6.325000e+01
     vertex  1.395781e+02  6.732011e+01  3.900000e+01
     vertex  1.397521e+02  6.692258e+01  3.900000e+01
   endloop
 endfacet
 facet normal -7.935223e-01 -6.085412e-01 -1.162845e-14
   outer loop
     vertex  1.393140e+02  6.766444e+01  6.325000e+01
     vertex  1.393140e+02  6.766444e+01  3.900000e+01
     vertex  1.395781e+02  6.732011e+01  3.900000e+01
   endloop
 endfacet
 facet normal -6.248306e-01 -7.807604e-01 -1.445843e-14
   outer loop
     vertex  1.393140e+02  6.766444e+01  6.325000e+01
     vertex  1.389752e+02  6.793558e+01  3.900000e+01
     vertex  1.393140e+02  6.766444e+01  3.900000e+01
   endloop
 endfacet
 facet normal -7.935223e-01 -6.085412e-01 -1.069962e-14
   outer loop
     vertex  1.393140e+02  6.766444e+01  6.325000e+01
     vertex  1.395781e+02  6.732011e+01  3.900000e+01
     vertex  1.395781e+02  6.732011e+01  6.325000e+01
   endloop
 endfacet
 facet normal -6.248306e-01 -7.807604e-01 -1.372611e-14
   outer loop
     vertex  1.389752e+02  6.793558e+01  6.325000e+01
     vertex  1.389752e+02  6.793558e+01  3.900000e+01
     vertex  1.393140e+02  6.766444e+01  6.325000e+01
   endloop
 endfacet
 facet normal -4.198259e-01 -9.076046e-01 -1.595609e-14
   outer loop
     vertex  1.385814e+02  6.811775e+01  6.325000e+01
     vertex  1.385814e+02  6.811775e+01  3.900000e+01
     vertex  1.389752e+02  6.793558e+01  3.900000e+01
   endloop
 endfacet
 facet normal -1.904225e-01 -9.817022e-01 -1.725876e-14
   outer loop
     vertex  1.385814e+02  6.811775e+01  6.325000e+01
     vertex  1.381554e+02  6.820038e+01  3.900000e+01
     vertex  1.385814e+02  6.811775e+01  3.900000e+01
   endloop
 endfacet
 facet normal -4.198259e-01 -9.076046e-01 -1.595513e-14
   outer loop
     vertex  1.385814e+02  6.811775e+01  6.325000e+01
     vertex  1.389752e+02  6.793558e+01  3.900000e+01
     vertex  1.389752e+02  6.793558e+01  6.325000e+01
   endloop
 endfacet
 facet normal -1.904225e-01 -9.817022e-01 -1.668346e-14
   outer loop
     vertex  1.381554e+02  6.820038e+01  6.325000e+01
     vertex  1.381554e+02  6.820038e+01  3.900000e+01
     vertex  1.385814e+02  6.811775e+01  6.325000e+01
   endloop
 endfacet
 facet normal  5.004751e-02 -9.987468e-01 -1.808503e-14
   outer loop
     vertex  1.377220e+02  6.817867e+01  6.325000e+01
     vertex  1.377220e+02  6.817867e+01  3.900000e+01
     vertex  1.381554e+02  6.820038e+01  3.900000e+01
   endloop
 endfacet
 facet normal  5.004751e-02 -9.987468e-01 -1.697310e-14
   outer loop
     vertex  1.377220e+02  6.817867e+01  6.325000e+01
     vertex  1.381554e+02  6.820038e+01  3.900000e+01
     vertex  1.381554e+02  6.820038e+01  6.325000e+01
   endloop
 endfacet
 facet normal  2.876090e-01 -9.577479e-01 -1.537803e-14
   outer loop
     vertex  1.373064e+02  6.805386e+01  6.325000e+01
     vertex  1.373064e+02  6.805386e+01  3.900000e+01
     vertex  1.377220e+02  6.817867e+01  3.900000e+01
   endloop
 endfacet
 facet normal  2.876090e-01 -9.577479e-01 -1.706162e-14
   outer loop
     vertex  1.373064e+02  6.805386e+01  6.325000e+01
     vertex  1.377220e+02  6.817867e+01  3.900000e+01
     vertex  1.377220e+02  6.817867e+01  6.325000e+01
   endloop
 endfacet
 facet normal  5.084557e-01 -8.610882e-01 -1.513831e-14
   outer loop
     vertex  1.369328e+02  6.783323e+01  6.325000e+01
     vertex  1.369328e+02  6.783323e+01  3.900000e+01
     vertex  1.373064e+02  6.805386e+01  3.900000e+01
   endloop
 endfacet
 facet normal  6.997528e-01 -7.143851e-01 -1.255920e-14
   outer loop
     vertex  1.369328e+02  6.783323e+01  6.325000e+01
     vertex  1.366228e+02  6.752958e+01  3.900000e+01
     vertex  1.369328e+02  6.783323e+01  3.900000e+01
   endloop
 endfacet
 facet normal  5.084557e-01 -8.610882e-01 -1.353245e-14
   outer loop
     vertex  1.369328e+02  6.783323e+01  6.325000e+01
     vertex  1.373064e+02  6.805386e+01  3.900000e+01
     vertex  1.373064e+02  6.805386e+01  6.325000e+01
   endloop
 endfacet
 facet normal  6.997528e-01 -7.143851e-01 -1.173907e-14
   outer loop
     vertex  1.366228e+02  6.752958e+01  6.325000e+01
     vertex  1.366228e+02  6.752958e+01  3.900000e+01
     vertex  1.369328e+02  6.783323e+01  6.325000e+01
   endloop
 endfacet
 facet normal  8.503828e-01 -5.261646e-01 -9.250204e-15
   outer loop
     vertex  1.363945e+02  6.716057e+01  6.325000e+01
     vertex  1.363945e+02  6.716057e+01  3.900000e+01
     vertex  1.366228e+02  6.752958e+01  3.900000e+01
   endloop
 endfacet
 facet normal  8.503828e-01 -5.261646e-01 -8.253199e-15
   outer loop
     vertex  1.363945e+02  6.716057e+01  6.325000e+01
     vertex  1.366228e+02  6.752958e+01  3.900000e+01
     vertex  1.366228e+02  6.752958e+01  6.325000e+01
   endloop
 endfacet
 facet normal  9.515916e-01 -3.073653e-01 -5.583737e-15
   outer loop
     vertex  1.362611e+02  6.674765e+01  6.325000e+01
     vertex  1.362611e+02  6.674765e+01  3.900000e+01
     vertex  1.363945e+02  6.716057e+01  3.900000e+01
   endloop
 endfacet
 facet normal  9.515916e-01 -3.073653e-01 -5.403221e-15
   outer loop
     vertex  1.362611e+02  6.674765e+01  6.325000e+01
     vertex  1.363945e+02  6.716057e+01  3.900000e+01
     vertex  1.363945e+02  6.716057e+01  6.325000e+01
   endloop
 endfacet
 facet normal  9.974974e-01 -7.070302e-02 -1.242990e-15
   outer loop
     vertex  1.362304e+02  6.631480e+01  6.325000e+01
     vertex  1.362304e+02  6.631480e+01  3.900000e+01
     vertex  1.362611e+02  6.674765e+01  3.900000e+01
   endloop
 endfacet
 facet normal  9.854323e-01  1.700682e-01  2.989874e-15
   outer loop
     vertex  1.362304e+02  6.631480e+01  6.325000e+01
     vertex  1.363042e+02  6.588719e+01  3.900000e+01
     vertex  1.362304e+02  6.631480e+01  3.900000e+01
   endloop
 endfacet
 facet normal  9.974974e-01 -7.070302e-02 -1.284370e-15
   outer loop
     vertex  1.362304e+02  6.631480e+01  6.325000e+01
     vertex  1.362611e+02  6.674765e+01  3.900000e+01
     vertex  1.362611e+02  6.674765e+01  6.325000e+01
   endloop
 endfacet
 facet normal  9.854323e-01  1.700682e-01  4.144830e-15
   outer loop
     vertex  1.363042e+02  6.588719e+01  6.325000e+01
     vertex  1.363042e+02  6.588719e+01  3.900000e+01
     vertex  1.362304e+02  6.631480e+01  6.325000e+01
   endloop
 endfacet
 facet normal -6.165558e-01 -2.698529e-01  7.396204e-01
   outer loop
     vertex  1.487484e+02  8.411395e+01  6.462500e+01
     vertex  1.507626e+02  8.328047e+01  6.600000e+01
     vertex  1.503228e+02  8.428532e+01  6.600000e+01
   endloop
 endfacet
 facet normal -5.654794e-01 -4.336582e-01  7.015509e-01
   outer loop
     vertex  1.487484e+02  8.411395e+01  6.462500e+01
     vertex  1.503228e+02  8.428532e+01  6.600000e+01
     vertex  1.496553e+02  8.515572e+01  6.600000e+01
   endloop
 endfacet
 facet normal -4.410094e-01 -5.510656e-01  7.084048e-01
   outer loop
     vertex  1.487484e+02  8.411395e+01  6.462500e+01
     vertex  1.496553e+02  8.515572e+01  6.600000e+01
     vertex  1.487989e+02  8.584109e+01  6.600000e+01
   endloop
 endfacet
 facet normal -6.227536e-01 -3.533710e-01  6.980737e-01
   outer loop
     vertex  1.487484e+02  8.411395e+01  6.462500e+01
     vertex  1.481288e+02  8.248955e+01  6.325000e+01
     vertex  1.507626e+02  8.328047e+01  6.600000e+01
   endloop
 endfacet
 facet normal -6.855235e-01 -3.000386e-01  6.633509e-01
   outer loop
     vertex  1.487484e+02  8.411395e+01  6.462500e+01
     vertex  1.479548e+02  8.288707e+01  6.325000e+01
     vertex  1.481288e+02  8.248955e+01  6.325000e+01
   endloop
 endfacet
 facet normal -5.608386e-01 -4.300993e-01  7.074424e-01
   outer loop
     vertex  1.487484e+02  8.411395e+01  6.462500e+01
     vertex  1.476908e+02  8.323140e+01  6.325000e+01
     vertex  1.479548e+02  8.288707e+01  6.325000e+01
   endloop
 endfacet
 facet normal -4.458749e-01 -5.571453e-01  7.005603e-01
   outer loop
     vertex  1.487484e+02  8.411395e+01  6.462500e+01
     vertex  1.473520e+02  8.350254e+01  6.325000e+01
     vertex  1.476908e+02  8.323140e+01  6.325000e+01
   endloop
 endfacet
 facet normal -2.999997e-01 -6.485573e-01  6.995525e-01
   outer loop
     vertex  1.475869e+02  8.491863e+01  6.462500e+01
     vertex  1.487989e+02  8.584109e+01  6.600000e+01
     vertex  1.478034e+02  8.630159e+01  6.600000e+01
   endloop
 endfacet
 facet normal -1.334846e-01 -6.881648e-01  7.131697e-01
   outer loop
     vertex  1.475869e+02  8.491863e+01  6.462500e+01
     vertex  1.478034e+02  8.630159e+01  6.600000e+01
     vertex  1.467266e+02  8.651046e+01  6.600000e+01
   endloop
 endfacet
 facet normal -2.959060e-01 -6.397072e-01  7.093760e-01
   outer loop
     vertex  1.475869e+02  8.491863e+01  6.462500e+01
     vertex  1.469581e+02  8.368471e+01  6.325000e+01
     vertex  1.473520e+02  8.350254e+01  6.325000e+01
   endloop
 endfacet
 facet normal -1.368173e-01 -7.053466e-01  6.955338e-01
   outer loop
     vertex  1.475869e+02  8.491863e+01  6.462500e+01
     vertex  1.465322e+02  8.376734e+01  6.325000e+01
     vertex  1.469581e+02  8.368471e+01  6.325000e+01
   endloop
 endfacet
 facet normal -3.920646e-01 -5.659239e-01  7.252692e-01
   outer loop
     vertex  1.475869e+02  8.491863e+01  6.462500e+01
     vertex  1.487484e+02  8.411395e+01  6.462500e+01
     vertex  1.487989e+02  8.584109e+01  6.600000e+01
   endloop
 endfacet
 facet normal -4.141373e-01 -5.977845e-01  6.863993e-01
   outer loop
     vertex  1.475869e+02  8.491863e+01  6.462500e+01
     vertex  1.473520e+02  8.350254e+01  6.325000e+01
     vertex  1.487484e+02  8.411395e+01  6.462500e+01
   endloop
 endfacet
 facet normal  3.581223e-02 -7.146680e-01  6.985464e-01
   outer loop
     vertex  1.461913e+02  8.513966e+01  6.462500e+01
     vertex  1.467266e+02  8.651046e+01  6.600000e+01
     vertex  1.456311e+02  8.645557e+01  6.600000e+01
   endloop
 endfacet
 facet normal  3.522651e-02 -7.029793e-01  7.103374e-01
   outer loop
     vertex  1.461913e+02  8.513966e+01  6.462500e+01
     vertex  1.460988e+02  8.374563e+01  6.325000e+01
     vertex  1.465322e+02  8.376734e+01  6.325000e+01
   endloop
 endfacet
 facet normal  2.083445e-01 -6.937945e-01  6.893778e-01
   outer loop
     vertex  1.461913e+02  8.513966e+01  6.462500e+01
     vertex  1.456832e+02  8.362082e+01  6.325000e+01
     vertex  1.460988e+02  8.374563e+01  6.325000e+01
   endloop
 endfacet
 facet normal -1.081176e-01 -6.826720e-01  7.226822e-01
   outer loop
     vertex  1.461913e+02  8.513966e+01  6.462500e+01
     vertex  1.475869e+02  8.491863e+01  6.462500e+01
     vertex  1.467266e+02  8.651046e+01  6.600000e+01
   endloop
 endfacet
 facet normal -1.135789e-01 -7.171556e-01  6.875956e-01
   outer loop
     vertex  1.461913e+02  8.513966e+01  6.462500e+01
     vertex  1.465322e+02  8.376734e+01  6.325000e+01
     vertex  1.475869e+02  8.491863e+01  6.462500e+01
   endloop
 endfacet
 facet normal  1.999661e-01 -6.658942e-01  7.187479e-01
   outer loop
     vertex  1.448380e+02  8.473326e+01  6.462500e+01
     vertex  1.456311e+02  8.645557e+01  6.600000e+01
     vertex  1.445805e+02  8.614009e+01  6.600000e+01
   endloop
 endfacet
 facet normal  3.638329e-01 -6.161643e-01  6.985464e-01
   outer loop
     vertex  1.448380e+02  8.473326e+01  6.462500e+01
     vertex  1.445805e+02  8.614009e+01  6.600000e+01
     vertex  1.436360e+02  8.558238e+01  6.600000e+01
   endloop
 endfacet
 facet normal  3.578823e-01 -6.060867e-01  7.103374e-01
   outer loop
     vertex  1.448380e+02  8.473326e+01  6.462500e+01
     vertex  1.453095e+02  8.340019e+01  6.325000e+01
     vertex  1.456832e+02  8.362082e+01  6.325000e+01
   endloop
 endfacet
 facet normal  2.083445e-01 -6.937945e-01  6.893778e-01
   outer loop
     vertex  1.448380e+02  8.473326e+01  6.462500e+01
     vertex  1.456832e+02  8.362082e+01  6.325000e+01
     vertex  1.461913e+02  8.513966e+01  6.462500e+01
   endloop
 endfacet
 facet normal  1.999661e-01 -6.658942e-01  7.187479e-01
   outer loop
     vertex  1.448380e+02  8.473326e+01  6.462500e+01
     vertex  1.461913e+02  8.513966e+01  6.462500e+01
     vertex  1.456311e+02  8.645557e+01  6.600000e+01
   endloop
 endfacet
 facet normal  4.905207e-01 -5.007778e-01  7.131697e-01
   outer loop
     vertex  1.437950e+02  8.377994e+01  6.462500e+01
     vertex  1.436360e+02  8.558238e+01  6.600000e+01
     vertex  1.428524e+02  8.481483e+01  6.600000e+01
   endloop
 endfacet
 facet normal  6.076676e-01 -3.759873e-01  6.995525e-01
   outer loop
     vertex  1.437950e+02  8.377994e+01  6.462500e+01
     vertex  1.428524e+02  8.481483e+01  6.600000e+01
     vertex  1.422753e+02  8.388206e+01  6.600000e+01
   endloop
 endfacet
 facet normal  5.027677e-01 -5.132810e-01  6.955338e-01
   outer loop
     vertex  1.437950e+02  8.377994e+01  6.462500e+01
     vertex  1.449995e+02  8.309654e+01  6.325000e+01
     vertex  1.453095e+02  8.340019e+01  6.325000e+01
   endloop
 endfacet
 facet normal  5.993755e-01 -3.708567e-01  7.093760e-01
   outer loop
     vertex  1.437950e+02  8.377994e+01  6.462500e+01
     vertex  1.447712e+02  8.272754e+01  6.325000e+01
     vertex  1.449995e+02  8.309654e+01  6.325000e+01
   endloop
 endfacet
 facet normal  4.663243e-01 -5.101687e-01  7.226822e-01
   outer loop
     vertex  1.437950e+02  8.377994e+01  6.462500e+01
     vertex  1.448380e+02  8.473326e+01  6.462500e+01
     vertex  1.436360e+02  8.558238e+01  6.600000e+01
   endloop
 endfacet
 facet normal  4.898795e-01 -5.359387e-01  6.875956e-01
   outer loop
     vertex  1.437950e+02  8.377994e+01  6.462500e+01
     vertex  1.453095e+02  8.340019e+01  6.325000e+01
     vertex  1.448380e+02  8.473326e+01  6.462500e+01
   endloop
 endfacet
 facet normal  7.144036e-01  4.817356e-02  6.980737e-01
   outer loop
     vertex  1.432690e+02  8.246850e+01  6.462500e+01
     vertex  1.420471e+02  8.066323e+01  6.600000e+01
     vertex  1.446809e+02  8.145415e+01  6.325000e+01
   endloop
 endfacet
 facet normal  6.716394e-01 -2.169404e-01  7.084048e-01
   outer loop
     vertex  1.432690e+02  8.246850e+01  6.462500e+01
     vertex  1.422753e+02  8.388206e+01  6.600000e+01
     vertex  1.419381e+02  8.283827e+01  6.600000e+01
   endloop
 endfacet
 facet normal  7.108360e-01 -5.038434e-02  7.015509e-01
   outer loop
     vertex  1.432690e+02  8.246850e+01  6.462500e+01
     vertex  1.419381e+02  8.283827e+01  6.600000e+01
     vertex  1.418606e+02  8.174413e+01  6.600000e+01
   endloop
 endfacet
 facet normal  6.632198e-01  1.144601e-01  7.396204e-01
   outer loop
     vertex  1.432690e+02  8.246850e+01  6.462500e+01
     vertex  1.418606e+02  8.174413e+01  6.600000e+01
     vertex  1.420471e+02  8.066323e+01  6.600000e+01
   endloop
 endfacet
 facet normal  6.790493e-01 -2.193338e-01  7.005603e-01
   outer loop
     vertex  1.432690e+02  8.246850e+01  6.462500e+01
     vertex  1.446378e+02  8.231461e+01  6.325000e+01
     vertex  1.447712e+02  8.272754e+01  6.325000e+01
   endloop
 endfacet
 facet normal  7.050023e-01 -4.997085e-02  7.074424e-01
   outer loop
     vertex  1.432690e+02  8.246850e+01  6.462500e+01
     vertex  1.446071e+02  8.188176e+01  6.325000e+01
     vertex  1.446378e+02  8.231461e+01  6.325000e+01
   endloop
 endfacet
 facet normal  7.374073e-01  1.272635e-01  6.633509e-01
   outer loop
     vertex  1.432690e+02  8.246850e+01  6.462500e+01
     vertex  1.446809e+02  8.145415e+01  6.325000e+01
     vertex  1.446071e+02  8.188176e+01  6.325000e+01
   endloop
 endfacet
 facet normal  6.389776e-01 -2.563048e-01  7.252692e-01
   outer loop
     vertex  1.432690e+02  8.246850e+01  6.462500e+01
     vertex  1.437950e+02  8.377994e+01  6.462500e+01
     vertex  1.422753e+02  8.388206e+01  6.600000e+01
   endloop
 endfacet
 facet normal  6.749510e-01 -2.707344e-01  6.863993e-01
   outer loop
     vertex  1.432690e+02  8.246850e+01  6.462500e+01
     vertex  1.447712e+02  8.272754e+01  6.325000e+01
     vertex  1.437950e+02  8.377994e+01  6.462500e+01
   endloop
 endfacet
 facet normal -9.160974e-01 -4.009557e-01 -8.357386e-15
   outer loop
     vertex  1.479548e+02  8.288707e+01  6.325000e+01
     vertex  1.481288e+02  8.248955e+01  3.900000e+01
     vertex  1.481288e+02  8.248955e+01  6.325000e+01
   endloop
 endfacet
 facet normal -9.160974e-01 -4.009557e-01 -8.122671e-15
   outer loop
     vertex  1.479548e+02  8.288707e+01  6.325000e+01
     vertex  1.479548e+02  8.288707e+01  3.900000e+01
     vertex  1.481288e+02  8.248955e+01  3.900000e+01
   endloop
 endfacet
 facet normal -7.935223e-01 -6.085412e-01 -1.069842e-14
   outer loop
     vertex  1.476908e+02  8.323140e+01  6.325000e+01
     vertex  1.476908e+02  8.323140e+01  3.900000e+01
     vertex  1.479548e+02  8.288707e+01  3.900000e+01
   endloop
 endfacet
 facet normal -6.248306e-01 -7.807604e-01 -1.372611e-14
   outer loop
     vertex  1.476908e+02  8.323140e+01  6.325000e+01
     vertex  1.473520e+02  8.350254e+01  3.900000e+01
     vertex  1.476908e+02  8.323140e+01  3.900000e+01
   endloop
 endfacet
 facet normal -7.935223e-01 -6.085412e-01 -1.162939e-14
   outer loop
     vertex  1.476908e+02  8.323140e+01  6.325000e+01
     vertex  1.479548e+02  8.288707e+01  3.900000e+01
     vertex  1.479548e+02  8.288707e+01  6.325000e+01
   endloop
 endfacet
 facet normal -6.248306e-01 -7.807604e-01 -1.372611e-14
   outer loop
     vertex  1.473520e+02  8.350254e+01  6.325000e+01
     vertex  1.473520e+02  8.350254e+01  3.900000e+01
     vertex  1.476908e+02  8.323140e+01  6.325000e+01
   endloop
 endfacet
 facet normal -4.198259e-01 -9.076046e-01 -1.542422e-14
   outer loop
     vertex  1.469581e+02  8.368471e+01  6.325000e+01
     vertex  1.469581e+02  8.368471e+01  3.900000e+01
     vertex  1.473520e+02  8.350254e+01  3.900000e+01
   endloop
 endfacet
 facet normal -1.904225e-01 -9.817022e-01 -1.668346e-14
   outer loop
     vertex  1.469581e+02  8.368471e+01  6.325000e+01
     vertex  1.465322e+02  8.376734e+01  3.900000e+01
     vertex  1.469581e+02  8.368471e+01  3.900000e+01
   endloop
 endfacet
 facet normal -4.198259e-01 -9.076046e-01 -1.595645e-14
   outer loop
     vertex  1.469581e+02  8.368471e+01  6.325000e+01
     vertex  1.473520e+02  8.350254e+01  3.900000e+01
     vertex  1.473520e+02  8.350254e+01  6.325000e+01
   endloop
 endfacet
 facet normal -1.904225e-01 -9.817022e-01 -1.748194e-14
   outer loop
     vertex  1.465322e+02  8.376734e+01  6.325000e+01
     vertex  1.465322e+02  8.376734e+01  3.900000e+01
     vertex  1.469581e+02  8.368471e+01  6.325000e+01
   endloop
 endfacet
 facet normal  5.004751e-02 -9.987468e-01 -1.697313e-14
   outer loop
     vertex  1.460988e+02  8.374563e+01  6.325000e+01
     vertex  1.460988e+02  8.374563e+01  3.900000e+01
     vertex  1.465322e+02  8.376734e+01  3.900000e+01
   endloop
 endfacet
 facet normal  5.004751e-02 -9.987468e-01 -1.749980e-14
   outer loop
     vertex  1.460988e+02  8.374563e+01  6.325000e+01
     vertex  1.465322e+02  8.376734e+01  3.900000e+01
     vertex  1.465322e+02  8.376734e+01  6.325000e+01
   endloop
 endfacet
 facet normal  2.876090e-01 -9.577479e-01 -1.627637e-14
   outer loop
     vertex  1.456832e+02  8.362082e+01  6.325000e+01
     vertex  1.456832e+02  8.362082e+01  3.900000e+01
     vertex  1.460988e+02  8.374563e+01  3.900000e+01
   endloop
 endfacet
 facet normal  2.876090e-01 -9.577479e-01 -1.627626e-14
   outer loop
     vertex  1.456832e+02  8.362082e+01  6.325000e+01
     vertex  1.460988e+02  8.374563e+01  3.900000e+01
     vertex  1.460988e+02  8.374563e+01  6.325000e+01
   endloop
 endfacet
 facet normal  5.084557e-01 -8.610882e-01 -1.513831e-14
   outer loop
     vertex  1.453095e+02  8.340019e+01  6.325000e+01
     vertex  1.453095e+02  8.340019e+01  3.900000e+01
     vertex  1.456832e+02  8.362082e+01  3.900000e+01
   endloop
 endfacet
 facet normal  6.997528e-01 -7.143851e-01 -1.255920e-14
   outer loop
     vertex  1.453095e+02  8.340019e+01  6.325000e+01
     vertex  1.449995e+02  8.309654e+01  3.900000e+01
     vertex  1.453095e+02  8.340019e+01  3.900000e+01
   endloop
 endfacet
 facet normal  5.084557e-01 -8.610882e-01 -1.463367e-14
   outer loop
     vertex  1.453095e+02  8.340019e+01  6.325000e+01
     vertex  1.456832e+02  8.362082e+01  3.900000e+01
     vertex  1.456832e+02  8.362082e+01  6.325000e+01
   endloop
 endfacet
 facet normal  6.997528e-01 -7.143851e-01 -1.132043e-14
   outer loop
     vertex  1.449995e+02  8.309654e+01  6.325000e+01
     vertex  1.449995e+02  8.309654e+01  3.900000e+01
     vertex  1.453095e+02  8.340019e+01  6.325000e+01
   endloop
 endfacet
 facet normal  8.503828e-01 -5.261646e-01 -7.945191e-15
   outer loop
     vertex  1.447712e+02  8.272754e+01  6.325000e+01
     vertex  1.447712e+02  8.272754e+01  3.900000e+01
     vertex  1.449995e+02  8.309654e+01  3.900000e+01
   endloop
 endfacet
 facet normal  8.503828e-01 -5.261646e-01 -7.945913e-15
   outer loop
     vertex  1.447712e+02  8.272754e+01  6.325000e+01
     vertex  1.449995e+02  8.309654e+01  3.900000e+01
     vertex  1.449995e+02  8.309654e+01  6.325000e+01
   endloop
 endfacet
 facet normal  9.515916e-01 -3.073653e-01 -4.468444e-15
   outer loop
     vertex  1.446378e+02  8.231461e+01  6.325000e+01
     vertex  1.446378e+02  8.231461e+01  3.900000e+01
     vertex  1.447712e+02  8.272754e+01  3.900000e+01
   endloop
 endfacet
 facet normal  9.515916e-01 -3.073653e-01 -4.108136e-15
   outer loop
     vertex  1.446378e+02  8.231461e+01  6.325000e+01
     vertex  1.447712e+02  8.272754e+01  3.900000e+01
     vertex  1.447712e+02  8.272754e+01  6.325000e+01
   endloop
 endfacet
 facet normal  9.974974e-01 -7.070302e-02 -7.389396e-17
   outer loop
     vertex  1.446071e+02  8.188176e+01  6.325000e+01
     vertex  1.446071e+02  8.188176e+01  3.900000e+01
     vertex  1.446378e+02  8.231461e+01  3.900000e+01
   endloop
 endfacet
 facet normal  9.854323e-01  1.700682e-01  4.144830e-15
   outer loop
     vertex  1.446071e+02  8.188176e+01  6.325000e+01
     vertex  1.446809e+02  8.145415e+01  3.900000e+01
     vertex  1.446071e+02  8.188176e+01  3.900000e+01
   endloop
 endfacet
 facet normal  9.974974e-01 -7.070302e-02 -1.153971e-16
   outer loop
     vertex  1.446071e+02  8.188176e+01  6.325000e+01
     vertex  1.446378e+02  8.231461e+01  3.900000e+01
     vertex  1.446378e+02  8.231461e+01  6.325000e+01
   endloop
 endfacet
 facet normal  9.854323e-01  1.700682e-01  4.045167e-15
   outer loop
     vertex  1.446809e+02  8.145415e+01  6.325000e+01
     vertex  1.446809e+02  8.145415e+01  3.900000e+01
     vertex  1.446071e+02  8.188176e+01  6.325000e+01
   endloop
 endfacet
 facet normal  3.871639e-01  9.220109e-01  1.252323e-14
   outer loop
     vertex  1.105289e+02  9.688933e+01  5.800000e+01
     vertex  1.105289e+02  9.688933e+01  5.381496e+01
     vertex  1.096465e+02  9.725988e+01  5.404953e+01
   endloop
 endfacet
 facet normal  2.015582e-01  9.794680e-01 -4.082408e-03
   outer loop
     vertex  1.094411e+02  9.731862e+01  5.800000e+01
     vertex  1.096465e+02  9.725988e+01  5.404953e+01
     vertex  1.087045e+02  9.745466e+01  5.427228e+01
   endloop
 endfacet
 facet normal  3.670667e-01  9.301798e-01  5.255589e-03
   outer loop
     vertex  1.094411e+02  9.731862e+01  5.800000e+01
     vertex  1.105289e+02  9.688933e+01  5.800000e+01
     vertex  1.096465e+02  9.725988e+01  5.404953e+01
   endloop
 endfacet
 facet normal  9.205285e-03  9.999377e-01 -6.316457e-03
   outer loop
     vertex  1.082831e+02  9.748209e+01  5.800000e+01
     vertex  1.087045e+02  9.745466e+01  5.427228e+01
     vertex  1.077424e+02  9.746480e+01  5.447466e+01
   endloop
 endfacet
 facet normal  1.397753e-01  9.901466e-01  8.515886e-03
   outer loop
     vertex  1.082831e+02  9.748209e+01  5.800000e+01
     vertex  1.094411e+02  9.731862e+01  5.800000e+01
     vertex  1.087045e+02  9.745466e+01  5.427228e+01
   endloop
 endfacet
 facet normal -1.843504e-01  9.828399e-01 -6.372440e-03
   outer loop
     vertex  1.071189e+02  9.737071e+01  5.800000e+01
     vertex  1.077424e+02  9.746480e+01  5.447466e+01
     vertex  1.067862e+02  9.728661e+01  5.465190e+01
   endloop
 endfacet
 facet normal -9.523081e-02  9.954077e-01  9.724083e-03
   outer loop
     vertex  1.071189e+02  9.737071e+01  5.800000e+01
     vertex  1.082831e+02  9.748209e+01  5.800000e+01
     vertex  1.077424e+02  9.746480e+01  5.447466e+01
   endloop
 endfacet
 facet normal -3.714098e-01  9.284616e-01 -3.715376e-03
   outer loop
     vertex  1.060129e+02  9.699064e+01  5.800000e+01
     vertex  1.067862e+02  9.728661e+01  5.465190e+01
     vertex  1.058839e+02  9.692622e+01  5.479604e+01
   endloop
 endfacet
 facet normal -5.447851e-01  8.385603e-01  5.071592e-03
   outer loop
     vertex  1.060129e+02  9.699064e+01  5.800000e+01
     vertex  1.058839e+02  9.692622e+01  5.479604e+01
     vertex  1.050604e+02  9.639057e+01  5.490389e+01
   endloop
 endfacet
 facet normal -3.249764e-01  9.456836e-01  8.532595e-03
   outer loop
     vertex  1.060129e+02  9.699064e+01  5.800000e+01
     vertex  1.071189e+02  9.737071e+01  5.800000e+01
     vertex  1.067862e+02  9.728661e+01  5.465190e+01
   endloop
 endfacet
 facet normal -6.994261e-01  7.147036e-01 -1.343588e-03
   outer loop
     vertex  1.050261e+02  9.636287e+01  5.800000e+01
     vertex  1.050604e+02  9.639057e+01  5.490389e+01
     vertex  1.043583e+02  9.570366e+01  5.497042e+01
   endloop
 endfacet
 facet normal -5.367816e-01  8.437197e-01  1.609433e-03
   outer loop
     vertex  1.050261e+02  9.636287e+01  5.800000e+01
     vertex  1.060129e+02  9.699064e+01  5.800000e+01
     vertex  1.050604e+02  9.639057e+01  5.490389e+01
   endloop
 endfacet
 facet normal -8.263572e-01  5.631161e-01 -5.838354e-03
   outer loop
     vertex  1.042132e+02  9.552211e+01  5.800000e+01
     vertex  1.043583e+02  9.570366e+01  5.497042e+01
     vertex  1.038031e+02  9.488909e+01  5.499374e+01
   endloop
 endfacet
 facet normal -7.188949e-01  6.950813e-01  7.217495e-03
   outer loop
     vertex  1.042132e+02  9.552211e+01  5.800000e+01
     vertex  1.050261e+02  9.636287e+01  5.800000e+01
     vertex  1.043583e+02  9.570366e+01  5.497042e+01
   endloop
 endfacet
 facet normal -9.211528e-01  3.891199e-01 -7.950574e-03
   outer loop
     vertex  1.036190e+02  9.451480e+01  5.800000e+01
     vertex  1.038031e+02  9.488909e+01  5.499374e+01
     vertex  1.034188e+02  9.397891e+01  5.497270e+01
   endloop
 endfacet
 facet normal -8.612701e-01  5.080385e-01  1.052191e-02
   outer loop
     vertex  1.036190e+02  9.451480e+01  5.800000e+01
     vertex  1.042132e+02  9.552211e+01  5.800000e+01
     vertex  1.038031e+02  9.488909e+01  5.499374e+01
   endloop
 endfacet
 facet normal -9.796957e-01  2.003483e-01 -7.537184e-03
   outer loop
     vertex  1.032764e+02  9.339661e+01  5.800000e+01
     vertex  1.034188e+02  9.397891e+01  5.497270e+01
     vertex  1.032226e+02  9.301700e+01  5.490839e+01
   endloop
 endfacet
 facet normal -9.560633e-01  2.929391e-01  1.138417e-02
   outer loop
     vertex  1.032764e+02  9.339661e+01  5.800000e+01
     vertex  1.036190e+02  9.451480e+01  5.800000e+01
     vertex  1.034188e+02  9.397891e+01  5.497270e+01
   endloop
 endfacet
 facet normal -9.999793e-01  4.262263e-03 -4.821996e-03
   outer loop
     vertex  1.032043e+02  9.222934e+01  5.800000e+01
     vertex  1.032226e+02  9.301700e+01  5.490839e+01
     vertex  1.032189e+02  9.203415e+01  5.480262e+01
   endloop
 endfacet
 facet normal -9.980491e-01  6.165766e-02  9.812174e-03
   outer loop
     vertex  1.032043e+02  9.222934e+01  5.800000e+01
     vertex  1.032764e+02  9.339661e+01  5.800000e+01
     vertex  1.032226e+02  9.301700e+01  5.490839e+01
   endloop
 endfacet
 facet normal -9.812736e-01 -1.926190e-01 -2.458450e-15
   outer loop
     vertex  1.034067e+02  9.107748e+01  5.800000e+01
     vertex  1.032189e+02  9.203415e+01  5.480262e+01
     vertex  1.034067e+02  9.107748e+01  5.465975e+01
   endloop
 endfacet
 facet normal -9.848959e-01 -1.730410e-01  6.070523e-03
   outer loop
     vertex  1.034067e+02  9.107748e+01  5.800000e+01
     vertex  1.032043e+02  9.222934e+01  5.800000e+01
     vertex  1.032189e+02  9.203415e+01  5.480262e+01
   endloop
 endfacet
 facet normal -9.298881e-01  3.678426e-01  3.712257e-15
   outer loop
     vertex  1.231107e+02  3.052894e+01  5.800000e+01
     vertex  1.231107e+02  3.052894e+01  5.381496e+01
     vertex  1.226835e+02  2.944903e+01  5.409837e+01
   endloop
 endfacet
 facet normal -9.227919e-01  3.852581e-01 -5.597301e-03
   outer loop
     vertex  1.227349e+02  2.962895e+01  5.800000e+01
     vertex  1.231107e+02  3.052894e+01  5.800000e+01
     vertex  1.226835e+02  2.944903e+01  5.409837e+01
   endloop
 endfacet
 facet normal -9.901698e-01  1.396336e-01 -8.132600e-03
   outer loop
     vertex  1.225420e+02  2.867296e+01  5.800000e+01
     vertex  1.226835e+02  2.944903e+01  5.409837e+01
     vertex  1.225180e+02  2.829125e+01  5.436219e+01
   endloop
 endfacet
 facet normal -9.802291e-01  1.978293e-01  3.803546e-03
   outer loop
     vertex  1.225420e+02  2.867296e+01  5.800000e+01
     vertex  1.227349e+02  2.962895e+01  5.800000e+01
     vertex  1.226835e+02  2.944903e+01  5.409837e+01
   endloop
 endfacet
 facet normal -9.984710e-01 -5.518622e-02 -3.179352e-03
   outer loop
     vertex  1.225393e+02  2.769769e+01  5.800000e+01
     vertex  1.225180e+02  2.829125e+01  5.436219e+01
     vertex  1.225606e+02  2.751209e+01  5.451952e+01
   endloop
 endfacet
 facet normal -9.777389e-01 -2.097610e-01  5.190623e-03
   outer loop
     vertex  1.225393e+02  2.769769e+01  5.800000e+01
     vertex  1.225606e+02  2.751209e+01  5.451952e+01
     vertex  1.227269e+02  2.674063e+01  5.465975e+01
   endloop
 endfacet
 facet normal -9.999763e-01  2.794851e-03  6.289924e-03
   outer loop
     vertex  1.225393e+02  2.769769e+01  5.800000e+01
     vertex  1.225420e+02  2.867296e+01  5.800000e+01
     vertex  1.225180e+02  2.829125e+01  5.436219e+01
   endloop
 endfacet
 facet normal -9.813267e-01 -1.923484e-01 -3.273328e-15
   outer loop
     vertex  1.227269e+02  2.674063e+01  5.800000e+01
     vertex  1.225393e+02  2.769769e+01  5.800000e+01
     vertex  1.227269e+02  2.674063e+01  5.465975e+01
   endloop
 endfacet
 facet normal  9.854323e-01  1.700682e-01  2.951961e-15
   outer loop
     vertex  1.425094e+02  6.962464e+01  3.900000e+01
     vertex  1.428169e+02  6.784293e+01  6.600000e+01
     vertex  1.428169e+02  6.784293e+01  3.900000e+01
   endloop
 endfacet
 facet normal  9.854323e-01  1.700682e-01  3.043397e-15
   outer loop
     vertex  1.425094e+02  6.962464e+01  3.900000e+01
     vertex  1.425094e+02  6.962464e+01  6.600000e+01
     vertex  1.428169e+02  6.784293e+01  6.600000e+01
   endloop
 endfacet
 facet normal  9.974974e-01 -7.070302e-02 -2.240837e-15
   outer loop
     vertex  1.426372e+02  7.142817e+01  3.900000e+01
     vertex  1.426372e+02  7.142817e+01  6.600000e+01
     vertex  1.425094e+02  6.962464e+01  6.600000e+01
   endloop
 endfacet
 facet normal  9.515916e-01 -3.073653e-01 -6.178496e-15
   outer loop
     vertex  1.426372e+02  7.142817e+01  3.900000e+01
     vertex  1.431930e+02  7.314869e+01  6.600000e+01
     vertex  1.426372e+02  7.142817e+01  6.600000e+01
   endloop
 endfacet
 facet normal  9.974974e-01 -7.070302e-02 -1.265045e-15
   outer loop
     vertex  1.426372e+02  7.142817e+01  3.900000e+01
     vertex  1.425094e+02  6.962464e+01  6.600000e+01
     vertex  1.425094e+02  6.962464e+01  3.900000e+01
   endloop
 endfacet
 facet normal  9.515916e-01 -3.073653e-01 -5.338573e-15
   outer loop
     vertex  1.431930e+02  7.314869e+01  3.900000e+01
     vertex  1.431930e+02  7.314869e+01  6.600000e+01
     vertex  1.426372e+02  7.142817e+01  3.900000e+01
   endloop
 endfacet
 facet normal  8.503828e-01 -5.261646e-01 -9.757084e-15
   outer loop
     vertex  1.441443e+02  7.468623e+01  3.900000e+01
     vertex  1.441443e+02  7.468623e+01  6.600000e+01
     vertex  1.431930e+02  7.314869e+01  6.600000e+01
   endloop
 endfacet
 facet normal  8.503828e-01 -5.261646e-01 -9.137890e-15
   outer loop
     vertex  1.441443e+02  7.468623e+01  3.900000e+01
     vertex  1.431930e+02  7.314869e+01  6.600000e+01
     vertex  1.431930e+02  7.314869e+01  3.900000e+01
   endloop
 endfacet
 facet normal  6.997528e-01 -7.143851e-01 -1.278403e-14
   outer loop
     vertex  1.454359e+02  7.595142e+01  3.900000e+01
     vertex  1.454359e+02  7.595142e+01  6.600000e+01
     vertex  1.441443e+02  7.468623e+01  6.600000e+01
   endloop
 endfacet
 facet normal  5.084557e-01 -8.610882e-01 -1.540930e-14
   outer loop
     vertex  1.454359e+02  7.595142e+01  3.900000e+01
     vertex  1.469928e+02  7.687073e+01  6.600000e+01
     vertex  1.454359e+02  7.595142e+01  6.600000e+01
   endloop
 endfacet
 facet normal  6.997528e-01 -7.143851e-01 -1.277212e-14
   outer loop
     vertex  1.454359e+02  7.595142e+01  3.900000e+01
     vertex  1.441443e+02  7.468623e+01  6.600000e+01
     vertex  1.441443e+02  7.468623e+01  3.900000e+01
   endloop
 endfacet
 facet normal  5.084557e-01 -8.610882e-01 -1.450287e-14
   outer loop
     vertex  1.469928e+02  7.687073e+01  3.900000e+01
     vertex  1.469928e+02  7.687073e+01  6.600000e+01
     vertex  1.454359e+02  7.595142e+01  3.900000e+01
   endloop
 endfacet
 facet normal  2.876090e-01 -9.577479e-01 -1.663495e-14
   outer loop
     vertex  1.487245e+02  7.739074e+01  3.900000e+01
     vertex  1.487245e+02  7.739074e+01  6.600000e+01
     vertex  1.469928e+02  7.687073e+01  6.600000e+01
   endloop
 endfacet
 facet normal  2.876090e-01 -9.577479e-01 -1.613117e-14
   outer loop
     vertex  1.487245e+02  7.739074e+01  3.900000e+01
     vertex  1.469928e+02  7.687073e+01  6.600000e+01
     vertex  1.469928e+02  7.687073e+01  3.900000e+01
   endloop
 endfacet
 facet normal  5.004751e-02 -9.987468e-01 -1.787272e-14
   outer loop
     vertex  1.505303e+02  7.748123e+01  3.900000e+01
     vertex  1.505303e+02  7.748123e+01  6.600000e+01
     vertex  1.487245e+02  7.739074e+01  6.600000e+01
   endloop
 endfacet
 facet normal  5.004751e-02 -9.987468e-01 -1.734675e-14
   outer loop
     vertex  1.505303e+02  7.748123e+01  3.900000e+01
     vertex  1.487245e+02  7.739074e+01  6.600000e+01
     vertex  1.487245e+02  7.739074e+01  3.900000e+01
   endloop
 endfacet
 facet normal -1.904225e-01 -9.817022e-01 -1.685056e-14
   outer loop
     vertex  1.523052e+02  7.713694e+01  3.900000e+01
     vertex  1.523052e+02  7.713694e+01  6.600000e+01
     vertex  1.505303e+02  7.748123e+01  6.600000e+01
   endloop
 endfacet
 facet normal -1.904225e-01 -9.817022e-01 -1.756622e-14
   outer loop
     vertex  1.523052e+02  7.713694e+01  3.900000e+01
     vertex  1.505303e+02  7.748123e+01  6.600000e+01
     vertex  1.505303e+02  7.748123e+01  3.900000e+01
   endloop
 endfacet
 facet normal -4.198259e-01 -9.076046e-01 -1.664789e-14
   outer loop
     vertex  1.539462e+02  7.637787e+01  3.900000e+01
     vertex  1.539462e+02  7.637787e+01  6.600000e+01
     vertex  1.523052e+02  7.713694e+01  6.600000e+01
   endloop
 endfacet
 facet normal -4.198259e-01 -9.076046e-01 -1.532382e-14
   outer loop
     vertex  1.539462e+02  7.637787e+01  3.900000e+01
     vertex  1.523052e+02  7.713694e+01  6.600000e+01
     vertex  1.523052e+02  7.713694e+01  3.900000e+01
   endloop
 endfacet
 facet normal -6.248306e-01 -7.807604e-01 -1.249222e-14
   outer loop
     vertex  1.553579e+02  7.524815e+01  3.900000e+01
     vertex  1.553579e+02  7.524815e+01  6.600000e+01
     vertex  1.539462e+02  7.637787e+01  6.600000e+01
   endloop
 endfacet
 facet normal -6.248306e-01 -7.807604e-01 -1.487807e-14
   outer loop
     vertex  1.553579e+02  7.524815e+01  3.900000e+01
     vertex  1.539462e+02  7.637787e+01  6.600000e+01
     vertex  1.539462e+02  7.637787e+01  3.900000e+01
   endloop
 endfacet
 facet normal -7.935223e-01 -6.085412e-01 -1.056964e-14
   outer loop
     vertex  1.564582e+02  7.381342e+01  3.900000e+01
     vertex  1.564582e+02  7.381342e+01  6.600000e+01
     vertex  1.553579e+02  7.524815e+01  6.600000e+01
   endloop
 endfacet
 facet normal -7.935223e-01 -6.085412e-01 -9.415347e-15
   outer loop
     vertex  1.564582e+02  7.381342e+01  3.900000e+01
     vertex  1.553579e+02  7.524815e+01  6.600000e+01
     vertex  1.553579e+02  7.524815e+01  3.900000e+01
   endloop
 endfacet
 facet normal -9.160974e-01 -4.009557e-01 -7.175163e-15
   outer loop
     vertex  1.571831e+02  7.215707e+01  3.900000e+01
     vertex  1.571831e+02  7.215707e+01  6.600000e+01
     vertex  1.564582e+02  7.381342e+01  6.600000e+01
   endloop
 endfacet
 facet normal -9.160974e-01 -4.009557e-01 -6.963718e-15
   outer loop
     vertex  1.571831e+02  7.215707e+01  3.900000e+01
     vertex  1.564582e+02  7.381342e+01  6.600000e+01
     vertex  1.564582e+02  7.381342e+01  3.900000e+01
   endloop
 endfacet
 facet normal -9.160974e-01 -4.009557e-01 -8.252357e-15
   outer loop
     vertex  1.349310e+02  6.110203e+01  5.700000e+01
     vertex  1.332394e+02  6.496684e+01  3.900000e+01
     vertex  1.349310e+02  6.110203e+01  3.900000e+01
   endloop
 endfacet
 facet normal -9.160974e-01 -4.009557e-01 -6.643375e-15
   outer loop
     vertex  1.349310e+02  6.110203e+01  5.700000e+01
     vertex  1.332394e+02  6.496684e+01  5.700000e+01
     vertex  1.332394e+02  6.496684e+01  3.900000e+01
   endloop
 endfacet
 facet normal -7.935223e-01 -6.085412e-01 -1.182260e-14
   outer loop
     vertex  1.374983e+02  5.775433e+01  5.700000e+01
     vertex  1.349310e+02  6.110203e+01  3.900000e+01
     vertex  1.374983e+02  5.775433e+01  3.900000e+01
   endloop
 endfacet
 facet normal -7.935223e-01 -6.085412e-01 -1.157912e-14
   outer loop
     vertex  1.374983e+02  5.775433e+01  5.700000e+01
     vertex  1.349310e+02  6.110203e+01  5.700000e+01
     vertex  1.349310e+02  6.110203e+01  3.900000e+01
   endloop
 endfacet
 facet normal -4.198259e-01 -9.076046e-01 -1.576402e-14
   outer loop
     vertex  1.407921e+02  5.511830e+01  5.700000e+01
     vertex  1.407921e+02  5.511830e+01  3.900000e+01
     vertex  1.446211e+02  5.334715e+01  3.900000e+01
   endloop
 endfacet
 facet normal -6.248306e-01 -7.807604e-01 -1.356089e-14
   outer loop
     vertex  1.407921e+02  5.511830e+01  5.700000e+01
     vertex  1.374983e+02  5.775433e+01  3.900000e+01
     vertex  1.407921e+02  5.511830e+01  3.900000e+01
   endloop
 endfacet
 facet normal -6.248306e-01 -7.807604e-01 -1.454993e-14
   outer loop
     vertex  1.407921e+02  5.511830e+01  5.700000e+01
     vertex  1.374983e+02  5.775433e+01  5.700000e+01
     vertex  1.374983e+02  5.775433e+01  3.900000e+01
   endloop
 endfacet
 facet normal -4.198259e-01 -9.076046e-01 -1.576402e-14
   outer loop
     vertex  1.446211e+02  5.334715e+01  5.700000e+01
     vertex  1.407921e+02  5.511830e+01  5.700000e+01
     vertex  1.446211e+02  5.334715e+01  3.900000e+01
   endloop
 endfacet
 facet normal  5.004751e-02 -9.987468e-01 -1.774131e-14
   outer loop
     vertex  1.487627e+02  5.254380e+01  5.700000e+01
     vertex  1.487627e+02  5.254380e+01  3.900000e+01
     vertex  1.529762e+02  5.275493e+01  3.900000e+01
   endloop
 endfacet
 facet normal -1.904225e-01 -9.817022e-01 -1.743853e-14
   outer loop
     vertex  1.487627e+02  5.254380e+01  5.700000e+01
     vertex  1.446211e+02  5.334715e+01  3.900000e+01
     vertex  1.487627e+02  5.254380e+01  3.900000e+01
   endloop
 endfacet
 facet normal -1.904225e-01 -9.817022e-01 -1.704704e-14
   outer loop
     vertex  1.487627e+02  5.254380e+01  5.700000e+01
     vertex  1.446211e+02  5.334715e+01  5.700000e+01
     vertex  1.446211e+02  5.334715e+01  3.900000e+01
   endloop
 endfacet
 facet normal  5.004751e-02 -9.987468e-01 -1.695281e-14
   outer loop
     vertex  1.529762e+02  5.275493e+01  5.700000e+01
     vertex  1.487627e+02  5.254380e+01  5.700000e+01
     vertex  1.529762e+02  5.275493e+01  3.900000e+01
   endloop
 endfacet
 facet normal  5.084557e-01 -8.610882e-01 -1.381333e-14
   outer loop
     vertex  1.570167e+02  5.396830e+01  5.700000e+01
     vertex  1.570167e+02  5.396830e+01  3.900000e+01
     vertex  1.606495e+02  5.611336e+01  3.900000e+01
   endloop
 endfacet
 facet normal  2.876090e-01 -9.577479e-01 -1.580276e-14
   outer loop
     vertex  1.570167e+02  5.396830e+01  5.700000e+01
     vertex  1.529762e+02  5.275493e+01  3.900000e+01
     vertex  1.570167e+02  5.396830e+01  3.900000e+01
   endloop
 endfacet
 facet normal  2.876090e-01 -9.577479e-01 -1.625756e-14
   outer loop
     vertex  1.570167e+02  5.396830e+01  5.700000e+01
     vertex  1.529762e+02  5.275493e+01  5.700000e+01
     vertex  1.529762e+02  5.275493e+01  3.900000e+01
   endloop
 endfacet
 facet normal  5.084557e-01 -8.610882e-01 -1.495609e-14
   outer loop
     vertex  1.606495e+02  5.611336e+01  5.700000e+01
     vertex  1.570167e+02  5.396830e+01  5.700000e+01
     vertex  1.606495e+02  5.611336e+01  3.900000e+01
   endloop
 endfacet
 facet normal  8.503828e-01 -5.261646e-01 -7.796118e-15
   outer loop
     vertex  1.636633e+02  5.906547e+01  5.700000e+01
     vertex  1.636633e+02  5.906547e+01  3.900000e+01
     vertex  1.658831e+02  6.265305e+01  3.900000e+01
   endloop
 endfacet
 facet normal  6.997528e-01 -7.143851e-01 -1.130313e-14
   outer loop
     vertex  1.636633e+02  5.906547e+01  5.700000e+01
     vertex  1.606495e+02  5.611336e+01  3.900000e+01
     vertex  1.636633e+02  5.906547e+01  3.900000e+01
   endloop
 endfacet
 facet normal  6.997528e-01 -7.143851e-01 -1.242124e-14
   outer loop
     vertex  1.636633e+02  5.906547e+01  5.700000e+01
     vertex  1.606495e+02  5.611336e+01  5.700000e+01
     vertex  1.606495e+02  5.611336e+01  3.900000e+01
   endloop
 endfacet
 facet normal  8.503828e-01 -5.261646e-01 -9.346560e-15
   outer loop
     vertex  1.658831e+02  6.265305e+01  5.700000e+01
     vertex  1.636633e+02  5.906547e+01  5.700000e+01
     vertex  1.658831e+02  6.265305e+01  3.900000e+01
   endloop
 endfacet
 facet normal  9.974974e-01 -7.070302e-02 -1.228028e-15
   outer loop
     vertex  1.671798e+02  6.666761e+01  5.700000e+01
     vertex  1.671798e+02  6.666761e+01  3.900000e+01
     vertex  1.674781e+02  7.087583e+01  3.900000e+01
   endloop
 endfacet
 facet normal  9.515916e-01 -3.073653e-01 -5.338573e-15
   outer loop
     vertex  1.671798e+02  6.666761e+01  5.700000e+01
     vertex  1.658831e+02  6.265305e+01  3.900000e+01
     vertex  1.671798e+02  6.666761e+01  3.900000e+01
   endloop
 endfacet
 facet normal  9.515916e-01 -3.073653e-01 -5.462071e-15
   outer loop
     vertex  1.671798e+02  6.666761e+01  5.700000e+01
     vertex  1.658831e+02  6.265305e+01  5.700000e+01
     vertex  1.658831e+02  6.265305e+01  3.900000e+01
   endloop
 endfacet
 facet normal  9.974974e-01 -7.070302e-02  2.911847e-16
   outer loop
     vertex  1.674781e+02  7.087583e+01  5.700000e+01
     vertex  1.671798e+02  6.666761e+01  5.700000e+01
     vertex  1.674781e+02  7.087583e+01  3.900000e+01
   endloop
 endfacet
 facet normal  9.854323e-01  1.700682e-01  2.953885e-15
   outer loop
     vertex  1.667606e+02  7.503316e+01  5.700000e+01
     vertex  1.674781e+02  7.087583e+01  3.900000e+01
     vertex  1.667606e+02  7.503316e+01  3.900000e+01
   endloop
 endfacet
 facet normal  9.854323e-01  1.700682e-01  4.643345e-15
   outer loop
     vertex  1.667606e+02  7.503316e+01  5.700000e+01
     vertex  1.674781e+02  7.087583e+01  5.700000e+01
     vertex  1.674781e+02  7.087583e+01  3.900000e+01
   endloop
 endfacet
 facet normal -9.160974e-01 -4.009557e-01 -5.697924e-15
   outer loop
     vertex  1.308450e+02  6.424782e+01  5.800000e+01
     vertex  1.308450e+02  6.424782e+01  5.700000e+01
     vertex  1.327782e+02  5.983089e+01  5.700000e+01
   endloop
 endfacet
 facet normal -7.935223e-01 -6.085412e-01  4.171611e-14
   outer loop
     vertex  1.327782e+02  5.983089e+01  5.800000e+01
     vertex  1.327782e+02  5.983089e+01  5.700000e+01
     vertex  1.357123e+02  5.600494e+01  5.700000e+01
   endloop
 endfacet
 facet normal -9.160974e-01 -4.009557e-01  6.101739e-14
   outer loop
     vertex  1.327782e+02  5.983089e+01  5.800000e+01
     vertex  1.308450e+02  6.424782e+01  5.800000e+01
     vertex  1.327782e+02  5.983089e+01  5.700000e+01
   endloop
 endfacet
 facet normal -6.248306e-01 -7.807604e-01  1.332696e-14
   outer loop
     vertex  1.357123e+02  5.600494e+01  5.800000e+01
     vertex  1.357123e+02  5.600494e+01  5.700000e+01
     vertex  1.394767e+02  5.299234e+01  5.700000e+01
   endloop
 endfacet
 facet normal -7.935223e-01 -6.085412e-01  2.781074e-14
   outer loop
     vertex  1.357123e+02  5.600494e+01  5.800000e+01
     vertex  1.327782e+02  5.983089e+01  5.800000e+01
     vertex  1.357123e+02  5.600494e+01  5.700000e+01
   endloop
 endfacet
 facet normal -4.198259e-01 -9.076046e-01  1.096650e-14
   outer loop
     vertex  1.394767e+02  5.299234e+01  5.800000e+01
     vertex  1.394767e+02  5.299234e+01  5.700000e+01
     vertex  1.438527e+02  5.096817e+01  5.700000e+01
   endloop
 endfacet
 facet normal -6.248306e-01 -7.807604e-01  2.442223e-14
   outer loop
     vertex  1.394767e+02  5.299234e+01  5.800000e+01
     vertex  1.357123e+02  5.600494e+01  5.800000e+01
     vertex  1.394767e+02  5.299234e+01  5.700000e+01
   endloop
 endfacet
 facet normal -1.904225e-01 -9.817022e-01 -4.689839e-15
   outer loop
     vertex  1.438527e+02  5.096817e+01  5.800000e+01
     vertex  1.438527e+02  5.096817e+01  5.700000e+01
     vertex  1.485859e+02  5.005005e+01  5.700000e+01
   endloop
 endfacet
 facet normal -4.198259e-01 -9.076046e-01  1.644975e-14
   outer loop
     vertex  1.438527e+02  5.096817e+01  5.800000e+01
     vertex  1.394767e+02  5.299234e+01  5.800000e+01
     vertex  1.438527e+02  5.096817e+01  5.700000e+01
   endloop
 endfacet
 facet normal  5.004751e-02 -9.987468e-01 -3.123096e-14
   outer loop
     vertex  1.485859e+02  5.005005e+01  5.800000e+01
     vertex  1.485859e+02  5.005005e+01  5.700000e+01
     vertex  1.534014e+02  5.029135e+01  5.700000e+01
   endloop
 endfacet
 facet normal -1.904225e-01 -9.817022e-01 -1.707739e-14
   outer loop
     vertex  1.485859e+02  5.005005e+01  5.800000e+01
     vertex  1.438527e+02  5.096817e+01  5.800000e+01
     vertex  1.485859e+02  5.005005e+01  5.700000e+01
   endloop
 endfacet
 facet normal  2.876090e-01 -9.577479e-01 -2.315389e-14
   outer loop
     vertex  1.534014e+02  5.029135e+01  5.800000e+01
     vertex  1.534014e+02  5.029135e+01  5.700000e+01
     vertex  1.580191e+02  5.167805e+01  5.700000e+01
   endloop
 endfacet
 facet normal  5.004751e-02 -9.987468e-01 -9.941395e-15
   outer loop
     vertex  1.534014e+02  5.029135e+01  5.800000e+01
     vertex  1.485859e+02  5.005005e+01  5.800000e+01
     vertex  1.534014e+02  5.029135e+01  5.700000e+01
   endloop
 endfacet
 facet normal  5.084557e-01 -8.610882e-01 -1.445118e-14
   outer loop
     vertex  1.580191e+02  5.167805e+01  5.800000e+01
     vertex  1.580191e+02  5.167805e+01  5.700000e+01
     vertex  1.621708e+02  5.412955e+01  5.700000e+01
   endloop
 endfacet
 facet normal  2.876090e-01 -9.577479e-01 -8.174339e-15
   outer loop
     vertex  1.580191e+02  5.167805e+01  5.800000e+01
     vertex  1.534014e+02  5.029135e+01  5.800000e+01
     vertex  1.580191e+02  5.167805e+01  5.700000e+01
   endloop
 endfacet
 facet normal  6.997528e-01 -7.143851e-01 -3.977634e-14
   outer loop
     vertex  1.621708e+02  5.412955e+01  5.800000e+01
     vertex  1.621708e+02  5.412955e+01  5.700000e+01
     vertex  1.656152e+02  5.750339e+01  5.700000e+01
   endloop
 endfacet
 facet normal  5.084557e-01 -8.610882e-01 -2.890236e-14
   outer loop
     vertex  1.621708e+02  5.412955e+01  5.800000e+01
     vertex  1.580191e+02  5.167805e+01  5.800000e+01
     vertex  1.621708e+02  5.412955e+01  5.700000e+01
   endloop
 endfacet
 facet normal  8.503828e-01 -5.261646e-01 -5.207729e-14
   outer loop
     vertex  1.656152e+02  5.750339e+01  5.800000e+01
     vertex  1.656152e+02  5.750339e+01  5.700000e+01
     vertex  1.681521e+02  6.160348e+01  5.700000e+01
   endloop
 endfacet
 facet normal  6.997528e-01 -7.143851e-01 -4.485235e-14
   outer loop
     vertex  1.656152e+02  5.750339e+01  5.800000e+01
     vertex  1.621708e+02  5.412955e+01  5.800000e+01
     vertex  1.656152e+02  5.750339e+01  5.700000e+01
   endloop
 endfacet
 facet normal  8.503828e-01 -5.261646e-01 -2.416933e-14
   outer loop
     vertex  1.681521e+02  6.160348e+01  5.800000e+01
     vertex  1.656152e+02  5.750339e+01  5.800000e+01
     vertex  1.681521e+02  6.160348e+01  5.700000e+01
   endloop
 endfacet
 facet normal  9.515916e-01 -3.073653e-01  0.000000e+00
   outer loop
     vertex  1.696340e+02  6.619155e+01  5.800000e+01
     vertex  1.681521e+02  6.160348e+01  5.700000e+01
     vertex  1.696340e+02  6.619155e+01  5.700000e+01
   endloop
 endfacet
 facet normal  9.515916e-01 -3.073653e-01 -2.707936e-14
   outer loop
     vertex  1.696340e+02  6.619155e+01  5.800000e+01
     vertex  1.681521e+02  6.160348e+01  5.800000e+01
     vertex  1.681521e+02  6.160348e+01  5.700000e+01
   endloop
 endfacet
 facet normal  9.974974e-01 -7.070302e-02 -2.734583e-14
   outer loop
     vertex  1.699749e+02  7.100095e+01  5.800000e+01
     vertex  1.696340e+02  6.619155e+01  5.700000e+01
     vertex  1.699749e+02  7.100095e+01  5.700000e+01
   endloop
 endfacet
 facet normal  9.974974e-01 -7.070302e-02  0.000000e+00
   outer loop
     vertex  1.699749e+02  7.100095e+01  5.800000e+01
     vertex  1.696340e+02  6.619155e+01  5.800000e+01
     vertex  1.696340e+02  6.619155e+01  5.700000e+01
   endloop
 endfacet
 facet normal  9.854323e-01  1.700682e-01 -2.559086e-14
   outer loop
     vertex  1.691550e+02  7.575218e+01  5.800000e+01
     vertex  1.699749e+02  7.100095e+01  5.700000e+01
     vertex  1.691550e+02  7.575218e+01  5.700000e+01
   endloop
 endfacet
 facet normal  9.854323e-01  1.700682e-01 -3.039520e-14
   outer loop
     vertex  1.691550e+02  7.575218e+01  5.800000e+01
     vertex  1.699749e+02  7.100095e+01  5.800000e+01
     vertex  1.699749e+02  7.100095e+01  5.700000e+01
   endloop
 endfacet
 facet normal -9.160974e-01 -4.009557e-01 -7.267064e-15
   outer loop
     vertex  1.762632e+02  8.550790e+01  5.800000e+01
     vertex  1.792113e+02  7.877207e+01  4.550000e+01
     vertex  1.792113e+02  7.877207e+01  5.800000e+01
   endloop
 endfacet
 facet normal -9.160974e-01 -4.009557e-01 -7.293343e-15
   outer loop
     vertex  1.762632e+02  8.550790e+01  5.800000e+01
     vertex  1.762632e+02  8.550790e+01  4.550000e+01
     vertex  1.792113e+02  7.877207e+01  4.550000e+01
   endloop
 endfacet
 facet normal -6.248306e-01 -7.807604e-01 -1.331433e-14
   outer loop
     vertex  1.717887e+02  9.134246e+01  5.800000e+01
     vertex  1.660480e+02  9.593667e+01  4.550000e+01
     vertex  1.717887e+02  9.134246e+01  4.550000e+01
   endloop
 endfacet
 facet normal -7.935223e-01 -6.085412e-01 -1.037747e-14
   outer loop
     vertex  1.717887e+02  9.134246e+01  5.800000e+01
     vertex  1.717887e+02  9.134246e+01  4.550000e+01
     vertex  1.762632e+02  8.550790e+01  4.550000e+01
   endloop
 endfacet
 facet normal -7.935223e-01 -6.085412e-01 -1.109387e-14
   outer loop
     vertex  1.717887e+02  9.134246e+01  5.800000e+01
     vertex  1.762632e+02  8.550790e+01  4.550000e+01
     vertex  1.762632e+02  8.550790e+01  5.800000e+01
   endloop
 endfacet
 facet normal -6.248306e-01 -7.807604e-01 -1.189363e-14
   outer loop
     vertex  1.660480e+02  9.593667e+01  5.800000e+01
     vertex  1.660480e+02  9.593667e+01  4.550000e+01
     vertex  1.717887e+02  9.134246e+01  5.800000e+01
   endloop
 endfacet
 facet normal -4.198259e-01 -9.076046e-01 -1.349100e-14
   outer loop
     vertex  1.593746e+02  9.902354e+01  5.800000e+01
     vertex  1.593746e+02  9.902354e+01  4.550000e+01
     vertex  1.660480e+02  9.593667e+01  4.550000e+01
   endloop
 endfacet
 facet normal -4.198259e-01 -9.076046e-01 -1.453413e-14
   outer loop
     vertex  1.593746e+02  9.902354e+01  5.800000e+01
     vertex  1.660480e+02  9.593667e+01  4.550000e+01
     vertex  1.660480e+02  9.593667e+01  5.800000e+01
   endloop
 endfacet
 facet normal -1.904225e-01 -9.817022e-01 -1.742409e-14
   outer loop
     vertex  1.521564e+02  1.004237e+02  5.800000e+01
     vertex  1.521564e+02  1.004237e+02  4.550000e+01
     vertex  1.593746e+02  9.902354e+01  4.550000e+01
   endloop
 endfacet
 facet normal -1.904225e-01 -9.817022e-01 -1.519126e-14
   outer loop
     vertex  1.521564e+02  1.004237e+02  5.800000e+01
     vertex  1.593746e+02  9.902354e+01  4.550000e+01
     vertex  1.593746e+02  9.902354e+01  5.800000e+01
   endloop
 endfacet
 facet normal  5.004751e-02 -9.987468e-01 -1.601001e-14
   outer loop
     vertex  1.448129e+02  1.000557e+02  5.800000e+01
     vertex  1.448129e+02  1.000557e+02  4.550000e+01
     vertex  1.521564e+02  1.004237e+02  4.550000e+01
   endloop
 endfacet
 facet normal  5.004751e-02 -9.987468e-01 -1.828362e-14
   outer loop
     vertex  1.448129e+02  1.000557e+02  5.800000e+01
     vertex  1.521564e+02  1.004237e+02  4.550000e+01
     vertex  1.521564e+02  1.004237e+02  5.800000e+01
   endloop
 endfacet
 facet normal  5.084557e-01 -8.610882e-01 -1.352806e-14
   outer loop
     vertex  1.377708e+02  9.794097e+01  5.800000e+01
     vertex  1.314395e+02  9.420243e+01  4.550000e+01
     vertex  1.377708e+02  9.794097e+01  4.550000e+01
   endloop
 endfacet
 facet normal  2.876090e-01 -9.577479e-01 -1.567855e-14
   outer loop
     vertex  1.377708e+02  9.794097e+01  5.800000e+01
     vertex  1.377708e+02  9.794097e+01  4.550000e+01
     vertex  1.448129e+02  1.000557e+02  4.550000e+01
   endloop
 endfacet
 facet normal  2.876090e-01 -9.577479e-01 -1.590637e-14
   outer loop
     vertex  1.377708e+02  9.794097e+01  5.800000e+01
     vertex  1.448129e+02  1.000557e+02  4.550000e+01
     vertex  1.448129e+02  1.000557e+02  5.800000e+01
   endloop
 endfacet
 facet normal  5.084557e-01 -8.610882e-01 -1.566310e-14
   outer loop
     vertex  1.314395e+02  9.420243e+01  5.800000e+01
     vertex  1.314395e+02  9.420243e+01  4.550000e+01
     vertex  1.377708e+02  9.794097e+01  5.800000e+01
   endloop
 endfacet
 facet normal  6.997528e-01 -7.143851e-01 -1.377348e-14
   outer loop
     vertex  1.261868e+02  8.905733e+01  5.800000e+01
     vertex  1.261868e+02  8.905733e+01  4.550000e+01
     vertex  1.314395e+02  9.420243e+01  4.550000e+01
   endloop
 endfacet
 facet normal  6.997528e-01 -7.143851e-01 -1.302660e-14
   outer loop
     vertex  1.261868e+02  8.905733e+01  5.800000e+01
     vertex  1.314395e+02  9.420243e+01  4.550000e+01
     vertex  1.314395e+02  9.420243e+01  5.800000e+01
   endloop
 endfacet
 facet normal  8.503828e-01 -5.261646e-01 -8.005925e-15
   outer loop
     vertex  1.223181e+02  8.280469e+01  5.800000e+01
     vertex  1.223181e+02  8.280469e+01  4.550000e+01
     vertex  1.261868e+02  8.905733e+01  4.550000e+01
   endloop
 endfacet
 facet normal  8.503828e-01 -5.261646e-01 -1.090060e-14
   outer loop
     vertex  1.223181e+02  8.280469e+01  5.800000e+01
     vertex  1.261868e+02  8.905733e+01  4.550000e+01
     vertex  1.261868e+02  8.905733e+01  5.800000e+01
   endloop
 endfacet
 facet normal  9.515916e-01 -3.073653e-01 -6.323342e-15
   outer loop
     vertex  1.200581e+02  7.580789e+01  5.800000e+01
     vertex  1.200581e+02  7.580789e+01  4.550000e+01
     vertex  1.223181e+02  8.280469e+01  4.550000e+01
   endloop
 endfacet
 facet normal  9.515916e-01 -3.073653e-01 -4.155369e-15
   outer loop
     vertex  1.200581e+02  7.580789e+01  5.800000e+01
     vertex  1.223181e+02  8.280469e+01  4.550000e+01
     vertex  1.223181e+02  8.280469e+01  5.800000e+01
   endloop
 endfacet
 facet normal  9.974974e-01 -7.070302e-02 -3.393367e-15
   outer loop
     vertex  1.195382e+02  6.847355e+01  5.800000e+01
     vertex  1.195382e+02  6.847355e+01  4.550000e+01
     vertex  1.200581e+02  7.580789e+01  4.550000e+01
   endloop
 endfacet
 facet normal  9.974974e-01 -7.070302e-02 -2.338603e-15
   outer loop
     vertex  1.195382e+02  6.847355e+01  5.800000e+01
     vertex  1.200581e+02  7.580789e+01  4.550000e+01
     vertex  1.200581e+02  7.580789e+01  5.800000e+01
   endloop
 endfacet
 facet normal  9.854323e-01  1.700682e-01  6.595644e-16
   outer loop
     vertex  1.207887e+02  6.122793e+01  5.800000e+01
     vertex  1.207887e+02  6.122793e+01  4.550000e+01
     vertex  1.195382e+02  6.847355e+01  4.550000e+01
   endloop
 endfacet
 facet normal  9.854323e-01  1.700682e-01  4.638551e-16
   outer loop
     vertex  1.207887e+02  6.122793e+01  5.800000e+01
     vertex  1.195382e+02  6.847355e+01  4.550000e+01
     vertex  1.195382e+02  6.847355e+01  5.800000e+01
   endloop
 endfacet
 facet normal -9.160661e-01 -4.009421e-01 -8.264517e-03
   outer loop
     vertex  1.198114e+02  5.329980e+01  5.800000e+01
     vertex  1.169577e+02  6.007749e+01  4.550000e+01
     vertex  1.202925e+02  5.245828e+01  4.550000e+01
   endloop
 endfacet
 facet normal -9.216397e-01 -3.880466e-01 -6.415605e-15
   outer loop
     vertex  1.198114e+02  5.329980e+01  5.800000e+01
     vertex  1.169577e+02  6.007749e+01  5.800000e+01
     vertex  1.169577e+02  6.007749e+01  4.550000e+01
   endloop
 endfacet
 facet normal -6.241790e-01 -7.799462e-01 -4.565570e-02
   outer loop
     vertex  1.294417e+02  4.229428e+01  5.050000e+01
     vertex  1.253537e+02  4.585853e+01  4.550000e+01
     vertex  1.318473e+02  4.066179e+01  4.550000e+01
   endloop
 endfacet
 facet normal -7.934405e-01 -6.084784e-01 -1.435870e-02
   outer loop
     vertex  1.240367e+02  4.728090e+01  5.800000e+01
     vertex  1.202925e+02  5.245828e+01  4.550000e+01
     vertex  1.253537e+02  4.585853e+01  4.550000e+01
   endloop
 endfacet
 facet normal -8.184366e-01 -5.745520e-01  7.180616e-03
   outer loop
     vertex  1.240367e+02  4.728090e+01  5.800000e+01
     vertex  1.198114e+02  5.329980e+01  5.800000e+01
     vertex  1.202925e+02  5.245828e+01  4.550000e+01
   endloop
 endfacet
 facet normal -6.670981e-01 -7.448293e-01  1.446812e-02
   outer loop
     vertex  1.240367e+02  4.728090e+01  5.800000e+01
     vertex  1.253537e+02  4.585853e+01  4.550000e+01
     vertex  1.294417e+02  4.229428e+01  5.050000e+01
   endloop
 endfacet
 facet normal -5.564742e-01 -8.308574e-01  3.540786e-03
   outer loop
     vertex  1.322060e+02  4.044289e+01  5.050000e+01
     vertex  1.294417e+02  4.229428e+01  5.050000e+01
     vertex  1.318473e+02  4.066179e+01  4.550000e+01
   endloop
 endfacet
 facet normal -4.193064e-01 -9.064814e-01 -4.973538e-02
   outer loop
     vertex  1.351357e+02  3.886636e+01  5.050000e+01
     vertex  1.318473e+02  4.066179e+01  4.550000e+01
     vertex  1.393959e+02  3.717009e+01  4.550000e+01
   endloop
 endfacet
 facet normal -4.738548e-01 -8.805911e-01 -4.563095e-03
   outer loop
     vertex  1.351357e+02  3.886636e+01  5.050000e+01
     vertex  1.322060e+02  4.044289e+01  5.050000e+01
     vertex  1.318473e+02  4.066179e+01  4.550000e+01
   endloop
 endfacet
 facet normal -3.867810e-01 -9.220195e-01 -1.675122e-02
   outer loop
     vertex  1.382037e+02  3.757937e+01  5.050000e+01
     vertex  1.351357e+02  3.886636e+01  5.050000e+01
     vertex  1.393959e+02  3.717009e+01  4.550000e+01
   endloop
 endfacet
 facet normal -6.780879e-01 -7.349808e-01 -1.114102e-14
   outer loop
     vertex  1.294417e+02  4.229428e+01  5.800000e+01
     vertex  1.240367e+02  4.728090e+01  5.800000e+01
     vertex  1.294417e+02  4.229428e+01  5.050000e+01
   endloop
 endfacet
 facet normal -1.903063e-01 -9.811031e-01  3.493277e-02
   outer loop
     vertex  1.475607e+02  3.558634e+01  4.550000e+01
     vertex  1.382037e+02  3.757937e+01  5.050000e+01
     vertex  1.393959e+02  3.717009e+01  4.550000e+01
   endloop
 endfacet
 facet normal -2.398192e-01 -9.708176e-01 -1.655432e-14
   outer loop
     vertex  1.453430e+02  3.581575e+01  5.800000e+01
     vertex  1.382037e+02  3.757937e+01  5.800000e+01
     vertex  1.382037e+02  3.757937e+01  5.050000e+01
   endloop
 endfacet
 facet normal -2.189733e-01 -9.755060e-01 -2.094592e-02
   outer loop
     vertex  1.453430e+02  3.581575e+01  5.800000e+01
     vertex  1.382037e+02  3.757937e+01  5.050000e+01
     vertex  1.475607e+02  3.558634e+01  4.550000e+01
   endloop
 endfacet
 facet normal  5.003845e-02 -9.985660e-01 -1.903067e-02
   outer loop
     vertex  1.526940e+02  3.560534e+01  5.800000e+01
     vertex  1.475607e+02  3.558634e+01  4.550000e+01
     vertex  1.558674e+02  3.600259e+01  4.550000e+01
   endloop
 endfacet
 facet normal -2.860955e-02 -9.995026e-01  1.326821e-02
   outer loop
     vertex  1.526940e+02  3.560534e+01  5.800000e+01
     vertex  1.453430e+02  3.581575e+01  5.800000e+01
     vertex  1.475607e+02  3.558634e+01  4.550000e+01
   endloop
 endfacet
 facet normal  2.875508e-01 -9.575541e-01 -2.011943e-02
   outer loop
     vertex  1.599225e+02  3.695770e+01  5.800000e+01
     vertex  1.558674e+02  3.600259e+01  4.550000e+01
     vertex  1.638330e+02  3.839464e+01  4.550000e+01
   endloop
 endfacet
 facet normal  1.838731e-01 -9.828286e-01  1.544610e-02
   outer loop
     vertex  1.599225e+02  3.695770e+01  5.800000e+01
     vertex  1.526940e+02  3.560534e+01  5.800000e+01
     vertex  1.558674e+02  3.600259e+01  4.550000e+01
   endloop
 endfacet
 facet normal  5.083636e-01 -8.609322e-01 -1.903067e-02
   outer loop
     vertex  1.667002e+02  3.981137e+01  5.800000e+01
     vertex  1.638330e+02  3.839464e+01  4.550000e+01
     vertex  1.709947e+02  4.262348e+01  4.550000e+01
   endloop
 endfacet
 facet normal  3.880003e-01 -9.215298e-01  1.544610e-02
   outer loop
     vertex  1.667002e+02  3.981137e+01  5.800000e+01
     vertex  1.599225e+02  3.695770e+01  5.800000e+01
     vertex  1.638330e+02  3.839464e+01  4.550000e+01
   endloop
 endfacet
 facet normal  6.993257e-01 -7.139491e-01  3.493277e-02
   outer loop
     vertex  1.777057e+02  4.944172e+01  5.050000e+01
     vertex  1.709947e+02  4.262348e+01  4.550000e+01
     vertex  1.769362e+02  4.844335e+01  4.550000e+01
   endloop
 endfacet
 facet normal  7.201665e-01 -6.934850e-01 -2.094592e-02
   outer loop
     vertex  1.727191e+02  4.403671e+01  5.800000e+01
     vertex  1.709947e+02  4.262348e+01  4.550000e+01
     vertex  1.777057e+02  4.944172e+01  5.050000e+01
   endloop
 endfacet
 facet normal  5.745162e-01 -8.183856e-01  1.326821e-02
   outer loop
     vertex  1.727191e+02  4.403671e+01  5.800000e+01
     vertex  1.667002e+02  3.981137e+01  5.800000e+01
     vertex  1.709947e+02  4.262348e+01  4.550000e+01
   endloop
 endfacet
 facet normal  8.493304e-01 -5.255134e-01 -4.973538e-02
   outer loop
     vertex  1.795571e+02  5.220598e+01  5.050000e+01
     vertex  1.769362e+02  4.844335e+01  4.550000e+01
     vertex  1.813124e+02  5.551601e+01  4.550000e+01
   endloop
 endfacet
 facet normal  8.307460e-01 -5.563996e-01 -1.675122e-02
   outer loop
     vertex  1.795571e+02  5.220598e+01  5.050000e+01
     vertex  1.777057e+02  4.944172e+01  5.050000e+01
     vertex  1.769362e+02  4.844335e+01  4.550000e+01
   endloop
 endfacet
 facet normal  8.805911e-01 -4.738548e-01 -4.563095e-03
   outer loop
     vertex  1.811336e+02  5.513572e+01  5.050000e+01
     vertex  1.795571e+02  5.220598e+01  5.050000e+01
     vertex  1.813124e+02  5.551601e+01  4.550000e+01
   endloop
 endfacet
 facet normal  9.505993e-01 -3.070448e-01 -4.565570e-02
   outer loop
     vertex  1.824206e+02  5.820369e+01  5.050000e+01
     vertex  1.813124e+02  5.551601e+01  4.550000e+01
     vertex  1.838687e+02  6.343042e+01  4.550000e+01
   endloop
 endfacet
 facet normal  9.221431e-01 -3.868328e-01  3.540786e-03
   outer loop
     vertex  1.824206e+02  5.820369e+01  5.050000e+01
     vertex  1.811336e+02  5.513572e+01  5.050000e+01
     vertex  1.813124e+02  5.551601e+01  4.550000e+01
   endloop
 endfacet
 facet normal  7.349808e-01 -6.780879e-01 -1.370629e-14
   outer loop
     vertex  1.777057e+02  4.944172e+01  5.800000e+01
     vertex  1.727191e+02  4.403671e+01  5.800000e+01
     vertex  1.777057e+02  4.944172e+01  5.050000e+01
   endloop
 endfacet
 facet normal  9.973946e-01 -7.069573e-02 -1.435870e-02
   outer loop
     vertex  1.841842e+02  6.534304e+01  5.800000e+01
     vertex  1.838687e+02  6.343042e+01  4.550000e+01
     vertex  1.844568e+02  7.172664e+01  4.550000e+01
   endloop
 endfacet
 facet normal  9.708176e-01 -2.398192e-01 -7.536404e-15
   outer loop
     vertex  1.841842e+02  6.534304e+01  5.800000e+01
     vertex  1.824206e+02  5.820369e+01  5.800000e+01
     vertex  1.824206e+02  5.820369e+01  5.050000e+01
   endloop
 endfacet
 facet normal  9.670716e-01 -2.540928e-01  1.446812e-02
   outer loop
     vertex  1.841842e+02  6.534304e+01  5.800000e+01
     vertex  1.824206e+02  5.820369e+01  5.050000e+01
     vertex  1.838687e+02  6.343042e+01  4.550000e+01
   endloop
 endfacet
 facet normal  9.853986e-01  1.700624e-01 -8.264517e-03
   outer loop
     vertex  1.843947e+02  7.269398e+01  5.800000e+01
     vertex  1.844568e+02  7.172664e+01  4.550000e+01
     vertex  1.830423e+02  7.992251e+01  4.550000e+01
   endloop
 endfacet
 facet normal  9.995648e-01 -2.861133e-02  7.180616e-03
   outer loop
     vertex  1.843947e+02  7.269398e+01  5.800000e+01
     vertex  1.841842e+02  6.534304e+01  5.800000e+01
     vertex  1.844568e+02  7.172664e+01  4.550000e+01
   endloop
 endfacet
 facet normal  9.829459e-01  1.838950e-01  6.919421e-16
   outer loop
     vertex  1.830423e+02  7.992251e+01  5.800000e+01
     vertex  1.843947e+02  7.269398e+01  5.800000e+01
     vertex  1.830423e+02  7.992251e+01  4.550000e+01
   endloop
 endfacet
 facet normal  7.256539e-01  6.855105e-01  5.917586e-02
   outer loop
     vertex  1.705583e+02  9.770572e+01  5.050000e+01
     vertex  1.776600e+02  9.061971e+01  4.550000e+01
     vertex  1.721588e+02  9.644312e+01  4.550000e+01
   endloop
 endfacet
 facet normal  7.063218e-01  7.078909e-01  9.664481e-15
   outer loop
     vertex  1.776600e+02  9.061971e+01  5.800000e+01
     vertex  1.776600e+02  9.061971e+01  4.550000e+01
     vertex  1.705583e+02  9.770572e+01  5.050000e+01
   endloop
 endfacet
 facet normal  5.484833e-01  8.351397e-01 -4.132442e-02
   outer loop
     vertex  1.677940e+02  9.955711e+01  5.050000e+01
     vertex  1.721588e+02  9.644312e+01  4.550000e+01
     vertex  1.654628e+02  1.008408e+02  4.550000e+01
   endloop
 endfacet
 facet normal  5.561986e-01  8.304459e-01 -3.166606e-02
   outer loop
     vertex  1.677940e+02  9.955711e+01  5.050000e+01
     vertex  1.705583e+02  9.770572e+01  5.050000e+01
     vertex  1.721588e+02  9.644312e+01  4.550000e+01
   endloop
 endfacet
 facet normal  7.653030e-01  6.306457e-01 -1.288308e-01
   outer loop
     vertex  1.755267e+02  9.320862e+01  5.800000e+01
     vertex  1.776600e+02  9.061971e+01  5.800000e+01
     vertex  1.705583e+02  9.770572e+01  5.050000e+01
   endloop
 endfacet
 facet normal  4.738535e-01  8.805887e-01  5.139769e-03
   outer loop
     vertex  1.648643e+02  1.011336e+02  5.050000e+01
     vertex  1.677940e+02  9.955711e+01  5.050000e+01
     vertex  1.654628e+02  1.008408e+02  4.550000e+01
   endloop
 endfacet
 facet normal  7.056562e-01  7.072239e-01 -4.340045e-02
   outer loop
     vertex  1.731519e+02  9.557809e+01  5.800000e+01
     vertex  1.755267e+02  9.320862e+01  5.800000e+01
     vertex  1.705583e+02  9.770572e+01  5.050000e+01
   endloop
 endfacet
 facet normal  3.410073e-01  9.389044e-01 -4.661014e-02
   outer loop
     vertex  1.617963e+02  1.024206e+02  5.050000e+01
     vertex  1.654628e+02  1.008408e+02  4.550000e+01
     vertex  1.579330e+02  1.035755e+02  4.550000e+01
   endloop
 endfacet
 facet normal  3.868237e-01  9.221214e-01 -7.710347e-03
   outer loop
     vertex  1.617963e+02  1.024206e+02  5.050000e+01
     vertex  1.648643e+02  1.011336e+02  5.050000e+01
     vertex  1.654628e+02  1.008408e+02  4.550000e+01
   endloop
 endfacet
 facet normal  6.342311e-01  7.731435e-01  1.078098e-14
   outer loop
     vertex  1.705583e+02  9.770572e+01  5.800000e+01
     vertex  1.731519e+02  9.557809e+01  5.800000e+01
     vertex  1.705583e+02  9.770572e+01  5.050000e+01
   endloop
 endfacet
 facet normal  1.142792e-01  9.836882e-01  1.389163e-01
   outer loop
     vertex  1.499756e+02  1.045000e+02  4.550000e+01
     vertex  1.617963e+02  1.024206e+02  5.050000e+01
     vertex  1.579330e+02  1.035755e+02  4.550000e+01
   endloop
 endfacet
 facet normal  2.398192e-01  9.708176e-01  1.471853e-14
   outer loop
     vertex  1.546570e+02  1.041842e+02  5.800000e+01
     vertex  1.617963e+02  1.024206e+02  5.800000e+01
     vertex  1.617963e+02  1.024206e+02  5.050000e+01
   endloop
 endfacet
 facet normal  1.924308e-01  9.801695e-01 -4.730870e-02
   outer loop
     vertex  1.546570e+02  1.041842e+02  5.800000e+01
     vertex  1.617963e+02  1.024206e+02  5.050000e+01
     vertex  1.499756e+02  1.045000e+02  4.550000e+01
   endloop
 endfacet
 facet normal -1.167882e-01  9.930185e-01 -1.657395e-02
   outer loop
     vertex  1.473060e+02  1.043947e+02  5.800000e+01
     vertex  1.499756e+02  1.045000e+02  4.550000e+01
     vertex  1.420194e+02  1.035643e+02  4.550000e+01
   endloop
 endfacet
 facet normal  2.860905e-02  9.994850e-01  1.453220e-02
   outer loop
     vertex  1.473060e+02  1.043947e+02  5.800000e+01
     vertex  1.546570e+02  1.041842e+02  5.800000e+01
     vertex  1.499756e+02  1.045000e+02  4.550000e+01
   endloop
 endfacet
 facet normal -3.426751e-01  9.393495e-01 -1.401131e-02
   outer loop
     vertex  1.400775e+02  1.030423e+02  5.800000e+01
     vertex  1.420194e+02  1.035643e+02  4.550000e+01
     vertex  1.344936e+02  1.008188e+02  4.550000e+01
   endloop
 endfacet
 facet normal -1.838807e-01  9.828694e-01  1.247553e-02
   outer loop
     vertex  1.400775e+02  1.030423e+02  5.800000e+01
     vertex  1.473060e+02  1.043947e+02  5.800000e+01
     vertex  1.420194e+02  1.035643e+02  4.550000e+01
   endloop
 endfacet
 facet normal -5.501051e-01  8.350302e-01 -1.043672e-02
   outer loop
     vertex  1.332998e+02  1.001886e+02  5.800000e+01
     vertex  1.344936e+02  1.008188e+02  4.550000e+01
     vertex  1.278038e+02  9.641172e+01  4.550000e+01
   endloop
 endfacet
 facet normal -3.880295e-01  9.215990e-01  9.406477e-03
   outer loop
     vertex  1.332998e+02  1.001886e+02  5.800000e+01
     vertex  1.400775e+02  1.030423e+02  5.800000e+01
     vertex  1.344936e+02  1.008188e+02  4.550000e+01
   endloop
 endfacet
 facet normal -7.278991e-01  6.856840e-01  6.457815e-04
   outer loop
     vertex  1.222943e+02  9.055828e+01  5.050000e+01
     vertex  1.278038e+02  9.641172e+01  4.550000e+01
     vertex  1.223108e+02  9.058053e+01  4.550000e+01
   endloop
 endfacet
 facet normal -7.307481e-01  6.826201e-01 -6.080441e-03
   outer loop
     vertex  1.272809e+02  9.596329e+01  5.800000e+01
     vertex  1.278038e+02  9.641172e+01  4.550000e+01
     vertex  1.222943e+02  9.055828e+01  5.050000e+01
   endloop
 endfacet
 facet normal -5.745587e-01  8.184461e-01  5.325960e-03
   outer loop
     vertex  1.272809e+02  9.596329e+01  5.800000e+01
     vertex  1.332998e+02  1.001886e+02  5.800000e+01
     vertex  1.278038e+02  9.641172e+01  4.550000e+01
   endloop
 endfacet
 facet normal -8.655248e-01  4.988080e-01 -4.535821e-02
   outer loop
     vertex  1.204429e+02  8.779402e+01  5.050000e+01
     vertex  1.223108e+02  9.058053e+01  4.550000e+01
     vertex  1.183107e+02  8.363968e+01  4.550000e+01
   endloop
 endfacet
 facet normal -8.308625e-01  5.564776e-01 -2.695002e-04
   outer loop
     vertex  1.204429e+02  8.779402e+01  5.050000e+01
     vertex  1.222943e+02  9.055828e+01  5.050000e+01
     vertex  1.223108e+02  9.058053e+01  4.550000e+01
   endloop
 endfacet
 facet normal -8.804545e-01  4.737813e-01 -1.819798e-02
   outer loop
     vertex  1.188664e+02  8.486428e+01  5.050000e+01
     vertex  1.204429e+02  8.779402e+01  5.050000e+01
     vertex  1.183107e+02  8.363968e+01  4.550000e+01
   endloop
 endfacet
 facet normal -9.576419e-01  2.858651e-01 -3.468690e-02
   outer loop
     vertex  1.175794e+02  8.179631e+01  5.050000e+01
     vertex  1.183107e+02  8.363968e+01  4.550000e+01
     vertex  1.160193e+02  7.596341e+01  4.550000e+01
   endloop
 endfacet
 facet normal -9.221213e-01  3.868237e-01  7.729786e-03
   outer loop
     vertex  1.175794e+02  8.179631e+01  5.050000e+01
     vertex  1.188664e+02  8.486428e+01  5.050000e+01
     vertex  1.183107e+02  8.363968e+01  4.550000e+01
   endloop
 endfacet
 facet normal -7.349808e-01  6.780879e-01  1.167125e-14
   outer loop
     vertex  1.222943e+02  9.055828e+01  5.800000e+01
     vertex  1.272809e+02  9.596329e+01  5.800000e+01
     vertex  1.222943e+02  9.055828e+01  5.050000e+01
   endloop
 endfacet
 facet normal -9.983027e-01  5.732697e-02 -1.026478e-02
   outer loop
     vertex  1.158158e+02  7.465696e+01  5.800000e+01
     vertex  1.160193e+02  7.596341e+01  4.550000e+01
     vertex  1.155600e+02  6.796561e+01  4.550000e+01
   endloop
 endfacet
 facet normal -9.708176e-01  2.398192e-01  7.343163e-15
   outer loop
     vertex  1.158158e+02  7.465696e+01  5.800000e+01
     vertex  1.175794e+02  8.179631e+01  5.800000e+01
     vertex  1.175794e+02  8.179631e+01  5.050000e+01
   endloop
 endfacet
 facet normal -9.681749e-01  2.500596e-01  1.036944e-02
   outer loop
     vertex  1.158158e+02  7.465696e+01  5.800000e+01
     vertex  1.175794e+02  8.179631e+01  5.050000e+01
     vertex  1.160193e+02  7.596341e+01  4.550000e+01
   endloop
 endfacet
 facet normal -9.846471e-01 -1.744656e-01 -5.636964e-03
   outer loop
     vertex  1.156053e+02  6.730602e+01  5.800000e+01
     vertex  1.155600e+02  6.796561e+01  4.550000e+01
     vertex  1.169577e+02  6.007749e+01  4.550000e+01
   endloop
 endfacet
 facet normal -9.995774e-01  2.861170e-02  5.132830e-03
   outer loop
     vertex  1.156053e+02  6.730602e+01  5.800000e+01
     vertex  1.158158e+02  7.465696e+01  5.800000e+01
     vertex  1.155600e+02  6.796561e+01  4.550000e+01
   endloop
 endfacet
 facet normal -9.829459e-01 -1.838950e-01 -3.031435e-15
   outer loop
     vertex  1.169577e+02  6.007749e+01  5.800000e+01
     vertex  1.156053e+02  6.730602e+01  5.800000e+01
     vertex  1.169577e+02  6.007749e+01  4.550000e+01
   endloop
 endfacet
 facet normal -9.160974e-01 -4.009557e-01 -6.409556e-15
   outer loop
     vertex  1.869597e+02  3.620559e+01  6.600000e+01
     vertex  1.871579e+02  3.575285e+01  5.800000e+01
     vertex  1.871579e+02  3.575285e+01  6.600000e+01
   endloop
 endfacet
 facet normal -9.160974e-01 -4.009557e-01 -6.410164e-15
   outer loop
     vertex  1.869597e+02  3.620559e+01  6.600000e+01
     vertex  1.869597e+02  3.620559e+01  5.800000e+01
     vertex  1.871579e+02  3.575285e+01  5.800000e+01
   endloop
 endfacet
 facet normal -7.935223e-01 -6.085412e-01 -1.026937e-14
   outer loop
     vertex  1.866590e+02  3.659775e+01  6.600000e+01
     vertex  1.866590e+02  3.659775e+01  5.800000e+01
     vertex  1.869597e+02  3.620559e+01  5.800000e+01
   endloop
 endfacet
 facet normal -7.935223e-01 -6.085412e-01 -9.730169e-15
   outer loop
     vertex  1.866590e+02  3.659775e+01  6.600000e+01
     vertex  1.869597e+02  3.620559e+01  5.800000e+01
     vertex  1.869597e+02  3.620559e+01  6.600000e+01
   endloop
 endfacet
 facet normal -6.248306e-01 -7.807604e-01 -1.317564e-14
   outer loop
     vertex  1.862731e+02  3.690654e+01  6.600000e+01
     vertex  1.862731e+02  3.690654e+01  5.800000e+01
     vertex  1.866590e+02  3.659775e+01  5.800000e+01
   endloop
 endfacet
 facet normal -4.198259e-01 -9.076046e-01 -1.531618e-14
   outer loop
     vertex  1.862731e+02  3.690654e+01  6.600000e+01
     vertex  1.858246e+02  3.711402e+01  5.800000e+01
     vertex  1.862731e+02  3.690654e+01  5.800000e+01
   endloop
 endfacet
 facet normal -6.248306e-01 -7.807604e-01 -1.317715e-14
   outer loop
     vertex  1.862731e+02  3.690654e+01  6.600000e+01
     vertex  1.866590e+02  3.659775e+01  5.800000e+01
     vertex  1.866590e+02  3.659775e+01  6.600000e+01
   endloop
 endfacet
 facet normal -4.198259e-01 -9.076046e-01 -1.451007e-14
   outer loop
     vertex  1.858246e+02  3.711402e+01  6.600000e+01
     vertex  1.858246e+02  3.711402e+01  5.800000e+01
     vertex  1.862731e+02  3.690654e+01  6.600000e+01
   endloop
 endfacet
 facet normal -1.904225e-01 -9.817022e-01 -1.811505e-14
   outer loop
     vertex  1.853394e+02  3.720813e+01  6.600000e+01
     vertex  1.853394e+02  3.720813e+01  5.800000e+01
     vertex  1.858246e+02  3.711402e+01  5.800000e+01
   endloop
 endfacet
 facet normal -1.904225e-01 -9.817022e-01 -1.569393e-14
   outer loop
     vertex  1.853394e+02  3.720813e+01  6.600000e+01
     vertex  1.858246e+02  3.711402e+01  5.800000e+01
     vertex  1.858246e+02  3.711402e+01  6.600000e+01
   endloop
 endfacet
 facet normal  5.004751e-02 -9.987468e-01 -1.845057e-14
   outer loop
     vertex  1.848458e+02  3.718339e+01  6.600000e+01
     vertex  1.848458e+02  3.718339e+01  5.800000e+01
     vertex  1.853394e+02  3.720813e+01  5.800000e+01
   endloop
 endfacet
 facet normal  5.004751e-02 -9.987468e-01 -1.756353e-14
   outer loop
     vertex  1.848458e+02  3.718339e+01  6.600000e+01
     vertex  1.853394e+02  3.720813e+01  5.800000e+01
     vertex  1.853394e+02  3.720813e+01  6.600000e+01
   endloop
 endfacet
 facet normal  2.876090e-01 -9.577479e-01 -1.531172e-14
   outer loop
     vertex  1.843725e+02  3.704126e+01  6.600000e+01
     vertex  1.843725e+02  3.704126e+01  5.800000e+01
     vertex  1.848458e+02  3.718339e+01  5.800000e+01
   endloop
 endfacet
 facet normal  2.876090e-01 -9.577479e-01 -1.684176e-14
   outer loop
     vertex  1.843725e+02  3.704126e+01  6.600000e+01
     vertex  1.848458e+02  3.718339e+01  5.800000e+01
     vertex  1.848458e+02  3.718339e+01  6.600000e+01
   endloop
 endfacet
 facet normal  5.084557e-01 -8.610882e-01 -1.453120e-14
   outer loop
     vertex  1.839470e+02  3.678998e+01  6.600000e+01
     vertex  1.839470e+02  3.678998e+01  5.800000e+01
     vertex  1.843725e+02  3.704126e+01  5.800000e+01
   endloop
 endfacet
 facet normal  6.997528e-01 -7.143851e-01 -1.205553e-14
   outer loop
     vertex  1.839470e+02  3.678998e+01  6.600000e+01
     vertex  1.835939e+02  3.644416e+01  5.800000e+01
     vertex  1.839470e+02  3.678998e+01  5.800000e+01
   endloop
 endfacet
 facet normal  5.084557e-01 -8.610882e-01 -1.376686e-14
   outer loop
     vertex  1.839470e+02  3.678998e+01  6.600000e+01
     vertex  1.843725e+02  3.704126e+01  5.800000e+01
     vertex  1.843725e+02  3.704126e+01  6.600000e+01
   endloop
 endfacet
 facet normal  6.997528e-01 -7.143851e-01 -1.142103e-14
   outer loop
     vertex  1.835939e+02  3.644416e+01  6.600000e+01
     vertex  1.835939e+02  3.644416e+01  5.800000e+01
     vertex  1.839470e+02  3.678998e+01  6.600000e+01
   endloop
 endfacet
 facet normal  8.503828e-01 -5.261646e-01 -5.858066e-15
   outer loop
     vertex  1.833339e+02  3.602390e+01  6.600000e+01
     vertex  1.833339e+02  3.602390e+01  5.800000e+01
     vertex  1.835939e+02  3.644416e+01  5.800000e+01
   endloop
 endfacet
 facet normal  8.503828e-01 -5.261646e-01 -8.413859e-15
   outer loop
     vertex  1.833339e+02  3.602390e+01  6.600000e+01
     vertex  1.835939e+02  3.644416e+01  5.800000e+01
     vertex  1.835939e+02  3.644416e+01  6.600000e+01
   endloop
 endfacet
 facet normal  9.515916e-01 -3.073653e-01 -5.186909e-15
   outer loop
     vertex  1.831820e+02  3.555362e+01  6.600000e+01
     vertex  1.831820e+02  3.555362e+01  5.800000e+01
     vertex  1.833339e+02  3.602390e+01  5.800000e+01
   endloop
 endfacet
 facet normal  9.974974e-01 -7.070302e-02 -1.193141e-15
   outer loop
     vertex  1.831820e+02  3.555362e+01  6.600000e+01
     vertex  1.831470e+02  3.506066e+01  5.800000e+01
     vertex  1.831820e+02  3.555362e+01  5.800000e+01
   endloop
 endfacet
 facet normal  9.515916e-01 -3.073653e-01 -1.804223e-15
   outer loop
     vertex  1.831820e+02  3.555362e+01  6.600000e+01
     vertex  1.833339e+02  3.602390e+01  5.800000e+01
     vertex  1.833339e+02  3.602390e+01  6.600000e+01
   endloop
 endfacet
 facet normal  9.974974e-01 -7.070302e-02  5.768911e-15
   outer loop
     vertex  1.831470e+02  3.506066e+01  6.600000e+01
     vertex  1.831470e+02  3.506066e+01  5.800000e+01
     vertex  1.831820e+02  3.555362e+01  6.600000e+01
   endloop
 endfacet
 facet normal  9.854323e-01  1.700682e-01  2.869968e-15
   outer loop
     vertex  1.832311e+02  3.457366e+01  6.600000e+01
     vertex  1.832311e+02  3.457366e+01  5.800000e+01
     vertex  1.831470e+02  3.506066e+01  5.800000e+01
   endloop
 endfacet
 facet normal  9.854323e-01  1.700682e-01  1.017245e-14
   outer loop
     vertex  1.832311e+02  3.457366e+01  6.600000e+01
     vertex  1.831470e+02  3.506066e+01  5.800000e+01
     vertex  1.831470e+02  3.506066e+01  6.600000e+01
   endloop
 endfacet
 facet normal -9.160974e-01 -4.009557e-01 -6.767593e-15
   outer loop
     vertex  2.002278e+02  6.086240e+01  6.600000e+01
     vertex  2.004259e+02  6.040966e+01  5.800000e+01
     vertex  2.004259e+02  6.040966e+01  6.600000e+01
   endloop
 endfacet
 facet normal -9.160974e-01 -4.009557e-01 -7.122405e-15
   outer loop
     vertex  2.002278e+02  6.086240e+01  6.600000e+01
     vertex  2.002278e+02  6.086240e+01  5.800000e+01
     vertex  2.004259e+02  6.040966e+01  5.800000e+01
   endloop
 endfacet
 facet normal -7.935223e-01 -6.085412e-01 -1.698867e-14
   outer loop
     vertex  1.999270e+02  6.125456e+01  6.600000e+01
     vertex  1.999270e+02  6.125456e+01  5.800000e+01
     vertex  2.002278e+02  6.086240e+01  5.800000e+01
   endloop
 endfacet
 facet normal -7.935223e-01 -6.085412e-01 -1.080779e-14
   outer loop
     vertex  1.999270e+02  6.125456e+01  6.600000e+01
     vertex  2.002278e+02  6.086240e+01  5.800000e+01
     vertex  2.002278e+02  6.086240e+01  6.600000e+01
   endloop
 endfacet
 facet normal -6.248306e-01 -7.807604e-01 -1.386909e-14
   outer loop
     vertex  1.995412e+02  6.156335e+01  6.600000e+01
     vertex  1.995412e+02  6.156335e+01  5.800000e+01
     vertex  1.999270e+02  6.125456e+01  5.800000e+01
   endloop
 endfacet
 facet normal -4.198259e-01 -9.076046e-01 -1.612230e-14
   outer loop
     vertex  1.995412e+02  6.156335e+01  6.600000e+01
     vertex  1.990927e+02  6.177083e+01  5.800000e+01
     vertex  1.995412e+02  6.156335e+01  5.800000e+01
   endloop
 endfacet
 facet normal -6.248306e-01 -7.807604e-01 -1.900051e-14
   outer loop
     vertex  1.995412e+02  6.156335e+01  6.600000e+01
     vertex  1.999270e+02  6.125456e+01  5.800000e+01
     vertex  1.999270e+02  6.125456e+01  6.600000e+01
   endloop
 endfacet
 facet normal -4.198259e-01 -9.076046e-01 -2.071757e-14
   outer loop
     vertex  1.990927e+02  6.177083e+01  6.600000e+01
     vertex  1.990927e+02  6.177083e+01  5.800000e+01
     vertex  1.995412e+02  6.156335e+01  6.600000e+01
   endloop
 endfacet
 facet normal -1.904225e-01 -9.817022e-01 -1.743853e-14
   outer loop
     vertex  1.986075e+02  6.186493e+01  6.600000e+01
     vertex  1.986075e+02  6.186493e+01  5.800000e+01
     vertex  1.990927e+02  6.177083e+01  5.800000e+01
   endloop
 endfacet
 facet normal -1.904225e-01 -9.817022e-01 -2.053620e-14
   outer loop
     vertex  1.986075e+02  6.186493e+01  6.600000e+01
     vertex  1.990927e+02  6.177083e+01  5.800000e+01
     vertex  1.990927e+02  6.177083e+01  6.600000e+01
   endloop
 endfacet
 facet normal  5.004751e-02 -9.987468e-01 -1.951544e-14
   outer loop
     vertex  1.981139e+02  6.184020e+01  6.600000e+01
     vertex  1.981139e+02  6.184020e+01  5.800000e+01
     vertex  1.986075e+02  6.186493e+01  5.800000e+01
   endloop
 endfacet
 facet normal  5.004751e-02 -9.987468e-01 -1.774124e-14
   outer loop
     vertex  1.981139e+02  6.184020e+01  6.600000e+01
     vertex  1.986075e+02  6.186493e+01  5.800000e+01
     vertex  1.986075e+02  6.186493e+01  6.600000e+01
   endloop
 endfacet
 facet normal  2.876090e-01 -9.577479e-01 -1.701302e-14
   outer loop
     vertex  1.976406e+02  6.169806e+01  6.600000e+01
     vertex  1.976406e+02  6.169806e+01  5.800000e+01
     vertex  1.981139e+02  6.184020e+01  5.800000e+01
   endloop
 endfacet
 facet normal  2.876090e-01 -9.577479e-01 -1.871267e-14
   outer loop
     vertex  1.976406e+02  6.169806e+01  6.600000e+01
     vertex  1.981139e+02  6.184020e+01  5.800000e+01
     vertex  1.981139e+02  6.184020e+01  6.600000e+01
   endloop
 endfacet
 facet normal  5.084557e-01 -8.610882e-01 -1.529600e-14
   outer loop
     vertex  1.972150e+02  6.144679e+01  6.600000e+01
     vertex  1.972150e+02  6.144679e+01  5.800000e+01
     vertex  1.976406e+02  6.169806e+01  5.800000e+01
   endloop
 endfacet
 facet normal  6.997528e-01 -7.143851e-01 -1.269003e-14
   outer loop
     vertex  1.972150e+02  6.144679e+01  6.600000e+01
     vertex  1.968620e+02  6.110097e+01  5.800000e+01
     vertex  1.972150e+02  6.144679e+01  5.800000e+01
   endloop
 endfacet
 facet normal  5.084557e-01 -8.610882e-01 -1.529729e-14
   outer loop
     vertex  1.972150e+02  6.144679e+01  6.600000e+01
     vertex  1.976406e+02  6.169806e+01  5.800000e+01
     vertex  1.976406e+02  6.169806e+01  6.600000e+01
   endloop
 endfacet
 facet normal  6.997528e-01 -7.143851e-01 -1.020401e-14
   outer loop
     vertex  1.968620e+02  6.110097e+01  6.600000e+01
     vertex  1.968620e+02  6.110097e+01  5.800000e+01
     vertex  1.972150e+02  6.144679e+01  6.600000e+01
   endloop
 endfacet
 facet normal  8.503828e-01 -5.261646e-01 -9.813888e-15
   outer loop
     vertex  1.966020e+02  6.068071e+01  6.600000e+01
     vertex  1.966020e+02  6.068071e+01  5.800000e+01
     vertex  1.968620e+02  6.110097e+01  5.800000e+01
   endloop
 endfacet
 facet normal  8.503828e-01 -5.261646e-01 -6.325312e-15
   outer loop
     vertex  1.966020e+02  6.068071e+01  6.600000e+01
     vertex  1.968620e+02  6.110097e+01  5.800000e+01
     vertex  1.968620e+02  6.110097e+01  6.600000e+01
   endloop
 endfacet
 facet normal  9.515916e-01 -3.073653e-01 -2.079172e-15
   outer loop
     vertex  1.964501e+02  6.021043e+01  6.600000e+01
     vertex  1.964501e+02  6.021043e+01  5.800000e+01
     vertex  1.966020e+02  6.068071e+01  5.800000e+01
   endloop
 endfacet
 facet normal  9.974974e-01 -7.070302e-02  2.287885e-15
   outer loop
     vertex  1.964501e+02  6.021043e+01  6.600000e+01
     vertex  1.964151e+02  5.971747e+01  5.800000e+01
     vertex  1.964501e+02  6.021043e+01  5.800000e+01
   endloop
 endfacet
 facet normal  9.515916e-01 -3.073653e-01 -5.732095e-15
   outer loop
     vertex  1.964501e+02  6.021043e+01  6.600000e+01
     vertex  1.966020e+02  6.068071e+01  5.800000e+01
     vertex  1.966020e+02  6.068071e+01  6.600000e+01
   endloop
 endfacet
 facet normal  9.974974e-01 -7.070302e-02 -1.193141e-15
   outer loop
     vertex  1.964151e+02  5.971747e+01  6.600000e+01
     vertex  1.964151e+02  5.971747e+01  5.800000e+01
     vertex  1.964501e+02  6.021043e+01  6.600000e+01
   endloop
 endfacet
 facet normal  9.854323e-01  1.700682e-01  6.673028e-15
   outer loop
     vertex  1.964992e+02  5.923047e+01  6.600000e+01
     vertex  1.964992e+02  5.923047e+01  5.800000e+01
     vertex  1.964151e+02  5.971747e+01  5.800000e+01
   endloop
 endfacet
 facet normal  9.854323e-01  1.700682e-01  2.871313e-15
   outer loop
     vertex  1.964992e+02  5.923047e+01  6.600000e+01
     vertex  1.964151e+02  5.971747e+01  5.800000e+01
     vertex  1.964151e+02  5.971747e+01  6.600000e+01
   endloop
 endfacet
 facet normal -9.160974e-01 -4.009557e-01 -1.109211e-14
   outer loop
     vertex  1.991929e+02  8.528473e+01  6.600000e+01
     vertex  1.993911e+02  8.483200e+01  5.800000e+01
     vertex  1.993911e+02  8.483200e+01  6.600000e+01
   endloop
 endfacet
 facet normal -9.160974e-01 -4.009557e-01 -7.834645e-15
   outer loop
     vertex  1.991929e+02  8.528473e+01  6.600000e+01
     vertex  1.991929e+02  8.528473e+01  5.800000e+01
     vertex  1.993911e+02  8.483200e+01  5.800000e+01
   endloop
 endfacet
 facet normal -7.935223e-01 -6.085412e-01 -9.728876e-15
   outer loop
     vertex  1.988922e+02  8.567689e+01  6.600000e+01
     vertex  1.988922e+02  8.567689e+01  5.800000e+01
     vertex  1.991929e+02  8.528473e+01  5.800000e+01
   endloop
 endfacet
 facet normal -7.935223e-01 -6.085412e-01 -1.189243e-14
   outer loop
     vertex  1.988922e+02  8.567689e+01  6.600000e+01
     vertex  1.991929e+02  8.528473e+01  5.800000e+01
     vertex  1.991929e+02  8.528473e+01  6.600000e+01
   endloop
 endfacet
 facet normal -6.248306e-01 -7.807604e-01 -1.386909e-14
   outer loop
     vertex  1.985063e+02  8.598568e+01  6.600000e+01
     vertex  1.985063e+02  8.598568e+01  5.800000e+01
     vertex  1.988922e+02  8.567689e+01  5.800000e+01
   endloop
 endfacet
 facet normal -4.198259e-01 -9.076046e-01 -1.612230e-14
   outer loop
     vertex  1.985063e+02  8.598568e+01  6.600000e+01
     vertex  1.980578e+02  8.619316e+01  5.800000e+01
     vertex  1.985063e+02  8.598568e+01  5.800000e+01
   endloop
 endfacet
 facet normal -6.248306e-01 -7.807604e-01 -1.248565e-14
   outer loop
     vertex  1.985063e+02  8.598568e+01  6.600000e+01
     vertex  1.988922e+02  8.567689e+01  5.800000e+01
     vertex  1.988922e+02  8.567689e+01  6.600000e+01
   endloop
 endfacet
 facet normal -4.198259e-01 -9.076046e-01 -1.612230e-14
   outer loop
     vertex  1.980578e+02  8.619316e+01  6.600000e+01
     vertex  1.980578e+02  8.619316e+01  5.800000e+01
     vertex  1.985063e+02  8.598568e+01  6.600000e+01
   endloop
 endfacet
 facet normal -1.904225e-01 -9.817022e-01 -1.569468e-14
   outer loop
     vertex  1.975726e+02  8.628727e+01  6.600000e+01
     vertex  1.975726e+02  8.628727e+01  5.800000e+01
     vertex  1.980578e+02  8.619316e+01  5.800000e+01
   endloop
 endfacet
 facet normal -1.904225e-01 -9.817022e-01 -1.743849e-14
   outer loop
     vertex  1.975726e+02  8.628727e+01  6.600000e+01
     vertex  1.980578e+02  8.619316e+01  5.800000e+01
     vertex  1.980578e+02  8.619316e+01  6.600000e+01
   endloop
 endfacet
 facet normal  5.004751e-02 -9.987468e-01 -1.419305e-14
   outer loop
     vertex  1.970790e+02  8.626253e+01  6.600000e+01
     vertex  1.970790e+02  8.626253e+01  5.800000e+01
     vertex  1.975726e+02  8.628727e+01  5.800000e+01
   endloop
 endfacet
 facet normal  5.004751e-02 -9.987468e-01 -1.596685e-14
   outer loop
     vertex  1.970790e+02  8.626253e+01  6.600000e+01
     vertex  1.975726e+02  8.628727e+01  5.800000e+01
     vertex  1.975726e+02  8.628727e+01  6.600000e+01
   endloop
 endfacet
 facet normal  2.876090e-01 -9.577479e-01 -1.428993e-14
   outer loop
     vertex  1.966057e+02  8.612040e+01  6.600000e+01
     vertex  1.966057e+02  8.612040e+01  5.800000e+01
     vertex  1.970790e+02  8.626253e+01  5.800000e+01
   endloop
 endfacet
 facet normal  2.876090e-01 -9.577479e-01 -1.360890e-14
   outer loop
     vertex  1.966057e+02  8.612040e+01  6.600000e+01
     vertex  1.970790e+02  8.626253e+01  5.800000e+01
     vertex  1.970790e+02  8.626253e+01  6.600000e+01
   endloop
 endfacet
 facet normal  5.084557e-01 -8.610882e-01 -1.376640e-14
   outer loop
     vertex  1.961802e+02  8.586912e+01  6.600000e+01
     vertex  1.961802e+02  8.586912e+01  5.800000e+01
     vertex  1.966057e+02  8.612040e+01  5.800000e+01
   endloop
 endfacet
 facet normal  5.084557e-01 -8.610882e-01 -1.196263e-14
   outer loop
     vertex  1.961802e+02  8.586912e+01  6.600000e+01
     vertex  1.966057e+02  8.612040e+01  5.800000e+01
     vertex  1.966057e+02  8.612040e+01  6.600000e+01
   endloop
 endfacet
 facet normal  6.997528e-01 -7.143851e-01 -1.147301e-14
   outer loop
     vertex  1.958271e+02  8.552330e+01  6.600000e+01
     vertex  1.958271e+02  8.552330e+01  5.800000e+01
     vertex  1.961802e+02  8.586912e+01  5.800000e+01
   endloop
 endfacet
 facet normal  6.997528e-01 -7.143851e-01 -1.142207e-14
   outer loop
     vertex  1.958271e+02  8.552330e+01  6.600000e+01
     vertex  1.961802e+02  8.586912e+01  5.800000e+01
     vertex  1.961802e+02  8.586912e+01  6.600000e+01
   endloop
 endfacet
 facet normal  8.503828e-01 -5.261646e-01 -8.411904e-15
   outer loop
     vertex  1.955671e+02  8.510304e+01  6.600000e+01
     vertex  1.955671e+02  8.510304e+01  5.800000e+01
     vertex  1.958271e+02  8.552330e+01  5.800000e+01
   endloop
 endfacet
 facet normal  9.515916e-01 -3.073653e-01 -4.913914e-15
   outer loop
     vertex  1.955671e+02  8.510304e+01  6.600000e+01
     vertex  1.954152e+02  8.463276e+01  5.800000e+01
     vertex  1.955671e+02  8.510304e+01  5.800000e+01
   endloop
 endfacet
 facet normal  8.503828e-01 -5.261646e-01 -7.259015e-15
   outer loop
     vertex  1.955671e+02  8.510304e+01  6.600000e+01
     vertex  1.958271e+02  8.552330e+01  5.800000e+01
     vertex  1.958271e+02  8.552330e+01  6.600000e+01
   endloop
 endfacet
 facet normal  9.515916e-01 -3.073653e-01 -2.625162e-15
   outer loop
     vertex  1.954152e+02  8.463276e+01  6.600000e+01
     vertex  1.954152e+02  8.463276e+01  5.800000e+01
     vertex  1.955671e+02  8.510304e+01  6.600000e+01
   endloop
 endfacet
 facet normal  9.974974e-01 -7.070302e-02  2.287885e-15
   outer loop
     vertex  1.953802e+02  8.413980e+01  6.600000e+01
     vertex  1.953802e+02  8.413980e+01  5.800000e+01
     vertex  1.954152e+02  8.463276e+01  5.800000e+01
   endloop
 endfacet
 facet normal  9.974974e-01 -7.070302e-02  2.162260e-15
   outer loop
     vertex  1.953802e+02  8.413980e+01  6.600000e+01
     vertex  1.954152e+02  8.463276e+01  5.800000e+01
     vertex  1.954152e+02  8.463276e+01  6.600000e+01
   endloop
 endfacet
 facet normal  9.854323e-01  1.700682e-01  2.718917e-15
   outer loop
     vertex  1.954643e+02  8.365280e+01  6.600000e+01
     vertex  1.954643e+02  8.365280e+01  5.800000e+01
     vertex  1.953802e+02  8.413980e+01  5.800000e+01
   endloop
 endfacet
 facet normal  9.854323e-01  1.700682e-01  6.523636e-15
   outer loop
     vertex  1.954643e+02  8.365280e+01  6.600000e+01
     vertex  1.953802e+02  8.413980e+01  5.800000e+01
     vertex  1.953802e+02  8.413980e+01  6.600000e+01
   endloop
 endfacet
 facet normal -9.160974e-01 -4.009557e-01 -7.125629e-15
   outer loop
     vertex  1.866020e+02  1.062368e+02  6.600000e+01
     vertex  1.868001e+02  1.057841e+02  5.800000e+01
     vertex  1.868001e+02  1.057841e+02  6.600000e+01
   endloop
 endfacet
 facet normal -9.160974e-01 -4.009557e-01 -1.037704e-14
   outer loop
     vertex  1.866020e+02  1.062368e+02  6.600000e+01
     vertex  1.866020e+02  1.062368e+02  5.800000e+01
     vertex  1.868001e+02  1.057841e+02  5.800000e+01
   endloop
 endfacet
 facet normal -7.935223e-01 -6.085412e-01 -1.471001e-14
   outer loop
     vertex  1.863012e+02  1.066290e+02  6.600000e+01
     vertex  1.863012e+02  1.066290e+02  5.800000e+01
     vertex  1.866020e+02  1.062368e+02  5.800000e+01
   endloop
 endfacet
 facet normal -6.248306e-01 -7.807604e-01 -1.747584e-14
   outer loop
     vertex  1.863012e+02  1.066290e+02  6.600000e+01
     vertex  1.859154e+02  1.069378e+02  5.800000e+01
     vertex  1.863012e+02  1.066290e+02  5.800000e+01
   endloop
 endfacet
 facet normal -7.935223e-01 -6.085412e-01 -1.362996e-14
   outer loop
     vertex  1.863012e+02  1.066290e+02  6.600000e+01
     vertex  1.866020e+02  1.062368e+02  5.800000e+01
     vertex  1.866020e+02  1.062368e+02  6.600000e+01
   endloop
 endfacet
 facet normal -4.198259e-01 -9.076046e-01 -1.773453e-14
   outer loop
     vertex  1.859154e+02  1.069378e+02  6.600000e+01
     vertex  1.854668e+02  1.071452e+02  5.800000e+01
     vertex  1.859154e+02  1.069378e+02  5.800000e+01
   endloop
 endfacet
 facet normal -6.248306e-01 -7.807604e-01 -1.525600e-14
   outer loop
     vertex  1.859154e+02  1.069378e+02  6.600000e+01
     vertex  1.859154e+02  1.069378e+02  5.800000e+01
     vertex  1.863012e+02  1.066290e+02  6.600000e+01
   endloop
 endfacet
 facet normal -4.198259e-01 -9.076046e-01 -1.451007e-14
   outer loop
     vertex  1.854668e+02  1.071452e+02  6.600000e+01
     vertex  1.854668e+02  1.071452e+02  5.800000e+01
     vertex  1.859154e+02  1.069378e+02  6.600000e+01
   endloop
 endfacet
 facet normal -1.904225e-01 -9.817022e-01 -1.811505e-14
   outer loop
     vertex  1.849817e+02  1.072393e+02  6.600000e+01
     vertex  1.849817e+02  1.072393e+02  5.800000e+01
     vertex  1.854668e+02  1.071452e+02  5.800000e+01
   endloop
 endfacet
 facet normal -1.904225e-01 -9.817022e-01 -1.569393e-14
   outer loop
     vertex  1.849817e+02  1.072393e+02  6.600000e+01
     vertex  1.854668e+02  1.071452e+02  5.800000e+01
     vertex  1.854668e+02  1.071452e+02  6.600000e+01
   endloop
 endfacet
 facet normal  5.004751e-02 -9.987468e-01 -1.951544e-14
   outer loop
     vertex  1.844881e+02  1.072146e+02  6.600000e+01
     vertex  1.844881e+02  1.072146e+02  5.800000e+01
     vertex  1.849817e+02  1.072393e+02  5.800000e+01
   endloop
 endfacet
 facet normal  2.876090e-01 -9.577479e-01 -1.871432e-14
   outer loop
     vertex  1.844881e+02  1.072146e+02  6.600000e+01
     vertex  1.840148e+02  1.070725e+02  5.800000e+01
     vertex  1.844881e+02  1.072146e+02  5.800000e+01
   endloop
 endfacet
 facet normal  5.004751e-02 -9.987468e-01 -1.756353e-14
   outer loop
     vertex  1.844881e+02  1.072146e+02  6.600000e+01
     vertex  1.849817e+02  1.072393e+02  5.800000e+01
     vertex  1.849817e+02  1.072393e+02  6.600000e+01
   endloop
 endfacet
 facet normal  2.876090e-01 -9.577479e-01 -2.041562e-14
   outer loop
     vertex  1.840148e+02  1.070725e+02  6.600000e+01
     vertex  1.840148e+02  1.070725e+02  5.800000e+01
     vertex  1.844881e+02  1.072146e+02  6.600000e+01
   endloop
 endfacet
 facet normal  5.084557e-01 -8.610882e-01 -1.682560e-14
   outer loop
     vertex  1.835892e+02  1.068212e+02  6.600000e+01
     vertex  1.835892e+02  1.068212e+02  5.800000e+01
     vertex  1.840148e+02  1.070725e+02  5.800000e+01
   endloop
 endfacet
 facet normal  5.084557e-01 -8.610882e-01 -1.835464e-14
   outer loop
     vertex  1.835892e+02  1.068212e+02  6.600000e+01
     vertex  1.840148e+02  1.070725e+02  5.800000e+01
     vertex  1.840148e+02  1.070725e+02  6.600000e+01
   endloop
 endfacet
 facet normal  6.997528e-01 -7.143851e-01 -1.020401e-14
   outer loop
     vertex  1.832362e+02  1.064754e+02  6.600000e+01
     vertex  1.832362e+02  1.064754e+02  5.800000e+01
     vertex  1.835892e+02  1.068212e+02  5.800000e+01
   endloop
 endfacet
 facet normal  6.997528e-01 -7.143851e-01 -1.395991e-14
   outer loop
     vertex  1.832362e+02  1.064754e+02  6.600000e+01
     vertex  1.835892e+02  1.068212e+02  5.800000e+01
     vertex  1.835892e+02  1.068212e+02  6.600000e+01
   endloop
 endfacet
 facet normal  8.503828e-01 -5.261646e-01 -9.346560e-15
   outer loop
     vertex  1.829762e+02  1.060551e+02  6.600000e+01
     vertex  1.829762e+02  1.060551e+02  5.800000e+01
     vertex  1.832362e+02  1.064754e+02  5.800000e+01
   endloop
 endfacet
 facet normal  9.515916e-01 -3.073653e-01 -5.459904e-15
   outer loop
     vertex  1.829762e+02  1.060551e+02  6.600000e+01
     vertex  1.828243e+02  1.055848e+02  5.800000e+01
     vertex  1.829762e+02  1.060551e+02  5.800000e+01
   endloop
 endfacet
 facet normal  8.503828e-01 -5.261646e-01 -6.325312e-15
   outer loop
     vertex  1.829762e+02  1.060551e+02  6.600000e+01
     vertex  1.832362e+02  1.064754e+02  5.800000e+01
     vertex  1.832362e+02  1.064754e+02  6.600000e+01
   endloop
 endfacet
 facet normal  9.515916e-01 -3.073653e-01 -2.625162e-15
   outer loop
     vertex  1.828243e+02  1.055848e+02  6.600000e+01
     vertex  1.828243e+02  1.055848e+02  5.800000e+01
     vertex  1.829762e+02  1.060551e+02  6.600000e+01
   endloop
 endfacet
 facet normal  9.974974e-01 -7.070302e-02 -1.381532e-15
   outer loop
     vertex  1.827893e+02  1.050919e+02  6.600000e+01
     vertex  1.827893e+02  1.050919e+02  5.800000e+01
     vertex  1.828243e+02  1.055848e+02  5.800000e+01
   endloop
 endfacet
 facet normal  9.974974e-01 -7.070302e-02  2.162260e-15
   outer loop
     vertex  1.827893e+02  1.050919e+02  6.600000e+01
     vertex  1.828243e+02  1.055848e+02  5.800000e+01
     vertex  1.828243e+02  1.055848e+02  6.600000e+01
   endloop
 endfacet
 facet normal  9.854323e-01  1.700682e-01  6.521978e-15
   outer loop
     vertex  1.828734e+02  1.046049e+02  6.600000e+01
     vertex  1.828734e+02  1.046049e+02  5.800000e+01
     vertex  1.827893e+02  1.050919e+02  5.800000e+01
   endloop
 endfacet
 facet normal  9.854323e-01  1.700682e-01  3.324124e-15
   outer loop
     vertex  1.828734e+02  1.046049e+02  6.600000e+01
     vertex  1.827893e+02  1.050919e+02  5.800000e+01
     vertex  1.827893e+02  1.050919e+02  6.600000e+01
   endloop
 endfacet
 facet normal -9.160974e-01 -4.009557e-01 -5.696993e-15
   outer loop
     vertex  1.619452e+02  1.195049e+02  6.600000e+01
     vertex  1.621433e+02  1.190522e+02  5.800000e+01
     vertex  1.621433e+02  1.190522e+02  6.600000e+01
   endloop
 endfacet
 facet normal -9.160974e-01 -4.009557e-01 -1.037704e-14
   outer loop
     vertex  1.619452e+02  1.195049e+02  6.600000e+01
     vertex  1.619452e+02  1.195049e+02  5.800000e+01
     vertex  1.621433e+02  1.190522e+02  5.800000e+01
   endloop
 endfacet
 facet normal -7.935223e-01 -6.085412e-01 -1.362902e-14
   outer loop
     vertex  1.616444e+02  1.198970e+02  6.600000e+01
     vertex  1.616444e+02  1.198970e+02  5.800000e+01
     vertex  1.619452e+02  1.195049e+02  5.800000e+01
   endloop
 endfacet
 facet normal -6.248306e-01 -7.807604e-01 -1.608893e-14
   outer loop
     vertex  1.616444e+02  1.198970e+02  6.600000e+01
     vertex  1.612586e+02  1.202058e+02  5.800000e+01
     vertex  1.616444e+02  1.198970e+02  5.800000e+01
   endloop
 endfacet
 facet normal -7.935223e-01 -6.085412e-01 -1.362996e-14
   outer loop
     vertex  1.616444e+02  1.198970e+02  6.600000e+01
     vertex  1.619452e+02  1.195049e+02  5.800000e+01
     vertex  1.619452e+02  1.195049e+02  6.600000e+01
   endloop
 endfacet
 facet normal -4.198259e-01 -9.076046e-01 -1.761382e-14
   outer loop
     vertex  1.612586e+02  1.202058e+02  6.600000e+01
     vertex  1.608100e+02  1.204133e+02  5.800000e+01
     vertex  1.612586e+02  1.202058e+02  5.800000e+01
   endloop
 endfacet
 facet normal -6.248306e-01 -7.807604e-01 -1.608893e-14
   outer loop
     vertex  1.612586e+02  1.202058e+02  6.600000e+01
     vertex  1.612586e+02  1.202058e+02  5.800000e+01
     vertex  1.616444e+02  1.198970e+02  6.600000e+01
   endloop
 endfacet
 facet normal -4.198259e-01 -9.076046e-01 -1.289784e-14
   outer loop
     vertex  1.608100e+02  1.204133e+02  6.600000e+01
     vertex  1.608100e+02  1.204133e+02  5.800000e+01
     vertex  1.612586e+02  1.202058e+02  6.600000e+01
   endloop
 endfacet
 facet normal -1.904225e-01 -9.817022e-01 -1.462734e-14
   outer loop
     vertex  1.603249e+02  1.205074e+02  6.600000e+01
     vertex  1.603249e+02  1.205074e+02  5.800000e+01
     vertex  1.608100e+02  1.204133e+02  5.800000e+01
   endloop
 endfacet
 facet normal -1.904225e-01 -9.817022e-01 -1.395114e-14
   outer loop
     vertex  1.603249e+02  1.205074e+02  6.600000e+01
     vertex  1.608100e+02  1.204133e+02  5.800000e+01
     vertex  1.608100e+02  1.204133e+02  6.600000e+01
   endloop
 endfacet
 facet normal  5.004751e-02 -9.987468e-01 -1.756350e-14
   outer loop
     vertex  1.598313e+02  1.204827e+02  6.600000e+01
     vertex  1.598313e+02  1.204827e+02  5.800000e+01
     vertex  1.603249e+02  1.205074e+02  5.800000e+01
   endloop
 endfacet
 facet normal  5.004751e-02 -9.987468e-01 -1.401520e-14
   outer loop
     vertex  1.598313e+02  1.204827e+02  6.600000e+01
     vertex  1.603249e+02  1.205074e+02  5.800000e+01
     vertex  1.603249e+02  1.205074e+02  6.600000e+01
   endloop
 endfacet
 facet normal  2.876090e-01 -9.577479e-01 -1.428993e-14
   outer loop
     vertex  1.593580e+02  1.203406e+02  6.600000e+01
     vertex  1.593580e+02  1.203406e+02  5.800000e+01
     vertex  1.598313e+02  1.204827e+02  5.800000e+01
   endloop
 endfacet
 facet normal  2.876090e-01 -9.577479e-01 -1.599230e-14
   outer loop
     vertex  1.593580e+02  1.203406e+02  6.600000e+01
     vertex  1.598313e+02  1.204827e+02  5.800000e+01
     vertex  1.598313e+02  1.204827e+02  6.600000e+01
   endloop
 endfacet
 facet normal  5.084557e-01 -8.610882e-01 -1.223680e-14
   outer loop
     vertex  1.589324e+02  1.200893e+02  6.600000e+01
     vertex  1.589324e+02  1.200893e+02  5.800000e+01
     vertex  1.593580e+02  1.203406e+02  5.800000e+01
   endloop
 endfacet
 facet normal  5.084557e-01 -8.610882e-01 -1.195912e-14
   outer loop
     vertex  1.589324e+02  1.200893e+02  6.600000e+01
     vertex  1.593580e+02  1.203406e+02  5.800000e+01
     vertex  1.593580e+02  1.203406e+02  6.600000e+01
   endloop
 endfacet
 facet normal  6.997528e-01 -7.143851e-01 -1.142103e-14
   outer loop
     vertex  1.585794e+02  1.197435e+02  6.600000e+01
     vertex  1.585794e+02  1.197435e+02  5.800000e+01
     vertex  1.589324e+02  1.200893e+02  5.800000e+01
   endloop
 endfacet
 facet normal  6.997528e-01 -7.143851e-01 -1.015139e-14
   outer loop
     vertex  1.585794e+02  1.197435e+02  6.600000e+01
     vertex  1.589324e+02  1.200893e+02  5.800000e+01
     vertex  1.589324e+02  1.200893e+02  6.600000e+01
   endloop
 endfacet
 facet normal  8.503828e-01 -5.261646e-01 -3.521426e-15
   outer loop
     vertex  1.583193e+02  1.193232e+02  6.600000e+01
     vertex  1.583193e+02  1.193232e+02  5.800000e+01
     vertex  1.585794e+02  1.197435e+02  5.800000e+01
   endloop
 endfacet
 facet normal  9.515916e-01 -3.073653e-01 -4.412003e-16
   outer loop
     vertex  1.583193e+02  1.193232e+02  6.600000e+01
     vertex  1.581674e+02  1.188529e+02  5.800000e+01
     vertex  1.583193e+02  1.193232e+02  5.800000e+01
   endloop
 endfacet
 facet normal  8.503828e-01 -5.261646e-01 -8.413859e-15
   outer loop
     vertex  1.583193e+02  1.193232e+02  6.600000e+01
     vertex  1.585794e+02  1.197435e+02  5.800000e+01
     vertex  1.585794e+02  1.197435e+02  6.600000e+01
   endloop
 endfacet
 facet normal  9.515916e-01 -3.073653e-01 -4.367923e-15
   outer loop
     vertex  1.581674e+02  1.188529e+02  6.600000e+01
     vertex  1.581674e+02  1.188529e+02  5.800000e+01
     vertex  1.583193e+02  1.193232e+02  6.600000e+01
   endloop
 endfacet
 facet normal  9.974974e-01 -7.070302e-02  2.287885e-15
   outer loop
     vertex  1.581325e+02  1.183600e+02  6.600000e+01
     vertex  1.581325e+02  1.183600e+02  5.800000e+01
     vertex  1.581674e+02  1.188529e+02  5.800000e+01
   endloop
 endfacet
 facet normal  9.974974e-01 -7.070302e-02 -1.003906e-15
   outer loop
     vertex  1.581325e+02  1.183600e+02  6.600000e+01
     vertex  1.581674e+02  1.188529e+02  5.800000e+01
     vertex  1.581674e+02  1.188529e+02  6.600000e+01
   endloop
 endfacet
 facet normal  9.854323e-01  1.700682e-01  1.002294e-14
   outer loop
     vertex  1.582166e+02  1.178730e+02  6.600000e+01
     vertex  1.582166e+02  1.178730e+02  5.800000e+01
     vertex  1.581325e+02  1.183600e+02  5.800000e+01
   endloop
 endfacet
 facet normal  9.854323e-01  1.700682e-01  6.521881e-15
   outer loop
     vertex  1.582166e+02  1.178730e+02  6.600000e+01
     vertex  1.581325e+02  1.183600e+02  5.800000e+01
     vertex  1.581325e+02  1.183600e+02  6.600000e+01
   endloop
 endfacet
 facet normal -9.160974e-01 -4.009557e-01 -1.037604e-14
   outer loop
     vertex  1.375228e+02  1.184700e+02  6.600000e+01
     vertex  1.377210e+02  1.180173e+02  5.800000e+01
     vertex  1.377210e+02  1.180173e+02  6.600000e+01
   endloop
 endfacet
 facet normal -9.160974e-01 -4.009557e-01 -8.240315e-15
   outer loop
     vertex  1.375228e+02  1.184700e+02  6.600000e+01
     vertex  1.375228e+02  1.184700e+02  5.800000e+01
     vertex  1.377210e+02  1.180173e+02  5.800000e+01
   endloop
 endfacet
 facet normal -7.935223e-01 -6.085412e-01 -1.080986e-14
   outer loop
     vertex  1.372221e+02  1.188622e+02  6.600000e+01
     vertex  1.372221e+02  1.188622e+02  5.800000e+01
     vertex  1.375228e+02  1.184700e+02  5.800000e+01
   endloop
 endfacet
 facet normal -7.935223e-01 -6.085412e-01 -1.038657e-14
   outer loop
     vertex  1.372221e+02  1.188622e+02  6.600000e+01
     vertex  1.375228e+02  1.184700e+02  5.800000e+01
     vertex  1.375228e+02  1.184700e+02  6.600000e+01
   endloop
 endfacet
 facet normal -6.248306e-01 -7.807604e-01 -1.248218e-14
   outer loop
     vertex  1.368362e+02  1.191710e+02  6.600000e+01
     vertex  1.368362e+02  1.191710e+02  5.800000e+01
     vertex  1.372221e+02  1.188622e+02  5.800000e+01
   endloop
 endfacet
 facet normal -6.248306e-01 -7.807604e-01 -1.387216e-14
   outer loop
     vertex  1.368362e+02  1.191710e+02  6.600000e+01
     vertex  1.372221e+02  1.188622e+02  5.800000e+01
     vertex  1.372221e+02  1.188622e+02  6.600000e+01
   endloop
 endfacet
 facet normal -4.198259e-01 -9.076046e-01 -1.600159e-14
   outer loop
     vertex  1.363877e+02  1.193784e+02  6.600000e+01
     vertex  1.363877e+02  1.193784e+02  5.800000e+01
     vertex  1.368362e+02  1.191710e+02  5.800000e+01
   endloop
 endfacet
 facet normal -4.198259e-01 -9.076046e-01 -1.451101e-14
   outer loop
     vertex  1.363877e+02  1.193784e+02  6.600000e+01
     vertex  1.368362e+02  1.191710e+02  5.800000e+01
     vertex  1.368362e+02  1.191710e+02  6.600000e+01
   endloop
 endfacet
 facet normal -1.904225e-01 -9.817022e-01 -1.743853e-14
   outer loop
     vertex  1.359025e+02  1.194725e+02  6.600000e+01
     vertex  1.359025e+02  1.194725e+02  5.800000e+01
     vertex  1.363877e+02  1.193784e+02  5.800000e+01
   endloop
 endfacet
 facet normal -1.904225e-01 -9.817022e-01 -1.636964e-14
   outer loop
     vertex  1.359025e+02  1.194725e+02  6.600000e+01
     vertex  1.363877e+02  1.193784e+02  5.800000e+01
     vertex  1.363877e+02  1.193784e+02  6.600000e+01
   endloop
 endfacet
 facet normal  5.004751e-02 -9.987468e-01 -1.419305e-14
   outer loop
     vertex  1.354090e+02  1.194478e+02  6.600000e+01
     vertex  1.354090e+02  1.194478e+02  5.800000e+01
     vertex  1.359025e+02  1.194725e+02  5.800000e+01
   endloop
 endfacet
 facet normal  2.876090e-01 -9.577479e-01 -1.361042e-14
   outer loop
     vertex  1.354090e+02  1.194478e+02  6.600000e+01
     vertex  1.349356e+02  1.193057e+02  5.800000e+01
     vertex  1.354090e+02  1.194478e+02  5.800000e+01
   endloop
 endfacet
 facet normal  5.004751e-02 -9.987468e-01 -1.774124e-14
   outer loop
     vertex  1.354090e+02  1.194478e+02  6.600000e+01
     vertex  1.359025e+02  1.194725e+02  5.800000e+01
     vertex  1.359025e+02  1.194725e+02  6.600000e+01
   endloop
 endfacet
 facet normal  2.876090e-01 -9.577479e-01 -1.599123e-14
   outer loop
     vertex  1.349356e+02  1.193057e+02  6.600000e+01
     vertex  1.349356e+02  1.193057e+02  5.800000e+01
     vertex  1.354090e+02  1.194478e+02  6.600000e+01
   endloop
 endfacet
 facet normal  5.084557e-01 -8.610882e-01 -1.348960e-14
   outer loop
     vertex  1.345101e+02  1.190544e+02  6.600000e+01
     vertex  1.345101e+02  1.190544e+02  5.800000e+01
     vertex  1.349356e+02  1.193057e+02  5.800000e+01
   endloop
 endfacet
 facet normal  6.997528e-01 -7.143851e-01 -1.020401e-14
   outer loop
     vertex  1.345101e+02  1.190544e+02  6.600000e+01
     vertex  1.341570e+02  1.187086e+02  5.800000e+01
     vertex  1.345101e+02  1.190544e+02  5.800000e+01
   endloop
 endfacet
 facet normal  5.084557e-01 -8.610882e-01 -1.348955e-14
   outer loop
     vertex  1.345101e+02  1.190544e+02  6.600000e+01
     vertex  1.349356e+02  1.193057e+02  5.800000e+01
     vertex  1.349356e+02  1.193057e+02  6.600000e+01
   endloop
 endfacet
 facet normal  6.997528e-01 -7.143851e-01 -1.269003e-14
   outer loop
     vertex  1.341570e+02  1.187086e+02  6.600000e+01
     vertex  1.341570e+02  1.187086e+02  5.800000e+01
     vertex  1.345101e+02  1.190544e+02  6.600000e+01
   endloop
 endfacet
 facet normal  8.503828e-01 -5.261646e-01 -9.346560e-15
   outer loop
     vertex  1.338970e+02  1.182883e+02  6.600000e+01
     vertex  1.338970e+02  1.182883e+02  5.800000e+01
     vertex  1.341570e+02  1.187086e+02  5.800000e+01
   endloop
 endfacet
 facet normal  8.503828e-01 -5.261646e-01 -9.347562e-15
   outer loop
     vertex  1.338970e+02  1.182883e+02  6.600000e+01
     vertex  1.341570e+02  1.187086e+02  5.800000e+01
     vertex  1.341570e+02  1.187086e+02  6.600000e+01
   endloop
 endfacet
 facet normal  9.515916e-01 -3.073653e-01 -9.871907e-16
   outer loop
     vertex  1.337451e+02  1.178180e+02  6.600000e+01
     vertex  1.337451e+02  1.178180e+02  5.800000e+01
     vertex  1.338970e+02  1.182883e+02  5.800000e+01
   endloop
 endfacet
 facet normal  9.515916e-01 -3.073653e-01 -5.461812e-15
   outer loop
     vertex  1.337451e+02  1.178180e+02  6.600000e+01
     vertex  1.338970e+02  1.182883e+02  5.800000e+01
     vertex  1.338970e+02  1.182883e+02  6.600000e+01
   endloop
 endfacet
 facet normal  9.974974e-01 -7.070302e-02 -1.255938e-15
   outer loop
     vertex  1.337102e+02  1.173251e+02  6.600000e+01
     vertex  1.337102e+02  1.173251e+02  5.800000e+01
     vertex  1.337451e+02  1.178180e+02  5.800000e+01
   endloop
 endfacet
 facet normal  9.974974e-01 -7.070302e-02  2.538725e-15
   outer loop
     vertex  1.337102e+02  1.173251e+02  6.600000e+01
     vertex  1.337451e+02  1.178180e+02  5.800000e+01
     vertex  1.337451e+02  1.178180e+02  6.600000e+01
   endloop
 endfacet
 facet normal  9.854323e-01  1.700682e-01  3.021019e-15
   outer loop
     vertex  1.337942e+02  1.168381e+02  6.600000e+01
     vertex  1.337942e+02  1.168381e+02  5.800000e+01
     vertex  1.337102e+02  1.173251e+02  5.800000e+01
   endloop
 endfacet
 facet normal  9.854323e-01  1.700682e-01  3.022250e-15
   outer loop
     vertex  1.337942e+02  1.168381e+02  6.600000e+01
     vertex  1.337102e+02  1.173251e+02  5.800000e+01
     vertex  1.337102e+02  1.173251e+02  6.600000e+01
   endloop
 endfacet
 facet normal -9.160974e-01 -4.009557e-01 -6.766285e-15
   outer loop
     vertex  1.171266e+02  3.539512e+01  6.600000e+01
     vertex  1.169285e+02  3.584786e+01  5.800000e+01
     vertex  1.171266e+02  3.539512e+01  5.800000e+01
   endloop
 endfacet
 facet normal -7.935223e-01 -6.085412e-01 -1.080986e-14
   outer loop
     vertex  1.169285e+02  3.584786e+01  6.600000e+01
     vertex  1.166277e+02  3.624002e+01  5.800000e+01
     vertex  1.169285e+02  3.584786e+01  5.800000e+01
   endloop
 endfacet
 facet normal -9.160974e-01 -4.009557e-01 -7.122405e-15
   outer loop
     vertex  1.169285e+02  3.584786e+01  6.600000e+01
     vertex  1.169285e+02  3.584786e+01  5.800000e+01
     vertex  1.171266e+02  3.539512e+01  6.600000e+01
   endloop
 endfacet
 facet normal -7.935223e-01 -6.085412e-01 -1.026937e-14
   outer loop
     vertex  1.166277e+02  3.624002e+01  6.600000e+01
     vertex  1.166277e+02  3.624002e+01  5.800000e+01
     vertex  1.169285e+02  3.584786e+01  6.600000e+01
   endloop
 endfacet
 facet normal -6.248306e-01 -7.807604e-01 -1.470203e-14
   outer loop
     vertex  1.162419e+02  3.654881e+01  6.600000e+01
     vertex  1.162419e+02  3.654881e+01  5.800000e+01
     vertex  1.166277e+02  3.624002e+01  5.800000e+01
   endloop
 endfacet
 facet normal -6.248306e-01 -7.807604e-01 -1.317715e-14
   outer loop
     vertex  1.162419e+02  3.654881e+01  6.600000e+01
     vertex  1.166277e+02  3.624002e+01  5.800000e+01
     vertex  1.166277e+02  3.624002e+01  6.600000e+01
   endloop
 endfacet
 facet normal -4.198259e-01 -9.076046e-01 -1.531618e-14
   outer loop
     vertex  1.157934e+02  3.675629e+01  6.600000e+01
     vertex  1.157934e+02  3.675629e+01  5.800000e+01
     vertex  1.162419e+02  3.654881e+01  5.800000e+01
   endloop
 endfacet
 facet normal -4.198259e-01 -9.076046e-01 -1.599932e-14
   outer loop
     vertex  1.157934e+02  3.675629e+01  6.600000e+01
     vertex  1.162419e+02  3.654881e+01  5.800000e+01
     vertex  1.162419e+02  3.654881e+01  6.600000e+01
   endloop
 endfacet
 facet normal -1.904225e-01 -9.817022e-01 -1.743853e-14
   outer loop
     vertex  1.153082e+02  3.685039e+01  6.600000e+01
     vertex  1.153082e+02  3.685039e+01  5.800000e+01
     vertex  1.157934e+02  3.675629e+01  5.800000e+01
   endloop
 endfacet
 facet normal -1.904225e-01 -9.817022e-01 -1.656621e-14
   outer loop
     vertex  1.153082e+02  3.685039e+01  6.600000e+01
     vertex  1.157934e+02  3.675629e+01  5.800000e+01
     vertex  1.157934e+02  3.675629e+01  6.600000e+01
   endloop
 endfacet
 facet normal  5.004751e-02 -9.987468e-01 -1.694314e-14
   outer loop
     vertex  1.148146e+02  3.682566e+01  6.600000e+01
     vertex  1.148146e+02  3.682566e+01  5.800000e+01
     vertex  1.153082e+02  3.685039e+01  5.800000e+01
   endloop
 endfacet
 facet normal  5.004751e-02 -9.987468e-01 -1.774168e-14
   outer loop
     vertex  1.148146e+02  3.682566e+01  6.600000e+01
     vertex  1.153082e+02  3.685039e+01  5.800000e+01
     vertex  1.153082e+02  3.685039e+01  6.600000e+01
   endloop
 endfacet
 facet normal  2.876090e-01 -9.577479e-01 -1.701302e-14
   outer loop
     vertex  1.143413e+02  3.668352e+01  6.600000e+01
     vertex  1.143413e+02  3.668352e+01  5.800000e+01
     vertex  1.148146e+02  3.682566e+01  5.800000e+01
   endloop
 endfacet
 facet normal  2.876090e-01 -9.577479e-01 -1.667327e-14
   outer loop
     vertex  1.143413e+02  3.668352e+01  6.600000e+01
     vertex  1.148146e+02  3.682566e+01  5.800000e+01
     vertex  1.148146e+02  3.682566e+01  6.600000e+01
   endloop
 endfacet
 facet normal  5.084557e-01 -8.610882e-01 -1.453120e-14
   outer loop
     vertex  1.139157e+02  3.643224e+01  6.600000e+01
     vertex  1.139157e+02  3.643224e+01  5.800000e+01
     vertex  1.143413e+02  3.668352e+01  5.800000e+01
   endloop
 endfacet
 facet normal  5.084557e-01 -8.610882e-01 -1.529729e-14
   outer loop
     vertex  1.139157e+02  3.643224e+01  6.600000e+01
     vertex  1.143413e+02  3.668352e+01  5.800000e+01
     vertex  1.143413e+02  3.668352e+01  6.600000e+01
   endloop
 endfacet
 facet normal  6.997528e-01 -7.143851e-01 -1.269003e-14
   outer loop
     vertex  1.135627e+02  3.608642e+01  6.600000e+01
     vertex  1.135627e+02  3.608642e+01  5.800000e+01
     vertex  1.139157e+02  3.643224e+01  5.800000e+01
   endloop
 endfacet
 facet normal  6.997528e-01 -7.143851e-01 -1.205390e-14
   outer loop
     vertex  1.135627e+02  3.608642e+01  6.600000e+01
     vertex  1.139157e+02  3.643224e+01  5.800000e+01
     vertex  1.139157e+02  3.643224e+01  6.600000e+01
   endloop
 endfacet
 facet normal  8.503828e-01 -5.261646e-01 -9.346560e-15
   outer loop
     vertex  1.133027e+02  3.566617e+01  6.600000e+01
     vertex  1.133027e+02  3.566617e+01  5.800000e+01
     vertex  1.135627e+02  3.608642e+01  5.800000e+01
   endloop
 endfacet
 facet normal  8.503828e-01 -5.261646e-01 -9.347562e-15
   outer loop
     vertex  1.133027e+02  3.566617e+01  6.600000e+01
     vertex  1.135627e+02  3.608642e+01  5.800000e+01
     vertex  1.135627e+02  3.608642e+01  6.600000e+01
   endloop
 endfacet
 facet normal  9.515916e-01 -3.073653e-01 -5.459904e-15
   outer loop
     vertex  1.131508e+02  3.519589e+01  6.600000e+01
     vertex  1.131508e+02  3.519589e+01  5.800000e+01
     vertex  1.133027e+02  3.566617e+01  5.800000e+01
   endloop
 endfacet
 facet normal  9.515916e-01 -3.073653e-01 -5.461812e-15
   outer loop
     vertex  1.131508e+02  3.519589e+01  6.600000e+01
     vertex  1.133027e+02  3.566617e+01  5.800000e+01
     vertex  1.133027e+02  3.566617e+01  6.600000e+01
   endloop
 endfacet
 facet normal  9.974974e-01 -7.070302e-02  4.531765e-16
   outer loop
     vertex  1.131158e+02  3.470292e+01  6.600000e+01
     vertex  1.131158e+02  3.470292e+01  5.800000e+01
     vertex  1.131508e+02  3.519589e+01  5.800000e+01
   endloop
 endfacet
 facet normal  9.854323e-01  1.700682e-01  4.922549e-15
   outer loop
     vertex  1.131158e+02  3.470292e+01  6.600000e+01
     vertex  1.131999e+02  3.421592e+01  5.800000e+01
     vertex  1.131158e+02  3.470292e+01  5.800000e+01
   endloop
 endfacet
 facet normal  9.974974e-01 -7.070302e-02 -1.255760e-15
   outer loop
     vertex  1.131158e+02  3.470292e+01  6.600000e+01
     vertex  1.131508e+02  3.519589e+01  5.800000e+01
     vertex  1.131508e+02  3.519589e+01  6.600000e+01
   endloop
 endfacet
 facet normal  9.854323e-01  1.700682e-01  3.021019e-15
   outer loop
     vertex  1.131999e+02  3.421592e+01  6.600000e+01
     vertex  1.131999e+02  3.421592e+01  5.800000e+01
     vertex  1.131158e+02  3.470292e+01  6.600000e+01
   endloop
 endfacet
 facet normal -9.160974e-01 -4.009557e-01 -6.410164e-15
   outer loop
     vertex  1.417834e+02  2.212705e+01  6.600000e+01
     vertex  1.415853e+02  2.257978e+01  5.800000e+01
     vertex  1.417834e+02  2.212705e+01  5.800000e+01
   endloop
 endfacet
 facet normal -9.160974e-01 -4.009557e-01 -6.410164e-15
   outer loop
     vertex  1.415853e+02  2.257978e+01  6.600000e+01
     vertex  1.415853e+02  2.257978e+01  5.800000e+01
     vertex  1.417834e+02  2.212705e+01  6.600000e+01
   endloop
 endfacet
 facet normal -7.935223e-01 -6.085412e-01 -1.362902e-14
   outer loop
     vertex  1.412846e+02  2.297194e+01  6.600000e+01
     vertex  1.412846e+02  2.297194e+01  5.800000e+01
     vertex  1.415853e+02  2.257978e+01  5.800000e+01
   endloop
 endfacet
 facet normal -7.935223e-01 -6.085412e-01 -9.726659e-15
   outer loop
     vertex  1.412846e+02  2.297194e+01  6.600000e+01
     vertex  1.415853e+02  2.257978e+01  5.800000e+01
     vertex  1.415853e+02  2.257978e+01  6.600000e+01
   endloop
 endfacet
 facet normal -6.248306e-01 -7.807604e-01 -1.178873e-14
   outer loop
     vertex  1.408987e+02  2.328073e+01  6.600000e+01
     vertex  1.408987e+02  2.328073e+01  5.800000e+01
     vertex  1.412846e+02  2.297194e+01  5.800000e+01
   endloop
 endfacet
 facet normal -6.248306e-01 -7.807604e-01 -1.609058e-14
   outer loop
     vertex  1.408987e+02  2.328073e+01  6.600000e+01
     vertex  1.412846e+02  2.297194e+01  5.800000e+01
     vertex  1.412846e+02  2.297194e+01  6.600000e+01
   endloop
 endfacet
 facet normal -4.198259e-01 -9.076046e-01 -1.600159e-14
   outer loop
     vertex  1.404502e+02  2.348821e+01  6.600000e+01
     vertex  1.404502e+02  2.348821e+01  5.800000e+01
     vertex  1.408987e+02  2.328073e+01  5.800000e+01
   endloop
 endfacet
 facet normal -4.198259e-01 -9.076046e-01 -1.370367e-14
   outer loop
     vertex  1.404502e+02  2.348821e+01  6.600000e+01
     vertex  1.408987e+02  2.328073e+01  5.800000e+01
     vertex  1.408987e+02  2.328073e+01  6.600000e+01
   endloop
 endfacet
 facet normal -1.904225e-01 -9.817022e-01 -1.569468e-14
   outer loop
     vertex  1.399650e+02  2.358232e+01  6.600000e+01
     vertex  1.399650e+02  2.358232e+01  5.800000e+01
     vertex  1.404502e+02  2.348821e+01  5.800000e+01
   endloop
 endfacet
 facet normal -1.904225e-01 -9.817022e-01 -1.637140e-14
   outer loop
     vertex  1.399650e+02  2.358232e+01  6.600000e+01
     vertex  1.404502e+02  2.348821e+01  5.800000e+01
     vertex  1.404502e+02  2.348821e+01  6.600000e+01
   endloop
 endfacet
 facet normal  5.004751e-02 -9.987468e-01 -1.685424e-14
   outer loop
     vertex  1.394714e+02  2.355758e+01  6.600000e+01
     vertex  1.394714e+02  2.355758e+01  5.800000e+01
     vertex  1.399650e+02  2.358232e+01  5.800000e+01
   endloop
 endfacet
 facet normal  5.004751e-02 -9.987468e-01 -1.596729e-14
   outer loop
     vertex  1.394714e+02  2.355758e+01  6.600000e+01
     vertex  1.399650e+02  2.358232e+01  5.800000e+01
     vertex  1.399650e+02  2.358232e+01  6.600000e+01
   endloop
 endfacet
 facet normal  2.876090e-01 -9.577479e-01 -1.531172e-14
   outer loop
     vertex  1.389981e+02  2.341545e+01  6.600000e+01
     vertex  1.389981e+02  2.341545e+01  5.800000e+01
     vertex  1.394714e+02  2.355758e+01  5.800000e+01
   endloop
 endfacet
 facet normal  2.876090e-01 -9.577479e-01 -1.616430e-14
   outer loop
     vertex  1.389981e+02  2.341545e+01  6.600000e+01
     vertex  1.394714e+02  2.355758e+01  5.800000e+01
     vertex  1.394714e+02  2.355758e+01  6.600000e+01
   endloop
 endfacet
 facet normal  5.084557e-01 -8.610882e-01 -1.376640e-14
   outer loop
     vertex  1.385726e+02  2.316417e+01  6.600000e+01
     vertex  1.385726e+02  2.316417e+01  5.800000e+01
     vertex  1.389981e+02  2.341545e+01  5.800000e+01
   endloop
 endfacet
 facet normal  6.997528e-01 -7.143851e-01 -1.142103e-14
   outer loop
     vertex  1.385726e+02  2.316417e+01  6.600000e+01
     vertex  1.382195e+02  2.281835e+01  5.800000e+01
     vertex  1.385726e+02  2.316417e+01  5.800000e+01
   endloop
 endfacet
 facet normal  5.084557e-01 -8.610882e-01 -1.376335e-14
   outer loop
     vertex  1.385726e+02  2.316417e+01  6.600000e+01
     vertex  1.389981e+02  2.341545e+01  5.800000e+01
     vertex  1.389981e+02  2.341545e+01  6.600000e+01
   endloop
 endfacet
 facet normal  6.997528e-01 -7.143851e-01 -9.569506e-15
   outer loop
     vertex  1.382195e+02  2.281835e+01  6.600000e+01
     vertex  1.382195e+02  2.281835e+01  5.800000e+01
     vertex  1.385726e+02  2.316417e+01  6.600000e+01
   endloop
 endfacet
 facet normal  8.503828e-01 -5.261646e-01 -8.879232e-15
   outer loop
     vertex  1.379595e+02  2.239809e+01  6.600000e+01
     vertex  1.379595e+02  2.239809e+01  5.800000e+01
     vertex  1.382195e+02  2.281835e+01  5.800000e+01
   endloop
 endfacet
 facet normal  8.503828e-01 -5.261646e-01 -5.858461e-15
   outer loop
     vertex  1.379595e+02  2.239809e+01  6.600000e+01
     vertex  1.382195e+02  2.281835e+01  5.800000e+01
     vertex  1.382195e+02  2.281835e+01  6.600000e+01
   endloop
 endfacet
 facet normal  9.515916e-01 -3.073653e-01 -2.079172e-15
   outer loop
     vertex  1.378076e+02  2.192781e+01  6.600000e+01
     vertex  1.378076e+02  2.192781e+01  5.800000e+01
     vertex  1.379595e+02  2.239809e+01  5.800000e+01
   endloop
 endfacet
 facet normal  9.515916e-01 -3.073653e-01 -5.184509e-15
   outer loop
     vertex  1.378076e+02  2.192781e+01  6.600000e+01
     vertex  1.379595e+02  2.239809e+01  5.800000e+01
     vertex  1.379595e+02  2.239809e+01  6.600000e+01
   endloop
 endfacet
 facet normal  9.974974e-01 -7.070302e-02 -1.130344e-15
   outer loop
     vertex  1.377726e+02  2.143485e+01  6.600000e+01
     vertex  1.377726e+02  2.143485e+01  5.800000e+01
     vertex  1.378076e+02  2.192781e+01  5.800000e+01
   endloop
 endfacet
 facet normal  9.974974e-01 -7.070302e-02  2.287748e-15
   outer loop
     vertex  1.377726e+02  2.143485e+01  6.600000e+01
     vertex  1.378076e+02  2.192781e+01  5.800000e+01
     vertex  1.378076e+02  2.192781e+01  6.600000e+01
   endloop
 endfacet
 facet normal  9.854323e-01  1.700682e-01  6.219876e-15
   outer loop
     vertex  1.378567e+02  2.094785e+01  6.600000e+01
     vertex  1.378567e+02  2.094785e+01  5.800000e+01
     vertex  1.377726e+02  2.143485e+01  5.800000e+01
   endloop
 endfacet
 facet normal  9.854323e-01  1.700682e-01  2.718621e-15
   outer loop
     vertex  1.378567e+02  2.094785e+01  6.600000e+01
     vertex  1.377726e+02  2.143485e+01  5.800000e+01
     vertex  1.377726e+02  2.143485e+01  6.600000e+01
   endloop
 endfacet
 facet normal -9.160974e-01 -4.009557e-01 -6.764082e-15
   outer loop
     vertex  1.660076e+02  2.361466e+01  6.600000e+01
     vertex  1.662058e+02  2.316192e+01  5.800000e+01
     vertex  1.662058e+02  2.316192e+01  6.600000e+01
   endloop
 endfacet
 facet normal -9.160974e-01 -4.009557e-01 -1.037704e-14
   outer loop
     vertex  1.660076e+02  2.361466e+01  6.600000e+01
     vertex  1.660076e+02  2.361466e+01  5.800000e+01
     vertex  1.662058e+02  2.316192e+01  5.800000e+01
   endloop
 endfacet
 facet normal -7.935223e-01 -6.085412e-01 -1.026937e-14
   outer loop
     vertex  1.657069e+02  2.400682e+01  6.600000e+01
     vertex  1.657069e+02  2.400682e+01  5.800000e+01
     vertex  1.660076e+02  2.361466e+01  5.800000e+01
   endloop
 endfacet
 facet normal -6.248306e-01 -7.807604e-01 -1.317564e-14
   outer loop
     vertex  1.657069e+02  2.400682e+01  6.600000e+01
     vertex  1.653210e+02  2.431561e+01  5.800000e+01
     vertex  1.657069e+02  2.400682e+01  5.800000e+01
   endloop
 endfacet
 facet normal -7.935223e-01 -6.085412e-01 -1.362996e-14
   outer loop
     vertex  1.657069e+02  2.400682e+01  6.600000e+01
     vertex  1.660076e+02  2.361466e+01  5.800000e+01
     vertex  1.660076e+02  2.361466e+01  6.600000e+01
   endloop
 endfacet
 facet normal -4.198259e-01 -9.076046e-01 -1.761382e-14
   outer loop
     vertex  1.653210e+02  2.431561e+01  6.600000e+01
     vertex  1.648725e+02  2.452309e+01  5.800000e+01
     vertex  1.653210e+02  2.431561e+01  5.800000e+01
   endloop
 endfacet
 facet normal -6.248306e-01 -7.807604e-01 -1.608893e-14
   outer loop
     vertex  1.653210e+02  2.431561e+01  6.600000e+01
     vertex  1.653210e+02  2.431561e+01  5.800000e+01
     vertex  1.657069e+02  2.400682e+01  6.600000e+01
   endloop
 endfacet
 facet normal -4.198259e-01 -9.076046e-01 -1.531618e-14
   outer loop
     vertex  1.648725e+02  2.452309e+01  6.600000e+01
     vertex  1.648725e+02  2.452309e+01  5.800000e+01
     vertex  1.653210e+02  2.431561e+01  6.600000e+01
   endloop
 endfacet
 facet normal -1.904225e-01 -9.817022e-01 -1.811505e-14
   outer loop
     vertex  1.643873e+02  2.461719e+01  6.600000e+01
     vertex  1.643873e+02  2.461719e+01  5.800000e+01
     vertex  1.648725e+02  2.452309e+01  5.800000e+01
   endloop
 endfacet
 facet normal -1.904225e-01 -9.817022e-01 -1.656621e-14
   outer loop
     vertex  1.643873e+02  2.461719e+01  6.600000e+01
     vertex  1.648725e+02  2.452309e+01  5.800000e+01
     vertex  1.648725e+02  2.452309e+01  6.600000e+01
   endloop
 endfacet
 facet normal  5.004751e-02 -9.987468e-01 -1.685424e-14
   outer loop
     vertex  1.638938e+02  2.459246e+01  6.600000e+01
     vertex  1.638938e+02  2.459246e+01  5.800000e+01
     vertex  1.643873e+02  2.461719e+01  5.800000e+01
   endloop
 endfacet
 facet normal  5.004751e-02 -9.987468e-01 -1.756353e-14
   outer loop
     vertex  1.638938e+02  2.459246e+01  6.600000e+01
     vertex  1.643873e+02  2.461719e+01  5.800000e+01
     vertex  1.643873e+02  2.461719e+01  6.600000e+01
   endloop
 endfacet
 facet normal  2.876090e-01 -9.577479e-01 -1.616237e-14
   outer loop
     vertex  1.634204e+02  2.445032e+01  6.600000e+01
     vertex  1.634204e+02  2.445032e+01  5.800000e+01
     vertex  1.638938e+02  2.459246e+01  5.800000e+01
   endloop
 endfacet
 facet normal  2.876090e-01 -9.577479e-01 -1.616430e-14
   outer loop
     vertex  1.634204e+02  2.445032e+01  6.600000e+01
     vertex  1.638938e+02  2.459246e+01  5.800000e+01
     vertex  1.638938e+02  2.459246e+01  6.600000e+01
   endloop
 endfacet
 facet normal  5.084557e-01 -8.610882e-01 -1.376640e-14
   outer loop
     vertex  1.629949e+02  2.419904e+01  6.600000e+01
     vertex  1.629949e+02  2.419904e+01  5.800000e+01
     vertex  1.634204e+02  2.445032e+01  5.800000e+01
   endloop
 endfacet
 facet normal  5.084557e-01 -8.610882e-01 -1.453207e-14
   outer loop
     vertex  1.629949e+02  2.419904e+01  6.600000e+01
     vertex  1.634204e+02  2.445032e+01  5.800000e+01
     vertex  1.634204e+02  2.445032e+01  6.600000e+01
   endloop
 endfacet
 facet normal  6.997528e-01 -7.143851e-01 -1.205553e-14
   outer loop
     vertex  1.626418e+02  2.385323e+01  6.600000e+01
     vertex  1.626418e+02  2.385323e+01  5.800000e+01
     vertex  1.629949e+02  2.419904e+01  5.800000e+01
   endloop
 endfacet
 facet normal  6.997528e-01 -7.143851e-01 -1.142207e-14
   outer loop
     vertex  1.626418e+02  2.385323e+01  6.600000e+01
     vertex  1.629949e+02  2.419904e+01  5.800000e+01
     vertex  1.629949e+02  2.419904e+01  6.600000e+01
   endloop
 endfacet
 facet normal  8.503828e-01 -5.261646e-01 -6.325394e-15
   outer loop
     vertex  1.623818e+02  2.343297e+01  6.600000e+01
     vertex  1.623818e+02  2.343297e+01  5.800000e+01
     vertex  1.626418e+02  2.385323e+01  5.800000e+01
   endloop
 endfacet
 facet normal  9.515916e-01 -3.073653e-01 -2.079172e-15
   outer loop
     vertex  1.623818e+02  2.343297e+01  6.600000e+01
     vertex  1.622299e+02  2.296269e+01  5.800000e+01
     vertex  1.623818e+02  2.343297e+01  5.800000e+01
   endloop
 endfacet
 facet normal  8.503828e-01 -5.261646e-01 -8.877200e-15
   outer loop
     vertex  1.623818e+02  2.343297e+01  6.600000e+01
     vertex  1.626418e+02  2.385323e+01  5.800000e+01
     vertex  1.626418e+02  2.385323e+01  6.600000e+01
   endloop
 endfacet
 facet normal  9.515916e-01 -3.073653e-01 -1.806176e-15
   outer loop
     vertex  1.622299e+02  2.296269e+01  6.600000e+01
     vertex  1.622299e+02  2.296269e+01  5.800000e+01
     vertex  1.623818e+02  2.343297e+01  6.600000e+01
   endloop
 endfacet
 facet normal  9.974974e-01 -7.070302e-02  2.287885e-15
   outer loop
     vertex  1.621950e+02  2.246973e+01  6.600000e+01
     vertex  1.621950e+02  2.246973e+01  5.800000e+01
     vertex  1.622299e+02  2.296269e+01  5.800000e+01
   endloop
 endfacet
 facet normal  9.974974e-01 -7.070302e-02  2.350931e-15
   outer loop
     vertex  1.621950e+02  2.246973e+01  6.600000e+01
     vertex  1.622299e+02  2.296269e+01  5.800000e+01
     vertex  1.622299e+02  2.296269e+01  6.600000e+01
   endloop
 endfacet
 facet normal  9.854323e-01  1.700682e-01  2.869968e-15
   outer loop
     vertex  1.622790e+02  2.198272e+01  6.600000e+01
     vertex  1.622790e+02  2.198272e+01  5.800000e+01
     vertex  1.621950e+02  2.246973e+01  5.800000e+01
   endloop
 endfacet
 facet normal  9.854323e-01  1.700682e-01  6.521881e-15
   outer loop
     vertex  1.622790e+02  2.198272e+01  6.600000e+01
     vertex  1.621950e+02  2.246973e+01  5.800000e+01
     vertex  1.621950e+02  2.246973e+01  6.600000e+01
   endloop
 endfacet
 facet normal -9.160974e-01 -4.009557e-01 -6.767593e-15
   outer loop
     vertex  1.043376e+02  5.679994e+01  6.600000e+01
     vertex  1.045357e+02  5.634720e+01  5.800000e+01
     vertex  1.045357e+02  5.634720e+01  6.600000e+01
   endloop
 endfacet
 facet normal -9.160974e-01 -4.009557e-01 -7.122405e-15
   outer loop
     vertex  1.043376e+02  5.679994e+01  6.600000e+01
     vertex  1.043376e+02  5.679994e+01  5.800000e+01
     vertex  1.045357e+02  5.634720e+01  5.800000e+01
   endloop
 endfacet
 facet normal -7.935223e-01 -6.085412e-01 -1.080986e-14
   outer loop
     vertex  1.040368e+02  5.719210e+01  6.600000e+01
     vertex  1.040368e+02  5.719210e+01  5.800000e+01
     vertex  1.043376e+02  5.679994e+01  5.800000e+01
   endloop
 endfacet
 facet normal -6.248306e-01 -7.807604e-01 -1.386909e-14
   outer loop
     vertex  1.040368e+02  5.719210e+01  6.600000e+01
     vertex  1.036510e+02  5.750089e+01  5.800000e+01
     vertex  1.040368e+02  5.719210e+01  5.800000e+01
   endloop
 endfacet
 facet normal -7.935223e-01 -6.085412e-01 -1.081130e-14
   outer loop
     vertex  1.040368e+02  5.719210e+01  6.600000e+01
     vertex  1.043376e+02  5.679994e+01  5.800000e+01
     vertex  1.043376e+02  5.679994e+01  6.600000e+01
   endloop
 endfacet
 facet normal -4.198259e-01 -9.076046e-01 -1.612230e-14
   outer loop
     vertex  1.036510e+02  5.750089e+01  6.600000e+01
     vertex  1.032024e+02  5.770837e+01  5.800000e+01
     vertex  1.036510e+02  5.750089e+01  5.800000e+01
   endloop
 endfacet
 facet normal -6.248306e-01 -7.807604e-01 -1.386909e-14
   outer loop
     vertex  1.036510e+02  5.750089e+01  6.600000e+01
     vertex  1.036510e+02  5.750089e+01  5.800000e+01
     vertex  1.040368e+02  5.719210e+01  6.600000e+01
   endloop
 endfacet
 facet normal -4.198259e-01 -9.076046e-01 -1.531618e-14
   outer loop
     vertex  1.032024e+02  5.770837e+01  6.600000e+01
     vertex  1.032024e+02  5.770837e+01  5.800000e+01
     vertex  1.036510e+02  5.750089e+01  6.600000e+01
   endloop
 endfacet
 facet normal -1.904225e-01 -9.817022e-01 -1.777679e-14
   outer loop
     vertex  1.027173e+02  5.780247e+01  6.600000e+01
     vertex  1.027173e+02  5.780247e+01  5.800000e+01
     vertex  1.032024e+02  5.770837e+01  5.800000e+01
   endloop
 endfacet
 facet normal -1.904225e-01 -9.817022e-01 -1.656621e-14
   outer loop
     vertex  1.027173e+02  5.780247e+01  6.600000e+01
     vertex  1.032024e+02  5.770837e+01  5.800000e+01
     vertex  1.032024e+02  5.770837e+01  6.600000e+01
   endloop
 endfacet
 facet normal  5.004751e-02 -9.987468e-01 -1.685424e-14
   outer loop
     vertex  1.022237e+02  5.777774e+01  6.600000e+01
     vertex  1.022237e+02  5.777774e+01  5.800000e+01
     vertex  1.027173e+02  5.780247e+01  5.800000e+01
   endloop
 endfacet
 facet normal  5.004751e-02 -9.987468e-01 -1.765261e-14
   outer loop
     vertex  1.022237e+02  5.777774e+01  6.600000e+01
     vertex  1.027173e+02  5.780247e+01  5.800000e+01
     vertex  1.027173e+02  5.780247e+01  6.600000e+01
   endloop
 endfacet
 facet normal  2.876090e-01 -9.577479e-01 -1.582261e-14
   outer loop
     vertex  1.017504e+02  5.763560e+01  6.600000e+01
     vertex  1.017504e+02  5.763560e+01  5.800000e+01
     vertex  1.022237e+02  5.777774e+01  5.800000e+01
   endloop
 endfacet
 facet normal  2.876090e-01 -9.577479e-01 -1.616430e-14
   outer loop
     vertex  1.017504e+02  5.763560e+01  6.600000e+01
     vertex  1.022237e+02  5.777774e+01  5.800000e+01
     vertex  1.022237e+02  5.777774e+01  6.600000e+01
   endloop
 endfacet
 facet normal  5.084557e-01 -8.610882e-01 -1.453120e-14
   outer loop
     vertex  1.013248e+02  5.738432e+01  6.600000e+01
     vertex  1.013248e+02  5.738432e+01  5.800000e+01
     vertex  1.017504e+02  5.763560e+01  5.800000e+01
   endloop
 endfacet
 facet normal  5.084557e-01 -8.610882e-01 -1.466897e-14
   outer loop
     vertex  1.013248e+02  5.738432e+01  6.600000e+01
     vertex  1.017504e+02  5.763560e+01  5.800000e+01
     vertex  1.017504e+02  5.763560e+01  6.600000e+01
   endloop
 endfacet
 facet normal  6.997528e-01 -7.143851e-01 -1.269003e-14
   outer loop
     vertex  1.009718e+02  5.703851e+01  6.600000e+01
     vertex  1.009718e+02  5.703851e+01  5.800000e+01
     vertex  1.013248e+02  5.738432e+01  5.800000e+01
   endloop
 endfacet
 facet normal  6.997528e-01 -7.143851e-01 -1.205741e-14
   outer loop
     vertex  1.009718e+02  5.703851e+01  6.600000e+01
     vertex  1.013248e+02  5.738432e+01  5.800000e+01
     vertex  1.013248e+02  5.738432e+01  6.600000e+01
   endloop
 endfacet
 facet normal  8.503828e-01 -5.261646e-01 -8.879232e-15
   outer loop
     vertex  1.007117e+02  5.661825e+01  6.600000e+01
     vertex  1.007117e+02  5.661825e+01  5.800000e+01
     vertex  1.009718e+02  5.703851e+01  5.800000e+01
   endloop
 endfacet
 facet normal  9.515916e-01 -3.073653e-01 -5.186909e-15
   outer loop
     vertex  1.007117e+02  5.661825e+01  6.600000e+01
     vertex  1.005598e+02  5.614797e+01  5.800000e+01
     vertex  1.007117e+02  5.661825e+01  5.800000e+01
   endloop
 endfacet
 facet normal  8.503828e-01 -5.261646e-01 -9.347562e-15
   outer loop
     vertex  1.007117e+02  5.661825e+01  6.600000e+01
     vertex  1.009718e+02  5.703851e+01  5.800000e+01
     vertex  1.009718e+02  5.703851e+01  6.600000e+01
   endloop
 endfacet
 facet normal  9.515916e-01 -3.073653e-01 -5.732899e-15
   outer loop
     vertex  1.005598e+02  5.614797e+01  6.600000e+01
     vertex  1.005598e+02  5.614797e+01  5.800000e+01
     vertex  1.007117e+02  5.661825e+01  6.600000e+01
   endloop
 endfacet
 facet normal  9.974974e-01 -7.070302e-02 -1.255938e-15
   outer loop
     vertex  1.005249e+02  5.565501e+01  6.600000e+01
     vertex  1.005249e+02  5.565501e+01  5.800000e+01
     vertex  1.005598e+02  5.614797e+01  5.800000e+01
   endloop
 endfacet
 facet normal  9.974974e-01 -7.070302e-02 -1.318943e-15
   outer loop
     vertex  1.005249e+02  5.565501e+01  6.600000e+01
     vertex  1.005598e+02  5.614797e+01  5.800000e+01
     vertex  1.005598e+02  5.614797e+01  6.600000e+01
   endloop
 endfacet
 facet normal  9.854323e-01  1.700682e-01  9.684375e-16
   outer loop
     vertex  1.006089e+02  5.516800e+01  6.600000e+01
     vertex  1.006089e+02  5.516800e+01  5.800000e+01
     vertex  1.005249e+02  5.565501e+01  5.800000e+01
   endloop
 endfacet
 facet normal  9.854323e-01  1.700682e-01  3.022250e-15
   outer loop
     vertex  1.006089e+02  5.516800e+01  6.600000e+01
     vertex  1.005249e+02  5.565501e+01  5.800000e+01
     vertex  1.005249e+02  5.565501e+01  6.600000e+01
   endloop
 endfacet
 facet normal -9.160974e-01 -4.009557e-01 -7.122119e-15
   outer loop
     vertex  1.033027e+02  8.122227e+01  6.600000e+01
     vertex  1.035008e+02  8.076953e+01  5.800000e+01
     vertex  1.035008e+02  8.076953e+01  6.600000e+01
   endloop
 endfacet
 facet normal -9.160974e-01 -4.009557e-01 -7.122405e-15
   outer loop
     vertex  1.033027e+02  8.122227e+01  6.600000e+01
     vertex  1.033027e+02  8.122227e+01  5.800000e+01
     vertex  1.035008e+02  8.076953e+01  5.800000e+01
   endloop
 endfacet
 facet normal -7.935223e-01 -6.085412e-01 -1.080986e-14
   outer loop
     vertex  1.030019e+02  8.161443e+01  6.600000e+01
     vertex  1.030019e+02  8.161443e+01  5.800000e+01
     vertex  1.033027e+02  8.122227e+01  5.800000e+01
   endloop
 endfacet
 facet normal -7.935223e-01 -6.085412e-01 -1.080779e-14
   outer loop
     vertex  1.030019e+02  8.161443e+01  6.600000e+01
     vertex  1.033027e+02  8.122227e+01  5.800000e+01
     vertex  1.033027e+02  8.122227e+01  6.600000e+01
   endloop
 endfacet
 facet normal -6.248306e-01 -7.807604e-01 -1.386909e-14
   outer loop
     vertex  1.026161e+02  8.192322e+01  6.600000e+01
     vertex  1.026161e+02  8.192322e+01  5.800000e+01
     vertex  1.030019e+02  8.161443e+01  5.800000e+01
   endloop
 endfacet
 facet normal -6.248306e-01 -7.807604e-01 -1.387216e-14
   outer loop
     vertex  1.026161e+02  8.192322e+01  6.600000e+01
     vertex  1.030019e+02  8.161443e+01  5.800000e+01
     vertex  1.030019e+02  8.161443e+01  6.600000e+01
   endloop
 endfacet
 facet normal -4.198259e-01 -9.076046e-01 -1.773453e-14
   outer loop
     vertex  1.021675e+02  8.213070e+01  6.600000e+01
     vertex  1.021675e+02  8.213070e+01  5.800000e+01
     vertex  1.026161e+02  8.192322e+01  5.800000e+01
   endloop
 endfacet
 facet normal -4.198259e-01 -9.076046e-01 -1.612217e-14
   outer loop
     vertex  1.021675e+02  8.213070e+01  6.600000e+01
     vertex  1.026161e+02  8.192322e+01  5.800000e+01
     vertex  1.026161e+02  8.192322e+01  6.600000e+01
   endloop
 endfacet
 facet normal -1.904225e-01 -9.817022e-01 -1.918239e-14
   outer loop
     vertex  1.016824e+02  8.222481e+01  6.600000e+01
     vertex  1.016824e+02  8.222481e+01  5.800000e+01
     vertex  1.021675e+02  8.213070e+01  5.800000e+01
   endloop
 endfacet
 facet normal -1.904225e-01 -9.817022e-01 -1.918304e-14
   outer loop
     vertex  1.016824e+02  8.222481e+01  6.600000e+01
     vertex  1.021675e+02  8.213070e+01  5.800000e+01
     vertex  1.021675e+02  8.213070e+01  6.600000e+01
   endloop
 endfacet
 facet normal  5.004751e-02 -9.987468e-01 -1.791911e-14
   outer loop
     vertex  1.011888e+02  8.220007e+01  6.600000e+01
     vertex  1.011888e+02  8.220007e+01  5.800000e+01
     vertex  1.016824e+02  8.222481e+01  5.800000e+01
   endloop
 endfacet
 facet normal  2.876090e-01 -9.577479e-01 -1.803481e-14
   outer loop
     vertex  1.011888e+02  8.220007e+01  6.600000e+01
     vertex  1.007155e+02  8.205794e+01  5.800000e+01
     vertex  1.011888e+02  8.220007e+01  5.800000e+01
   endloop
 endfacet
 facet normal  5.004751e-02 -9.987468e-01 -1.951562e-14
   outer loop
     vertex  1.011888e+02  8.220007e+01  6.600000e+01
     vertex  1.016824e+02  8.222481e+01  5.800000e+01
     vertex  1.016824e+02  8.222481e+01  6.600000e+01
   endloop
 endfacet
 facet normal  2.876090e-01 -9.577479e-01 -1.582261e-14
   outer loop
     vertex  1.007155e+02  8.205794e+01  6.600000e+01
     vertex  1.007155e+02  8.205794e+01  5.800000e+01
     vertex  1.011888e+02  8.220007e+01  6.600000e+01
   endloop
 endfacet
 facet normal  5.084557e-01 -8.610882e-01 -1.529600e-14
   outer loop
     vertex  1.002899e+02  8.180666e+01  6.600000e+01
     vertex  1.002899e+02  8.180666e+01  5.800000e+01
     vertex  1.007155e+02  8.205794e+01  5.800000e+01
   endloop
 endfacet
 facet normal  6.997528e-01 -7.143851e-01 -1.269003e-14
   outer loop
     vertex  1.002899e+02  8.180666e+01  6.600000e+01
     vertex  9.993689e+01  8.146084e+01  5.800000e+01
     vertex  1.002899e+02  8.180666e+01  5.800000e+01
   endloop
 endfacet
 facet normal  5.084557e-01 -8.610882e-01 -1.467248e-14
   outer loop
     vertex  1.002899e+02  8.180666e+01  6.600000e+01
     vertex  1.007155e+02  8.205794e+01  5.800000e+01
     vertex  1.007155e+02  8.205794e+01  6.600000e+01
   endloop
 endfacet
 facet normal  6.997528e-01 -7.143851e-01 -1.520204e-14
   outer loop
     vertex  9.993689e+01  8.146084e+01  6.600000e+01
     vertex  9.993689e+01  8.146084e+01  5.800000e+01
     vertex  1.002899e+02  8.180666e+01  6.600000e+01
   endloop
 endfacet
 facet normal  8.503828e-01 -5.261646e-01 -9.346560e-15
   outer loop
     vertex  9.967686e+01  8.104058e+01  6.600000e+01
     vertex  9.967686e+01  8.104058e+01  5.800000e+01
     vertex  9.993689e+01  8.146084e+01  5.800000e+01
   endloop
 endfacet
 facet normal  8.503828e-01 -5.261646e-01 -1.179063e-14
   outer loop
     vertex  9.967686e+01  8.104058e+01  6.600000e+01
     vertex  9.993689e+01  8.146084e+01  5.800000e+01
     vertex  9.993689e+01  8.146084e+01  6.600000e+01
   endloop
 endfacet
 facet normal  9.515916e-01 -3.073653e-01 -4.315528e-15
   outer loop
     vertex  9.952496e+01  8.057030e+01  6.600000e+01
     vertex  9.952496e+01  8.057030e+01  5.800000e+01
     vertex  9.967686e+01  8.104058e+01  5.800000e+01
   endloop
 endfacet
 facet normal  9.515916e-01 -3.073653e-01 -5.461812e-15
   outer loop
     vertex  9.952496e+01  8.057030e+01  6.600000e+01
     vertex  9.967686e+01  8.104058e+01  5.800000e+01
     vertex  9.967686e+01  8.104058e+01  6.600000e+01
   endloop
 endfacet
 facet normal  9.974974e-01 -7.070302e-02  5.159734e-16
   outer loop
     vertex  9.949002e+01  8.007734e+01  6.600000e+01
     vertex  9.949002e+01  8.007734e+01  5.800000e+01
     vertex  9.952496e+01  8.057030e+01  5.800000e+01
   endloop
 endfacet
 facet normal  9.974974e-01 -7.070302e-02  3.905055e-16
   outer loop
     vertex  9.949002e+01  8.007734e+01  6.600000e+01
     vertex  9.952496e+01  8.057030e+01  5.800000e+01
     vertex  9.952496e+01  8.057030e+01  6.600000e+01
   endloop
 endfacet
 facet normal  9.854323e-01  1.700682e-01  2.718917e-15
   outer loop
     vertex  9.957407e+01  7.959034e+01  6.600000e+01
     vertex  9.957407e+01  7.959034e+01  5.800000e+01
     vertex  9.949002e+01  8.007734e+01  5.800000e+01
   endloop
 endfacet
 facet normal  9.854323e-01  1.700682e-01  4.772065e-15
   outer loop
     vertex  9.957407e+01  7.959034e+01  6.600000e+01
     vertex  9.949002e+01  8.007734e+01  5.800000e+01
     vertex  9.949002e+01  8.007734e+01  6.600000e+01
   endloop
 endfacet
 facet normal -9.160974e-01 -4.009557e-01 -1.057963e-14
   outer loop
     vertex  1.165708e+02  1.058791e+02  6.600000e+01
     vertex  1.167689e+02  1.054263e+02  5.800000e+01
     vertex  1.167689e+02  1.054263e+02  6.600000e+01
   endloop
 endfacet
 facet normal -9.160974e-01 -4.009557e-01 -6.410164e-15
   outer loop
     vertex  1.165708e+02  1.058791e+02  6.600000e+01
     vertex  1.165708e+02  1.058791e+02  5.800000e+01
     vertex  1.167689e+02  1.054263e+02  5.800000e+01
   endloop
 endfacet
 facet normal -7.935223e-01 -6.085412e-01 -1.113846e-14
   outer loop
     vertex  1.162700e+02  1.062712e+02  6.600000e+01
     vertex  1.162700e+02  1.062712e+02  5.800000e+01
     vertex  1.165708e+02  1.058791e+02  5.800000e+01
   endloop
 endfacet
 facet normal -6.248306e-01 -7.807604e-01 -1.359210e-14
   outer loop
     vertex  1.162700e+02  1.062712e+02  6.600000e+01
     vertex  1.158842e+02  1.065800e+02  5.800000e+01
     vertex  1.162700e+02  1.062712e+02  5.800000e+01
   endloop
 endfacet
 facet normal -7.935223e-01 -6.085412e-01 -9.730169e-15
   outer loop
     vertex  1.162700e+02  1.062712e+02  6.600000e+01
     vertex  1.165708e+02  1.058791e+02  5.800000e+01
     vertex  1.165708e+02  1.058791e+02  6.600000e+01
   endloop
 endfacet
 facet normal -4.198259e-01 -9.076046e-01 -1.686806e-14
   outer loop
     vertex  1.158842e+02  1.065800e+02  6.600000e+01
     vertex  1.154356e+02  1.067875e+02  5.800000e+01
     vertex  1.158842e+02  1.065800e+02  5.800000e+01
   endloop
 endfacet
 facet normal -6.248306e-01 -7.807604e-01 -1.497901e-14
   outer loop
     vertex  1.158842e+02  1.065800e+02  6.600000e+01
     vertex  1.158842e+02  1.065800e+02  5.800000e+01
     vertex  1.162700e+02  1.062712e+02  6.600000e+01
   endloop
 endfacet
 facet normal -4.198259e-01 -9.076046e-01 -1.513512e-14
   outer loop
     vertex  1.154356e+02  1.067875e+02  6.600000e+01
     vertex  1.154356e+02  1.067875e+02  5.800000e+01
     vertex  1.158842e+02  1.065800e+02  6.600000e+01
   endloop
 endfacet
 facet normal -1.904225e-01 -9.817022e-01 -1.811505e-14
   outer loop
     vertex  1.149505e+02  1.068816e+02  6.600000e+01
     vertex  1.149505e+02  1.068816e+02  5.800000e+01
     vertex  1.154356e+02  1.067875e+02  5.800000e+01
   endloop
 endfacet
 facet normal -1.904225e-01 -9.817022e-01 -1.496558e-14
   outer loop
     vertex  1.149505e+02  1.068816e+02  6.600000e+01
     vertex  1.154356e+02  1.067875e+02  5.800000e+01
     vertex  1.154356e+02  1.067875e+02  6.600000e+01
   endloop
 endfacet
 facet normal  5.004751e-02 -9.987468e-01 -1.401524e-14
   outer loop
     vertex  1.144569e+02  1.068569e+02  6.600000e+01
     vertex  1.144569e+02  1.068569e+02  5.800000e+01
     vertex  1.149505e+02  1.068816e+02  5.800000e+01
   endloop
 endfacet
 facet normal  5.004751e-02 -9.987468e-01 -1.756353e-14
   outer loop
     vertex  1.144569e+02  1.068569e+02  6.600000e+01
     vertex  1.149505e+02  1.068816e+02  5.800000e+01
     vertex  1.149505e+02  1.068816e+02  6.600000e+01
   endloop
 endfacet
 facet normal  2.876090e-01 -9.577479e-01 -1.207773e-14
   outer loop
     vertex  1.139836e+02  1.067147e+02  6.600000e+01
     vertex  1.139836e+02  1.067147e+02  5.800000e+01
     vertex  1.144569e+02  1.068569e+02  5.800000e+01
   endloop
 endfacet
 facet normal  2.876090e-01 -9.577479e-01 -1.258744e-14
   outer loop
     vertex  1.139836e+02  1.067147e+02  6.600000e+01
     vertex  1.144569e+02  1.068569e+02  5.800000e+01
     vertex  1.144569e+02  1.068569e+02  6.600000e+01
   endloop
 endfacet
 facet normal  5.084557e-01 -8.610882e-01 -1.070720e-14
   outer loop
     vertex  1.135580e+02  1.064635e+02  6.600000e+01
     vertex  1.135580e+02  1.064635e+02  5.800000e+01
     vertex  1.139836e+02  1.067147e+02  5.800000e+01
   endloop
 endfacet
 facet normal  5.084557e-01 -8.610882e-01 -9.526580e-15
   outer loop
     vertex  1.135580e+02  1.064635e+02  6.600000e+01
     vertex  1.139836e+02  1.067147e+02  5.800000e+01
     vertex  1.139836e+02  1.067147e+02  6.600000e+01
   endloop
 endfacet
 facet normal  6.997528e-01 -7.143851e-01 -1.147301e-14
   outer loop
     vertex  1.132050e+02  1.061176e+02  6.600000e+01
     vertex  1.132050e+02  1.061176e+02  5.800000e+01
     vertex  1.135580e+02  1.064635e+02  5.800000e+01
   endloop
 endfacet
 facet normal  6.997528e-01 -7.143851e-01 -8.884220e-15
   outer loop
     vertex  1.132050e+02  1.061176e+02  6.600000e+01
     vertex  1.135580e+02  1.064635e+02  5.800000e+01
     vertex  1.135580e+02  1.064635e+02  6.600000e+01
   endloop
 endfacet
 facet normal  8.503828e-01 -5.261646e-01 -6.325394e-15
   outer loop
     vertex  1.129449e+02  1.056974e+02  6.600000e+01
     vertex  1.129449e+02  1.056974e+02  5.800000e+01
     vertex  1.132050e+02  1.061176e+02  5.800000e+01
   endloop
 endfacet
 facet normal  9.515916e-01 -3.073653e-01 -2.079172e-15
   outer loop
     vertex  1.129449e+02  1.056974e+02  6.600000e+01
     vertex  1.127930e+02  1.052271e+02  5.800000e+01
     vertex  1.129449e+02  1.056974e+02  5.800000e+01
   endloop
 endfacet
 facet normal  8.503828e-01 -5.261646e-01 -7.259015e-15
   outer loop
     vertex  1.129449e+02  1.056974e+02  6.600000e+01
     vertex  1.132050e+02  1.061176e+02  5.800000e+01
     vertex  1.132050e+02  1.061176e+02  6.600000e+01
   endloop
 endfacet
 facet normal  9.515916e-01 -3.073653e-01 -4.367923e-15
   outer loop
     vertex  1.127930e+02  1.052271e+02  6.600000e+01
     vertex  1.127930e+02  1.052271e+02  5.800000e+01
     vertex  1.129449e+02  1.056974e+02  6.600000e+01
   endloop
 endfacet
 facet normal  9.974974e-01 -7.070302e-02  4.059796e-15
   outer loop
     vertex  1.127581e+02  1.047341e+02  6.600000e+01
     vertex  1.127581e+02  1.047341e+02  5.800000e+01
     vertex  1.127930e+02  1.052271e+02  5.800000e+01
   endloop
 endfacet
 facet normal  9.974974e-01 -7.070302e-02 -1.004784e-15
   outer loop
     vertex  1.127581e+02  1.047341e+02  6.600000e+01
     vertex  1.127930e+02  1.052271e+02  5.800000e+01
     vertex  1.127930e+02  1.052271e+02  6.600000e+01
   endloop
 endfacet
 facet normal  9.854323e-01  1.700682e-01  4.469396e-15
   outer loop
     vertex  1.128421e+02  1.042471e+02  6.600000e+01
     vertex  1.128421e+02  1.042471e+02  5.800000e+01
     vertex  1.127581e+02  1.047341e+02  5.800000e+01
   endloop
 endfacet
 facet normal  9.854323e-01  1.700682e-01  8.273452e-15
   outer loop
     vertex  1.128421e+02  1.042471e+02  6.600000e+01
     vertex  1.127581e+02  1.047341e+02  5.800000e+01
     vertex  1.127581e+02  1.047341e+02  6.600000e+01
   endloop
 endfacet
 facet normal  9.854323e-01  1.700682e-01  6.521978e-15
   outer loop
     vertex  2.099248e+02  7.300285e+01  5.800000e+01
     vertex  2.074649e+02  8.725654e+01  6.600000e+01
     vertex  2.099248e+02  7.300285e+01  6.600000e+01
   endloop
 endfacet
 facet normal  9.854323e-01  1.700682e-01  3.315840e-15
   outer loop
     vertex  2.099248e+02  7.300285e+01  5.800000e+01
     vertex  2.074649e+02  8.725654e+01  5.800000e+01
     vertex  2.074649e+02  8.725654e+01  6.600000e+01
   endloop
 endfacet
 facet normal  9.974974e-01 -7.070302e-02  2.225088e-15
   outer loop
     vertex  2.089021e+02  5.857465e+01  5.800000e+01
     vertex  2.099248e+02  7.300285e+01  6.600000e+01
     vertex  2.089021e+02  5.857465e+01  6.600000e+01
   endloop
 endfacet
 facet normal  9.974974e-01 -7.070302e-02  2.287315e-15
   outer loop
     vertex  2.089021e+02  5.857465e+01  5.800000e+01
     vertex  2.099248e+02  7.300285e+01  5.800000e+01
     vertex  2.099248e+02  7.300285e+01  6.600000e+01
   endloop
 endfacet
 facet normal  8.503828e-01 -5.261646e-01 -2.369571e-15
   outer loop
     vertex  2.044563e+02  4.481044e+01  5.800000e+01
     vertex  2.044563e+02  4.481044e+01  6.600000e+01
     vertex  1.968456e+02  3.251017e+01  6.600000e+01
   endloop
 endfacet
 facet normal  9.515916e-01 -3.073653e-01  1.847551e-15
   outer loop
     vertex  2.044563e+02  4.481044e+01  5.800000e+01
     vertex  2.089021e+02  5.857465e+01  6.600000e+01
     vertex  2.044563e+02  4.481044e+01  6.600000e+01
   endloop
 endfacet
 facet normal  9.515916e-01 -3.073653e-01 -2.333369e-15
   outer loop
     vertex  2.044563e+02  4.481044e+01  5.800000e+01
     vertex  2.089021e+02  5.857465e+01  5.800000e+01
     vertex  2.089021e+02  5.857465e+01  6.600000e+01
   endloop
 endfacet
 facet normal  8.503828e-01 -5.261646e-01 -9.346560e-15
   outer loop
     vertex  1.968456e+02  3.251017e+01  5.800000e+01
     vertex  2.044563e+02  4.481044e+01  5.800000e+01
     vertex  1.968456e+02  3.251017e+01  6.600000e+01
   endloop
 endfacet
 facet normal  6.997528e-01 -7.143851e-01 -1.020401e-14
   outer loop
     vertex  1.865125e+02  2.238866e+01  5.800000e+01
     vertex  1.968456e+02  3.251017e+01  6.600000e+01
     vertex  1.865125e+02  2.238866e+01  6.600000e+01
   endloop
 endfacet
 facet normal  6.997528e-01 -7.143851e-01 -1.277212e-14
   outer loop
     vertex  1.865125e+02  2.238866e+01  5.800000e+01
     vertex  1.968456e+02  3.251017e+01  5.800000e+01
     vertex  1.968456e+02  3.251017e+01  6.600000e+01
   endloop
 endfacet
 facet normal  5.084557e-01 -8.610882e-01 -1.606080e-14
   outer loop
     vertex  1.740573e+02  1.503415e+01  5.800000e+01
     vertex  1.865125e+02  2.238866e+01  6.600000e+01
     vertex  1.740573e+02  1.503415e+01  6.600000e+01
   endloop
 endfacet
 facet normal  5.084557e-01 -8.610882e-01 -1.350898e-14
   outer loop
     vertex  1.740573e+02  1.503415e+01  5.800000e+01
     vertex  1.865125e+02  2.238866e+01  5.800000e+01
     vertex  1.865125e+02  2.238866e+01  6.600000e+01
   endloop
 endfacet
 facet normal  2.876090e-01 -9.577479e-01 -1.616237e-14
   outer loop
     vertex  1.602041e+02  1.087406e+01  5.800000e+01
     vertex  1.740573e+02  1.503415e+01  6.600000e+01
     vertex  1.602041e+02  1.087406e+01  6.600000e+01
   endloop
 endfacet
 facet normal  2.876090e-01 -9.577479e-01 -1.786869e-14
   outer loop
     vertex  1.602041e+02  1.087406e+01  5.800000e+01
     vertex  1.740573e+02  1.503415e+01  5.800000e+01
     vertex  1.740573e+02  1.503415e+01  6.600000e+01
   endloop
 endfacet
 facet normal  5.004751e-02 -9.987468e-01 -1.685424e-14
   outer loop
     vertex  1.457578e+02  1.015016e+01  5.800000e+01
     vertex  1.602041e+02  1.087406e+01  6.600000e+01
     vertex  1.457578e+02  1.015016e+01  6.600000e+01
   endloop
 endfacet
 facet normal  5.004751e-02 -9.987468e-01 -1.685552e-14
   outer loop
     vertex  1.457578e+02  1.015016e+01  5.800000e+01
     vertex  1.602041e+02  1.087406e+01  5.800000e+01
     vertex  1.602041e+02  1.087406e+01  6.600000e+01
   endloop
 endfacet
 facet normal -1.904225e-01 -9.817022e-01 -1.656661e-14
   outer loop
     vertex  1.315581e+02  1.290450e+01  5.800000e+01
     vertex  1.457578e+02  1.015016e+01  6.600000e+01
     vertex  1.315581e+02  1.290450e+01  6.600000e+01
   endloop
 endfacet
 facet normal -1.904225e-01 -9.817022e-01 -1.657920e-14
   outer loop
     vertex  1.315581e+02  1.290450e+01  5.800000e+01
     vertex  1.457578e+02  1.015016e+01  5.800000e+01
     vertex  1.457578e+02  1.015016e+01  6.600000e+01
   endloop
 endfacet
 facet normal -4.198259e-01 -9.076046e-01 -1.612230e-14
   outer loop
     vertex  1.184301e+02  1.897703e+01  5.800000e+01
     vertex  1.315581e+02  1.290450e+01  6.600000e+01
     vertex  1.184301e+02  1.897703e+01  6.600000e+01
   endloop
 endfacet
 facet normal -4.198259e-01 -9.076046e-01 -1.535111e-14
   outer loop
     vertex  1.184301e+02  1.897703e+01  5.800000e+01
     vertex  1.315581e+02  1.290450e+01  5.800000e+01
     vertex  1.315581e+02  1.290450e+01  6.600000e+01
   endloop
 endfacet
 facet normal -6.248306e-01 -7.807604e-01 -1.137226e-14
   outer loop
     vertex  1.071369e+02  2.801483e+01  5.800000e+01
     vertex  1.184301e+02  1.897703e+01  6.600000e+01
     vertex  1.071369e+02  2.801483e+01  6.600000e+01
   endloop
 endfacet
 facet normal -6.248306e-01 -7.807604e-01 -1.387740e-14
   outer loop
     vertex  1.071369e+02  2.801483e+01  5.800000e+01
     vertex  1.184301e+02  1.897703e+01  5.800000e+01
     vertex  1.184301e+02  1.897703e+01  6.600000e+01
   endloop
 endfacet
 facet normal -7.935223e-01 -6.085412e-01 -1.080986e-14
   outer loop
     vertex  9.833471e+01  3.949266e+01  5.800000e+01
     vertex  1.071369e+02  2.801483e+01  6.600000e+01
     vertex  9.833471e+01  3.949266e+01  6.600000e+01
   endloop
 endfacet
 facet normal -7.935223e-01 -6.085412e-01 -8.351003e-15
   outer loop
     vertex  9.833471e+01  3.949266e+01  5.800000e+01
     vertex  1.071369e+02  2.801483e+01  5.800000e+01
     vertex  1.071369e+02  2.801483e+01  6.600000e+01
   endloop
 endfacet
 facet normal -9.160974e-01 -4.009557e-01 -8.749721e-15
   outer loop
     vertex  9.253513e+01  5.274346e+01  5.800000e+01
     vertex  9.833471e+01  3.949266e+01  6.600000e+01
     vertex  9.253513e+01  5.274346e+01  6.600000e+01
   endloop
 endfacet
 facet normal -9.160974e-01 -4.009557e-01 -7.122915e-15
   outer loop
     vertex  9.253513e+01  5.274346e+01  5.800000e+01
     vertex  9.833471e+01  3.949266e+01  5.800000e+01
     vertex  9.833471e+01  3.949266e+01  6.600000e+01
   endloop
 endfacet
 facet normal -9.160974e-01 -4.009557e-01 -7.606127e-15
   outer loop
     vertex  1.767923e+02  1.143581e+02  6.600000e+01
     vertex  1.772731e+02  1.132594e+02  6.000000e+01
     vertex  1.772731e+02  1.132594e+02  6.600000e+01
   endloop
 endfacet
 facet normal -9.160974e-01 -4.009557e-01 -6.647578e-15
   outer loop
     vertex  1.767923e+02  1.143581e+02  6.600000e+01
     vertex  1.767923e+02  1.143581e+02  6.000000e+01
     vertex  1.772731e+02  1.132594e+02  6.000000e+01
   endloop
 endfacet
 facet normal -7.935223e-01 -6.085412e-01 -8.647890e-15
   outer loop
     vertex  1.760624e+02  1.153098e+02  6.600000e+01
     vertex  1.760624e+02  1.153098e+02  6.000000e+01
     vertex  1.767923e+02  1.143581e+02  6.000000e+01
   endloop
 endfacet
 facet normal -7.935223e-01 -6.085412e-01 -1.009008e-14
   outer loop
     vertex  1.760624e+02  1.153098e+02  6.600000e+01
     vertex  1.767923e+02  1.143581e+02  6.000000e+01
     vertex  1.767923e+02  1.143581e+02  6.600000e+01
   endloop
 endfacet
 facet normal -6.248306e-01 -7.807604e-01 -1.479370e-14
   outer loop
     vertex  1.751260e+02  1.160592e+02  6.600000e+01
     vertex  1.751260e+02  1.160592e+02  6.000000e+01
     vertex  1.760624e+02  1.153098e+02  6.000000e+01
   endloop
 endfacet
 facet normal -6.248306e-01 -7.807604e-01 -1.109291e-14
   outer loop
     vertex  1.751260e+02  1.160592e+02  6.600000e+01
     vertex  1.760624e+02  1.153098e+02  6.000000e+01
     vertex  1.760624e+02  1.153098e+02  6.600000e+01
   endloop
 endfacet
 facet normal -4.198259e-01 -9.076046e-01 -1.504748e-14
   outer loop
     vertex  1.740375e+02  1.165627e+02  6.600000e+01
     vertex  1.740375e+02  1.165627e+02  6.000000e+01
     vertex  1.751260e+02  1.160592e+02  6.000000e+01
   endloop
 endfacet
 facet normal -4.198259e-01 -9.076046e-01 -1.718707e-14
   outer loop
     vertex  1.740375e+02  1.165627e+02  6.600000e+01
     vertex  1.751260e+02  1.160592e+02  6.000000e+01
     vertex  1.751260e+02  1.160592e+02  6.600000e+01
   endloop
 endfacet
 facet normal -1.904225e-01 -9.817022e-01 -1.627597e-14
   outer loop
     vertex  1.728601e+02  1.167911e+02  6.600000e+01
     vertex  1.728601e+02  1.167911e+02  6.000000e+01
     vertex  1.740375e+02  1.165627e+02  6.000000e+01
   endloop
 endfacet
 facet normal -1.904225e-01 -9.817022e-01 -1.626909e-14
   outer loop
     vertex  1.728601e+02  1.167911e+02  6.600000e+01
     vertex  1.740375e+02  1.165627e+02  6.000000e+01
     vertex  1.740375e+02  1.165627e+02  6.600000e+01
   endloop
 endfacet
 facet normal  5.004751e-02 -9.987468e-01 -1.655855e-14
   outer loop
     vertex  1.716623e+02  1.167310e+02  6.600000e+01
     vertex  1.716623e+02  1.167310e+02  6.000000e+01
     vertex  1.728601e+02  1.167911e+02  6.000000e+01
   endloop
 endfacet
 facet normal  5.004751e-02 -9.987468e-01 -1.655837e-14
   outer loop
     vertex  1.716623e+02  1.167310e+02  6.600000e+01
     vertex  1.728601e+02  1.167911e+02  6.000000e+01
     vertex  1.728601e+02  1.167911e+02  6.600000e+01
   endloop
 endfacet
 facet normal  2.876090e-01 -9.577479e-01 -1.361042e-14
   outer loop
     vertex  1.705136e+02  1.163861e+02  6.600000e+01
     vertex  1.705136e+02  1.163861e+02  6.000000e+01
     vertex  1.716623e+02  1.167310e+02  6.000000e+01
   endloop
 endfacet
 facet normal  2.876090e-01 -9.577479e-01 -1.587567e-14
   outer loop
     vertex  1.705136e+02  1.163861e+02  6.600000e+01
     vertex  1.716623e+02  1.167310e+02  6.000000e+01
     vertex  1.716623e+02  1.167310e+02  6.600000e+01
   endloop
 endfacet
 facet normal  5.084557e-01 -8.610882e-01 -1.668480e-14
   outer loop
     vertex  1.694808e+02  1.157763e+02  6.600000e+01
     vertex  1.694808e+02  1.157763e+02  6.000000e+01
     vertex  1.705136e+02  1.163861e+02  6.000000e+01
   endloop
 endfacet
 facet normal  5.084557e-01 -8.610882e-01 -1.223460e-14
   outer loop
     vertex  1.694808e+02  1.157763e+02  6.600000e+01
     vertex  1.705136e+02  1.163861e+02  6.000000e+01
     vertex  1.705136e+02  1.163861e+02  6.600000e+01
   endloop
 endfacet
 facet normal  6.997528e-01 -7.143851e-01 -1.184403e-14
   outer loop
     vertex  1.686241e+02  1.149370e+02  6.600000e+01
     vertex  1.686241e+02  1.149370e+02  6.000000e+01
     vertex  1.694808e+02  1.157763e+02  6.000000e+01
   endloop
 endfacet
 facet normal  6.997528e-01 -7.143851e-01 -1.516597e-14
   outer loop
     vertex  1.686241e+02  1.149370e+02  6.600000e+01
     vertex  1.694808e+02  1.157763e+02  6.000000e+01
     vertex  1.694808e+02  1.157763e+02  6.600000e+01
   endloop
 endfacet
 facet normal  8.503828e-01 -5.261646e-01 -9.969664e-15
   outer loop
     vertex  1.679930e+02  1.139171e+02  6.600000e+01
     vertex  1.679930e+02  1.139171e+02  6.000000e+01
     vertex  1.686241e+02  1.149370e+02  6.000000e+01
   endloop
 endfacet
 facet normal  8.503828e-01 -5.261646e-01 -8.732390e-15
   outer loop
     vertex  1.679930e+02  1.139171e+02  6.600000e+01
     vertex  1.686241e+02  1.149370e+02  6.000000e+01
     vertex  1.686241e+02  1.149370e+02  6.600000e+01
   endloop
 endfacet
 facet normal  9.515916e-01 -3.073653e-01 -5.882671e-16
   outer loop
     vertex  1.676244e+02  1.127759e+02  6.600000e+01
     vertex  1.676244e+02  1.127759e+02  6.000000e+01
     vertex  1.679930e+02  1.139171e+02  6.000000e+01
   endloop
 endfacet
 facet normal  9.515916e-01 -3.073653e-01 -5.816450e-15
   outer loop
     vertex  1.676244e+02  1.127759e+02  6.600000e+01
     vertex  1.679930e+02  1.139171e+02  6.000000e+01
     vertex  1.679930e+02  1.139171e+02  6.600000e+01
   endloop
 endfacet
 facet normal  9.974974e-01 -7.070302e-02  3.720347e-15
   outer loop
     vertex  1.675396e+02  1.115795e+02  6.600000e+01
     vertex  1.675396e+02  1.115795e+02  6.000000e+01
     vertex  1.676244e+02  1.127759e+02  6.000000e+01
   endloop
 endfacet
 facet normal  9.974974e-01 -7.070302e-02  3.552355e-15
   outer loop
     vertex  1.675396e+02  1.115795e+02  6.600000e+01
     vertex  1.676244e+02  1.127759e+02  6.000000e+01
     vertex  1.676244e+02  1.127759e+02  6.600000e+01
   endloop
 endfacet
 facet normal  9.854323e-01  1.700682e-01  2.416815e-15
   outer loop
     vertex  1.677435e+02  1.103977e+02  6.600000e+01
     vertex  1.677435e+02  1.103977e+02  6.000000e+01
     vertex  1.675396e+02  1.115795e+02  6.000000e+01
   endloop
 endfacet
 facet normal  9.854323e-01  1.700682e-01  7.085424e-15
   outer loop
     vertex  1.677435e+02  1.103977e+02  6.600000e+01
     vertex  1.675396e+02  1.115795e+02  6.000000e+01
     vertex  1.675396e+02  1.115795e+02  6.600000e+01
   endloop
 endfacet
 facet normal -9.160974e-01 -4.009557e-01 -7.590699e-15
   outer loop
     vertex  1.124554e+02  9.503791e+01  6.600000e+01
     vertex  1.129363e+02  9.393919e+01  6.000000e+01
     vertex  1.129363e+02  9.393919e+01  6.600000e+01
   endloop
 endfacet
 facet normal -9.160974e-01 -4.009557e-01 -1.410650e-14
   outer loop
     vertex  1.124554e+02  9.503791e+01  6.600000e+01
     vertex  1.124554e+02  9.503791e+01  6.000000e+01
     vertex  1.129363e+02  9.393919e+01  6.000000e+01
   endloop
 endfacet
 facet normal -7.935223e-01 -6.085412e-01 -1.008921e-14
   outer loop
     vertex  1.117256e+02  9.598961e+01  6.600000e+01
     vertex  1.117256e+02  9.598961e+01  6.000000e+01
     vertex  1.124554e+02  9.503791e+01  6.000000e+01
   endloop
 endfacet
 facet normal -7.935223e-01 -6.085412e-01 -1.717164e-14
   outer loop
     vertex  1.117256e+02  9.598961e+01  6.600000e+01
     vertex  1.124554e+02  9.503791e+01  6.000000e+01
     vertex  1.124554e+02  9.503791e+01  6.600000e+01
   endloop
 endfacet
 facet normal -6.248306e-01 -7.807604e-01 -1.109527e-14
   outer loop
     vertex  1.107892e+02  9.673899e+01  6.600000e+01
     vertex  1.107892e+02  9.673899e+01  6.000000e+01
     vertex  1.117256e+02  9.598961e+01  6.000000e+01
   endloop
 endfacet
 facet normal -6.248306e-01 -7.807604e-01 -1.294430e-14
   outer loop
     vertex  1.107892e+02  9.673899e+01  6.600000e+01
     vertex  1.117256e+02  9.598961e+01  6.000000e+01
     vertex  1.117256e+02  9.598961e+01  6.600000e+01
   endloop
 endfacet
 facet normal -4.198259e-01 -9.076046e-01 -1.289784e-14
   outer loop
     vertex  1.097006e+02  9.724251e+01  6.600000e+01
     vertex  1.097006e+02  9.724251e+01  6.000000e+01
     vertex  1.107892e+02  9.673899e+01  6.000000e+01
   endloop
 endfacet
 facet normal -4.198259e-01 -9.076046e-01 -1.289802e-14
   outer loop
     vertex  1.097006e+02  9.724251e+01  6.600000e+01
     vertex  1.107892e+02  9.673899e+01  6.000000e+01
     vertex  1.107892e+02  9.673899e+01  6.600000e+01
   endloop
 endfacet
 facet normal -1.904225e-01 -9.817022e-01 -1.440184e-14
   outer loop
     vertex  1.085232e+02  9.747089e+01  6.600000e+01
     vertex  1.085232e+02  9.747089e+01  6.000000e+01
     vertex  1.097006e+02  9.724251e+01  6.000000e+01
   endloop
 endfacet
 facet normal -1.904225e-01 -9.817022e-01 -1.395485e-14
   outer loop
     vertex  1.085232e+02  9.747089e+01  6.600000e+01
     vertex  1.097006e+02  9.724251e+01  6.000000e+01
     vertex  1.097006e+02  9.724251e+01  6.600000e+01
   endloop
 endfacet
 facet normal  5.004751e-02 -9.987468e-01 -1.431158e-14
   outer loop
     vertex  1.073254e+02  9.741087e+01  6.600000e+01
     vertex  1.073254e+02  9.741087e+01  6.000000e+01
     vertex  1.085232e+02  9.747089e+01  6.000000e+01
   endloop
 endfacet
 facet normal  5.004751e-02 -9.987468e-01 -1.407442e-14
   outer loop
     vertex  1.073254e+02  9.741087e+01  6.600000e+01
     vertex  1.085232e+02  9.747089e+01  6.000000e+01
     vertex  1.085232e+02  9.747089e+01  6.600000e+01
   endloop
 endfacet
 facet normal  2.876090e-01 -9.577479e-01 -1.587882e-14
   outer loop
     vertex  1.061767e+02  9.706592e+01  6.600000e+01
     vertex  1.061767e+02  9.706592e+01  6.000000e+01
     vertex  1.073254e+02  9.741087e+01  6.000000e+01
   endloop
 endfacet
 facet normal  2.876090e-01 -9.577479e-01 -1.429427e-14
   outer loop
     vertex  1.061767e+02  9.706592e+01  6.600000e+01
     vertex  1.073254e+02  9.741087e+01  6.000000e+01
     vertex  1.073254e+02  9.741087e+01  6.600000e+01
   endloop
 endfacet
 facet normal  5.084557e-01 -8.610882e-01 -1.223680e-14
   outer loop
     vertex  1.051440e+02  9.645611e+01  6.600000e+01
     vertex  1.051440e+02  9.645611e+01  6.000000e+01
     vertex  1.061767e+02  9.706592e+01  6.000000e+01
   endloop
 endfacet
 facet normal  5.084557e-01 -8.610882e-01 -1.428656e-14
   outer loop
     vertex  1.051440e+02  9.645611e+01  6.600000e+01
     vertex  1.061767e+02  9.706592e+01  6.000000e+01
     vertex  1.061767e+02  9.706592e+01  6.600000e+01
   endloop
 endfacet
 facet normal  6.997528e-01 -7.143851e-01 -1.346672e-14
   outer loop
     vertex  1.042872e+02  9.561687e+01  6.600000e+01
     vertex  1.042872e+02  9.561687e+01  6.000000e+01
     vertex  1.051440e+02  9.645611e+01  6.000000e+01
   endloop
 endfacet
 facet normal  6.997528e-01 -7.143851e-01 -1.015179e-14
   outer loop
     vertex  1.042872e+02  9.561687e+01  6.600000e+01
     vertex  1.051440e+02  9.645611e+01  6.000000e+01
     vertex  1.051440e+02  9.645611e+01  6.600000e+01
   endloop
 endfacet
 facet normal  8.503828e-01 -5.261646e-01 -6.709345e-15
   outer loop
     vertex  1.036562e+02  9.459697e+01  6.600000e+01
     vertex  1.036562e+02  9.459697e+01  6.000000e+01
     vertex  1.042872e+02  9.561687e+01  6.000000e+01
   endloop
 endfacet
 facet normal  8.503828e-01 -5.261646e-01 -1.150947e-14
   outer loop
     vertex  1.036562e+02  9.459697e+01  6.600000e+01
     vertex  1.042872e+02  9.561687e+01  6.000000e+01
     vertex  1.042872e+02  9.561687e+01  6.600000e+01
   endloop
 endfacet
 facet normal  9.515916e-01 -3.073653e-01 -3.639936e-15
   outer loop
     vertex  1.032875e+02  9.345569e+01  6.600000e+01
     vertex  1.032875e+02  9.345569e+01  6.000000e+01
     vertex  1.036562e+02  9.459697e+01  6.000000e+01
   endloop
 endfacet
 facet normal  9.515916e-01 -3.073653e-01 -2.846512e-15
   outer loop
     vertex  1.032875e+02  9.345569e+01  6.600000e+01
     vertex  1.036562e+02  9.459697e+01  6.000000e+01
     vertex  1.036562e+02  9.459697e+01  6.600000e+01
   endloop
 endfacet
 facet normal  9.974974e-01 -7.070302e-02  1.357798e-15
   outer loop
     vertex  1.032027e+02  9.225935e+01  6.600000e+01
     vertex  1.032027e+02  9.225935e+01  6.000000e+01
     vertex  1.032875e+02  9.345569e+01  6.000000e+01
   endloop
 endfacet
 facet normal  9.974974e-01 -7.070302e-02 -8.369826e-16
   outer loop
     vertex  1.032027e+02  9.225935e+01  6.600000e+01
     vertex  1.032875e+02  9.345569e+01  6.000000e+01
     vertex  1.032875e+02  9.345569e+01  6.600000e+01
   endloop
 endfacet
 facet normal  9.854323e-01  1.700682e-01  3.222420e-15
   outer loop
     vertex  1.034067e+02  9.107748e+01  6.600000e+01
     vertex  1.034067e+02  9.107748e+01  6.000000e+01
     vertex  1.032027e+02  9.225935e+01  6.000000e+01
   endloop
 endfacet
 facet normal  9.854323e-01  1.700682e-01  4.751901e-15
   outer loop
     vertex  1.034067e+02  9.107748e+01  6.600000e+01
     vertex  1.032027e+02  9.225935e+01  6.000000e+01
     vertex  1.032027e+02  9.225935e+01  6.600000e+01
   endloop
 endfacet
 facet normal -9.160974e-01 -4.009557e-01 -6.171300e-15
   outer loop
     vertex  1.317756e+02  3.070105e+01  6.600000e+01
     vertex  1.322565e+02  2.960234e+01  6.000000e+01
     vertex  1.322565e+02  2.960234e+01  6.600000e+01
   endloop
 endfacet
 facet normal -9.160974e-01 -4.009557e-01 -6.647578e-15
   outer loop
     vertex  1.317756e+02  3.070105e+01  6.600000e+01
     vertex  1.317756e+02  3.070105e+01  6.000000e+01
     vertex  1.322565e+02  2.960234e+01  6.000000e+01
   endloop
 endfacet
 facet normal -7.935223e-01 -6.085412e-01 -1.008921e-14
   outer loop
     vertex  1.310457e+02  3.165276e+01  6.600000e+01
     vertex  1.310457e+02  3.165276e+01  6.000000e+01
     vertex  1.317756e+02  3.070105e+01  6.000000e+01
   endloop
 endfacet
 facet normal -7.935223e-01 -6.085412e-01 -1.009008e-14
   outer loop
     vertex  1.310457e+02  3.165276e+01  6.600000e+01
     vertex  1.317756e+02  3.070105e+01  6.000000e+01
     vertex  1.317756e+02  3.070105e+01  6.600000e+01
   endloop
 endfacet
 facet normal -6.248306e-01 -7.807604e-01 -1.479370e-14
   outer loop
     vertex  1.301093e+02  3.240214e+01  6.600000e+01
     vertex  1.301093e+02  3.240214e+01  6.000000e+01
     vertex  1.310457e+02  3.165276e+01  6.000000e+01
   endloop
 endfacet
 facet normal -6.248306e-01 -7.807604e-01 -1.294430e-14
   outer loop
     vertex  1.301093e+02  3.240214e+01  6.600000e+01
     vertex  1.310457e+02  3.165276e+01  6.000000e+01
     vertex  1.310457e+02  3.165276e+01  6.600000e+01
   endloop
 endfacet
 facet normal -4.198259e-01 -9.076046e-01 -1.612230e-14
   outer loop
     vertex  1.290208e+02  3.290565e+01  6.600000e+01
     vertex  1.290208e+02  3.290565e+01  6.000000e+01
     vertex  1.301093e+02  3.240214e+01  6.000000e+01
   endloop
 endfacet
 facet normal -4.198259e-01 -9.076046e-01 -1.718707e-14
   outer loop
     vertex  1.290208e+02  3.290565e+01  6.600000e+01
     vertex  1.301093e+02  3.240214e+01  6.000000e+01
     vertex  1.301093e+02  3.240214e+01  6.600000e+01
   endloop
 endfacet
 facet normal -1.904225e-01 -9.817022e-01 -1.627597e-14
   outer loop
     vertex  1.278434e+02  3.313403e+01  6.600000e+01
     vertex  1.278434e+02  3.313403e+01  6.000000e+01
     vertex  1.290208e+02  3.290565e+01  6.000000e+01
   endloop
 endfacet
 facet normal -1.904225e-01 -9.817022e-01 -1.744164e-14
   outer loop
     vertex  1.278434e+02  3.313403e+01  6.600000e+01
     vertex  1.290208e+02  3.290565e+01  6.000000e+01
     vertex  1.290208e+02  3.290565e+01  6.600000e+01
   endloop
 endfacet
 facet normal  5.004751e-02 -9.987468e-01 -1.655855e-14
   outer loop
     vertex  1.266456e+02  3.307401e+01  6.600000e+01
     vertex  1.266456e+02  3.307401e+01  6.000000e+01
     vertex  1.278434e+02  3.313403e+01  6.000000e+01
   endloop
 endfacet
 facet normal  5.004751e-02 -9.987468e-01 -1.655837e-14
   outer loop
     vertex  1.266456e+02  3.307401e+01  6.600000e+01
     vertex  1.278434e+02  3.313403e+01  6.000000e+01
     vertex  1.278434e+02  3.313403e+01  6.600000e+01
   endloop
 endfacet
 facet normal  2.876090e-01 -9.577479e-01 -1.701302e-14
   outer loop
     vertex  1.254969e+02  3.272907e+01  6.600000e+01
     vertex  1.254969e+02  3.272907e+01  6.000000e+01
     vertex  1.266456e+02  3.307401e+01  6.000000e+01
   endloop
 endfacet
 facet normal  2.876090e-01 -9.577479e-01 -1.587567e-14
   outer loop
     vertex  1.254969e+02  3.272907e+01  6.600000e+01
     vertex  1.266456e+02  3.307401e+01  6.000000e+01
     vertex  1.266456e+02  3.307401e+01  6.600000e+01
   endloop
 endfacet
 facet normal  5.084557e-01 -8.610882e-01 -1.325653e-14
   outer loop
     vertex  1.244642e+02  3.211926e+01  6.600000e+01
     vertex  1.244642e+02  3.211926e+01  6.000000e+01
     vertex  1.254969e+02  3.272907e+01  6.000000e+01
   endloop
 endfacet
 facet normal  5.084557e-01 -8.610882e-01 -1.530482e-14
   outer loop
     vertex  1.244642e+02  3.211926e+01  6.600000e+01
     vertex  1.254969e+02  3.272907e+01  6.000000e+01
     vertex  1.254969e+02  3.272907e+01  6.600000e+01
   endloop
 endfacet
 facet normal  6.997528e-01 -7.143851e-01 -1.184403e-14
   outer loop
     vertex  1.236074e+02  3.128002e+01  6.600000e+01
     vertex  1.236074e+02  3.128002e+01  6.000000e+01
     vertex  1.244642e+02  3.211926e+01  6.000000e+01
   endloop
 endfacet
 facet normal  6.997528e-01 -7.143851e-01 -1.100034e-14
   outer loop
     vertex  1.236074e+02  3.128002e+01  6.600000e+01
     vertex  1.244642e+02  3.211926e+01  6.000000e+01
     vertex  1.244642e+02  3.211926e+01  6.600000e+01
   endloop
 endfacet
 facet normal  8.503828e-01 -5.261646e-01 -8.100352e-15
   outer loop
     vertex  1.229763e+02  3.026012e+01  6.600000e+01
     vertex  1.229763e+02  3.026012e+01  6.000000e+01
     vertex  1.236074e+02  3.128002e+01  6.000000e+01
   endloop
 endfacet
 facet normal  8.503828e-01 -5.261646e-01 -8.716961e-15
   outer loop
     vertex  1.229763e+02  3.026012e+01  6.600000e+01
     vertex  1.236074e+02  3.128002e+01  6.000000e+01
     vertex  1.236074e+02  3.128002e+01  6.600000e+01
   endloop
 endfacet
 facet normal  9.515916e-01 -3.073653e-01 -2.242735e-16
   outer loop
     vertex  1.226077e+02  2.911884e+01  6.600000e+01
     vertex  1.226077e+02  2.911884e+01  6.000000e+01
     vertex  1.229763e+02  3.026012e+01  6.000000e+01
   endloop
 endfacet
 facet normal  9.515916e-01 -3.073653e-01 -4.728759e-15
   outer loop
     vertex  1.226077e+02  2.911884e+01  6.600000e+01
     vertex  1.229763e+02  3.026012e+01  6.000000e+01
     vertex  1.229763e+02  3.026012e+01  6.600000e+01
   endloop
 endfacet
 facet normal  9.974974e-01 -7.070302e-02 -3.534757e-15
   outer loop
     vertex  1.225229e+02  2.792250e+01  6.600000e+01
     vertex  1.225229e+02  2.792250e+01  6.000000e+01
     vertex  1.226077e+02  2.911884e+01  6.000000e+01
   endloop
 endfacet
 facet normal  9.974974e-01 -7.070302e-02  3.635281e-15
   outer loop
     vertex  1.225229e+02  2.792250e+01  6.600000e+01
     vertex  1.226077e+02  2.911884e+01  6.000000e+01
     vertex  1.226077e+02  2.911884e+01  6.600000e+01
   endloop
 endfacet
 facet normal  9.854323e-01  1.700682e-01  2.819618e-15
   outer loop
     vertex  1.227269e+02  2.674063e+01  6.600000e+01
     vertex  1.227269e+02  2.674063e+01  6.000000e+01
     vertex  1.225229e+02  2.792250e+01  6.000000e+01
   endloop
 endfacet
 facet normal  9.854323e-01  1.700682e-01  4.859899e-16
   outer loop
     vertex  1.227269e+02  2.674063e+01  6.600000e+01
     vertex  1.225229e+02  2.792250e+01  6.000000e+01
     vertex  1.225229e+02  2.792250e+01  6.600000e+01
   endloop
 endfacet
 facet normal -9.160974e-01 -4.009557e-01 -6.634148e-15
   outer loop
     vertex  1.961124e+02  5.002123e+01  6.600000e+01
     vertex  1.965933e+02  4.892252e+01  6.000000e+01
     vertex  1.965933e+02  4.892252e+01  6.600000e+01
   endloop
 endfacet
 facet normal -9.160974e-01 -4.009557e-01 -7.597232e-15
   outer loop
     vertex  1.961124e+02  5.002123e+01  6.600000e+01
     vertex  1.961124e+02  5.002123e+01  6.000000e+01
     vertex  1.965933e+02  4.892252e+01  6.000000e+01
   endloop
 endfacet
 facet normal -7.935223e-01 -6.085412e-01 -1.080986e-14
   outer loop
     vertex  1.953826e+02  5.097293e+01  6.600000e+01
     vertex  1.953826e+02  5.097293e+01  6.000000e+01
     vertex  1.961124e+02  5.002123e+01  6.000000e+01
   endloop
 endfacet
 facet normal -6.248306e-01 -7.807604e-01 -1.386909e-14
   outer loop
     vertex  1.953826e+02  5.097293e+01  6.600000e+01
     vertex  1.944462e+02  5.172231e+01  6.000000e+01
     vertex  1.953826e+02  5.097293e+01  6.000000e+01
   endloop
 endfacet
 facet normal -7.935223e-01 -6.085412e-01 -1.154033e-14
   outer loop
     vertex  1.953826e+02  5.097293e+01  6.600000e+01
     vertex  1.961124e+02  5.002123e+01  6.000000e+01
     vertex  1.961124e+02  5.002123e+01  6.600000e+01
   endloop
 endfacet
 facet normal -6.248306e-01 -7.807604e-01 -1.294448e-14
   outer loop
     vertex  1.944462e+02  5.172231e+01  6.600000e+01
     vertex  1.944462e+02  5.172231e+01  6.000000e+01
     vertex  1.953826e+02  5.097293e+01  6.600000e+01
   endloop
 endfacet
 facet normal -4.198259e-01 -9.076046e-01 -1.504748e-14
   outer loop
     vertex  1.933577e+02  5.222583e+01  6.600000e+01
     vertex  1.933577e+02  5.222583e+01  6.000000e+01
     vertex  1.944462e+02  5.172231e+01  6.000000e+01
   endloop
 endfacet
 facet normal -1.904225e-01 -9.817022e-01 -1.627597e-14
   outer loop
     vertex  1.933577e+02  5.222583e+01  6.600000e+01
     vertex  1.921803e+02  5.245421e+01  6.000000e+01
     vertex  1.933577e+02  5.222583e+01  6.000000e+01
   endloop
 endfacet
 facet normal -4.198259e-01 -9.076046e-01 -1.505797e-14
   outer loop
     vertex  1.933577e+02  5.222583e+01  6.600000e+01
     vertex  1.944462e+02  5.172231e+01  6.000000e+01
     vertex  1.944462e+02  5.172231e+01  6.600000e+01
   endloop
 endfacet
 facet normal  5.004751e-02 -9.987468e-01 -1.774131e-14
   outer loop
     vertex  1.921803e+02  5.245421e+01  6.600000e+01
     vertex  1.909824e+02  5.239419e+01  6.000000e+01
     vertex  1.921803e+02  5.245421e+01  6.000000e+01
   endloop
 endfacet
 facet normal -1.904225e-01 -9.817022e-01 -1.743853e-14
   outer loop
     vertex  1.921803e+02  5.245421e+01  6.600000e+01
     vertex  1.921803e+02  5.245421e+01  6.000000e+01
     vertex  1.933577e+02  5.222583e+01  6.600000e+01
   endloop
 endfacet
 facet normal  5.004751e-02 -9.987468e-01 -1.632148e-14
   outer loop
     vertex  1.909824e+02  5.239419e+01  6.600000e+01
     vertex  1.909824e+02  5.239419e+01  6.000000e+01
     vertex  1.921803e+02  5.245421e+01  6.600000e+01
   endloop
 endfacet
 facet normal  2.876090e-01 -9.577479e-01 -1.587882e-14
   outer loop
     vertex  1.898338e+02  5.204925e+01  6.600000e+01
     vertex  1.898338e+02  5.204925e+01  6.000000e+01
     vertex  1.909824e+02  5.239419e+01  6.000000e+01
   endloop
 endfacet
 facet normal  2.876090e-01 -9.577479e-01 -1.451798e-14
   outer loop
     vertex  1.898338e+02  5.204925e+01  6.600000e+01
     vertex  1.909824e+02  5.239419e+01  6.000000e+01
     vertex  1.909824e+02  5.239419e+01  6.600000e+01
   endloop
 endfacet
 facet normal  5.084557e-01 -8.610882e-01 -1.529600e-14
   outer loop
     vertex  1.888010e+02  5.143943e+01  6.600000e+01
     vertex  1.888010e+02  5.143943e+01  6.000000e+01
     vertex  1.898338e+02  5.204925e+01  6.000000e+01
   endloop
 endfacet
 facet normal  6.997528e-01 -7.143851e-01 -1.269003e-14
   outer loop
     vertex  1.888010e+02  5.143943e+01  6.600000e+01
     vertex  1.879442e+02  5.060019e+01  6.000000e+01
     vertex  1.888010e+02  5.143943e+01  6.000000e+01
   endloop
 endfacet
 facet normal  5.084557e-01 -8.610882e-01 -1.427113e-14
   outer loop
     vertex  1.888010e+02  5.143943e+01  6.600000e+01
     vertex  1.898338e+02  5.204925e+01  6.000000e+01
     vertex  1.898338e+02  5.204925e+01  6.600000e+01
   endloop
 endfacet
 facet normal  6.997528e-01 -7.143851e-01 -1.184403e-14
   outer loop
     vertex  1.879442e+02  5.060019e+01  6.600000e+01
     vertex  1.879442e+02  5.060019e+01  6.000000e+01
     vertex  1.888010e+02  5.143943e+01  6.600000e+01
   endloop
 endfacet
 facet normal  8.503828e-01 -5.261646e-01 -8.723456e-15
   outer loop
     vertex  1.873132e+02  4.958029e+01  6.600000e+01
     vertex  1.873132e+02  4.958029e+01  6.000000e+01
     vertex  1.879442e+02  5.060019e+01  6.000000e+01
   endloop
 endfacet
 facet normal  8.503828e-01 -5.261646e-01 -8.716961e-15
   outer loop
     vertex  1.873132e+02  4.958029e+01  6.600000e+01
     vertex  1.879442e+02  5.060019e+01  6.000000e+01
     vertex  1.879442e+02  5.060019e+01  6.600000e+01
   endloop
 endfacet
 facet normal  9.515916e-01 -3.073653e-01 -5.823898e-15
   outer loop
     vertex  1.869445e+02  4.843901e+01  6.600000e+01
     vertex  1.869445e+02  4.843901e+01  6.000000e+01
     vertex  1.873132e+02  4.958029e+01  6.000000e+01
   endloop
 endfacet
 facet normal  9.974974e-01 -7.070302e-02 -1.339667e-15
   outer loop
     vertex  1.869445e+02  4.843901e+01  6.600000e+01
     vertex  1.868597e+02  4.724267e+01  6.000000e+01
     vertex  1.869445e+02  4.843901e+01  6.000000e+01
   endloop
 endfacet
 facet normal  9.515916e-01 -3.073653e-01 -5.099037e-15
   outer loop
     vertex  1.869445e+02  4.843901e+01  6.600000e+01
     vertex  1.873132e+02  4.958029e+01  6.000000e+01
     vertex  1.873132e+02  4.958029e+01  6.600000e+01
   endloop
 endfacet
 facet normal  9.974974e-01 -7.070302e-02 -1.255938e-15
   outer loop
     vertex  1.868597e+02  4.724267e+01  6.600000e+01
     vertex  1.868597e+02  4.724267e+01  6.000000e+01
     vertex  1.869445e+02  4.843901e+01  6.600000e+01
   endloop
 endfacet
 facet normal  9.854323e-01  1.700682e-01  2.416815e-15
   outer loop
     vertex  1.870637e+02  4.606081e+01  6.600000e+01
     vertex  1.870637e+02  4.606081e+01  6.000000e+01
     vertex  1.868597e+02  4.724267e+01  6.000000e+01
   endloop
 endfacet
 facet normal  9.854323e-01  1.700682e-01  3.023937e-15
   outer loop
     vertex  1.870637e+02  4.606081e+01  6.600000e+01
     vertex  1.868597e+02  4.724267e+01  6.000000e+01
     vertex  1.868597e+02  4.724267e+01  6.600000e+01
   endloop
 endfacet
 facet normal -2.869686e-16  1.704826e-14 -1.000000e+00
   outer loop
     vertex  1.447712e+02  8.272754e+01  3.900000e+01
     vertex  1.393505e+02  8.388664e+01  3.900000e+01
     vertex  1.429833e+02  8.603170e+01  3.900000e+01
   endloop
 endfacet
 facet normal  1.769127e-15  1.816084e-14 -1.000000e+00
   outer loop
     vertex  1.449995e+02  8.309654e+01  3.900000e+01
     vertex  1.447712e+02  8.272754e+01  3.900000e+01
     vertex  1.429833e+02  8.603170e+01  3.900000e+01
   endloop
 endfacet
 facet normal  3.242003e-15  1.724951e-14 -1.000000e+00
   outer loop
     vertex  1.366228e+02  6.752958e+01  3.900000e+01
     vertex  1.363945e+02  6.716057e+01  3.900000e+01
     vertex  1.325219e+02  6.912417e+01  3.900000e+01
   endloop
 endfacet
 facet normal -2.365778e-16  1.728392e-14 -1.000000e+00
   outer loop
     vertex  1.446378e+02  8.231461e+01  3.900000e+01
     vertex  1.393505e+02  8.388664e+01  3.900000e+01
     vertex  1.447712e+02  8.272754e+01  3.900000e+01
   endloop
 endfacet
 facet normal  1.223374e-15  1.388421e-14 -1.000000e+00
   outer loop
     vertex  1.362611e+02  6.674765e+01  3.900000e+01
     vertex  1.332394e+02  6.496684e+01  3.900000e+01
     vertex  1.325219e+02  6.912417e+01  3.900000e+01
   endloop
 endfacet
 facet normal  2.767449e-15  1.631361e-14 -1.000000e+00
   outer loop
     vertex  1.362611e+02  6.674765e+01  3.900000e+01
     vertex  1.325219e+02  6.912417e+01  3.900000e+01
     vertex  1.363945e+02  6.716057e+01  3.900000e+01
   endloop
 endfacet
 facet normal -9.922233e-15  1.012971e-14 -1.000000e+00
   outer loop
     vertex  1.453095e+02  8.340019e+01  3.900000e+01
     vertex  1.449995e+02  8.309654e+01  3.900000e+01
     vertex  1.429833e+02  8.603170e+01  3.900000e+01
   endloop
 endfacet
 facet normal -2.480607e-15  2.532478e-15 -1.000000e+00
   outer loop
     vertex  1.369328e+02  6.783323e+01  3.900000e+01
     vertex  1.366228e+02  6.752958e+01  3.900000e+01
     vertex  1.325219e+02  6.912417e+01  3.900000e+01
   endloop
 endfacet
 facet normal  4.295452e-15  3.252673e-14 -1.000000e+00
   outer loop
     vertex  1.446071e+02  8.188176e+01  3.900000e+01
     vertex  1.393505e+02  8.388664e+01  3.900000e+01
     vertex  1.446378e+02  8.231461e+01  3.900000e+01
   endloop
 endfacet
 facet normal -1.037637e-14  3.356668e-14 -1.000000e+00
   outer loop
     vertex  1.362304e+02  6.631480e+01  3.900000e+01
     vertex  1.332394e+02  6.496684e+01  3.900000e+01
     vertex  1.362611e+02  6.674765e+01  3.900000e+01
   endloop
 endfacet
 facet normal  5.161348e-15  2.346348e-14 -1.000000e+00
   outer loop
     vertex  1.456832e+02  8.362082e+01  3.900000e+01
     vertex  1.453095e+02  8.340019e+01  3.900000e+01
     vertex  1.429833e+02  8.603170e+01  3.900000e+01
   endloop
 endfacet
 facet normal  2.999900e-15  2.004890e-14 -1.000000e+00
   outer loop
     vertex  1.373064e+02  6.805386e+01  3.900000e+01
     vertex  1.325219e+02  6.912417e+01  3.900000e+01
     vertex  1.328202e+02  7.333239e+01  3.900000e+01
   endloop
 endfacet
 facet normal  4.147751e-15  2.518005e-14 -1.000000e+00
   outer loop
     vertex  1.373064e+02  6.805386e+01  3.900000e+01
     vertex  1.369328e+02  6.783323e+01  3.900000e+01
     vertex  1.325219e+02  6.912417e+01  3.900000e+01
   endloop
 endfacet
 facet normal  5.382168e-16  1.870574e-14 -1.000000e+00
   outer loop
     vertex  1.446809e+02  8.145415e+01  3.900000e+01
     vertex  1.363367e+02  8.093453e+01  3.900000e+01
     vertex  1.393505e+02  8.388664e+01  3.900000e+01
   endloop
 endfacet
 facet normal -8.681729e-15 -1.498313e-15 -1.000000e+00
   outer loop
     vertex  1.446809e+02  8.145415e+01  3.900000e+01
     vertex  1.393505e+02  8.388664e+01  3.900000e+01
     vertex  1.446071e+02  8.188176e+01  3.900000e+01
   endloop
 endfacet
 facet normal  4.408340e-15  7.608018e-16 -1.000000e+00
   outer loop
     vertex  1.363042e+02  6.588719e+01  3.900000e+01
     vertex  1.332394e+02  6.496684e+01  3.900000e+01
     vertex  1.362304e+02  6.631480e+01  3.900000e+01
   endloop
 endfacet
 facet normal -8.926215e-16  2.054044e-14 -1.000000e+00
   outer loop
     vertex  1.460988e+02  8.374563e+01  3.900000e+01
     vertex  1.429833e+02  8.603170e+01  3.900000e+01
     vertex  1.470238e+02  8.724507e+01  3.900000e+01
   endloop
 endfacet
 facet normal -1.676812e-14 -1.094850e-15 -1.000000e+00
   outer loop
     vertex  1.460988e+02  8.374563e+01  3.900000e+01
     vertex  1.456832e+02  8.362082e+01  3.900000e+01
     vertex  1.429833e+02  8.603170e+01  3.900000e+01
   endloop
 endfacet
 facet normal -1.780711e-14  2.365041e-15 -1.000000e+00
   outer loop
     vertex  1.377220e+02  6.817867e+01  3.900000e+01
     vertex  1.373064e+02  6.805386e+01  3.900000e+01
     vertex  1.328202e+02  7.333239e+01  3.900000e+01
   endloop
 endfacet
 facet normal -5.091966e-16  3.552555e-14 -1.000000e+00
   outer loop
     vertex  1.448549e+02  8.105663e+01  3.900000e+01
     vertex  1.363367e+02  8.093453e+01  3.900000e+01
     vertex  1.446809e+02  8.145415e+01  3.900000e+01
   endloop
 endfacet
 facet normal -5.389925e-15  3.338936e-14 -1.000000e+00
   outer loop
     vertex  1.364782e+02  6.548967e+01  3.900000e+01
     vertex  1.332394e+02  6.496684e+01  3.900000e+01
     vertex  1.363042e+02  6.588719e+01  3.900000e+01
   endloop
 endfacet
 facet normal  3.219918e-14  1.179296e-14 -1.000000e+00
   outer loop
     vertex  1.465322e+02  8.376734e+01  3.900000e+01
     vertex  1.460988e+02  8.374563e+01  3.900000e+01
     vertex  1.470238e+02  8.724507e+01  3.900000e+01
   endloop
 endfacet
 facet normal  3.037520e-14  4.819222e-14 -1.000000e+00
   outer loop
     vertex  1.381554e+02  6.820038e+01  3.900000e+01
     vertex  1.377220e+02  6.817867e+01  3.900000e+01
     vertex  1.328202e+02  7.333239e+01  3.900000e+01
   endloop
 endfacet
 facet normal -0.000000e+00  0.000000e+00 -1.000000e+00
   outer loop
     vertex  1.367423e+02  6.514533e+01  3.900000e+01
     vertex  1.332394e+02  6.496684e+01  3.900000e+01
     vertex  1.364782e+02  6.548967e+01  3.900000e+01
   endloop
 endfacet
 facet normal -2.938321e-14  2.049899e-14 -1.000000e+00
   outer loop
     vertex  1.469581e+02  8.368471e+01  3.900000e+01
     vertex  1.465322e+02  8.376734e+01  3.900000e+01
     vertex  1.470238e+02  8.724507e+01  3.900000e+01
   endloop
 endfacet
 facet normal -9.163781e-16  1.798382e-14 -1.000000e+00
   outer loop
     vertex  1.349310e+02  6.110203e+01  3.900000e+01
     vertex  1.332394e+02  6.496684e+01  3.900000e+01
     vertex  1.367423e+02  6.514533e+01  3.900000e+01
   endloop
 endfacet
 facet normal -2.052355e-14  2.676735e-14 -1.000000e+00
   outer loop
     vertex  1.370811e+02  6.487420e+01  3.900000e+01
     vertex  1.349310e+02  6.110203e+01  3.900000e+01
     vertex  1.367423e+02  6.514533e+01  3.900000e+01
   endloop
 endfacet
 facet normal  2.704222e-14  1.945838e-14 -1.000000e+00
   outer loop
     vertex  1.473520e+02  8.350254e+01  3.900000e+01
     vertex  1.469581e+02  8.368471e+01  3.900000e+01
     vertex  1.470238e+02  8.724507e+01  3.900000e+01
   endloop
 endfacet
 facet normal  5.516098e-15  1.192503e-14 -1.000000e+00
   outer loop
     vertex  1.374749e+02  6.469202e+01  3.900000e+01
     vertex  1.349310e+02  6.110203e+01  3.900000e+01
     vertex  1.370811e+02  6.487420e+01  3.900000e+01
   endloop
 endfacet
 facet normal  2.700173e-15  1.392044e-14 -1.000000e+00
   outer loop
     vertex  1.379009e+02  6.460939e+01  3.900000e+01
     vertex  1.349310e+02  6.110203e+01  3.900000e+01
     vertex  1.374749e+02  6.469202e+01  3.900000e+01
   endloop
 endfacet
 facet normal  1.627344e-14  2.427022e-15 -1.000000e+00
   outer loop
     vertex  1.383343e+02  6.463111e+01  3.900000e+01
     vertex  1.349310e+02  6.110203e+01  3.900000e+01
     vertex  1.379009e+02  6.460939e+01  3.900000e+01
   endloop
 endfacet
 facet normal  3.116666e-16  1.759848e-14 -1.000000e+00
   outer loop
     vertex  1.431930e+02  7.314869e+01  3.900000e+01
     vertex  1.328202e+02  7.333239e+01  3.900000e+01
     vertex  1.341169e+02  7.734695e+01  3.900000e+01
   endloop
 endfacet
 facet normal -2.241771e-16  1.564035e-14 -1.000000e+00
   outer loop
     vertex  1.441443e+02  7.468623e+01  3.900000e+01
     vertex  1.363367e+02  8.093453e+01  3.900000e+01
     vertex  1.448549e+02  8.105663e+01  3.900000e+01
   endloop
 endfacet
 facet normal -4.066590e-17  1.586966e-14 -1.000000e+00
   outer loop
     vertex  1.441443e+02  7.468623e+01  3.900000e+01
     vertex  1.341169e+02  7.734695e+01  3.900000e+01
     vertex  1.363367e+02  8.093453e+01  3.900000e+01
   endloop
 endfacet
 facet normal  1.777626e-14  1.363236e-14 -1.000000e+00
   outer loop
     vertex  1.441443e+02  7.468623e+01  3.900000e+01
     vertex  1.448549e+02  8.105663e+01  3.900000e+01
     vertex  1.451190e+02  8.071229e+01  3.900000e+01
   endloop
 endfacet
 facet normal  5.612276e-16  1.813799e-14 -1.000000e+00
   outer loop
     vertex  1.441443e+02  7.468623e+01  3.900000e+01
     vertex  1.431930e+02  7.314869e+01  3.900000e+01
     vertex  1.341169e+02  7.734695e+01  3.900000e+01
   endloop
 endfacet
 facet normal -8.524927e-16  1.701232e-14 -1.000000e+00
   outer loop
     vertex  1.512373e+02  8.745620e+01  3.900000e+01
     vertex  1.473520e+02  8.350254e+01  3.900000e+01
     vertex  1.470238e+02  8.724507e+01  3.900000e+01
   endloop
 endfacet
 facet normal -1.747074e-14  2.810186e-14 -1.000000e+00
   outer loop
     vertex  1.512373e+02  8.745620e+01  3.900000e+01
     vertex  1.481288e+02  8.248955e+01  3.900000e+01
     vertex  1.479548e+02  8.288707e+01  3.900000e+01
   endloop
 endfacet
 facet normal  1.047000e-14  8.029298e-15 -1.000000e+00
   outer loop
     vertex  1.512373e+02  8.745620e+01  3.900000e+01
     vertex  1.479548e+02  8.288707e+01  3.900000e+01
     vertex  1.476908e+02  8.323140e+01  3.900000e+01
   endloop
 endfacet
 facet normal -4.493978e-15  2.059086e-14 -1.000000e+00
   outer loop
     vertex  1.512373e+02  8.745620e+01  3.900000e+01
     vertex  1.476908e+02  8.323140e+01  3.900000e+01
     vertex  1.473520e+02  8.350254e+01  3.900000e+01
   endloop
 endfacet
 facet normal -1.112218e-14  2.865126e-14 -1.000000e+00
   outer loop
     vertex  1.426372e+02  7.142817e+01  3.900000e+01
     vertex  1.385814e+02  6.811775e+01  3.900000e+01
     vertex  1.381554e+02  6.820038e+01  3.900000e+01
   endloop
 endfacet
 facet normal  4.363332e-16  2.463787e-14 -1.000000e+00
   outer loop
     vertex  1.426372e+02  7.142817e+01  3.900000e+01
     vertex  1.328202e+02  7.333239e+01  3.900000e+01
     vertex  1.431930e+02  7.314869e+01  3.900000e+01
   endloop
 endfacet
 facet normal -1.402896e-15  1.515593e-14 -1.000000e+00
   outer loop
     vertex  1.426372e+02  7.142817e+01  3.900000e+01
     vertex  1.381554e+02  6.820038e+01  3.900000e+01
     vertex  1.328202e+02  7.333239e+01  3.900000e+01
   endloop
 endfacet
 facet normal -2.916622e-14  1.596786e-14 -1.000000e+00
   outer loop
     vertex  1.454359e+02  7.595142e+01  3.900000e+01
     vertex  1.451190e+02  8.071229e+01  3.900000e+01
     vertex  1.454578e+02  8.044116e+01  3.900000e+01
   endloop
 endfacet
 facet normal  2.530501e-14  1.570276e-14 -1.000000e+00
   outer loop
     vertex  1.454359e+02  7.595142e+01  3.900000e+01
     vertex  1.454578e+02  8.044116e+01  3.900000e+01
     vertex  1.458516e+02  8.025898e+01  3.900000e+01
   endloop
 endfacet
 facet normal -6.140170e-15  1.750077e-14 -1.000000e+00
   outer loop
     vertex  1.454359e+02  7.595142e+01  3.900000e+01
     vertex  1.441443e+02  7.468623e+01  3.900000e+01
     vertex  1.451190e+02  8.071229e+01  3.900000e+01
   endloop
 endfacet
 facet normal -1.116857e-14  3.270544e-14 -1.000000e+00
   outer loop
     vertex  1.425094e+02  6.962464e+01  3.900000e+01
     vertex  1.395781e+02  6.732011e+01  3.900000e+01
     vertex  1.393140e+02  6.766444e+01  3.900000e+01
   endloop
 endfacet
 facet normal -4.065376e-15  2.112642e-14 -1.000000e+00
   outer loop
     vertex  1.425094e+02  6.962464e+01  3.900000e+01
     vertex  1.393140e+02  6.766444e+01  3.900000e+01
     vertex  1.389752e+02  6.793558e+01  3.900000e+01
   endloop
 endfacet
 facet normal  2.966496e-15  6.413147e-15 -1.000000e+00
   outer loop
     vertex  1.425094e+02  6.962464e+01  3.900000e+01
     vertex  1.389752e+02  6.793558e+01  3.900000e+01
     vertex  1.385814e+02  6.811775e+01  3.900000e+01
   endloop
 endfacet
 facet normal -6.361318e-16  1.580406e-14 -1.000000e+00
   outer loop
     vertex  1.425094e+02  6.962464e+01  3.900000e+01
     vertex  1.385814e+02  6.811775e+01  3.900000e+01
     vertex  1.426372e+02  7.142817e+01  3.900000e+01
   endloop
 endfacet
 facet normal  3.157372e-15  1.784005e-14 -1.000000e+00
   outer loop
     vertex  1.469928e+02  7.687073e+01  3.900000e+01
     vertex  1.454359e+02  7.595142e+01  3.900000e+01
     vertex  1.458516e+02  8.025898e+01  3.900000e+01
   endloop
 endfacet
 facet normal -1.436395e-14  1.193867e-14 -1.000000e+00
   outer loop
     vertex  1.469928e+02  7.687073e+01  3.900000e+01
     vertex  1.458516e+02  8.025898e+01  3.900000e+01
     vertex  1.462776e+02  8.017635e+01  3.900000e+01
   endloop
 endfacet
 facet normal  1.547332e-14  1.839431e-14 -1.000000e+00
   outer loop
     vertex  1.469928e+02  7.687073e+01  3.900000e+01
     vertex  1.462776e+02  8.017635e+01  3.900000e+01
     vertex  1.467110e+02  8.019807e+01  3.900000e+01
   endloop
 endfacet
 facet normal  1.763526e-15  1.625627e-14 -1.000000e+00
   outer loop
     vertex  1.428169e+02  6.784293e+01  3.900000e+01
     vertex  1.395781e+02  6.732011e+01  3.900000e+01
     vertex  1.425094e+02  6.962464e+01  3.900000e+01
   endloop
 endfacet
 facet normal  1.868463e-15  1.693905e-14 -1.000000e+00
   outer loop
     vertex  1.428169e+02  6.784293e+01  3.900000e+01
     vertex  1.398259e+02  6.649497e+01  3.900000e+01
     vertex  1.397521e+02  6.692258e+01  3.900000e+01
   endloop
 endfacet
 facet normal  1.403208e-15  1.848836e-14 -1.000000e+00
   outer loop
     vertex  1.428169e+02  6.784293e+01  3.900000e+01
     vertex  1.397521e+02  6.692258e+01  3.900000e+01
     vertex  1.395781e+02  6.732011e+01  3.900000e+01
   endloop
 endfacet
 facet normal -5.474653e-15  1.823078e-14 -1.000000e+00
   outer loop
     vertex  1.374983e+02  5.775433e+01  3.900000e+01
     vertex  1.383343e+02  6.463111e+01  3.900000e+01
     vertex  1.387499e+02  6.475591e+01  3.900000e+01
   endloop
 endfacet
 facet normal  9.870957e-15  1.548759e-14 -1.000000e+00
   outer loop
     vertex  1.374983e+02  5.775433e+01  3.900000e+01
     vertex  1.387499e+02  6.475591e+01  3.900000e+01
     vertex  1.391235e+02  6.497655e+01  3.900000e+01
   endloop
 endfacet
 facet normal  6.588749e-16  1.748513e-14 -1.000000e+00
   outer loop
     vertex  1.374983e+02  5.775433e+01  3.900000e+01
     vertex  1.349310e+02  6.110203e+01  3.900000e+01
     vertex  1.383343e+02  6.463111e+01  3.900000e+01
   endloop
 endfacet
 facet normal -4.377581e-15  1.457750e-14 -1.000000e+00
   outer loop
     vertex  1.487245e+02  7.739074e+01  3.900000e+01
     vertex  1.467110e+02  8.019807e+01  3.900000e+01
     vertex  1.471266e+02  8.032287e+01  3.900000e+01
   endloop
 endfacet
 facet normal -1.001472e-15  1.699892e-14 -1.000000e+00
   outer loop
     vertex  1.487245e+02  7.739074e+01  3.900000e+01
     vertex  1.469928e+02  7.687073e+01  3.900000e+01
     vertex  1.467110e+02  8.019807e+01  3.900000e+01
   endloop
 endfacet
 facet normal  6.808750e-15  2.067355e-14 -1.000000e+00
   outer loop
     vertex  1.487245e+02  7.739074e+01  3.900000e+01
     vertex  1.471266e+02  8.032287e+01  3.900000e+01
     vertex  1.475003e+02  8.054351e+01  3.900000e+01
   endloop
 endfacet
 facet normal -2.939948e-14  6.613811e-15 -1.000000e+00
   outer loop
     vertex  1.487245e+02  7.739074e+01  3.900000e+01
     vertex  1.475003e+02  8.054351e+01  3.900000e+01
     vertex  1.478103e+02  8.084715e+01  3.900000e+01
   endloop
 endfacet
 facet normal -3.830763e-15  4.088117e-14 -1.000000e+00
   outer loop
     vertex  1.435418e+02  6.618658e+01  3.900000e+01
     vertex  1.394335e+02  6.528019e+01  3.900000e+01
     vertex  1.396618e+02  6.564920e+01  3.900000e+01
   endloop
 endfacet
 facet normal -5.777984e-16  1.739413e-14 -1.000000e+00
   outer loop
     vertex  1.435418e+02  6.618658e+01  3.900000e+01
     vertex  1.396618e+02  6.564920e+01  3.900000e+01
     vertex  1.397952e+02  6.606213e+01  3.900000e+01
   endloop
 endfacet
 facet normal -0.000000e+00  0.000000e+00 -1.000000e+00
   outer loop
     vertex  1.435418e+02  6.618658e+01  3.900000e+01
     vertex  1.397952e+02  6.606213e+01  3.900000e+01
     vertex  1.398259e+02  6.649497e+01  3.900000e+01
   endloop
 endfacet
 facet normal  1.477743e-15  1.780602e-14 -1.000000e+00
   outer loop
     vertex  1.435418e+02  6.618658e+01  3.900000e+01
     vertex  1.398259e+02  6.649497e+01  3.900000e+01
     vertex  1.428169e+02  6.784293e+01  3.900000e+01
   endloop
 endfacet
 facet normal -9.028485e-17  1.722401e-14 -1.000000e+00
   outer loop
     vertex  1.553789e+02  8.665285e+01  3.900000e+01
     vertex  1.481288e+02  8.248955e+01  3.900000e+01
     vertex  1.512373e+02  8.745620e+01  3.900000e+01
   endloop
 endfacet
 facet normal  8.916814e-15  1.538885e-15 -1.000000e+00
   outer loop
     vertex  1.553789e+02  8.665285e+01  3.900000e+01
     vertex  1.482026e+02  8.206193e+01  3.900000e+01
     vertex  1.481288e+02  8.248955e+01  3.900000e+01
   endloop
 endfacet
 facet normal  3.138778e-15  1.731338e-14 -1.000000e+00
   outer loop
     vertex  1.505303e+02  7.748123e+01  3.900000e+01
     vertex  1.478103e+02  8.084715e+01  3.900000e+01
     vertex  1.480386e+02  8.121616e+01  3.900000e+01
   endloop
 endfacet
 facet normal  2.007913e-15  1.655895e-14 -1.000000e+00
   outer loop
     vertex  1.505303e+02  7.748123e+01  3.900000e+01
     vertex  1.480386e+02  8.121616e+01  3.900000e+01
     vertex  1.481720e+02  8.162909e+01  3.900000e+01
   endloop
 endfacet
 facet normal -7.116581e-16  1.420183e-14 -1.000000e+00
   outer loop
     vertex  1.505303e+02  7.748123e+01  3.900000e+01
     vertex  1.487245e+02  7.739074e+01  3.900000e+01
     vertex  1.478103e+02  8.084715e+01  3.900000e+01
   endloop
 endfacet
 facet normal -2.150903e-15 -2.120455e-14 -1.000000e+00
   outer loop
     vertex  1.446421e+02  6.475185e+01  3.900000e+01
     vertex  1.391235e+02  6.497655e+01  3.900000e+01
     vertex  1.394335e+02  6.528019e+01  3.900000e+01
   endloop
 endfacet
 facet normal -5.613700e-16  1.783524e-14 -1.000000e+00
   outer loop
     vertex  1.446421e+02  6.475185e+01  3.900000e+01
     vertex  1.374983e+02  5.775433e+01  3.900000e+01
     vertex  1.391235e+02  6.497655e+01  3.900000e+01
   endloop
 endfacet
 facet normal  1.634194e-15  1.611061e-14 -1.000000e+00
   outer loop
     vertex  1.446421e+02  6.475185e+01  3.900000e+01
     vertex  1.394335e+02  6.528019e+01  3.900000e+01
     vertex  1.435418e+02  6.618658e+01  3.900000e+01
   endloop
 endfacet
 facet normal -7.660546e-16  1.667459e-14 -1.000000e+00
   outer loop
     vertex  1.523052e+02  7.713694e+01  3.900000e+01
     vertex  1.482026e+02  8.206193e+01  3.900000e+01
     vertex  1.553789e+02  8.665285e+01  3.900000e+01
   endloop
 endfacet
 facet normal  3.361218e-15  1.732838e-14 -1.000000e+00
   outer loop
     vertex  1.523052e+02  7.713694e+01  3.900000e+01
     vertex  1.505303e+02  7.748123e+01  3.900000e+01
     vertex  1.481720e+02  8.162909e+01  3.900000e+01
   endloop
 endfacet
 facet normal  3.532930e-14  4.674264e-14 -1.000000e+00
   outer loop
     vertex  1.523052e+02  7.713694e+01  3.900000e+01
     vertex  1.481720e+02  8.162909e+01  3.900000e+01
     vertex  1.482026e+02  8.206193e+01  3.900000e+01
   endloop
 endfacet
 facet normal -7.075301e-16  1.798446e-14 -1.000000e+00
   outer loop
     vertex  1.460538e+02  6.362213e+01  3.900000e+01
     vertex  1.374983e+02  5.775433e+01  3.900000e+01
     vertex  1.446421e+02  6.475185e+01  3.900000e+01
   endloop
 endfacet
 facet normal  2.880048e-16  1.653293e-14 -1.000000e+00
   outer loop
     vertex  1.460538e+02  6.362213e+01  3.900000e+01
     vertex  1.407921e+02  5.511830e+01  3.900000e+01
     vertex  1.374983e+02  5.775433e+01  3.900000e+01
   endloop
 endfacet
 facet normal -9.233274e-16  1.672539e-14 -1.000000e+00
   outer loop
     vertex  1.539462e+02  7.637787e+01  3.900000e+01
     vertex  1.523052e+02  7.713694e+01  3.900000e+01
     vertex  1.553789e+02  8.665285e+01  3.900000e+01
   endloop
 endfacet
 facet normal  2.388458e-16  1.656334e-14 -1.000000e+00
   outer loop
     vertex  1.592079e+02  8.488170e+01  3.900000e+01
     vertex  1.539462e+02  7.637787e+01  3.900000e+01
     vertex  1.553789e+02  8.665285e+01  3.900000e+01
   endloop
 endfacet
 facet normal -7.229972e-16  1.715847e-14 -1.000000e+00
   outer loop
     vertex  1.476948e+02  6.286306e+01  3.900000e+01
     vertex  1.407921e+02  5.511830e+01  3.900000e+01
     vertex  1.460538e+02  6.362213e+01  3.900000e+01
   endloop
 endfacet
 facet normal  1.529901e-16  1.637774e-14 -1.000000e+00
   outer loop
     vertex  1.446211e+02  5.334715e+01  3.900000e+01
     vertex  1.407921e+02  5.511830e+01  3.900000e+01
     vertex  1.476948e+02  6.286306e+01  3.900000e+01
   endloop
 endfacet
 facet normal  2.880048e-16  1.653293e-14 -1.000000e+00
   outer loop
     vertex  1.625017e+02  8.224567e+01  3.900000e+01
     vertex  1.539462e+02  7.637787e+01  3.900000e+01
     vertex  1.592079e+02  8.488170e+01  3.900000e+01
   endloop
 endfacet
 facet normal -7.075301e-16  1.798446e-14 -1.000000e+00
   outer loop
     vertex  1.625017e+02  8.224567e+01  3.900000e+01
     vertex  1.553579e+02  7.524815e+01  3.900000e+01
     vertex  1.539462e+02  7.637787e+01  3.900000e+01
   endloop
 endfacet
 facet normal -9.139119e-16  1.982094e-14 -1.000000e+00
   outer loop
     vertex  1.605665e+02  7.471981e+01  3.900000e+01
     vertex  1.603382e+02  7.435080e+01  3.900000e+01
     vertex  1.564582e+02  7.381342e+01  3.900000e+01
   endloop
 endfacet
 facet normal  1.549500e-16  1.497620e-14 -1.000000e+00
   outer loop
     vertex  1.605665e+02  7.471981e+01  3.900000e+01
     vertex  1.564582e+02  7.381342e+01  3.900000e+01
     vertex  1.553579e+02  7.524815e+01  3.900000e+01
   endloop
 endfacet
 facet normal  1.659296e-15  1.822880e-14 -1.000000e+00
   outer loop
     vertex  1.521897e+02  5.915285e+01  3.900000e+01
     vertex  1.519614e+02  5.878384e+01  3.900000e+01
     vertex  1.494697e+02  6.251877e+01  3.900000e+01
   endloop
 endfacet
 facet normal -8.133235e-16  1.623066e-14 -1.000000e+00
   outer loop
     vertex  1.521897e+02  5.915285e+01  3.900000e+01
     vertex  1.494697e+02  6.251877e+01  3.900000e+01
     vertex  1.512755e+02  6.260926e+01  3.900000e+01
   endloop
 endfacet
 facet normal -5.777984e-16  1.739413e-14 -1.000000e+00
   outer loop
     vertex  1.602048e+02  7.393787e+01  3.900000e+01
     vertex  1.564582e+02  7.381342e+01  3.900000e+01
     vertex  1.603382e+02  7.435080e+01  3.900000e+01
   endloop
 endfacet
 facet normal  8.653272e-17  1.717955e-14 -1.000000e+00
   outer loop
     vertex  1.518280e+02  5.837091e+01  3.900000e+01
     vertex  1.494697e+02  6.251877e+01  3.900000e+01
     vertex  1.519614e+02  5.878384e+01  3.900000e+01
   endloop
 endfacet
 facet normal  3.734687e-15  1.925376e-14 -1.000000e+00
   outer loop
     vertex  1.518280e+02  5.837091e+01  3.900000e+01
     vertex  1.476948e+02  6.286306e+01  3.900000e+01
     vertex  1.494697e+02  6.251877e+01  3.900000e+01
   endloop
 endfacet
 facet normal -1.236161e-15  1.262010e-15 -1.000000e+00
   outer loop
     vertex  1.608765e+02  7.502345e+01  3.900000e+01
     vertex  1.605665e+02  7.471981e+01  3.900000e+01
     vertex  1.553579e+02  7.524815e+01  3.900000e+01
   endloop
 endfacet
 facet normal -5.613700e-16  1.783524e-14 -1.000000e+00
   outer loop
     vertex  1.608765e+02  7.502345e+01  3.900000e+01
     vertex  1.553579e+02  7.524815e+01  3.900000e+01
     vertex  1.625017e+02  8.224567e+01  3.900000e+01
   endloop
 endfacet
 facet normal -1.279416e-14  1.306169e-14 -1.000000e+00
   outer loop
     vertex  1.524997e+02  5.945649e+01  3.900000e+01
     vertex  1.521897e+02  5.915285e+01  3.900000e+01
     vertex  1.512755e+02  6.260926e+01  3.900000e+01
   endloop
 endfacet
 facet normal -5.465803e-16  1.645434e-14 -1.000000e+00
   outer loop
     vertex  1.601741e+02  7.350503e+01  3.900000e+01
     vertex  1.564582e+02  7.381342e+01  3.900000e+01
     vertex  1.602048e+02  7.393787e+01  3.900000e+01
   endloop
 endfacet
 facet normal -5.064768e-16  1.693757e-14 -1.000000e+00
   outer loop
     vertex  1.601741e+02  7.350503e+01  3.900000e+01
     vertex  1.571831e+02  7.215707e+01  3.900000e+01
     vertex  1.564582e+02  7.381342e+01  3.900000e+01
   endloop
 endfacet
 facet normal -7.660546e-16  1.667459e-14 -1.000000e+00
   outer loop
     vertex  1.517974e+02  5.793807e+01  3.900000e+01
     vertex  1.446211e+02  5.334715e+01  3.900000e+01
     vertex  1.476948e+02  6.286306e+01  3.900000e+01
   endloop
 endfacet
 facet normal  1.716839e-14  3.161429e-14 -1.000000e+00
   outer loop
     vertex  1.517974e+02  5.793807e+01  3.900000e+01
     vertex  1.476948e+02  6.286306e+01  3.900000e+01
     vertex  1.518280e+02  5.837091e+01  3.900000e+01
   endloop
 endfacet
 facet normal  9.870957e-15  1.548759e-14 -1.000000e+00
   outer loop
     vertex  1.612501e+02  7.524409e+01  3.900000e+01
     vertex  1.608765e+02  7.502345e+01  3.900000e+01
     vertex  1.625017e+02  8.224567e+01  3.900000e+01
   endloop
 endfacet
 facet normal  6.808750e-15  2.067355e-14 -1.000000e+00
   outer loop
     vertex  1.528734e+02  5.967713e+01  3.900000e+01
     vertex  1.524997e+02  5.945649e+01  3.900000e+01
     vertex  1.512755e+02  6.260926e+01  3.900000e+01
   endloop
 endfacet
 facet normal -3.357072e-16  1.655864e-14 -1.000000e+00
   outer loop
     vertex  1.602479e+02  7.307742e+01  3.900000e+01
     vertex  1.571831e+02  7.215707e+01  3.900000e+01
     vertex  1.601741e+02  7.350503e+01  3.900000e+01
   endloop
 endfacet
 facet normal -9.028485e-17  1.722401e-14 -1.000000e+00
   outer loop
     vertex  1.518712e+02  5.751045e+01  3.900000e+01
     vertex  1.487627e+02  5.254380e+01  3.900000e+01
     vertex  1.446211e+02  5.334715e+01  3.900000e+01
   endloop
 endfacet
 facet normal  8.916814e-15  1.538885e-15 -1.000000e+00
   outer loop
     vertex  1.518712e+02  5.751045e+01  3.900000e+01
     vertex  1.446211e+02  5.334715e+01  3.900000e+01
     vertex  1.517974e+02  5.793807e+01  3.900000e+01
   endloop
 endfacet
 facet normal -2.354140e-14  2.146041e-14 -1.000000e+00
   outer loop
     vertex  1.616657e+02  7.536889e+01  3.900000e+01
     vertex  1.612501e+02  7.524409e+01  3.900000e+01
     vertex  1.625017e+02  8.224567e+01  3.900000e+01
   endloop
 endfacet
 facet normal -5.002950e-15  1.666000e-14 -1.000000e+00
   outer loop
     vertex  1.532890e+02  5.980193e+01  3.900000e+01
     vertex  1.512755e+02  6.260926e+01  3.900000e+01
     vertex  1.530072e+02  6.312927e+01  3.900000e+01
   endloop
 endfacet
 facet normal -1.907007e-14  6.570749e-15 -1.000000e+00
   outer loop
     vertex  1.532890e+02  5.980193e+01  3.900000e+01
     vertex  1.528734e+02  5.967713e+01  3.900000e+01
     vertex  1.512755e+02  6.260926e+01  3.900000e+01
   endloop
 endfacet
 facet normal -3.708699e-16  1.588791e-14 -1.000000e+00
   outer loop
     vertex  1.604219e+02  7.267989e+01  3.900000e+01
     vertex  1.574906e+02  7.037536e+01  3.900000e+01
     vertex  1.571831e+02  7.215707e+01  3.900000e+01
   endloop
 endfacet
 facet normal -6.458773e-16  1.759152e-14 -1.000000e+00
   outer loop
     vertex  1.604219e+02  7.267989e+01  3.900000e+01
     vertex  1.571831e+02  7.215707e+01  3.900000e+01
     vertex  1.602479e+02  7.307742e+01  3.900000e+01
   endloop
 endfacet
 facet normal -1.747074e-14  2.810186e-14 -1.000000e+00
   outer loop
     vertex  1.520452e+02  5.711293e+01  3.900000e+01
     vertex  1.487627e+02  5.254380e+01  3.900000e+01
     vertex  1.518712e+02  5.751045e+01  3.900000e+01
   endloop
 endfacet
 facet normal  3.179909e-14  1.977708e-14 -1.000000e+00
   outer loop
     vertex  1.537224e+02  5.982365e+01  3.900000e+01
     vertex  1.532890e+02  5.980193e+01  3.900000e+01
     vertex  1.530072e+02  6.312927e+01  3.900000e+01
   endloop
 endfacet
 facet normal -2.559800e-15  1.867216e-14 -1.000000e+00
   outer loop
     vertex  1.606860e+02  7.233556e+01  3.900000e+01
     vertex  1.574906e+02  7.037536e+01  3.900000e+01
     vertex  1.604219e+02  7.267989e+01  3.900000e+01
   endloop
 endfacet
 facet normal  1.047000e-14  8.029298e-15 -1.000000e+00
   outer loop
     vertex  1.523092e+02  5.676860e+01  3.900000e+01
     vertex  1.487627e+02  5.254380e+01  3.900000e+01
     vertex  1.520452e+02  5.711293e+01  3.900000e+01
   endloop
 endfacet
 facet normal  7.997005e-15  1.737302e-14 -1.000000e+00
   outer loop
     vertex  1.541484e+02  5.974102e+01  3.900000e+01
     vertex  1.530072e+02  6.312927e+01  3.900000e+01
     vertex  1.545641e+02  6.404858e+01  3.900000e+01
   endloop
 endfacet
 facet normal -1.479916e-14  9.695015e-15 -1.000000e+00
   outer loop
     vertex  1.541484e+02  5.974102e+01  3.900000e+01
     vertex  1.537224e+02  5.982365e+01  3.900000e+01
     vertex  1.530072e+02  6.312927e+01  3.900000e+01
   endloop
 endfacet
 facet normal -1.316584e-14  3.596122e-14 -1.000000e+00
   outer loop
     vertex  1.610248e+02  7.206442e+01  3.900000e+01
     vertex  1.574906e+02  7.037536e+01  3.900000e+01
     vertex  1.606860e+02  7.233556e+01  3.900000e+01
   endloop
 endfacet
 facet normal -1.703884e-14  3.112168e-14 -1.000000e+00
   outer loop
     vertex  1.526480e+02  5.649746e+01  3.900000e+01
     vertex  1.487627e+02  5.254380e+01  3.900000e+01
     vertex  1.523092e+02  5.676860e+01  3.900000e+01
   endloop
 endfacet
 facet normal  8.034473e-15  1.736940e-14 -1.000000e+00
   outer loop
     vertex  1.545422e+02  5.955884e+01  3.900000e+01
     vertex  1.541484e+02  5.974102e+01  3.900000e+01
     vertex  1.545641e+02  6.404858e+01  3.900000e+01
   endloop
 endfacet
 facet normal -8.071575e-15  2.155350e-14 -1.000000e+00
   outer loop
     vertex  1.650690e+02  7.889797e+01  3.900000e+01
     vertex  1.629189e+02  7.512580e+01  3.900000e+01
     vertex  1.625251e+02  7.530798e+01  3.900000e+01
   endloop
 endfacet
 facet normal  2.700173e-15  1.392044e-14 -1.000000e+00
   outer loop
     vertex  1.650690e+02  7.889797e+01  3.900000e+01
     vertex  1.625251e+02  7.530798e+01  3.900000e+01
     vertex  1.620991e+02  7.539061e+01  3.900000e+01
   endloop
 endfacet
 facet normal  3.339500e-14 -1.207098e-14 -1.000000e+00
   outer loop
     vertex  1.650690e+02  7.889797e+01  3.900000e+01
     vertex  1.620991e+02  7.539061e+01  3.900000e+01
     vertex  1.616657e+02  7.536889e+01  3.900000e+01
   endloop
 endfacet
 facet normal  1.821846e-15  1.837700e-14 -1.000000e+00
   outer loop
     vertex  1.650690e+02  7.889797e+01  3.900000e+01
     vertex  1.616657e+02  7.536889e+01  3.900000e+01
     vertex  1.625017e+02  8.224567e+01  3.900000e+01
   endloop
 endfacet
 facet normal -2.189778e-15  1.985393e-14 -1.000000e+00
   outer loop
     vertex  1.614186e+02  7.188225e+01  3.900000e+01
     vertex  1.573628e+02  6.857183e+01  3.900000e+01
     vertex  1.574906e+02  7.037536e+01  3.900000e+01
   endloop
 endfacet
 facet normal  1.114574e-14 -1.490758e-14 -1.000000e+00
   outer loop
     vertex  1.614186e+02  7.188225e+01  3.900000e+01
     vertex  1.574906e+02  7.037536e+01  3.900000e+01
     vertex  1.610248e+02  7.206442e+01  3.900000e+01
   endloop
 endfacet
 facet normal -1.948832e-14  2.806092e-14 -1.000000e+00
   outer loop
     vertex  1.632577e+02  7.485467e+01  3.900000e+01
     vertex  1.629189e+02  7.512580e+01  3.900000e+01
     vertex  1.650690e+02  7.889797e+01  3.900000e+01
   endloop
 endfacet
 facet normal -6.140170e-15  1.750077e-14 -1.000000e+00
   outer loop
     vertex  1.548810e+02  5.928771e+01  3.900000e+01
     vertex  1.545641e+02  6.404858e+01  3.900000e+01
     vertex  1.558557e+02  6.531377e+01  3.900000e+01
   endloop
 endfacet
 facet normal -7.013451e-15  1.744264e-14 -1.000000e+00
   outer loop
     vertex  1.548810e+02  5.928771e+01  3.900000e+01
     vertex  1.545422e+02  5.955884e+01  3.900000e+01
     vertex  1.545641e+02  6.404858e+01  3.900000e+01
   endloop
 endfacet
 facet normal -1.078579e-14  3.038551e-14 -1.000000e+00
   outer loop
     vertex  1.618446e+02  7.179962e+01  3.900000e+01
     vertex  1.573628e+02  6.857183e+01  3.900000e+01
     vertex  1.614186e+02  7.188225e+01  3.900000e+01
   endloop
 endfacet
 facet normal  1.777626e-14  1.363236e-14 -1.000000e+00
   outer loop
     vertex  1.551451e+02  5.894337e+01  3.900000e+01
     vertex  1.548810e+02  5.928771e+01  3.900000e+01
     vertex  1.558557e+02  6.531377e+01  3.900000e+01
   endloop
 endfacet
 facet normal -7.577713e-16  1.512206e-14 -1.000000e+00
   outer loop
     vertex  1.529762e+02  5.275493e+01  3.900000e+01
     vertex  1.487627e+02  5.254380e+01  3.900000e+01
     vertex  1.526480e+02  5.649746e+01  3.900000e+01
   endloop
 endfacet
 facet normal  2.612689e-14  1.747955e-14 -1.000000e+00
   outer loop
     vertex  1.529762e+02  5.275493e+01  3.900000e+01
     vertex  1.526480e+02  5.649746e+01  3.900000e+01
     vertex  1.530419e+02  5.631529e+01  3.900000e+01
   endloop
 endfacet
 facet normal -1.314868e-14  1.820388e-14 -1.000000e+00
   outer loop
     vertex  1.529762e+02  5.275493e+01  3.900000e+01
     vertex  1.530419e+02  5.631529e+01  3.900000e+01
     vertex  1.534678e+02  5.623266e+01  3.900000e+01
   endloop
 endfacet
 facet normal  1.568714e-14  1.412730e-14 -1.000000e+00
   outer loop
     vertex  1.529762e+02  5.275493e+01  3.900000e+01
     vertex  1.534678e+02  5.623266e+01  3.900000e+01
     vertex  1.539012e+02  5.625437e+01  3.900000e+01
   endloop
 endfacet
 facet normal -5.960813e-15  1.984971e-14 -1.000000e+00
   outer loop
     vertex  1.529762e+02  5.275493e+01  3.900000e+01
     vertex  1.539012e+02  5.625437e+01  3.900000e+01
     vertex  1.543168e+02  5.637918e+01  3.900000e+01
   endloop
 endfacet
 facet normal  1.067842e-15  1.885227e-14 -1.000000e+00
   outer loop
     vertex  1.667606e+02  7.503316e+01  3.900000e+01
     vertex  1.632577e+02  7.485467e+01  3.900000e+01
     vertex  1.650690e+02  7.889797e+01  3.900000e+01
   endloop
 endfacet
 facet normal -1.801855e-14  5.052395e-14 -1.000000e+00
   outer loop
     vertex  1.667606e+02  7.503316e+01  3.900000e+01
     vertex  1.637389e+02  7.325235e+01  3.900000e+01
     vertex  1.637696e+02  7.368520e+01  3.900000e+01
   endloop
 endfacet
 facet normal  4.408340e-15  7.608018e-16 -1.000000e+00
   outer loop
     vertex  1.667606e+02  7.503316e+01  3.900000e+01
     vertex  1.637696e+02  7.368520e+01  3.900000e+01
     vertex  1.636958e+02  7.411281e+01  3.900000e+01
   endloop
 endfacet
 facet normal -5.389925e-15  3.338936e-14 -1.000000e+00
   outer loop
     vertex  1.667606e+02  7.503316e+01  3.900000e+01
     vertex  1.636958e+02  7.411281e+01  3.900000e+01
     vertex  1.635218e+02  7.451033e+01  3.900000e+01
   endloop
 endfacet
 facet normal  2.964125e-15 -1.836208e-14 -1.000000e+00
   outer loop
     vertex  1.667606e+02  7.503316e+01  3.900000e+01
     vertex  1.635218e+02  7.451033e+01  3.900000e+01
     vertex  1.632577e+02  7.485467e+01  3.900000e+01
   endloop
 endfacet
 facet normal  4.113784e-15  2.523757e-14 -1.000000e+00
   outer loop
     vertex  1.570167e+02  5.396830e+01  3.900000e+01
     vertex  1.543168e+02  5.637918e+01  3.900000e+01
     vertex  1.546905e+02  5.659981e+01  3.900000e+01
   endloop
 endfacet
 facet normal -2.362401e-14  7.175772e-16 -1.000000e+00
   outer loop
     vertex  1.570167e+02  5.396830e+01  3.900000e+01
     vertex  1.546905e+02  5.659981e+01  3.900000e+01
     vertex  1.550005e+02  5.690346e+01  3.900000e+01
   endloop
 endfacet
 facet normal  1.769127e-15  1.816084e-14 -1.000000e+00
   outer loop
     vertex  1.570167e+02  5.396830e+01  3.900000e+01
     vertex  1.550005e+02  5.690346e+01  3.900000e+01
     vertex  1.552288e+02  5.727246e+01  3.900000e+01
   endloop
 endfacet
 facet normal -2.004230e-15  1.838614e-14 -1.000000e+00
   outer loop
     vertex  1.570167e+02  5.396830e+01  3.900000e+01
     vertex  1.529762e+02  5.275493e+01  3.900000e+01
     vertex  1.543168e+02  5.637918e+01  3.900000e+01
   endloop
 endfacet
 facet normal  3.070698e-15  2.700407e-14 -1.000000e+00
   outer loop
     vertex  1.674781e+02  7.087583e+01  3.900000e+01
     vertex  1.626936e+02  7.194614e+01  3.900000e+01
     vertex  1.630672e+02  7.216677e+01  3.900000e+01
   endloop
 endfacet
 facet normal -3.720910e-15  3.798717e-15 -1.000000e+00
   outer loop
     vertex  1.674781e+02  7.087583e+01  3.900000e+01
     vertex  1.630672e+02  7.216677e+01  3.900000e+01
     vertex  1.633772e+02  7.247042e+01  3.900000e+01
   endloop
 endfacet
 facet normal -4.189946e-15  2.592481e-15 -1.000000e+00
   outer loop
     vertex  1.674781e+02  7.087583e+01  3.900000e+01
     vertex  1.633772e+02  7.247042e+01  3.900000e+01
     vertex  1.636055e+02  7.283943e+01  3.900000e+01
   endloop
 endfacet
 facet normal  2.767449e-15  1.631361e-14 -1.000000e+00
   outer loop
     vertex  1.674781e+02  7.087583e+01  3.900000e+01
     vertex  1.636055e+02  7.283943e+01  3.900000e+01
     vertex  1.637389e+02  7.325235e+01  3.900000e+01
   endloop
 endfacet
 facet normal  2.443494e-15  1.580391e-14 -1.000000e+00
   outer loop
     vertex  1.674781e+02  7.087583e+01  3.900000e+01
     vertex  1.637389e+02  7.325235e+01  3.900000e+01
     vertex  1.667606e+02  7.503316e+01  3.900000e+01
   endloop
 endfacet
 facet normal  9.895398e-16  1.688788e-14 -1.000000e+00
   outer loop
     vertex  1.606495e+02  5.611336e+01  3.900000e+01
     vertex  1.552288e+02  5.727246e+01  3.900000e+01
     vertex  1.553622e+02  5.768539e+01  3.900000e+01
   endloop
 endfacet
 facet normal  1.039157e-14  4.851023e-14 -1.000000e+00
   outer loop
     vertex  1.606495e+02  5.611336e+01  3.900000e+01
     vertex  1.553622e+02  5.768539e+01  3.900000e+01
     vertex  1.553929e+02  5.811824e+01  3.900000e+01
   endloop
 endfacet
 facet normal  1.195347e-15  1.785036e-14 -1.000000e+00
   outer loop
     vertex  1.606495e+02  5.611336e+01  3.900000e+01
     vertex  1.570167e+02  5.396830e+01  3.900000e+01
     vertex  1.552288e+02  5.727246e+01  3.900000e+01
   endloop
 endfacet
 facet normal -8.681729e-15 -1.498313e-15 -1.000000e+00
   outer loop
     vertex  1.606495e+02  5.611336e+01  3.900000e+01
     vertex  1.553929e+02  5.811824e+01  3.900000e+01
     vertex  1.553191e+02  5.854585e+01  3.900000e+01
   endloop
 endfacet
 facet normal -1.066502e-15  1.689017e-14 -1.000000e+00
   outer loop
     vertex  1.671798e+02  6.666761e+01  3.900000e+01
     vertex  1.573628e+02  6.857183e+01  3.900000e+01
     vertex  1.618446e+02  7.179962e+01  3.900000e+01
   endloop
 endfacet
 facet normal  1.472599e-14  3.330794e-14 -1.000000e+00
   outer loop
     vertex  1.671798e+02  6.666761e+01  3.900000e+01
     vertex  1.618446e+02  7.179962e+01  3.900000e+01
     vertex  1.622780e+02  7.182133e+01  3.900000e+01
   endloop
 endfacet
 facet normal -4.508538e-15  1.501359e-14 -1.000000e+00
   outer loop
     vertex  1.671798e+02  6.666761e+01  3.900000e+01
     vertex  1.622780e+02  7.182133e+01  3.900000e+01
     vertex  1.626936e+02  7.194614e+01  3.900000e+01
   endloop
 endfacet
 facet normal  1.537988e-15  2.015252e-14 -1.000000e+00
   outer loop
     vertex  1.671798e+02  6.666761e+01  3.900000e+01
     vertex  1.626936e+02  7.194614e+01  3.900000e+01
     vertex  1.674781e+02  7.087583e+01  3.900000e+01
   endloop
 endfacet
 facet normal  5.382168e-16  1.870574e-14 -1.000000e+00
   outer loop
     vertex  1.636633e+02  5.906547e+01  3.900000e+01
     vertex  1.606495e+02  5.611336e+01  3.900000e+01
     vertex  1.553191e+02  5.854585e+01  3.900000e+01
   endloop
 endfacet
 facet normal -5.091966e-16  3.552555e-14 -1.000000e+00
   outer loop
     vertex  1.636633e+02  5.906547e+01  3.900000e+01
     vertex  1.553191e+02  5.854585e+01  3.900000e+01
     vertex  1.551451e+02  5.894337e+01  3.900000e+01
   endloop
 endfacet
 facet normal -2.241771e-16  1.564035e-14 -1.000000e+00
   outer loop
     vertex  1.636633e+02  5.906547e+01  3.900000e+01
     vertex  1.551451e+02  5.894337e+01  3.900000e+01
     vertex  1.558557e+02  6.531377e+01  3.900000e+01
   endloop
 endfacet
 facet normal  1.498799e-15  2.016489e-14 -1.000000e+00
   outer loop
     vertex  1.658831e+02  6.265305e+01  3.900000e+01
     vertex  1.568070e+02  6.685131e+01  3.900000e+01
     vertex  1.573628e+02  6.857183e+01  3.900000e+01
   endloop
 endfacet
 facet normal  5.612276e-16  1.813799e-14 -1.000000e+00
   outer loop
     vertex  1.658831e+02  6.265305e+01  3.900000e+01
     vertex  1.558557e+02  6.531377e+01  3.900000e+01
     vertex  1.568070e+02  6.685131e+01  3.900000e+01
   endloop
 endfacet
 facet normal -1.179027e-15  1.631006e-14 -1.000000e+00
   outer loop
     vertex  1.658831e+02  6.265305e+01  3.900000e+01
     vertex  1.573628e+02  6.857183e+01  3.900000e+01
     vertex  1.671798e+02  6.666761e+01  3.900000e+01
   endloop
 endfacet
 facet normal -4.066590e-17  1.586966e-14 -1.000000e+00
   outer loop
     vertex  1.658831e+02  6.265305e+01  3.900000e+01
     vertex  1.636633e+02  5.906547e+01  3.900000e+01
     vertex  1.558557e+02  6.531377e+01  3.900000e+01
   endloop
 endfacet
 facet normal  9.160974e-01  4.009557e-01  5.693024e-15
   outer loop
     vertex  1.875446e+02  4.496209e+01  6.600000e+01
     vertex  1.870637e+02  4.606081e+01  6.000000e+01
     vertex  1.870637e+02  4.606081e+01  6.600000e+01
   endloop
 endfacet
 facet normal  9.160974e-01  4.009557e-01  1.051226e-14
   outer loop
     vertex  1.875446e+02  4.496209e+01  6.600000e+01
     vertex  1.875446e+02  4.496209e+01  6.000000e+01
     vertex  1.870637e+02  4.606081e+01  6.000000e+01
   endloop
 endfacet
 facet normal  7.935223e-01  6.085412e-01  1.008921e-14
   outer loop
     vertex  1.882744e+02  4.401039e+01  6.600000e+01
     vertex  1.882744e+02  4.401039e+01  6.000000e+01
     vertex  1.875446e+02  4.496209e+01  6.000000e+01
   endloop
 endfacet
 facet normal  7.935223e-01  6.085412e-01  1.312944e-14
   outer loop
     vertex  1.882744e+02  4.401039e+01  6.600000e+01
     vertex  1.875446e+02  4.496209e+01  6.000000e+01
     vertex  1.875446e+02  4.496209e+01  6.600000e+01
   endloop
 endfacet
 facet normal  6.248306e-01  7.807604e-01  1.294448e-14
   outer loop
     vertex  1.892108e+02  4.326101e+01  6.600000e+01
     vertex  1.892108e+02  4.326101e+01  6.000000e+01
     vertex  1.882744e+02  4.401039e+01  6.000000e+01
   endloop
 endfacet
 facet normal  6.248306e-01  7.807604e-01  1.294430e-14
   outer loop
     vertex  1.892108e+02  4.326101e+01  6.600000e+01
     vertex  1.882744e+02  4.401039e+01  6.000000e+01
     vertex  1.882744e+02  4.401039e+01  6.600000e+01
   endloop
 endfacet
 facet normal  4.198259e-01  9.076046e-01  1.504748e-14
   outer loop
     vertex  1.902994e+02  4.275749e+01  6.600000e+01
     vertex  1.902994e+02  4.275749e+01  6.000000e+01
     vertex  1.892108e+02  4.326101e+01  6.000000e+01
   endloop
 endfacet
 facet normal  4.198259e-01  9.076046e-01  1.504254e-14
   outer loop
     vertex  1.902994e+02  4.275749e+01  6.600000e+01
     vertex  1.892108e+02  4.326101e+01  6.000000e+01
     vertex  1.892108e+02  4.326101e+01  6.600000e+01
   endloop
 endfacet
 facet normal  1.904225e-01  9.817022e-01  1.627597e-14
   outer loop
     vertex  1.914768e+02  4.252911e+01  6.600000e+01
     vertex  1.914768e+02  4.252911e+01  6.000000e+01
     vertex  1.902994e+02  4.275749e+01  6.000000e+01
   endloop
 endfacet
 facet normal -5.004751e-02  9.987468e-01  1.655855e-14
   outer loop
     vertex  1.914768e+02  4.252911e+01  6.600000e+01
     vertex  1.926746e+02  4.258913e+01  6.000000e+01
     vertex  1.914768e+02  4.252911e+01  6.000000e+01
   endloop
 endfacet
 facet normal  1.904225e-01  9.817022e-01  1.627680e-14
   outer loop
     vertex  1.914768e+02  4.252911e+01  6.600000e+01
     vertex  1.902994e+02  4.275749e+01  6.000000e+01
     vertex  1.902994e+02  4.275749e+01  6.600000e+01
   endloop
 endfacet
 facet normal -2.876090e-01  9.577479e-01  1.474462e-14
   outer loop
     vertex  1.926746e+02  4.258913e+01  6.600000e+01
     vertex  1.938233e+02  4.293408e+01  6.000000e+01
     vertex  1.926746e+02  4.258913e+01  6.000000e+01
   endloop
 endfacet
 facet normal -5.004751e-02  9.987468e-01  1.537580e-14
   outer loop
     vertex  1.926746e+02  4.258913e+01  6.600000e+01
     vertex  1.926746e+02  4.258913e+01  6.000000e+01
     vertex  1.914768e+02  4.252911e+01  6.600000e+01
   endloop
 endfacet
 facet normal -2.876090e-01  9.577479e-01  1.587882e-14
   outer loop
     vertex  1.938233e+02  4.293408e+01  6.600000e+01
     vertex  1.938233e+02  4.293408e+01  6.000000e+01
     vertex  1.926746e+02  4.258913e+01  6.600000e+01
   endloop
 endfacet
 facet normal -5.084557e-01  8.610882e-01  1.325653e-14
   outer loop
     vertex  1.948560e+02  4.354389e+01  6.600000e+01
     vertex  1.948560e+02  4.354389e+01  6.000000e+01
     vertex  1.938233e+02  4.293408e+01  6.000000e+01
   endloop
 endfacet
 facet normal -5.084557e-01  8.610882e-01  1.428656e-14
   outer loop
     vertex  1.948560e+02  4.354389e+01  6.600000e+01
     vertex  1.938233e+02  4.293408e+01  6.000000e+01
     vertex  1.938233e+02  4.293408e+01  6.600000e+01
   endloop
 endfacet
 facet normal -6.997528e-01  7.143851e-01  1.184403e-14
   outer loop
     vertex  1.957128e+02  4.438313e+01  6.600000e+01
     vertex  1.957128e+02  4.438313e+01  6.000000e+01
     vertex  1.948560e+02  4.354389e+01  6.000000e+01
   endloop
 endfacet
 facet normal -6.997528e-01  7.143851e-01  1.100034e-14
   outer loop
     vertex  1.957128e+02  4.438313e+01  6.600000e+01
     vertex  1.948560e+02  4.354389e+01  6.000000e+01
     vertex  1.948560e+02  4.354389e+01  6.600000e+01
   endloop
 endfacet
 facet normal -8.503828e-01  5.261646e-01  8.723456e-15
   outer loop
     vertex  1.963438e+02  4.540303e+01  6.600000e+01
     vertex  1.963438e+02  4.540303e+01  6.000000e+01
     vertex  1.957128e+02  4.438313e+01  6.000000e+01
   endloop
 endfacet
 facet normal -9.515916e-01  3.073653e-01  5.095910e-15
   outer loop
     vertex  1.963438e+02  4.540303e+01  6.600000e+01
     vertex  1.967125e+02  4.654431e+01  6.000000e+01
     vertex  1.963438e+02  4.540303e+01  6.000000e+01
   endloop
 endfacet
 facet normal -8.503828e-01  5.261646e-01  8.716961e-15
   outer loop
     vertex  1.963438e+02  4.540303e+01  6.600000e+01
     vertex  1.957128e+02  4.438313e+01  6.000000e+01
     vertex  1.957128e+02  4.438313e+01  6.600000e+01
   endloop
 endfacet
 facet normal -9.515916e-01  3.073653e-01  4.731917e-15
   outer loop
     vertex  1.967125e+02  4.654431e+01  6.600000e+01
     vertex  1.967125e+02  4.654431e+01  6.000000e+01
     vertex  1.963438e+02  4.540303e+01  6.600000e+01
   endloop
 endfacet
 facet normal -9.974974e-01  7.070302e-02 -3.552888e-15
   outer loop
     vertex  1.967973e+02  4.774065e+01  6.600000e+01
     vertex  1.967973e+02  4.774065e+01  6.000000e+01
     vertex  1.967125e+02  4.654431e+01  6.000000e+01
   endloop
 endfacet
 facet normal -9.974974e-01  7.070302e-02  1.087692e-15
   outer loop
     vertex  1.967973e+02  4.774065e+01  6.600000e+01
     vertex  1.967125e+02  4.654431e+01  6.000000e+01
     vertex  1.967125e+02  4.654431e+01  6.600000e+01
   endloop
 endfacet
 facet normal -9.854323e-01 -1.700682e-01 -2.819618e-15
   outer loop
     vertex  1.965933e+02  4.892252e+01  6.600000e+01
     vertex  1.965933e+02  4.892252e+01  6.000000e+01
     vertex  1.967973e+02  4.774065e+01  6.000000e+01
   endloop
 endfacet
 facet normal -9.854323e-01 -1.700682e-01 -7.490415e-15
   outer loop
     vertex  1.965933e+02  4.892252e+01  6.600000e+01
     vertex  1.967973e+02  4.774065e+01  6.000000e+01
     vertex  1.967973e+02  4.774065e+01  6.600000e+01
   endloop
 endfacet
 facet normal  9.160974e-01  4.009557e-01  6.649576e-15
   outer loop
     vertex  1.232077e+02  2.564192e+01  6.600000e+01
     vertex  1.227269e+02  2.674063e+01  6.000000e+01
     vertex  1.227269e+02  2.674063e+01  6.600000e+01
   endloop
 endfacet
 facet normal  9.160974e-01  4.009557e-01  6.647578e-15
   outer loop
     vertex  1.232077e+02  2.564192e+01  6.600000e+01
     vertex  1.232077e+02  2.564192e+01  6.000000e+01
     vertex  1.227269e+02  2.674063e+01  6.000000e+01
   endloop
 endfacet
 facet normal  7.935223e-01  6.085412e-01  1.008921e-14
   outer loop
     vertex  1.239376e+02  2.469022e+01  6.600000e+01
     vertex  1.239376e+02  2.469022e+01  6.000000e+01
     vertex  1.232077e+02  2.564192e+01  6.000000e+01
   endloop
 endfacet
 facet normal  7.935223e-01  6.085412e-01  1.009008e-14
   outer loop
     vertex  1.239376e+02  2.469022e+01  6.600000e+01
     vertex  1.232077e+02  2.564192e+01  6.000000e+01
     vertex  1.232077e+02  2.564192e+01  6.600000e+01
   endloop
 endfacet
 facet normal  6.248306e-01  7.807604e-01  1.294448e-14
   outer loop
     vertex  1.248740e+02  2.394083e+01  6.600000e+01
     vertex  1.248740e+02  2.394083e+01  6.000000e+01
     vertex  1.239376e+02  2.469022e+01  6.000000e+01
   endloop
 endfacet
 facet normal  6.248306e-01  7.807604e-01  1.294430e-14
   outer loop
     vertex  1.248740e+02  2.394083e+01  6.600000e+01
     vertex  1.239376e+02  2.469022e+01  6.000000e+01
     vertex  1.239376e+02  2.469022e+01  6.600000e+01
   endloop
 endfacet
 facet normal  4.198259e-01  9.076046e-01  1.397266e-14
   outer loop
     vertex  1.259625e+02  2.343732e+01  6.600000e+01
     vertex  1.259625e+02  2.343732e+01  6.000000e+01
     vertex  1.248740e+02  2.394083e+01  6.000000e+01
   endloop
 endfacet
 facet normal  4.198259e-01  9.076046e-01  1.504254e-14
   outer loop
     vertex  1.259625e+02  2.343732e+01  6.600000e+01
     vertex  1.248740e+02  2.394083e+01  6.000000e+01
     vertex  1.248740e+02  2.394083e+01  6.600000e+01
   endloop
 endfacet
 facet normal  1.904225e-01  9.817022e-01  1.627597e-14
   outer loop
     vertex  1.271399e+02  2.320894e+01  6.600000e+01
     vertex  1.271399e+02  2.320894e+01  6.000000e+01
     vertex  1.259625e+02  2.343732e+01  6.000000e+01
   endloop
 endfacet
 facet normal -5.004751e-02  9.987468e-01  1.655855e-14
   outer loop
     vertex  1.271399e+02  2.320894e+01  6.600000e+01
     vertex  1.283377e+02  2.326896e+01  6.000000e+01
     vertex  1.271399e+02  2.320894e+01  6.000000e+01
   endloop
 endfacet
 facet normal  1.904225e-01  9.817022e-01  1.511197e-14
   outer loop
     vertex  1.271399e+02  2.320894e+01  6.600000e+01
     vertex  1.259625e+02  2.343732e+01  6.000000e+01
     vertex  1.259625e+02  2.343732e+01  6.600000e+01
   endloop
 endfacet
 facet normal -2.876090e-01  9.577479e-01  1.338223e-14
   outer loop
     vertex  1.283377e+02  2.326896e+01  6.600000e+01
     vertex  1.294864e+02  2.361390e+01  6.000000e+01
     vertex  1.283377e+02  2.326896e+01  6.000000e+01
   endloop
 endfacet
 facet normal -5.004751e-02  9.987468e-01  1.513873e-14
   outer loop
     vertex  1.283377e+02  2.326896e+01  6.600000e+01
     vertex  1.283377e+02  2.326896e+01  6.000000e+01
     vertex  1.271399e+02  2.320894e+01  6.600000e+01
   endloop
 endfacet
 facet normal -2.876090e-01  9.577479e-01  1.587882e-14
   outer loop
     vertex  1.294864e+02  2.361390e+01  6.600000e+01
     vertex  1.294864e+02  2.361390e+01  6.000000e+01
     vertex  1.283377e+02  2.326896e+01  6.600000e+01
   endloop
 endfacet
 facet normal -5.084557e-01  8.610882e-01  1.325653e-14
   outer loop
     vertex  1.305192e+02  2.422371e+01  6.600000e+01
     vertex  1.305192e+02  2.422371e+01  6.000000e+01
     vertex  1.294864e+02  2.361390e+01  6.000000e+01
   endloop
 endfacet
 facet normal -5.084557e-01  8.610882e-01  1.427113e-14
   outer loop
     vertex  1.305192e+02  2.422371e+01  6.600000e+01
     vertex  1.294864e+02  2.361390e+01  6.000000e+01
     vertex  1.294864e+02  2.361390e+01  6.600000e+01
   endloop
 endfacet
 facet normal -6.997528e-01  7.143851e-01  1.099802e-14
   outer loop
     vertex  1.313759e+02  2.506295e+01  6.600000e+01
     vertex  1.313759e+02  2.506295e+01  6.000000e+01
     vertex  1.305192e+02  2.422371e+01  6.000000e+01
   endloop
 endfacet
 facet normal -6.997528e-01  7.143851e-01  1.100034e-14
   outer loop
     vertex  1.313759e+02  2.506295e+01  6.600000e+01
     vertex  1.305192e+02  2.422371e+01  6.000000e+01
     vertex  1.305192e+02  2.422371e+01  6.600000e+01
   endloop
 endfacet
 facet normal -8.503828e-01  5.261646e-01  6.670125e-16
   outer loop
     vertex  1.320070e+02  2.608285e+01  6.600000e+01
     vertex  1.320070e+02  2.608285e+01  6.000000e+01
     vertex  1.313759e+02  2.506295e+01  6.000000e+01
   endloop
 endfacet
 facet normal -9.515916e-01  3.073653e-01 -3.919376e-15
   outer loop
     vertex  1.320070e+02  2.608285e+01  6.600000e+01
     vertex  1.323756e+02  2.722413e+01  6.000000e+01
     vertex  1.320070e+02  2.608285e+01  6.000000e+01
   endloop
 endfacet
 facet normal -8.503828e-01  5.261646e-01  8.115260e-15
   outer loop
     vertex  1.320070e+02  2.608285e+01  6.600000e+01
     vertex  1.313759e+02  2.506295e+01  6.000000e+01
     vertex  1.313759e+02  2.506295e+01  6.600000e+01
   endloop
 endfacet
 facet normal -9.515916e-01  3.073653e-01  9.522607e-16
   outer loop
     vertex  1.323756e+02  2.722413e+01  6.600000e+01
     vertex  1.323756e+02  2.722413e+01  6.000000e+01
     vertex  1.320070e+02  2.608285e+01  6.600000e+01
   endloop
 endfacet
 facet normal -9.974974e-01  7.070302e-02  1.172209e-15
   outer loop
     vertex  1.324604e+02  2.842047e+01  6.600000e+01
     vertex  1.324604e+02  2.842047e+01  6.000000e+01
     vertex  1.323756e+02  2.722413e+01  6.000000e+01
   endloop
 endfacet
 facet normal -9.974974e-01  7.070302e-02 -3.469428e-15
   outer loop
     vertex  1.324604e+02  2.842047e+01  6.600000e+01
     vertex  1.323756e+02  2.722413e+01  6.000000e+01
     vertex  1.323756e+02  2.722413e+01  6.600000e+01
   endloop
 endfacet
 facet normal -9.854323e-01 -1.700682e-01 -2.618216e-15
   outer loop
     vertex  1.322565e+02  2.960234e+01  6.600000e+01
     vertex  1.322565e+02  2.960234e+01  6.000000e+01
     vertex  1.324604e+02  2.842047e+01  6.000000e+01
   endloop
 endfacet
 facet normal -9.854323e-01 -1.700682e-01 -2.819513e-15
   outer loop
     vertex  1.322565e+02  2.960234e+01  6.600000e+01
     vertex  1.324604e+02  2.842047e+01  6.000000e+01
     vertex  1.324604e+02  2.842047e+01  6.600000e+01
   endloop
 endfacet
 facet normal  9.160974e-01  4.009557e-01  7.597232e-15
   outer loop
     vertex  1.034067e+02  9.107748e+01  6.600000e+01
     vertex  1.038876e+02  8.997877e+01  6.000000e+01
     vertex  1.034067e+02  9.107748e+01  6.000000e+01
   endloop
 endfacet
 facet normal  7.935223e-01  6.085412e-01  1.153052e-14
   outer loop
     vertex  1.038876e+02  8.997877e+01  6.600000e+01
     vertex  1.046174e+02  8.902707e+01  6.000000e+01
     vertex  1.038876e+02  8.997877e+01  6.000000e+01
   endloop
 endfacet
 facet normal  9.160974e-01  4.009557e-01  7.597232e-15
   outer loop
     vertex  1.038876e+02  8.997877e+01  6.600000e+01
     vertex  1.038876e+02  8.997877e+01  6.000000e+01
     vertex  1.034067e+02  9.107748e+01  6.600000e+01
   endloop
 endfacet
 facet normal  6.248306e-01  7.807604e-01  1.479370e-14
   outer loop
     vertex  1.046174e+02  8.902707e+01  6.600000e+01
     vertex  1.055538e+02  8.827769e+01  6.000000e+01
     vertex  1.046174e+02  8.902707e+01  6.000000e+01
   endloop
 endfacet
 facet normal  7.935223e-01  6.085412e-01  1.153052e-14
   outer loop
     vertex  1.046174e+02  8.902707e+01  6.600000e+01
     vertex  1.046174e+02  8.902707e+01  6.000000e+01
     vertex  1.038876e+02  8.997877e+01  6.600000e+01
   endloop
 endfacet
 facet normal  4.198259e-01  9.076046e-01  2.034110e-14
   outer loop
     vertex  1.055538e+02  8.827769e+01  6.600000e+01
     vertex  1.066423e+02  8.777417e+01  6.000000e+01
     vertex  1.055538e+02  8.827769e+01  6.000000e+01
   endloop
 endfacet
 facet normal  6.248306e-01  7.807604e-01  1.812280e-14
   outer loop
     vertex  1.055538e+02  8.827769e+01  6.600000e+01
     vertex  1.055538e+02  8.827769e+01  6.000000e+01
     vertex  1.046174e+02  8.902707e+01  6.600000e+01
   endloop
 endfacet
 facet normal  4.198259e-01  9.076046e-01  1.504748e-14
   outer loop
     vertex  1.066423e+02  8.777417e+01  6.600000e+01
     vertex  1.066423e+02  8.777417e+01  6.000000e+01
     vertex  1.055538e+02  8.827769e+01  6.600000e+01
   endloop
 endfacet
 facet normal  1.904225e-01  9.817022e-01  1.395083e-14
   outer loop
     vertex  1.078197e+02  8.754579e+01  6.600000e+01
     vertex  1.078197e+02  8.754579e+01  6.000000e+01
     vertex  1.066423e+02  8.777417e+01  6.000000e+01
   endloop
 endfacet
 facet normal -5.004751e-02  9.987468e-01  1.419305e-14
   outer loop
     vertex  1.078197e+02  8.754579e+01  6.600000e+01
     vertex  1.090176e+02  8.760581e+01  6.000000e+01
     vertex  1.078197e+02  8.754579e+01  6.000000e+01
   endloop
 endfacet
 facet normal  1.904225e-01  9.817022e-01  1.627680e-14
   outer loop
     vertex  1.078197e+02  8.754579e+01  6.600000e+01
     vertex  1.066423e+02  8.777417e+01  6.000000e+01
     vertex  1.066423e+02  8.777417e+01  6.600000e+01
   endloop
 endfacet
 facet normal -2.876090e-01  9.577479e-01  1.724121e-14
   outer loop
     vertex  1.090176e+02  8.760581e+01  6.600000e+01
     vertex  1.101662e+02  8.795075e+01  6.000000e+01
     vertex  1.090176e+02  8.760581e+01  6.000000e+01
   endloop
 endfacet
 facet normal -5.004751e-02  9.987468e-01  1.679563e-14
   outer loop
     vertex  1.090176e+02  8.760581e+01  6.600000e+01
     vertex  1.090176e+02  8.760581e+01  6.000000e+01
     vertex  1.078197e+02  8.754579e+01  6.600000e+01
   endloop
 endfacet
 facet normal -5.084557e-01  8.610882e-01  1.344106e-14
   outer loop
     vertex  1.101662e+02  8.795075e+01  6.600000e+01
     vertex  1.111990e+02  8.856057e+01  6.000000e+01
     vertex  1.101662e+02  8.795075e+01  6.000000e+01
   endloop
 endfacet
 facet normal -2.876090e-01  9.577479e-01  1.429161e-14
   outer loop
     vertex  1.101662e+02  8.795075e+01  6.600000e+01
     vertex  1.101662e+02  8.795075e+01  6.000000e+01
     vertex  1.090176e+02  8.760581e+01  6.600000e+01
   endloop
 endfacet
 facet normal -5.084557e-01  8.610882e-01  1.631573e-14
   outer loop
     vertex  1.111990e+02  8.856057e+01  6.600000e+01
     vertex  1.111990e+02  8.856057e+01  6.000000e+01
     vertex  1.101662e+02  8.795075e+01  6.600000e+01
   endloop
 endfacet
 facet normal -6.997528e-01  7.143851e-01  1.184403e-14
   outer loop
     vertex  1.120558e+02  8.939981e+01  6.600000e+01
     vertex  1.120558e+02  8.939981e+01  6.000000e+01
     vertex  1.111990e+02  8.856057e+01  6.000000e+01
   endloop
 endfacet
 facet normal -6.997528e-01  7.143851e-01  1.353058e-14
   outer loop
     vertex  1.120558e+02  8.939981e+01  6.600000e+01
     vertex  1.111990e+02  8.856057e+01  6.000000e+01
     vertex  1.111990e+02  8.856057e+01  6.600000e+01
   endloop
 endfacet
 facet normal -8.503828e-01  5.261646e-01  7.477248e-15
   outer loop
     vertex  1.126868e+02  9.041971e+01  6.600000e+01
     vertex  1.126868e+02  9.041971e+01  6.000000e+01
     vertex  1.120558e+02  8.939981e+01  6.000000e+01
   endloop
 endfacet
 facet normal -9.515916e-01  3.073653e-01  4.367923e-15
   outer loop
     vertex  1.126868e+02  9.041971e+01  6.600000e+01
     vertex  1.130555e+02  9.156099e+01  6.000000e+01
     vertex  1.126868e+02  9.041971e+01  6.000000e+01
   endloop
 endfacet
 facet normal -8.503828e-01  5.261646e-01  8.716961e-15
   outer loop
     vertex  1.126868e+02  9.041971e+01  6.600000e+01
     vertex  1.120558e+02  8.939981e+01  6.000000e+01
     vertex  1.120558e+02  8.939981e+01  6.600000e+01
   endloop
 endfacet
 facet normal -9.974974e-01  7.070302e-02  1.339667e-15
   outer loop
     vertex  1.130555e+02  9.156099e+01  6.600000e+01
     vertex  1.131403e+02  9.275733e+01  6.000000e+01
     vertex  1.130555e+02  9.156099e+01  6.000000e+01
   endloop
 endfacet
 facet normal -9.515916e-01  3.073653e-01  5.823898e-15
   outer loop
     vertex  1.130555e+02  9.156099e+01  6.600000e+01
     vertex  1.130555e+02  9.156099e+01  6.000000e+01
     vertex  1.126868e+02  9.041971e+01  6.600000e+01
   endloop
 endfacet
 facet normal -9.974974e-01  7.070302e-02 -1.357798e-15
   outer loop
     vertex  1.131403e+02  9.275733e+01  6.600000e+01
     vertex  1.131403e+02  9.275733e+01  6.000000e+01
     vertex  1.130555e+02  9.156099e+01  6.600000e+01
   endloop
 endfacet
 facet normal -9.854323e-01 -1.700682e-01 -3.222420e-15
   outer loop
     vertex  1.129363e+02  9.393919e+01  6.600000e+01
     vertex  1.129363e+02  9.393919e+01  6.000000e+01
     vertex  1.131403e+02  9.275733e+01  6.000000e+01
   endloop
 endfacet
 facet normal -9.854323e-01 -1.700682e-01 -4.751901e-15
   outer loop
     vertex  1.129363e+02  9.393919e+01  6.600000e+01
     vertex  1.131403e+02  9.275733e+01  6.000000e+01
     vertex  1.131403e+02  9.275733e+01  6.600000e+01
   endloop
 endfacet
 facet normal  9.160974e-01  4.009557e-01  5.697924e-15
   outer loop
     vertex  1.677435e+02  1.103977e+02  6.600000e+01
     vertex  1.682244e+02  1.092989e+02  6.000000e+01
     vertex  1.677435e+02  1.103977e+02  6.000000e+01
   endloop
 endfacet
 facet normal  7.935223e-01  6.085412e-01  8.647890e-15
   outer loop
     vertex  1.682244e+02  1.092989e+02  6.600000e+01
     vertex  1.689543e+02  1.083472e+02  6.000000e+01
     vertex  1.682244e+02  1.092989e+02  6.000000e+01
   endloop
 endfacet
 facet normal  9.160974e-01  4.009557e-01  5.697924e-15
   outer loop
     vertex  1.682244e+02  1.092989e+02  6.600000e+01
     vertex  1.682244e+02  1.092989e+02  6.000000e+01
     vertex  1.677435e+02  1.103977e+02  6.600000e+01
   endloop
 endfacet
 facet normal  6.248306e-01  7.807604e-01  1.479370e-14
   outer loop
     vertex  1.689543e+02  1.083472e+02  6.600000e+01
     vertex  1.698907e+02  1.075979e+02  6.000000e+01
     vertex  1.689543e+02  1.083472e+02  6.000000e+01
   endloop
 endfacet
 facet normal  7.935223e-01  6.085412e-01  1.153052e-14
   outer loop
     vertex  1.689543e+02  1.083472e+02  6.600000e+01
     vertex  1.689543e+02  1.083472e+02  6.000000e+01
     vertex  1.682244e+02  1.092989e+02  6.600000e+01
   endloop
 endfacet
 facet normal  4.198259e-01  9.076046e-01  1.719712e-14
   outer loop
     vertex  1.698907e+02  1.075979e+02  6.600000e+01
     vertex  1.709792e+02  1.070943e+02  6.000000e+01
     vertex  1.698907e+02  1.075979e+02  6.000000e+01
   endloop
 endfacet
 facet normal  6.248306e-01  7.807604e-01  1.479370e-14
   outer loop
     vertex  1.698907e+02  1.075979e+02  6.600000e+01
     vertex  1.698907e+02  1.075979e+02  6.000000e+01
     vertex  1.689543e+02  1.083472e+02  6.600000e+01
   endloop
 endfacet
 facet normal  4.198259e-01  9.076046e-01  1.934676e-14
   outer loop
     vertex  1.709792e+02  1.070943e+02  6.600000e+01
     vertex  1.709792e+02  1.070943e+02  6.000000e+01
     vertex  1.698907e+02  1.075979e+02  6.600000e+01
   endloop
 endfacet
 facet normal  1.904225e-01  9.817022e-01  1.860110e-14
   outer loop
     vertex  1.721566e+02  1.068660e+02  6.600000e+01
     vertex  1.721566e+02  1.068660e+02  6.000000e+01
     vertex  1.709792e+02  1.070943e+02  6.000000e+01
   endloop
 endfacet
 facet normal -5.004751e-02  9.987468e-01  1.892406e-14
   outer loop
     vertex  1.721566e+02  1.068660e+02  6.600000e+01
     vertex  1.733544e+02  1.069260e+02  6.000000e+01
     vertex  1.721566e+02  1.068660e+02  6.000000e+01
   endloop
 endfacet
 facet normal  1.904225e-01  9.817022e-01  2.092071e-14
   outer loop
     vertex  1.721566e+02  1.068660e+02  6.600000e+01
     vertex  1.709792e+02  1.070943e+02  6.000000e+01
     vertex  1.709792e+02  1.070943e+02  6.600000e+01
   endloop
 endfacet
 facet normal -2.876090e-01  9.577479e-01  1.587882e-14
   outer loop
     vertex  1.733544e+02  1.069260e+02  6.600000e+01
     vertex  1.745031e+02  1.072709e+02  6.000000e+01
     vertex  1.733544e+02  1.069260e+02  6.000000e+01
   endloop
 endfacet
 facet normal -5.004751e-02  9.987468e-01  1.655855e-14
   outer loop
     vertex  1.733544e+02  1.069260e+02  6.600000e+01
     vertex  1.733544e+02  1.069260e+02  6.000000e+01
     vertex  1.721566e+02  1.068660e+02  6.600000e+01
   endloop
 endfacet
 facet normal -2.876090e-01  9.577479e-01  1.361042e-14
   outer loop
     vertex  1.745031e+02  1.072709e+02  6.600000e+01
     vertex  1.745031e+02  1.072709e+02  6.000000e+01
     vertex  1.733544e+02  1.069260e+02  6.600000e+01
   endloop
 endfacet
 facet normal -5.084557e-01  8.610882e-01  1.427627e-14
   outer loop
     vertex  1.755358e+02  1.078807e+02  6.600000e+01
     vertex  1.755358e+02  1.078807e+02  6.000000e+01
     vertex  1.745031e+02  1.072709e+02  6.000000e+01
   endloop
 endfacet
 facet normal -5.084557e-01  8.610882e-01  1.223460e-14
   outer loop
     vertex  1.755358e+02  1.078807e+02  6.600000e+01
     vertex  1.745031e+02  1.072709e+02  6.000000e+01
     vertex  1.745031e+02  1.072709e+02  6.600000e+01
   endloop
 endfacet
 facet normal -6.997528e-01  7.143851e-01  1.353603e-14
   outer loop
     vertex  1.763926e+02  1.087200e+02  6.600000e+01
     vertex  1.763926e+02  1.087200e+02  6.000000e+01
     vertex  1.755358e+02  1.078807e+02  6.000000e+01
   endloop
 endfacet
 facet normal -6.997528e-01  7.143851e-01  1.184890e-14
   outer loop
     vertex  1.763926e+02  1.087200e+02  6.600000e+01
     vertex  1.755358e+02  1.078807e+02  6.000000e+01
     vertex  1.755358e+02  1.078807e+02  6.600000e+01
   endloop
 endfacet
 facet normal -8.503828e-01  5.261646e-01  9.969664e-15
   outer loop
     vertex  1.770237e+02  1.097399e+02  6.600000e+01
     vertex  1.770237e+02  1.097399e+02  6.000000e+01
     vertex  1.763926e+02  1.087200e+02  6.000000e+01
   endloop
 endfacet
 facet normal -9.515916e-01  3.073653e-01  5.823898e-15
   outer loop
     vertex  1.770237e+02  1.097399e+02  6.600000e+01
     vertex  1.773923e+02  1.108812e+02  6.000000e+01
     vertex  1.770237e+02  1.097399e+02  6.000000e+01
   endloop
 endfacet
 facet normal -8.503828e-01  5.261646e-01  9.966650e-15
   outer loop
     vertex  1.770237e+02  1.097399e+02  6.600000e+01
     vertex  1.763926e+02  1.087200e+02  6.000000e+01
     vertex  1.763926e+02  1.087200e+02  6.600000e+01
   endloop
 endfacet
 facet normal -9.515916e-01  3.073653e-01 -1.397201e-16
   outer loop
     vertex  1.773923e+02  1.108812e+02  6.600000e+01
     vertex  1.773923e+02  1.108812e+02  6.000000e+01
     vertex  1.770237e+02  1.097399e+02  6.600000e+01
   endloop
 endfacet
 facet normal -9.974974e-01  7.070302e-02 -3.385430e-15
   outer loop
     vertex  1.774771e+02  1.120775e+02  6.600000e+01
     vertex  1.774771e+02  1.120775e+02  6.000000e+01
     vertex  1.773923e+02  1.108812e+02  6.000000e+01
   endloop
 endfacet
 facet normal -9.974974e-01  7.070302e-02 -3.720137e-15
   outer loop
     vertex  1.774771e+02  1.120775e+02  6.600000e+01
     vertex  1.773923e+02  1.108812e+02  6.000000e+01
     vertex  1.773923e+02  1.108812e+02  6.600000e+01
   endloop
 endfacet
 facet normal -9.854323e-01 -1.700682e-01 -3.222420e-15
   outer loop
     vertex  1.772731e+02  1.132594e+02  6.600000e+01
     vertex  1.772731e+02  1.132594e+02  6.000000e+01
     vertex  1.774771e+02  1.120775e+02  6.000000e+01
   endloop
 endfacet
 facet normal -9.854323e-01 -1.700682e-01 -7.891550e-15
   outer loop
     vertex  1.772731e+02  1.132594e+02  6.600000e+01
     vertex  1.774771e+02  1.120775e+02  6.000000e+01
     vertex  1.774771e+02  1.120775e+02  6.600000e+01
   endloop
 endfacet
 facet normal -9.854323e-01 -1.700682e-01 -4.789546e-15
   outer loop
     vertex  9.007519e+01  6.699715e+01  5.800000e+01
     vertex  9.253513e+01  5.274346e+01  5.800000e+01
     vertex  9.253513e+01  5.274346e+01  6.600000e+01
   endloop
 endfacet
 facet normal -9.974974e-01  7.070302e-02  3.027849e-15
   outer loop
     vertex  9.007519e+01  6.699715e+01  5.800000e+01
     vertex  9.007519e+01  6.699715e+01  6.600000e+01
     vertex  9.109787e+01  8.142535e+01  6.600000e+01
   endloop
 endfacet
 facet normal -9.854323e-01 -1.700682e-01 -1.270539e-15
   outer loop
     vertex  9.007519e+01  6.699715e+01  5.800000e+01
     vertex  9.253513e+01  5.274346e+01  6.600000e+01
     vertex  9.007519e+01  6.699715e+01  6.600000e+01
   endloop
 endfacet
 facet normal -9.974974e-01  7.070302e-02  1.255938e-15
   outer loop
     vertex  9.109787e+01  8.142535e+01  5.800000e+01
     vertex  9.007519e+01  6.699715e+01  5.800000e+01
     vertex  9.109787e+01  8.142535e+01  6.600000e+01
   endloop
 endfacet
 facet normal -9.515916e-01  3.073653e-01  3.223547e-15
   outer loop
     vertex  9.554372e+01  9.518956e+01  5.800000e+01
     vertex  9.109787e+01  8.142535e+01  6.600000e+01
     vertex  9.554372e+01  9.518956e+01  6.600000e+01
   endloop
 endfacet
 facet normal -9.515916e-01  3.073653e-01  5.464995e-15
   outer loop
     vertex  9.554372e+01  9.518956e+01  5.800000e+01
     vertex  9.109787e+01  8.142535e+01  5.800000e+01
     vertex  9.109787e+01  8.142535e+01  6.600000e+01
   endloop
 endfacet
 facet normal -8.503828e-01  5.261646e-01  6.325394e-15
   outer loop
     vertex  1.031544e+02  1.074898e+02  5.800000e+01
     vertex  9.554372e+01  9.518956e+01  6.600000e+01
     vertex  1.031544e+02  1.074898e+02  6.600000e+01
   endloop
 endfacet
 facet normal -8.503828e-01  5.261646e-01  6.877297e-15
   outer loop
     vertex  1.031544e+02  1.074898e+02  5.800000e+01
     vertex  9.554372e+01  9.518956e+01  5.800000e+01
     vertex  9.554372e+01  9.518956e+01  6.600000e+01
   endloop
 endfacet
 facet normal -6.997528e-01  7.143851e-01  8.909012e-15
   outer loop
     vertex  1.134875e+02  1.176113e+02  5.800000e+01
     vertex  1.031544e+02  1.074898e+02  6.600000e+01
     vertex  1.134875e+02  1.176113e+02  6.600000e+01
   endloop
 endfacet
 facet normal -6.997528e-01  7.143851e-01  1.019314e-14
   outer loop
     vertex  1.134875e+02  1.176113e+02  5.800000e+01
     vertex  1.031544e+02  1.074898e+02  5.800000e+01
     vertex  1.031544e+02  1.074898e+02  6.600000e+01
   endloop
 endfacet
 facet normal -5.084557e-01  8.610882e-01  1.529600e-14
   outer loop
     vertex  1.259427e+02  1.249658e+02  5.800000e+01
     vertex  1.134875e+02  1.176113e+02  6.600000e+01
     vertex  1.259427e+02  1.249658e+02  6.600000e+01
   endloop
 endfacet
 facet normal -5.084557e-01  8.610882e-01  1.142123e-14
   outer loop
     vertex  1.259427e+02  1.249658e+02  5.800000e+01
     vertex  1.134875e+02  1.176113e+02  5.800000e+01
     vertex  1.134875e+02  1.176113e+02  6.600000e+01
   endloop
 endfacet
 facet normal -2.876090e-01  9.577479e-01  1.701302e-14
   outer loop
     vertex  1.397959e+02  1.291259e+02  5.800000e+01
     vertex  1.259427e+02  1.249658e+02  6.600000e+01
     vertex  1.397959e+02  1.291259e+02  6.600000e+01
   endloop
 endfacet
 facet normal -2.876090e-01  9.577479e-01  1.700903e-14
   outer loop
     vertex  1.397959e+02  1.291259e+02  5.800000e+01
     vertex  1.259427e+02  1.249658e+02  5.800000e+01
     vertex  1.259427e+02  1.249658e+02  6.600000e+01
   endloop
 endfacet
 facet normal -5.004751e-02  9.987468e-01  1.401524e-14
   outer loop
     vertex  1.542422e+02  1.298498e+02  5.800000e+01
     vertex  1.397959e+02  1.291259e+02  6.600000e+01
     vertex  1.542422e+02  1.298498e+02  6.600000e+01
   endloop
 endfacet
 facet normal -5.004751e-02  9.987468e-01  1.773053e-14
   outer loop
     vertex  1.542422e+02  1.298498e+02  5.800000e+01
     vertex  1.397959e+02  1.291259e+02  5.800000e+01
     vertex  1.397959e+02  1.291259e+02  6.600000e+01
   endloop
 endfacet
 facet normal  1.904225e-01  9.817022e-01  1.220697e-14
   outer loop
     vertex  1.684419e+02  1.270955e+02  5.800000e+01
     vertex  1.542422e+02  1.298498e+02  6.600000e+01
     vertex  1.684419e+02  1.270955e+02  6.600000e+01
   endloop
 endfacet
 facet normal  1.904225e-01  9.817022e-01  1.461426e-14
   outer loop
     vertex  1.684419e+02  1.270955e+02  5.800000e+01
     vertex  1.542422e+02  1.298498e+02  5.800000e+01
     vertex  1.542422e+02  1.298498e+02  6.600000e+01
   endloop
 endfacet
 facet normal  4.198259e-01  9.076046e-01  1.773453e-14
   outer loop
     vertex  1.815699e+02  1.210230e+02  5.800000e+01
     vertex  1.684419e+02  1.270955e+02  6.600000e+01
     vertex  1.815699e+02  1.210230e+02  6.600000e+01
   endloop
 endfacet
 facet normal  4.198259e-01  9.076046e-01  1.129842e-14
   outer loop
     vertex  1.815699e+02  1.210230e+02  5.800000e+01
     vertex  1.684419e+02  1.270955e+02  5.800000e+01
     vertex  1.684419e+02  1.270955e+02  6.600000e+01
   endloop
 endfacet
 facet normal  6.248306e-01  7.807604e-01  1.747584e-14
   outer loop
     vertex  1.928631e+02  1.119852e+02  5.800000e+01
     vertex  1.815699e+02  1.210230e+02  6.600000e+01
     vertex  1.928631e+02  1.119852e+02  6.600000e+01
   endloop
 endfacet
 facet normal  6.248306e-01  7.807604e-01  1.522830e-14
   outer loop
     vertex  1.928631e+02  1.119852e+02  5.800000e+01
     vertex  1.815699e+02  1.210230e+02  5.800000e+01
     vertex  1.815699e+02  1.210230e+02  6.600000e+01
   endloop
 endfacet
 facet normal  7.935223e-01  6.085412e-01  9.728876e-15
   outer loop
     vertex  2.016653e+02  1.005073e+02  5.800000e+01
     vertex  1.928631e+02  1.119852e+02  6.600000e+01
     vertex  2.016653e+02  1.005073e+02  6.600000e+01
   endloop
 endfacet
 facet normal  7.935223e-01  6.085412e-01  1.473706e-14
   outer loop
     vertex  2.016653e+02  1.005073e+02  5.800000e+01
     vertex  1.928631e+02  1.119852e+02  5.800000e+01
     vertex  1.928631e+02  1.119852e+02  6.600000e+01
   endloop
 endfacet
 facet normal  9.160974e-01  4.009557e-01  7.834645e-15
   outer loop
     vertex  2.074649e+02  8.725654e+01  5.800000e+01
     vertex  2.016653e+02  1.005073e+02  6.600000e+01
     vertex  2.074649e+02  8.725654e+01  6.600000e+01
   endloop
 endfacet
 facet normal  9.160974e-01  4.009557e-01  6.386061e-15
   outer loop
     vertex  2.074649e+02  8.725654e+01  5.800000e+01
     vertex  2.016653e+02  1.005073e+02  5.800000e+01
     vertex  2.016653e+02  1.005073e+02  6.600000e+01
   endloop
 endfacet
 facet normal  2.159991e-15 -1.639208e-14  1.000000e+00
   outer loop
     vertex  1.740375e+02  1.165627e+02  6.600000e+01
     vertex  1.815699e+02  1.210230e+02  6.600000e+01
     vertex  1.684419e+02  1.270955e+02  6.600000e+01
   endloop
 endfacet
 facet normal  1.134941e-14 -3.191089e-14  1.000000e+00
   outer loop
     vertex  1.740375e+02  1.165627e+02  6.600000e+01
     vertex  1.751260e+02  1.160592e+02  6.600000e+01
     vertex  1.815699e+02  1.210230e+02  6.600000e+01
   endloop
 endfacet
 facet normal  7.010063e-16 -1.808743e-14  1.000000e+00
   outer loop
     vertex  1.760624e+02  1.153098e+02  6.600000e+01
     vertex  1.815699e+02  1.210230e+02  6.600000e+01
     vertex  1.751260e+02  1.160592e+02  6.600000e+01
   endloop
 endfacet
 facet normal -3.793048e-15 -1.955464e-14  1.000000e+00
   outer loop
     vertex  1.728601e+02  1.167911e+02  6.600000e+01
     vertex  1.740375e+02  1.165627e+02  6.600000e+01
     vertex  1.684419e+02  1.270955e+02  6.600000e+01
   endloop
 endfacet
 facet normal -1.005943e-14 -7.714437e-15  1.000000e+00
   outer loop
     vertex  1.767923e+02  1.143581e+02  6.600000e+01
     vertex  1.815699e+02  1.210230e+02  6.600000e+01
     vertex  1.760624e+02  1.153098e+02  6.600000e+01
   endloop
 endfacet
 facet normal  8.794970e-16 -1.755122e-14  1.000000e+00
   outer loop
     vertex  1.716623e+02  1.167310e+02  6.600000e+01
     vertex  1.728601e+02  1.167911e+02  6.600000e+01
     vertex  1.684419e+02  1.270955e+02  6.600000e+01
   endloop
 endfacet
 facet normal -1.724786e-15 -1.368900e-14  1.000000e+00
   outer loop
     vertex  1.772731e+02  1.132594e+02  6.600000e+01
     vertex  1.815699e+02  1.210230e+02  6.600000e+01
     vertex  1.767923e+02  1.143581e+02  6.600000e+01
   endloop
 endfacet
 facet normal  4.895836e-15 -1.630330e-14  1.000000e+00
   outer loop
     vertex  1.705136e+02  1.163861e+02  6.600000e+01
     vertex  1.716623e+02  1.167310e+02  6.600000e+01
     vertex  1.684419e+02  1.270955e+02  6.600000e+01
   endloop
 endfacet
 facet normal -2.716722e-14  9.761553e-15  1.000000e+00
   outer loop
     vertex  1.608100e+02  1.204133e+02  6.600000e+01
     vertex  1.612586e+02  1.202058e+02  6.600000e+01
     vertex  1.684419e+02  1.270955e+02  6.600000e+01
   endloop
 endfacet
 facet normal -4.774217e-15 -1.032119e-14  1.000000e+00
   outer loop
     vertex  1.854668e+02  1.071452e+02  6.600000e+01
     vertex  1.859154e+02  1.069378e+02  6.600000e+01
     vertex  1.928631e+02  1.119852e+02  6.600000e+01
   endloop
 endfacet
 facet normal -8.098709e-15 -1.011979e-14  1.000000e+00
   outer loop
     vertex  1.616444e+02  1.198970e+02  6.600000e+01
     vertex  1.684419e+02  1.270955e+02  6.600000e+01
     vertex  1.612586e+02  1.202058e+02  6.600000e+01
   endloop
 endfacet
 facet normal  1.109194e-14 -3.216088e-14  1.000000e+00
   outer loop
     vertex  1.863012e+02  1.066290e+02  6.600000e+01
     vertex  1.928631e+02  1.119852e+02  6.600000e+01
     vertex  1.859154e+02  1.069378e+02  6.600000e+01
   endloop
 endfacet
 facet normal -2.783857e-16 -1.691346e-14  1.000000e+00
   outer loop
     vertex  1.603249e+02  1.205074e+02  6.600000e+01
     vertex  1.684419e+02  1.270955e+02  6.600000e+01
     vertex  1.542422e+02  1.298498e+02  6.600000e+01
   endloop
 endfacet
 facet normal  4.458083e-14 -7.218364e-14  1.000000e+00
   outer loop
     vertex  1.603249e+02  1.205074e+02  6.600000e+01
     vertex  1.608100e+02  1.204133e+02  6.600000e+01
     vertex  1.684419e+02  1.270955e+02  6.600000e+01
   endloop
 endfacet
 facet normal -1.310861e-15 -1.578941e-14  1.000000e+00
   outer loop
     vertex  1.849817e+02  1.072393e+02  6.600000e+01
     vertex  1.928631e+02  1.119852e+02  6.600000e+01
     vertex  1.815699e+02  1.210230e+02  6.600000e+01
   endloop
 endfacet
 facet normal -2.635874e-15 -1.358895e-14  1.000000e+00
   outer loop
     vertex  1.849817e+02  1.072393e+02  6.600000e+01
     vertex  1.854668e+02  1.071452e+02  6.600000e+01
     vertex  1.928631e+02  1.119852e+02  6.600000e+01
   endloop
 endfacet
 facet normal  3.197057e-14 -4.795717e-14  1.000000e+00
   outer loop
     vertex  1.619452e+02  1.195049e+02  6.600000e+01
     vertex  1.684419e+02  1.270955e+02  6.600000e+01
     vertex  1.616444e+02  1.198970e+02  6.600000e+01
   endloop
 endfacet
 facet normal  8.868207e-15 -2.943658e-14  1.000000e+00
   outer loop
     vertex  1.866020e+02  1.062368e+02  6.600000e+01
     vertex  1.928631e+02  1.119852e+02  6.600000e+01
     vertex  1.863012e+02  1.066290e+02  6.600000e+01
   endloop
 endfacet
 facet normal  8.119651e-16 -1.620355e-14  1.000000e+00
   outer loop
     vertex  1.598313e+02  1.204827e+02  6.600000e+01
     vertex  1.603249e+02  1.205074e+02  6.600000e+01
     vertex  1.542422e+02  1.298498e+02  6.600000e+01
   endloop
 endfacet
 facet normal  7.654584e-16 -1.527547e-14  1.000000e+00
   outer loop
     vertex  1.844881e+02  1.072146e+02  6.600000e+01
     vertex  1.849817e+02  1.072393e+02  6.600000e+01
     vertex  1.815699e+02  1.210230e+02  6.600000e+01
   endloop
 endfacet
 facet normal  4.341311e-15 -1.127483e-14  1.000000e+00
   outer loop
     vertex  1.844881e+02  1.072146e+02  6.600000e+01
     vertex  1.772731e+02  1.132594e+02  6.600000e+01
     vertex  1.774771e+02  1.120775e+02  6.600000e+01
   endloop
 endfacet
 facet normal  1.037755e-15 -1.521792e-14  1.000000e+00
   outer loop
     vertex  1.844881e+02  1.072146e+02  6.600000e+01
     vertex  1.815699e+02  1.210230e+02  6.600000e+01
     vertex  1.772731e+02  1.132594e+02  6.600000e+01
   endloop
 endfacet
 facet normal -4.018538e-14  1.380060e-14  1.000000e+00
   outer loop
     vertex  1.621433e+02  1.190522e+02  6.600000e+01
     vertex  1.684419e+02  1.270955e+02  6.600000e+01
     vertex  1.619452e+02  1.195049e+02  6.600000e+01
   endloop
 endfacet
 facet normal -1.513061e-15 -2.074127e-14  1.000000e+00
   outer loop
     vertex  1.621433e+02  1.190522e+02  6.600000e+01
     vertex  1.694808e+02  1.157763e+02  6.600000e+01
     vertex  1.705136e+02  1.163861e+02  6.600000e+01
   endloop
 endfacet
 facet normal -4.274994e-16 -1.733307e-14  1.000000e+00
   outer loop
     vertex  1.621433e+02  1.190522e+02  6.600000e+01
     vertex  1.705136e+02  1.163861e+02  6.600000e+01
     vertex  1.684419e+02  1.270955e+02  6.600000e+01
   endloop
 endfacet
 facet normal -1.295272e-14 -5.669123e-15  1.000000e+00
   outer loop
     vertex  1.868001e+02  1.057841e+02  6.600000e+01
     vertex  1.928631e+02  1.119852e+02  6.600000e+01
     vertex  1.866020e+02  1.062368e+02  6.600000e+01
   endloop
 endfacet
 facet normal -4.667339e-14 -4.453671e-14  1.000000e+00
   outer loop
     vertex  1.593580e+02  1.203406e+02  6.600000e+01
     vertex  1.598313e+02  1.204827e+02  6.600000e+01
     vertex  1.542422e+02  1.298498e+02  6.600000e+01
   endloop
 endfacet
 facet normal  3.674495e-15 -1.223620e-14  1.000000e+00
   outer loop
     vertex  1.840148e+02  1.070725e+02  6.600000e+01
     vertex  1.844881e+02  1.072146e+02  6.600000e+01
     vertex  1.774771e+02  1.120775e+02  6.600000e+01
   endloop
 endfacet
 facet normal -4.880777e-15 -2.341130e-14  1.000000e+00
   outer loop
     vertex  1.840148e+02  1.070725e+02  6.600000e+01
     vertex  1.774771e+02  1.120775e+02  6.600000e+01
     vertex  1.773923e+02  1.108812e+02  6.600000e+01
   endloop
 endfacet
 facet normal -5.721552e-15 -3.016778e-14  1.000000e+00
   outer loop
     vertex  1.622274e+02  1.185651e+02  6.600000e+01
     vertex  1.694808e+02  1.157763e+02  6.600000e+01
     vertex  1.621433e+02  1.190522e+02  6.600000e+01
   endloop
 endfacet
 facet normal  3.479697e-14 -5.235533e-14  1.000000e+00
   outer loop
     vertex  1.868842e+02  1.052971e+02  6.600000e+01
     vertex  1.928631e+02  1.119852e+02  6.600000e+01
     vertex  1.868001e+02  1.057841e+02  6.600000e+01
   endloop
 endfacet
 facet normal -4.545395e-16 -1.646893e-14  1.000000e+00
   outer loop
     vertex  1.686241e+02  1.149370e+02  6.600000e+01
     vertex  1.694808e+02  1.157763e+02  6.600000e+01
     vertex  1.622274e+02  1.185651e+02  6.600000e+01
   endloop
 endfacet
 facet normal  3.404930e-14 -1.109638e-15  1.000000e+00
   outer loop
     vertex  1.589324e+02  1.200893e+02  6.600000e+01
     vertex  1.593580e+02  1.203406e+02  6.600000e+01
     vertex  1.542422e+02  1.298498e+02  6.600000e+01
   endloop
 endfacet
 facet normal -1.212865e-14 -3.601378e-14  1.000000e+00
   outer loop
     vertex  1.835892e+02  1.068212e+02  6.600000e+01
     vertex  1.840148e+02  1.070725e+02  6.600000e+01
     vertex  1.773923e+02  1.108812e+02  6.600000e+01
   endloop
 endfacet
 facet normal  8.542934e-15 -6.055266e-16  1.000000e+00
   outer loop
     vertex  1.621924e+02  1.180722e+02  6.600000e+01
     vertex  1.686241e+02  1.149370e+02  6.600000e+01
     vertex  1.622274e+02  1.185651e+02  6.600000e+01
   endloop
 endfacet
 facet normal -2.972173e-16 -1.756153e-14  1.000000e+00
   outer loop
     vertex  1.868492e+02  1.048041e+02  6.600000e+01
     vertex  2.016653e+02  1.005073e+02  6.600000e+01
     vertex  1.928631e+02  1.119852e+02  6.600000e+01
   endloop
 endfacet
 facet normal -6.083856e-14  3.313965e-14  1.000000e+00
   outer loop
     vertex  1.868492e+02  1.048041e+02  6.600000e+01
     vertex  1.928631e+02  1.119852e+02  6.600000e+01
     vertex  1.868842e+02  1.052971e+02  6.600000e+01
   endloop
 endfacet
 facet normal -1.573296e-14 -2.503149e-14  1.000000e+00
   outer loop
     vertex  1.585794e+02  1.197435e+02  6.600000e+01
     vertex  1.589324e+02  1.200893e+02  6.600000e+01
     vertex  1.542422e+02  1.298498e+02  6.600000e+01
   endloop
 endfacet
 facet normal  6.870599e-15 -7.014268e-15  1.000000e+00
   outer loop
     vertex  1.832362e+02  1.064754e+02  6.600000e+01
     vertex  1.835892e+02  1.068212e+02  6.600000e+01
     vertex  1.773923e+02  1.108812e+02  6.600000e+01
   endloop
 endfacet
 facet normal  2.228578e-15 -1.317149e-14  1.000000e+00
   outer loop
     vertex  1.770237e+02  1.097399e+02  6.600000e+01
     vertex  1.832362e+02  1.064754e+02  6.600000e+01
     vertex  1.773923e+02  1.108812e+02  6.600000e+01
   endloop
 endfacet
 facet normal -5.090398e-15 -2.857385e-14  1.000000e+00
   outer loop
     vertex  1.620405e+02  1.176019e+02  6.600000e+01
     vertex  1.686241e+02  1.149370e+02  6.600000e+01
     vertex  1.621924e+02  1.180722e+02  6.600000e+01
   endloop
 endfacet
 facet normal -3.627876e-15 -2.904625e-14  1.000000e+00
   outer loop
     vertex  1.866973e+02  1.043338e+02  6.600000e+01
     vertex  2.016653e+02  1.005073e+02  6.600000e+01
     vertex  1.868492e+02  1.048041e+02  6.600000e+01
   endloop
 endfacet
 facet normal  1.744419e-14 -1.079339e-14  1.000000e+00
   outer loop
     vertex  1.583193e+02  1.193232e+02  6.600000e+01
     vertex  1.585794e+02  1.197435e+02  6.600000e+01
     vertex  1.542422e+02  1.298498e+02  6.600000e+01
   endloop
 endfacet
 facet normal -6.504063e-15 -2.979016e-14  1.000000e+00
   outer loop
     vertex  1.829762e+02  1.060551e+02  6.600000e+01
     vertex  1.832362e+02  1.064754e+02  6.600000e+01
     vertex  1.770237e+02  1.097399e+02  6.600000e+01
   endloop
 endfacet
 facet normal  6.682677e-16 -1.434709e-14  1.000000e+00
   outer loop
     vertex  1.679930e+02  1.139171e+02  6.600000e+01
     vertex  1.686241e+02  1.149370e+02  6.600000e+01
     vertex  1.620405e+02  1.176019e+02  6.600000e+01
   endloop
 endfacet
 facet normal  6.904855e-15 -4.272300e-15  1.000000e+00
   outer loop
     vertex  1.617805e+02  1.171816e+02  6.600000e+01
     vertex  1.679930e+02  1.139171e+02  6.600000e+01
     vertex  1.620405e+02  1.176019e+02  6.600000e+01
   endloop
 endfacet
 facet normal  3.279008e-15 -2.028848e-15  1.000000e+00
   outer loop
     vertex  1.864373e+02  1.039136e+02  6.600000e+01
     vertex  2.016653e+02  1.005073e+02  6.600000e+01
     vertex  1.866973e+02  1.043338e+02  6.600000e+01
   endloop
 endfacet
 facet normal  2.470698e-14 -7.980384e-15  1.000000e+00
   outer loop
     vertex  1.581674e+02  1.188529e+02  6.600000e+01
     vertex  1.583193e+02  1.193232e+02  6.600000e+01
     vertex  1.542422e+02  1.298498e+02  6.600000e+01
   endloop
 endfacet
 facet normal -4.444186e-15 -3.655632e-14  1.000000e+00
   outer loop
     vertex  1.860843e+02  1.035678e+02  6.600000e+01
     vertex  2.016653e+02  1.005073e+02  6.600000e+01
     vertex  1.864373e+02  1.039136e+02  6.600000e+01
   endloop
 endfacet
 facet normal  2.394481e-15 -1.541516e-14  1.000000e+00
   outer loop
     vertex  1.763926e+02  1.087200e+02  6.600000e+01
     vertex  1.829762e+02  1.060551e+02  6.600000e+01
     vertex  1.770237e+02  1.097399e+02  6.600000e+01
   endloop
 endfacet
 facet normal  7.635846e-15 -2.466388e-15  1.000000e+00
   outer loop
     vertex  1.763926e+02  1.087200e+02  6.600000e+01
     vertex  1.828243e+02  1.055848e+02  6.600000e+01
     vertex  1.829762e+02  1.060551e+02  6.600000e+01
   endloop
 endfacet
 facet normal -5.039855e-15 -2.847016e-14  1.000000e+00
   outer loop
     vertex  1.827893e+02  1.050919e+02  6.600000e+01
     vertex  1.828243e+02  1.055848e+02  6.600000e+01
     vertex  1.763926e+02  1.087200e+02  6.600000e+01
   endloop
 endfacet
 facet normal -3.365027e-15 -2.381641e-14  1.000000e+00
   outer loop
     vertex  1.676244e+02  1.127759e+02  6.600000e+01
     vertex  1.679930e+02  1.139171e+02  6.600000e+01
     vertex  1.617805e+02  1.171816e+02  6.600000e+01
   endloop
 endfacet
 facet normal  5.435349e-15 -9.204962e-15  1.000000e+00
   outer loop
     vertex  1.676244e+02  1.127759e+02  6.600000e+01
     vertex  1.614274e+02  1.168358e+02  6.600000e+01
     vertex  1.610019e+02  1.165846e+02  6.600000e+01
   endloop
 endfacet
 facet normal -9.261805e-15 -3.163796e-14  1.000000e+00
   outer loop
     vertex  1.676244e+02  1.127759e+02  6.600000e+01
     vertex  1.617805e+02  1.171816e+02  6.600000e+01
     vertex  1.614274e+02  1.168358e+02  6.600000e+01
   endloop
 endfacet
 facet normal -5.129849e-15 -2.862883e-14  1.000000e+00
   outer loop
     vertex  1.755358e+02  1.078807e+02  6.600000e+01
     vertex  1.827893e+02  1.050919e+02  6.600000e+01
     vertex  1.763926e+02  1.087200e+02  6.600000e+01
   endloop
 endfacet
 facet normal -5.721552e-15 -3.016778e-14  1.000000e+00
   outer loop
     vertex  1.755358e+02  1.078807e+02  6.600000e+01
     vertex  1.828734e+02  1.046049e+02  6.600000e+01
     vertex  1.827893e+02  1.050919e+02  6.600000e+01
   endloop
 endfacet
 facet normal  3.745023e-15 -1.214407e-14  1.000000e+00
   outer loop
     vertex  1.675396e+02  1.115795e+02  6.600000e+01
     vertex  1.676244e+02  1.127759e+02  6.600000e+01
     vertex  1.610019e+02  1.165846e+02  6.600000e+01
   endloop
 endfacet
 facet normal  3.674495e-15 -1.223620e-14  1.000000e+00
   outer loop
     vertex  1.675396e+02  1.115795e+02  6.600000e+01
     vertex  1.610019e+02  1.165846e+02  6.600000e+01
     vertex  1.605286e+02  1.164424e+02  6.600000e+01
   endloop
 endfacet
 facet normal  4.411487e-15 -7.471013e-15  1.000000e+00
   outer loop
     vertex  1.745031e+02  1.072709e+02  6.600000e+01
     vertex  1.828734e+02  1.046049e+02  6.600000e+01
     vertex  1.755358e+02  1.078807e+02  6.600000e+01
   endloop
 endfacet
 facet normal  7.891199e-15  3.453805e-15  1.000000e+00
   outer loop
     vertex  1.745031e+02  1.072709e+02  6.600000e+01
     vertex  1.830715e+02  1.041521e+02  6.600000e+01
     vertex  1.828734e+02  1.046049e+02  6.600000e+01
   endloop
 endfacet
 facet normal -1.460684e-14 -3.859306e-14  1.000000e+00
   outer loop
     vertex  1.677435e+02  1.103977e+02  6.600000e+01
     vertex  1.675396e+02  1.115795e+02  6.600000e+01
     vertex  1.605286e+02  1.164424e+02  6.600000e+01
   endloop
 endfacet
 facet normal -5.482817e-15 -2.826605e-14  1.000000e+00
   outer loop
     vertex  1.677435e+02  1.103977e+02  6.600000e+01
     vertex  1.600350e+02  1.164177e+02  6.600000e+01
     vertex  1.595498e+02  1.165118e+02  6.600000e+01
   endloop
 endfacet
 facet normal  1.000420e-15 -1.996436e-14  1.000000e+00
   outer loop
     vertex  1.677435e+02  1.103977e+02  6.600000e+01
     vertex  1.605286e+02  1.164424e+02  6.600000e+01
     vertex  1.600350e+02  1.164177e+02  6.600000e+01
   endloop
 endfacet
 facet normal -3.779878e-15 -2.861081e-14  1.000000e+00
   outer loop
     vertex  1.733544e+02  1.069260e+02  6.600000e+01
     vertex  1.830715e+02  1.041521e+02  6.600000e+01
     vertex  1.745031e+02  1.072709e+02  6.600000e+01
   endloop
 endfacet
 facet normal  5.617042e-15  4.307631e-15  1.000000e+00
   outer loop
     vertex  1.733544e+02  1.069260e+02  6.600000e+01
     vertex  1.833723e+02  1.037600e+02  6.600000e+01
     vertex  1.830715e+02  1.041521e+02  6.600000e+01
   endloop
 endfacet
 facet normal -1.700336e-14 -6.726751e-14  1.000000e+00
   outer loop
     vertex  1.733544e+02  1.069260e+02  6.600000e+01
     vertex  1.837581e+02  1.034512e+02  6.600000e+01
     vertex  1.833723e+02  1.037600e+02  6.600000e+01
   endloop
 endfacet
 facet normal  2.317958e-14  1.014520e-14  1.000000e+00
   outer loop
     vertex  1.682244e+02  1.092989e+02  6.600000e+01
     vertex  1.677435e+02  1.103977e+02  6.600000e+01
     vertex  1.595498e+02  1.165118e+02  6.600000e+01
   endloop
 endfacet
 facet normal -6.952085e-16 -1.746352e-14  1.000000e+00
   outer loop
     vertex  1.985063e+02  8.598568e+01  6.600000e+01
     vertex  2.074649e+02  8.725654e+01  6.600000e+01
     vertex  2.016653e+02  1.005073e+02  6.600000e+01
   endloop
 endfacet
 facet normal -6.965842e-15 -1.505917e-14  1.000000e+00
   outer loop
     vertex  1.363877e+02  1.193784e+02  6.600000e+01
     vertex  1.368362e+02  1.191710e+02  6.600000e+01
     vertex  1.397959e+02  1.291259e+02  6.600000e+01
   endloop
 endfacet
 facet normal -3.618904e-14 -9.742350e-15  1.000000e+00
   outer loop
     vertex  1.980578e+02  8.619316e+01  6.600000e+01
     vertex  1.985063e+02  8.598568e+01  6.600000e+01
     vertex  2.016653e+02  1.005073e+02  6.600000e+01
   endloop
 endfacet
 facet normal  1.867700e-14 -2.268292e-14  1.000000e+00
   outer loop
     vertex  1.372221e+02  1.188622e+02  6.600000e+01
     vertex  1.397959e+02  1.291259e+02  6.600000e+01
     vertex  1.368362e+02  1.191710e+02  6.600000e+01
   endloop
 endfacet
 facet normal -2.694878e-15 -3.367399e-15  1.000000e+00
   outer loop
     vertex  1.988922e+02  8.567689e+01  6.600000e+01
     vertex  2.074649e+02  8.725654e+01  6.600000e+01
     vertex  1.985063e+02  8.598568e+01  6.600000e+01
   endloop
 endfacet
 facet normal -3.177957e-15 -1.638360e-14  1.000000e+00
   outer loop
     vertex  1.359025e+02  1.194725e+02  6.600000e+01
     vertex  1.363877e+02  1.193784e+02  6.600000e+01
     vertex  1.397959e+02  1.291259e+02  6.600000e+01
   endloop
 endfacet
 facet normal  2.443770e-14 -2.502173e-14  1.000000e+00
   outer loop
     vertex  1.975726e+02  8.628727e+01  6.600000e+01
     vertex  1.980578e+02  8.619316e+01  6.600000e+01
     vertex  2.016653e+02  1.005073e+02  6.600000e+01
   endloop
 endfacet
 facet normal -1.768712e-14 -1.356400e-14  1.000000e+00
   outer loop
     vertex  1.375228e+02  1.184700e+02  6.600000e+01
     vertex  1.397959e+02  1.291259e+02  6.600000e+01
     vertex  1.372221e+02  1.188622e+02  6.600000e+01
   endloop
 endfacet
 facet normal  2.945670e-15 -3.397849e-14  1.000000e+00
   outer loop
     vertex  1.991929e+02  8.528473e+01  6.600000e+01
     vertex  2.074649e+02  8.725654e+01  6.600000e+01
     vertex  1.988922e+02  8.567689e+01  6.600000e+01
   endloop
 endfacet
 facet normal  9.034742e-16 -1.802971e-14  1.000000e+00
   outer loop
     vertex  1.354090e+02  1.194478e+02  6.600000e+01
     vertex  1.359025e+02  1.194725e+02  6.600000e+01
     vertex  1.397959e+02  1.291259e+02  6.600000e+01
   endloop
 endfacet
 facet normal -2.829805e-14 -9.843884e-15  1.000000e+00
   outer loop
     vertex  1.970790e+02  8.626253e+01  6.600000e+01
     vertex  1.975726e+02  8.628727e+01  6.600000e+01
     vertex  2.016653e+02  1.005073e+02  6.600000e+01
   endloop
 endfacet
 facet normal -8.706179e-17 -1.789336e-14  1.000000e+00
   outer loop
     vertex  1.377210e+02  1.180173e+02  6.600000e+01
     vertex  1.542422e+02  1.298498e+02  6.600000e+01
     vertex  1.397959e+02  1.291259e+02  6.600000e+01
   endloop
 endfacet
 facet normal  2.158535e-14 -2.194142e-14  1.000000e+00
   outer loop
     vertex  1.377210e+02  1.180173e+02  6.600000e+01
     vertex  1.397959e+02  1.291259e+02  6.600000e+01
     vertex  1.375228e+02  1.184700e+02  6.600000e+01
   endloop
 endfacet
 facet normal -6.933549e-16 -1.704683e-14  1.000000e+00
   outer loop
     vertex  1.377210e+02  1.180173e+02  6.600000e+01
     vertex  1.581674e+02  1.188529e+02  6.600000e+01
     vertex  1.542422e+02  1.298498e+02  6.600000e+01
   endloop
 endfacet
 facet normal -4.666955e-15 -2.042624e-15  1.000000e+00
   outer loop
     vertex  1.993911e+02  8.483200e+01  6.600000e+01
     vertex  2.074649e+02  8.725654e+01  6.600000e+01
     vertex  1.991929e+02  8.528473e+01  6.600000e+01
   endloop
 endfacet
 facet normal -1.104304e-15 -1.681860e-14  1.000000e+00
   outer loop
     vertex  1.349356e+02  1.193057e+02  6.600000e+01
     vertex  1.397959e+02  1.291259e+02  6.600000e+01
     vertex  1.259427e+02  1.249658e+02  6.600000e+01
   endloop
 endfacet
 facet normal  6.125028e-15 -2.039656e-14  1.000000e+00
   outer loop
     vertex  1.349356e+02  1.193057e+02  6.600000e+01
     vertex  1.354090e+02  1.194478e+02  6.600000e+01
     vertex  1.397959e+02  1.291259e+02  6.600000e+01
   endloop
 endfacet
 facet normal  3.953860e-14 -3.168455e-14  1.000000e+00
   outer loop
     vertex  1.966057e+02  8.612040e+01  6.600000e+01
     vertex  1.970790e+02  8.626253e+01  6.600000e+01
     vertex  2.016653e+02  1.005073e+02  6.600000e+01
   endloop
 endfacet
 facet normal -7.072385e-16 -1.753097e-14  1.000000e+00
   outer loop
     vertex  1.966057e+02  8.612040e+01  6.600000e+01
     vertex  2.016653e+02  1.005073e+02  6.600000e+01
     vertex  1.860843e+02  1.035678e+02  6.600000e+01
   endloop
 endfacet
 facet normal  4.788997e-16 -2.886134e-14  1.000000e+00
   outer loop
     vertex  1.378050e+02  1.175303e+02  6.600000e+01
     vertex  1.581325e+02  1.183600e+02  6.600000e+01
     vertex  1.581674e+02  1.188529e+02  6.600000e+01
   endloop
 endfacet
 facet normal -1.380319e-15 -2.382188e-16  1.000000e+00
   outer loop
     vertex  1.378050e+02  1.175303e+02  6.600000e+01
     vertex  1.581674e+02  1.188529e+02  6.600000e+01
     vertex  1.377210e+02  1.180173e+02  6.600000e+01
   endloop
 endfacet
 facet normal  3.310836e-15 -2.860895e-14  1.000000e+00
   outer loop
     vertex  1.994751e+02  8.434499e+01  6.600000e+01
     vertex  2.074649e+02  8.725654e+01  6.600000e+01
     vertex  1.993911e+02  8.483200e+01  6.600000e+01
   endloop
 endfacet
 facet normal  4.589405e-15 -7.772324e-15  1.000000e+00
   outer loop
     vertex  1.345101e+02  1.190544e+02  6.600000e+01
     vertex  1.349356e+02  1.193057e+02  6.600000e+01
     vertex  1.259427e+02  1.249658e+02  6.600000e+01
   endloop
 endfacet
 facet normal  7.447813e-15 -1.261314e-14  1.000000e+00
   outer loop
     vertex  1.961802e+02  8.586912e+01  6.600000e+01
     vertex  1.860843e+02  1.035678e+02  6.600000e+01
     vertex  1.856587e+02  1.033165e+02  6.600000e+01
   endloop
 endfacet
 facet normal  7.447813e-15 -1.261314e-14  1.000000e+00
   outer loop
     vertex  1.961802e+02  8.586912e+01  6.600000e+01
     vertex  1.966057e+02  8.612040e+01  6.600000e+01
     vertex  1.860843e+02  1.035678e+02  6.600000e+01
   endloop
 endfacet
 facet normal  4.940819e-16 -2.909507e-14  1.000000e+00
   outer loop
     vertex  1.377701e+02  1.170373e+02  6.600000e+01
     vertex  1.582166e+02  1.178730e+02  6.600000e+01
     vertex  1.581325e+02  1.183600e+02  6.600000e+01
   endloop
 endfacet
 facet normal  4.788997e-16 -2.886134e-14  1.000000e+00
   outer loop
     vertex  1.377701e+02  1.170373e+02  6.600000e+01
     vertex  1.581325e+02  1.183600e+02  6.600000e+01
     vertex  1.378050e+02  1.175303e+02  6.600000e+01
   endloop
 endfacet
 facet normal -7.303164e-15  5.176512e-16  1.000000e+00
   outer loop
     vertex  1.994402e+02  8.385203e+01  6.600000e+01
     vertex  2.074649e+02  8.725654e+01  6.600000e+01
     vertex  1.994751e+02  8.434499e+01  6.600000e+01
   endloop
 endfacet
 facet normal -1.079655e-14 -3.007113e-14  1.000000e+00
   outer loop
     vertex  1.341570e+02  1.187086e+02  6.600000e+01
     vertex  1.345101e+02  1.190544e+02  6.600000e+01
     vertex  1.259427e+02  1.249658e+02  6.600000e+01
   endloop
 endfacet
 facet normal  4.298856e-15 -1.431534e-14  1.000000e+00
   outer loop
     vertex  1.958271e+02  8.552330e+01  6.600000e+01
     vertex  1.856587e+02  1.033165e+02  6.600000e+01
     vertex  1.851854e+02  1.031743e+02  6.600000e+01
   endloop
 endfacet
 facet normal  1.053263e-14 -1.075287e-14  1.000000e+00
   outer loop
     vertex  1.958271e+02  8.552330e+01  6.600000e+01
     vertex  1.961802e+02  8.586912e+01  6.600000e+01
     vertex  1.856587e+02  1.033165e+02  6.600000e+01
   endloop
 endfacet
 facet normal  1.798729e-15 -6.101710e-14  1.000000e+00
   outer loop
     vertex  1.376182e+02  1.165670e+02  6.600000e+01
     vertex  1.582166e+02  1.178730e+02  6.600000e+01
     vertex  1.377701e+02  1.170373e+02  6.600000e+01
   endloop
 endfacet
 facet normal -2.013826e-15 -8.814076e-16  1.000000e+00
   outer loop
     vertex  1.376182e+02  1.165670e+02  6.600000e+01
     vertex  1.584147e+02  1.174202e+02  6.600000e+01
     vertex  1.582166e+02  1.178730e+02  6.600000e+01
   endloop
 endfacet
 facet normal  6.647492e-15 -3.236520e-14  1.000000e+00
   outer loop
     vertex  1.992883e+02  8.338175e+01  6.600000e+01
     vertex  2.074649e+02  8.725654e+01  6.600000e+01
     vertex  1.994402e+02  8.385203e+01  6.600000e+01
   endloop
 endfacet
 facet normal -9.276037e-15 -2.807504e-14  1.000000e+00
   outer loop
     vertex  1.338970e+02  1.182883e+02  6.600000e+01
     vertex  1.341570e+02  1.187086e+02  6.600000e+01
     vertex  1.259427e+02  1.249658e+02  6.600000e+01
   endloop
 endfacet
 facet normal  8.426647e-16 -1.681619e-14  1.000000e+00
   outer loop
     vertex  1.955671e+02  8.510304e+01  6.600000e+01
     vertex  1.851854e+02  1.031743e+02  6.600000e+01
     vertex  1.846918e+02  1.031496e+02  6.600000e+01
   endloop
 endfacet
 facet normal -1.383997e-14 -2.525116e-14  1.000000e+00
   outer loop
     vertex  1.955671e+02  8.510304e+01  6.600000e+01
     vertex  1.958271e+02  8.552330e+01  6.600000e+01
     vertex  1.851854e+02  1.031743e+02  6.600000e+01
   endloop
 endfacet
 facet normal -3.526760e-15  3.599662e-14  1.000000e+00
   outer loop
     vertex  1.373582e+02  1.161468e+02  6.600000e+01
     vertex  1.584147e+02  1.174202e+02  6.600000e+01
     vertex  1.376182e+02  1.165670e+02  6.600000e+01
   endloop
 endfacet
 facet normal  8.044554e-16 -3.562055e-14  1.000000e+00
   outer loop
     vertex  1.373582e+02  1.161468e+02  6.600000e+01
     vertex  1.587154e+02  1.170281e+02  6.600000e+01
     vertex  1.584147e+02  1.174202e+02  6.600000e+01
   endloop
 endfacet
 facet normal  1.124365e-14 -3.631712e-15  1.000000e+00
   outer loop
     vertex  1.337451e+02  1.178180e+02  6.600000e+01
     vertex  1.338970e+02  1.182883e+02  6.600000e+01
     vertex  1.259427e+02  1.249658e+02  6.600000e+01
   endloop
 endfacet
 facet normal -4.657623e-14 -4.539193e-14  1.000000e+00
   outer loop
     vertex  1.954152e+02  8.463276e+01  6.600000e+01
     vertex  1.955671e+02  8.510304e+01  6.600000e+01
     vertex  1.846918e+02  1.031496e+02  6.600000e+01
   endloop
 endfacet
 facet normal -4.024876e-15 -2.074980e-14  1.000000e+00
   outer loop
     vertex  1.954152e+02  8.463276e+01  6.600000e+01
     vertex  1.846918e+02  1.031496e+02  6.600000e+01
     vertex  1.842066e+02  1.032437e+02  6.600000e+01
   endloop
 endfacet
 facet normal -6.113861e-16 -7.639608e-16  1.000000e+00
   outer loop
     vertex  1.370051e+02  1.158010e+02  6.600000e+01
     vertex  1.591013e+02  1.167193e+02  6.600000e+01
     vertex  1.587154e+02  1.170281e+02  6.600000e+01
   endloop
 endfacet
 facet normal -6.946501e-16  7.091758e-16  1.000000e+00
   outer loop
     vertex  1.370051e+02  1.158010e+02  6.600000e+01
     vertex  1.587154e+02  1.170281e+02  6.600000e+01
     vertex  1.373582e+02  1.161468e+02  6.600000e+01
   endloop
 endfacet
 facet normal -1.111621e-14 -2.803947e-14  1.000000e+00
   outer loop
     vertex  1.337102e+02  1.173251e+02  6.600000e+01
     vertex  1.337451e+02  1.178180e+02  6.600000e+01
     vertex  1.259427e+02  1.249658e+02  6.600000e+01
   endloop
 endfacet
 facet normal  1.983262e-14  3.422760e-15  1.000000e+00
   outer loop
     vertex  1.337942e+02  1.168381e+02  6.600000e+01
     vertex  1.337102e+02  1.173251e+02  6.600000e+01
     vertex  1.259427e+02  1.249658e+02  6.600000e+01
   endloop
 endfacet
 facet normal  3.979754e-15 -1.325272e-14  1.000000e+00
   outer loop
     vertex  2.099248e+02  7.300285e+01  6.600000e+01
     vertex  1.982496e+02  8.236440e+01  6.600000e+01
     vertex  1.977763e+02  8.222226e+01  6.600000e+01
   endloop
 endfacet
 facet normal  6.194502e-15 -1.049061e-14  1.000000e+00
   outer loop
     vertex  2.099248e+02  7.300285e+01  6.600000e+01
     vertex  1.986752e+02  8.261568e+01  6.600000e+01
     vertex  1.982496e+02  8.236440e+01  6.600000e+01
   endloop
 endfacet
 facet normal  8.096023e-15 -8.265316e-15  1.000000e+00
   outer loop
     vertex  2.099248e+02  7.300285e+01  6.600000e+01
     vertex  1.990282e+02  8.296149e+01  6.600000e+01
     vertex  1.986752e+02  8.261568e+01  6.600000e+01
   endloop
 endfacet
 facet normal -9.743959e-15 -2.778551e-14  1.000000e+00
   outer loop
     vertex  2.099248e+02  7.300285e+01  6.600000e+01
     vertex  1.992883e+02  8.338175e+01  6.600000e+01
     vertex  1.990282e+02  8.296149e+01  6.600000e+01
   endloop
 endfacet
 facet normal -1.715857e-16 -1.797552e-14  1.000000e+00
   outer loop
     vertex  2.099248e+02  7.300285e+01  6.600000e+01
     vertex  2.074649e+02  8.725654e+01  6.600000e+01
     vertex  1.992883e+02  8.338175e+01  6.600000e+01
   endloop
 endfacet
 facet normal -1.348629e-15 -1.703869e-14  1.000000e+00
   outer loop
     vertex  1.134875e+02  1.176113e+02  6.600000e+01
     vertex  1.337942e+02  1.168381e+02  6.600000e+01
     vertex  1.259427e+02  1.249658e+02  6.600000e+01
   endloop
 endfacet
 facet normal  3.855688e-14 -5.363196e-14  1.000000e+00
   outer loop
     vertex  1.990927e+02  6.177083e+01  6.600000e+01
     vertex  1.995412e+02  6.156335e+01  6.600000e+01
     vertex  2.099248e+02  7.300285e+01  6.600000e+01
   endloop
 endfacet
 facet normal -7.949568e-15 -1.718585e-14  1.000000e+00
   outer loop
     vertex  1.154356e+02  1.067875e+02  6.600000e+01
     vertex  1.158842e+02  1.065800e+02  6.600000e+01
     vertex  1.134875e+02  1.176113e+02  6.600000e+01
   endloop
 endfacet
 facet normal  6.634131e-15 -2.848524e-14  1.000000e+00
   outer loop
     vertex  1.162700e+02  1.062712e+02  6.600000e+01
     vertex  1.339924e+02  1.163853e+02  6.600000e+01
     vertex  1.337942e+02  1.168381e+02  6.600000e+01
   endloop
 endfacet
 facet normal -1.284438e-15 -1.535297e-14  1.000000e+00
   outer loop
     vertex  1.162700e+02  1.062712e+02  6.600000e+01
     vertex  1.337942e+02  1.168381e+02  6.600000e+01
     vertex  1.134875e+02  1.176113e+02  6.600000e+01
   endloop
 endfacet
 facet normal -1.497508e-14 -1.871219e-14  1.000000e+00
   outer loop
     vertex  1.162700e+02  1.062712e+02  6.600000e+01
     vertex  1.134875e+02  1.176113e+02  6.600000e+01
     vertex  1.158842e+02  1.065800e+02  6.600000e+01
   endloop
 endfacet
 facet normal -2.997088e-14  8.570602e-15  1.000000e+00
   outer loop
     vertex  1.999270e+02  6.125456e+01  6.600000e+01
     vertex  2.099248e+02  7.300285e+01  6.600000e+01
     vertex  1.995412e+02  6.156335e+01  6.600000e+01
   endloop
 endfacet
 facet normal -2.443645e-16 -1.672659e-14  1.000000e+00
   outer loop
     vertex  1.999270e+02  6.125456e+01  6.600000e+01
     vertex  2.089021e+02  5.857465e+01  6.600000e+01
     vertex  2.099248e+02  7.300285e+01  6.600000e+01
   endloop
 endfacet
 facet normal -3.351739e-14 -2.178759e-14  1.000000e+00
   outer loop
     vertex  1.149505e+02  1.068816e+02  6.600000e+01
     vertex  1.154356e+02  1.067875e+02  6.600000e+01
     vertex  1.134875e+02  1.176113e+02  6.600000e+01
   endloop
 endfacet
 facet normal  8.184828e-16 -1.741835e-14  1.000000e+00
   outer loop
     vertex  1.986075e+02  6.186493e+01  6.600000e+01
     vertex  2.099248e+02  7.300285e+01  6.600000e+01
     vertex  1.977763e+02  8.222226e+01  6.600000e+01
   endloop
 endfacet
 facet normal  8.727280e-16 -1.741614e-14  1.000000e+00
   outer loop
     vertex  1.986075e+02  6.186493e+01  6.600000e+01
     vertex  1.977763e+02  8.222226e+01  6.600000e+01
     vertex  1.972827e+02  8.219753e+01  6.600000e+01
   endloop
 endfacet
 facet normal -2.687628e-15 -1.385577e-14  1.000000e+00
   outer loop
     vertex  1.986075e+02  6.186493e+01  6.600000e+01
     vertex  1.990927e+02  6.177083e+01  6.600000e+01
     vertex  2.099248e+02  7.300285e+01  6.600000e+01
   endloop
 endfacet
 facet normal -7.250798e-15 -5.560536e-15  1.000000e+00
   outer loop
     vertex  1.165708e+02  1.058791e+02  6.600000e+01
     vertex  1.342931e+02  1.159932e+02  6.600000e+01
     vertex  1.339924e+02  1.163853e+02  6.600000e+01
   endloop
 endfacet
 facet normal  7.691885e-15 -3.033868e-14  1.000000e+00
   outer loop
     vertex  1.165708e+02  1.058791e+02  6.600000e+01
     vertex  1.339924e+02  1.163853e+02  6.600000e+01
     vertex  1.162700e+02  1.062712e+02  6.600000e+01
   endloop
 endfacet
 facet normal  6.160858e-15  4.724676e-15  1.000000e+00
   outer loop
     vertex  2.002278e+02  6.086240e+01  6.600000e+01
     vertex  2.089021e+02  5.857465e+01  6.600000e+01
     vertex  1.999270e+02  6.125456e+01  6.600000e+01
   endloop
 endfacet
 facet normal -3.412175e-15 -1.759109e-14  1.000000e+00
   outer loop
     vertex  1.981139e+02  6.184020e+01  6.600000e+01
     vertex  1.972827e+02  8.219753e+01  6.600000e+01
     vertex  1.967976e+02  8.229163e+01  6.600000e+01
   endloop
 endfacet
 facet normal  8.727280e-16 -1.741614e-14  1.000000e+00
   outer loop
     vertex  1.981139e+02  6.184020e+01  6.600000e+01
     vertex  1.986075e+02  6.186493e+01  6.600000e+01
     vertex  1.972827e+02  8.219753e+01  6.600000e+01
   endloop
 endfacet
 facet normal  2.945288e-14 -1.320197e-14  1.000000e+00
   outer loop
     vertex  1.144569e+02  1.068569e+02  6.600000e+01
     vertex  1.149505e+02  1.068816e+02  6.600000e+01
     vertex  1.134875e+02  1.176113e+02  6.600000e+01
   endloop
 endfacet
 facet normal  2.563941e-14 -6.000388e-14  1.000000e+00
   outer loop
     vertex  1.167689e+02  1.054263e+02  6.600000e+01
     vertex  1.346790e+02  1.156844e+02  6.600000e+01
     vertex  1.342931e+02  1.159932e+02  6.600000e+01
   endloop
 endfacet
 facet normal -8.340802e-15 -3.650586e-15  1.000000e+00
   outer loop
     vertex  1.167689e+02  1.054263e+02  6.600000e+01
     vertex  1.342931e+02  1.159932e+02  6.600000e+01
     vertex  1.165708e+02  1.058791e+02  6.600000e+01
   endloop
 endfacet
 facet normal -3.802571e-15 -3.305316e-14  1.000000e+00
   outer loop
     vertex  2.004259e+02  6.040966e+01  6.600000e+01
     vertex  2.089021e+02  5.857465e+01  6.600000e+01
     vertex  2.002278e+02  6.086240e+01  6.600000e+01
   endloop
 endfacet
 facet normal  4.636233e-15 -1.543882e-14  1.000000e+00
   outer loop
     vertex  1.139836e+02  1.067147e+02  6.600000e+01
     vertex  1.144569e+02  1.068569e+02  6.600000e+01
     vertex  1.134875e+02  1.176113e+02  6.600000e+01
   endloop
 endfacet
 facet normal -8.133988e-15 -1.758454e-14  1.000000e+00
   outer loop
     vertex  1.976406e+02  6.169806e+01  6.600000e+01
     vertex  1.967976e+02  8.229163e+01  6.600000e+01
     vertex  1.963490e+02  8.249911e+01  6.600000e+01
   endloop
 endfacet
 facet normal  5.117686e-15 -1.704207e-14  1.000000e+00
   outer loop
     vertex  1.976406e+02  6.169806e+01  6.600000e+01
     vertex  1.981139e+02  6.184020e+01  6.600000e+01
     vertex  1.967976e+02  8.229163e+01  6.600000e+01
   endloop
 endfacet
 facet normal -2.207982e-14  2.075979e-14  1.000000e+00
   outer loop
     vertex  1.168530e+02  1.049393e+02  6.600000e+01
     vertex  1.351275e+02  1.154769e+02  6.600000e+01
     vertex  1.346790e+02  1.156844e+02  6.600000e+01
   endloop
 endfacet
 facet normal  7.266815e-15 -2.792621e-14  1.000000e+00
   outer loop
     vertex  1.168530e+02  1.049393e+02  6.600000e+01
     vertex  1.346790e+02  1.156844e+02  6.600000e+01
     vertex  1.167689e+02  1.054263e+02  6.600000e+01
   endloop
 endfacet
 facet normal -9.641641e-15 -6.002465e-14  1.000000e+00
   outer loop
     vertex  2.005100e+02  5.992266e+01  6.600000e+01
     vertex  2.089021e+02  5.857465e+01  6.600000e+01
     vertex  2.004259e+02  6.040966e+01  6.600000e+01
   endloop
 endfacet
 facet normal  8.999047e-15 -1.524021e-14  1.000000e+00
   outer loop
     vertex  1.135580e+02  1.064635e+02  6.600000e+01
     vertex  1.139836e+02  1.067147e+02  6.600000e+01
     vertex  1.134875e+02  1.176113e+02  6.600000e+01
   endloop
 endfacet
 facet normal -1.452365e-14 -1.814810e-14  1.000000e+00
   outer loop
     vertex  1.972150e+02  6.144679e+01  6.600000e+01
     vertex  1.963490e+02  8.249911e+01  6.600000e+01
     vertex  1.959632e+02  8.280790e+01  6.600000e+01
   endloop
 endfacet
 facet normal -2.248461e-14 -1.847558e-14  1.000000e+00
   outer loop
     vertex  1.972150e+02  6.144679e+01  6.600000e+01
     vertex  1.976406e+02  6.169806e+01  6.600000e+01
     vertex  1.963490e+02  8.249911e+01  6.600000e+01
   endloop
 endfacet
 facet normal -2.457442e-15 -1.266907e-14  1.000000e+00
   outer loop
     vertex  1.168180e+02  1.044464e+02  6.600000e+01
     vertex  1.356127e+02  1.153828e+02  6.600000e+01
     vertex  1.351275e+02  1.154769e+02  6.600000e+01
   endloop
 endfacet
 facet normal -1.053999e-14  7.470784e-16  1.000000e+00
   outer loop
     vertex  1.168180e+02  1.044464e+02  6.600000e+01
     vertex  1.351275e+02  1.154769e+02  6.600000e+01
     vertex  1.168530e+02  1.049393e+02  6.600000e+01
   endloop
 endfacet
 facet normal  4.578360e-15  2.850288e-14  1.000000e+00
   outer loop
     vertex  2.004750e+02  5.942970e+01  6.600000e+01
     vertex  2.089021e+02  5.857465e+01  6.600000e+01
     vertex  2.005100e+02  5.992266e+01  6.600000e+01
   endloop
 endfacet
 facet normal  1.602289e-14 -1.635794e-14  1.000000e+00
   outer loop
     vertex  1.968620e+02  6.110097e+01  6.600000e+01
     vertex  1.972150e+02  6.144679e+01  6.600000e+01
     vertex  1.959632e+02  8.280790e+01  6.600000e+01
   endloop
 endfacet
 facet normal  9.548873e-15 -3.330235e-14  1.000000e+00
   outer loop
     vertex  1.166661e+02  1.039761e+02  6.600000e+01
     vertex  1.356127e+02  1.153828e+02  6.600000e+01
     vertex  1.168180e+02  1.044464e+02  6.600000e+01
   endloop
 endfacet
 facet normal -1.335948e-15 -2.978654e-14  1.000000e+00
   outer loop
     vertex  2.003231e+02  5.895942e+01  6.600000e+01
     vertex  2.089021e+02  5.857465e+01  6.600000e+01
     vertex  2.004750e+02  5.942970e+01  6.600000e+01
   endloop
 endfacet
 facet normal  0.000000e+00  0.000000e+00  1.000000e+00
   outer loop
     vertex  2.000631e+02  5.853916e+01  6.600000e+01
     vertex  2.089021e+02  5.857465e+01  6.600000e+01
     vertex  2.003231e+02  5.895942e+01  6.600000e+01
   endloop
 endfacet
 facet normal -3.048874e-16 -1.727162e-14  1.000000e+00
   outer loop
     vertex  1.643659e+02  7.746435e+01  6.600000e+01
     vertex  1.837581e+02  1.034512e+02  6.600000e+01
     vertex  1.733544e+02  1.069260e+02  6.600000e+01
   endloop
 endfacet
 facet normal  8.836572e-16 -1.763424e-14  1.000000e+00
   outer loop
     vertex  1.643659e+02  7.746435e+01  6.600000e+01
     vertex  1.733544e+02  1.069260e+02  6.600000e+01
     vertex  1.721566e+02  1.068660e+02  6.600000e+01
   endloop
 endfacet
 facet normal -1.652852e-15 -1.619958e-14  1.000000e+00
   outer loop
     vertex  1.487989e+02  8.584109e+01  6.600000e+01
     vertex  1.689543e+02  1.083472e+02  6.600000e+01
     vertex  1.682244e+02  1.092989e+02  6.600000e+01
   endloop
 endfacet
 facet normal  4.445308e-15 -2.124947e-14  1.000000e+00
   outer loop
     vertex  1.478034e+02  8.630159e+01  6.600000e+01
     vertex  1.487989e+02  8.584109e+01  6.600000e+01
     vertex  1.682244e+02  1.092989e+02  6.600000e+01
   endloop
 endfacet
 facet normal  2.055763e-16 -1.748471e-14  1.000000e+00
   outer loop
     vertex  1.478034e+02  8.630159e+01  6.600000e+01
     vertex  1.682244e+02  1.092989e+02  6.600000e+01
     vertex  1.595498e+02  1.165118e+02  6.600000e+01
   endloop
 endfacet
 facet normal -6.823573e-15 -1.475161e-14  1.000000e+00
   outer loop
     vertex  1.478034e+02  8.630159e+01  6.600000e+01
     vertex  1.595498e+02  1.165118e+02  6.600000e+01
     vertex  1.591013e+02  1.167193e+02  6.600000e+01
   endloop
 endfacet
 facet normal  5.546117e-15 -1.886968e-14  1.000000e+00
   outer loop
     vertex  1.633704e+02  7.792485e+01  6.600000e+01
     vertex  1.643659e+02  7.746435e+01  6.600000e+01
     vertex  1.721566e+02  1.068660e+02  6.600000e+01
   endloop
 endfacet
 facet normal -1.454671e-14 -1.276970e-14  1.000000e+00
   outer loop
     vertex  1.633704e+02  7.792485e+01  6.600000e+01
     vertex  1.721566e+02  1.068660e+02  6.600000e+01
     vertex  1.709792e+02  1.070943e+02  6.600000e+01
   endloop
 endfacet
 facet normal  1.424125e-15 -1.895516e-14  1.000000e+00
   outer loop
     vertex  1.496553e+02  8.515572e+01  6.600000e+01
     vertex  1.689543e+02  1.083472e+02  6.600000e+01
     vertex  1.487989e+02  8.584109e+01  6.600000e+01
   endloop
 endfacet
 facet normal  5.732363e-16 -1.824708e-14  1.000000e+00
   outer loop
     vertex  1.496553e+02  8.515572e+01  6.600000e+01
     vertex  1.698907e+02  1.075979e+02  6.600000e+01
     vertex  1.689543e+02  1.083472e+02  6.600000e+01
   endloop
 endfacet
 facet normal  4.589831e-16 -1.804937e-14  1.000000e+00
   outer loop
     vertex  1.652223e+02  7.677899e+01  6.600000e+01
     vertex  1.954152e+02  8.463276e+01  6.600000e+01
     vertex  1.842066e+02  1.032437e+02  6.600000e+01
   endloop
 endfacet
 facet normal  1.621184e-15 -1.870892e-14  1.000000e+00
   outer loop
     vertex  1.652223e+02  7.677899e+01  6.600000e+01
     vertex  1.837581e+02  1.034512e+02  6.600000e+01
     vertex  1.643659e+02  7.746435e+01  6.600000e+01
   endloop
 endfacet
 facet normal -6.154520e-15 -1.330521e-14  1.000000e+00
   outer loop
     vertex  1.652223e+02  7.677899e+01  6.600000e+01
     vertex  1.842066e+02  1.032437e+02  6.600000e+01
     vertex  1.837581e+02  1.034512e+02  6.600000e+01
   endloop
 endfacet
 facet normal  1.656545e-16 -4.126256e-14  1.000000e+00
   outer loop
     vertex  1.997101e+02  5.819334e+01  6.600000e+01
     vertex  2.089021e+02  5.857465e+01  6.600000e+01
     vertex  2.000631e+02  5.853916e+01  6.600000e+01
   endloop
 endfacet
 facet normal -3.127671e-15 -1.612436e-14  1.000000e+00
   outer loop
     vertex  1.467266e+02  8.651046e+01  6.600000e+01
     vertex  1.478034e+02  8.630159e+01  6.600000e+01
     vertex  1.591013e+02  1.167193e+02  6.600000e+01
   endloop
 endfacet
 facet normal  8.162406e-17 -1.743901e-14  1.000000e+00
   outer loop
     vertex  1.467266e+02  8.651046e+01  6.600000e+01
     vertex  1.591013e+02  1.167193e+02  6.600000e+01
     vertex  1.370051e+02  1.158010e+02  6.600000e+01
   endloop
 endfacet
 facet normal -3.058247e-15 -1.576645e-14  1.000000e+00
   outer loop
     vertex  1.622935e+02  7.813373e+01  6.600000e+01
     vertex  1.633704e+02  7.792485e+01  6.600000e+01
     vertex  1.709792e+02  1.070943e+02  6.600000e+01
   endloop
 endfacet
 facet normal  1.615221e-14 -2.152790e-14  1.000000e+00
   outer loop
     vertex  1.622935e+02  7.813373e+01  6.600000e+01
     vertex  1.709792e+02  1.070943e+02  6.600000e+01
     vertex  1.698907e+02  1.075979e+02  6.600000e+01
   endloop
 endfacet
 facet normal -1.410781e-14  2.982736e-14  1.000000e+00
   outer loop
     vertex  1.658898e+02  7.590859e+01  6.600000e+01
     vertex  1.953802e+02  8.413980e+01  6.600000e+01
     vertex  1.954152e+02  8.463276e+01  6.600000e+01
   endloop
 endfacet
 facet normal  3.549717e-15 -2.993132e-14  1.000000e+00
   outer loop
     vertex  1.658898e+02  7.590859e+01  6.600000e+01
     vertex  1.954152e+02  8.463276e+01  6.600000e+01
     vertex  1.652223e+02  7.677899e+01  6.600000e+01
   endloop
 endfacet
 facet normal  8.943880e-15 -2.579462e-14  1.000000e+00
   outer loop
     vertex  1.503228e+02  8.428532e+01  6.600000e+01
     vertex  1.698907e+02  1.075979e+02  6.600000e+01
     vertex  1.496553e+02  8.515572e+01  6.600000e+01
   endloop
 endfacet
 facet normal -1.589313e-15 -1.695338e-14  1.000000e+00
   outer loop
     vertex  1.503228e+02  8.428532e+01  6.600000e+01
     vertex  1.622935e+02  7.813373e+01  6.600000e+01
     vertex  1.698907e+02  1.075979e+02  6.600000e+01
   endloop
 endfacet
 facet normal  6.328507e-16 -1.262915e-14  1.000000e+00
   outer loop
     vertex  1.611980e+02  7.807883e+01  6.600000e+01
     vertex  1.622935e+02  7.813373e+01  6.600000e+01
     vertex  1.503228e+02  8.428532e+01  6.600000e+01
   endloop
 endfacet
 facet normal -1.968352e-14 -2.321933e-14  1.000000e+00
   outer loop
     vertex  1.456311e+02  8.645557e+01  6.600000e+01
     vertex  1.370051e+02  1.158010e+02  6.600000e+01
     vertex  1.365796e+02  1.155497e+02  6.600000e+01
   endloop
 endfacet
 facet normal  8.609135e-16 -1.718037e-14  1.000000e+00
   outer loop
     vertex  1.456311e+02  8.645557e+01  6.600000e+01
     vertex  1.467266e+02  8.651046e+01  6.600000e+01
     vertex  1.370051e+02  1.158010e+02  6.600000e+01
   endloop
 endfacet
 facet normal -4.742130e-15 -2.075526e-15  1.000000e+00
   outer loop
     vertex  1.663296e+02  7.490373e+01  6.600000e+01
     vertex  1.956624e+02  8.320006e+01  6.600000e+01
     vertex  1.954643e+02  8.365280e+01  6.600000e+01
   endloop
 endfacet
 facet normal  3.229972e-15 -2.862290e-14  1.000000e+00
   outer loop
     vertex  1.663296e+02  7.490373e+01  6.600000e+01
     vertex  1.954643e+02  8.365280e+01  6.600000e+01
     vertex  1.953802e+02  8.413980e+01  6.600000e+01
   endloop
 endfacet
 facet normal -5.153051e-15 -2.255377e-15  1.000000e+00
   outer loop
     vertex  1.663296e+02  7.490373e+01  6.600000e+01
     vertex  1.953802e+02  8.413980e+01  6.600000e+01
     vertex  1.658898e+02  7.590859e+01  6.600000e+01
   endloop
 endfacet
 facet normal  1.045075e-14  4.574066e-15  1.000000e+00
   outer loop
     vertex  1.507626e+02  8.328047e+01  6.600000e+01
     vertex  1.611980e+02  7.807883e+01  6.600000e+01
     vertex  1.503228e+02  8.428532e+01  6.600000e+01
   endloop
 endfacet
 facet normal  4.695102e-15 -1.563485e-14  1.000000e+00
   outer loop
     vertex  1.445805e+02  8.614009e+01  6.600000e+01
     vertex  1.456311e+02  8.645557e+01  6.600000e+01
     vertex  1.365796e+02  1.155497e+02  6.600000e+01
   endloop
 endfacet
 facet normal  8.394106e-16 -1.675126e-14  1.000000e+00
   outer loop
     vertex  1.445805e+02  8.614009e+01  6.600000e+01
     vertex  1.361062e+02  1.154075e+02  6.600000e+01
     vertex  1.356127e+02  1.153828e+02  6.600000e+01
   endloop
 endfacet
 facet normal  4.695102e-15 -1.563485e-14  1.000000e+00
   outer loop
     vertex  1.445805e+02  8.614009e+01  6.600000e+01
     vertex  1.365796e+02  1.155497e+02  6.600000e+01
     vertex  1.361062e+02  1.154075e+02  6.600000e+01
   endloop
 endfacet
 facet normal  3.071838e-15 -1.022933e-14  1.000000e+00
   outer loop
     vertex  1.601475e+02  7.776336e+01  6.600000e+01
     vertex  1.611980e+02  7.807883e+01  6.600000e+01
     vertex  1.507626e+02  8.328047e+01  6.600000e+01
   endloop
 endfacet
 facet normal  4.658459e-15 -3.266497e-14  1.000000e+00
   outer loop
     vertex  1.665161e+02  7.382283e+01  6.600000e+01
     vertex  1.959632e+02  8.280790e+01  6.600000e+01
     vertex  1.956624e+02  8.320006e+01  6.600000e+01
   endloop
 endfacet
 facet normal -1.535724e-15 -1.341222e-14  1.000000e+00
   outer loop
     vertex  1.665161e+02  7.382283e+01  6.600000e+01
     vertex  1.956624e+02  8.320006e+01  6.600000e+01
     vertex  1.663296e+02  7.490373e+01  6.600000e+01
   endloop
 endfacet
 facet normal  1.509671e-15 -1.288664e-14  1.000000e+00
   outer loop
     vertex  1.509492e+02  8.219957e+01  6.600000e+01
     vertex  1.601475e+02  7.776336e+01  6.600000e+01
     vertex  1.507626e+02  8.328047e+01  6.600000e+01
   endloop
 endfacet
 facet normal -6.125258e-15 -7.593354e-14  1.000000e+00
   outer loop
     vertex  1.031544e+02  1.074898e+02  6.600000e+01
     vertex  1.132050e+02  1.061176e+02  6.600000e+01
     vertex  1.135580e+02  1.064635e+02  6.600000e+01
   endloop
 endfacet
 facet normal  8.168396e-15  2.876038e-14  1.000000e+00
   outer loop
     vertex  1.031544e+02  1.074898e+02  6.600000e+01
     vertex  1.129449e+02  1.056974e+02  6.600000e+01
     vertex  1.132050e+02  1.061176e+02  6.600000e+01
   endloop
 endfacet
 facet normal -2.482520e-15 -2.941620e-14  1.000000e+00
   outer loop
     vertex  1.031544e+02  1.074898e+02  6.600000e+01
     vertex  1.127930e+02  1.052271e+02  6.600000e+01
     vertex  1.129449e+02  1.056974e+02  6.600000e+01
   endloop
 endfacet
 facet normal  4.350689e-15 -3.083786e-16  1.000000e+00
   outer loop
     vertex  1.031544e+02  1.074898e+02  6.600000e+01
     vertex  1.127581e+02  1.047341e+02  6.600000e+01
     vertex  1.127930e+02  1.052271e+02  6.600000e+01
   endloop
 endfacet
 facet normal -4.138778e-15 -2.989462e-14  1.000000e+00
   outer loop
     vertex  1.031544e+02  1.074898e+02  6.600000e+01
     vertex  1.128421e+02  1.042471e+02  6.600000e+01
     vertex  1.127581e+02  1.047341e+02  6.600000e+01
   endloop
 endfacet
 facet normal -1.432721e-16 -1.529802e-14  1.000000e+00
   outer loop
     vertex  1.031544e+02  1.074898e+02  6.600000e+01
     vertex  1.135580e+02  1.064635e+02  6.600000e+01
     vertex  1.134875e+02  1.176113e+02  6.600000e+01
   endloop
 endfacet
 facet normal -4.235430e-15 -1.830756e-14  1.000000e+00
   outer loop
     vertex  1.436360e+02  8.558238e+01  6.600000e+01
     vertex  1.445805e+02  8.614009e+01  6.600000e+01
     vertex  1.356127e+02  1.153828e+02  6.600000e+01
   endloop
 endfacet
 facet normal -1.421792e-16 -1.720551e-14  1.000000e+00
   outer loop
     vertex  1.436360e+02  8.558238e+01  6.600000e+01
     vertex  1.356127e+02  1.153828e+02  6.600000e+01
     vertex  1.166661e+02  1.039761e+02  6.600000e+01
   endloop
 endfacet
 facet normal -2.512219e-15 -2.122588e-14  1.000000e+00
   outer loop
     vertex  1.592030e+02  7.720564e+01  6.600000e+01
     vertex  1.601475e+02  7.776336e+01  6.600000e+01
     vertex  1.509492e+02  8.219957e+01  6.600000e+01
   endloop
 endfacet
 facet normal -5.163321e-15 -3.061973e-14  1.000000e+00
   outer loop
     vertex  1.664386e+02  7.272869e+01  6.600000e+01
     vertex  1.966020e+02  6.068071e+01  6.600000e+01
     vertex  1.968620e+02  6.110097e+01  6.600000e+01
   endloop
 endfacet
 facet normal  3.446578e-17 -1.701996e-14  1.000000e+00
   outer loop
     vertex  1.664386e+02  7.272869e+01  6.600000e+01
     vertex  1.968620e+02  6.110097e+01  6.600000e+01
     vertex  1.959632e+02  8.280790e+01  6.600000e+01
   endloop
 endfacet
 facet normal -1.375200e-15 -1.289069e-14  1.000000e+00
   outer loop
     vertex  1.664386e+02  7.272869e+01  6.600000e+01
     vertex  1.959632e+02  8.280790e+01  6.600000e+01
     vertex  1.665161e+02  7.382283e+01  6.600000e+01
   endloop
 endfacet
 facet normal  2.370322e-15 -1.315617e-14  1.000000e+00
   outer loop
     vertex  1.508716e+02  8.110543e+01  6.600000e+01
     vertex  1.592030e+02  7.720564e+01  6.600000e+01
     vertex  1.509492e+02  8.219957e+01  6.600000e+01
   endloop
 endfacet
 facet normal -2.547195e-14 -5.186848e-14  1.000000e+00
   outer loop
     vertex  1.428524e+02  8.481483e+01  6.600000e+01
     vertex  1.166661e+02  1.039761e+02  6.600000e+01
     vertex  1.164061e+02  1.035558e+02  6.600000e+01
   endloop
 endfacet
 facet normal -6.101686e-16 -1.789170e-14  1.000000e+00
   outer loop
     vertex  1.428524e+02  8.481483e+01  6.600000e+01
     vertex  1.436360e+02  8.558238e+01  6.600000e+01
     vertex  1.166661e+02  1.039761e+02  6.600000e+01
   endloop
 endfacet
 facet normal -3.373883e-15 -2.613969e-14  1.000000e+00
   outer loop
     vertex  1.661015e+02  7.168490e+01  6.600000e+01
     vertex  1.966020e+02  6.068071e+01  6.600000e+01
     vertex  1.664386e+02  7.272869e+01  6.600000e+01
   endloop
 endfacet
 facet normal  2.527300e-16 -1.877264e-14  1.000000e+00
   outer loop
     vertex  1.539462e+02  7.637787e+01  6.600000e+01
     vertex  1.584194e+02  7.643809e+01  6.600000e+01
     vertex  1.592030e+02  7.720564e+01  6.600000e+01
   endloop
 endfacet
 facet normal  1.239986e-16 -1.795513e-14  1.000000e+00
   outer loop
     vertex  1.539462e+02  7.637787e+01  6.600000e+01
     vertex  1.592030e+02  7.720564e+01  6.600000e+01
     vertex  1.508716e+02  8.110543e+01  6.600000e+01
   endloop
 endfacet
 facet normal -1.362785e-14 -2.282764e-14  1.000000e+00
   outer loop
     vertex  1.523052e+02  7.713694e+01  6.600000e+01
     vertex  1.508716e+02  8.110543e+01  6.600000e+01
     vertex  1.505345e+02  8.006164e+01  6.600000e+01
   endloop
 endfacet
 facet normal  4.536664e-16 -1.774073e-14  1.000000e+00
   outer loop
     vertex  1.523052e+02  7.713694e+01  6.600000e+01
     vertex  1.539462e+02  7.637787e+01  6.600000e+01
     vertex  1.508716e+02  8.110543e+01  6.600000e+01
   endloop
 endfacet
 facet normal  4.996376e-16 -3.711279e-14  1.000000e+00
   outer loop
     vertex  1.553579e+02  7.524815e+01  6.600000e+01
     vertex  1.584194e+02  7.643809e+01  6.600000e+01
     vertex  1.539462e+02  7.637787e+01  6.600000e+01
   endloop
 endfacet
 facet normal -1.053813e-14 -8.714748e-15  1.000000e+00
   outer loop
     vertex  1.553579e+02  7.524815e+01  6.600000e+01
     vertex  1.578422e+02  7.550532e+01  6.600000e+01
     vertex  1.584194e+02  7.643809e+01  6.600000e+01
   endloop
 endfacet
 facet normal -1.037789e-14 -1.026266e-14  1.000000e+00
   outer loop
     vertex  1.553579e+02  7.524815e+01  6.600000e+01
     vertex  1.575051e+02  7.446153e+01  6.600000e+01
     vertex  1.578422e+02  7.550532e+01  6.600000e+01
   endloop
 endfacet
 facet normal -3.203713e-15 -1.651639e-14  1.000000e+00
   outer loop
     vertex  1.505303e+02  7.748123e+01  6.600000e+01
     vertex  1.523052e+02  7.713694e+01  6.600000e+01
     vertex  1.505345e+02  8.006164e+01  6.600000e+01
   endloop
 endfacet
 facet normal -9.240362e-16 -1.757127e-14  1.000000e+00
   outer loop
     vertex  1.505303e+02  7.748123e+01  6.600000e+01
     vertex  1.499573e+02  7.912887e+01  6.600000e+01
     vertex  1.491737e+02  7.836132e+01  6.600000e+01
   endloop
 endfacet
 facet normal  2.084781e-15 -1.652503e-14  1.000000e+00
   outer loop
     vertex  1.505303e+02  7.748123e+01  6.600000e+01
     vertex  1.505345e+02  8.006164e+01  6.600000e+01
     vertex  1.499573e+02  7.912887e+01  6.600000e+01
   endloop
 endfacet
 facet normal -9.204072e-15 -7.058474e-15  1.000000e+00
   outer loop
     vertex  1.564582e+02  7.381342e+01  6.600000e+01
     vertex  1.575051e+02  7.446153e+01  6.600000e+01
     vertex  1.553579e+02  7.524815e+01  6.600000e+01
   endloop
 endfacet
 facet normal  2.622224e-15 -2.616219e-14  1.000000e+00
   outer loop
     vertex  1.564582e+02  7.381342e+01  6.600000e+01
     vertex  1.574276e+02  7.336740e+01  6.600000e+01
     vertex  1.575051e+02  7.446153e+01  6.600000e+01
   endloop
 endfacet
 facet normal  1.189739e-14 -2.014867e-14  1.000000e+00
   outer loop
     vertex  1.487245e+02  7.739074e+01  6.600000e+01
     vertex  1.491737e+02  7.836132e+01  6.600000e+01
     vertex  1.482292e+02  7.780361e+01  6.600000e+01
   endloop
 endfacet
 facet normal  7.511176e-16 -1.498928e-14  1.000000e+00
   outer loop
     vertex  1.487245e+02  7.739074e+01  6.600000e+01
     vertex  1.505303e+02  7.748123e+01  6.600000e+01
     vertex  1.491737e+02  7.836132e+01  6.600000e+01
   endloop
 endfacet
 facet normal  8.470255e-15 -1.345200e-14  1.000000e+00
   outer loop
     vertex  1.571831e+02  7.215707e+01  6.600000e+01
     vertex  1.574276e+02  7.336740e+01  6.600000e+01
     vertex  1.564582e+02  7.381342e+01  6.600000e+01
   endloop
 endfacet
 facet normal  3.753532e-15 -1.249939e-14  1.000000e+00
   outer loop
     vertex  1.571831e+02  7.215707e+01  6.600000e+01
     vertex  1.576141e+02  7.228649e+01  6.600000e+01
     vertex  1.574276e+02  7.336740e+01  6.600000e+01
   endloop
 endfacet
 facet normal -6.817723e-15 -1.473896e-14  1.000000e+00
   outer loop
     vertex  1.107892e+02  9.673899e+01  6.600000e+01
     vertex  1.141754e+02  1.028860e+02  6.600000e+01
     vertex  1.137269e+02  1.030935e+02  6.600000e+01
   endloop
 endfacet
 facet normal -7.669938e-15 -1.658133e-14  1.000000e+00
   outer loop
     vertex  1.944462e+02  5.172231e+01  6.600000e+01
     vertex  1.978325e+02  5.786930e+01  6.600000e+01
     vertex  1.973839e+02  5.807678e+01  6.600000e+01
   endloop
 endfacet
 facet normal  3.753532e-15 -1.249939e-14  1.000000e+00
   outer loop
     vertex  1.580539e+02  7.128164e+01  6.600000e+01
     vertex  1.576141e+02  7.228649e+01  6.600000e+01
     vertex  1.571831e+02  7.215707e+01  6.600000e+01
   endloop
 endfacet
 facet normal -1.189303e-14 -9.120598e-15  1.000000e+00
   outer loop
     vertex  1.097006e+02  9.724251e+01  6.600000e+01
     vertex  1.133410e+02  1.034023e+02  6.600000e+01
     vertex  1.130403e+02  1.037944e+02  6.600000e+01
   endloop
 endfacet
 facet normal -8.774187e-15 -1.096383e-14  1.000000e+00
   outer loop
     vertex  1.097006e+02  9.724251e+01  6.600000e+01
     vertex  1.137269e+02  1.030935e+02  6.600000e+01
     vertex  1.133410e+02  1.034023e+02  6.600000e+01
   endloop
 endfacet
 facet normal  3.937436e-15 -1.971117e-14  1.000000e+00
   outer loop
     vertex  1.097006e+02  9.724251e+01  6.600000e+01
     vertex  1.107892e+02  9.673899e+01  6.600000e+01
     vertex  1.137269e+02  1.030935e+02  6.600000e+01
   endloop
 endfacet
 facet normal  1.384038e-14 -2.652576e-14  1.000000e+00
   outer loop
     vertex  1.933577e+02  5.222583e+01  6.600000e+01
     vertex  1.944462e+02  5.172231e+01  6.600000e+01
     vertex  1.973839e+02  5.807678e+01  6.600000e+01
   endloop
 endfacet
 facet normal  1.479367e-14 -2.489242e-14  1.000000e+00
   outer loop
     vertex  1.933577e+02  5.222583e+01  6.600000e+01
     vertex  1.969981e+02  5.838557e+01  6.600000e+01
     vertex  1.966973e+02  5.877773e+01  6.600000e+01
   endloop
 endfacet
 facet normal -8.774187e-15 -1.096383e-14  1.000000e+00
   outer loop
     vertex  1.933577e+02  5.222583e+01  6.600000e+01
     vertex  1.973839e+02  5.807678e+01  6.600000e+01
     vertex  1.969981e+02  5.838557e+01  6.600000e+01
   endloop
 endfacet
 facet normal  5.144050e-14 -3.681941e-14  1.000000e+00
   outer loop
     vertex  1.117256e+02  9.598961e+01  6.600000e+01
     vertex  1.146606e+02  1.027919e+02  6.600000e+01
     vertex  1.141754e+02  1.028860e+02  6.600000e+01
   endloop
 endfacet
 facet normal -5.810619e-14  1.044761e-14  1.000000e+00
   outer loop
     vertex  1.117256e+02  9.598961e+01  6.600000e+01
     vertex  1.151542e+02  1.028166e+02  6.600000e+01
     vertex  1.146606e+02  1.027919e+02  6.600000e+01
   endloop
 endfacet
 facet normal  2.602979e-16 -1.863812e-14  1.000000e+00
   outer loop
     vertex  1.117256e+02  9.598961e+01  6.600000e+01
     vertex  1.141754e+02  1.028860e+02  6.600000e+01
     vertex  1.107892e+02  9.673899e+01  6.600000e+01
   endloop
 endfacet
 facet normal -2.208903e-14 -8.638097e-15  1.000000e+00
   outer loop
     vertex  1.953826e+02  5.097293e+01  6.600000e+01
     vertex  1.978325e+02  5.786930e+01  6.600000e+01
     vertex  1.944462e+02  5.172231e+01  6.600000e+01
   endloop
 endfacet
 facet normal -2.991495e-15 -1.542232e-14  1.000000e+00
   outer loop
     vertex  1.953826e+02  5.097293e+01  6.600000e+01
     vertex  1.983176e+02  5.777519e+01  6.600000e+01
     vertex  1.978325e+02  5.786930e+01  6.600000e+01
   endloop
 endfacet
 facet normal  8.560061e-16 -1.708243e-14  1.000000e+00
   outer loop
     vertex  1.953826e+02  5.097293e+01  6.600000e+01
     vertex  1.988112e+02  5.779993e+01  6.600000e+01
     vertex  1.983176e+02  5.777519e+01  6.600000e+01
   endloop
 endfacet
 facet normal  1.565763e-15 -3.254201e-14  1.000000e+00
   outer loop
     vertex  1.469928e+02  7.687073e+01  6.600000e+01
     vertex  1.487245e+02  7.739074e+01  6.600000e+01
     vertex  1.482292e+02  7.780361e+01  6.600000e+01
   endloop
 endfacet
 facet normal  1.171065e-15 -2.336975e-14  1.000000e+00
   outer loop
     vertex  1.469928e+02  7.687073e+01  6.600000e+01
     vertex  1.471787e+02  7.748813e+01  6.600000e+01
     vertex  1.460832e+02  7.743324e+01  6.600000e+01
   endloop
 endfacet
 facet normal -7.272687e-15 -2.082779e-14  1.000000e+00
   outer loop
     vertex  1.469928e+02  7.687073e+01  6.600000e+01
     vertex  1.482292e+02  7.780361e+01  6.600000e+01
     vertex  1.471787e+02  7.748813e+01  6.600000e+01
   endloop
 endfacet
 facet normal  1.359174e-14 -2.544005e-14  1.000000e+00
   outer loop
     vertex  1.085232e+02  9.747089e+01  6.600000e+01
     vertex  1.130403e+02  1.037944e+02  6.600000e+01
     vertex  1.128421e+02  1.042471e+02  6.600000e+01
   endloop
 endfacet
 facet normal -2.680046e-15 -1.381668e-14  1.000000e+00
   outer loop
     vertex  1.085232e+02  9.747089e+01  6.600000e+01
     vertex  1.097006e+02  9.724251e+01  6.600000e+01
     vertex  1.130403e+02  1.037944e+02  6.600000e+01
   endloop
 endfacet
 facet normal  1.164096e-14 -2.629386e-14  1.000000e+00
   outer loop
     vertex  1.921803e+02  5.245421e+01  6.600000e+01
     vertex  1.966973e+02  5.877773e+01  6.600000e+01
     vertex  1.964992e+02  5.923047e+01  6.600000e+01
   endloop
 endfacet
 facet normal -3.062910e-15 -1.579049e-14  1.000000e+00
   outer loop
     vertex  1.921803e+02  5.245421e+01  6.600000e+01
     vertex  1.933577e+02  5.222583e+01  6.600000e+01
     vertex  1.966973e+02  5.877773e+01  6.600000e+01
   endloop
 endfacet
 facet normal  6.124159e-15 -2.039366e-14  1.000000e+00
   outer loop
     vertex  1.124554e+02  9.503791e+01  6.600000e+01
     vertex  1.156275e+02  1.029587e+02  6.600000e+01
     vertex  1.151542e+02  1.028166e+02  6.600000e+01
   endloop
 endfacet
 facet normal -2.995886e-15 -1.722953e-14  1.000000e+00
   outer loop
     vertex  1.124554e+02  9.503791e+01  6.600000e+01
     vertex  1.151542e+02  1.028166e+02  6.600000e+01
     vertex  1.117256e+02  9.598961e+01  6.600000e+01
   endloop
 endfacet
 facet normal  2.217599e-14 -2.778962e-14  1.000000e+00
   outer loop
     vertex  1.961124e+02  5.002123e+01  6.600000e+01
     vertex  1.988112e+02  5.779993e+01  6.600000e+01
     vertex  1.953826e+02  5.097293e+01  6.600000e+01
   endloop
 endfacet
 facet normal  6.736575e-15 -2.243303e-14  1.000000e+00
   outer loop
     vertex  1.961124e+02  5.002123e+01  6.600000e+01
     vertex  1.992845e+02  5.794206e+01  6.600000e+01
     vertex  1.988112e+02  5.779993e+01  6.600000e+01
   endloop
 endfacet
 facet normal  2.371285e-16 -1.682128e-14  1.000000e+00
   outer loop
     vertex  1.073254e+02  9.741087e+01  6.600000e+01
     vertex  1.128421e+02  1.042471e+02  6.600000e+01
     vertex  1.031544e+02  1.074898e+02  6.600000e+01
   endloop
 endfacet
 facet normal  8.684491e-16 -1.733075e-14  1.000000e+00
   outer loop
     vertex  1.073254e+02  9.741087e+01  6.600000e+01
     vertex  1.085232e+02  9.747089e+01  6.600000e+01
     vertex  1.128421e+02  1.042471e+02  6.600000e+01
   endloop
 endfacet
 facet normal -1.909900e-14 -3.296151e-15  1.000000e+00
   outer loop
     vertex  1.909824e+02  5.239419e+01  6.600000e+01
     vertex  1.964992e+02  5.923047e+01  6.600000e+01
     vertex  1.964151e+02  5.971747e+01  6.600000e+01
   endloop
 endfacet
 facet normal  9.770052e-16 -1.949709e-14  1.000000e+00
   outer loop
     vertex  1.909824e+02  5.239419e+01  6.600000e+01
     vertex  1.921803e+02  5.245421e+01  6.600000e+01
     vertex  1.964992e+02  5.923047e+01  6.600000e+01
   endloop
 endfacet
 facet normal  4.655600e-16 -1.596974e-14  1.000000e+00
   outer loop
     vertex  1.574906e+02  7.037536e+01  6.600000e+01
     vertex  1.587214e+02  7.041124e+01  6.600000e+01
     vertex  1.580539e+02  7.128164e+01  6.600000e+01
   endloop
 endfacet
 facet normal  3.419356e-16 -1.589291e-14  1.000000e+00
   outer loop
     vertex  1.574906e+02  7.037536e+01  6.600000e+01
     vertex  1.580539e+02  7.128164e+01  6.600000e+01
     vertex  1.571831e+02  7.215707e+01  6.600000e+01
   endloop
 endfacet
 facet normal -8.290241e-16 -1.728388e-14  1.000000e+00
   outer loop
     vertex  2.044563e+02  4.481044e+01  6.600000e+01
     vertex  2.089021e+02  5.857465e+01  6.600000e+01
     vertex  1.997101e+02  5.819334e+01  6.600000e+01
   endloop
 endfacet
 facet normal  8.295087e-15 -1.404803e-14  1.000000e+00
   outer loop
     vertex  2.044563e+02  4.481044e+01  6.600000e+01
     vertex  1.997101e+02  5.819334e+01  6.600000e+01
     vertex  1.992845e+02  5.794206e+01  6.600000e+01
   endloop
 endfacet
 facet normal  1.242234e-14 -2.103768e-14  1.000000e+00
   outer loop
     vertex  1.129363e+02  9.393919e+01  6.600000e+01
     vertex  1.160530e+02  1.032100e+02  6.600000e+01
     vertex  1.156275e+02  1.029587e+02  6.600000e+01
   endloop
 endfacet
 facet normal  8.464002e-14 -4.531647e-14  1.000000e+00
   outer loop
     vertex  1.129363e+02  9.393919e+01  6.600000e+01
     vertex  1.164061e+02  1.035558e+02  6.600000e+01
     vertex  1.160530e+02  1.032100e+02  6.600000e+01
   endloop
 endfacet
 facet normal -5.973863e-15 -1.554873e-14  1.000000e+00
   outer loop
     vertex  1.129363e+02  9.393919e+01  6.600000e+01
     vertex  1.156275e+02  1.029587e+02  6.600000e+01
     vertex  1.124554e+02  9.503791e+01  6.600000e+01
   endloop
 endfacet
 facet normal -2.340451e-17 -1.732419e-14  1.000000e+00
   outer loop
     vertex  1.965933e+02  4.892252e+01  6.600000e+01
     vertex  2.044563e+02  4.481044e+01  6.600000e+01
     vertex  1.992845e+02  5.794206e+01  6.600000e+01
   endloop
 endfacet
 facet normal -2.354612e-14 -1.030562e-14  1.000000e+00
   outer loop
     vertex  1.965933e+02  4.892252e+01  6.600000e+01
     vertex  1.992845e+02  5.794206e+01  6.600000e+01
     vertex  1.961124e+02  5.002123e+01  6.600000e+01
   endloop
 endfacet
 facet normal  7.363987e-15 -1.493970e-14  1.000000e+00
   outer loop
     vertex  1.454359e+02  7.595142e+01  6.600000e+01
     vertex  1.450064e+02  7.764211e+01  6.600000e+01
     vertex  1.440108e+02  7.810261e+01  6.600000e+01
   endloop
 endfacet
 facet normal -3.429841e-15 -1.768216e-14  1.000000e+00
   outer loop
     vertex  1.454359e+02  7.595142e+01  6.600000e+01
     vertex  1.460832e+02  7.743324e+01  6.600000e+01
     vertex  1.450064e+02  7.764211e+01  6.600000e+01
   endloop
 endfacet
 facet normal  2.961760e-15 -2.047397e-14  1.000000e+00
   outer loop
     vertex  1.454359e+02  7.595142e+01  6.600000e+01
     vertex  1.469928e+02  7.687073e+01  6.600000e+01
     vertex  1.460832e+02  7.743324e+01  6.600000e+01
   endloop
 endfacet
 facet normal -6.484874e-15 -1.960308e-14  1.000000e+00
   outer loop
     vertex  1.061767e+02  9.706592e+01  6.600000e+01
     vertex  1.073254e+02  9.741087e+01  6.600000e+01
     vertex  1.031544e+02  1.074898e+02  6.600000e+01
   endloop
 endfacet
 facet normal -3.570361e-14  1.153231e-14  1.000000e+00
   outer loop
     vertex  1.898338e+02  5.204925e+01  6.600000e+01
     vertex  1.964501e+02  6.021043e+01  6.600000e+01
     vertex  1.966020e+02  6.068071e+01  6.600000e+01
   endloop
 endfacet
 facet normal  1.542890e-14 -2.992100e-14  1.000000e+00
   outer loop
     vertex  1.898338e+02  5.204925e+01  6.600000e+01
     vertex  1.964151e+02  5.971747e+01  6.600000e+01
     vertex  1.964501e+02  6.021043e+01  6.600000e+01
   endloop
 endfacet
 facet normal  6.747764e-15 -2.247029e-14  1.000000e+00
   outer loop
     vertex  1.898338e+02  5.204925e+01  6.600000e+01
     vertex  1.909824e+02  5.239419e+01  6.600000e+01
     vertex  1.964151e+02  5.971747e+01  6.600000e+01
   endloop
 endfacet
 facet normal  9.118081e-17 -1.653551e-14  1.000000e+00
   outer loop
     vertex  1.898338e+02  5.204925e+01  6.600000e+01
     vertex  1.966020e+02  6.068071e+01  6.600000e+01
     vertex  1.661015e+02  7.168490e+01  6.600000e+01
   endloop
 endfacet
 facet normal  1.738071e-14 -2.104851e-14  1.000000e+00
   outer loop
     vertex  1.131403e+02  9.275733e+01  6.600000e+01
     vertex  1.164061e+02  1.035558e+02  6.600000e+01
     vertex  1.129363e+02  9.393919e+01  6.600000e+01
   endloop
 endfacet
 facet normal  1.990668e-16 -1.535826e-14  1.000000e+00
   outer loop
     vertex  1.131403e+02  9.275733e+01  6.600000e+01
     vertex  1.422753e+02  8.388206e+01  6.600000e+01
     vertex  1.428524e+02  8.481483e+01  6.600000e+01
   endloop
 endfacet
 facet normal  7.690317e-17 -1.581527e-14  1.000000e+00
   outer loop
     vertex  1.131403e+02  9.275733e+01  6.600000e+01
     vertex  1.428524e+02  8.481483e+01  6.600000e+01
     vertex  1.164061e+02  1.035558e+02  6.600000e+01
   endloop
 endfacet
 facet normal  3.021053e-15 -1.150268e-14  1.000000e+00
   outer loop
     vertex  1.967973e+02  4.774065e+01  6.600000e+01
     vertex  2.044563e+02  4.481044e+01  6.600000e+01
     vertex  1.965933e+02  4.892252e+01  6.600000e+01
   endloop
 endfacet
 facet normal -5.114455e-15 -2.712547e-14  1.000000e+00
   outer loop
     vertex  1.573628e+02  6.857183e+01  6.600000e+01
     vertex  1.595778e+02  6.972587e+01  6.600000e+01
     vertex  1.587214e+02  7.041124e+01  6.600000e+01
   endloop
 endfacet
 facet normal -1.490339e-15 -3.408151e-14  1.000000e+00
   outer loop
     vertex  1.573628e+02  6.857183e+01  6.600000e+01
     vertex  1.605733e+02  6.926537e+01  6.600000e+01
     vertex  1.595778e+02  6.972587e+01  6.600000e+01
   endloop
 endfacet
 facet normal  9.207336e-16 -3.158321e-14  1.000000e+00
   outer loop
     vertex  1.573628e+02  6.857183e+01  6.600000e+01
     vertex  1.587214e+02  7.041124e+01  6.600000e+01
     vertex  1.574906e+02  7.037536e+01  6.600000e+01
   endloop
 endfacet
 facet normal  8.935214e-15 -1.513211e-14  1.000000e+00
   outer loop
     vertex  1.051440e+02  9.645611e+01  6.600000e+01
     vertex  1.061767e+02  9.706592e+01  6.600000e+01
     vertex  1.031544e+02  1.074898e+02  6.600000e+01
   endloop
 endfacet
 facet normal  9.259826e-16 -1.580803e-14  1.000000e+00
   outer loop
     vertex  1.888010e+02  5.143943e+01  6.600000e+01
     vertex  1.661015e+02  7.168490e+01  6.600000e+01
     vertex  1.655243e+02  7.075213e+01  6.600000e+01
   endloop
 endfacet
 facet normal -2.294138e-15 -1.941849e-14  1.000000e+00
   outer loop
     vertex  1.888010e+02  5.143943e+01  6.600000e+01
     vertex  1.898338e+02  5.204925e+01  6.600000e+01
     vertex  1.661015e+02  7.168490e+01  6.600000e+01
   endloop
 endfacet
 facet normal  7.366258e-16 -1.385266e-14  1.000000e+00
   outer loop
     vertex  1.130555e+02  9.156099e+01  6.600000e+01
     vertex  1.419381e+02  8.283827e+01  6.600000e+01
     vertex  1.422753e+02  8.388206e+01  6.600000e+01
   endloop
 endfacet
 facet normal  1.232443e-15 -1.196598e-14  1.000000e+00
   outer loop
     vertex  1.130555e+02  9.156099e+01  6.600000e+01
     vertex  1.422753e+02  8.388206e+01  6.600000e+01
     vertex  1.131403e+02  9.275733e+01  6.600000e+01
   endloop
 endfacet
 facet normal -1.623315e-15 -2.364219e-14  1.000000e+00
   outer loop
     vertex  1.967125e+02  4.654431e+01  6.600000e+01
     vertex  2.044563e+02  4.481044e+01  6.600000e+01
     vertex  1.967973e+02  4.774065e+01  6.600000e+01
   endloop
 endfacet
 facet normal -1.374525e-14 -1.717545e-14  1.000000e+00
   outer loop
     vertex  1.441443e+02  7.468623e+01  6.600000e+01
     vertex  1.440108e+02  7.810261e+01  6.600000e+01
     vertex  1.431544e+02  7.878797e+01  6.600000e+01
   endloop
 endfacet
 facet normal  5.100400e-15 -1.643926e-14  1.000000e+00
   outer loop
     vertex  1.441443e+02  7.468623e+01  6.600000e+01
     vertex  1.454359e+02  7.595142e+01  6.600000e+01
     vertex  1.440108e+02  7.810261e+01  6.600000e+01
   endloop
 endfacet
 facet normal -1.425422e-14 -1.931366e-14  1.000000e+00
   outer loop
     vertex  1.042872e+02  9.561687e+01  6.600000e+01
     vertex  1.051440e+02  9.645611e+01  6.600000e+01
     vertex  1.031544e+02  1.074898e+02  6.600000e+01
   endloop
 endfacet
 facet normal -7.453530e-16 -1.775369e-14  1.000000e+00
   outer loop
     vertex  1.879442e+02  5.060019e+01  6.600000e+01
     vertex  1.655243e+02  7.075213e+01  6.600000e+01
     vertex  1.647407e+02  6.998459e+01  6.600000e+01
   endloop
 endfacet
 facet normal -3.996058e-18 -1.692890e-14  1.000000e+00
   outer loop
     vertex  1.879442e+02  5.060019e+01  6.600000e+01
     vertex  1.888010e+02  5.143943e+01  6.600000e+01
     vertex  1.655243e+02  7.075213e+01  6.600000e+01
   endloop
 endfacet
 facet normal -2.629733e-15 -1.355730e-14  1.000000e+00
   outer loop
     vertex  1.568070e+02  6.685131e+01  6.600000e+01
     vertex  1.616502e+02  6.905650e+01  6.600000e+01
     vertex  1.605733e+02  6.926537e+01  6.600000e+01
   endloop
 endfacet
 facet normal -7.598501e-15 -5.805277e-15  1.000000e+00
   outer loop
     vertex  1.568070e+02  6.685131e+01  6.600000e+01
     vertex  1.605733e+02  6.926537e+01  6.600000e+01
     vertex  1.573628e+02  6.857183e+01  6.600000e+01
   endloop
 endfacet
 facet normal -2.794718e-15 -2.577824e-14  1.000000e+00
   outer loop
     vertex  1.126868e+02  9.041971e+01  6.600000e+01
     vertex  1.418606e+02  8.174413e+01  6.600000e+01
     vertex  1.419381e+02  8.283827e+01  6.600000e+01
   endloop
 endfacet
 facet normal -2.369582e-15 -2.413794e-14  1.000000e+00
   outer loop
     vertex  1.126868e+02  9.041971e+01  6.600000e+01
     vertex  1.419381e+02  8.283827e+01  6.600000e+01
     vertex  1.130555e+02  9.156099e+01  6.600000e+01
   endloop
 endfacet
 facet normal  8.227794e-16 -1.271742e-14  1.000000e+00
   outer loop
     vertex  1.963438e+02  4.540303e+01  6.600000e+01
     vertex  2.044563e+02  4.481044e+01  6.600000e+01
     vertex  1.967125e+02  4.654431e+01  6.600000e+01
   endloop
 endfacet
 facet normal  1.612483e-15 -1.493131e-14  1.000000e+00
   outer loop
     vertex  1.873132e+02  4.958029e+01  6.600000e+01
     vertex  1.879442e+02  5.060019e+01  6.600000e+01
     vertex  1.647407e+02  6.998459e+01  6.600000e+01
   endloop
 endfacet
 facet normal -5.379702e-15 -1.515662e-14  1.000000e+00
   outer loop
     vertex  1.431930e+02  7.314869e+01  6.600000e+01
     vertex  1.441443e+02  7.468623e+01  6.600000e+01
     vertex  1.431544e+02  7.878797e+01  6.600000e+01
   endloop
 endfacet
 facet normal -1.245365e-15 -4.103026e-14  1.000000e+00
   outer loop
     vertex  1.957128e+02  4.438313e+01  6.600000e+01
     vertex  2.044563e+02  4.481044e+01  6.600000e+01
     vertex  1.963438e+02  4.540303e+01  6.600000e+01
   endloop
 endfacet
 facet normal  8.733670e-16 -1.787031e-14  1.000000e+00
   outer loop
     vertex  9.554372e+01  9.518956e+01  6.600000e+01
     vertex  1.042872e+02  9.561687e+01  6.600000e+01
     vertex  1.031544e+02  1.074898e+02  6.600000e+01
   endloop
 endfacet
 facet normal  7.022046e-16 -1.436808e-14  1.000000e+00
   outer loop
     vertex  9.554372e+01  9.518956e+01  6.600000e+01
     vertex  1.036562e+02  9.459697e+01  6.600000e+01
     vertex  1.042872e+02  9.561687e+01  6.600000e+01
   endloop
 endfacet
 facet normal  8.227794e-16 -1.271742e-14  1.000000e+00
   outer loop
     vertex  9.554372e+01  9.518956e+01  6.600000e+01
     vertex  1.032875e+02  9.345569e+01  6.600000e+01
     vertex  1.036562e+02  9.459697e+01  6.600000e+01
   endloop
 endfacet
 facet normal -4.241432e-15 -3.533524e-14  1.000000e+00
   outer loop
     vertex  9.554372e+01  9.518956e+01  6.600000e+01
     vertex  1.032027e+02  9.225935e+01  6.600000e+01
     vertex  1.032875e+02  9.345569e+01  6.600000e+01
   endloop
 endfacet
 facet normal  9.933080e-15  1.714274e-15  1.000000e+00
   outer loop
     vertex  9.554372e+01  9.518956e+01  6.600000e+01
     vertex  1.034067e+02  9.107748e+01  6.600000e+01
     vertex  1.032027e+02  9.225935e+01  6.600000e+01
   endloop
 endfacet
 facet normal  1.177280e-14 -1.201898e-14  1.000000e+00
   outer loop
     vertex  1.559892e+02  6.189739e+01  6.600000e+01
     vertex  1.558557e+02  6.531377e+01  6.600000e+01
     vertex  1.545641e+02  6.404858e+01  6.600000e+01
   endloop
 endfacet
 facet normal  7.363987e-15 -1.493970e-14  1.000000e+00
   outer loop
     vertex  1.549936e+02  6.235789e+01  6.600000e+01
     vertex  1.559892e+02  6.189739e+01  6.600000e+01
     vertex  1.545641e+02  6.404858e+01  6.600000e+01
   endloop
 endfacet
 facet normal -9.221771e-16 -1.622134e-14  1.000000e+00
   outer loop
     vertex  1.394267e+02  7.073463e+01  6.600000e+01
     vertex  1.426372e+02  7.142817e+01  6.600000e+01
     vertex  1.431930e+02  7.314869e+01  6.600000e+01
   endloop
 endfacet
 facet normal  1.526888e-15 -2.755868e-14  1.000000e+00
   outer loop
     vertex  1.394267e+02  7.073463e+01  6.600000e+01
     vertex  1.404222e+02  7.027413e+01  6.600000e+01
     vertex  1.426372e+02  7.142817e+01  6.600000e+01
   endloop
 endfacet
 facet normal -1.209784e-14 -2.024247e-14  1.000000e+00
   outer loop
     vertex  1.568456e+02  6.121203e+01  6.600000e+01
     vertex  1.568070e+02  6.685131e+01  6.600000e+01
     vertex  1.558557e+02  6.531377e+01  6.600000e+01
   endloop
 endfacet
 facet normal  2.394935e-14 -1.154331e-14  1.000000e+00
   outer loop
     vertex  1.568456e+02  6.121203e+01  6.600000e+01
     vertex  1.558557e+02  6.531377e+01  6.600000e+01
     vertex  1.559892e+02  6.189739e+01  6.600000e+01
   endloop
 endfacet
 facet normal  3.753941e-16 -2.015725e-14  1.000000e+00
   outer loop
     vertex  1.568456e+02  6.121203e+01  6.600000e+01
     vertex  1.616502e+02  6.905650e+01  6.600000e+01
     vertex  1.568070e+02  6.685131e+01  6.600000e+01
   endloop
 endfacet
 facet normal -2.267960e-14 -1.415143e-14  1.000000e+00
   outer loop
     vertex  1.412786e+02  6.958876e+01  6.600000e+01
     vertex  1.425094e+02  6.962464e+01  6.600000e+01
     vertex  1.426372e+02  7.142817e+01  6.600000e+01
   endloop
 endfacet
 facet normal  5.314522e-15 -3.482857e-14  1.000000e+00
   outer loop
     vertex  1.412786e+02  6.958876e+01  6.600000e+01
     vertex  1.426372e+02  7.142817e+01  6.600000e+01
     vertex  1.404222e+02  7.027413e+01  6.600000e+01
   endloop
 endfacet
 facet normal  2.961760e-15 -2.047397e-14  1.000000e+00
   outer loop
     vertex  1.539168e+02  6.256676e+01  6.600000e+01
     vertex  1.545641e+02  6.404858e+01  6.600000e+01
     vertex  1.530072e+02  6.312927e+01  6.600000e+01
   endloop
 endfacet
 facet normal -3.429841e-15 -1.768216e-14  1.000000e+00
   outer loop
     vertex  1.539168e+02  6.256676e+01  6.600000e+01
     vertex  1.549936e+02  6.235789e+01  6.600000e+01
     vertex  1.545641e+02  6.404858e+01  6.600000e+01
   endloop
 endfacet
 facet normal  1.185281e-14 -2.356380e-14  1.000000e+00
   outer loop
     vertex  1.383498e+02  7.094350e+01  6.600000e+01
     vertex  1.431544e+02  7.878797e+01  6.600000e+01
     vertex  1.424869e+02  7.965838e+01  6.600000e+01
   endloop
 endfacet
 facet normal -1.912308e-15 -1.513293e-14  1.000000e+00
   outer loop
     vertex  1.383498e+02  7.094350e+01  6.600000e+01
     vertex  1.431930e+02  7.314869e+01  6.600000e+01
     vertex  1.431544e+02  7.878797e+01  6.600000e+01
   endloop
 endfacet
 facet normal -2.629733e-15 -1.355730e-14  1.000000e+00
   outer loop
     vertex  1.383498e+02  7.094350e+01  6.600000e+01
     vertex  1.394267e+02  7.073463e+01  6.600000e+01
     vertex  1.431930e+02  7.314869e+01  6.600000e+01
   endloop
 endfacet
 facet normal -2.610295e-15 -1.832858e-14  1.000000e+00
   outer loop
     vertex  1.575131e+02  6.034162e+01  6.600000e+01
     vertex  1.616502e+02  6.905650e+01  6.600000e+01
     vertex  1.568456e+02  6.121203e+01  6.600000e+01
   endloop
 endfacet
 facet normal  1.004438e-15 -2.004455e-14  1.000000e+00
   outer loop
     vertex  1.575131e+02  6.034162e+01  6.600000e+01
     vertex  1.627457e+02  6.911140e+01  6.600000e+01
     vertex  1.616502e+02  6.905650e+01  6.600000e+01
   endloop
 endfacet
 facet normal -2.258717e-14 -1.732179e-14  1.000000e+00
   outer loop
     vertex  1.419461e+02  6.871836e+01  6.600000e+01
     vertex  1.425094e+02  6.962464e+01  6.600000e+01
     vertex  1.412786e+02  6.958876e+01  6.600000e+01
   endloop
 endfacet
 facet normal  1.171065e-15 -2.336975e-14  1.000000e+00
   outer loop
     vertex  1.528213e+02  6.251187e+01  6.600000e+01
     vertex  1.539168e+02  6.256676e+01  6.600000e+01
     vertex  1.530072e+02  6.312927e+01  6.600000e+01
   endloop
 endfacet
 facet normal  9.207352e-16 -1.837417e-14  1.000000e+00
   outer loop
     vertex  1.372543e+02  7.088860e+01  6.600000e+01
     vertex  1.383498e+02  7.094350e+01  6.600000e+01
     vertex  1.424869e+02  7.965838e+01  6.600000e+01
   endloop
 endfacet
 facet normal -3.560304e-15 -1.570050e-14  1.000000e+00
   outer loop
     vertex  1.372543e+02  7.088860e+01  6.600000e+01
     vertex  1.424869e+02  7.965838e+01  6.600000e+01
     vertex  1.420471e+02  8.066323e+01  6.600000e+01
   endloop
 endfacet
 facet normal -9.359792e-15 -2.554321e-14  1.000000e+00
   outer loop
     vertex  1.428169e+02  6.784293e+01  6.600000e+01
     vertex  1.425094e+02  6.962464e+01  6.600000e+01
     vertex  1.419461e+02  6.871836e+01  6.600000e+01
   endloop
 endfacet
 facet normal -9.719276e-15 -1.268057e-14  1.000000e+00
   outer loop
     vertex  1.579529e+02  5.933677e+01  6.600000e+01
     vertex  1.637962e+02  6.942687e+01  6.600000e+01
     vertex  1.627457e+02  6.911140e+01  6.600000e+01
   endloop
 endfacet
 facet normal -1.879964e-14 -8.228190e-15  1.000000e+00
   outer loop
     vertex  1.579529e+02  5.933677e+01  6.600000e+01
     vertex  1.627457e+02  6.911140e+01  6.600000e+01
     vertex  1.575131e+02  6.034162e+01  6.600000e+01
   endloop
 endfacet
 facet normal  3.753532e-15 -1.249939e-14  1.000000e+00
   outer loop
     vertex  1.423859e+02  6.771351e+01  6.600000e+01
     vertex  1.428169e+02  6.784293e+01  6.600000e+01
     vertex  1.419461e+02  6.871836e+01  6.600000e+01
   endloop
 endfacet
 facet normal  7.598974e-15 -2.530485e-14  1.000000e+00
   outer loop
     vertex  1.517708e+02  6.219639e+01  6.600000e+01
     vertex  1.528213e+02  6.251187e+01  6.600000e+01
     vertex  1.530072e+02  6.312927e+01  6.600000e+01
   endloop
 endfacet
 facet normal -6.033211e-15 -7.237160e-15  1.000000e+00
   outer loop
     vertex  1.517708e+02  6.219639e+01  6.600000e+01
     vertex  1.530072e+02  6.312927e+01  6.600000e+01
     vertex  1.512755e+02  6.260926e+01  6.600000e+01
   endloop
 endfacet
 facet normal -6.867074e-15 -1.433232e-14  1.000000e+00
   outer loop
     vertex  1.362038e+02  7.057313e+01  6.600000e+01
     vertex  1.420471e+02  8.066323e+01  6.600000e+01
     vertex  1.418606e+02  8.174413e+01  6.600000e+01
   endloop
 endfacet
 facet normal -9.719276e-15 -1.268057e-14  1.000000e+00
   outer loop
     vertex  1.362038e+02  7.057313e+01  6.600000e+01
     vertex  1.372543e+02  7.088860e+01  6.600000e+01
     vertex  1.420471e+02  8.066323e+01  6.600000e+01
   endloop
 endfacet
 facet normal  1.500198e-14 -2.540640e-14  1.000000e+00
   outer loop
     vertex  1.581394e+02  5.825587e+01  6.600000e+01
     vertex  1.647407e+02  6.998459e+01  6.600000e+01
     vertex  1.637962e+02  6.942687e+01  6.600000e+01
   endloop
 endfacet
 facet normal -6.867074e-15 -1.433232e-14  1.000000e+00
   outer loop
     vertex  1.581394e+02  5.825587e+01  6.600000e+01
     vertex  1.637962e+02  6.942687e+01  6.600000e+01
     vertex  1.579529e+02  5.933677e+01  6.600000e+01
   endloop
 endfacet
 facet normal -1.483852e-16 -1.687929e-14  1.000000e+00
   outer loop
     vertex  1.581394e+02  5.825587e+01  6.600000e+01
     vertex  1.873132e+02  4.958029e+01  6.600000e+01
     vertex  1.647407e+02  6.998459e+01  6.600000e+01
   endloop
 endfacet
 facet normal  3.753532e-15 -1.249939e-14  1.000000e+00
   outer loop
     vertex  1.425724e+02  6.663260e+01  6.600000e+01
     vertex  1.428169e+02  6.784293e+01  6.600000e+01
     vertex  1.423859e+02  6.771351e+01  6.600000e+01
   endloop
 endfacet
 facet normal  8.470255e-15 -1.345200e-14  1.000000e+00
   outer loop
     vertex  1.425724e+02  6.663260e+01  6.600000e+01
     vertex  1.435418e+02  6.618658e+01  6.600000e+01
     vertex  1.428169e+02  6.784293e+01  6.600000e+01
   endloop
 endfacet
 facet normal -8.807336e-15 -1.056487e-14  1.000000e+00
   outer loop
     vertex  1.508263e+02  6.163868e+01  6.600000e+01
     vertex  1.517708e+02  6.219639e+01  6.600000e+01
     vertex  1.512755e+02  6.260926e+01  6.600000e+01
   endloop
 endfacet
 facet normal  7.511176e-16 -1.498928e-14  1.000000e+00
   outer loop
     vertex  1.508263e+02  6.163868e+01  6.600000e+01
     vertex  1.512755e+02  6.260926e+01  6.600000e+01
     vertex  1.494697e+02  6.251877e+01  6.600000e+01
   endloop
 endfacet
 facet normal -1.483852e-16 -1.687929e-14  1.000000e+00
   outer loop
     vertex  1.352593e+02  7.001541e+01  6.600000e+01
     vertex  1.418606e+02  8.174413e+01  6.600000e+01
     vertex  1.126868e+02  9.041971e+01  6.600000e+01
   endloop
 endfacet
 facet normal  1.500198e-14 -2.540640e-14  1.000000e+00
   outer loop
     vertex  1.352593e+02  7.001541e+01  6.600000e+01
     vertex  1.362038e+02  7.057313e+01  6.600000e+01
     vertex  1.418606e+02  8.174413e+01  6.600000e+01
   endloop
 endfacet
 facet normal  1.612483e-15 -1.493131e-14  1.000000e+00
   outer loop
     vertex  1.352593e+02  7.001541e+01  6.600000e+01
     vertex  1.126868e+02  9.041971e+01  6.600000e+01
     vertex  1.120558e+02  8.939981e+01  6.600000e+01
   endloop
 endfacet
 facet normal -2.369582e-15 -2.413794e-14  1.000000e+00
   outer loop
     vertex  1.580619e+02  5.716173e+01  6.600000e+01
     vertex  1.869445e+02  4.843901e+01  6.600000e+01
     vertex  1.873132e+02  4.958029e+01  6.600000e+01
   endloop
 endfacet
 facet normal -2.794718e-15 -2.577824e-14  1.000000e+00
   outer loop
     vertex  1.580619e+02  5.716173e+01  6.600000e+01
     vertex  1.873132e+02  4.958029e+01  6.600000e+01
     vertex  1.581394e+02  5.825587e+01  6.600000e+01
   endloop
 endfacet
 facet normal -5.046268e-15 -1.377482e-14  1.000000e+00
   outer loop
     vertex  1.424949e+02  6.553847e+01  6.600000e+01
     vertex  1.446421e+02  6.475185e+01  6.600000e+01
     vertex  1.435418e+02  6.618658e+01  6.600000e+01
   endloop
 endfacet
 facet normal  2.622224e-15 -2.616219e-14  1.000000e+00
   outer loop
     vertex  1.424949e+02  6.553847e+01  6.600000e+01
     vertex  1.435418e+02  6.618658e+01  6.600000e+01
     vertex  1.425724e+02  6.663260e+01  6.600000e+01
   endloop
 endfacet
 facet normal -9.240362e-16 -1.757127e-14  1.000000e+00
   outer loop
     vertex  1.500427e+02  6.087113e+01  6.600000e+01
     vertex  1.508263e+02  6.163868e+01  6.600000e+01
     vertex  1.494697e+02  6.251877e+01  6.600000e+01
   endloop
 endfacet
 facet normal -7.453530e-16 -1.775369e-14  1.000000e+00
   outer loop
     vertex  1.344757e+02  6.924787e+01  6.600000e+01
     vertex  1.352593e+02  7.001541e+01  6.600000e+01
     vertex  1.120558e+02  8.939981e+01  6.600000e+01
   endloop
 endfacet
 facet normal -3.996058e-18 -1.692890e-14  1.000000e+00
   outer loop
     vertex  1.344757e+02  6.924787e+01  6.600000e+01
     vertex  1.120558e+02  8.939981e+01  6.600000e+01
     vertex  1.111990e+02  8.856057e+01  6.600000e+01
   endloop
 endfacet
 facet normal -4.459888e-15 -1.217418e-14  1.000000e+00
   outer loop
     vertex  1.421578e+02  6.449468e+01  6.600000e+01
     vertex  1.446421e+02  6.475185e+01  6.600000e+01
     vertex  1.424949e+02  6.553847e+01  6.600000e+01
   endloop
 endfacet
 facet normal  1.232443e-15 -1.196598e-14  1.000000e+00
   outer loop
     vertex  1.577247e+02  5.611794e+01  6.600000e+01
     vertex  1.868597e+02  4.724267e+01  6.600000e+01
     vertex  1.869445e+02  4.843901e+01  6.600000e+01
   endloop
 endfacet
 facet normal  7.366258e-16 -1.385266e-14  1.000000e+00
   outer loop
     vertex  1.577247e+02  5.611794e+01  6.600000e+01
     vertex  1.869445e+02  4.843901e+01  6.600000e+01
     vertex  1.580619e+02  5.716173e+01  6.600000e+01
   endloop
 endfacet
 facet normal -3.203713e-15 -1.651639e-14  1.000000e+00
   outer loop
     vertex  1.494655e+02  5.993836e+01  6.600000e+01
     vertex  1.494697e+02  6.251877e+01  6.600000e+01
     vertex  1.476948e+02  6.286306e+01  6.600000e+01
   endloop
 endfacet
 facet normal  2.084781e-15 -1.652503e-14  1.000000e+00
   outer loop
     vertex  1.494655e+02  5.993836e+01  6.600000e+01
     vertex  1.500427e+02  6.087113e+01  6.600000e+01
     vertex  1.494697e+02  6.251877e+01  6.600000e+01
   endloop
 endfacet
 facet normal  9.259826e-16 -1.580803e-14  1.000000e+00
   outer loop
     vertex  1.338985e+02  6.831510e+01  6.600000e+01
     vertex  1.344757e+02  6.924787e+01  6.600000e+01
     vertex  1.111990e+02  8.856057e+01  6.600000e+01
   endloop
 endfacet
 facet normal -2.294138e-15 -1.941849e-14  1.000000e+00
   outer loop
     vertex  1.338985e+02  6.831510e+01  6.600000e+01
     vertex  1.111990e+02  8.856057e+01  6.600000e+01
     vertex  1.101662e+02  8.795075e+01  6.600000e+01
   endloop
 endfacet
 facet normal  3.330917e-16 -2.474186e-14  1.000000e+00
   outer loop
     vertex  1.415806e+02  6.356191e+01  6.600000e+01
     vertex  1.460538e+02  6.362213e+01  6.600000e+01
     vertex  1.446421e+02  6.475185e+01  6.600000e+01
   endloop
 endfacet
 facet normal -4.426551e-15 -1.249622e-14  1.000000e+00
   outer loop
     vertex  1.415806e+02  6.356191e+01  6.600000e+01
     vertex  1.446421e+02  6.475185e+01  6.600000e+01
     vertex  1.421578e+02  6.449468e+01  6.600000e+01
   endloop
 endfacet
 facet normal  1.990668e-16 -1.535826e-14  1.000000e+00
   outer loop
     vertex  1.571476e+02  5.518517e+01  6.600000e+01
     vertex  1.868597e+02  4.724267e+01  6.600000e+01
     vertex  1.577247e+02  5.611794e+01  6.600000e+01
   endloop
 endfacet
 facet normal  4.536664e-16 -1.774073e-14  1.000000e+00
   outer loop
     vertex  1.491284e+02  5.889457e+01  6.600000e+01
     vertex  1.476948e+02  6.286306e+01  6.600000e+01
     vertex  1.460538e+02  6.362213e+01  6.600000e+01
   endloop
 endfacet
 facet normal -1.362785e-14 -2.282764e-14  1.000000e+00
   outer loop
     vertex  1.491284e+02  5.889457e+01  6.600000e+01
     vertex  1.494655e+02  5.993836e+01  6.600000e+01
     vertex  1.476948e+02  6.286306e+01  6.600000e+01
   endloop
 endfacet
 facet normal  1.239986e-16 -1.795513e-14  1.000000e+00
   outer loop
     vertex  1.407970e+02  6.279436e+01  6.600000e+01
     vertex  1.491284e+02  5.889457e+01  6.600000e+01
     vertex  1.460538e+02  6.362213e+01  6.600000e+01
   endloop
 endfacet
 facet normal  2.527300e-16 -1.877264e-14  1.000000e+00
   outer loop
     vertex  1.407970e+02  6.279436e+01  6.600000e+01
     vertex  1.460538e+02  6.362213e+01  6.600000e+01
     vertex  1.415806e+02  6.356191e+01  6.600000e+01
   endloop
 endfacet
 facet normal -6.484874e-15 -1.960308e-14  1.000000e+00
   outer loop
     vertex  1.968456e+02  3.251017e+01  6.600000e+01
     vertex  1.938233e+02  4.293408e+01  6.600000e+01
     vertex  1.926746e+02  4.258913e+01  6.600000e+01
   endloop
 endfacet
 facet normal  2.068410e-14 -1.172559e-14  1.000000e+00
   outer loop
     vertex  1.968456e+02  3.251017e+01  6.600000e+01
     vertex  1.948560e+02  4.354389e+01  6.600000e+01
     vertex  1.938233e+02  4.293408e+01  6.600000e+01
   endloop
 endfacet
 facet normal -1.230073e-15 -1.567718e-14  1.000000e+00
   outer loop
     vertex  1.968456e+02  3.251017e+01  6.600000e+01
     vertex  1.957128e+02  4.438313e+01  6.600000e+01
     vertex  1.948560e+02  4.354389e+01  6.600000e+01
   endloop
 endfacet
 facet normal -2.478612e-15 -1.579631e-14  1.000000e+00
   outer loop
     vertex  1.968456e+02  3.251017e+01  6.600000e+01
     vertex  2.044563e+02  4.481044e+01  6.600000e+01
     vertex  1.957128e+02  4.438313e+01  6.600000e+01
   endloop
 endfacet
 facet normal  2.370322e-15 -1.315617e-14  1.000000e+00
   outer loop
     vertex  1.490508e+02  5.780043e+01  6.600000e+01
     vertex  1.491284e+02  5.889457e+01  6.600000e+01
     vertex  1.407970e+02  6.279436e+01  6.600000e+01
   endloop
 endfacet
 facet normal -1.012671e-14 -3.381087e-14  1.000000e+00
   outer loop
     vertex  1.398525e+02  6.223664e+01  6.600000e+01
     vertex  1.490508e+02  5.780043e+01  6.600000e+01
     vertex  1.407970e+02  6.279436e+01  6.600000e+01
   endloop
 endfacet
 facet normal  3.937436e-15 -1.971117e-14  1.000000e+00
   outer loop
     vertex  1.026161e+02  8.192322e+01  6.600000e+01
     vertex  1.066423e+02  8.777417e+01  6.600000e+01
     vertex  1.055538e+02  8.827769e+01  6.600000e+01
   endloop
 endfacet
 facet normal  1.469259e-14 -2.468339e-14  1.000000e+00
   outer loop
     vertex  1.862731e+02  3.690654e+01  6.600000e+01
     vertex  1.902994e+02  4.275749e+01  6.600000e+01
     vertex  1.892108e+02  4.326101e+01  6.600000e+01
   endloop
 endfacet
 facet normal -1.027235e-14 -1.283587e-14  1.000000e+00
   outer loop
     vertex  1.021675e+02  8.213070e+01  6.600000e+01
     vertex  1.055538e+02  8.827769e+01  6.600000e+01
     vertex  1.046174e+02  8.902707e+01  6.600000e+01
   endloop
 endfacet
 facet normal -6.817723e-15 -1.473896e-14  1.000000e+00
   outer loop
     vertex  1.021675e+02  8.213070e+01  6.600000e+01
     vertex  1.026161e+02  8.192322e+01  6.600000e+01
     vertex  1.055538e+02  8.827769e+01  6.600000e+01
   endloop
 endfacet
 facet normal  2.602979e-16 -1.863812e-14  1.000000e+00
   outer loop
     vertex  1.858246e+02  3.711402e+01  6.600000e+01
     vertex  1.892108e+02  4.326101e+01  6.600000e+01
     vertex  1.882744e+02  4.401039e+01  6.600000e+01
   endloop
 endfacet
 facet normal -6.817723e-15 -1.473896e-14  1.000000e+00
   outer loop
     vertex  1.858246e+02  3.711402e+01  6.600000e+01
     vertex  1.862731e+02  3.690654e+01  6.600000e+01
     vertex  1.892108e+02  4.326101e+01  6.600000e+01
   endloop
 endfacet
 facet normal -8.774187e-15 -1.096383e-14  1.000000e+00
   outer loop
     vertex  1.030019e+02  8.161443e+01  6.600000e+01
     vertex  1.066423e+02  8.777417e+01  6.600000e+01
     vertex  1.026161e+02  8.192322e+01  6.600000e+01
   endloop
 endfacet
 facet normal -7.520731e-15 -9.397570e-15  1.000000e+00
   outer loop
     vertex  1.866590e+02  3.659775e+01  6.600000e+01
     vertex  1.902994e+02  4.275749e+01  6.600000e+01
     vertex  1.862731e+02  3.690654e+01  6.600000e+01
   endloop
 endfacet
 facet normal -1.755370e-16 -1.317748e-14  1.000000e+00
   outer loop
     vertex  1.492374e+02  5.671953e+01  6.600000e+01
     vertex  1.490508e+02  5.780043e+01  6.600000e+01
     vertex  1.398525e+02  6.223664e+01  6.600000e+01
   endloop
 endfacet
 facet normal -2.991495e-15 -1.542232e-14  1.000000e+00
   outer loop
     vertex  1.016824e+02  8.222481e+01  6.600000e+01
     vertex  1.021675e+02  8.213070e+01  6.600000e+01
     vertex  1.046174e+02  8.902707e+01  6.600000e+01
   endloop
 endfacet
 facet normal  2.403753e-14 -2.708476e-14  1.000000e+00
   outer loop
     vertex  1.853394e+02  3.720813e+01  6.600000e+01
     vertex  1.858246e+02  3.711402e+01  6.600000e+01
     vertex  1.882744e+02  4.401039e+01  6.600000e+01
   endloop
 endfacet
 facet normal -3.062910e-15 -1.579049e-14  1.000000e+00
   outer loop
     vertex  1.033027e+02  8.122227e+01  6.600000e+01
     vertex  1.078197e+02  8.754579e+01  6.600000e+01
     vertex  1.066423e+02  8.777417e+01  6.600000e+01
   endloop
 endfacet
 facet normal  1.479367e-14 -2.489242e-14  1.000000e+00
   outer loop
     vertex  1.033027e+02  8.122227e+01  6.600000e+01
     vertex  1.066423e+02  8.777417e+01  6.600000e+01
     vertex  1.030019e+02  8.161443e+01  6.600000e+01
   endloop
 endfacet
 facet normal -1.404667e-14 -1.019180e-14  1.000000e+00
   outer loop
     vertex  1.869597e+02  3.620559e+01  6.600000e+01
     vertex  1.914768e+02  4.252911e+01  6.600000e+01
     vertex  1.902994e+02  4.275749e+01  6.600000e+01
   endloop
 endfacet
 facet normal  4.317937e-14 -3.936131e-14  1.000000e+00
   outer loop
     vertex  1.869597e+02  3.620559e+01  6.600000e+01
     vertex  1.902994e+02  4.275749e+01  6.600000e+01
     vertex  1.866590e+02  3.659775e+01  6.600000e+01
   endloop
 endfacet
 facet normal  1.041015e-14 -2.188065e-14  1.000000e+00
   outer loop
     vertex  1.011888e+02  8.220007e+01  6.600000e+01
     vertex  1.046174e+02  8.902707e+01  6.600000e+01
     vertex  1.038876e+02  8.997877e+01  6.600000e+01
   endloop
 endfacet
 facet normal  8.560061e-16 -1.708243e-14  1.000000e+00
   outer loop
     vertex  1.011888e+02  8.220007e+01  6.600000e+01
     vertex  1.016824e+02  8.222481e+01  6.600000e+01
     vertex  1.046174e+02  8.902707e+01  6.600000e+01
   endloop
 endfacet
 facet normal -1.355694e-15 -1.597169e-14  1.000000e+00
   outer loop
     vertex  1.848458e+02  3.718339e+01  6.600000e+01
     vertex  1.882744e+02  4.401039e+01  6.600000e+01
     vertex  1.875446e+02  4.496209e+01  6.600000e+01
   endloop
 endfacet
 facet normal  8.560061e-16 -1.708243e-14  1.000000e+00
   outer loop
     vertex  1.848458e+02  3.718339e+01  6.600000e+01
     vertex  1.853394e+02  3.720813e+01  6.600000e+01
     vertex  1.882744e+02  4.401039e+01  6.600000e+01
   endloop
 endfacet
 facet normal  1.151343e-14  6.705976e-15  1.000000e+00
   outer loop
     vertex  1.388020e+02  6.192117e+01  6.600000e+01
     vertex  1.492374e+02  5.671953e+01  6.600000e+01
     vertex  1.398525e+02  6.223664e+01  6.600000e+01
   endloop
 endfacet
 facet normal  9.770052e-16 -1.949709e-14  1.000000e+00
   outer loop
     vertex  1.035008e+02  8.076953e+01  6.600000e+01
     vertex  1.090176e+02  8.760581e+01  6.600000e+01
     vertex  1.078197e+02  8.754579e+01  6.600000e+01
   endloop
 endfacet
 facet normal  1.164096e-14 -2.629386e-14  1.000000e+00
   outer loop
     vertex  1.035008e+02  8.076953e+01  6.600000e+01
     vertex  1.078197e+02  8.754579e+01  6.600000e+01
     vertex  1.033027e+02  8.122227e+01  6.600000e+01
   endloop
 endfacet
 facet normal -4.480413e-14  1.177907e-14  1.000000e+00
   outer loop
     vertex  1.871579e+02  3.575285e+01  6.600000e+01
     vertex  1.914768e+02  4.252911e+01  6.600000e+01
     vertex  1.869597e+02  3.620559e+01  6.600000e+01
   endloop
 endfacet
 facet normal  8.684491e-16 -1.733075e-14  1.000000e+00
   outer loop
     vertex  1.871579e+02  3.575285e+01  6.600000e+01
     vertex  1.926746e+02  4.258913e+01  6.600000e+01
     vertex  1.914768e+02  4.252911e+01  6.600000e+01
   endloop
 endfacet
 facet normal  2.371285e-16 -1.682128e-14  1.000000e+00
   outer loop
     vertex  1.871579e+02  3.575285e+01  6.600000e+01
     vertex  1.968456e+02  3.251017e+01  6.600000e+01
     vertex  1.926746e+02  4.258913e+01  6.600000e+01
   endloop
 endfacet
 facet normal  1.434328e-15 -1.351446e-14  1.000000e+00
   outer loop
     vertex  1.496772e+02  5.571468e+01  6.600000e+01
     vertex  1.492374e+02  5.671953e+01  6.600000e+01
     vertex  1.388020e+02  6.192117e+01  6.600000e+01
   endloop
 endfacet
 facet normal  6.124159e-15 -2.039366e-14  1.000000e+00
   outer loop
     vertex  1.007155e+02  8.205794e+01  6.600000e+01
     vertex  1.011888e+02  8.220007e+01  6.600000e+01
     vertex  1.038876e+02  8.997877e+01  6.600000e+01
   endloop
 endfacet
 facet normal -2.340451e-17 -1.732419e-14  1.000000e+00
   outer loop
     vertex  1.007155e+02  8.205794e+01  6.600000e+01
     vertex  1.034067e+02  9.107748e+01  6.600000e+01
     vertex  9.554372e+01  9.518956e+01  6.600000e+01
   endloop
 endfacet
 facet normal -5.973863e-15 -1.554873e-14  1.000000e+00
   outer loop
     vertex  1.007155e+02  8.205794e+01  6.600000e+01
     vertex  1.038876e+02  8.997877e+01  6.600000e+01
     vertex  1.034067e+02  9.107748e+01  6.600000e+01
   endloop
 endfacet
 facet normal -6.151961e-14  4.901740e-15  1.000000e+00
   outer loop
     vertex  1.843725e+02  3.704126e+01  6.600000e+01
     vertex  1.848458e+02  3.718339e+01  6.600000e+01
     vertex  1.875446e+02  4.496209e+01  6.600000e+01
   endloop
 endfacet
 facet normal -2.354612e-14 -1.030562e-14  1.000000e+00
   outer loop
     vertex  1.843725e+02  3.704126e+01  6.600000e+01
     vertex  1.875446e+02  4.496209e+01  6.600000e+01
     vertex  1.870637e+02  4.606081e+01  6.600000e+01
   endloop
 endfacet
 facet normal -1.909900e-14 -3.296151e-15  1.000000e+00
   outer loop
     vertex  1.035849e+02  8.028253e+01  6.600000e+01
     vertex  1.090176e+02  8.760581e+01  6.600000e+01
     vertex  1.035008e+02  8.076953e+01  6.600000e+01
   endloop
 endfacet
 facet normal  6.747764e-15 -2.247029e-14  1.000000e+00
   outer loop
     vertex  1.035849e+02  8.028253e+01  6.600000e+01
     vertex  1.101662e+02  8.795075e+01  6.600000e+01
     vertex  1.090176e+02  8.760581e+01  6.600000e+01
   endloop
 endfacet
 facet normal -4.138778e-15 -2.989462e-14  1.000000e+00
   outer loop
     vertex  1.872419e+02  3.526585e+01  6.600000e+01
     vertex  1.968456e+02  3.251017e+01  6.600000e+01
     vertex  1.871579e+02  3.575285e+01  6.600000e+01
   endloop
 endfacet
 facet normal  7.383259e-16 -1.473401e-14  1.000000e+00
   outer loop
     vertex  1.377065e+02  6.186627e+01  6.600000e+01
     vertex  1.496772e+02  5.571468e+01  6.600000e+01
     vertex  1.388020e+02  6.192117e+01  6.600000e+01
   endloop
 endfacet
 facet normal  8.295087e-15 -1.404803e-14  1.000000e+00
   outer loop
     vertex  1.002899e+02  8.180666e+01  6.600000e+01
     vertex  1.007155e+02  8.205794e+01  6.600000e+01
     vertex  9.554372e+01  9.518956e+01  6.600000e+01
   endloop
 endfacet
 facet normal  5.295819e-14 -3.313253e-14  1.000000e+00
   outer loop
     vertex  1.839470e+02  3.678998e+01  6.600000e+01
     vertex  1.843725e+02  3.704126e+01  6.600000e+01
     vertex  1.870637e+02  4.606081e+01  6.600000e+01
   endloop
 endfacet
 facet normal  1.542890e-14 -2.992100e-14  1.000000e+00
   outer loop
     vertex  1.035499e+02  7.978957e+01  6.600000e+01
     vertex  1.101662e+02  8.795075e+01  6.600000e+01
     vertex  1.035849e+02  8.028253e+01  6.600000e+01
   endloop
 endfacet
 facet normal  4.350689e-15 -3.083786e-16  1.000000e+00
   outer loop
     vertex  1.872070e+02  3.477289e+01  6.600000e+01
     vertex  1.968456e+02  3.251017e+01  6.600000e+01
     vertex  1.872419e+02  3.526585e+01  6.600000e+01
   endloop
 endfacet
 facet normal  3.992325e-14 -2.918213e-14  1.000000e+00
   outer loop
     vertex  1.835939e+02  3.644416e+01  6.600000e+01
     vertex  1.870637e+02  4.606081e+01  6.600000e+01
     vertex  1.868597e+02  4.724267e+01  6.600000e+01
   endloop
 endfacet
 facet normal -2.485702e-16 -1.703283e-14  1.000000e+00
   outer loop
     vertex  1.835939e+02  3.644416e+01  6.600000e+01
     vertex  1.868597e+02  4.724267e+01  6.600000e+01
     vertex  1.571476e+02  5.518517e+01  6.600000e+01
   endloop
 endfacet
 facet normal  2.238657e-14 -2.285469e-14  1.000000e+00
   outer loop
     vertex  1.835939e+02  3.644416e+01  6.600000e+01
     vertex  1.839470e+02  3.678998e+01  6.600000e+01
     vertex  1.870637e+02  4.606081e+01  6.600000e+01
   endloop
 endfacet
 facet normal  9.118081e-17 -1.653551e-14  1.000000e+00
   outer loop
     vertex  1.033980e+02  7.931929e+01  6.600000e+01
     vertex  1.338985e+02  6.831510e+01  6.600000e+01
     vertex  1.101662e+02  8.795075e+01  6.600000e+01
   endloop
 endfacet
 facet normal -3.373883e-15 -2.613969e-14  1.000000e+00
   outer loop
     vertex  1.033980e+02  7.931929e+01  6.600000e+01
     vertex  1.335614e+02  6.727131e+01  6.600000e+01
     vertex  1.338985e+02  6.831510e+01  6.600000e+01
   endloop
 endfacet
 facet normal -3.570361e-14  1.153231e-14  1.000000e+00
   outer loop
     vertex  1.033980e+02  7.931929e+01  6.600000e+01
     vertex  1.101662e+02  8.795075e+01  6.600000e+01
     vertex  1.035499e+02  7.978957e+01  6.600000e+01
   endloop
 endfacet
 facet normal -2.482520e-15 -2.941620e-14  1.000000e+00
   outer loop
     vertex  1.870551e+02  3.430261e+01  6.600000e+01
     vertex  1.968456e+02  3.251017e+01  6.600000e+01
     vertex  1.872070e+02  3.477289e+01  6.600000e+01
   endloop
 endfacet
 facet normal -6.101686e-16 -1.789170e-14  1.000000e+00
   outer loop
     vertex  1.833339e+02  3.602390e+01  6.600000e+01
     vertex  1.571476e+02  5.518517e+01  6.600000e+01
     vertex  1.563640e+02  5.441762e+01  6.600000e+01
   endloop
 endfacet
 facet normal -8.440083e-15 -2.859227e-14  1.000000e+00
   outer loop
     vertex  1.833339e+02  3.602390e+01  6.600000e+01
     vertex  1.835939e+02  3.644416e+01  6.600000e+01
     vertex  1.571476e+02  5.518517e+01  6.600000e+01
   endloop
 endfacet
 facet normal -5.163321e-15 -3.061973e-14  1.000000e+00
   outer loop
     vertex  1.031380e+02  7.889903e+01  6.600000e+01
     vertex  1.335614e+02  6.727131e+01  6.600000e+01
     vertex  1.033980e+02  7.931929e+01  6.600000e+01
   endloop
 endfacet
 facet normal  2.607589e-15 -1.613416e-15  1.000000e+00
   outer loop
     vertex  1.867950e+02  3.388235e+01  6.600000e+01
     vertex  1.968456e+02  3.251017e+01  6.600000e+01
     vertex  1.870551e+02  3.430261e+01  6.600000e+01
   endloop
 endfacet
 facet normal -2.442147e-15 -3.860023e-14  1.000000e+00
   outer loop
     vertex  1.864420e+02  3.353654e+01  6.600000e+01
     vertex  1.968456e+02  3.251017e+01  6.600000e+01
     vertex  1.867950e+02  3.388235e+01  6.600000e+01
   endloop
 endfacet
 facet normal  1.656545e-16 -4.126256e-14  1.000000e+00
   outer loop
     vertex  9.109787e+01  8.142535e+01  6.600000e+01
     vertex  9.993689e+01  8.146084e+01  6.600000e+01
     vertex  1.002899e+02  8.180666e+01  6.600000e+01
   endloop
 endfacet
 facet normal -0.000000e+00  0.000000e+00  1.000000e+00
   outer loop
     vertex  9.109787e+01  8.142535e+01  6.600000e+01
     vertex  9.967686e+01  8.104058e+01  6.600000e+01
     vertex  9.993689e+01  8.146084e+01  6.600000e+01
   endloop
 endfacet
 facet normal -1.335948e-15 -2.978654e-14  1.000000e+00
   outer loop
     vertex  9.109787e+01  8.142535e+01  6.600000e+01
     vertex  9.952496e+01  8.057030e+01  6.600000e+01
     vertex  9.967686e+01  8.104058e+01  6.600000e+01
   endloop
 endfacet
 facet normal  1.674288e-15 -1.186742e-16  1.000000e+00
   outer loop
     vertex  9.109787e+01  8.142535e+01  6.600000e+01
     vertex  9.949002e+01  8.007734e+01  6.600000e+01
     vertex  9.952496e+01  8.057030e+01  6.600000e+01
   endloop
 endfacet
 facet normal -3.079189e-15 -2.971175e-14  1.000000e+00
   outer loop
     vertex  9.109787e+01  8.142535e+01  6.600000e+01
     vertex  9.957407e+01  7.959034e+01  6.600000e+01
     vertex  9.949002e+01  8.007734e+01  6.600000e+01
   endloop
 endfacet
 facet normal -8.290241e-16 -1.728388e-14  1.000000e+00
   outer loop
     vertex  9.109787e+01  8.142535e+01  6.600000e+01
     vertex  1.002899e+02  8.180666e+01  6.600000e+01
     vertex  9.554372e+01  9.518956e+01  6.600000e+01
   endloop
 endfacet
 facet normal -1.130924e-14 -6.772751e-14  1.000000e+00
   outer loop
     vertex  9.109787e+01  8.142535e+01  6.600000e+01
     vertex  9.977222e+01  7.913760e+01  6.600000e+01
     vertex  9.957407e+01  7.959034e+01  6.600000e+01
   endloop
 endfacet
 facet normal  2.019475e-14  5.172455e-14  1.000000e+00
   outer loop
     vertex  9.109787e+01  8.142535e+01  6.600000e+01
     vertex  1.000730e+02  7.874544e+01  6.600000e+01
     vertex  9.977222e+01  7.913760e+01  6.600000e+01
   endloop
 endfacet
 facet normal -6.080398e-14 -2.995707e-14  1.000000e+00
   outer loop
     vertex  1.865125e+02  2.238866e+01  6.600000e+01
     vertex  1.841158e+02  3.341997e+01  6.600000e+01
     vertex  1.837300e+02  3.372876e+01  6.600000e+01
   endloop
 endfacet
 facet normal -8.612032e-15 -1.861800e-14  1.000000e+00
   outer loop
     vertex  1.865125e+02  2.238866e+01  6.600000e+01
     vertex  1.845644e+02  3.321249e+01  6.600000e+01
     vertex  1.841158e+02  3.341997e+01  6.600000e+01
   endloop
 endfacet
 facet normal -3.430472e-15 -1.768542e-14  1.000000e+00
   outer loop
     vertex  1.865125e+02  2.238866e+01  6.600000e+01
     vertex  1.850495e+02  3.311839e+01  6.600000e+01
     vertex  1.845644e+02  3.321249e+01  6.600000e+01
   endloop
 endfacet
 facet normal  8.569292e-16 -1.710086e-14  1.000000e+00
   outer loop
     vertex  1.865125e+02  2.238866e+01  6.600000e+01
     vertex  1.855431e+02  3.314312e+01  6.600000e+01
     vertex  1.850495e+02  3.311839e+01  6.600000e+01
   endloop
 endfacet
 facet normal  5.022586e-15 -1.672539e-14  1.000000e+00
   outer loop
     vertex  1.865125e+02  2.238866e+01  6.600000e+01
     vertex  1.860164e+02  3.328526e+01  6.600000e+01
     vertex  1.855431e+02  3.314312e+01  6.600000e+01
   endloop
 endfacet
 facet normal  9.748968e-15 -1.651023e-14  1.000000e+00
   outer loop
     vertex  1.865125e+02  2.238866e+01  6.600000e+01
     vertex  1.864420e+02  3.353654e+01  6.600000e+01
     vertex  1.860164e+02  3.328526e+01  6.600000e+01
   endloop
 endfacet
 facet normal -2.691117e-16 -1.657357e-14  1.000000e+00
   outer loop
     vertex  1.865125e+02  2.238866e+01  6.600000e+01
     vertex  1.968456e+02  3.251017e+01  6.600000e+01
     vertex  1.864420e+02  3.353654e+01  6.600000e+01
   endloop
 endfacet
 facet normal -2.443645e-16 -1.672659e-14  1.000000e+00
   outer loop
     vertex  9.007519e+01  6.699715e+01  6.600000e+01
     vertex  1.000730e+02  7.874544e+01  6.600000e+01
     vertex  9.109787e+01  8.142535e+01  6.600000e+01
   endloop
 endfacet
 facet normal -8.061945e-15 -1.007385e-14  1.000000e+00
   outer loop
     vertex  9.007519e+01  6.699715e+01  6.600000e+01
     vertex  1.004588e+02  7.843665e+01  6.600000e+01
     vertex  1.000730e+02  7.874544e+01  6.600000e+01
   endloop
 endfacet
 facet normal  3.896159e-14 -5.275705e-14  1.000000e+00
   outer loop
     vertex  9.007519e+01  6.699715e+01  6.600000e+01
     vertex  1.009073e+02  7.822917e+01  6.600000e+01
     vertex  1.004588e+02  7.843665e+01  6.600000e+01
   endloop
 endfacet
 facet normal -2.715618e-14  1.100691e-14  1.000000e+00
   outer loop
     vertex  9.007519e+01  6.699715e+01  6.600000e+01
     vertex  1.013925e+02  7.813507e+01  6.600000e+01
     vertex  1.009073e+02  7.822917e+01  6.600000e+01
   endloop
 endfacet
 facet normal -5.508679e-14 -1.981670e-14  1.000000e+00
   outer loop
     vertex  1.036510e+02  5.750089e+01  6.600000e+01
     vertex  1.027850e+02  7.855321e+01  6.600000e+01
     vertex  1.023594e+02  7.830194e+01  6.600000e+01
   endloop
 endfacet
 facet normal  2.247652e-14 -5.448163e-14  1.000000e+00
   outer loop
     vertex  1.653210e+02  2.431561e+01  6.600000e+01
     vertex  1.832311e+02  3.457366e+01  6.600000e+01
     vertex  1.831470e+02  3.506066e+01  6.600000e+01
   endloop
 endfacet
 facet normal -4.042806e-14 -1.890652e-14  1.000000e+00
   outer loop
     vertex  1.032024e+02  5.770837e+01  6.600000e+01
     vertex  1.036510e+02  5.750089e+01  6.600000e+01
     vertex  1.023594e+02  7.830194e+01  6.600000e+01
   endloop
 endfacet
 facet normal  3.477690e-14 -1.582795e-14  1.000000e+00
   outer loop
     vertex  1.032024e+02  5.770837e+01  6.600000e+01
     vertex  1.023594e+02  7.830194e+01  6.600000e+01
     vertex  1.018861e+02  7.815980e+01  6.600000e+01
   endloop
 endfacet
 facet normal -4.499811e-15 -9.727960e-15  1.000000e+00
   outer loop
     vertex  1.648725e+02  2.452309e+01  6.600000e+01
     vertex  1.653210e+02  2.431561e+01  6.600000e+01
     vertex  1.831470e+02  3.506066e+01  6.600000e+01
   endloop
 endfacet
 facet normal  6.790965e-15 -2.930874e-14  1.000000e+00
   outer loop
     vertex  1.648725e+02  2.452309e+01  6.600000e+01
     vertex  1.831470e+02  3.506066e+01  6.600000e+01
     vertex  1.831820e+02  3.555362e+01  6.600000e+01
   endloop
 endfacet
 facet normal -1.375200e-15 -1.289069e-14  1.000000e+00
   outer loop
     vertex  1.040368e+02  5.719210e+01  6.600000e+01
     vertex  1.334839e+02  6.617717e+01  6.600000e+01
     vertex  1.335614e+02  6.727131e+01  6.600000e+01
   endloop
 endfacet
 facet normal -1.452365e-14 -1.814810e-14  1.000000e+00
   outer loop
     vertex  1.040368e+02  5.719210e+01  6.600000e+01
     vertex  1.027850e+02  7.855321e+01  6.600000e+01
     vertex  1.036510e+02  5.750089e+01  6.600000e+01
   endloop
 endfacet
 facet normal  3.446578e-17 -1.701996e-14  1.000000e+00
   outer loop
     vertex  1.040368e+02  5.719210e+01  6.600000e+01
     vertex  1.335614e+02  6.727131e+01  6.600000e+01
     vertex  1.031380e+02  7.889903e+01  6.600000e+01
   endloop
 endfacet
 facet normal  1.602289e-14 -1.635794e-14  1.000000e+00
   outer loop
     vertex  1.040368e+02  5.719210e+01  6.600000e+01
     vertex  1.031380e+02  7.889903e+01  6.600000e+01
     vertex  1.027850e+02  7.855321e+01  6.600000e+01
   endloop
 endfacet
 facet normal -2.267413e-14  2.146488e-14  1.000000e+00
   outer loop
     vertex  1.657069e+02  2.400682e+01  6.600000e+01
     vertex  1.834292e+02  3.412092e+01  6.600000e+01
     vertex  1.832311e+02  3.457366e+01  6.600000e+01
   endloop
 endfacet
 facet normal  1.027611e-14 -3.318030e-14  1.000000e+00
   outer loop
     vertex  1.657069e+02  2.400682e+01  6.600000e+01
     vertex  1.832311e+02  3.457366e+01  6.600000e+01
     vertex  1.653210e+02  2.431561e+01  6.600000e+01
   endloop
 endfacet
 facet normal  5.577440e-14 -1.447647e-14  1.000000e+00
   outer loop
     vertex  1.027173e+02  5.780247e+01  6.600000e+01
     vertex  1.032024e+02  5.770837e+01  6.600000e+01
     vertex  1.018861e+02  7.815980e+01  6.600000e+01
   endloop
 endfacet
 facet normal  8.378189e-16 -1.671949e-14  1.000000e+00
   outer loop
     vertex  1.027173e+02  5.780247e+01  6.600000e+01
     vertex  1.018861e+02  7.815980e+01  6.600000e+01
     vertex  1.013925e+02  7.813507e+01  6.600000e+01
   endloop
 endfacet
 facet normal -2.646476e-15 -1.364361e-14  1.000000e+00
   outer loop
     vertex  1.643873e+02  2.461719e+01  6.600000e+01
     vertex  1.648725e+02  2.452309e+01  6.600000e+01
     vertex  1.831820e+02  3.555362e+01  6.600000e+01
   endloop
 endfacet
 facet normal -1.421792e-16 -1.720551e-14  1.000000e+00
   outer loop
     vertex  1.643873e+02  2.461719e+01  6.600000e+01
     vertex  1.833339e+02  3.602390e+01  6.600000e+01
     vertex  1.563640e+02  5.441762e+01  6.600000e+01
   endloop
 endfacet
 facet normal -1.721728e-14 -2.180275e-14  1.000000e+00
   outer loop
     vertex  1.643873e+02  2.461719e+01  6.600000e+01
     vertex  1.563640e+02  5.441762e+01  6.600000e+01
     vertex  1.554195e+02  5.385991e+01  6.600000e+01
   endloop
 endfacet
 facet normal -1.303563e-14  4.210524e-15  1.000000e+00
   outer loop
     vertex  1.643873e+02  2.461719e+01  6.600000e+01
     vertex  1.831820e+02  3.555362e+01  6.600000e+01
     vertex  1.833339e+02  3.602390e+01  6.600000e+01
   endloop
 endfacet
 facet normal -1.535724e-15 -1.341222e-14  1.000000e+00
   outer loop
     vertex  1.043376e+02  5.679994e+01  6.600000e+01
     vertex  1.336704e+02  6.509627e+01  6.600000e+01
     vertex  1.334839e+02  6.617717e+01  6.600000e+01
   endloop
 endfacet
 facet normal  4.658459e-15 -3.266497e-14  1.000000e+00
   outer loop
     vertex  1.043376e+02  5.679994e+01  6.600000e+01
     vertex  1.334839e+02  6.617717e+01  6.600000e+01
     vertex  1.040368e+02  5.719210e+01  6.600000e+01
   endloop
 endfacet
 facet normal -7.250798e-15 -5.560536e-15  1.000000e+00
   outer loop
     vertex  1.660076e+02  2.361466e+01  6.600000e+01
     vertex  1.834292e+02  3.412092e+01  6.600000e+01
     vertex  1.657069e+02  2.400682e+01  6.600000e+01
   endloop
 endfacet
 facet normal  2.263457e-14 -5.511682e-14  1.000000e+00
   outer loop
     vertex  1.660076e+02  2.361466e+01  6.600000e+01
     vertex  1.837300e+02  3.372876e+01  6.600000e+01
     vertex  1.834292e+02  3.412092e+01  6.600000e+01
   endloop
 endfacet
 facet normal  8.184828e-16 -1.741835e-14  1.000000e+00
   outer loop
     vertex  1.022237e+02  5.777774e+01  6.600000e+01
     vertex  1.013925e+02  7.813507e+01  6.600000e+01
     vertex  9.007519e+01  6.699715e+01  6.600000e+01
   endloop
 endfacet
 facet normal -2.785981e-14 -1.858927e-14  1.000000e+00
   outer loop
     vertex  1.022237e+02  5.777774e+01  6.600000e+01
     vertex  1.027173e+02  5.780247e+01  6.600000e+01
     vertex  1.013925e+02  7.813507e+01  6.600000e+01
   endloop
 endfacet
 facet normal  8.154274e-16 -1.627265e-14  1.000000e+00
   outer loop
     vertex  1.638938e+02  2.459246e+01  6.600000e+01
     vertex  1.643873e+02  2.461719e+01  6.600000e+01
     vertex  1.554195e+02  5.385991e+01  6.600000e+01
   endloop
 endfacet
 facet normal -4.742130e-15 -2.075526e-15  1.000000e+00
   outer loop
     vertex  1.045357e+02  5.634720e+01  6.600000e+01
     vertex  1.336704e+02  6.509627e+01  6.600000e+01
     vertex  1.043376e+02  5.679994e+01  6.600000e+01
   endloop
 endfacet
 facet normal  7.275731e-15 -2.820443e-14  1.000000e+00
   outer loop
     vertex  1.662058e+02  2.316192e+01  6.600000e+01
     vertex  1.837300e+02  3.372876e+01  6.600000e+01
     vertex  1.660076e+02  2.361466e+01  6.600000e+01
   endloop
 endfacet
 facet normal -5.780265e-16 -1.517964e-14  1.000000e+00
   outer loop
     vertex  1.662058e+02  2.316192e+01  6.600000e+01
     vertex  1.865125e+02  2.238866e+01  6.600000e+01
     vertex  1.837300e+02  3.372876e+01  6.600000e+01
   endloop
 endfacet
 facet normal  3.979754e-15 -1.325272e-14  1.000000e+00
   outer loop
     vertex  1.017504e+02  5.763560e+01  6.600000e+01
     vertex  1.022237e+02  5.777774e+01  6.600000e+01
     vertex  9.007519e+01  6.699715e+01  6.600000e+01
   endloop
 endfacet
 facet normal  1.706651e-14 -1.178597e-14  1.000000e+00
   outer loop
     vertex  1.634204e+02  2.445032e+01  6.600000e+01
     vertex  1.554195e+02  5.385991e+01  6.600000e+01
     vertex  1.543689e+02  5.354443e+01  6.600000e+01
   endloop
 endfacet
 facet normal  4.560956e-15 -1.518814e-14  1.000000e+00
   outer loop
     vertex  1.634204e+02  2.445032e+01  6.600000e+01
     vertex  1.638938e+02  2.459246e+01  6.600000e+01
     vertex  1.554195e+02  5.385991e+01  6.600000e+01
   endloop
 endfacet
 facet normal  3.229972e-15 -2.862290e-14  1.000000e+00
   outer loop
     vertex  1.046198e+02  5.586020e+01  6.600000e+01
     vertex  1.336704e+02  6.509627e+01  6.600000e+01
     vertex  1.045357e+02  5.634720e+01  6.600000e+01
   endloop
 endfacet
 facet normal -1.206043e-15 -1.467009e-14  1.000000e+00
   outer loop
     vertex  1.046198e+02  5.586020e+01  6.600000e+01
     vertex  1.341102e+02  6.409141e+01  6.600000e+01
     vertex  1.336704e+02  6.509627e+01  6.600000e+01
   endloop
 endfacet
 facet normal  6.194502e-15 -1.049061e-14  1.000000e+00
   outer loop
     vertex  1.013248e+02  5.738432e+01  6.600000e+01
     vertex  1.017504e+02  5.763560e+01  6.600000e+01
     vertex  9.007519e+01  6.699715e+01  6.600000e+01
   endloop
 endfacet
 facet normal  8.609135e-16 -1.718037e-14  1.000000e+00
   outer loop
     vertex  1.629949e+02  2.419904e+01  6.600000e+01
     vertex  1.543689e+02  5.354443e+01  6.600000e+01
     vertex  1.532734e+02  5.348954e+01  6.600000e+01
   endloop
 endfacet
 facet normal -1.968352e-14 -2.321933e-14  1.000000e+00
   outer loop
     vertex  1.629949e+02  2.419904e+01  6.600000e+01
     vertex  1.634204e+02  2.445032e+01  6.600000e+01
     vertex  1.543689e+02  5.354443e+01  6.600000e+01
   endloop
 endfacet
 facet normal -5.407663e-15  3.832974e-16  1.000000e+00
   outer loop
     vertex  1.045848e+02  5.536724e+01  6.600000e+01
     vertex  1.341102e+02  6.409141e+01  6.600000e+01
     vertex  1.046198e+02  5.586020e+01  6.600000e+01
   endloop
 endfacet
 facet normal -3.833049e-16 -1.662073e-14  1.000000e+00
   outer loop
     vertex  1.045848e+02  5.536724e+01  6.600000e+01
     vertex  1.347777e+02  6.322101e+01  6.600000e+01
     vertex  1.341102e+02  6.409141e+01  6.600000e+01
   endloop
 endfacet
 facet normal  8.096023e-15 -8.265316e-15  1.000000e+00
   outer loop
     vertex  1.009718e+02  5.703851e+01  6.600000e+01
     vertex  1.013248e+02  5.738432e+01  6.600000e+01
     vertex  9.007519e+01  6.699715e+01  6.600000e+01
   endloop
 endfacet
 facet normal -9.743959e-15 -2.778551e-14  1.000000e+00
   outer loop
     vertex  1.007117e+02  5.661825e+01  6.600000e+01
     vertex  1.009718e+02  5.703851e+01  6.600000e+01
     vertex  9.007519e+01  6.699715e+01  6.600000e+01
   endloop
 endfacet
 facet normal -1.264032e-14 -3.514725e-14  1.000000e+00
   outer loop
     vertex  1.740573e+02  1.503415e+01  6.600000e+01
     vertex  1.654899e+02  2.094560e+01  6.600000e+01
     vertex  1.650644e+02  2.069432e+01  6.600000e+01
   endloop
 endfacet
 facet normal  6.812257e-15 -6.954707e-15  1.000000e+00
   outer loop
     vertex  1.740573e+02  1.503415e+01  6.600000e+01
     vertex  1.658430e+02  2.129142e+01  6.600000e+01
     vertex  1.654899e+02  2.094560e+01  6.600000e+01
   endloop
 endfacet
 facet normal -9.276037e-15 -2.807504e-14  1.000000e+00
   outer loop
     vertex  1.740573e+02  1.503415e+01  6.600000e+01
     vertex  1.661030e+02  2.171168e+01  6.600000e+01
     vertex  1.658430e+02  2.129142e+01  6.600000e+01
   endloop
 endfacet
 facet normal  1.124365e-14 -3.631712e-15  1.000000e+00
   outer loop
     vertex  1.740573e+02  1.503415e+01  6.600000e+01
     vertex  1.662549e+02  2.218196e+01  6.600000e+01
     vertex  1.661030e+02  2.171168e+01  6.600000e+01
   endloop
 endfacet
 facet normal -1.111621e-14 -2.803947e-14  1.000000e+00
   outer loop
     vertex  1.740573e+02  1.503415e+01  6.600000e+01
     vertex  1.662898e+02  2.267492e+01  6.600000e+01
     vertex  1.662549e+02  2.218196e+01  6.600000e+01
   endloop
 endfacet
 facet normal  1.983262e-14  3.422760e-15  1.000000e+00
   outer loop
     vertex  1.740573e+02  1.503415e+01  6.600000e+01
     vertex  1.662058e+02  2.316192e+01  6.600000e+01
     vertex  1.662898e+02  2.267492e+01  6.600000e+01
   endloop
 endfacet
 facet normal -6.220921e-16 -1.633685e-14  1.000000e+00
   outer loop
     vertex  1.740573e+02  1.503415e+01  6.600000e+01
     vertex  1.865125e+02  2.238866e+01  6.600000e+01
     vertex  1.662058e+02  2.316192e+01  6.600000e+01
   endloop
 endfacet
 facet normal -4.666955e-15 -2.042624e-15  1.000000e+00
   outer loop
     vertex  9.253513e+01  5.274346e+01  6.600000e+01
     vertex  1.008071e+02  5.471527e+01  6.600000e+01
     vertex  1.006089e+02  5.516800e+01  6.600000e+01
   endloop
 endfacet
 facet normal  2.945670e-15 -3.397849e-14  1.000000e+00
   outer loop
     vertex  9.253513e+01  5.274346e+01  6.600000e+01
     vertex  1.011078e+02  5.432311e+01  6.600000e+01
     vertex  1.008071e+02  5.471527e+01  6.600000e+01
   endloop
 endfacet
 facet normal -2.694878e-15 -3.367399e-15  1.000000e+00
   outer loop
     vertex  9.253513e+01  5.274346e+01  6.600000e+01
     vertex  1.014937e+02  5.401432e+01  6.600000e+01
     vertex  1.011078e+02  5.432311e+01  6.600000e+01
   endloop
 endfacet
 facet normal -1.715857e-16 -1.797552e-14  1.000000e+00
   outer loop
     vertex  9.253513e+01  5.274346e+01  6.600000e+01
     vertex  1.007117e+02  5.661825e+01  6.600000e+01
     vertex  9.007519e+01  6.699715e+01  6.600000e+01
   endloop
 endfacet
 facet normal  6.647492e-15 -3.236520e-14  1.000000e+00
   outer loop
     vertex  9.253513e+01  5.274346e+01  6.600000e+01
     vertex  1.005598e+02  5.614797e+01  6.600000e+01
     vertex  1.007117e+02  5.661825e+01  6.600000e+01
   endloop
 endfacet
 facet normal -7.303164e-15  5.176512e-16  1.000000e+00
   outer loop
     vertex  9.253513e+01  5.274346e+01  6.600000e+01
     vertex  1.005249e+02  5.565501e+01  6.600000e+01
     vertex  1.005598e+02  5.614797e+01  6.600000e+01
   endloop
 endfacet
 facet normal  3.310836e-15 -2.860895e-14  1.000000e+00
   outer loop
     vertex  9.253513e+01  5.274346e+01  6.600000e+01
     vertex  1.006089e+02  5.516800e+01  6.600000e+01
     vertex  1.005249e+02  5.565501e+01  6.600000e+01
   endloop
 endfacet
 facet normal -8.411121e-16 -1.697181e-14  1.000000e+00
   outer loop
     vertex  1.301093e+02  3.240214e+01  6.600000e+01
     vertex  1.503447e+02  5.484428e+01  6.600000e+01
     vertex  1.496772e+02  5.571468e+01  6.600000e+01
   endloop
 endfacet
 facet normal -5.410719e-16 -1.722366e-14  1.000000e+00
   outer loop
     vertex  1.301093e+02  3.240214e+01  6.600000e+01
     vertex  1.496772e+02  5.571468e+01  6.600000e+01
     vertex  1.377065e+02  6.186627e+01  6.600000e+01
   endloop
 endfacet
 facet normal  4.488232e-15 -1.852043e-14  1.000000e+00
   outer loop
     vertex  1.290208e+02  3.290565e+01  6.600000e+01
     vertex  1.301093e+02  3.240214e+01  6.600000e+01
     vertex  1.377065e+02  6.186627e+01  6.600000e+01
   endloop
 endfacet
 facet normal -3.148195e-15 -1.623017e-14  1.000000e+00
   outer loop
     vertex  1.290208e+02  3.290565e+01  6.600000e+01
     vertex  1.377065e+02  6.186627e+01  6.600000e+01
     vertex  1.366296e+02  6.207515e+01  6.600000e+01
   endloop
 endfacet
 facet normal  1.424125e-15 -1.895516e-14  1.000000e+00
   outer loop
     vertex  1.310457e+02  3.165276e+01  6.600000e+01
     vertex  1.512011e+02  5.415891e+01  6.600000e+01
     vertex  1.503447e+02  5.484428e+01  6.600000e+01
   endloop
 endfacet
 facet normal  5.732363e-16 -1.824708e-14  1.000000e+00
   outer loop
     vertex  1.310457e+02  3.165276e+01  6.600000e+01
     vertex  1.503447e+02  5.484428e+01  6.600000e+01
     vertex  1.301093e+02  3.240214e+01  6.600000e+01
   endloop
 endfacet
 facet normal -3.148195e-15 -1.623017e-14  1.000000e+00
   outer loop
     vertex  1.278434e+02  3.313403e+01  6.600000e+01
     vertex  1.290208e+02  3.290565e+01  6.600000e+01
     vertex  1.366296e+02  6.207515e+01  6.600000e+01
   endloop
 endfacet
 facet normal  5.546117e-15 -1.886968e-14  1.000000e+00
   outer loop
     vertex  1.278434e+02  3.313403e+01  6.600000e+01
     vertex  1.366296e+02  6.207515e+01  6.600000e+01
     vertex  1.356341e+02  6.253565e+01  6.600000e+01
   endloop
 endfacet
 facet normal -1.652852e-15 -1.619958e-14  1.000000e+00
   outer loop
     vertex  1.317756e+02  3.070105e+01  6.600000e+01
     vertex  1.512011e+02  5.415891e+01  6.600000e+01
     vertex  1.310457e+02  3.165276e+01  6.600000e+01
   endloop
 endfacet
 facet normal  4.445308e-15 -2.124947e-14  1.000000e+00
   outer loop
     vertex  1.317756e+02  3.070105e+01  6.600000e+01
     vertex  1.521966e+02  5.369841e+01  6.600000e+01
     vertex  1.512011e+02  5.415891e+01  6.600000e+01
   endloop
 endfacet
 facet normal  8.836572e-16 -1.763424e-14  1.000000e+00
   outer loop
     vertex  1.266456e+02  3.307401e+01  6.600000e+01
     vertex  1.278434e+02  3.313403e+01  6.600000e+01
     vertex  1.356341e+02  6.253565e+01  6.600000e+01
   endloop
 endfacet
 facet normal -3.048874e-16 -1.727162e-14  1.000000e+00
   outer loop
     vertex  1.162419e+02  3.654881e+01  6.600000e+01
     vertex  1.266456e+02  3.307401e+01  6.600000e+01
     vertex  1.356341e+02  6.253565e+01  6.600000e+01
   endloop
 endfacet
 facet normal  1.621184e-15 -1.870892e-14  1.000000e+00
   outer loop
     vertex  1.162419e+02  3.654881e+01  6.600000e+01
     vertex  1.356341e+02  6.253565e+01  6.600000e+01
     vertex  1.347777e+02  6.322101e+01  6.600000e+01
   endloop
 endfacet
 facet normal  8.162406e-17 -1.743901e-14  1.000000e+00
   outer loop
     vertex  1.408987e+02  2.328073e+01  6.600000e+01
     vertex  1.629949e+02  2.419904e+01  6.600000e+01
     vertex  1.532734e+02  5.348954e+01  6.600000e+01
   endloop
 endfacet
 facet normal -3.127671e-15 -1.612436e-14  1.000000e+00
   outer loop
     vertex  1.408987e+02  2.328073e+01  6.600000e+01
     vertex  1.532734e+02  5.348954e+01  6.600000e+01
     vertex  1.521966e+02  5.369841e+01  6.600000e+01
   endloop
 endfacet
 facet normal -1.196579e-16 -1.763429e-14  1.000000e+00
   outer loop
     vertex  1.157934e+02  3.675629e+01  6.600000e+01
     vertex  1.347777e+02  6.322101e+01  6.600000e+01
     vertex  1.045848e+02  5.536724e+01  6.600000e+01
   endloop
 endfacet
 facet normal -6.154520e-15 -1.330521e-14  1.000000e+00
   outer loop
     vertex  1.157934e+02  3.675629e+01  6.600000e+01
     vertex  1.162419e+02  3.654881e+01  6.600000e+01
     vertex  1.347777e+02  6.322101e+01  6.600000e+01
   endloop
 endfacet
 facet normal  6.271845e-15 -1.018905e-14  1.000000e+00
   outer loop
     vertex  1.404502e+02  2.348821e+01  6.600000e+01
     vertex  1.317756e+02  3.070105e+01  6.600000e+01
     vertex  1.322565e+02  2.960234e+01  6.600000e+01
   endloop
 endfacet
 facet normal -6.823573e-15 -1.475161e-14  1.000000e+00
   outer loop
     vertex  1.404502e+02  2.348821e+01  6.600000e+01
     vertex  1.408987e+02  2.328073e+01  6.600000e+01
     vertex  1.521966e+02  5.369841e+01  6.600000e+01
   endloop
 endfacet
 facet normal  2.055763e-16 -1.748471e-14  1.000000e+00
   outer loop
     vertex  1.404502e+02  2.348821e+01  6.600000e+01
     vertex  1.521966e+02  5.369841e+01  6.600000e+01
     vertex  1.317756e+02  3.070105e+01  6.600000e+01
   endloop
 endfacet
 facet normal -1.700336e-14 -6.726751e-14  1.000000e+00
   outer loop
     vertex  1.166277e+02  3.624002e+01  6.600000e+01
     vertex  1.266456e+02  3.307401e+01  6.600000e+01
     vertex  1.162419e+02  3.654881e+01  6.600000e+01
   endloop
 endfacet
 facet normal -6.113861e-16 -7.639608e-16  1.000000e+00
   outer loop
     vertex  1.412846e+02  2.297194e+01  6.600000e+01
     vertex  1.629949e+02  2.419904e+01  6.600000e+01
     vertex  1.408987e+02  2.328073e+01  6.600000e+01
   endloop
 endfacet
 facet normal -6.946501e-16  7.091758e-16  1.000000e+00
   outer loop
     vertex  1.412846e+02  2.297194e+01  6.600000e+01
     vertex  1.626418e+02  2.385323e+01  6.600000e+01
     vertex  1.629949e+02  2.419904e+01  6.600000e+01
   endloop
 endfacet
 facet normal -1.393011e-14 -2.571861e-14  1.000000e+00
   outer loop
     vertex  1.153082e+02  3.685039e+01  6.600000e+01
     vertex  1.045848e+02  5.536724e+01  6.600000e+01
     vertex  1.044329e+02  5.489696e+01  6.600000e+01
   endloop
 endfacet
 facet normal -3.857172e-15 -1.988522e-14  1.000000e+00
   outer loop
     vertex  1.153082e+02  3.685039e+01  6.600000e+01
     vertex  1.157934e+02  3.675629e+01  6.600000e+01
     vertex  1.045848e+02  5.536724e+01  6.600000e+01
   endloop
 endfacet
 facet normal -4.445349e-14 -7.816742e-14  1.000000e+00
   outer loop
     vertex  1.399650e+02  2.358232e+01  6.600000e+01
     vertex  1.404502e+02  2.348821e+01  6.600000e+01
     vertex  1.322565e+02  2.960234e+01  6.600000e+01
   endloop
 endfacet
 facet normal -9.809011e-15 -4.973152e-14  1.000000e+00
   outer loop
     vertex  1.169285e+02  3.584786e+01  6.600000e+01
     vertex  1.254969e+02  3.272907e+01  6.600000e+01
     vertex  1.266456e+02  3.307401e+01  6.600000e+01
   endloop
 endfacet
 facet normal  5.617042e-15  4.307631e-15  1.000000e+00
   outer loop
     vertex  1.169285e+02  3.584786e+01  6.600000e+01
     vertex  1.266456e+02  3.307401e+01  6.600000e+01
     vertex  1.166277e+02  3.624002e+01  6.600000e+01
   endloop
 endfacet
 facet normal  8.044554e-16 -3.562055e-14  1.000000e+00
   outer loop
     vertex  1.415853e+02  2.257978e+01  6.600000e+01
     vertex  1.626418e+02  2.385323e+01  6.600000e+01
     vertex  1.412846e+02  2.297194e+01  6.600000e+01
   endloop
 endfacet
 facet normal -1.402252e-15  8.676275e-16  1.000000e+00
   outer loop
     vertex  1.415853e+02  2.257978e+01  6.600000e+01
     vertex  1.623818e+02  2.343297e+01  6.600000e+01
     vertex  1.626418e+02  2.385323e+01  6.600000e+01
   endloop
 endfacet
 facet normal  8.426647e-16 -1.681619e-14  1.000000e+00
   outer loop
     vertex  1.148146e+02  3.682566e+01  6.600000e+01
     vertex  1.153082e+02  3.685039e+01  6.600000e+01
     vertex  1.044329e+02  5.489696e+01  6.600000e+01
   endloop
 endfacet
 facet normal -1.383997e-14 -2.525116e-14  1.000000e+00
   outer loop
     vertex  1.148146e+02  3.682566e+01  6.600000e+01
     vertex  1.044329e+02  5.489696e+01  6.600000e+01
     vertex  1.041729e+02  5.447670e+01  6.600000e+01
   endloop
 endfacet
 facet normal -2.830202e-15 -2.453656e-14  1.000000e+00
   outer loop
     vertex  1.394714e+02  2.355758e+01  6.600000e+01
     vertex  1.322565e+02  2.960234e+01  6.600000e+01
     vertex  1.324604e+02  2.842047e+01  6.600000e+01
   endloop
 endfacet
 facet normal  1.000420e-15 -1.996436e-14  1.000000e+00
   outer loop
     vertex  1.394714e+02  2.355758e+01  6.600000e+01
     vertex  1.399650e+02  2.358232e+01  6.600000e+01
     vertex  1.322565e+02  2.960234e+01  6.600000e+01
   endloop
 endfacet
 facet normal  8.130291e-15  9.534753e-15  1.000000e+00
   outer loop
     vertex  1.171266e+02  3.539512e+01  6.600000e+01
     vertex  1.244642e+02  3.211926e+01  6.600000e+01
     vertex  1.254969e+02  3.272907e+01  6.600000e+01
   endloop
 endfacet
 facet normal -1.731628e-14 -7.035666e-14  1.000000e+00
   outer loop
     vertex  1.171266e+02  3.539512e+01  6.600000e+01
     vertex  1.254969e+02  3.272907e+01  6.600000e+01
     vertex  1.169285e+02  3.584786e+01  6.600000e+01
   endloop
 endfacet
 facet normal  5.472018e-16 -3.039480e-14  1.000000e+00
   outer loop
     vertex  1.417834e+02  2.212705e+01  6.600000e+01
     vertex  1.622299e+02  2.296269e+01  6.600000e+01
     vertex  1.623818e+02  2.343297e+01  6.600000e+01
   endloop
 endfacet
 facet normal -1.342551e-15 -5.876050e-16  1.000000e+00
   outer loop
     vertex  1.417834e+02  2.212705e+01  6.600000e+01
     vertex  1.623818e+02  2.343297e+01  6.600000e+01
     vertex  1.415853e+02  2.257978e+01  6.600000e+01
   endloop
 endfacet
 facet normal  1.053263e-14 -1.075287e-14  1.000000e+00
   outer loop
     vertex  1.143413e+02  3.668352e+01  6.600000e+01
     vertex  1.041729e+02  5.447670e+01  6.600000e+01
     vertex  1.038198e+02  5.413088e+01  6.600000e+01
   endloop
 endfacet
 facet normal  4.298856e-15 -1.431534e-14  1.000000e+00
   outer loop
     vertex  1.143413e+02  3.668352e+01  6.600000e+01
     vertex  1.148146e+02  3.682566e+01  6.600000e+01
     vertex  1.041729e+02  5.447670e+01  6.600000e+01
   endloop
 endfacet
 facet normal  3.745023e-15 -1.214407e-14  1.000000e+00
   outer loop
     vertex  1.389981e+02  2.341545e+01  6.600000e+01
     vertex  1.324604e+02  2.842047e+01  6.600000e+01
     vertex  1.323756e+02  2.722413e+01  6.600000e+01
   endloop
 endfacet
 facet normal  2.523938e-14  1.593236e-14  1.000000e+00
   outer loop
     vertex  1.389981e+02  2.341545e+01  6.600000e+01
     vertex  1.394714e+02  2.355758e+01  6.600000e+01
     vertex  1.324604e+02  2.842047e+01  6.600000e+01
   endloop
 endfacet
 facet normal  1.831207e-14  3.234068e-14  1.000000e+00
   outer loop
     vertex  1.172107e+02  3.490812e+01  6.600000e+01
     vertex  1.244642e+02  3.211926e+01  6.600000e+01
     vertex  1.171266e+02  3.539512e+01  6.600000e+01
   endloop
 endfacet
 facet normal  4.940819e-16 -2.909507e-14  1.000000e+00
   outer loop
     vertex  1.418675e+02  2.164005e+01  6.600000e+01
     vertex  1.622299e+02  2.296269e+01  6.600000e+01
     vertex  1.417834e+02  2.212705e+01  6.600000e+01
   endloop
 endfacet
 facet normal  2.360048e-15 -5.782206e-14  1.000000e+00
   outer loop
     vertex  1.418675e+02  2.164005e+01  6.600000e+01
     vertex  1.621950e+02  2.246973e+01  6.600000e+01
     vertex  1.622299e+02  2.296269e+01  6.600000e+01
   endloop
 endfacet
 facet normal -4.545395e-16 -1.646893e-14  1.000000e+00
   outer loop
     vertex  1.236074e+02  3.128002e+01  6.600000e+01
     vertex  1.244642e+02  3.211926e+01  6.600000e+01
     vertex  1.172107e+02  3.490812e+01  6.600000e+01
   endloop
 endfacet
 facet normal  7.447813e-15 -1.261314e-14  1.000000e+00
   outer loop
     vertex  1.139157e+02  3.643224e+01  6.600000e+01
     vertex  1.143413e+02  3.668352e+01  6.600000e+01
     vertex  1.038198e+02  5.413088e+01  6.600000e+01
   endloop
 endfacet
 facet normal  7.447813e-15 -1.261314e-14  1.000000e+00
   outer loop
     vertex  1.139157e+02  3.643224e+01  6.600000e+01
     vertex  1.038198e+02  5.413088e+01  6.600000e+01
     vertex  1.033943e+02  5.387960e+01  6.600000e+01
   endloop
 endfacet
 facet normal  5.435349e-15 -9.204962e-15  1.000000e+00
   outer loop
     vertex  1.385726e+02  2.316417e+01  6.600000e+01
     vertex  1.389981e+02  2.341545e+01  6.600000e+01
     vertex  1.323756e+02  2.722413e+01  6.600000e+01
   endloop
 endfacet
 facet normal -7.175589e-15 -2.831878e-14  1.000000e+00
   outer loop
     vertex  1.171757e+02  3.441516e+01  6.600000e+01
     vertex  1.236074e+02  3.128002e+01  6.600000e+01
     vertex  1.172107e+02  3.490812e+01  6.600000e+01
   endloop
 endfacet
 facet normal -2.564561e-15  2.873774e-14  1.000000e+00
   outer loop
     vertex  1.418326e+02  2.114708e+01  6.600000e+01
     vertex  1.622790e+02  2.198272e+01  6.600000e+01
     vertex  1.621950e+02  2.246973e+01  6.600000e+01
   endloop
 endfacet
 facet normal  1.180024e-15 -2.891103e-14  1.000000e+00
   outer loop
     vertex  1.418326e+02  2.114708e+01  6.600000e+01
     vertex  1.621950e+02  2.246973e+01  6.600000e+01
     vertex  1.418675e+02  2.164005e+01  6.600000e+01
   endloop
 endfacet
 facet normal -9.261805e-15 -3.163796e-14  1.000000e+00
   outer loop
     vertex  1.382195e+02  2.281835e+01  6.600000e+01
     vertex  1.385726e+02  2.316417e+01  6.600000e+01
     vertex  1.323756e+02  2.722413e+01  6.600000e+01
   endloop
 endfacet
 facet normal -1.091418e-14 -3.382969e-14  1.000000e+00
   outer loop
     vertex  1.320070e+02  2.608285e+01  6.600000e+01
     vertex  1.382195e+02  2.281835e+01  6.600000e+01
     vertex  1.323756e+02  2.722413e+01  6.600000e+01
   endloop
 endfacet
 facet normal  2.158535e-14 -2.194142e-14  1.000000e+00
   outer loop
     vertex  1.602041e+02  1.087406e+01  6.600000e+01
     vertex  1.624772e+02  2.152999e+01  6.600000e+01
     vertex  1.622790e+02  2.198272e+01  6.600000e+01
   endloop
 endfacet
 facet normal -1.768712e-14 -1.356400e-14  1.000000e+00
   outer loop
     vertex  1.602041e+02  1.087406e+01  6.600000e+01
     vertex  1.627779e+02  2.113783e+01  6.600000e+01
     vertex  1.624772e+02  2.152999e+01  6.600000e+01
   endloop
 endfacet
 facet normal  4.935100e-14 -3.037494e-14  1.000000e+00
   outer loop
     vertex  1.602041e+02  1.087406e+01  6.600000e+01
     vertex  1.631638e+02  2.082904e+01  6.600000e+01
     vertex  1.627779e+02  2.113783e+01  6.600000e+01
   endloop
 endfacet
 facet normal -3.423760e-14 -5.523625e-15  1.000000e+00
   outer loop
     vertex  1.602041e+02  1.087406e+01  6.600000e+01
     vertex  1.636123e+02  2.062156e+01  6.600000e+01
     vertex  1.631638e+02  2.082904e+01  6.600000e+01
   endloop
 endfacet
 facet normal -3.177957e-15 -1.638360e-14  1.000000e+00
   outer loop
     vertex  1.602041e+02  1.087406e+01  6.600000e+01
     vertex  1.640975e+02  2.052745e+01  6.600000e+01
     vertex  1.636123e+02  2.062156e+01  6.600000e+01
   endloop
 endfacet
 facet normal  9.034742e-16 -1.802971e-14  1.000000e+00
   outer loop
     vertex  1.602041e+02  1.087406e+01  6.600000e+01
     vertex  1.645910e+02  2.055219e+01  6.600000e+01
     vertex  1.640975e+02  2.052745e+01  6.600000e+01
   endloop
 endfacet
 facet normal  6.125028e-15 -2.039656e-14  1.000000e+00
   outer loop
     vertex  1.602041e+02  1.087406e+01  6.600000e+01
     vertex  1.650644e+02  2.069432e+01  6.600000e+01
     vertex  1.645910e+02  2.055219e+01  6.600000e+01
   endloop
 endfacet
 facet normal -1.104304e-15 -1.681860e-14  1.000000e+00
   outer loop
     vertex  1.602041e+02  1.087406e+01  6.600000e+01
     vertex  1.740573e+02  1.503415e+01  6.600000e+01
     vertex  1.650644e+02  2.069432e+01  6.600000e+01
   endloop
 endfacet
 facet normal  5.726885e-15 -1.849791e-15  1.000000e+00
   outer loop
     vertex  1.170238e+02  3.394488e+01  6.600000e+01
     vertex  1.236074e+02  3.128002e+01  6.600000e+01
     vertex  1.171757e+02  3.441516e+01  6.600000e+01
   endloop
 endfacet
 facet normal  5.178641e-15 -3.204225e-15  1.000000e+00
   outer loop
     vertex  1.379595e+02  2.239809e+01  6.600000e+01
     vertex  1.382195e+02  2.281835e+01  6.600000e+01
     vertex  1.320070e+02  2.608285e+01  6.600000e+01
   endloop
 endfacet
 facet normal -3.842106e-15 -2.548995e-14  1.000000e+00
   outer loop
     vertex  1.229763e+02  3.026012e+01  6.600000e+01
     vertex  1.236074e+02  3.128002e+01  6.600000e+01
     vertex  1.170238e+02  3.394488e+01  6.600000e+01
   endloop
 endfacet
 facet normal -6.504063e-15 -2.979016e-14  1.000000e+00
   outer loop
     vertex  1.167638e+02  3.352462e+01  6.600000e+01
     vertex  1.229763e+02  3.026012e+01  6.600000e+01
     vertex  1.170238e+02  3.394488e+01  6.600000e+01
   endloop
 endfacet
 facet normal -1.590768e-14 -5.529791e-14  1.000000e+00
   outer loop
     vertex  1.313759e+02  2.506295e+01  6.600000e+01
     vertex  1.378076e+02  2.192781e+01  6.600000e+01
     vertex  1.379595e+02  2.239809e+01  6.600000e+01
   endloop
 endfacet
 facet normal  5.178641e-15 -3.204225e-15  1.000000e+00
   outer loop
     vertex  1.313759e+02  2.506295e+01  6.600000e+01
     vertex  1.379595e+02  2.239809e+01  6.600000e+01
     vertex  1.320070e+02  2.608285e+01  6.600000e+01
   endloop
 endfacet
 facet normal  2.426146e-14  2.710773e-14  1.000000e+00
   outer loop
     vertex  1.377726e+02  2.143485e+01  6.600000e+01
     vertex  1.378076e+02  2.192781e+01  6.600000e+01
     vertex  1.313759e+02  2.506295e+01  6.600000e+01
   endloop
 endfacet
 facet normal  2.228578e-15 -1.317149e-14  1.000000e+00
   outer loop
     vertex  1.226077e+02  2.911884e+01  6.600000e+01
     vertex  1.229763e+02  3.026012e+01  6.600000e+01
     vertex  1.167638e+02  3.352462e+01  6.600000e+01
   endloop
 endfacet
 facet normal -2.969265e-14 -6.282259e-14  1.000000e+00
   outer loop
     vertex  1.226077e+02  2.911884e+01  6.600000e+01
     vertex  1.164108e+02  3.317880e+01  6.600000e+01
     vertex  1.159852e+02  3.292752e+01  6.600000e+01
   endloop
 endfacet
 facet normal  6.870599e-15 -7.014268e-15  1.000000e+00
   outer loop
     vertex  1.226077e+02  2.911884e+01  6.600000e+01
     vertex  1.167638e+02  3.352462e+01  6.600000e+01
     vertex  1.164108e+02  3.317880e+01  6.600000e+01
   endloop
 endfacet
 facet normal -4.545395e-16 -1.646893e-14  1.000000e+00
   outer loop
     vertex  1.305192e+02  2.422371e+01  6.600000e+01
     vertex  1.377726e+02  2.143485e+01  6.600000e+01
     vertex  1.313759e+02  2.506295e+01  6.600000e+01
   endloop
 endfacet
 facet normal -5.721552e-15 -3.016778e-14  1.000000e+00
   outer loop
     vertex  1.305192e+02  2.422371e+01  6.600000e+01
     vertex  1.378567e+02  2.094785e+01  6.600000e+01
     vertex  1.377726e+02  2.143485e+01  6.600000e+01
   endloop
 endfacet
 facet normal -1.350658e-14 -3.467852e-14  1.000000e+00
   outer loop
     vertex  1.225229e+02  2.792250e+01  6.600000e+01
     vertex  1.226077e+02  2.911884e+01  6.600000e+01
     vertex  1.159852e+02  3.292752e+01  6.600000e+01
   endloop
 endfacet
 facet normal  2.523938e-14  1.593236e-14  1.000000e+00
   outer loop
     vertex  1.225229e+02  2.792250e+01  6.600000e+01
     vertex  1.159852e+02  3.292752e+01  6.600000e+01
     vertex  1.155119e+02  3.278539e+01  6.600000e+01
   endloop
 endfacet
 facet normal -1.513061e-15 -2.074127e-14  1.000000e+00
   outer loop
     vertex  1.294864e+02  2.361390e+01  6.600000e+01
     vertex  1.378567e+02  2.094785e+01  6.600000e+01
     vertex  1.305192e+02  2.422371e+01  6.600000e+01
   endloop
 endfacet
 facet normal  1.611795e-14  2.781675e-15  1.000000e+00
   outer loop
     vertex  1.227269e+02  2.674063e+01  6.600000e+01
     vertex  1.225229e+02  2.792250e+01  6.600000e+01
     vertex  1.155119e+02  3.278539e+01  6.600000e+01
   endloop
 endfacet
 facet normal -7.072385e-16 -1.753097e-14  1.000000e+00
   outer loop
     vertex  9.833471e+01  3.949266e+01  6.600000e+01
     vertex  1.139157e+02  3.643224e+01  6.600000e+01
     vertex  1.033943e+02  5.387960e+01  6.600000e+01
   endloop
 endfacet
 facet normal -7.403038e-15 -1.600433e-14  1.000000e+00
   outer loop
     vertex  9.833471e+01  3.949266e+01  6.600000e+01
     vertex  1.019422e+02  5.380684e+01  6.600000e+01
     vertex  1.014937e+02  5.401432e+01  6.600000e+01
   endloop
 endfacet
 facet normal -3.304736e-15 -1.703720e-14  1.000000e+00
   outer loop
     vertex  9.833471e+01  3.949266e+01  6.600000e+01
     vertex  1.024274e+02  5.371273e+01  6.600000e+01
     vertex  1.019422e+02  5.380684e+01  6.600000e+01
   endloop
 endfacet
 facet normal  9.145912e-16 -1.825156e-14  1.000000e+00
   outer loop
     vertex  9.833471e+01  3.949266e+01  6.600000e+01
     vertex  1.029210e+02  5.373747e+01  6.600000e+01
     vertex  1.024274e+02  5.371273e+01  6.600000e+01
   endloop
 endfacet
 facet normal  5.969631e-15 -1.987908e-14  1.000000e+00
   outer loop
     vertex  9.833471e+01  3.949266e+01  6.600000e+01
     vertex  1.033943e+02  5.387960e+01  6.600000e+01
     vertex  1.029210e+02  5.373747e+01  6.600000e+01
   endloop
 endfacet
 facet normal -4.444186e-15 -3.655632e-14  1.000000e+00
   outer loop
     vertex  9.833471e+01  3.949266e+01  6.600000e+01
     vertex  1.135627e+02  3.608642e+01  6.600000e+01
     vertex  1.139157e+02  3.643224e+01  6.600000e+01
   endloop
 endfacet
 facet normal  3.279008e-15 -2.028848e-15  1.000000e+00
   outer loop
     vertex  9.833471e+01  3.949266e+01  6.600000e+01
     vertex  1.133027e+02  3.566617e+01  6.600000e+01
     vertex  1.135627e+02  3.608642e+01  6.600000e+01
   endloop
 endfacet
 facet normal -3.627876e-15 -2.904625e-14  1.000000e+00
   outer loop
     vertex  9.833471e+01  3.949266e+01  6.600000e+01
     vertex  1.131508e+02  3.519589e+01  6.600000e+01
     vertex  1.133027e+02  3.566617e+01  6.600000e+01
   endloop
 endfacet
 facet normal -6.952085e-16 -1.746352e-14  1.000000e+00
   outer loop
     vertex  9.833471e+01  3.949266e+01  6.600000e+01
     vertex  1.014937e+02  5.401432e+01  6.600000e+01
     vertex  9.253513e+01  5.274346e+01  6.600000e+01
   endloop
 endfacet
 facet normal -6.933549e-16 -1.704683e-14  1.000000e+00
   outer loop
     vertex  1.457578e+02  1.015016e+01  6.600000e+01
     vertex  1.622790e+02  2.198272e+01  6.600000e+01
     vertex  1.418326e+02  2.114708e+01  6.600000e+01
   endloop
 endfacet
 facet normal -8.706179e-17 -1.789336e-14  1.000000e+00
   outer loop
     vertex  1.457578e+02  1.015016e+01  6.600000e+01
     vertex  1.602041e+02  1.087406e+01  6.600000e+01
     vertex  1.622790e+02  2.198272e+01  6.600000e+01
   endloop
 endfacet
 facet normal -2.714351e-14 -3.288379e-14  1.000000e+00
   outer loop
     vertex  1.457578e+02  1.015016e+01  6.600000e+01
     vertex  1.401687e+02  1.951731e+01  6.600000e+01
     vertex  1.396751e+02  1.949258e+01  6.600000e+01
   endloop
 endfacet
 facet normal -2.121175e-14 -2.934448e-14  1.000000e+00
   outer loop
     vertex  1.457578e+02  1.015016e+01  6.600000e+01
     vertex  1.406420e+02  1.965945e+01  6.600000e+01
     vertex  1.401687e+02  1.951731e+01  6.600000e+01
   endloop
 endfacet
 facet normal  8.036250e-15 -1.360968e-14  1.000000e+00
   outer loop
     vertex  1.457578e+02  1.015016e+01  6.600000e+01
     vertex  1.410676e+02  1.991073e+01  6.600000e+01
     vertex  1.406420e+02  1.965945e+01  6.600000e+01
   endloop
 endfacet
 facet normal  3.900573e-14  1.272073e-15  1.000000e+00
   outer loop
     vertex  1.457578e+02  1.015016e+01  6.600000e+01
     vertex  1.414206e+02  2.025655e+01  6.600000e+01
     vertex  1.410676e+02  1.991073e+01  6.600000e+01
   endloop
 endfacet
 facet normal -4.977761e-14 -3.682963e-14  1.000000e+00
   outer loop
     vertex  1.457578e+02  1.015016e+01  6.600000e+01
     vertex  1.416807e+02  2.067681e+01  6.600000e+01
     vertex  1.414206e+02  2.025655e+01  6.600000e+01
   endloop
 endfacet
 facet normal  2.470698e-14 -7.980384e-15  1.000000e+00
   outer loop
     vertex  1.457578e+02  1.015016e+01  6.600000e+01
     vertex  1.418326e+02  2.114708e+01  6.600000e+01
     vertex  1.416807e+02  2.067681e+01  6.600000e+01
   endloop
 endfacet
 facet normal  2.978133e-14 -4.974307e-14  1.000000e+00
   outer loop
     vertex  1.071369e+02  2.801483e+01  6.600000e+01
     vertex  1.133980e+02  3.376319e+01  6.600000e+01
     vertex  1.131999e+02  3.421592e+01  6.600000e+01
   endloop
 endfacet
 facet normal -2.884698e-14  1.411513e-14  1.000000e+00
   outer loop
     vertex  1.071369e+02  2.801483e+01  6.600000e+01
     vertex  1.136988e+02  3.337103e+01  6.600000e+01
     vertex  1.133980e+02  3.376319e+01  6.600000e+01
   endloop
 endfacet
 facet normal -8.577074e-15 -1.071753e-14  1.000000e+00
   outer loop
     vertex  1.071369e+02  2.801483e+01  6.600000e+01
     vertex  1.140846e+02  3.306224e+01  6.600000e+01
     vertex  1.136988e+02  3.337103e+01  6.600000e+01
   endloop
 endfacet
 facet normal  3.234913e-14 -6.705225e-14  1.000000e+00
   outer loop
     vertex  1.071369e+02  2.801483e+01  6.600000e+01
     vertex  1.145332e+02  3.285476e+01  6.600000e+01
     vertex  1.140846e+02  3.306224e+01  6.600000e+01
   endloop
 endfacet
 facet normal -2.522974e-14  2.093848e-14  1.000000e+00
   outer loop
     vertex  1.071369e+02  2.801483e+01  6.600000e+01
     vertex  1.150183e+02  3.276065e+01  6.600000e+01
     vertex  1.145332e+02  3.285476e+01  6.600000e+01
   endloop
 endfacet
 facet normal -7.589765e-16 -1.915376e-14  1.000000e+00
   outer loop
     vertex  1.071369e+02  2.801483e+01  6.600000e+01
     vertex  1.131508e+02  3.519589e+01  6.600000e+01
     vertex  9.833471e+01  3.949266e+01  6.600000e+01
   endloop
 endfacet
 facet normal -2.581503e-14  1.829780e-15  1.000000e+00
   outer loop
     vertex  1.071369e+02  2.801483e+01  6.600000e+01
     vertex  1.131158e+02  3.470292e+01  6.600000e+01
     vertex  1.131508e+02  3.519589e+01  6.600000e+01
   endloop
 endfacet
 facet normal  7.437386e-15 -2.789678e-14  1.000000e+00
   outer loop
     vertex  1.071369e+02  2.801483e+01  6.600000e+01
     vertex  1.131999e+02  3.421592e+01  6.600000e+01
     vertex  1.131158e+02  3.470292e+01  6.600000e+01
   endloop
 endfacet
 facet normal  5.931569e-17 -1.517248e-14  1.000000e+00
   outer loop
     vertex  1.315581e+02  1.290450e+01  6.600000e+01
     vertex  1.457578e+02  1.015016e+01  6.600000e+01
     vertex  1.396751e+02  1.949258e+01  6.600000e+01
   endloop
 endfacet
 facet normal -3.793048e-15 -1.955464e-14  1.000000e+00
   outer loop
     vertex  1.315581e+02  1.290450e+01  6.600000e+01
     vertex  1.271399e+02  2.320894e+01  6.600000e+01
     vertex  1.259625e+02  2.343732e+01  6.600000e+01
   endloop
 endfacet
 facet normal  8.794970e-16 -1.755122e-14  1.000000e+00
   outer loop
     vertex  1.315581e+02  1.290450e+01  6.600000e+01
     vertex  1.283377e+02  2.326896e+01  6.600000e+01
     vertex  1.271399e+02  2.320894e+01  6.600000e+01
   endloop
 endfacet
 facet normal  4.895836e-15 -1.630330e-14  1.000000e+00
   outer loop
     vertex  1.315581e+02  1.290450e+01  6.600000e+01
     vertex  1.294864e+02  2.361390e+01  6.600000e+01
     vertex  1.283377e+02  2.326896e+01  6.600000e+01
   endloop
 endfacet
 facet normal -4.274994e-16 -1.733307e-14  1.000000e+00
   outer loop
     vertex  1.315581e+02  1.290450e+01  6.600000e+01
     vertex  1.378567e+02  2.094785e+01  6.600000e+01
     vertex  1.294864e+02  2.361390e+01  6.600000e+01
   endloop
 endfacet
 facet normal -1.447282e-14 -6.334436e-15  1.000000e+00
   outer loop
     vertex  1.315581e+02  1.290450e+01  6.600000e+01
     vertex  1.380548e+02  2.049511e+01  6.600000e+01
     vertex  1.378567e+02  2.094785e+01  6.600000e+01
   endloop
 endfacet
 facet normal  1.079374e-14 -2.795991e-14  1.000000e+00
   outer loop
     vertex  1.315581e+02  1.290450e+01  6.600000e+01
     vertex  1.383556e+02  2.010296e+01  6.600000e+01
     vertex  1.380548e+02  2.049511e+01  6.600000e+01
   endloop
 endfacet
 facet normal -8.098709e-15 -1.011979e-14  1.000000e+00
   outer loop
     vertex  1.315581e+02  1.290450e+01  6.600000e+01
     vertex  1.387414e+02  1.979416e+01  6.600000e+01
     vertex  1.383556e+02  2.010296e+01  6.600000e+01
   endloop
 endfacet
 facet normal -5.793040e-15 -1.252374e-14  1.000000e+00
   outer loop
     vertex  1.315581e+02  1.290450e+01  6.600000e+01
     vertex  1.391900e+02  1.958669e+01  6.600000e+01
     vertex  1.387414e+02  1.979416e+01  6.600000e+01
   endloop
 endfacet
 facet normal  4.491854e-14 -7.044266e-14  1.000000e+00
   outer loop
     vertex  1.315581e+02  1.290450e+01  6.600000e+01
     vertex  1.396751e+02  1.949258e+01  6.600000e+01
     vertex  1.391900e+02  1.958669e+01  6.600000e+01
   endloop
 endfacet
 facet normal -3.571624e-15 -1.449732e-14  1.000000e+00
   outer loop
     vertex  1.184301e+02  1.897703e+01  6.600000e+01
     vertex  1.232077e+02  2.564192e+01  6.600000e+01
     vertex  1.227269e+02  2.674063e+01  6.600000e+01
   endloop
 endfacet
 facet normal  8.631318e-15 -2.324482e-14  1.000000e+00
   outer loop
     vertex  1.184301e+02  1.897703e+01  6.600000e+01
     vertex  1.239376e+02  2.469022e+01  6.600000e+01
     vertex  1.232077e+02  2.564192e+01  6.600000e+01
   endloop
 endfacet
 facet normal -6.742242e-15 -8.424805e-15  1.000000e+00
   outer loop
     vertex  1.184301e+02  1.897703e+01  6.600000e+01
     vertex  1.248740e+02  2.394083e+01  6.600000e+01
     vertex  1.239376e+02  2.469022e+01  6.600000e+01
   endloop
 endfacet
 facet normal  3.192442e-15 -2.132174e-14  1.000000e+00
   outer loop
     vertex  1.184301e+02  1.897703e+01  6.600000e+01
     vertex  1.259625e+02  2.343732e+01  6.600000e+01
     vertex  1.248740e+02  2.394083e+01  6.600000e+01
   endloop
 endfacet
 facet normal  8.164890e-16 -1.629383e-14  1.000000e+00
   outer loop
     vertex  1.184301e+02  1.897703e+01  6.600000e+01
     vertex  1.155119e+02  3.278539e+01  6.600000e+01
     vertex  1.150183e+02  3.276065e+01  6.600000e+01
   endloop
 endfacet
 facet normal -9.988306e-18 -1.646850e-14  1.000000e+00
   outer loop
     vertex  1.184301e+02  1.897703e+01  6.600000e+01
     vertex  1.227269e+02  2.674063e+01  6.600000e+01
     vertex  1.155119e+02  3.278539e+01  6.600000e+01
   endloop
 endfacet
 facet normal -2.339770e-15 -1.707509e-14  1.000000e+00
   outer loop
     vertex  1.184301e+02  1.897703e+01  6.600000e+01
     vertex  1.150183e+02  3.276065e+01  6.600000e+01
     vertex  1.071369e+02  2.801483e+01  6.600000e+01
   endloop
 endfacet
 facet normal  7.248296e-16 -1.715451e-14  1.000000e+00
   outer loop
     vertex  1.184301e+02  1.897703e+01  6.600000e+01
     vertex  1.315581e+02  1.290450e+01  6.600000e+01
     vertex  1.259625e+02  2.343732e+01  6.600000e+01
   endloop
 endfacet
 facet normal -5.908886e-15  2.652679e-14 -1.000000e+00
   outer loop
     vertex  1.753767e+02  1.158934e+02  5.800000e+01
     vertex  1.743205e+02  1.164617e+02  5.800000e+01
     vertex  1.815699e+02  1.210230e+02  5.800000e+01
   endloop
 endfacet
 facet normal  1.159259e-15  1.771737e-14 -1.000000e+00
   outer loop
     vertex  1.731591e+02  1.167608e+02  5.800000e+01
     vertex  1.684419e+02  1.270955e+02  5.800000e+01
     vertex  1.815699e+02  1.210230e+02  5.800000e+01
   endloop
 endfacet
 facet normal  7.472045e-15  5.260032e-15 -1.000000e+00
   outer loop
     vertex  1.731591e+02  1.167608e+02  5.800000e+01
     vertex  1.815699e+02  1.210230e+02  5.800000e+01
     vertex  1.743205e+02  1.164617e+02  5.800000e+01
   endloop
 endfacet
 facet normal  7.478514e-16  1.848975e-14 -1.000000e+00
   outer loop
     vertex  1.762661e+02  1.150888e+02  5.800000e+01
     vertex  1.753767e+02  1.158934e+02  5.800000e+01
     vertex  1.815699e+02  1.210230e+02  5.800000e+01
   endloop
 endfacet
 facet normal  1.786938e-16  1.726980e-14 -1.000000e+00
   outer loop
     vertex  1.719598e+02  1.167732e+02  5.800000e+01
     vertex  1.684419e+02  1.270955e+02  5.800000e+01
     vertex  1.731591e+02  1.167608e+02  5.800000e+01
   endloop
 endfacet
 facet normal  7.655319e-15  1.231604e-14 -1.000000e+00
   outer loop
     vertex  1.769372e+02  1.140948e+02  5.800000e+01
     vertex  1.762661e+02  1.150888e+02  5.800000e+01
     vertex  1.815699e+02  1.210230e+02  5.800000e+01
   endloop
 endfacet
 facet normal -9.386333e-15  1.401000e-14 -1.000000e+00
   outer loop
     vertex  1.707924e+02  1.164982e+02  5.800000e+01
     vertex  1.684419e+02  1.270955e+02  5.800000e+01
     vertex  1.719598e+02  1.167732e+02  5.800000e+01
   endloop
 endfacet
 facet normal -7.539619e-15  2.247656e-14 -1.000000e+00
   outer loop
     vertex  1.773508e+02  1.129691e+02  5.800000e+01
     vertex  1.769372e+02  1.140948e+02  5.800000e+01
     vertex  1.815699e+02  1.210230e+02  5.800000e+01
   endloop
 endfacet
 facet normal  1.053501e-14  1.842858e-14 -1.000000e+00
   outer loop
     vertex  1.697247e+02  1.159519e+02  5.800000e+01
     vertex  1.684419e+02  1.270955e+02  5.800000e+01
     vertex  1.707924e+02  1.164982e+02  5.800000e+01
   endloop
 endfacet
 facet normal -1.590298e-14  3.411327e-14 -1.000000e+00
   outer loop
     vertex  1.608100e+02  1.204133e+02  5.800000e+01
     vertex  1.684419e+02  1.270955e+02  5.800000e+01
     vertex  1.612586e+02  1.202058e+02  5.800000e+01
   endloop
 endfacet
 facet normal  1.405505e-14 -3.861580e-15 -1.000000e+00
   outer loop
     vertex  1.854668e+02  1.071452e+02  5.800000e+01
     vertex  1.928631e+02  1.119852e+02  5.800000e+01
     vertex  1.859154e+02  1.069378e+02  5.800000e+01
   endloop
 endfacet
 facet normal  1.768744e-14 -9.090000e-16 -1.000000e+00
   outer loop
     vertex  1.616444e+02  1.198970e+02  5.800000e+01
     vertex  1.612586e+02  1.202058e+02  5.800000e+01
     vertex  1.684419e+02  1.270955e+02  5.800000e+01
   endloop
 endfacet
 facet normal -2.865636e-15  1.942967e-14 -1.000000e+00
   outer loop
     vertex  1.863012e+02  1.066290e+02  5.800000e+01
     vertex  1.859154e+02  1.069378e+02  5.800000e+01
     vertex  1.928631e+02  1.119852e+02  5.800000e+01
   endloop
 endfacet
 facet normal -6.982068e-16  1.703818e-14 -1.000000e+00
   outer loop
     vertex  1.603249e+02  1.205074e+02  5.800000e+01
     vertex  1.542422e+02  1.298498e+02  5.800000e+01
     vertex  1.684419e+02  1.270955e+02  5.800000e+01
   endloop
 endfacet
 facet normal  2.532760e-15  1.305736e-14 -1.000000e+00
   outer loop
     vertex  1.603249e+02  1.205074e+02  5.800000e+01
     vertex  1.684419e+02  1.270955e+02  5.800000e+01
     vertex  1.608100e+02  1.204133e+02  5.800000e+01
   endloop
 endfacet
 facet normal -1.068766e-15  1.674689e-14 -1.000000e+00
   outer loop
     vertex  1.849817e+02  1.072393e+02  5.800000e+01
     vertex  1.815699e+02  1.210230e+02  5.800000e+01
     vertex  1.928631e+02  1.119852e+02  5.800000e+01
   endloop
 endfacet
 facet normal  1.964659e-15  1.749774e-14 -1.000000e+00
   outer loop
     vertex  1.849817e+02  1.072393e+02  5.800000e+01
     vertex  1.773508e+02  1.129691e+02  5.800000e+01
     vertex  1.815699e+02  1.210230e+02  5.800000e+01
   endloop
 endfacet
 facet normal -1.995799e-14  4.811638e-14 -1.000000e+00
   outer loop
     vertex  1.849817e+02  1.072393e+02  5.800000e+01
     vertex  1.928631e+02  1.119852e+02  5.800000e+01
     vertex  1.854668e+02  1.071452e+02  5.800000e+01
   endloop
 endfacet
 facet normal -1.359002e-15  1.707654e-14 -1.000000e+00
   outer loop
     vertex  1.619452e+02  1.195049e+02  5.800000e+01
     vertex  1.616444e+02  1.198970e+02  5.800000e+01
     vertex  1.684419e+02  1.270955e+02  5.800000e+01
   endloop
 endfacet
 facet normal -1.104307e-15  1.727186e-14 -1.000000e+00
   outer loop
     vertex  1.866020e+02  1.062368e+02  5.800000e+01
     vertex  1.863012e+02  1.066290e+02  5.800000e+01
     vertex  1.928631e+02  1.119852e+02  5.800000e+01
   endloop
 endfacet
 facet normal -8.488726e-16  1.694008e-14 -1.000000e+00
   outer loop
     vertex  1.598313e+02  1.204827e+02  5.800000e+01
     vertex  1.542422e+02  1.298498e+02  5.800000e+01
     vertex  1.603249e+02  1.205074e+02  5.800000e+01
   endloop
 endfacet
 facet normal  5.273691e-16  1.794088e-14 -1.000000e+00
   outer loop
     vertex  1.844881e+02  1.072146e+02  5.800000e+01
     vertex  1.774831e+02  1.117770e+02  5.800000e+01
     vertex  1.773508e+02  1.129691e+02  5.800000e+01
   endloop
 endfacet
 facet normal  2.629104e-14  4.989565e-14 -1.000000e+00
   outer loop
     vertex  1.844881e+02  1.072146e+02  5.800000e+01
     vertex  1.773508e+02  1.129691e+02  5.800000e+01
     vertex  1.849817e+02  1.072393e+02  5.800000e+01
   endloop
 endfacet
 facet normal -1.463787e-15  1.704732e-14 -1.000000e+00
   outer loop
     vertex  1.621433e+02  1.190522e+02  5.800000e+01
     vertex  1.684419e+02  1.270955e+02  5.800000e+01
     vertex  1.697247e+02  1.159519e+02  5.800000e+01
   endloop
 endfacet
 facet normal  1.692619e-16  1.576851e-14 -1.000000e+00
   outer loop
     vertex  1.621433e+02  1.190522e+02  5.800000e+01
     vertex  1.619452e+02  1.195049e+02  5.800000e+01
     vertex  1.684419e+02  1.270955e+02  5.800000e+01
   endloop
 endfacet
 facet normal  2.453487e-16  1.580181e-14 -1.000000e+00
   outer loop
     vertex  1.868001e+02  1.057841e+02  5.800000e+01
     vertex  1.866020e+02  1.062368e+02  5.800000e+01
     vertex  1.928631e+02  1.119852e+02  5.800000e+01
   endloop
 endfacet
 facet normal -4.443057e-15  1.479553e-14 -1.000000e+00
   outer loop
     vertex  1.593580e+02  1.203406e+02  5.800000e+01
     vertex  1.542422e+02  1.298498e+02  5.800000e+01
     vertex  1.598313e+02  1.204827e+02  5.800000e+01
   endloop
 endfacet
 facet normal -1.379562e-14 -4.050271e-15 -1.000000e+00
   outer loop
     vertex  1.840148e+02  1.070725e+02  5.800000e+01
     vertex  1.774831e+02  1.117770e+02  5.800000e+01
     vertex  1.844881e+02  1.072146e+02  5.800000e+01
   endloop
 endfacet
 facet normal  4.392777e-16  1.757416e-14 -1.000000e+00
   outer loop
     vertex  1.622274e+02  1.185651e+02  5.800000e+01
     vertex  1.697247e+02  1.159519e+02  5.800000e+01
     vertex  1.688188e+02  1.151659e+02  5.800000e+01
   endloop
 endfacet
 facet normal  1.018277e-14  4.552788e-14 -1.000000e+00
   outer loop
     vertex  1.622274e+02  1.185651e+02  5.800000e+01
     vertex  1.621433e+02  1.190522e+02  5.800000e+01
     vertex  1.697247e+02  1.159519e+02  5.800000e+01
   endloop
 endfacet
 facet normal  1.261856e-15  1.480794e-14 -1.000000e+00
   outer loop
     vertex  1.868842e+02  1.052971e+02  5.800000e+01
     vertex  1.868001e+02  1.057841e+02  5.800000e+01
     vertex  1.928631e+02  1.119852e+02  5.800000e+01
   endloop
 endfacet
 facet normal  4.970275e-15  1.985970e-14 -1.000000e+00
   outer loop
     vertex  1.589324e+02  1.200893e+02  5.800000e+01
     vertex  1.542422e+02  1.298498e+02  5.800000e+01
     vertex  1.593580e+02  1.203406e+02  5.800000e+01
   endloop
 endfacet
 facet normal  1.344970e-14  3.377654e-14 -1.000000e+00
   outer loop
     vertex  1.835892e+02  1.068212e+02  5.800000e+01
     vertex  1.774831e+02  1.117770e+02  5.800000e+01
     vertex  1.840148e+02  1.070725e+02  5.800000e+01
   endloop
 endfacet
 facet normal  5.295937e-16  1.785749e-14 -1.000000e+00
   outer loop
     vertex  1.835892e+02  1.068212e+02  5.800000e+01
     vertex  1.773262e+02  1.105880e+02  5.800000e+01
     vertex  1.774831e+02  1.117770e+02  5.800000e+01
   endloop
 endfacet
 facet normal -1.148602e-15  1.449511e-14 -1.000000e+00
   outer loop
     vertex  1.621924e+02  1.180722e+02  5.800000e+01
     vertex  1.622274e+02  1.185651e+02  5.800000e+01
     vertex  1.688188e+02  1.151659e+02  5.800000e+01
   endloop
 endfacet
 facet normal  1.849508e-15  1.428260e-14 -1.000000e+00
   outer loop
     vertex  1.868492e+02  1.048041e+02  5.800000e+01
     vertex  1.868842e+02  1.052971e+02  5.800000e+01
     vertex  1.928631e+02  1.119852e+02  5.800000e+01
   endloop
 endfacet
 facet normal -1.645419e-16  1.596930e-14 -1.000000e+00
   outer loop
     vertex  1.868492e+02  1.048041e+02  5.800000e+01
     vertex  1.928631e+02  1.119852e+02  5.800000e+01
     vertex  2.016653e+02  1.005073e+02  5.800000e+01
   endloop
 endfacet
 facet normal  1.573296e-14  2.503149e-14 -1.000000e+00
   outer loop
     vertex  1.585794e+02  1.197435e+02  5.800000e+01
     vertex  1.542422e+02  1.298498e+02  5.800000e+01
     vertex  1.589324e+02  1.200893e+02  5.800000e+01
   endloop
 endfacet
 facet normal -1.398257e-14 -6.271763e-15 -1.000000e+00
   outer loop
     vertex  1.832362e+02  1.064754e+02  5.800000e+01
     vertex  1.773262e+02  1.105880e+02  5.800000e+01
     vertex  1.835892e+02  1.068212e+02  5.800000e+01
   endloop
 endfacet
 facet normal  7.634316e-15  4.286119e-14 -1.000000e+00
   outer loop
     vertex  1.866973e+02  1.043338e+02  5.800000e+01
     vertex  1.868492e+02  1.048041e+02  5.800000e+01
     vertex  2.016653e+02  1.005073e+02  5.800000e+01
   endloop
 endfacet
 facet normal -3.303465e-15  9.581961e-15 -1.000000e+00
   outer loop
     vertex  1.681274e+02  1.141860e+02  5.800000e+01
     vertex  1.621924e+02  1.180722e+02  5.800000e+01
     vertex  1.688188e+02  1.151659e+02  5.800000e+01
   endloop
 endfacet
 facet normal -7.905700e-15  2.553551e-15 -1.000000e+00
   outer loop
     vertex  1.681274e+02  1.141860e+02  5.800000e+01
     vertex  1.620405e+02  1.176019e+02  5.800000e+01
     vertex  1.621924e+02  1.180722e+02  5.800000e+01
   endloop
 endfacet
 facet normal -4.080693e-15  7.957590e-15 -1.000000e+00
   outer loop
     vertex  1.768893e+02  1.094711e+02  5.800000e+01
     vertex  1.773262e+02  1.105880e+02  5.800000e+01
     vertex  1.832362e+02  1.064754e+02  5.800000e+01
   endloop
 endfacet
 facet normal -1.309672e-15  1.771758e-14 -1.000000e+00
   outer loop
     vertex  1.583193e+02  1.193232e+02  5.800000e+01
     vertex  1.542422e+02  1.298498e+02  5.800000e+01
     vertex  1.585794e+02  1.197435e+02  5.800000e+01
   endloop
 endfacet
 facet normal  1.110575e-16  1.683852e-14 -1.000000e+00
   outer loop
     vertex  1.829762e+02  1.060551e+02  5.800000e+01
     vertex  1.768893e+02  1.094711e+02  5.800000e+01
     vertex  1.832362e+02  1.064754e+02  5.800000e+01
   endloop
 endfacet
 facet normal  1.110575e-16  1.683852e-14 -1.000000e+00
   outer loop
     vertex  1.617805e+02  1.171816e+02  5.800000e+01
     vertex  1.620405e+02  1.176019e+02  5.800000e+01
     vertex  1.681274e+02  1.141860e+02  5.800000e+01
   endloop
 endfacet
 facet normal  8.628199e-16  1.637338e-14 -1.000000e+00
   outer loop
     vertex  1.864373e+02  1.039136e+02  5.800000e+01
     vertex  1.866973e+02  1.043338e+02  5.800000e+01
     vertex  2.016653e+02  1.005073e+02  5.800000e+01
   endloop
 endfacet
 facet normal -2.565724e-14  8.287322e-15 -1.000000e+00
   outer loop
     vertex  1.581674e+02  1.188529e+02  5.800000e+01
     vertex  1.542422e+02  1.298498e+02  5.800000e+01
     vertex  1.583193e+02  1.193232e+02  5.800000e+01
   endloop
 endfacet
 facet normal  1.362848e-14  4.092507e-14 -1.000000e+00
   outer loop
     vertex  1.828243e+02  1.055848e+02  5.800000e+01
     vertex  1.768893e+02  1.094711e+02  5.800000e+01
     vertex  1.829762e+02  1.060551e+02  5.800000e+01
   endloop
 endfacet
 facet normal  7.800474e-15  3.312985e-14 -1.000000e+00
   outer loop
     vertex  1.614274e+02  1.168358e+02  5.800000e+01
     vertex  1.617805e+02  1.171816e+02  5.800000e+01
     vertex  1.681274e+02  1.141860e+02  5.800000e+01
   endloop
 endfacet
 facet normal -6.020680e-15 -1.440014e-14 -1.000000e+00
   outer loop
     vertex  1.860843e+02  1.035678e+02  5.800000e+01
     vertex  1.864373e+02  1.039136e+02  5.800000e+01
     vertex  2.016653e+02  1.005073e+02  5.800000e+01
   endloop
 endfacet
 facet normal -3.565791e-15  1.466644e-14 -1.000000e+00
   outer loop
     vertex  1.827893e+02  1.050919e+02  5.800000e+01
     vertex  1.768893e+02  1.094711e+02  5.800000e+01
     vertex  1.828243e+02  1.055848e+02  5.800000e+01
   endloop
 endfacet
 facet normal -9.873249e-15 -1.155634e-14 -1.000000e+00
   outer loop
     vertex  1.610019e+02  1.165846e+02  5.800000e+01
     vertex  1.614274e+02  1.168358e+02  5.800000e+01
     vertex  1.681274e+02  1.141860e+02  5.800000e+01
   endloop
 endfacet
 facet normal -1.657495e-14 -2.860544e-15 -1.000000e+00
   outer loop
     vertex  1.828734e+02  1.046049e+02  5.800000e+01
     vertex  1.768893e+02  1.094711e+02  5.800000e+01
     vertex  1.827893e+02  1.050919e+02  5.800000e+01
   endloop
 endfacet
 facet normal  1.304711e-14  5.653301e-14 -1.000000e+00
   outer loop
     vertex  1.605286e+02  1.164424e+02  5.800000e+01
     vertex  1.610019e+02  1.165846e+02  5.800000e+01
     vertex  1.681274e+02  1.141860e+02  5.800000e+01
   endloop
 endfacet
 facet normal  1.441986e-15  1.779037e-14 -1.000000e+00
   outer loop
     vertex  1.985063e+02  8.598568e+01  5.800000e+01
     vertex  2.016653e+02  1.005073e+02  5.800000e+01
     vertex  2.074649e+02  8.725654e+01  5.800000e+01
   endloop
 endfacet
 facet normal -2.030592e-14  2.459472e-14 -1.000000e+00
   outer loop
     vertex  1.363877e+02  1.193784e+02  5.800000e+01
     vertex  1.397959e+02  1.291259e+02  5.800000e+01
     vertex  1.368362e+02  1.191710e+02  5.800000e+01
   endloop
 endfacet
 facet normal -2.117732e-14  2.271087e-14 -1.000000e+00
   outer loop
     vertex  1.980578e+02  8.619316e+01  5.800000e+01
     vertex  2.016653e+02  1.005073e+02  5.800000e+01
     vertex  1.985063e+02  8.598568e+01  5.800000e+01
   endloop
 endfacet
 facet normal -2.878586e-15  1.941348e-14 -1.000000e+00
   outer loop
     vertex  1.372221e+02  1.188622e+02  5.800000e+01
     vertex  1.368362e+02  1.191710e+02  5.800000e+01
     vertex  1.397959e+02  1.291259e+02  5.800000e+01
   endloop
 endfacet
 facet normal  5.958479e-16  2.375498e-14 -1.000000e+00
   outer loop
     vertex  1.988922e+02  8.567689e+01  5.800000e+01
     vertex  1.985063e+02  8.598568e+01  5.800000e+01
     vertex  2.074649e+02  8.725654e+01  5.800000e+01
   endloop
 endfacet
 facet normal  3.177957e-15  1.638360e-14 -1.000000e+00
   outer loop
     vertex  1.359025e+02  1.194725e+02  5.800000e+01
     vertex  1.397959e+02  1.291259e+02  5.800000e+01
     vertex  1.363877e+02  1.193784e+02  5.800000e+01
   endloop
 endfacet
 facet normal  3.212937e-15  1.656394e-14 -1.000000e+00
   outer loop
     vertex  1.975726e+02  8.628727e+01  5.800000e+01
     vertex  2.016653e+02  1.005073e+02  5.800000e+01
     vertex  1.980578e+02  8.619316e+01  5.800000e+01
   endloop
 endfacet
 facet normal  3.617183e-14  9.620932e-15 -1.000000e+00
   outer loop
     vertex  1.375228e+02  1.184700e+02  5.800000e+01
     vertex  1.372221e+02  1.188622e+02  5.800000e+01
     vertex  1.397959e+02  1.291259e+02  5.800000e+01
   endloop
 endfacet
 facet normal  7.282598e-15 -1.253382e-14 -1.000000e+00
   outer loop
     vertex  1.991929e+02  8.528473e+01  5.800000e+01
     vertex  1.988922e+02  8.567689e+01  5.800000e+01
     vertex  2.074649e+02  8.725654e+01  5.800000e+01
   endloop
 endfacet
 facet normal -9.034742e-16  1.802971e-14 -1.000000e+00
   outer loop
     vertex  1.354090e+02  1.194478e+02  5.800000e+01
     vertex  1.397959e+02  1.291259e+02  5.800000e+01
     vertex  1.359025e+02  1.194725e+02  5.800000e+01
   endloop
 endfacet
 facet normal -8.891859e-16  1.774457e-14 -1.000000e+00
   outer loop
     vertex  1.970790e+02  8.626253e+01  5.800000e+01
     vertex  2.016653e+02  1.005073e+02  5.800000e+01
     vertex  1.975726e+02  8.628727e+01  5.800000e+01
   endloop
 endfacet
 facet normal -4.569378e-14  2.708412e-14 -1.000000e+00
   outer loop
     vertex  1.377210e+02  1.180173e+02  5.800000e+01
     vertex  1.375228e+02  1.184700e+02  5.800000e+01
     vertex  1.397959e+02  1.291259e+02  5.800000e+01
   endloop
 endfacet
 facet normal  5.470692e-17  1.853904e-14 -1.000000e+00
   outer loop
     vertex  1.377210e+02  1.180173e+02  5.800000e+01
     vertex  1.397959e+02  1.291259e+02  5.800000e+01
     vertex  1.542422e+02  1.298498e+02  5.800000e+01
   endloop
 endfacet
 facet normal  6.673275e-16  1.768367e-14 -1.000000e+00
   outer loop
     vertex  1.377210e+02  1.180173e+02  5.800000e+01
     vertex  1.542422e+02  1.298498e+02  5.800000e+01
     vertex  1.581674e+02  1.188529e+02  5.800000e+01
   endloop
 endfacet
 facet normal -6.273908e-15  4.433733e-14 -1.000000e+00
   outer loop
     vertex  1.993911e+02  8.483200e+01  5.800000e+01
     vertex  1.991929e+02  8.528473e+01  5.800000e+01
     vertex  2.074649e+02  8.725654e+01  5.800000e+01
   endloop
 endfacet
 facet normal  2.862959e-14  4.642831e-15 -1.000000e+00
   outer loop
     vertex  1.349356e+02  1.193057e+02  5.800000e+01
     vertex  1.397959e+02  1.291259e+02  5.800000e+01
     vertex  1.354090e+02  1.194478e+02  5.800000e+01
   endloop
 endfacet
 facet normal -8.559177e-18  1.881648e-14 -1.000000e+00
   outer loop
     vertex  1.349356e+02  1.193057e+02  5.800000e+01
     vertex  1.259427e+02  1.249658e+02  5.800000e+01
     vertex  1.397959e+02  1.291259e+02  5.800000e+01
   endloop
 endfacet
 facet normal  2.743351e-14  8.625805e-15 -1.000000e+00
   outer loop
     vertex  1.966057e+02  8.612040e+01  5.800000e+01
     vertex  2.016653e+02  1.005073e+02  5.800000e+01
     vertex  1.970790e+02  8.626253e+01  5.800000e+01
   endloop
 endfacet
 facet normal  7.881986e-16  1.472620e-14 -1.000000e+00
   outer loop
     vertex  1.378050e+02  1.175303e+02  5.800000e+01
     vertex  1.377210e+02  1.180173e+02  5.800000e+01
     vertex  1.581674e+02  1.188529e+02  5.800000e+01
   endloop
 endfacet
 facet normal  8.122368e-16  1.435612e-14 -1.000000e+00
   outer loop
     vertex  1.378050e+02  1.175303e+02  5.800000e+01
     vertex  1.581674e+02  1.188529e+02  5.800000e+01
     vertex  1.581325e+02  1.183600e+02  5.800000e+01
   endloop
 endfacet
 facet normal  2.528060e-15  1.502647e-14 -1.000000e+00
   outer loop
     vertex  1.994751e+02  8.434499e+01  5.800000e+01
     vertex  1.993911e+02  8.483200e+01  5.800000e+01
     vertex  2.074649e+02  8.725654e+01  5.800000e+01
   endloop
 endfacet
 facet normal -9.272754e-16  1.850468e-14 -1.000000e+00
   outer loop
     vertex  1.835300e+02  9.272393e+01  5.800000e+01
     vertex  1.846918e+02  1.031496e+02  5.800000e+01
     vertex  1.851854e+02  1.031743e+02  5.800000e+01
   endloop
 endfacet
 facet normal -5.685460e-15  1.893278e-14 -1.000000e+00
   outer loop
     vertex  1.841526e+02  9.235586e+01  5.800000e+01
     vertex  1.851854e+02  1.031743e+02  5.800000e+01
     vertex  1.856587e+02  1.033165e+02  5.800000e+01
   endloop
 endfacet
 facet normal -5.117853e-16  1.843887e-14 -1.000000e+00
   outer loop
     vertex  1.841526e+02  9.235586e+01  5.800000e+01
     vertex  1.835300e+02  9.272393e+01  5.800000e+01
     vertex  1.851854e+02  1.031743e+02  5.800000e+01
   endloop
 endfacet
 facet normal -1.435162e-14 -3.972059e-15 -1.000000e+00
   outer loop
     vertex  1.345101e+02  1.190544e+02  5.800000e+01
     vertex  1.259427e+02  1.249658e+02  5.800000e+01
     vertex  1.349356e+02  1.193057e+02  5.800000e+01
   endloop
 endfacet
 facet normal  3.257673e-15  1.679457e-14 -1.000000e+00
   outer loop
     vertex  1.828375e+02  9.293232e+01  5.800000e+01
     vertex  1.842066e+02  1.032437e+02  5.800000e+01
     vertex  1.846918e+02  1.031496e+02  5.800000e+01
   endloop
 endfacet
 facet normal -1.449660e-14  2.001676e-14 -1.000000e+00
   outer loop
     vertex  1.828375e+02  9.293232e+01  5.800000e+01
     vertex  1.846918e+02  1.031496e+02  5.800000e+01
     vertex  1.835300e+02  9.272393e+01  5.800000e+01
   endloop
 endfacet
 facet normal  6.798712e-15  1.676318e-14 -1.000000e+00
   outer loop
     vertex  1.846690e+02  9.184950e+01  5.800000e+01
     vertex  1.856587e+02  1.033165e+02  5.800000e+01
     vertex  1.860843e+02  1.035678e+02  5.800000e+01
   endloop
 endfacet
 facet normal  2.556201e-16  1.755343e-14 -1.000000e+00
   outer loop
     vertex  1.846690e+02  9.184950e+01  5.800000e+01
     vertex  1.860843e+02  1.035678e+02  5.800000e+01
     vertex  2.016653e+02  1.005073e+02  5.800000e+01
   endloop
 endfacet
 facet normal  1.568588e-14  1.599611e-14 -1.000000e+00
   outer loop
     vertex  1.846690e+02  9.184950e+01  5.800000e+01
     vertex  1.841526e+02  9.235586e+01  5.800000e+01
     vertex  1.856587e+02  1.033165e+02  5.800000e+01
   endloop
 endfacet
 facet normal  1.402249e-15 -9.939197e-17 -1.000000e+00
   outer loop
     vertex  1.377701e+02  1.170373e+02  5.800000e+01
     vertex  1.378050e+02  1.175303e+02  5.800000e+01
     vertex  1.581325e+02  1.183600e+02  5.800000e+01
   endloop
 endfacet
 facet normal  4.431187e-16  1.466664e-14 -1.000000e+00
   outer loop
     vertex  1.377701e+02  1.170373e+02  5.800000e+01
     vertex  1.581325e+02  1.183600e+02  5.800000e+01
     vertex  1.582166e+02  1.178730e+02  5.800000e+01
   endloop
 endfacet
 facet normal  8.216060e-15 -5.823577e-16 -1.000000e+00
   outer loop
     vertex  1.994402e+02  8.385203e+01  5.800000e+01
     vertex  1.994751e+02  8.434499e+01  5.800000e+01
     vertex  2.074649e+02  8.725654e+01  5.800000e+01
   endloop
 endfacet
 facet normal  2.178696e-14  1.285372e-14 -1.000000e+00
   outer loop
     vertex  1.821152e+02  9.296892e+01  5.800000e+01
     vertex  1.837581e+02  1.034512e+02  5.800000e+01
     vertex  1.842066e+02  1.032437e+02  5.800000e+01
   endloop
 endfacet
 facet normal  8.670128e-16  1.711201e-14 -1.000000e+00
   outer loop
     vertex  1.821152e+02  9.296892e+01  5.800000e+01
     vertex  1.842066e+02  1.032437e+02  5.800000e+01
     vertex  1.828375e+02  9.293232e+01  5.800000e+01
   endloop
 endfacet
 facet normal  1.505556e-15  1.900968e-14 -1.000000e+00
   outer loop
     vertex  1.341570e+02  1.187086e+02  5.800000e+01
     vertex  1.259427e+02  1.249658e+02  5.800000e+01
     vertex  1.345101e+02  1.190544e+02  5.800000e+01
   endloop
 endfacet
 facet normal  2.520618e-15  1.310698e-14 -1.000000e+00
   outer loop
     vertex  1.850492e+02  9.123428e+01  5.800000e+01
     vertex  1.846690e+02  9.184950e+01  5.800000e+01
     vertex  2.016653e+02  1.005073e+02  5.800000e+01
   endloop
 endfacet
 facet normal -4.513043e-16  1.843228e-14 -1.000000e+00
   outer loop
     vertex  1.850492e+02  9.123428e+01  5.800000e+01
     vertex  2.016653e+02  1.005073e+02  5.800000e+01
     vertex  1.966057e+02  8.612040e+01  5.800000e+01
   endloop
 endfacet
 facet normal  1.806491e-15  1.452553e-14 -1.000000e+00
   outer loop
     vertex  1.992883e+02  8.338175e+01  5.800000e+01
     vertex  1.994402e+02  8.385203e+01  5.800000e+01
     vertex  2.074649e+02  8.725654e+01  5.800000e+01
   endloop
 endfacet
 facet normal -1.945765e-14  2.170746e-14 -1.000000e+00
   outer loop
     vertex  1.814051e+02  9.283160e+01  5.800000e+01
     vertex  1.833723e+02  1.037600e+02  5.800000e+01
     vertex  1.837581e+02  1.034512e+02  5.800000e+01
   endloop
 endfacet
 facet normal  1.739451e-14  1.354215e-14 -1.000000e+00
   outer loop
     vertex  1.814051e+02  9.283160e+01  5.800000e+01
     vertex  1.837581e+02  1.034512e+02  5.800000e+01
     vertex  1.821152e+02  9.296892e+01  5.800000e+01
   endloop
 endfacet
 facet normal -6.522621e-17  1.694760e-14 -1.000000e+00
   outer loop
     vertex  1.338970e+02  1.182883e+02  5.800000e+01
     vertex  1.259427e+02  1.249658e+02  5.800000e+01
     vertex  1.341570e+02  1.187086e+02  5.800000e+01
   endloop
 endfacet
 facet normal  6.158310e-16  2.084384e-14 -1.000000e+00
   outer loop
     vertex  1.852711e+02  9.054594e+01  5.800000e+01
     vertex  1.850492e+02  9.123428e+01  5.800000e+01
     vertex  1.966057e+02  8.612040e+01  5.800000e+01
   endloop
 endfacet
 facet normal -1.117431e-14 -9.352938e-15 -1.000000e+00
   outer loop
     vertex  1.852711e+02  9.054594e+01  5.800000e+01
     vertex  1.966057e+02  8.612040e+01  5.800000e+01
     vertex  1.961802e+02  8.586912e+01  5.800000e+01
   endloop
 endfacet
 facet normal -1.265519e-15  1.551779e-14 -1.000000e+00
   outer loop
     vertex  1.337451e+02  1.178180e+02  5.800000e+01
     vertex  1.259427e+02  1.249658e+02  5.800000e+01
     vertex  1.338970e+02  1.182883e+02  5.800000e+01
   endloop
 endfacet
 facet normal  5.673421e-15  2.994589e-14 -1.000000e+00
   outer loop
     vertex  1.853218e+02  8.982450e+01  5.800000e+01
     vertex  1.852711e+02  9.054594e+01  5.800000e+01
     vertex  1.961802e+02  8.586912e+01  5.800000e+01
   endloop
 endfacet
 facet normal  1.639770e-15  1.887266e-14 -1.000000e+00
   outer loop
     vertex  1.853218e+02  8.982450e+01  5.800000e+01
     vertex  1.961802e+02  8.586912e+01  5.800000e+01
     vertex  1.958271e+02  8.552330e+01  5.800000e+01
   endloop
 endfacet
 facet normal -1.516493e-14  1.535140e-14 -1.000000e+00
   outer loop
     vertex  1.617963e+02  1.024206e+02  5.800000e+01
     vertex  1.600350e+02  1.164177e+02  5.800000e+01
     vertex  1.605286e+02  1.164424e+02  5.800000e+01
   endloop
 endfacet
 facet normal  1.259229e-15  1.683633e-14 -1.000000e+00
   outer loop
     vertex  1.617963e+02  1.024206e+02  5.800000e+01
     vertex  1.605286e+02  1.164424e+02  5.800000e+01
     vertex  1.681274e+02  1.141860e+02  5.800000e+01
   endloop
 endfacet
 facet normal -4.546455e-18  1.751638e-14 -1.000000e+00
   outer loop
     vertex  1.705583e+02  9.770572e+01  5.800000e+01
     vertex  1.768893e+02  1.094711e+02  5.800000e+01
     vertex  1.828734e+02  1.046049e+02  5.800000e+01
   endloop
 endfacet
 facet normal -2.138141e-15  1.456525e-14 -1.000000e+00
   outer loop
     vertex  1.337102e+02  1.173251e+02  5.800000e+01
     vertex  1.259427e+02  1.249658e+02  5.800000e+01
     vertex  1.337451e+02  1.178180e+02  5.800000e+01
   endloop
 endfacet
 facet normal  3.202778e-14  4.929794e-14 -1.000000e+00
   outer loop
     vertex  1.337942e+02  1.168381e+02  5.800000e+01
     vertex  1.259427e+02  1.249658e+02  5.800000e+01
     vertex  1.337102e+02  1.173251e+02  5.800000e+01
   endloop
 endfacet
 facet normal  1.939979e-15  1.960590e-14 -1.000000e+00
   outer loop
     vertex  1.851984e+02  8.911189e+01  5.800000e+01
     vertex  1.853218e+02  8.982450e+01  5.800000e+01
     vertex  1.958271e+02  8.552330e+01  5.800000e+01
   endloop
 endfacet
 facet normal  8.510405e-16  1.638067e-14 -1.000000e+00
   outer loop
     vertex  1.851984e+02  8.911189e+01  5.800000e+01
     vertex  1.958271e+02  8.552330e+01  5.800000e+01
     vertex  1.955671e+02  8.510304e+01  5.800000e+01
   endloop
 endfacet
 facet normal  3.194879e-16  1.500583e-14 -1.000000e+00
   outer loop
     vertex  1.851984e+02  8.911189e+01  5.800000e+01
     vertex  1.955671e+02  8.510304e+01  5.800000e+01
     vertex  1.954152e+02  8.463276e+01  5.800000e+01
   endloop
 endfacet
 facet normal -7.823070e-16  1.834588e-14 -1.000000e+00
   outer loop
     vertex  1.731519e+02  9.557809e+01  5.800000e+01
     vertex  1.833723e+02  1.037600e+02  5.800000e+01
     vertex  1.814051e+02  9.283160e+01  5.800000e+01
   endloop
 endfacet
 facet normal  1.071449e-15  1.616338e-14 -1.000000e+00
   outer loop
     vertex  1.731519e+02  9.557809e+01  5.800000e+01
     vertex  1.828734e+02  1.046049e+02  5.800000e+01
     vertex  1.830715e+02  1.041521e+02  5.800000e+01
   endloop
 endfacet
 facet normal -3.720566e-16  1.783341e-14 -1.000000e+00
   outer loop
     vertex  1.731519e+02  9.557809e+01  5.800000e+01
     vertex  1.830715e+02  1.041521e+02  5.800000e+01
     vertex  1.833723e+02  1.037600e+02  5.800000e+01
   endloop
 endfacet
 facet normal  2.697354e-16  1.702679e-14 -1.000000e+00
   outer loop
     vertex  1.731519e+02  9.557809e+01  5.800000e+01
     vertex  1.705583e+02  9.770572e+01  5.800000e+01
     vertex  1.828734e+02  1.046049e+02  5.800000e+01
   endloop
 endfacet
 facet normal -5.250247e-15  2.301392e-15 -1.000000e+00
   outer loop
     vertex  1.849081e+02  8.844951e+01  5.800000e+01
     vertex  1.851984e+02  8.911189e+01  5.800000e+01
     vertex  1.954152e+02  8.463276e+01  5.800000e+01
   endloop
 endfacet
 facet normal -8.290709e-16  1.447246e-14 -1.000000e+00
   outer loop
     vertex  1.849081e+02  8.844951e+01  5.800000e+01
     vertex  1.954152e+02  8.463276e+01  5.800000e+01
     vertex  1.953802e+02  8.413980e+01  5.800000e+01
   endloop
 endfacet
 facet normal -3.442184e-15 -1.597762e-14 -1.000000e+00
   outer loop
     vertex  1.755267e+02  9.320862e+01  5.800000e+01
     vertex  1.814051e+02  9.283160e+01  5.800000e+01
     vertex  1.807486e+02  9.252833e+01  5.800000e+01
   endloop
 endfacet
 facet normal -1.350261e-15  1.663917e-14 -1.000000e+00
   outer loop
     vertex  1.755267e+02  9.320862e+01  5.800000e+01
     vertex  1.731519e+02  9.557809e+01  5.800000e+01
     vertex  1.814051e+02  9.283160e+01  5.800000e+01
   endloop
 endfacet
 facet normal  1.269331e-16  1.821608e-14 -1.000000e+00
   outer loop
     vertex  1.546570e+02  1.041842e+02  5.800000e+01
     vertex  1.584147e+02  1.174202e+02  5.800000e+01
     vertex  1.587154e+02  1.170281e+02  5.800000e+01
   endloop
 endfacet
 facet normal -3.036803e-15  1.921578e-14 -1.000000e+00
   outer loop
     vertex  1.546570e+02  1.041842e+02  5.800000e+01
     vertex  1.587154e+02  1.170281e+02  5.800000e+01
     vertex  1.591013e+02  1.167193e+02  5.800000e+01
   endloop
 endfacet
 facet normal -2.001031e-14  2.523380e-14 -1.000000e+00
   outer loop
     vertex  1.546570e+02  1.041842e+02  5.800000e+01
     vertex  1.591013e+02  1.167193e+02  5.800000e+01
     vertex  1.595498e+02  1.165118e+02  5.800000e+01
   endloop
 endfacet
 facet normal  1.671298e-14  1.065811e-14 -1.000000e+00
   outer loop
     vertex  1.546570e+02  1.041842e+02  5.800000e+01
     vertex  1.595498e+02  1.165118e+02  5.800000e+01
     vertex  1.600350e+02  1.164177e+02  5.800000e+01
   endloop
 endfacet
 facet normal  1.318871e-15  1.742563e-14 -1.000000e+00
   outer loop
     vertex  1.546570e+02  1.041842e+02  5.800000e+01
     vertex  1.600350e+02  1.164177e+02  5.800000e+01
     vertex  1.617963e+02  1.024206e+02  5.800000e+01
   endloop
 endfacet
 facet normal  6.464767e-15  3.219580e-14 -1.000000e+00
   outer loop
     vertex  1.844676e+02  8.787586e+01  5.800000e+01
     vertex  1.849081e+02  8.844951e+01  5.800000e+01
     vertex  1.953802e+02  8.413980e+01  5.800000e+01
   endloop
 endfacet
 facet normal  8.789592e-16  1.719169e-14 -1.000000e+00
   outer loop
     vertex  1.776600e+02  9.061971e+01  5.800000e+01
     vertex  1.755267e+02  9.320862e+01  5.800000e+01
     vertex  1.807486e+02  9.252833e+01  5.800000e+01
   endloop
 endfacet
 facet normal -1.440390e-14 -2.024677e-15 -1.000000e+00
   outer loop
     vertex  2.099248e+02  7.300285e+01  5.800000e+01
     vertex  1.977763e+02  8.222226e+01  5.800000e+01
     vertex  1.982496e+02  8.236440e+01  5.800000e+01
   endloop
 endfacet
 facet normal  1.381146e-14  3.316388e-14 -1.000000e+00
   outer loop
     vertex  2.099248e+02  7.300285e+01  5.800000e+01
     vertex  1.982496e+02  8.236440e+01  5.800000e+01
     vertex  1.986752e+02  8.261568e+01  5.800000e+01
   endloop
 endfacet
 facet normal  1.618310e-15  1.889457e-14 -1.000000e+00
   outer loop
     vertex  2.099248e+02  7.300285e+01  5.800000e+01
     vertex  1.986752e+02  8.261568e+01  5.800000e+01
     vertex  1.990282e+02  8.296149e+01  5.800000e+01
   endloop
 endfacet
 facet normal -1.264538e-16  1.698548e-14 -1.000000e+00
   outer loop
     vertex  2.099248e+02  7.300285e+01  5.800000e+01
     vertex  1.990282e+02  8.296149e+01  5.800000e+01
     vertex  1.992883e+02  8.338175e+01  5.800000e+01
   endloop
 endfacet
 facet normal  3.899575e-16  1.751471e-14 -1.000000e+00
   outer loop
     vertex  2.099248e+02  7.300285e+01  5.800000e+01
     vertex  1.992883e+02  8.338175e+01  5.800000e+01
     vertex  2.074649e+02  8.725654e+01  5.800000e+01
   endloop
 endfacet
 facet normal  3.428819e-16  1.711923e-14 -1.000000e+00
   outer loop
     vertex  1.473060e+02  1.043947e+02  5.800000e+01
     vertex  1.377701e+02  1.170373e+02  5.800000e+01
     vertex  1.582166e+02  1.178730e+02  5.800000e+01
   endloop
 endfacet
 facet normal  1.364986e-15  1.629185e-14 -1.000000e+00
   outer loop
     vertex  1.473060e+02  1.043947e+02  5.800000e+01
     vertex  1.582166e+02  1.178730e+02  5.800000e+01
     vertex  1.584147e+02  1.174202e+02  5.800000e+01
   endloop
 endfacet
 facet normal  1.937301e-15  1.856891e-14 -1.000000e+00
   outer loop
     vertex  1.473060e+02  1.043947e+02  5.800000e+01
     vertex  1.370051e+02  1.158010e+02  5.800000e+01
     vertex  1.373582e+02  1.161468e+02  5.800000e+01
   endloop
 endfacet
 facet normal -1.487495e-17  1.691644e-14 -1.000000e+00
   outer loop
     vertex  1.473060e+02  1.043947e+02  5.800000e+01
     vertex  1.373582e+02  1.161468e+02  5.800000e+01
     vertex  1.376182e+02  1.165670e+02  5.800000e+01
   endloop
 endfacet
 facet normal -1.625947e-15  1.563421e-14 -1.000000e+00
   outer loop
     vertex  1.473060e+02  1.043947e+02  5.800000e+01
     vertex  1.376182e+02  1.165670e+02  5.800000e+01
     vertex  1.377701e+02  1.170373e+02  5.800000e+01
   endloop
 endfacet
 facet normal -1.399386e-15  1.864941e-14 -1.000000e+00
   outer loop
     vertex  1.473060e+02  1.043947e+02  5.800000e+01
     vertex  1.584147e+02  1.174202e+02  5.800000e+01
     vertex  1.546570e+02  1.041842e+02  5.800000e+01
   endloop
 endfacet
 facet normal -5.875855e-15  2.067672e-14 -1.000000e+00
   outer loop
     vertex  1.816651e+02  8.369562e+01  5.800000e+01
     vertex  1.808142e+02  8.551566e+01  5.800000e+01
     vertex  1.839027e+02  8.742428e+01  5.800000e+01
   endloop
 endfacet
 facet normal  5.738875e-15  1.370666e-14 -1.000000e+00
   outer loop
     vertex  1.824087e+02  8.182912e+01  5.800000e+01
     vertex  1.816651e+02  8.369562e+01  5.800000e+01
     vertex  1.839027e+02  8.742428e+01  5.800000e+01
   endloop
 endfacet
 facet normal  5.037210e-16  1.510457e-14 -1.000000e+00
   outer loop
     vertex  1.824087e+02  8.182912e+01  5.800000e+01
     vertex  1.839027e+02  8.742428e+01  5.800000e+01
     vertex  1.844676e+02  8.787586e+01  5.800000e+01
   endloop
 endfacet
 facet normal  6.019348e-16  1.507113e-14 -1.000000e+00
   outer loop
     vertex  1.824087e+02  8.182912e+01  5.800000e+01
     vertex  1.844676e+02  8.787586e+01  5.800000e+01
     vertex  1.953802e+02  8.413980e+01  5.800000e+01
   endloop
 endfacet
 facet normal -3.640317e-16  1.800688e-14 -1.000000e+00
   outer loop
     vertex  1.134875e+02  1.176113e+02  5.800000e+01
     vertex  1.259427e+02  1.249658e+02  5.800000e+01
     vertex  1.337942e+02  1.168381e+02  5.800000e+01
   endloop
 endfacet
 facet normal  6.717267e-16  1.742598e-14 -1.000000e+00
   outer loop
     vertex  1.400775e+02  1.030423e+02  5.800000e+01
     vertex  1.370051e+02  1.158010e+02  5.800000e+01
     vertex  1.473060e+02  1.043947e+02  5.800000e+01
   endloop
 endfacet
 facet normal -8.501634e-16  1.696584e-14 -1.000000e+00
   outer loop
     vertex  1.400775e+02  1.030423e+02  5.800000e+01
     vertex  1.356127e+02  1.153828e+02  5.800000e+01
     vertex  1.361062e+02  1.154075e+02  5.800000e+01
   endloop
 endfacet
 facet normal -1.841288e-14  1.132536e-14 -1.000000e+00
   outer loop
     vertex  1.400775e+02  1.030423e+02  5.800000e+01
     vertex  1.361062e+02  1.154075e+02  5.800000e+01
     vertex  1.365796e+02  1.155497e+02  5.800000e+01
   endloop
 endfacet
 facet normal  2.031173e-14  2.215544e-14 -1.000000e+00
   outer loop
     vertex  1.400775e+02  1.030423e+02  5.800000e+01
     vertex  1.365796e+02  1.155497e+02  5.800000e+01
     vertex  1.370051e+02  1.158010e+02  5.800000e+01
   endloop
 endfacet
 facet normal -3.084410e-17  1.862340e-14 -1.000000e+00
   outer loop
     vertex  1.830423e+02  7.992251e+01  5.800000e+01
     vertex  1.824087e+02  8.182912e+01  5.800000e+01
     vertex  1.953802e+02  8.413980e+01  5.800000e+01
   endloop
 endfacet
 facet normal -8.145956e-15  4.236466e-14 -1.000000e+00
   outer loop
     vertex  1.830423e+02  7.992251e+01  5.800000e+01
     vertex  1.953802e+02  8.413980e+01  5.800000e+01
     vertex  1.954643e+02  8.365280e+01  5.800000e+01
   endloop
 endfacet
 facet normal -1.210504e-16  1.564145e-14 -1.000000e+00
   outer loop
     vertex  1.830423e+02  7.992251e+01  5.800000e+01
     vertex  1.954643e+02  8.365280e+01  5.800000e+01
     vertex  1.956624e+02  8.320006e+01  5.800000e+01
   endloop
 endfacet
 facet normal -6.374624e-16  1.762988e-14 -1.000000e+00
   outer loop
     vertex  1.830423e+02  7.992251e+01  5.800000e+01
     vertex  1.956624e+02  8.320006e+01  5.800000e+01
     vertex  1.959632e+02  8.280790e+01  5.800000e+01
   endloop
 endfacet
 facet normal  5.700673e-17  1.729405e-14 -1.000000e+00
   outer loop
     vertex  1.332998e+02  1.001886e+02  5.800000e+01
     vertex  1.356127e+02  1.153828e+02  5.800000e+01
     vertex  1.400775e+02  1.030423e+02  5.800000e+01
   endloop
 endfacet
 facet normal  3.020784e-14  1.473593e-14 -1.000000e+00
   outer loop
     vertex  1.332998e+02  1.001886e+02  5.800000e+01
     vertex  1.342931e+02  1.159932e+02  5.800000e+01
     vertex  1.346790e+02  1.156844e+02  5.800000e+01
   endloop
 endfacet
 facet normal -2.268852e-14  1.944386e-14 -1.000000e+00
   outer loop
     vertex  1.332998e+02  1.001886e+02  5.800000e+01
     vertex  1.346790e+02  1.156844e+02  5.800000e+01
     vertex  1.351275e+02  1.154769e+02  5.800000e+01
   endloop
 endfacet
 facet normal  1.748556e-14  1.464107e-14 -1.000000e+00
   outer loop
     vertex  1.332998e+02  1.001886e+02  5.800000e+01
     vertex  1.351275e+02  1.154769e+02  5.800000e+01
     vertex  1.356127e+02  1.153828e+02  5.800000e+01
   endloop
 endfacet
 facet normal -8.362307e-16  1.851997e-14 -1.000000e+00
   outer loop
     vertex  1.843947e+02  7.269398e+01  5.800000e+01
     vertex  1.830423e+02  7.992251e+01  5.800000e+01
     vertex  1.959632e+02  8.280790e+01  5.800000e+01
   endloop
 endfacet
 facet normal  1.695258e-14 -1.827253e-15 -1.000000e+00
   outer loop
     vertex  1.843947e+02  7.269398e+01  5.800000e+01
     vertex  1.959632e+02  8.280790e+01  5.800000e+01
     vertex  1.963490e+02  8.249911e+01  5.800000e+01
   endloop
 endfacet
 facet normal -1.468536e-14  3.674558e-14 -1.000000e+00
   outer loop
     vertex  1.843947e+02  7.269398e+01  5.800000e+01
     vertex  1.963490e+02  8.249911e+01  5.800000e+01
     vertex  1.967976e+02  8.229163e+01  5.800000e+01
   endloop
 endfacet
 facet normal -8.667858e-15  1.550794e-14 -1.000000e+00
   outer loop
     vertex  1.154356e+02  1.067875e+02  5.800000e+01
     vertex  1.134875e+02  1.176113e+02  5.800000e+01
     vertex  1.158842e+02  1.065800e+02  5.800000e+01
   endloop
 endfacet
 facet normal  1.682271e-14  2.121709e-15 -1.000000e+00
   outer loop
     vertex  1.990927e+02  6.177083e+01  5.800000e+01
     vertex  2.099248e+02  7.300285e+01  5.800000e+01
     vertex  1.995412e+02  6.156335e+01  5.800000e+01
   endloop
 endfacet
 facet normal -2.773402e-14  1.136568e-14 -1.000000e+00
   outer loop
     vertex  1.162700e+02  1.062712e+02  5.800000e+01
     vertex  1.158842e+02  1.065800e+02  5.800000e+01
     vertex  1.134875e+02  1.176113e+02  5.800000e+01
   endloop
 endfacet
 facet normal -3.611689e-16  1.808207e-14 -1.000000e+00
   outer loop
     vertex  1.162700e+02  1.062712e+02  5.800000e+01
     vertex  1.134875e+02  1.176113e+02  5.800000e+01
     vertex  1.337942e+02  1.168381e+02  5.800000e+01
   endloop
 endfacet
 facet normal  8.533353e-16  1.606791e-14 -1.000000e+00
   outer loop
     vertex  1.162700e+02  1.062712e+02  5.800000e+01
     vertex  1.337942e+02  1.168381e+02  5.800000e+01
     vertex  1.339924e+02  1.163853e+02  5.800000e+01
   endloop
 endfacet
 facet normal  3.883648e-16  1.720885e-14 -1.000000e+00
   outer loop
     vertex  1.999270e+02  6.125456e+01  5.800000e+01
     vertex  2.099248e+02  7.300285e+01  5.800000e+01
     vertex  2.089021e+02  5.857465e+01  5.800000e+01
   endloop
 endfacet
 facet normal -2.604595e-15  1.975585e-14 -1.000000e+00
   outer loop
     vertex  1.999270e+02  6.125456e+01  5.800000e+01
     vertex  1.995412e+02  6.156335e+01  5.800000e+01
     vertex  2.099248e+02  7.300285e+01  5.800000e+01
   endloop
 endfacet
 facet normal  3.430472e-15  1.768542e-14 -1.000000e+00
   outer loop
     vertex  1.149505e+02  1.068816e+02  5.800000e+01
     vertex  1.134875e+02  1.176113e+02  5.800000e+01
     vertex  1.154356e+02  1.067875e+02  5.800000e+01
   endloop
 endfacet
 facet normal -2.167756e-14  3.925136e-14 -1.000000e+00
   outer loop
     vertex  1.986075e+02  6.186493e+01  5.800000e+01
     vertex  2.099248e+02  7.300285e+01  5.800000e+01
     vertex  1.990927e+02  6.177083e+01  5.800000e+01
   endloop
 endfacet
 facet normal  1.153337e-16  1.710744e-14 -1.000000e+00
   outer loop
     vertex  1.986075e+02  6.186493e+01  5.800000e+01
     vertex  1.977763e+02  8.222226e+01  5.800000e+01
     vertex  2.099248e+02  7.300285e+01  5.800000e+01
   endloop
 endfacet
 facet normal -8.552734e-16  1.706781e-14 -1.000000e+00
   outer loop
     vertex  1.986075e+02  6.186493e+01  5.800000e+01
     vertex  1.972827e+02  8.219753e+01  5.800000e+01
     vertex  1.977763e+02  8.222226e+01  5.800000e+01
   endloop
 endfacet
 facet normal -2.205432e-16  1.794961e-14 -1.000000e+00
   outer loop
     vertex  1.165708e+02  1.058791e+02  5.800000e+01
     vertex  1.162700e+02  1.062712e+02  5.800000e+01
     vertex  1.339924e+02  1.163853e+02  5.800000e+01
   endloop
 endfacet
 facet normal -2.205432e-16  1.794961e-14 -1.000000e+00
   outer loop
     vertex  1.165708e+02  1.058791e+02  5.800000e+01
     vertex  1.339924e+02  1.163853e+02  5.800000e+01
     vertex  1.342931e+02  1.159932e+02  5.800000e+01
   endloop
 endfacet
 facet normal  8.560855e-16  1.877526e-14 -1.000000e+00
   outer loop
     vertex  2.002278e+02  6.086240e+01  5.800000e+01
     vertex  1.999270e+02  6.125456e+01  5.800000e+01
     vertex  2.089021e+02  5.857465e+01  5.800000e+01
   endloop
 endfacet
 facet normal  2.922169e-16  1.739027e-14 -1.000000e+00
   outer loop
     vertex  1.981139e+02  6.184020e+01  5.800000e+01
     vertex  1.843947e+02  7.269398e+01  5.800000e+01
     vertex  1.967976e+02  8.229163e+01  5.800000e+01
   endloop
 endfacet
 facet normal  2.784236e-14  1.893759e-14 -1.000000e+00
   outer loop
     vertex  1.981139e+02  6.184020e+01  5.800000e+01
     vertex  1.972827e+02  8.219753e+01  5.800000e+01
     vertex  1.986075e+02  6.186493e+01  5.800000e+01
   endloop
 endfacet
 facet normal  1.824294e-14  1.854565e-14 -1.000000e+00
   outer loop
     vertex  1.981139e+02  6.184020e+01  5.800000e+01
     vertex  1.967976e+02  8.229163e+01  5.800000e+01
     vertex  1.972827e+02  8.219753e+01  5.800000e+01
   endloop
 endfacet
 facet normal -8.569292e-16  1.710086e-14 -1.000000e+00
   outer loop
     vertex  1.144569e+02  1.068569e+02  5.800000e+01
     vertex  1.134875e+02  1.176113e+02  5.800000e+01
     vertex  1.149505e+02  1.068816e+02  5.800000e+01
   endloop
 endfacet
 facet normal  4.923824e-17  1.571598e-14 -1.000000e+00
   outer loop
     vertex  2.004259e+02  6.040966e+01  5.800000e+01
     vertex  2.002278e+02  6.086240e+01  5.800000e+01
     vertex  2.089021e+02  5.857465e+01  5.800000e+01
   endloop
 endfacet
 facet normal  5.318503e-16  1.660107e-14 -1.000000e+00
   outer loop
     vertex  1.167689e+02  1.054263e+02  5.800000e+01
     vertex  1.342931e+02  1.159932e+02  5.800000e+01
     vertex  1.332998e+02  1.001886e+02  5.800000e+01
   endloop
 endfacet
 facet normal  8.533353e-16  1.606791e-14 -1.000000e+00
   outer loop
     vertex  1.167689e+02  1.054263e+02  5.800000e+01
     vertex  1.165708e+02  1.058791e+02  5.800000e+01
     vertex  1.342931e+02  1.159932e+02  5.800000e+01
   endloop
 endfacet
 facet normal  2.420999e-14  1.936026e-14 -1.000000e+00
   outer loop
     vertex  1.139836e+02  1.067147e+02  5.800000e+01
     vertex  1.134875e+02  1.176113e+02  5.800000e+01
     vertex  1.144569e+02  1.068569e+02  5.800000e+01
   endloop
 endfacet
 facet normal -1.458652e-14 -1.416562e-15 -1.000000e+00
   outer loop
     vertex  1.976406e+02  6.169806e+01  5.800000e+01
     vertex  1.843947e+02  7.269398e+01  5.800000e+01
     vertex  1.981139e+02  6.184020e+01  5.800000e+01
   endloop
 endfacet
 facet normal -5.001595e-15 -8.631871e-16 -1.000000e+00
   outer loop
     vertex  1.168530e+02  1.049393e+02  5.800000e+01
     vertex  1.167689e+02  1.054263e+02  5.800000e+01
     vertex  1.332998e+02  1.001886e+02  5.800000e+01
   endloop
 endfacet
 facet normal -2.020370e-16  1.455530e-14 -1.000000e+00
   outer loop
     vertex  2.005100e+02  5.992266e+01  5.800000e+01
     vertex  2.004259e+02  6.040966e+01  5.800000e+01
     vertex  2.089021e+02  5.857465e+01  5.800000e+01
   endloop
 endfacet
 facet normal -2.675887e-14  1.704007e-14 -1.000000e+00
   outer loop
     vertex  1.135580e+02  1.064635e+02  5.800000e+01
     vertex  1.134875e+02  1.176113e+02  5.800000e+01
     vertex  1.139836e+02  1.067147e+02  5.800000e+01
   endloop
 endfacet
 facet normal  1.393967e-14  3.294676e-14 -1.000000e+00
   outer loop
     vertex  1.972150e+02  6.144679e+01  5.800000e+01
     vertex  1.843947e+02  7.269398e+01  5.800000e+01
     vertex  1.976406e+02  6.169806e+01  5.800000e+01
   endloop
 endfacet
 facet normal -2.222524e-16  1.442945e-14 -1.000000e+00
   outer loop
     vertex  2.004750e+02  5.942970e+01  5.800000e+01
     vertex  2.005100e+02  5.992266e+01  5.800000e+01
     vertex  2.089021e+02  5.857465e+01  5.800000e+01
   endloop
 endfacet
 facet normal -1.484346e-16  1.515697e-14 -1.000000e+00
   outer loop
     vertex  2.003231e+02  5.895942e+01  5.800000e+01
     vertex  2.004750e+02  5.942970e+01  5.800000e+01
     vertex  2.089021e+02  5.857465e+01  5.800000e+01
   endloop
 endfacet
 facet normal  1.407607e-15  4.985077e-14 -1.000000e+00
   outer loop
     vertex  2.000631e+02  5.853916e+01  5.800000e+01
     vertex  2.003231e+02  5.895942e+01  5.800000e+01
     vertex  2.089021e+02  5.857465e+01  5.800000e+01
   endloop
 endfacet
 facet normal  1.697184e-15 -2.227939e-14 -1.000000e+00
   outer loop
     vertex  1.997101e+02  5.819334e+01  5.800000e+01
     vertex  2.000631e+02  5.853916e+01  5.800000e+01
     vertex  2.089021e+02  5.857465e+01  5.800000e+01
   endloop
 endfacet
 facet normal  1.508863e-15  1.900631e-14 -1.000000e+00
   outer loop
     vertex  1.272809e+02  9.596329e+01  5.800000e+01
     vertex  1.160530e+02  1.032100e+02  5.800000e+01
     vertex  1.164061e+02  1.035558e+02  5.800000e+01
   endloop
 endfacet
 facet normal  3.026756e-17  1.688851e-14 -1.000000e+00
   outer loop
     vertex  1.272809e+02  9.596329e+01  5.800000e+01
     vertex  1.164061e+02  1.035558e+02  5.800000e+01
     vertex  1.166661e+02  1.039761e+02  5.800000e+01
   endloop
 endfacet
 facet normal -1.055627e-15  1.545000e-14 -1.000000e+00
   outer loop
     vertex  1.272809e+02  9.596329e+01  5.800000e+01
     vertex  1.166661e+02  1.039761e+02  5.800000e+01
     vertex  1.168180e+02  1.044464e+02  5.800000e+01
   endloop
 endfacet
 facet normal -1.792808e-15  1.454077e-14 -1.000000e+00
   outer loop
     vertex  1.272809e+02  9.596329e+01  5.800000e+01
     vertex  1.168180e+02  1.044464e+02  5.800000e+01
     vertex  1.168530e+02  1.049393e+02  5.800000e+01
   endloop
 endfacet
 facet normal  7.450037e-17  1.671012e-14 -1.000000e+00
   outer loop
     vertex  1.272809e+02  9.596329e+01  5.800000e+01
     vertex  1.168530e+02  1.049393e+02  5.800000e+01
     vertex  1.332998e+02  1.001886e+02  5.800000e+01
   endloop
 endfacet
 facet normal -9.302095e-15 -1.105011e-14 -1.000000e+00
   outer loop
     vertex  1.841842e+02  6.534304e+01  5.800000e+01
     vertex  1.972150e+02  6.144679e+01  5.800000e+01
     vertex  1.968620e+02  6.110097e+01  5.800000e+01
   endloop
 endfacet
 facet normal  4.361381e-17  1.688025e-14 -1.000000e+00
   outer loop
     vertex  1.841842e+02  6.534304e+01  5.800000e+01
     vertex  1.968620e+02  6.110097e+01  5.800000e+01
     vertex  1.966020e+02  6.068071e+01  5.800000e+01
   endloop
 endfacet
 facet normal  9.564304e-15  4.223780e-14 -1.000000e+00
   outer loop
     vertex  1.841842e+02  6.534304e+01  5.800000e+01
     vertex  1.966020e+02  6.068071e+01  5.800000e+01
     vertex  1.964501e+02  6.021043e+01  5.800000e+01
   endloop
 endfacet
 facet normal -2.018760e-15  1.455679e-14 -1.000000e+00
   outer loop
     vertex  1.841842e+02  6.534304e+01  5.800000e+01
     vertex  1.964501e+02  6.021043e+01  5.800000e+01
     vertex  1.964151e+02  5.971747e+01  5.800000e+01
   endloop
 endfacet
 facet normal -1.362146e-15  1.550461e-14 -1.000000e+00
   outer loop
     vertex  1.841842e+02  6.534304e+01  5.800000e+01
     vertex  1.843947e+02  7.269398e+01  5.800000e+01
     vertex  1.972150e+02  6.144679e+01  5.800000e+01
   endloop
 endfacet
 facet normal  6.005917e-16  1.993357e-14 -1.000000e+00
   outer loop
     vertex  1.031544e+02  1.074898e+02  5.800000e+01
     vertex  1.135580e+02  1.064635e+02  5.800000e+01
     vertex  1.132050e+02  1.061176e+02  5.800000e+01
   endloop
 endfacet
 facet normal  1.728141e-16  1.680031e-14 -1.000000e+00
   outer loop
     vertex  1.031544e+02  1.074898e+02  5.800000e+01
     vertex  1.132050e+02  1.061176e+02  5.800000e+01
     vertex  1.129449e+02  1.056974e+02  5.800000e+01
   endloop
 endfacet
 facet normal -1.291853e-16  1.515075e-14 -1.000000e+00
   outer loop
     vertex  1.031544e+02  1.074898e+02  5.800000e+01
     vertex  1.129449e+02  1.056974e+02  5.800000e+01
     vertex  1.127930e+02  1.052271e+02  5.800000e+01
   endloop
 endfacet
 facet normal  6.359346e-15  4.279033e-14 -1.000000e+00
   outer loop
     vertex  1.031544e+02  1.074898e+02  5.800000e+01
     vertex  1.127930e+02  1.052271e+02  5.800000e+01
     vertex  1.127581e+02  1.047341e+02  5.800000e+01
   endloop
 endfacet
 facet normal -1.822660e-15  1.427561e-14 -1.000000e+00
   outer loop
     vertex  1.031544e+02  1.074898e+02  5.800000e+01
     vertex  1.127581e+02  1.047341e+02  5.800000e+01
     vertex  1.128421e+02  1.042471e+02  5.800000e+01
   endloop
 endfacet
 facet normal  3.320315e-16  1.721135e-14 -1.000000e+00
   outer loop
     vertex  1.031544e+02  1.074898e+02  5.800000e+01
     vertex  1.134875e+02  1.176113e+02  5.800000e+01
     vertex  1.135580e+02  1.064635e+02  5.800000e+01
   endloop
 endfacet
 facet normal  1.920796e-14  7.278273e-15 -1.000000e+00
   outer loop
     vertex  1.105289e+02  9.688933e+01  5.800000e+01
     vertex  1.137269e+02  1.030935e+02  5.800000e+01
     vertex  1.141754e+02  1.028860e+02  5.800000e+01
   endloop
 endfacet
 facet normal  3.289400e-15  1.695814e-14 -1.000000e+00
   outer loop
     vertex  1.105289e+02  9.688933e+01  5.800000e+01
     vertex  1.141754e+02  1.028860e+02  5.800000e+01
     vertex  1.146606e+02  1.027919e+02  5.800000e+01
   endloop
 endfacet
 facet normal -1.000241e-15  1.996078e-14 -1.000000e+00
   outer loop
     vertex  1.105289e+02  9.688933e+01  5.800000e+01
     vertex  1.146606e+02  1.027919e+02  5.800000e+01
     vertex  1.151542e+02  1.028166e+02  5.800000e+01
   endloop
 endfacet
 facet normal -2.712878e-14  4.034962e-14 -1.000000e+00
   outer loop
     vertex  1.105289e+02  9.688933e+01  5.800000e+01
     vertex  1.151542e+02  1.028166e+02  5.800000e+01
     vertex  1.156275e+02  1.029587e+02  5.800000e+01
   endloop
 endfacet
 facet normal  1.764291e-14  2.667517e-14 -1.000000e+00
   outer loop
     vertex  1.222943e+02  9.055828e+01  5.800000e+01
     vertex  1.156275e+02  1.029587e+02  5.800000e+01
     vertex  1.160530e+02  1.032100e+02  5.800000e+01
   endloop
 endfacet
 facet normal  2.689288e-16  1.733449e-14 -1.000000e+00
   outer loop
     vertex  1.222943e+02  9.055828e+01  5.800000e+01
     vertex  1.105289e+02  9.688933e+01  5.800000e+01
     vertex  1.156275e+02  1.029587e+02  5.800000e+01
   endloop
 endfacet
 facet normal  1.234031e-15  1.858049e-14 -1.000000e+00
   outer loop
     vertex  1.222943e+02  9.055828e+01  5.800000e+01
     vertex  1.160530e+02  1.032100e+02  5.800000e+01
     vertex  1.272809e+02  9.596329e+01  5.800000e+01
   endloop
 endfacet
 facet normal -1.493118e-17  1.891343e-14 -1.000000e+00
   outer loop
     vertex  1.824206e+02  5.820369e+01  5.800000e+01
     vertex  1.841842e+02  6.534304e+01  5.800000e+01
     vertex  1.964151e+02  5.971747e+01  5.800000e+01
   endloop
 endfacet
 facet normal  1.993702e-15  3.440779e-16 -1.000000e+00
   outer loop
     vertex  1.824206e+02  5.820369e+01  5.800000e+01
     vertex  1.964151e+02  5.971747e+01  5.800000e+01
     vertex  1.964992e+02  5.923047e+01  5.800000e+01
   endloop
 endfacet
 facet normal  7.686803e-16  1.714089e-14 -1.000000e+00
   outer loop
     vertex  1.941860e+02  5.187265e+01  5.800000e+01
     vertex  1.824206e+02  5.820369e+01  5.800000e+01
     vertex  1.964992e+02  5.923047e+01  5.800000e+01
   endloop
 endfacet
 facet normal  2.244656e-15  1.667686e-14 -1.000000e+00
   outer loop
     vertex  1.941860e+02  5.187265e+01  5.800000e+01
     vertex  1.964992e+02  5.923047e+01  5.800000e+01
     vertex  1.966973e+02  5.877773e+01  5.800000e+01
   endloop
 endfacet
 facet normal -5.532569e-16  1.769445e-14 -1.000000e+00
   outer loop
     vertex  1.941860e+02  5.187265e+01  5.800000e+01
     vertex  1.966973e+02  5.877773e+01  5.800000e+01
     vertex  1.969981e+02  5.838557e+01  5.800000e+01
   endloop
 endfacet
 facet normal -1.698974e-14  2.479126e-14 -1.000000e+00
   outer loop
     vertex  1.941860e+02  5.187265e+01  5.800000e+01
     vertex  1.969981e+02  5.838557e+01  5.800000e+01
     vertex  1.973839e+02  5.807678e+01  5.800000e+01
   endloop
 endfacet
 facet normal  1.878019e-14  6.353496e-15 -1.000000e+00
   outer loop
     vertex  1.941860e+02  5.187265e+01  5.800000e+01
     vertex  1.973839e+02  5.807678e+01  5.800000e+01
     vertex  1.978325e+02  5.786930e+01  5.800000e+01
   endloop
 endfacet
 facet normal  2.057662e-16  1.707303e-14 -1.000000e+00
   outer loop
     vertex  1.094411e+02  9.731862e+01  5.800000e+01
     vertex  1.137269e+02  1.030935e+02  5.800000e+01
     vertex  1.105289e+02  9.688933e+01  5.800000e+01
   endloop
 endfacet
 facet normal -4.257116e-16  1.779227e-14 -1.000000e+00
   outer loop
     vertex  1.094411e+02  9.731862e+01  5.800000e+01
     vertex  1.130403e+02  1.037944e+02  5.800000e+01
     vertex  1.133410e+02  1.034023e+02  5.800000e+01
   endloop
 endfacet
 facet normal -2.904390e-15  1.938124e-14 -1.000000e+00
   outer loop
     vertex  1.094411e+02  9.731862e+01  5.800000e+01
     vertex  1.133410e+02  1.034023e+02  5.800000e+01
     vertex  1.137269e+02  1.030935e+02  5.800000e+01
   endloop
 endfacet
 facet normal -6.445449e-15  2.169287e-14 -1.000000e+00
   outer loop
     vertex  1.951659e+02  5.118117e+01  5.800000e+01
     vertex  1.941860e+02  5.187265e+01  5.800000e+01
     vertex  1.978325e+02  5.786930e+01  5.800000e+01
   endloop
 endfacet
 facet normal  3.443064e-15  1.775033e-14 -1.000000e+00
   outer loop
     vertex  1.951659e+02  5.118117e+01  5.800000e+01
     vertex  1.978325e+02  5.786930e+01  5.800000e+01
     vertex  1.983176e+02  5.777519e+01  5.800000e+01
   endloop
 endfacet
 facet normal  5.421725e-17  1.571816e-14 -1.000000e+00
   outer loop
     vertex  1.082831e+02  9.748209e+01  5.800000e+01
     vertex  1.128421e+02  1.042471e+02  5.800000e+01
     vertex  1.130403e+02  1.037944e+02  5.800000e+01
   endloop
 endfacet
 facet normal -9.080975e-15  2.260282e-14 -1.000000e+00
   outer loop
     vertex  1.082831e+02  9.748209e+01  5.800000e+01
     vertex  1.130403e+02  1.037944e+02  5.800000e+01
     vertex  1.094411e+02  9.731862e+01  5.800000e+01
   endloop
 endfacet
 facet normal  2.756407e-15  1.807853e-14 -1.000000e+00
   outer loop
     vertex  1.959519e+02  5.027527e+01  5.800000e+01
     vertex  1.951659e+02  5.118117e+01  5.800000e+01
     vertex  1.983176e+02  5.777519e+01  5.800000e+01
   endloop
 endfacet
 facet normal -9.647388e-16  1.925230e-14 -1.000000e+00
   outer loop
     vertex  1.959519e+02  5.027527e+01  5.800000e+01
     vertex  1.983176e+02  5.777519e+01  5.800000e+01
     vertex  1.988112e+02  5.779993e+01  5.800000e+01
   endloop
 endfacet
 facet normal -6.401843e-15  2.131836e-14 -1.000000e+00
   outer loop
     vertex  1.959519e+02  5.027527e+01  5.800000e+01
     vertex  1.988112e+02  5.779993e+01  5.800000e+01
     vertex  1.992845e+02  5.794206e+01  5.800000e+01
   endloop
 endfacet
 facet normal -5.641080e-16  1.803563e-14 -1.000000e+00
   outer loop
     vertex  1.071189e+02  9.737071e+01  5.800000e+01
     vertex  1.031544e+02  1.074898e+02  5.800000e+01
     vertex  1.128421e+02  1.042471e+02  5.800000e+01
   endloop
 endfacet
 facet normal  1.143686e-14  8.047224e-15 -1.000000e+00
   outer loop
     vertex  1.071189e+02  9.737071e+01  5.800000e+01
     vertex  1.128421e+02  1.042471e+02  5.800000e+01
     vertex  1.082831e+02  9.748209e+01  5.800000e+01
   endloop
 endfacet
 facet normal  8.143611e-15  1.448554e-14 -1.000000e+00
   outer loop
     vertex  1.964982e+02  4.920760e+01  5.800000e+01
     vertex  1.992845e+02  5.794206e+01  5.800000e+01
     vertex  1.997101e+02  5.819334e+01  5.800000e+01
   endloop
 endfacet
 facet normal  1.255341e-14  1.307882e-14 -1.000000e+00
   outer loop
     vertex  1.964982e+02  4.920760e+01  5.800000e+01
     vertex  1.959519e+02  5.027527e+01  5.800000e+01
     vertex  1.992845e+02  5.794206e+01  5.800000e+01
   endloop
 endfacet
 facet normal  2.382644e-17  1.806018e-14 -1.000000e+00
   outer loop
     vertex  2.044563e+02  4.481044e+01  5.800000e+01
     vertex  1.997101e+02  5.819334e+01  5.800000e+01
     vertex  2.089021e+02  5.857465e+01  5.800000e+01
   endloop
 endfacet
 facet normal -9.203440e-16  1.772533e-14 -1.000000e+00
   outer loop
     vertex  2.044563e+02  4.481044e+01  5.800000e+01
     vertex  1.964982e+02  4.920760e+01  5.800000e+01
     vertex  1.997101e+02  5.819334e+01  5.800000e+01
   endloop
 endfacet
 facet normal  1.327392e-16  1.830864e-14 -1.000000e+00
   outer loop
     vertex  1.060129e+02  9.699064e+01  5.800000e+01
     vertex  1.031544e+02  1.074898e+02  5.800000e+01
     vertex  1.071189e+02  9.737071e+01  5.800000e+01
   endloop
 endfacet
 facet normal -7.186216e-16  1.809042e-14 -1.000000e+00
   outer loop
     vertex  1.967732e+02  4.804020e+01  5.800000e+01
     vertex  1.964982e+02  4.920760e+01  5.800000e+01
     vertex  2.044563e+02  4.481044e+01  5.800000e+01
   endloop
 endfacet
 facet normal -9.908788e-15  1.557475e-14 -1.000000e+00
   outer loop
     vertex  1.050261e+02  9.636287e+01  5.800000e+01
     vertex  1.031544e+02  1.074898e+02  5.800000e+01
     vertex  1.060129e+02  9.699064e+01  5.800000e+01
   endloop
 endfacet
 facet normal -8.478220e-16  1.778307e-14 -1.000000e+00
   outer loop
     vertex  1.967608e+02  4.684092e+01  5.800000e+01
     vertex  1.967732e+02  4.804020e+01  5.800000e+01
     vertex  2.044563e+02  4.481044e+01  5.800000e+01
   endloop
 endfacet
 facet normal -6.530639e-16  1.852120e-14 -1.000000e+00
   outer loop
     vertex  1.964617e+02  4.567947e+01  5.800000e+01
     vertex  1.967608e+02  4.684092e+01  5.800000e+01
     vertex  2.044563e+02  4.481044e+01  5.800000e+01
   endloop
 endfacet
 facet normal -1.137198e-15  1.406741e-14 -1.000000e+00
   outer loop
     vertex  1.958934e+02  4.462333e+01  5.800000e+01
     vertex  1.964617e+02  4.567947e+01  5.800000e+01
     vertex  2.044563e+02  4.481044e+01  5.800000e+01
   endloop
 endfacet
 facet normal -1.558884e-15  3.336465e-14 -1.000000e+00
   outer loop
     vertex  1.950888e+02  4.373388e+01  5.800000e+01
     vertex  1.958934e+02  4.462333e+01  5.800000e+01
     vertex  2.044563e+02  4.481044e+01  5.800000e+01
   endloop
 endfacet
 facet normal  1.122366e-16  1.726047e-14 -1.000000e+00
   outer loop
     vertex  9.554372e+01  9.518956e+01  5.800000e+01
     vertex  1.031544e+02  1.074898e+02  5.800000e+01
     vertex  1.050261e+02  9.636287e+01  5.800000e+01
   endloop
 endfacet
 facet normal  7.063868e-16  1.863017e-14 -1.000000e+00
   outer loop
     vertex  9.554372e+01  9.518956e+01  5.800000e+01
     vertex  1.032043e+02  9.222934e+01  5.800000e+01
     vertex  1.034067e+02  9.107748e+01  5.800000e+01
   endloop
 endfacet
 facet normal  5.508252e-16  1.822760e-14 -1.000000e+00
   outer loop
     vertex  9.554372e+01  9.518956e+01  5.800000e+01
     vertex  1.032764e+02  9.339661e+01  5.800000e+01
     vertex  1.032043e+02  9.222934e+01  5.800000e+01
   endloop
 endfacet
 facet normal -2.056078e-15  6.984410e-15 -1.000000e+00
   outer loop
     vertex  9.554372e+01  9.518956e+01  5.800000e+01
     vertex  1.036190e+02  9.451480e+01  5.800000e+01
     vertex  1.032764e+02  9.339661e+01  5.800000e+01
   endloop
 endfacet
 facet normal -2.687987e-16  2.837405e-14 -1.000000e+00
   outer loop
     vertex  9.554372e+01  9.518956e+01  5.800000e+01
     vertex  1.042132e+02  9.552211e+01  5.800000e+01
     vertex  1.036190e+02  9.451480e+01  5.800000e+01
   endloop
 endfacet
 facet normal  1.778390e-16  1.673029e-14 -1.000000e+00
   outer loop
     vertex  9.554372e+01  9.518956e+01  5.800000e+01
     vertex  1.050261e+02  9.636287e+01  5.800000e+01
     vertex  1.042132e+02  9.552211e+01  5.800000e+01
   endloop
 endfacet
 facet normal -1.004983e-14  1.488685e-14 -1.000000e+00
   outer loop
     vertex  1.968456e+02  3.251017e+01  5.800000e+01
     vertex  1.940948e+02  4.306283e+01  5.800000e+01
     vertex  1.950888e+02  4.373388e+01  5.800000e+01
   endloop
 endfacet
 facet normal -1.106190e-16  1.747775e-14 -1.000000e+00
   outer loop
     vertex  1.968456e+02  3.251017e+01  5.800000e+01
     vertex  1.929691e+02  4.264916e+01  5.800000e+01
     vertex  1.940948e+02  4.306283e+01  5.800000e+01
   endloop
 endfacet
 facet normal  9.571992e-15  2.117981e-14 -1.000000e+00
   outer loop
     vertex  1.968456e+02  3.251017e+01  5.800000e+01
     vertex  1.917770e+02  4.251693e+01  5.800000e+01
     vertex  1.929691e+02  4.264916e+01  5.800000e+01
   endloop
 endfacet
 facet normal  3.771243e-16  1.651891e-14 -1.000000e+00
   outer loop
     vertex  1.968456e+02  3.251017e+01  5.800000e+01
     vertex  1.950888e+02  4.373388e+01  5.800000e+01
     vertex  2.044563e+02  4.481044e+01  5.800000e+01
   endloop
 endfacet
 facet normal  1.920796e-14  7.278273e-15 -1.000000e+00
   outer loop
     vertex  1.021675e+02  8.213070e+01  5.800000e+01
     vertex  1.058140e+02  8.812735e+01  5.800000e+01
     vertex  1.026161e+02  8.192322e+01  5.800000e+01
   endloop
 endfacet
 facet normal  9.046429e-15  1.345736e-14 -1.000000e+00
   outer loop
     vertex  1.021675e+02  8.213070e+01  5.800000e+01
     vertex  1.050046e+02  8.867145e+01  5.800000e+01
     vertex  1.058140e+02  8.812735e+01  5.800000e+01
   endloop
 endfacet
 facet normal  6.416543e-15  1.387166e-14 -1.000000e+00
   outer loop
     vertex  1.858246e+02  3.711402e+01  5.800000e+01
     vertex  1.894711e+02  4.311067e+01  5.800000e+01
     vertex  1.862731e+02  3.690654e+01  5.800000e+01
   endloop
 endfacet
 facet normal -3.303857e-15  1.888208e-14 -1.000000e+00
   outer loop
     vertex  1.030019e+02  8.161443e+01  5.800000e+01
     vertex  1.026161e+02  8.192322e+01  5.800000e+01
     vertex  1.058140e+02  8.812735e+01  5.800000e+01
   endloop
 endfacet
 facet normal -3.303857e-15  1.888208e-14 -1.000000e+00
   outer loop
     vertex  1.866590e+02  3.659775e+01  5.800000e+01
     vertex  1.862731e+02  3.690654e+01  5.800000e+01
     vertex  1.894711e+02  4.311067e+01  5.800000e+01
   endloop
 endfacet
 facet normal  3.986152e-16  1.728346e-14 -1.000000e+00
   outer loop
     vertex  1.866590e+02  3.659775e+01  5.800000e+01
     vertex  1.894711e+02  4.311067e+01  5.800000e+01
     vertex  1.905880e+02  4.267380e+01  5.800000e+01
   endloop
 endfacet
 facet normal  3.109834e-15  1.603240e-14 -1.000000e+00
   outer loop
     vertex  1.016824e+02  8.222481e+01  5.800000e+01
     vertex  1.050046e+02  8.867145e+01  5.800000e+01
     vertex  1.021675e+02  8.213070e+01  5.800000e+01
   endloop
 endfacet
 facet normal -8.735819e-15  2.213701e-14 -1.000000e+00
   outer loop
     vertex  1.016824e+02  8.222481e+01  5.800000e+01
     vertex  1.043170e+02  8.936299e+01  5.800000e+01
     vertex  1.050046e+02  8.867145e+01  5.800000e+01
   endloop
 endfacet
 facet normal  1.618421e-14  7.932078e-15 -1.000000e+00
   outer loop
     vertex  1.853394e+02  3.720813e+01  5.800000e+01
     vertex  1.894711e+02  4.311067e+01  5.800000e+01
     vertex  1.858246e+02  3.711402e+01  5.800000e+01
   endloop
 endfacet
 facet normal -5.532569e-16  1.769445e-14 -1.000000e+00
   outer loop
     vertex  1.033027e+02  8.122227e+01  5.800000e+01
     vertex  1.030019e+02  8.161443e+01  5.800000e+01
     vertex  1.058140e+02  8.812735e+01  5.800000e+01
   endloop
 endfacet
 facet normal -8.968888e-15  2.260727e-14 -1.000000e+00
   outer loop
     vertex  1.869597e+02  3.620559e+01  5.800000e+01
     vertex  1.905880e+02  4.267380e+01  5.800000e+01
     vertex  1.917770e+02  4.251693e+01  5.800000e+01
   endloop
 endfacet
 facet normal -4.085622e-16  1.780542e-14 -1.000000e+00
   outer loop
     vertex  1.869597e+02  3.620559e+01  5.800000e+01
     vertex  1.866590e+02  3.659775e+01  5.800000e+01
     vertex  1.905880e+02  4.267380e+01  5.800000e+01
   endloop
 endfacet
 facet normal -9.655843e-16  1.926918e-14 -1.000000e+00
   outer loop
     vertex  1.011888e+02  8.220007e+01  5.800000e+01
     vertex  1.043170e+02  8.936299e+01  5.800000e+01
     vertex  1.016824e+02  8.222481e+01  5.800000e+01
   endloop
 endfacet
 facet normal  1.231283e-15  1.830977e-14 -1.000000e+00
   outer loop
     vertex  1.011888e+02  8.220007e+01  5.800000e+01
     vertex  1.037774e+02  9.017541e+01  5.800000e+01
     vertex  1.043170e+02  8.936299e+01  5.800000e+01
   endloop
 endfacet
 facet normal -1.591920e-14  3.040370e-14 -1.000000e+00
   outer loop
     vertex  1.848458e+02  3.718339e+01  5.800000e+01
     vertex  1.894711e+02  4.311067e+01  5.800000e+01
     vertex  1.853394e+02  3.720813e+01  5.800000e+01
   endloop
 endfacet
 facet normal  2.244656e-15  1.667686e-14 -1.000000e+00
   outer loop
     vertex  1.035008e+02  8.076953e+01  5.800000e+01
     vertex  1.033027e+02  8.122227e+01  5.800000e+01
     vertex  1.058140e+02  8.812735e+01  5.800000e+01
   endloop
 endfacet
 facet normal  2.521374e-16  1.730329e-14 -1.000000e+00
   outer loop
     vertex  1.035008e+02  8.076953e+01  5.800000e+01
     vertex  1.058140e+02  8.812735e+01  5.800000e+01
     vertex  1.175794e+02  8.179631e+01  5.800000e+01
   endloop
 endfacet
 facet normal -4.829718e-16  1.608681e-14 -1.000000e+00
   outer loop
     vertex  1.871579e+02  3.575285e+01  5.800000e+01
     vertex  1.917770e+02  4.251693e+01  5.800000e+01
     vertex  1.968456e+02  3.251017e+01  5.800000e+01
   endloop
 endfacet
 facet normal  5.583016e-17  1.571886e-14 -1.000000e+00
   outer loop
     vertex  1.871579e+02  3.575285e+01  5.800000e+01
     vertex  1.869597e+02  3.620559e+01  5.800000e+01
     vertex  1.917770e+02  4.251693e+01  5.800000e+01
   endloop
 endfacet
 facet normal  2.340451e-17  1.732419e-14 -1.000000e+00
   outer loop
     vertex  1.007155e+02  8.205794e+01  5.800000e+01
     vertex  9.554372e+01  9.518956e+01  5.800000e+01
     vertex  1.034067e+02  9.107748e+01  5.800000e+01
   endloop
 endfacet
 facet normal -2.285825e-14  2.612859e-14 -1.000000e+00
   outer loop
     vertex  1.007155e+02  8.205794e+01  5.800000e+01
     vertex  1.037774e+02  9.017541e+01  5.800000e+01
     vertex  1.011888e+02  8.220007e+01  5.800000e+01
   endloop
 endfacet
 facet normal  2.224121e-15  1.666756e-14 -1.000000e+00
   outer loop
     vertex  1.007155e+02  8.205794e+01  5.800000e+01
     vertex  1.034067e+02  9.107748e+01  5.800000e+01
     vertex  1.037774e+02  9.017541e+01  5.800000e+01
   endloop
 endfacet
 facet normal  2.689288e-16  1.733449e-14 -1.000000e+00
   outer loop
     vertex  1.843725e+02  3.704126e+01  5.800000e+01
     vertex  1.777057e+02  4.944172e+01  5.800000e+01
     vertex  1.894711e+02  4.311067e+01  5.800000e+01
   endloop
 endfacet
 facet normal -7.052380e-15  2.348467e-14 -1.000000e+00
   outer loop
     vertex  1.843725e+02  3.704126e+01  5.800000e+01
     vertex  1.894711e+02  4.311067e+01  5.800000e+01
     vertex  1.848458e+02  3.718339e+01  5.800000e+01
   endloop
 endfacet
 facet normal  4.444161e-16  1.466687e-14 -1.000000e+00
   outer loop
     vertex  1.035849e+02  8.028253e+01  5.800000e+01
     vertex  1.035008e+02  8.076953e+01  5.800000e+01
     vertex  1.175794e+02  8.179631e+01  5.800000e+01
   endloop
 endfacet
 facet normal -1.493118e-17  1.891343e-14 -1.000000e+00
   outer loop
     vertex  1.035849e+02  8.028253e+01  5.800000e+01
     vertex  1.175794e+02  8.179631e+01  5.800000e+01
     vertex  1.158158e+02  7.465696e+01  5.800000e+01
   endloop
 endfacet
 facet normal -1.044250e-15  1.440995e-14 -1.000000e+00
   outer loop
     vertex  1.872419e+02  3.526585e+01  5.800000e+01
     vertex  1.871579e+02  3.575285e+01  5.800000e+01
     vertex  1.968456e+02  3.251017e+01  5.800000e+01
   endloop
 endfacet
 facet normal  1.879829e-14  2.471851e-14 -1.000000e+00
   outer loop
     vertex  1.002899e+02  8.180666e+01  5.800000e+01
     vertex  9.554372e+01  9.518956e+01  5.800000e+01
     vertex  1.007155e+02  8.205794e+01  5.800000e+01
   endloop
 endfacet
 facet normal  1.234031e-15  1.858049e-14 -1.000000e+00
   outer loop
     vertex  1.839470e+02  3.678998e+01  5.800000e+01
     vertex  1.727191e+02  4.403671e+01  5.800000e+01
     vertex  1.777057e+02  4.944172e+01  5.800000e+01
   endloop
 endfacet
 facet normal  1.764291e-14  2.667517e-14 -1.000000e+00
   outer loop
     vertex  1.839470e+02  3.678998e+01  5.800000e+01
     vertex  1.777057e+02  4.944172e+01  5.800000e+01
     vertex  1.843725e+02  3.704126e+01  5.800000e+01
   endloop
 endfacet
 facet normal -2.018760e-15  1.455679e-14 -1.000000e+00
   outer loop
     vertex  1.035499e+02  7.978957e+01  5.800000e+01
     vertex  1.035849e+02  8.028253e+01  5.800000e+01
     vertex  1.158158e+02  7.465696e+01  5.800000e+01
   endloop
 endfacet
 facet normal  7.084461e-15  4.273894e-14 -1.000000e+00
   outer loop
     vertex  1.872070e+02  3.477289e+01  5.800000e+01
     vertex  1.872419e+02  3.526585e+01  5.800000e+01
     vertex  1.968456e+02  3.251017e+01  5.800000e+01
   endloop
 endfacet
 facet normal  1.508863e-15  1.900631e-14 -1.000000e+00
   outer loop
     vertex  1.835939e+02  3.644416e+01  5.800000e+01
     vertex  1.727191e+02  4.403671e+01  5.800000e+01
     vertex  1.839470e+02  3.678998e+01  5.800000e+01
   endloop
 endfacet
 facet normal  9.564304e-15  4.223780e-14 -1.000000e+00
   outer loop
     vertex  1.033980e+02  7.931929e+01  5.800000e+01
     vertex  1.035499e+02  7.978957e+01  5.800000e+01
     vertex  1.158158e+02  7.465696e+01  5.800000e+01
   endloop
 endfacet
 facet normal  5.560373e-16  1.492943e-14 -1.000000e+00
   outer loop
     vertex  1.870551e+02  3.430261e+01  5.800000e+01
     vertex  1.872070e+02  3.477289e+01  5.800000e+01
     vertex  1.968456e+02  3.251017e+01  5.800000e+01
   endloop
 endfacet
 facet normal  3.026756e-17  1.688851e-14 -1.000000e+00
   outer loop
     vertex  1.833339e+02  3.602390e+01  5.800000e+01
     vertex  1.727191e+02  4.403671e+01  5.800000e+01
     vertex  1.835939e+02  3.644416e+01  5.800000e+01
   endloop
 endfacet
 facet normal  4.361381e-17  1.688025e-14 -1.000000e+00
   outer loop
     vertex  1.031380e+02  7.889903e+01  5.800000e+01
     vertex  1.033980e+02  7.931929e+01  5.800000e+01
     vertex  1.158158e+02  7.465696e+01  5.800000e+01
   endloop
 endfacet
 facet normal  8.247115e-16  1.639696e-14 -1.000000e+00
   outer loop
     vertex  1.867950e+02  3.388235e+01  5.800000e+01
     vertex  1.870551e+02  3.430261e+01  5.800000e+01
     vertex  1.968456e+02  3.251017e+01  5.800000e+01
   endloop
 endfacet
 facet normal -1.022523e-14  3.302763e-15 -1.000000e+00
   outer loop
     vertex  1.831820e+02  3.555362e+01  5.800000e+01
     vertex  1.727191e+02  4.403671e+01  5.800000e+01
     vertex  1.833339e+02  3.602390e+01  5.800000e+01
   endloop
 endfacet
 facet normal -9.302095e-15 -1.105011e-14 -1.000000e+00
   outer loop
     vertex  1.027850e+02  7.855321e+01  5.800000e+01
     vertex  1.031380e+02  7.889903e+01  5.800000e+01
     vertex  1.158158e+02  7.465696e+01  5.800000e+01
   endloop
 endfacet
 facet normal  1.221074e-15  1.930011e-14 -1.000000e+00
   outer loop
     vertex  1.864420e+02  3.353654e+01  5.800000e+01
     vertex  1.867950e+02  3.388235e+01  5.800000e+01
     vertex  1.968456e+02  3.251017e+01  5.800000e+01
   endloop
 endfacet
 facet normal -1.150606e-15  1.449525e-14 -1.000000e+00
   outer loop
     vertex  1.831470e+02  3.506066e+01  5.800000e+01
     vertex  1.727191e+02  4.403671e+01  5.800000e+01
     vertex  1.831820e+02  3.555362e+01  5.800000e+01
   endloop
 endfacet
 facet normal  9.752618e-16  1.612128e-14 -1.000000e+00
   outer loop
     vertex  9.109787e+01  8.142535e+01  5.800000e+01
     vertex  9.957407e+01  7.959034e+01  5.800000e+01
     vertex  9.977222e+01  7.913760e+01  5.800000e+01
   endloop
 endfacet
 facet normal  1.882895e-15  1.956271e-14 -1.000000e+00
   outer loop
     vertex  9.109787e+01  8.142535e+01  5.800000e+01
     vertex  9.977222e+01  7.913760e+01  5.800000e+01
     vertex  1.000730e+02  7.874544e+01  5.800000e+01
   endloop
 endfacet
 facet normal  2.382644e-17  1.806018e-14 -1.000000e+00
   outer loop
     vertex  9.109787e+01  8.142535e+01  5.800000e+01
     vertex  9.554372e+01  9.518956e+01  5.800000e+01
     vertex  1.002899e+02  8.180666e+01  5.800000e+01
   endloop
 endfacet
 facet normal  1.697184e-15 -2.227939e-14 -1.000000e+00
   outer loop
     vertex  9.109787e+01  8.142535e+01  5.800000e+01
     vertex  1.002899e+02  8.180666e+01  5.800000e+01
     vertex  9.993689e+01  8.146084e+01  5.800000e+01
   endloop
 endfacet
 facet normal  1.407607e-15  4.985077e-14 -1.000000e+00
   outer loop
     vertex  9.109787e+01  8.142535e+01  5.800000e+01
     vertex  9.993689e+01  8.146084e+01  5.800000e+01
     vertex  9.967686e+01  8.104058e+01  5.800000e+01
   endloop
 endfacet
 facet normal -1.484346e-16  1.515697e-14 -1.000000e+00
   outer loop
     vertex  9.109787e+01  8.142535e+01  5.800000e+01
     vertex  9.967686e+01  8.104058e+01  5.800000e+01
     vertex  9.952496e+01  8.057030e+01  5.800000e+01
   endloop
 endfacet
 facet normal -1.674288e-15  1.186742e-16 -1.000000e+00
   outer loop
     vertex  9.109787e+01  8.142535e+01  5.800000e+01
     vertex  9.952496e+01  8.057030e+01  5.800000e+01
     vertex  9.949002e+01  8.007734e+01  5.800000e+01
   endloop
 endfacet
 facet normal  6.687788e-16  1.470559e-14 -1.000000e+00
   outer loop
     vertex  9.109787e+01  8.142535e+01  5.800000e+01
     vertex  9.949002e+01  8.007734e+01  5.800000e+01
     vertex  9.957407e+01  7.959034e+01  5.800000e+01
   endloop
 endfacet
 facet normal -1.362146e-15  1.550461e-14 -1.000000e+00
   outer loop
     vertex  1.156053e+02  6.730602e+01  5.800000e+01
     vertex  1.027850e+02  7.855321e+01  5.800000e+01
     vertex  1.158158e+02  7.465696e+01  5.800000e+01
   endloop
 endfacet
 facet normal -3.704996e-15  1.233777e-14 -1.000000e+00
   outer loop
     vertex  1.156053e+02  6.730602e+01  5.800000e+01
     vertex  1.018861e+02  7.815980e+01  5.800000e+01
     vertex  1.023594e+02  7.830194e+01  5.800000e+01
   endloop
 endfacet
 facet normal  3.959807e-15  2.157097e-14 -1.000000e+00
   outer loop
     vertex  1.156053e+02  6.730602e+01  5.800000e+01
     vertex  1.023594e+02  7.830194e+01  5.800000e+01
     vertex  1.027850e+02  7.855321e+01  5.800000e+01
   endloop
 endfacet
 facet normal -2.696399e-16  1.551872e-14 -1.000000e+00
   outer loop
     vertex  1.667002e+02  3.981137e+01  5.800000e+01
     vertex  1.727191e+02  4.403671e+01  5.800000e+01
     vertex  1.831470e+02  3.506066e+01  5.800000e+01
   endloop
 endfacet
 facet normal -5.660721e-16  1.449248e-14 -1.000000e+00
   outer loop
     vertex  1.667002e+02  3.981137e+01  5.800000e+01
     vertex  1.831470e+02  3.506066e+01  5.800000e+01
     vertex  1.832311e+02  3.457366e+01  5.800000e+01
   endloop
 endfacet
 facet normal -4.819565e-15  1.698812e-14 -1.000000e+00
   outer loop
     vertex  1.865125e+02  2.238866e+01  5.800000e+01
     vertex  1.837300e+02  3.372876e+01  5.800000e+01
     vertex  1.841158e+02  3.341997e+01  5.800000e+01
   endloop
 endfacet
 facet normal -2.594775e-14  1.239788e-14 -1.000000e+00
   outer loop
     vertex  1.865125e+02  2.238866e+01  5.800000e+01
     vertex  1.841158e+02  3.341997e+01  5.800000e+01
     vertex  1.845644e+02  3.321249e+01  5.800000e+01
   endloop
 endfacet
 facet normal  3.430472e-15  1.768542e-14 -1.000000e+00
   outer loop
     vertex  1.865125e+02  2.238866e+01  5.800000e+01
     vertex  1.845644e+02  3.321249e+01  5.800000e+01
     vertex  1.850495e+02  3.311839e+01  5.800000e+01
   endloop
 endfacet
 facet normal -8.569292e-16  1.710086e-14 -1.000000e+00
   outer loop
     vertex  1.865125e+02  2.238866e+01  5.800000e+01
     vertex  1.850495e+02  3.311839e+01  5.800000e+01
     vertex  1.855431e+02  3.314312e+01  5.800000e+01
   endloop
 endfacet
 facet normal  2.420999e-14  1.936026e-14 -1.000000e+00
   outer loop
     vertex  1.865125e+02  2.238866e+01  5.800000e+01
     vertex  1.855431e+02  3.314312e+01  5.800000e+01
     vertex  1.860164e+02  3.328526e+01  5.800000e+01
   endloop
 endfacet
 facet normal -2.675887e-14  1.704007e-14 -1.000000e+00
   outer loop
     vertex  1.865125e+02  2.238866e+01  5.800000e+01
     vertex  1.860164e+02  3.328526e+01  5.800000e+01
     vertex  1.864420e+02  3.353654e+01  5.800000e+01
   endloop
 endfacet
 facet normal  1.015433e-15  1.721567e-14 -1.000000e+00
   outer loop
     vertex  1.865125e+02  2.238866e+01  5.800000e+01
     vertex  1.864420e+02  3.353654e+01  5.800000e+01
     vertex  1.968456e+02  3.251017e+01  5.800000e+01
   endloop
 endfacet
 facet normal -2.604595e-15  1.975585e-14 -1.000000e+00
   outer loop
     vertex  9.007519e+01  6.699715e+01  5.800000e+01
     vertex  1.000730e+02  7.874544e+01  5.800000e+01
     vertex  1.004588e+02  7.843665e+01  5.800000e+01
   endloop
 endfacet
 facet normal  5.665853e-15  1.224878e-14 -1.000000e+00
   outer loop
     vertex  9.007519e+01  6.699715e+01  5.800000e+01
     vertex  1.004588e+02  7.843665e+01  5.800000e+01
     vertex  1.009073e+02  7.822917e+01  5.800000e+01
   endloop
 endfacet
 facet normal -2.178093e-14  3.871844e-14 -1.000000e+00
   outer loop
     vertex  9.007519e+01  6.699715e+01  5.800000e+01
     vertex  1.009073e+02  7.822917e+01  5.800000e+01
     vertex  1.013925e+02  7.813507e+01  5.800000e+01
   endloop
 endfacet
 facet normal  1.019639e-15  1.667164e-14 -1.000000e+00
   outer loop
     vertex  9.007519e+01  6.699715e+01  5.800000e+01
     vertex  9.109787e+01  8.142535e+01  5.800000e+01
     vertex  1.000730e+02  7.874544e+01  5.800000e+01
   endloop
 endfacet
 facet normal  2.922169e-16  1.739027e-14 -1.000000e+00
   outer loop
     vertex  1.032024e+02  5.770837e+01  5.800000e+01
     vertex  1.018861e+02  7.815980e+01  5.800000e+01
     vertex  1.156053e+02  6.730602e+01  5.800000e+01
   endloop
 endfacet
 facet normal -1.468536e-14  3.674558e-14 -1.000000e+00
   outer loop
     vertex  1.032024e+02  5.770837e+01  5.800000e+01
     vertex  1.156053e+02  6.730602e+01  5.800000e+01
     vertex  1.036510e+02  5.750089e+01  5.800000e+01
   endloop
 endfacet
 facet normal -2.248481e-14  1.988427e-14 -1.000000e+00
   outer loop
     vertex  1.648725e+02  2.452309e+01  5.800000e+01
     vertex  1.667002e+02  3.981137e+01  5.800000e+01
     vertex  1.653210e+02  2.431561e+01  5.800000e+01
   endloop
 endfacet
 facet normal  1.695258e-14 -1.827253e-15 -1.000000e+00
   outer loop
     vertex  1.040368e+02  5.719210e+01  5.800000e+01
     vertex  1.036510e+02  5.750089e+01  5.800000e+01
     vertex  1.156053e+02  6.730602e+01  5.800000e+01
   endloop
 endfacet
 facet normal -9.765985e-17  1.767518e-14 -1.000000e+00
   outer loop
     vertex  1.040368e+02  5.719210e+01  5.800000e+01
     vertex  1.156053e+02  6.730602e+01  5.800000e+01
     vertex  1.169577e+02  6.007749e+01  5.800000e+01
   endloop
 endfacet
 facet normal  2.500812e-16  1.706836e-14 -1.000000e+00
   outer loop
     vertex  1.657069e+02  2.400682e+01  5.800000e+01
     vertex  1.667002e+02  3.981137e+01  5.800000e+01
     vertex  1.832311e+02  3.457366e+01  5.800000e+01
   endloop
 endfacet
 facet normal  3.055040e-14  1.516398e-14 -1.000000e+00
   outer loop
     vertex  1.657069e+02  2.400682e+01  5.800000e+01
     vertex  1.653210e+02  2.431561e+01  5.800000e+01
     vertex  1.667002e+02  3.981137e+01  5.800000e+01
   endloop
 endfacet
 facet normal  8.533353e-16  1.606791e-14 -1.000000e+00
   outer loop
     vertex  1.657069e+02  2.400682e+01  5.800000e+01
     vertex  1.832311e+02  3.457366e+01  5.800000e+01
     vertex  1.834292e+02  3.412092e+01  5.800000e+01
   endloop
 endfacet
 facet normal  2.785981e-14  1.858927e-14 -1.000000e+00
   outer loop
     vertex  1.027173e+02  5.780247e+01  5.800000e+01
     vertex  1.013925e+02  7.813507e+01  5.800000e+01
     vertex  1.018861e+02  7.815980e+01  5.800000e+01
   endloop
 endfacet
 facet normal  3.412175e-15  1.759109e-14 -1.000000e+00
   outer loop
     vertex  1.027173e+02  5.780247e+01  5.800000e+01
     vertex  1.018861e+02  7.815980e+01  5.800000e+01
     vertex  1.032024e+02  5.770837e+01  5.800000e+01
   endloop
 endfacet
 facet normal  5.700673e-17  1.729405e-14 -1.000000e+00
   outer loop
     vertex  1.643873e+02  2.461719e+01  5.800000e+01
     vertex  1.599225e+02  3.695770e+01  5.800000e+01
     vertex  1.667002e+02  3.981137e+01  5.800000e+01
   endloop
 endfacet
 facet normal  3.259986e-15  1.680650e-14 -1.000000e+00
   outer loop
     vertex  1.643873e+02  2.461719e+01  5.800000e+01
     vertex  1.667002e+02  3.981137e+01  5.800000e+01
     vertex  1.648725e+02  2.452309e+01  5.800000e+01
   endloop
 endfacet
 facet normal -1.679507e-16  1.798994e-14 -1.000000e+00
   outer loop
     vertex  1.043376e+02  5.679994e+01  5.800000e+01
     vertex  1.040368e+02  5.719210e+01  5.800000e+01
     vertex  1.169577e+02  6.007749e+01  5.800000e+01
   endloop
 endfacet
 facet normal -2.205432e-16  1.794961e-14 -1.000000e+00
   outer loop
     vertex  1.660076e+02  2.361466e+01  5.800000e+01
     vertex  1.834292e+02  3.412092e+01  5.800000e+01
     vertex  1.837300e+02  3.372876e+01  5.800000e+01
   endloop
 endfacet
 facet normal -2.205432e-16  1.794961e-14 -1.000000e+00
   outer loop
     vertex  1.660076e+02  2.361466e+01  5.800000e+01
     vertex  1.657069e+02  2.400682e+01  5.800000e+01
     vertex  1.834292e+02  3.412092e+01  5.800000e+01
   endloop
 endfacet
 facet normal -1.580167e-16  1.674725e-14 -1.000000e+00
   outer loop
     vertex  1.022237e+02  5.777774e+01  5.800000e+01
     vertex  9.007519e+01  6.699715e+01  5.800000e+01
     vertex  1.013925e+02  7.813507e+01  5.800000e+01
   endloop
 endfacet
 facet normal -8.378189e-16  1.671949e-14 -1.000000e+00
   outer loop
     vertex  1.022237e+02  5.777774e+01  5.800000e+01
     vertex  1.013925e+02  7.813507e+01  5.800000e+01
     vertex  1.027173e+02  5.780247e+01  5.800000e+01
   endloop
 endfacet
 facet normal -8.501634e-16  1.696584e-14 -1.000000e+00
   outer loop
     vertex  1.638938e+02  2.459246e+01  5.800000e+01
     vertex  1.599225e+02  3.695770e+01  5.800000e+01
     vertex  1.643873e+02  2.461719e+01  5.800000e+01
   endloop
 endfacet
 facet normal  3.845064e-16  1.586272e-14 -1.000000e+00
   outer loop
     vertex  1.045357e+02  5.634720e+01  5.800000e+01
     vertex  1.043376e+02  5.679994e+01  5.800000e+01
     vertex  1.169577e+02  6.007749e+01  5.800000e+01
   endloop
 endfacet
 facet normal -3.611689e-16  1.808207e-14 -1.000000e+00
   outer loop
     vertex  1.662058e+02  2.316192e+01  5.800000e+01
     vertex  1.837300e+02  3.372876e+01  5.800000e+01
     vertex  1.865125e+02  2.238866e+01  5.800000e+01
   endloop
 endfacet
 facet normal  8.533353e-16  1.606791e-14 -1.000000e+00
   outer loop
     vertex  1.662058e+02  2.316192e+01  5.800000e+01
     vertex  1.660076e+02  2.361466e+01  5.800000e+01
     vertex  1.837300e+02  3.372876e+01  5.800000e+01
   endloop
 endfacet
 facet normal -3.648108e-15  1.214833e-14 -1.000000e+00
   outer loop
     vertex  1.017504e+02  5.763560e+01  5.800000e+01
     vertex  9.007519e+01  6.699715e+01  5.800000e+01
     vertex  1.022237e+02  5.777774e+01  5.800000e+01
   endloop
 endfacet
 facet normal -4.721432e-15  1.572253e-14 -1.000000e+00
   outer loop
     vertex  1.634204e+02  2.445032e+01  5.800000e+01
     vertex  1.599225e+02  3.695770e+01  5.800000e+01
     vertex  1.638938e+02  2.459246e+01  5.800000e+01
   endloop
 endfacet
 facet normal -7.602136e-15  4.245851e-14 -1.000000e+00
   outer loop
     vertex  1.046198e+02  5.586020e+01  5.800000e+01
     vertex  1.045357e+02  5.634720e+01  5.800000e+01
     vertex  1.169577e+02  6.007749e+01  5.800000e+01
   endloop
 endfacet
 facet normal  3.937532e-15  2.160869e-14 -1.000000e+00
   outer loop
     vertex  1.013248e+02  5.738432e+01  5.800000e+01
     vertex  9.007519e+01  6.699715e+01  5.800000e+01
     vertex  1.017504e+02  5.763560e+01  5.800000e+01
   endloop
 endfacet
 facet normal  1.612321e-15  1.765248e-14 -1.000000e+00
   outer loop
     vertex  1.629949e+02  2.419904e+01  5.800000e+01
     vertex  1.526940e+02  3.560534e+01  5.800000e+01
     vertex  1.599225e+02  3.695770e+01  5.800000e+01
   endloop
 endfacet
 facet normal  5.693311e-15  1.863522e-14 -1.000000e+00
   outer loop
     vertex  1.629949e+02  2.419904e+01  5.800000e+01
     vertex  1.599225e+02  3.695770e+01  5.800000e+01
     vertex  1.634204e+02  2.445032e+01  5.800000e+01
   endloop
 endfacet
 facet normal  9.307745e-16  1.716557e-14 -1.000000e+00
   outer loop
     vertex  1.045848e+02  5.536724e+01  5.800000e+01
     vertex  1.169577e+02  6.007749e+01  5.800000e+01
     vertex  1.198114e+02  5.329980e+01  5.800000e+01
   endloop
 endfacet
 facet normal  2.033255e-15  1.426958e-14 -1.000000e+00
   outer loop
     vertex  1.045848e+02  5.536724e+01  5.800000e+01
     vertex  1.046198e+02  5.586020e+01  5.800000e+01
     vertex  1.169577e+02  6.007749e+01  5.800000e+01
   endloop
 endfacet
 facet normal  1.618310e-15  1.889457e-14 -1.000000e+00
   outer loop
     vertex  1.009718e+02  5.703851e+01  5.800000e+01
     vertex  9.007519e+01  6.699715e+01  5.800000e+01
     vertex  1.013248e+02  5.738432e+01  5.800000e+01
   endloop
 endfacet
 facet normal  2.261074e-15  1.823837e-14 -1.000000e+00
   outer loop
     vertex  1.626418e+02  2.385323e+01  5.800000e+01
     vertex  1.526940e+02  3.560534e+01  5.800000e+01
     vertex  1.629949e+02  2.419904e+01  5.800000e+01
   endloop
 endfacet
 facet normal -1.341124e-15  4.331846e-16 -1.000000e+00
   outer loop
     vertex  1.044329e+02  5.489696e+01  5.800000e+01
     vertex  1.045848e+02  5.536724e+01  5.800000e+01
     vertex  1.198114e+02  5.329980e+01  5.800000e+01
   endloop
 endfacet
 facet normal -1.264538e-16  1.698548e-14 -1.000000e+00
   outer loop
     vertex  1.007117e+02  5.661825e+01  5.800000e+01
     vertex  9.007519e+01  6.699715e+01  5.800000e+01
     vertex  1.009718e+02  5.703851e+01  5.800000e+01
   endloop
 endfacet
 facet normal  3.977671e-16  1.666112e-14 -1.000000e+00
   outer loop
     vertex  1.623818e+02  2.343297e+01  5.800000e+01
     vertex  1.526940e+02  3.560534e+01  5.800000e+01
     vertex  1.626418e+02  2.385323e+01  5.800000e+01
   endloop
 endfacet
 facet normal  3.474937e-16  1.669223e-14 -1.000000e+00
   outer loop
     vertex  1.041729e+02  5.447670e+01  5.800000e+01
     vertex  1.044329e+02  5.489696e+01  5.800000e+01
     vertex  1.198114e+02  5.329980e+01  5.800000e+01
   endloop
 endfacet
 facet normal -1.104239e-15  1.546570e-14 -1.000000e+00
   outer loop
     vertex  1.622299e+02  2.296269e+01  5.800000e+01
     vertex  1.526940e+02  3.560534e+01  5.800000e+01
     vertex  1.623818e+02  2.343297e+01  5.800000e+01
   endloop
 endfacet
 facet normal -5.354305e-15  9.067711e-15 -1.000000e+00
   outer loop
     vertex  1.740573e+02  1.503415e+01  5.800000e+01
     vertex  1.650644e+02  2.069432e+01  5.800000e+01
     vertex  1.654899e+02  2.094560e+01  5.800000e+01
   endloop
 endfacet
 facet normal  1.505556e-15  1.900968e-14 -1.000000e+00
   outer loop
     vertex  1.740573e+02  1.503415e+01  5.800000e+01
     vertex  1.654899e+02  2.094560e+01  5.800000e+01
     vertex  1.658430e+02  2.129142e+01  5.800000e+01
   endloop
 endfacet
 facet normal -6.522621e-17  1.694760e-14 -1.000000e+00
   outer loop
     vertex  1.740573e+02  1.503415e+01  5.800000e+01
     vertex  1.658430e+02  2.129142e+01  5.800000e+01
     vertex  1.661030e+02  2.171168e+01  5.800000e+01
   endloop
 endfacet
 facet normal -1.265519e-15  1.551779e-14 -1.000000e+00
   outer loop
     vertex  1.740573e+02  1.503415e+01  5.800000e+01
     vertex  1.661030e+02  2.171168e+01  5.800000e+01
     vertex  1.662549e+02  2.218196e+01  5.800000e+01
   endloop
 endfacet
 facet normal -1.453735e-14  1.030413e-15 -1.000000e+00
   outer loop
     vertex  1.740573e+02  1.503415e+01  5.800000e+01
     vertex  1.662549e+02  2.218196e+01  5.800000e+01
     vertex  1.662898e+02  2.267492e+01  5.800000e+01
   endloop
 endfacet
 facet normal  3.312959e-14  4.948809e-14 -1.000000e+00
   outer loop
     vertex  1.740573e+02  1.503415e+01  5.800000e+01
     vertex  1.662898e+02  2.267492e+01  5.800000e+01
     vertex  1.662058e+02  2.316192e+01  5.800000e+01
   endloop
 endfacet
 facet normal -3.985924e-16  1.709928e-14 -1.000000e+00
   outer loop
     vertex  1.740573e+02  1.503415e+01  5.800000e+01
     vertex  1.662058e+02  2.316192e+01  5.800000e+01
     vertex  1.865125e+02  2.238866e+01  5.800000e+01
   endloop
 endfacet
 facet normal  9.748829e-16  1.811416e-14 -1.000000e+00
   outer loop
     vertex  9.253513e+01  5.274346e+01  5.800000e+01
     vertex  9.007519e+01  6.699715e+01  5.800000e+01
     vertex  1.007117e+02  5.661825e+01  5.800000e+01
   endloop
 endfacet
 facet normal  2.832538e-15  1.419411e-14 -1.000000e+00
   outer loop
     vertex  9.253513e+01  5.274346e+01  5.800000e+01
     vertex  1.007117e+02  5.661825e+01  5.800000e+01
     vertex  1.005598e+02  5.614797e+01  5.800000e+01
   endloop
 endfacet
 facet normal  2.824311e-15  1.421351e-14 -1.000000e+00
   outer loop
     vertex  9.253513e+01  5.274346e+01  5.800000e+01
     vertex  1.005598e+02  5.614797e+01  5.800000e+01
     vertex  1.005249e+02  5.565501e+01  5.800000e+01
   endloop
 endfacet
 facet normal  2.528060e-15  1.502647e-14 -1.000000e+00
   outer loop
     vertex  9.253513e+01  5.274346e+01  5.800000e+01
     vertex  1.005249e+02  5.565501e+01  5.800000e+01
     vertex  1.006089e+02  5.516800e+01  5.800000e+01
   endloop
 endfacet
 facet normal -6.273908e-15  4.433733e-14 -1.000000e+00
   outer loop
     vertex  9.253513e+01  5.274346e+01  5.800000e+01
     vertex  1.006089e+02  5.516800e+01  5.800000e+01
     vertex  1.008071e+02  5.471527e+01  5.800000e+01
   endloop
 endfacet
 facet normal  7.282598e-15 -1.253382e-14 -1.000000e+00
   outer loop
     vertex  9.253513e+01  5.274346e+01  5.800000e+01
     vertex  1.008071e+02  5.471527e+01  5.800000e+01
     vertex  1.011078e+02  5.432311e+01  5.800000e+01
   endloop
 endfacet
 facet normal  5.958479e-16  2.375498e-14 -1.000000e+00
   outer loop
     vertex  9.253513e+01  5.274346e+01  5.800000e+01
     vertex  1.011078e+02  5.432311e+01  5.800000e+01
     vertex  1.014937e+02  5.401432e+01  5.800000e+01
   endloop
 endfacet
 facet normal  1.781770e-14  4.272738e-15 -1.000000e+00
   outer loop
     vertex  1.157934e+02  3.675629e+01  5.800000e+01
     vertex  1.240367e+02  4.728090e+01  5.800000e+01
     vertex  1.162419e+02  3.654881e+01  5.800000e+01
   endloop
 endfacet
 facet normal -6.626259e-15  1.992159e-14 -1.000000e+00
   outer loop
     vertex  1.404502e+02  2.348821e+01  5.800000e+01
     vertex  1.453430e+02  3.581575e+01  5.800000e+01
     vertex  1.408987e+02  2.328073e+01  5.800000e+01
   endloop
 endfacet
 facet normal -2.933676e-15  1.934465e-14 -1.000000e+00
   outer loop
     vertex  1.166277e+02  3.624002e+01  5.800000e+01
     vertex  1.162419e+02  3.654881e+01  5.800000e+01
     vertex  1.240367e+02  4.728090e+01  5.800000e+01
   endloop
 endfacet
 facet normal -1.773486e-14  2.386018e-14 -1.000000e+00
   outer loop
     vertex  1.412846e+02  2.297194e+01  5.800000e+01
     vertex  1.408987e+02  2.328073e+01  5.800000e+01
     vertex  1.453430e+02  3.581575e+01  5.800000e+01
   endloop
 endfacet
 facet normal  3.069454e-15  1.582423e-14 -1.000000e+00
   outer loop
     vertex  1.153082e+02  3.685039e+01  5.800000e+01
     vertex  1.240367e+02  4.728090e+01  5.800000e+01
     vertex  1.157934e+02  3.675629e+01  5.800000e+01
   endloop
 endfacet
 facet normal  4.451591e-16  1.802031e-14 -1.000000e+00
   outer loop
     vertex  1.153082e+02  3.685039e+01  5.800000e+01
     vertex  1.198114e+02  5.329980e+01  5.800000e+01
     vertex  1.240367e+02  4.728090e+01  5.800000e+01
   endloop
 endfacet
 facet normal  2.916919e-16  1.729637e-14 -1.000000e+00
   outer loop
     vertex  1.399650e+02  2.358232e+01  5.800000e+01
     vertex  1.382037e+02  3.757937e+01  5.800000e+01
     vertex  1.453430e+02  3.581575e+01  5.800000e+01
   endloop
 endfacet
 facet normal  3.114314e-15  1.605550e-14 -1.000000e+00
   outer loop
     vertex  1.399650e+02  2.358232e+01  5.800000e+01
     vertex  1.453430e+02  3.581575e+01  5.800000e+01
     vertex  1.404502e+02  2.348821e+01  5.800000e+01
   endloop
 endfacet
 facet normal  1.774825e-16  1.729114e-14 -1.000000e+00
   outer loop
     vertex  1.169285e+02  3.584786e+01  5.800000e+01
     vertex  1.240367e+02  4.728090e+01  5.800000e+01
     vertex  1.294417e+02  4.229428e+01  5.800000e+01
   endloop
 endfacet
 facet normal -5.165256e-16  1.772262e-14 -1.000000e+00
   outer loop
     vertex  1.169285e+02  3.584786e+01  5.800000e+01
     vertex  1.166277e+02  3.624002e+01  5.800000e+01
     vertex  1.240367e+02  4.728090e+01  5.800000e+01
   endloop
 endfacet
 facet normal -1.399386e-15  1.864941e-14 -1.000000e+00
   outer loop
     vertex  1.415853e+02  2.257978e+01  5.800000e+01
     vertex  1.453430e+02  3.581575e+01  5.800000e+01
     vertex  1.526940e+02  3.560534e+01  5.800000e+01
   endloop
 endfacet
 facet normal  1.269331e-16  1.821608e-14 -1.000000e+00
   outer loop
     vertex  1.415853e+02  2.257978e+01  5.800000e+01
     vertex  1.412846e+02  2.297194e+01  5.800000e+01
     vertex  1.453430e+02  3.581575e+01  5.800000e+01
   endloop
 endfacet
 facet normal -9.217546e-16  1.839451e-14 -1.000000e+00
   outer loop
     vertex  1.148146e+02  3.682566e+01  5.800000e+01
     vertex  1.198114e+02  5.329980e+01  5.800000e+01
     vertex  1.153082e+02  3.685039e+01  5.800000e+01
   endloop
 endfacet
 facet normal -8.594679e-16  1.715152e-14 -1.000000e+00
   outer loop
     vertex  1.394714e+02  2.355758e+01  5.800000e+01
     vertex  1.382037e+02  3.757937e+01  5.800000e+01
     vertex  1.399650e+02  2.358232e+01  5.800000e+01
   endloop
 endfacet
 facet normal  8.160561e-16  1.605160e-14 -1.000000e+00
   outer loop
     vertex  1.171266e+02  3.539512e+01  5.800000e+01
     vertex  1.169285e+02  3.584786e+01  5.800000e+01
     vertex  1.294417e+02  4.229428e+01  5.800000e+01
   endloop
 endfacet
 facet normal  7.022861e-16  1.682830e-14 -1.000000e+00
   outer loop
     vertex  1.417834e+02  2.212705e+01  5.800000e+01
     vertex  1.526940e+02  3.560534e+01  5.800000e+01
     vertex  1.622299e+02  2.296269e+01  5.800000e+01
   endloop
 endfacet
 facet normal  1.364986e-15  1.629185e-14 -1.000000e+00
   outer loop
     vertex  1.417834e+02  2.212705e+01  5.800000e+01
     vertex  1.415853e+02  2.257978e+01  5.800000e+01
     vertex  1.526940e+02  3.560534e+01  5.800000e+01
   endloop
 endfacet
 facet normal  4.007897e-16  1.740042e-14 -1.000000e+00
   outer loop
     vertex  1.143413e+02  3.668352e+01  5.800000e+01
     vertex  1.041729e+02  5.447670e+01  5.800000e+01
     vertex  1.198114e+02  5.329980e+01  5.800000e+01
   endloop
 endfacet
 facet normal -2.250125e-14  2.493977e-14 -1.000000e+00
   outer loop
     vertex  1.143413e+02  3.668352e+01  5.800000e+01
     vertex  1.198114e+02  5.329980e+01  5.800000e+01
     vertex  1.148146e+02  3.682566e+01  5.800000e+01
   endloop
 endfacet
 facet normal  2.119672e-15  1.838272e-14 -1.000000e+00
   outer loop
     vertex  1.143413e+02  3.668352e+01  5.800000e+01
     vertex  1.038198e+02  5.413088e+01  5.800000e+01
     vertex  1.041729e+02  5.447670e+01  5.800000e+01
   endloop
 endfacet
 facet normal  8.122368e-16  1.435612e-14 -1.000000e+00
   outer loop
     vertex  1.418675e+02  2.164005e+01  5.800000e+01
     vertex  1.622299e+02  2.296269e+01  5.800000e+01
     vertex  1.621950e+02  2.246973e+01  5.800000e+01
   endloop
 endfacet
 facet normal  7.881986e-16  1.472620e-14 -1.000000e+00
   outer loop
     vertex  1.418675e+02  2.164005e+01  5.800000e+01
     vertex  1.417834e+02  2.212705e+01  5.800000e+01
     vertex  1.622299e+02  2.296269e+01  5.800000e+01
   endloop
 endfacet
 facet normal  1.717757e-14  2.746325e-14 -1.000000e+00
   outer loop
     vertex  1.139157e+02  3.643224e+01  5.800000e+01
     vertex  1.038198e+02  5.413088e+01  5.800000e+01
     vertex  1.143413e+02  3.668352e+01  5.800000e+01
   endloop
 endfacet
 facet normal -7.802471e-15  1.321377e-14 -1.000000e+00
   outer loop
     vertex  1.139157e+02  3.643224e+01  5.800000e+01
     vertex  1.033943e+02  5.387960e+01  5.800000e+01
     vertex  1.038198e+02  5.413088e+01  5.800000e+01
   endloop
 endfacet
 facet normal  4.431187e-16  1.466664e-14 -1.000000e+00
   outer loop
     vertex  1.418326e+02  2.114708e+01  5.800000e+01
     vertex  1.621950e+02  2.246973e+01  5.800000e+01
     vertex  1.622790e+02  2.198272e+01  5.800000e+01
   endloop
 endfacet
 facet normal  1.402249e-15 -9.939197e-17 -1.000000e+00
   outer loop
     vertex  1.418326e+02  2.114708e+01  5.800000e+01
     vertex  1.418675e+02  2.164005e+01  5.800000e+01
     vertex  1.621950e+02  2.246973e+01  5.800000e+01
   endloop
 endfacet
 facet normal  5.938852e-16  1.851831e-14 -1.000000e+00
   outer loop
     vertex  1.602041e+02  1.087406e+01  5.800000e+01
     vertex  1.650644e+02  2.069432e+01  5.800000e+01
     vertex  1.740573e+02  1.503415e+01  5.800000e+01
   endloop
 endfacet
 facet normal -4.569378e-14  2.708412e-14 -1.000000e+00
   outer loop
     vertex  1.602041e+02  1.087406e+01  5.800000e+01
     vertex  1.622790e+02  2.198272e+01  5.800000e+01
     vertex  1.624772e+02  2.152999e+01  5.800000e+01
   endloop
 endfacet
 facet normal  3.617183e-14  9.620932e-15 -1.000000e+00
   outer loop
     vertex  1.602041e+02  1.087406e+01  5.800000e+01
     vertex  1.624772e+02  2.152999e+01  5.800000e+01
     vertex  1.627779e+02  2.113783e+01  5.800000e+01
   endloop
 endfacet
 facet normal -2.878586e-15  1.941348e-14 -1.000000e+00
   outer loop
     vertex  1.602041e+02  1.087406e+01  5.800000e+01
     vertex  1.627779e+02  2.113783e+01  5.800000e+01
     vertex  1.631638e+02  2.082904e+01  5.800000e+01
   endloop
 endfacet
 facet normal -2.030592e-14  2.459472e-14 -1.000000e+00
   outer loop
     vertex  1.602041e+02  1.087406e+01  5.800000e+01
     vertex  1.631638e+02  2.082904e+01  5.800000e+01
     vertex  1.636123e+02  2.062156e+01  5.800000e+01
   endloop
 endfacet
 facet normal  1.689336e-14  1.158803e-14 -1.000000e+00
   outer loop
     vertex  1.602041e+02  1.087406e+01  5.800000e+01
     vertex  1.636123e+02  2.062156e+01  5.800000e+01
     vertex  1.640975e+02  2.052745e+01  5.800000e+01
   endloop
 endfacet
 facet normal -9.411189e-16  1.878094e-14 -1.000000e+00
   outer loop
     vertex  1.602041e+02  1.087406e+01  5.800000e+01
     vertex  1.640975e+02  2.052745e+01  5.800000e+01
     vertex  1.645910e+02  2.055219e+01  5.800000e+01
   endloop
 endfacet
 facet normal  1.099707e-14  1.336955e-14 -1.000000e+00
   outer loop
     vertex  1.602041e+02  1.087406e+01  5.800000e+01
     vertex  1.645910e+02  2.055219e+01  5.800000e+01
     vertex  1.650644e+02  2.069432e+01  5.800000e+01
   endloop
 endfacet
 facet normal  1.362848e-14  4.092507e-14 -1.000000e+00
   outer loop
     vertex  1.231107e+02  3.052894e+01  5.800000e+01
     vertex  1.170238e+02  3.394488e+01  5.800000e+01
     vertex  1.171757e+02  3.441516e+01  5.800000e+01
   endloop
 endfacet
 facet normal -3.565791e-15  1.466644e-14 -1.000000e+00
   outer loop
     vertex  1.231107e+02  3.052894e+01  5.800000e+01
     vertex  1.171757e+02  3.441516e+01  5.800000e+01
     vertex  1.172107e+02  3.490812e+01  5.800000e+01
   endloop
 endfacet
 facet normal -4.154592e-15  1.387316e-14 -1.000000e+00
   outer loop
     vertex  1.231107e+02  3.052894e+01  5.800000e+01
     vertex  1.172107e+02  3.490812e+01  5.800000e+01
     vertex  1.171266e+02  3.539512e+01  5.800000e+01
   endloop
 endfacet
 facet normal -4.888897e-16  1.838094e-14 -1.000000e+00
   outer loop
     vertex  1.231107e+02  3.052894e+01  5.800000e+01
     vertex  1.171266e+02  3.539512e+01  5.800000e+01
     vertex  1.294417e+02  4.229428e+01  5.800000e+01
   endloop
 endfacet
 facet normal  1.257695e-14  5.809866e-14 -1.000000e+00
   outer loop
     vertex  1.318726e+02  2.581403e+01  5.800000e+01
     vertex  1.394714e+02  2.355758e+01  5.800000e+01
     vertex  1.389981e+02  2.341545e+01  5.800000e+01
   endloop
 endfacet
 facet normal -1.050837e-14 -1.048074e-14 -1.000000e+00
   outer loop
     vertex  1.318726e+02  2.581403e+01  5.800000e+01
     vertex  1.389981e+02  2.341545e+01  5.800000e+01
     vertex  1.385726e+02  2.316417e+01  5.800000e+01
   endloop
 endfacet
 facet normal  1.256057e-15  1.926440e-14 -1.000000e+00
   outer loop
     vertex  1.318726e+02  2.581403e+01  5.800000e+01
     vertex  1.385726e+02  2.316417e+01  5.800000e+01
     vertex  1.382195e+02  2.281835e+01  5.800000e+01
   endloop
 endfacet
 facet normal  4.529851e-16  1.727018e-14 -1.000000e+00
   outer loop
     vertex  1.318726e+02  2.581403e+01  5.800000e+01
     vertex  1.382037e+02  3.757937e+01  5.800000e+01
     vertex  1.394714e+02  2.355758e+01  5.800000e+01
   endloop
 endfacet
 facet normal  1.110575e-16  1.683852e-14 -1.000000e+00
   outer loop
     vertex  1.379595e+02  2.239809e+01  5.800000e+01
     vertex  1.318726e+02  2.581403e+01  5.800000e+01
     vertex  1.382195e+02  2.281835e+01  5.800000e+01
   endloop
 endfacet
 facet normal  1.110575e-16  1.683852e-14 -1.000000e+00
   outer loop
     vertex  1.167638e+02  3.352462e+01  5.800000e+01
     vertex  1.170238e+02  3.394488e+01  5.800000e+01
     vertex  1.231107e+02  3.052894e+01  5.800000e+01
   endloop
 endfacet
 facet normal -1.375987e-14 -6.499124e-15 -1.000000e+00
   outer loop
     vertex  1.227349e+02  2.962895e+01  5.800000e+01
     vertex  1.164108e+02  3.317880e+01  5.800000e+01
     vertex  1.167638e+02  3.352462e+01  5.800000e+01
   endloop
 endfacet
 facet normal -3.433609e-15  9.328547e-15 -1.000000e+00
   outer loop
     vertex  1.227349e+02  2.962895e+01  5.800000e+01
     vertex  1.167638e+02  3.352462e+01  5.800000e+01
     vertex  1.231107e+02  3.052894e+01  5.800000e+01
   endloop
 endfacet
 facet normal -7.268258e-16  1.534379e-14 -1.000000e+00
   outer loop
     vertex  1.312013e+02  2.485645e+01  5.800000e+01
     vertex  1.379595e+02  2.239809e+01  5.800000e+01
     vertex  1.378076e+02  2.192781e+01  5.800000e+01
   endloop
 endfacet
 facet normal -1.104442e-15  1.449198e-14 -1.000000e+00
   outer loop
     vertex  1.312013e+02  2.485645e+01  5.800000e+01
     vertex  1.378076e+02  2.192781e+01  5.800000e+01
     vertex  1.377726e+02  2.143485e+01  5.800000e+01
   endloop
 endfacet
 facet normal -7.250532e-16  1.534867e-14 -1.000000e+00
   outer loop
     vertex  1.312013e+02  2.485645e+01  5.800000e+01
     vertex  1.318726e+02  2.581403e+01  5.800000e+01
     vertex  1.379595e+02  2.239809e+01  5.800000e+01
   endloop
 endfacet
 facet normal  3.578849e-15  2.221613e-14 -1.000000e+00
   outer loop
     vertex  1.225420e+02  2.867296e+01  5.800000e+01
     vertex  1.159852e+02  3.292752e+01  5.800000e+01
     vertex  1.164108e+02  3.317880e+01  5.800000e+01
   endloop
 endfacet
 facet normal -1.587989e-15  1.518547e-14 -1.000000e+00
   outer loop
     vertex  1.225420e+02  2.867296e+01  5.800000e+01
     vertex  1.164108e+02  3.317880e+01  5.800000e+01
     vertex  1.227349e+02  2.962895e+01  5.800000e+01
   endloop
 endfacet
 facet normal  1.047604e-14  4.557849e-14 -1.000000e+00
   outer loop
     vertex  1.303249e+02  2.408205e+01  5.800000e+01
     vertex  1.377726e+02  2.143485e+01  5.800000e+01
     vertex  1.378567e+02  2.094785e+01  5.800000e+01
   endloop
 endfacet
 facet normal  5.693480e-16  1.770659e-14 -1.000000e+00
   outer loop
     vertex  1.303249e+02  2.408205e+01  5.800000e+01
     vertex  1.312013e+02  2.485645e+01  5.800000e+01
     vertex  1.377726e+02  2.143485e+01  5.800000e+01
   endloop
 endfacet
 facet normal -4.150092e-15  1.381995e-14 -1.000000e+00
   outer loop
     vertex  1.225393e+02  2.769769e+01  5.800000e+01
     vertex  1.155119e+02  3.278539e+01  5.800000e+01
     vertex  1.159852e+02  3.292752e+01  5.800000e+01
   endloop
 endfacet
 facet normal  8.058614e-15  2.911998e-14 -1.000000e+00
   outer loop
     vertex  1.225393e+02  2.769769e+01  5.800000e+01
     vertex  1.159852e+02  3.292752e+01  5.800000e+01
     vertex  1.225420e+02  2.867296e+01  5.800000e+01
   endloop
 endfacet
 facet normal  4.307728e-15  3.075543e-14 -1.000000e+00
   outer loop
     vertex  1.292919e+02  2.353364e+01  5.800000e+01
     vertex  1.303249e+02  2.408205e+01  5.800000e+01
     vertex  1.378567e+02  2.094785e+01  5.800000e+01
   endloop
 endfacet
 facet normal -1.023255e-14  5.418565e-15 -1.000000e+00
   outer loop
     vertex  1.227269e+02  2.674063e+01  5.800000e+01
     vertex  1.155119e+02  3.278539e+01  5.800000e+01
     vertex  1.225393e+02  2.769769e+01  5.800000e+01
   endloop
 endfacet
 facet normal  1.441986e-15  1.779037e-14 -1.000000e+00
   outer loop
     vertex  9.833471e+01  3.949266e+01  5.800000e+01
     vertex  9.253513e+01  5.274346e+01  5.800000e+01
     vertex  1.014937e+02  5.401432e+01  5.800000e+01
   endloop
 endfacet
 facet normal -2.117732e-14  2.271087e-14 -1.000000e+00
   outer loop
     vertex  9.833471e+01  3.949266e+01  5.800000e+01
     vertex  1.014937e+02  5.401432e+01  5.800000e+01
     vertex  1.019422e+02  5.380684e+01  5.800000e+01
   endloop
 endfacet
 facet normal  1.717595e-14  1.304493e-14 -1.000000e+00
   outer loop
     vertex  9.833471e+01  3.949266e+01  5.800000e+01
     vertex  1.019422e+02  5.380684e+01  5.800000e+01
     vertex  1.024274e+02  5.371273e+01  5.800000e+01
   endloop
 endfacet
 facet normal  3.714133e-16  1.814295e-14 -1.000000e+00
   outer loop
     vertex  9.833471e+01  3.949266e+01  5.800000e+01
     vertex  1.033943e+02  5.387960e+01  5.800000e+01
     vertex  1.139157e+02  3.643224e+01  5.800000e+01
   endloop
 endfacet
 facet normal -9.145912e-16  1.825156e-14 -1.000000e+00
   outer loop
     vertex  9.833471e+01  3.949266e+01  5.800000e+01
     vertex  1.024274e+02  5.371273e+01  5.800000e+01
     vertex  1.029210e+02  5.373747e+01  5.800000e+01
   endloop
 endfacet
 facet normal  1.064903e-14  1.452854e-14 -1.000000e+00
   outer loop
     vertex  9.833471e+01  3.949266e+01  5.800000e+01
     vertex  1.029210e+02  5.373747e+01  5.800000e+01
     vertex  1.033943e+02  5.387960e+01  5.800000e+01
   endloop
 endfacet
 facet normal -6.020680e-15 -1.440014e-14 -1.000000e+00
   outer loop
     vertex  9.833471e+01  3.949266e+01  5.800000e+01
     vertex  1.139157e+02  3.643224e+01  5.800000e+01
     vertex  1.135627e+02  3.608642e+01  5.800000e+01
   endloop
 endfacet
 facet normal  8.628199e-16  1.637338e-14 -1.000000e+00
   outer loop
     vertex  9.833471e+01  3.949266e+01  5.800000e+01
     vertex  1.135627e+02  3.608642e+01  5.800000e+01
     vertex  1.133027e+02  3.566617e+01  5.800000e+01
   endloop
 endfacet
 facet normal  7.634316e-15  4.286119e-14 -1.000000e+00
   outer loop
     vertex  9.833471e+01  3.949266e+01  5.800000e+01
     vertex  1.133027e+02  3.566617e+01  5.800000e+01
     vertex  1.131508e+02  3.519589e+01  5.800000e+01
   endloop
 endfacet
 facet normal  2.987829e-16  1.819825e-14 -1.000000e+00
   outer loop
     vertex  1.457578e+02  1.015016e+01  5.800000e+01
     vertex  1.418326e+02  2.114708e+01  5.800000e+01
     vertex  1.622790e+02  2.198272e+01  5.800000e+01
   endloop
 endfacet
 facet normal  5.470692e-17  1.853904e-14 -1.000000e+00
   outer loop
     vertex  1.457578e+02  1.015016e+01  5.800000e+01
     vertex  1.622790e+02  2.198272e+01  5.800000e+01
     vertex  1.602041e+02  1.087406e+01  5.800000e+01
   endloop
 endfacet
 facet normal -8.857801e-16  1.767661e-14 -1.000000e+00
   outer loop
     vertex  1.457578e+02  1.015016e+01  5.800000e+01
     vertex  1.396751e+02  1.949258e+01  5.800000e+01
     vertex  1.401687e+02  1.951731e+01  5.800000e+01
   endloop
 endfacet
 facet normal -1.736705e-14  7.842703e-15 -1.000000e+00
   outer loop
     vertex  1.457578e+02  1.015016e+01  5.800000e+01
     vertex  1.401687e+02  1.951731e+01  5.800000e+01
     vertex  1.406420e+02  1.965945e+01  5.800000e+01
   endloop
 endfacet
 facet normal  1.764196e-14  2.667679e-14 -1.000000e+00
   outer loop
     vertex  1.457578e+02  1.015016e+01  5.800000e+01
     vertex  1.406420e+02  1.965945e+01  5.800000e+01
     vertex  1.410676e+02  1.991073e+01  5.800000e+01
   endloop
 endfacet
 facet normal  1.563438e-15  1.895059e-14 -1.000000e+00
   outer loop
     vertex  1.457578e+02  1.015016e+01  5.800000e+01
     vertex  1.410676e+02  1.991073e+01  5.800000e+01
     vertex  1.414206e+02  2.025655e+01  5.800000e+01
   endloop
 endfacet
 facet normal -1.309672e-15  1.771758e-14 -1.000000e+00
   outer loop
     vertex  1.457578e+02  1.015016e+01  5.800000e+01
     vertex  1.414206e+02  2.025655e+01  5.800000e+01
     vertex  1.416807e+02  2.067681e+01  5.800000e+01
   endloop
 endfacet
 facet normal -4.386498e-15  1.652587e-14 -1.000000e+00
   outer loop
     vertex  1.457578e+02  1.015016e+01  5.800000e+01
     vertex  1.416807e+02  2.067681e+01  5.800000e+01
     vertex  1.418326e+02  2.114708e+01  5.800000e+01
   endloop
 endfacet
 facet normal  1.405505e-14 -3.861580e-15 -1.000000e+00
   outer loop
     vertex  1.071369e+02  2.801483e+01  5.800000e+01
     vertex  1.140846e+02  3.306224e+01  5.800000e+01
     vertex  1.145332e+02  3.285476e+01  5.800000e+01
   endloop
 endfacet
 facet normal -1.995799e-14  4.811638e-14 -1.000000e+00
   outer loop
     vertex  1.071369e+02  2.801483e+01  5.800000e+01
     vertex  1.145332e+02  3.285476e+01  5.800000e+01
     vertex  1.150183e+02  3.276065e+01  5.800000e+01
   endloop
 endfacet
 facet normal -1.645419e-16  1.596930e-14 -1.000000e+00
   outer loop
     vertex  1.071369e+02  2.801483e+01  5.800000e+01
     vertex  9.833471e+01  3.949266e+01  5.800000e+01
     vertex  1.131508e+02  3.519589e+01  5.800000e+01
   endloop
 endfacet
 facet normal  2.065202e-14 -1.463824e-15 -1.000000e+00
   outer loop
     vertex  1.071369e+02  2.801483e+01  5.800000e+01
     vertex  1.131508e+02  3.519589e+01  5.800000e+01
     vertex  1.131158e+02  3.470292e+01  5.800000e+01
   endloop
 endfacet
 facet normal  2.257965e-15  1.497985e-14 -1.000000e+00
   outer loop
     vertex  1.071369e+02  2.801483e+01  5.800000e+01
     vertex  1.131158e+02  3.470292e+01  5.800000e+01
     vertex  1.131999e+02  3.421592e+01  5.800000e+01
   endloop
 endfacet
 facet normal  1.054894e-15  1.615613e-14 -1.000000e+00
   outer loop
     vertex  1.071369e+02  2.801483e+01  5.800000e+01
     vertex  1.131999e+02  3.421592e+01  5.800000e+01
     vertex  1.133980e+02  3.376319e+01  5.800000e+01
   endloop
 endfacet
 facet normal -4.383481e-16  1.778258e-14 -1.000000e+00
   outer loop
     vertex  1.071369e+02  2.801483e+01  5.800000e+01
     vertex  1.133980e+02  3.376319e+01  5.800000e+01
     vertex  1.136988e+02  3.337103e+01  5.800000e+01
   endloop
 endfacet
 facet normal -1.162801e-14  3.149103e-14 -1.000000e+00
   outer loop
     vertex  1.071369e+02  2.801483e+01  5.800000e+01
     vertex  1.136988e+02  3.337103e+01  5.800000e+01
     vertex  1.140846e+02  3.306224e+01  5.800000e+01
   endloop
 endfacet
 facet normal  1.692619e-16  1.576851e-14 -1.000000e+00
   outer loop
     vertex  1.315581e+02  1.290450e+01  5.800000e+01
     vertex  1.378567e+02  2.094785e+01  5.800000e+01
     vertex  1.380548e+02  2.049511e+01  5.800000e+01
   endloop
 endfacet
 facet normal -1.359002e-15  1.707654e-14 -1.000000e+00
   outer loop
     vertex  1.315581e+02  1.290450e+01  5.800000e+01
     vertex  1.380548e+02  2.049511e+01  5.800000e+01
     vertex  1.383556e+02  2.010296e+01  5.800000e+01
   endloop
 endfacet
 facet normal  1.768744e-14 -9.090000e-16 -1.000000e+00
   outer loop
     vertex  1.315581e+02  1.290450e+01  5.800000e+01
     vertex  1.383556e+02  2.010296e+01  5.800000e+01
     vertex  1.387414e+02  1.979416e+01  5.800000e+01
   endloop
 endfacet
 facet normal -5.215886e-15  2.297062e-14 -1.000000e+00
   outer loop
     vertex  1.315581e+02  1.290450e+01  5.800000e+01
     vertex  1.387414e+02  1.979416e+01  5.800000e+01
     vertex  1.391900e+02  1.958669e+01  5.800000e+01
   endloop
 endfacet
 facet normal  2.701611e-15  1.392785e-14 -1.000000e+00
   outer loop
     vertex  1.315581e+02  1.290450e+01  5.800000e+01
     vertex  1.391900e+02  1.958669e+01  5.800000e+01
     vertex  1.396751e+02  1.949258e+01  5.800000e+01
   endloop
 endfacet
 facet normal -9.870351e-15  1.393929e-14 -1.000000e+00
   outer loop
     vertex  1.315581e+02  1.290450e+01  5.800000e+01
     vertex  1.281595e+02  2.324152e+01  5.800000e+01
     vertex  1.292919e+02  2.353364e+01  5.800000e+01
   endloop
 endfacet
 facet normal -2.878202e-16  1.708980e-14 -1.000000e+00
   outer loop
     vertex  1.315581e+02  1.290450e+01  5.800000e+01
     vertex  1.269902e+02  2.322182e+01  5.800000e+01
     vertex  1.281595e+02  2.324152e+01  5.800000e+01
   endloop
 endfacet
 facet normal -1.431358e-16  1.601314e-14 -1.000000e+00
   outer loop
     vertex  1.315581e+02  1.290450e+01  5.800000e+01
     vertex  1.292919e+02  2.353364e+01  5.800000e+01
     vertex  1.378567e+02  2.094785e+01  5.800000e+01
   endloop
 endfacet
 facet normal -5.293561e-16  1.790867e-14 -1.000000e+00
   outer loop
     vertex  1.315581e+02  1.290450e+01  5.800000e+01
     vertex  1.396751e+02  1.949258e+01  5.800000e+01
     vertex  1.457578e+02  1.015016e+01  5.800000e+01
   endloop
 endfacet
 facet normal  2.762210e-14  2.333314e-14 -1.000000e+00
   outer loop
     vertex  1.184301e+02  1.897703e+01  5.800000e+01
     vertex  1.150183e+02  3.276065e+01  5.800000e+01
     vertex  1.155119e+02  3.278539e+01  5.800000e+01
   endloop
 endfacet
 facet normal -7.986225e-16  1.629826e-14 -1.000000e+00
   outer loop
     vertex  1.184301e+02  1.897703e+01  5.800000e+01
     vertex  1.071369e+02  2.801483e+01  5.800000e+01
     vertex  1.150183e+02  3.276065e+01  5.800000e+01
   endloop
 endfacet
 facet normal  7.123824e-15  4.047154e-15 -1.000000e+00
   outer loop
     vertex  1.184301e+02  1.897703e+01  5.800000e+01
     vertex  1.258486e+02  2.347565e+01  5.800000e+01
     vertex  1.269902e+02  2.322182e+01  5.800000e+01
   endloop
 endfacet
 facet normal  5.282644e-16  1.492357e-14 -1.000000e+00
   outer loop
     vertex  1.184301e+02  1.897703e+01  5.800000e+01
     vertex  1.247977e+02  2.398897e+01  5.800000e+01
     vertex  1.258486e+02  2.347565e+01  5.800000e+01
   endloop
 endfacet
 facet normal -1.407885e-15  1.738343e-14 -1.000000e+00
   outer loop
     vertex  1.184301e+02  1.897703e+01  5.800000e+01
     vertex  1.238958e+02  2.473341e+01  5.800000e+01
     vertex  1.247977e+02  2.398897e+01  5.800000e+01
   endloop
 endfacet
 facet normal  4.927198e-16  1.557881e-14 -1.000000e+00
   outer loop
     vertex  1.184301e+02  1.897703e+01  5.800000e+01
     vertex  1.231925e+02  2.566785e+01  5.800000e+01
     vertex  1.238958e+02  2.473341e+01  5.800000e+01
   endloop
 endfacet
 facet normal -9.219099e-15  2.249153e-14 -1.000000e+00
   outer loop
     vertex  1.184301e+02  1.897703e+01  5.800000e+01
     vertex  1.227269e+02  2.674063e+01  5.800000e+01
     vertex  1.231925e+02  2.566785e+01  5.800000e+01
   endloop
 endfacet
 facet normal -1.389758e-16  1.746617e-14 -1.000000e+00
   outer loop
     vertex  1.184301e+02  1.897703e+01  5.800000e+01
     vertex  1.155119e+02  3.278539e+01  5.800000e+01
     vertex  1.227269e+02  2.674063e+01  5.800000e+01
   endloop
 endfacet
 facet normal  4.862524e-16  1.743251e-14 -1.000000e+00
   outer loop
     vertex  1.184301e+02  1.897703e+01  5.800000e+01
     vertex  1.269902e+02  2.322182e+01  5.800000e+01
     vertex  1.315581e+02  1.290450e+01  5.800000e+01
   endloop
 endfacet
 facet normal  9.160974e-01  4.009557e-01  8.038271e-15
   outer loop
     vertex  1.130403e+02  1.037944e+02  6.600000e+01
     vertex  1.128421e+02  1.042471e+02  5.800000e+01
     vertex  1.128421e+02  1.042471e+02  6.600000e+01
   endloop
 endfacet
 facet normal  9.160974e-01  4.009557e-01  7.122405e-15
   outer loop
     vertex  1.130403e+02  1.037944e+02  6.600000e+01
     vertex  1.130403e+02  1.037944e+02  5.800000e+01
     vertex  1.128421e+02  1.042471e+02  5.800000e+01
   endloop
 endfacet
 facet normal  7.935223e-01  6.085412e-01  1.080986e-14
   outer loop
     vertex  1.130403e+02  1.037944e+02  6.600000e+01
     vertex  1.133410e+02  1.034023e+02  5.800000e+01
     vertex  1.130403e+02  1.037944e+02  5.800000e+01
   endloop
 endfacet
 facet normal  7.935223e-01  6.085412e-01  9.728876e-15
   outer loop
     vertex  1.133410e+02  1.034023e+02  6.600000e+01
     vertex  1.133410e+02  1.034023e+02  5.800000e+01
     vertex  1.130403e+02  1.037944e+02  6.600000e+01
   endloop
 endfacet
 facet normal  6.248306e-01  7.807604e-01  1.220519e-14
   outer loop
     vertex  1.137269e+02  1.030935e+02  6.600000e+01
     vertex  1.137269e+02  1.030935e+02  5.800000e+01
     vertex  1.133410e+02  1.034023e+02  5.800000e+01
   endloop
 endfacet
 facet normal  6.248306e-01  7.807604e-01  1.248214e-14
   outer loop
     vertex  1.137269e+02  1.030935e+02  6.600000e+01
     vertex  1.133410e+02  1.034023e+02  5.800000e+01
     vertex  1.133410e+02  1.034023e+02  6.600000e+01
   endloop
 endfacet
 facet normal  4.198259e-01  9.076046e-01  1.364360e-14
   outer loop
     vertex  1.141754e+02  1.028860e+02  6.600000e+01
     vertex  1.141754e+02  1.028860e+02  5.800000e+01
     vertex  1.137269e+02  1.030935e+02  5.800000e+01
   endloop
 endfacet
 facet normal  4.198259e-01  9.076046e-01  1.364400e-14
   outer loop
     vertex  1.141754e+02  1.028860e+02  6.600000e+01
     vertex  1.137269e+02  1.030935e+02  5.800000e+01
     vertex  1.137269e+02  1.030935e+02  6.600000e+01
   endloop
 endfacet
 facet normal  1.904225e-01  9.817022e-01  1.569468e-14
   outer loop
     vertex  1.146606e+02  1.027919e+02  6.600000e+01
     vertex  1.146606e+02  1.027919e+02  5.800000e+01
     vertex  1.141754e+02  1.028860e+02  5.800000e+01
   endloop
 endfacet
 facet normal  1.904225e-01  9.817022e-01  1.428987e-14
   outer loop
     vertex  1.146606e+02  1.027919e+02  6.600000e+01
     vertex  1.141754e+02  1.028860e+02  5.800000e+01
     vertex  1.141754e+02  1.028860e+02  6.600000e+01
   endloop
 endfacet
 facet normal -5.004751e-02  9.987468e-01  1.241892e-14
   outer loop
     vertex  1.151542e+02  1.028166e+02  6.600000e+01
     vertex  1.151542e+02  1.028166e+02  5.800000e+01
     vertex  1.146606e+02  1.027919e+02  5.800000e+01
   endloop
 endfacet
 facet normal -5.004751e-02  9.987468e-01  1.596729e-14
   outer loop
     vertex  1.151542e+02  1.028166e+02  6.600000e+01
     vertex  1.146606e+02  1.027919e+02  5.800000e+01
     vertex  1.146606e+02  1.027919e+02  6.600000e+01
   endloop
 endfacet
 facet normal -2.876090e-01  9.577479e-01  1.361042e-14
   outer loop
     vertex  1.156275e+02  1.029587e+02  6.600000e+01
     vertex  1.156275e+02  1.029587e+02  5.800000e+01
     vertex  1.151542e+02  1.028166e+02  5.800000e+01
   endloop
 endfacet
 facet normal -2.876090e-01  9.577479e-01  1.190998e-14
   outer loop
     vertex  1.156275e+02  1.029587e+02  6.600000e+01
     vertex  1.151542e+02  1.028166e+02  5.800000e+01
     vertex  1.151542e+02  1.028166e+02  6.600000e+01
   endloop
 endfacet
 facet normal -5.084557e-01  8.610882e-01  1.348960e-14
   outer loop
     vertex  1.160530e+02  1.032100e+02  6.600000e+01
     vertex  1.160530e+02  1.032100e+02  5.800000e+01
     vertex  1.156275e+02  1.029587e+02  5.800000e+01
   endloop
 endfacet
 facet normal -6.997528e-01  7.143851e-01  1.020401e-14
   outer loop
     vertex  1.160530e+02  1.032100e+02  6.600000e+01
     vertex  1.164061e+02  1.035558e+02  5.800000e+01
     vertex  1.160530e+02  1.032100e+02  5.800000e+01
   endloop
 endfacet
 facet normal -5.084557e-01  8.610882e-01  1.223643e-14
   outer loop
     vertex  1.160530e+02  1.032100e+02  6.600000e+01
     vertex  1.156275e+02  1.029587e+02  5.800000e+01
     vertex  1.156275e+02  1.029587e+02  6.600000e+01
   endloop
 endfacet
 facet normal -6.997528e-01  7.143851e-01  1.142103e-14
   outer loop
     vertex  1.164061e+02  1.035558e+02  6.600000e+01
     vertex  1.164061e+02  1.035558e+02  5.800000e+01
     vertex  1.160530e+02  1.032100e+02  6.600000e+01
   endloop
 endfacet
 facet normal -8.503828e-01  5.261646e-01  6.901321e-15
   outer loop
     vertex  1.166661e+02  1.039761e+02  6.600000e+01
     vertex  1.166661e+02  1.039761e+02  5.800000e+01
     vertex  1.164061e+02  1.035558e+02  5.800000e+01
   endloop
 endfacet
 facet normal -8.503828e-01  5.261646e-01  8.410348e-15
   outer loop
     vertex  1.166661e+02  1.039761e+02  6.600000e+01
     vertex  1.164061e+02  1.035558e+02  5.800000e+01
     vertex  1.164061e+02  1.035558e+02  6.600000e+01
   endloop
 endfacet
 facet normal -9.515916e-01  3.073653e-01  5.459904e-15
   outer loop
     vertex  1.168180e+02  1.044464e+02  6.600000e+01
     vertex  1.168180e+02  1.044464e+02  5.800000e+01
     vertex  1.166661e+02  1.039761e+02  5.800000e+01
   endloop
 endfacet
 facet normal -9.974974e-01  7.070302e-02  1.255938e-15
   outer loop
     vertex  1.168180e+02  1.044464e+02  6.600000e+01
     vertex  1.168530e+02  1.049393e+02  5.800000e+01
     vertex  1.168180e+02  1.044464e+02  5.800000e+01
   endloop
 endfacet
 facet normal -9.515916e-01  3.073653e-01  3.222329e-15
   outer loop
     vertex  1.168180e+02  1.044464e+02  6.600000e+01
     vertex  1.166661e+02  1.039761e+02  5.800000e+01
     vertex  1.166661e+02  1.039761e+02  6.600000e+01
   endloop
 endfacet
 facet normal -9.974974e-01  7.070302e-02 -7.671610e-16
   outer loop
     vertex  1.168530e+02  1.049393e+02  6.600000e+01
     vertex  1.168530e+02  1.049393e+02  5.800000e+01
     vertex  1.168180e+02  1.044464e+02  6.600000e+01
   endloop
 endfacet
 facet normal -9.854323e-01 -1.700682e-01 -7.668253e-15
   outer loop
     vertex  1.167689e+02  1.054263e+02  6.600000e+01
     vertex  1.167689e+02  1.054263e+02  5.800000e+01
     vertex  1.168530e+02  1.049393e+02  5.800000e+01
   endloop
 endfacet
 facet normal -9.854323e-01 -1.700682e-01 -4.166562e-15
   outer loop
     vertex  1.167689e+02  1.054263e+02  6.600000e+01
     vertex  1.168530e+02  1.049393e+02  5.800000e+01
     vertex  1.168530e+02  1.049393e+02  6.600000e+01
   endloop
 endfacet
 facet normal  9.160974e-01  4.009557e-01  6.409556e-15
   outer loop
     vertex  9.977222e+01  7.913760e+01  6.600000e+01
     vertex  9.957407e+01  7.959034e+01  5.800000e+01
     vertex  9.957407e+01  7.959034e+01  6.600000e+01
   endloop
 endfacet
 facet normal  9.160974e-01  4.009557e-01  5.495089e-15
   outer loop
     vertex  9.977222e+01  7.913760e+01  6.600000e+01
     vertex  9.977222e+01  7.913760e+01  5.800000e+01
     vertex  9.957407e+01  7.959034e+01  5.800000e+01
   endloop
 endfacet
 facet normal  7.935223e-01  6.085412e-01  9.400284e-15
   outer loop
     vertex  9.977222e+01  7.913760e+01  6.600000e+01
     vertex  1.000730e+02  7.874544e+01  5.800000e+01
     vertex  9.977222e+01  7.913760e+01  5.800000e+01
   endloop
 endfacet
 facet normal  7.935223e-01  6.085412e-01  1.362902e-14
   outer loop
     vertex  1.000730e+02  7.874544e+01  6.600000e+01
     vertex  1.000730e+02  7.874544e+01  5.800000e+01
     vertex  9.977222e+01  7.913760e+01  6.600000e+01
   endloop
 endfacet
 facet normal  6.248306e-01  7.807604e-01  1.386909e-14
   outer loop
     vertex  1.004588e+02  7.843665e+01  6.600000e+01
     vertex  1.004588e+02  7.843665e+01  5.800000e+01
     vertex  1.000730e+02  7.874544e+01  5.800000e+01
   endloop
 endfacet
 facet normal  6.248306e-01  7.807604e-01  1.609058e-14
   outer loop
     vertex  1.004588e+02  7.843665e+01  6.600000e+01
     vertex  1.000730e+02  7.874544e+01  5.800000e+01
     vertex  1.000730e+02  7.874544e+01  6.600000e+01
   endloop
 endfacet
 facet normal  4.198259e-01  9.076046e-01  1.612230e-14
   outer loop
     vertex  1.009073e+02  7.822917e+01  6.600000e+01
     vertex  1.009073e+02  7.822917e+01  5.800000e+01
     vertex  1.004588e+02  7.843665e+01  5.800000e+01
   endloop
 endfacet
 facet normal  4.198259e-01  9.076046e-01  1.612217e-14
   outer loop
     vertex  1.009073e+02  7.822917e+01  6.600000e+01
     vertex  1.004588e+02  7.843665e+01  5.800000e+01
     vertex  1.004588e+02  7.843665e+01  6.600000e+01
   endloop
 endfacet
 facet normal  1.904225e-01  9.817022e-01  1.918239e-14
   outer loop
     vertex  1.013925e+02  7.813507e+01  6.600000e+01
     vertex  1.013925e+02  7.813507e+01  5.800000e+01
     vertex  1.009073e+02  7.822917e+01  5.800000e+01
   endloop
 endfacet
 facet normal  1.904225e-01  9.817022e-01  1.743849e-14
   outer loop
     vertex  1.013925e+02  7.813507e+01  6.600000e+01
     vertex  1.009073e+02  7.822917e+01  5.800000e+01
     vertex  1.009073e+02  7.822917e+01  6.600000e+01
   endloop
 endfacet
 facet normal -5.004751e-02  9.987468e-01  1.951544e-14
   outer loop
     vertex  1.018861e+02  7.815980e+01  6.600000e+01
     vertex  1.018861e+02  7.815980e+01  5.800000e+01
     vertex  1.013925e+02  7.813507e+01  5.800000e+01
   endloop
 endfacet
 facet normal -5.004751e-02  9.987468e-01  1.951562e-14
   outer loop
     vertex  1.018861e+02  7.815980e+01  6.600000e+01
     vertex  1.013925e+02  7.813507e+01  5.800000e+01
     vertex  1.013925e+02  7.813507e+01  6.600000e+01
   endloop
 endfacet
 facet normal -2.876090e-01  9.577479e-01  1.922522e-14
   outer loop
     vertex  1.023594e+02  7.830194e+01  6.600000e+01
     vertex  1.023594e+02  7.830194e+01  5.800000e+01
     vertex  1.018861e+02  7.815980e+01  5.800000e+01
   endloop
 endfacet
 facet normal -2.876090e-01  9.577479e-01  1.871618e-14
   outer loop
     vertex  1.023594e+02  7.830194e+01  6.600000e+01
     vertex  1.018861e+02  7.815980e+01  5.800000e+01
     vertex  1.018861e+02  7.815980e+01  6.600000e+01
   endloop
 endfacet
 facet normal -5.084557e-01  8.610882e-01  1.619920e-14
   outer loop
     vertex  1.027850e+02  7.855321e+01  6.600000e+01
     vertex  1.027850e+02  7.855321e+01  5.800000e+01
     vertex  1.023594e+02  7.830194e+01  5.800000e+01
   endloop
 endfacet
 facet normal -6.997528e-01  7.143851e-01  1.393304e-14
   outer loop
     vertex  1.027850e+02  7.855321e+01  6.600000e+01
     vertex  1.031380e+02  7.889903e+01  5.800000e+01
     vertex  1.027850e+02  7.855321e+01  5.800000e+01
   endloop
 endfacet
 facet normal -5.084557e-01  8.610882e-01  1.772632e-14
   outer loop
     vertex  1.027850e+02  7.855321e+01  6.600000e+01
     vertex  1.023594e+02  7.830194e+01  5.800000e+01
     vertex  1.023594e+02  7.830194e+01  6.600000e+01
   endloop
 endfacet
 facet normal -6.997528e-01  7.143851e-01  1.017802e-14
   outer loop
     vertex  1.031380e+02  7.889903e+01  6.600000e+01
     vertex  1.031380e+02  7.889903e+01  5.800000e+01
     vertex  1.027850e+02  7.855321e+01  6.600000e+01
   endloop
 endfacet
 facet normal -8.503828e-01  5.261646e-01  1.028122e-14
   outer loop
     vertex  1.033980e+02  7.931929e+01  6.600000e+01
     vertex  1.033980e+02  7.931929e+01  5.800000e+01
     vertex  1.031380e+02  7.889903e+01  5.800000e+01
   endloop
 endfacet
 facet normal -8.503828e-01  5.261646e-01  6.900979e-15
   outer loop
     vertex  1.033980e+02  7.931929e+01  6.600000e+01
     vertex  1.031380e+02  7.889903e+01  5.800000e+01
     vertex  1.031380e+02  7.889903e+01  6.600000e+01
   endloop
 endfacet
 facet normal -9.515916e-01  3.073653e-01  5.459904e-15
   outer loop
     vertex  1.035499e+02  7.978957e+01  6.600000e+01
     vertex  1.035499e+02  7.978957e+01  5.800000e+01
     vertex  1.033980e+02  7.931929e+01  5.800000e+01
   endloop
 endfacet
 facet normal -9.974974e-01  7.070302e-02  1.255938e-15
   outer loop
     vertex  1.035499e+02  7.978957e+01  6.600000e+01
     vertex  1.035849e+02  8.028253e+01  5.800000e+01
     vertex  1.035499e+02  7.978957e+01  5.800000e+01
   endloop
 endfacet
 facet normal -9.515916e-01  3.073653e-01  6.005887e-15
   outer loop
     vertex  1.035499e+02  7.978957e+01  6.600000e+01
     vertex  1.033980e+02  7.931929e+01  5.800000e+01
     vertex  1.033980e+02  7.931929e+01  6.600000e+01
   endloop
 endfacet
 facet normal -9.974974e-01  7.070302e-02  2.902255e-15
   outer loop
     vertex  1.035849e+02  8.028253e+01  6.600000e+01
     vertex  1.035849e+02  8.028253e+01  5.800000e+01
     vertex  1.035499e+02  7.978957e+01  6.600000e+01
   endloop
 endfacet
 facet normal -9.854323e-01 -1.700682e-01 -3.021019e-15
   outer loop
     vertex  1.035008e+02  8.076953e+01  6.600000e+01
     vertex  1.035008e+02  8.076953e+01  5.800000e+01
     vertex  1.035849e+02  8.028253e+01  5.800000e+01
   endloop
 endfacet
 facet normal -9.854323e-01 -1.700682e-01 -9.688047e-16
   outer loop
     vertex  1.035008e+02  8.076953e+01  6.600000e+01
     vertex  1.035849e+02  8.028253e+01  5.800000e+01
     vertex  1.035849e+02  8.028253e+01  6.600000e+01
   endloop
 endfacet
 facet normal  9.160974e-01  4.009557e-01  4.784351e-15
   outer loop
     vertex  1.008071e+02  5.471527e+01  6.600000e+01
     vertex  1.006089e+02  5.516800e+01  5.800000e+01
     vertex  1.006089e+02  5.516800e+01  6.600000e+01
   endloop
 endfacet
 facet normal  9.160974e-01  4.009557e-01  7.122405e-15
   outer loop
     vertex  1.008071e+02  5.471527e+01  6.600000e+01
     vertex  1.008071e+02  5.471527e+01  5.800000e+01
     vertex  1.006089e+02  5.516800e+01  5.800000e+01
   endloop
 endfacet
 facet normal  7.935223e-01  6.085412e-01  1.080986e-14
   outer loop
     vertex  1.011078e+02  5.432311e+01  6.600000e+01
     vertex  1.011078e+02  5.432311e+01  5.800000e+01
     vertex  1.008071e+02  5.471527e+01  5.800000e+01
   endloop
 endfacet
 facet normal  6.248306e-01  7.807604e-01  1.386909e-14
   outer loop
     vertex  1.011078e+02  5.432311e+01  6.600000e+01
     vertex  1.014937e+02  5.401432e+01  5.800000e+01
     vertex  1.011078e+02  5.432311e+01  5.800000e+01
   endloop
 endfacet
 facet normal  7.935223e-01  6.085412e-01  1.080779e-14
   outer loop
     vertex  1.011078e+02  5.432311e+01  6.600000e+01
     vertex  1.008071e+02  5.471527e+01  5.800000e+01
     vertex  1.008071e+02  5.471527e+01  6.600000e+01
   endloop
 endfacet
 facet normal  6.248306e-01  7.807604e-01  1.386909e-14
   outer loop
     vertex  1.014937e+02  5.401432e+01  6.600000e+01
     vertex  1.014937e+02  5.401432e+01  5.800000e+01
     vertex  1.011078e+02  5.432311e+01  6.600000e+01
   endloop
 endfacet
 facet normal  4.198259e-01  9.076046e-01  1.686806e-14
   outer loop
     vertex  1.019422e+02  5.380684e+01  6.600000e+01
     vertex  1.019422e+02  5.380684e+01  5.800000e+01
     vertex  1.014937e+02  5.401432e+01  5.800000e+01
   endloop
 endfacet
 facet normal  4.198259e-01  9.076046e-01  1.612217e-14
   outer loop
     vertex  1.019422e+02  5.380684e+01  6.600000e+01
     vertex  1.014937e+02  5.401432e+01  5.800000e+01
     vertex  1.014937e+02  5.401432e+01  6.600000e+01
   endloop
 endfacet
 facet normal  1.904225e-01  9.817022e-01  1.743853e-14
   outer loop
     vertex  1.024274e+02  5.371273e+01  6.600000e+01
     vertex  1.024274e+02  5.371273e+01  5.800000e+01
     vertex  1.019422e+02  5.380684e+01  5.800000e+01
   endloop
 endfacet
 facet normal  1.904225e-01  9.817022e-01  1.777546e-14
   outer loop
     vertex  1.024274e+02  5.371273e+01  6.600000e+01
     vertex  1.019422e+02  5.380684e+01  5.800000e+01
     vertex  1.019422e+02  5.380684e+01  6.600000e+01
   endloop
 endfacet
 facet normal -5.004751e-02  9.987468e-01  1.587827e-14
   outer loop
     vertex  1.029210e+02  5.373747e+01  6.600000e+01
     vertex  1.029210e+02  5.373747e+01  5.800000e+01
     vertex  1.024274e+02  5.371273e+01  5.800000e+01
   endloop
 endfacet
 facet normal -2.876090e-01  9.577479e-01  1.480082e-14
   outer loop
     vertex  1.029210e+02  5.373747e+01  6.600000e+01
     vertex  1.033943e+02  5.387960e+01  5.800000e+01
     vertex  1.029210e+02  5.373747e+01  5.800000e+01
   endloop
 endfacet
 facet normal -5.004751e-02  9.987468e-01  1.774124e-14
   outer loop
     vertex  1.029210e+02  5.373747e+01  6.600000e+01
     vertex  1.024274e+02  5.371273e+01  5.800000e+01
     vertex  1.024274e+02  5.371273e+01  6.600000e+01
   endloop
 endfacet
 facet normal -2.876090e-01  9.577479e-01  1.752392e-14
   outer loop
     vertex  1.033943e+02  5.387960e+01  6.600000e+01
     vertex  1.033943e+02  5.387960e+01  5.800000e+01
     vertex  1.029210e+02  5.373747e+01  6.600000e+01
   endloop
 endfacet
 facet normal -5.084557e-01  8.610882e-01  1.466960e-14
   outer loop
     vertex  1.038198e+02  5.413088e+01  6.600000e+01
     vertex  1.038198e+02  5.413088e+01  5.800000e+01
     vertex  1.033943e+02  5.387960e+01  5.800000e+01
   endloop
 endfacet
 facet normal -5.084557e-01  8.610882e-01  1.619940e-14
   outer loop
     vertex  1.038198e+02  5.413088e+01  6.600000e+01
     vertex  1.033943e+02  5.387960e+01  5.800000e+01
     vertex  1.033943e+02  5.387960e+01  6.600000e+01
   endloop
 endfacet
 facet normal -6.997528e-01  7.143851e-01  1.269003e-14
   outer loop
     vertex  1.041729e+02  5.447670e+01  6.600000e+01
     vertex  1.041729e+02  5.447670e+01  5.800000e+01
     vertex  1.038198e+02  5.413088e+01  5.800000e+01
   endloop
 endfacet
 facet normal -6.997528e-01  7.143851e-01  1.266466e-14
   outer loop
     vertex  1.041729e+02  5.447670e+01  6.600000e+01
     vertex  1.038198e+02  5.413088e+01  5.800000e+01
     vertex  1.038198e+02  5.413088e+01  6.600000e+01
   endloop
 endfacet
 facet normal -8.503828e-01  5.261646e-01  8.879232e-15
   outer loop
     vertex  1.044329e+02  5.489696e+01  6.600000e+01
     vertex  1.044329e+02  5.489696e+01  5.800000e+01
     vertex  1.041729e+02  5.447670e+01  5.800000e+01
   endloop
 endfacet
 facet normal -9.515916e-01  3.073653e-01  5.186909e-15
   outer loop
     vertex  1.044329e+02  5.489696e+01  6.600000e+01
     vertex  1.045848e+02  5.536724e+01  5.800000e+01
     vertex  1.044329e+02  5.489696e+01  5.800000e+01
   endloop
 endfacet
 facet normal -8.503828e-01  5.261646e-01  9.347562e-15
   outer loop
     vertex  1.044329e+02  5.489696e+01  6.600000e+01
     vertex  1.041729e+02  5.447670e+01  5.800000e+01
     vertex  1.041729e+02  5.447670e+01  6.600000e+01
   endloop
 endfacet
 facet normal -9.515916e-01  3.073653e-01  5.186909e-15
   outer loop
     vertex  1.045848e+02  5.536724e+01  6.600000e+01
     vertex  1.045848e+02  5.536724e+01  5.800000e+01
     vertex  1.044329e+02  5.489696e+01  6.600000e+01
   endloop
 endfacet
 facet normal -9.974974e-01  7.070302e-02 -5.787703e-16
   outer loop
     vertex  1.046198e+02  5.586020e+01  6.600000e+01
     vertex  1.046198e+02  5.586020e+01  5.800000e+01
     vertex  1.045848e+02  5.536724e+01  5.800000e+01
   endloop
 endfacet
 facet normal -9.974974e-01  7.070302e-02  1.192578e-15
   outer loop
     vertex  1.046198e+02  5.586020e+01  6.600000e+01
     vertex  1.045848e+02  5.536724e+01  5.800000e+01
     vertex  1.045848e+02  5.536724e+01  6.600000e+01
   endloop
 endfacet
 facet normal -9.854323e-01 -1.700682e-01 -2.869968e-15
   outer loop
     vertex  1.045357e+02  5.634720e+01  6.600000e+01
     vertex  1.045357e+02  5.634720e+01  5.800000e+01
     vertex  1.046198e+02  5.586020e+01  5.800000e+01
   endloop
 endfacet
 facet normal -9.854323e-01 -1.700682e-01 -4.619373e-15
   outer loop
     vertex  1.045357e+02  5.634720e+01  6.600000e+01
     vertex  1.046198e+02  5.586020e+01  5.800000e+01
     vertex  1.046198e+02  5.586020e+01  6.600000e+01
   endloop
 endfacet
 facet normal  9.160974e-01  4.009557e-01  6.764082e-15
   outer loop
     vertex  1.624772e+02  2.152999e+01  6.600000e+01
     vertex  1.622790e+02  2.198272e+01  5.800000e+01
     vertex  1.622790e+02  2.198272e+01  6.600000e+01
   endloop
 endfacet
 facet normal  9.160974e-01  4.009557e-01  6.766285e-15
   outer loop
     vertex  1.624772e+02  2.152999e+01  6.600000e+01
     vertex  1.624772e+02  2.152999e+01  5.800000e+01
     vertex  1.622790e+02  2.198272e+01  5.800000e+01
   endloop
 endfacet
 facet normal  7.935223e-01  6.085412e-01  1.026937e-14
   outer loop
     vertex  1.627779e+02  2.113783e+01  6.600000e+01
     vertex  1.627779e+02  2.113783e+01  5.800000e+01
     vertex  1.624772e+02  2.152999e+01  5.800000e+01
   endloop
 endfacet
 facet normal  6.248306e-01  7.807604e-01  1.317564e-14
   outer loop
     vertex  1.627779e+02  2.113783e+01  6.600000e+01
     vertex  1.631638e+02  2.082904e+01  5.800000e+01
     vertex  1.627779e+02  2.113783e+01  5.800000e+01
   endloop
 endfacet
 facet normal  7.935223e-01  6.085412e-01  1.026722e-14
   outer loop
     vertex  1.627779e+02  2.113783e+01  6.600000e+01
     vertex  1.624772e+02  2.152999e+01  5.800000e+01
     vertex  1.624772e+02  2.152999e+01  6.600000e+01
   endloop
 endfacet
 facet normal  4.198259e-01  9.076046e-01  1.991145e-14
   outer loop
     vertex  1.631638e+02  2.082904e+01  6.600000e+01
     vertex  1.636123e+02  2.062156e+01  5.800000e+01
     vertex  1.631638e+02  2.082904e+01  5.800000e+01
   endloop
 endfacet
 facet normal  6.248306e-01  7.807604e-01  1.900223e-14
   outer loop
     vertex  1.631638e+02  2.082904e+01  6.600000e+01
     vertex  1.631638e+02  2.082904e+01  5.800000e+01
     vertex  1.627779e+02  2.113783e+01  6.600000e+01
   endloop
 endfacet
 facet normal  4.198259e-01  9.076046e-01  1.531618e-14
   outer loop
     vertex  1.636123e+02  2.062156e+01  6.600000e+01
     vertex  1.636123e+02  2.062156e+01  5.800000e+01
     vertex  1.631638e+02  2.082904e+01  6.600000e+01
   endloop
 endfacet
 facet normal  1.904225e-01  9.817022e-01  1.724312e-14
   outer loop
     vertex  1.640975e+02  2.052745e+01  6.600000e+01
     vertex  1.640975e+02  2.052745e+01  5.800000e+01
     vertex  1.636123e+02  2.062156e+01  5.800000e+01
   endloop
 endfacet
 facet normal  1.904225e-01  9.817022e-01  1.656621e-14
   outer loop
     vertex  1.640975e+02  2.052745e+01  6.600000e+01
     vertex  1.636123e+02  2.062156e+01  5.800000e+01
     vertex  1.636123e+02  2.062156e+01  6.600000e+01
   endloop
 endfacet
 facet normal -5.004751e-02  9.987468e-01  1.845057e-14
   outer loop
     vertex  1.645910e+02  2.055219e+01  6.600000e+01
     vertex  1.645910e+02  2.055219e+01  5.800000e+01
     vertex  1.640975e+02  2.052745e+01  5.800000e+01
   endloop
 endfacet
 facet normal -5.004751e-02  9.987468e-01  1.667678e-14
   outer loop
     vertex  1.645910e+02  2.055219e+01  6.600000e+01
     vertex  1.640975e+02  2.052745e+01  5.800000e+01
     vertex  1.640975e+02  2.052745e+01  6.600000e+01
   endloop
 endfacet
 facet normal -2.876090e-01  9.577479e-01  1.616237e-14
   outer loop
     vertex  1.650644e+02  2.069432e+01  6.600000e+01
     vertex  1.650644e+02  2.069432e+01  5.800000e+01
     vertex  1.645910e+02  2.055219e+01  5.800000e+01
   endloop
 endfacet
 facet normal -2.876090e-01  9.577479e-01  1.684176e-14
   outer loop
     vertex  1.650644e+02  2.069432e+01  6.600000e+01
     vertex  1.645910e+02  2.055219e+01  5.800000e+01
     vertex  1.645910e+02  2.055219e+01  6.600000e+01
   endloop
 endfacet
 facet normal -5.084557e-01  8.610882e-01  1.376640e-14
   outer loop
     vertex  1.654899e+02  2.094560e+01  6.600000e+01
     vertex  1.654899e+02  2.094560e+01  5.800000e+01
     vertex  1.650644e+02  2.069432e+01  5.800000e+01
   endloop
 endfacet
 facet normal -5.084557e-01  8.610882e-01  1.453207e-14
   outer loop
     vertex  1.654899e+02  2.094560e+01  6.600000e+01
     vertex  1.650644e+02  2.069432e+01  5.800000e+01
     vertex  1.650644e+02  2.069432e+01  6.600000e+01
   endloop
 endfacet
 facet normal -6.997528e-01  7.143851e-01  1.142103e-14
   outer loop
     vertex  1.658430e+02  2.129142e+01  6.600000e+01
     vertex  1.658430e+02  2.129142e+01  5.800000e+01
     vertex  1.654899e+02  2.094560e+01  5.800000e+01
   endloop
 endfacet
 facet normal -6.997528e-01  7.143851e-01  1.141856e-14
   outer loop
     vertex  1.658430e+02  2.129142e+01  6.600000e+01
     vertex  1.654899e+02  2.094560e+01  5.800000e+01
     vertex  1.654899e+02  2.094560e+01  6.600000e+01
   endloop
 endfacet
 facet normal -8.503828e-01  5.261646e-01  6.325394e-15
   outer loop
     vertex  1.661030e+02  2.171168e+01  6.600000e+01
     vertex  1.661030e+02  2.171168e+01  5.800000e+01
     vertex  1.658430e+02  2.129142e+01  5.800000e+01
   endloop
 endfacet
 facet normal -9.515916e-01  3.073653e-01  2.079172e-15
   outer loop
     vertex  1.661030e+02  2.171168e+01  6.600000e+01
     vertex  1.662549e+02  2.218196e+01  5.800000e+01
     vertex  1.661030e+02  2.171168e+01  5.800000e+01
   endloop
 endfacet
 facet normal -8.503828e-01  5.261646e-01  8.410348e-15
   outer loop
     vertex  1.661030e+02  2.171168e+01  6.600000e+01
     vertex  1.658430e+02  2.129142e+01  5.800000e+01
     vertex  1.658430e+02  2.129142e+01  6.600000e+01
   endloop
 endfacet
 facet normal -9.515916e-01  3.073653e-01  4.913914e-15
   outer loop
     vertex  1.662549e+02  2.218196e+01  6.600000e+01
     vertex  1.662549e+02  2.218196e+01  5.800000e+01
     vertex  1.661030e+02  2.171168e+01  6.600000e+01
   endloop
 endfacet
 facet normal -9.974974e-01  7.070302e-02 -5.831707e-15
   outer loop
     vertex  1.662898e+02  2.267492e+01  6.600000e+01
     vertex  1.662898e+02  2.267492e+01  5.800000e+01
     vertex  1.662549e+02  2.218196e+01  5.800000e+01
   endloop
 endfacet
 facet normal -9.974974e-01  7.070302e-02  1.130272e-15
   outer loop
     vertex  1.662898e+02  2.267492e+01  6.600000e+01
     vertex  1.662549e+02  2.218196e+01  5.800000e+01
     vertex  1.662549e+02  2.218196e+01  6.600000e+01
   endloop
 endfacet
 facet normal -9.854323e-01 -1.700682e-01 -2.869968e-15
   outer loop
     vertex  1.662058e+02  2.316192e+01  6.600000e+01
     vertex  1.662058e+02  2.316192e+01  5.800000e+01
     vertex  1.662898e+02  2.267492e+01  5.800000e+01
   endloop
 endfacet
 facet normal -9.854323e-01 -1.700682e-01 -1.002327e-14
   outer loop
     vertex  1.662058e+02  2.316192e+01  6.600000e+01
     vertex  1.662898e+02  2.267492e+01  5.800000e+01
     vertex  1.662898e+02  2.267492e+01  6.600000e+01
   endloop
 endfacet
 facet normal  9.160974e-01  4.009557e-01  9.663476e-15
   outer loop
     vertex  1.380548e+02  2.049511e+01  6.600000e+01
     vertex  1.378567e+02  2.094785e+01  5.800000e+01
     vertex  1.378567e+02  2.094785e+01  6.600000e+01
   endloop
 endfacet
 facet normal  9.160974e-01  4.009557e-01  6.766285e-15
   outer loop
     vertex  1.380548e+02  2.049511e+01  6.600000e+01
     vertex  1.380548e+02  2.049511e+01  5.800000e+01
     vertex  1.378567e+02  2.094785e+01  5.800000e+01
   endloop
 endfacet
 facet normal  7.935223e-01  6.085412e-01  1.362902e-14
   outer loop
     vertex  1.383556e+02  2.010296e+01  6.600000e+01
     vertex  1.383556e+02  2.010296e+01  5.800000e+01
     vertex  1.380548e+02  2.049511e+01  5.800000e+01
   endloop
 endfacet
 facet normal  6.248306e-01  7.807604e-01  1.608893e-14
   outer loop
     vertex  1.383556e+02  2.010296e+01  6.600000e+01
     vertex  1.387414e+02  1.979416e+01  5.800000e+01
     vertex  1.383556e+02  2.010296e+01  5.800000e+01
   endloop
 endfacet
 facet normal  7.935223e-01  6.085412e-01  1.026722e-14
   outer loop
     vertex  1.383556e+02  2.010296e+01  6.600000e+01
     vertex  1.380548e+02  2.049511e+01  5.800000e+01
     vertex  1.380548e+02  2.049511e+01  6.600000e+01
   endloop
 endfacet
 facet normal  4.198259e-01  9.076046e-01  1.749311e-14
   outer loop
     vertex  1.387414e+02  1.979416e+01  6.600000e+01
     vertex  1.391900e+02  1.958669e+01  5.800000e+01
     vertex  1.387414e+02  1.979416e+01  5.800000e+01
   endloop
 endfacet
 facet normal  6.248306e-01  7.807604e-01  1.692187e-14
   outer loop
     vertex  1.387414e+02  1.979416e+01  6.600000e+01
     vertex  1.387414e+02  1.979416e+01  5.800000e+01
     vertex  1.383556e+02  2.010296e+01  6.600000e+01
   endloop
 endfacet
 facet normal  4.198259e-01  9.076046e-01  1.680770e-14
   outer loop
     vertex  1.391900e+02  1.958669e+01  6.600000e+01
     vertex  1.391900e+02  1.958669e+01  5.800000e+01
     vertex  1.387414e+02  1.979416e+01  6.600000e+01
   endloop
 endfacet
 facet normal  1.904225e-01  9.817022e-01  1.656661e-14
   outer loop
     vertex  1.396751e+02  1.949258e+01  6.600000e+01
     vertex  1.396751e+02  1.949258e+01  5.800000e+01
     vertex  1.391900e+02  1.958669e+01  5.800000e+01
   endloop
 endfacet
 facet normal  1.904225e-01  9.817022e-01  1.724367e-14
   outer loop
     vertex  1.396751e+02  1.949258e+01  6.600000e+01
     vertex  1.391900e+02  1.958669e+01  5.800000e+01
     vertex  1.391900e+02  1.958669e+01  6.600000e+01
   endloop
 endfacet
 facet normal -5.004751e-02  9.987468e-01  1.685424e-14
   outer loop
     vertex  1.401687e+02  1.951731e+01  6.600000e+01
     vertex  1.401687e+02  1.951731e+01  5.800000e+01
     vertex  1.396751e+02  1.949258e+01  5.800000e+01
   endloop
 endfacet
 facet normal -2.876090e-01  9.577479e-01  1.616237e-14
   outer loop
     vertex  1.401687e+02  1.951731e+01  6.600000e+01
     vertex  1.406420e+02  1.965945e+01  5.800000e+01
     vertex  1.401687e+02  1.951731e+01  5.800000e+01
   endloop
 endfacet
 facet normal -5.004751e-02  9.987468e-01  1.685448e-14
   outer loop
     vertex  1.401687e+02  1.951731e+01  6.600000e+01
     vertex  1.396751e+02  1.949258e+01  5.800000e+01
     vertex  1.396751e+02  1.949258e+01  6.600000e+01
   endloop
 endfacet
 facet normal -2.876090e-01  9.577479e-01  1.531172e-14
   outer loop
     vertex  1.406420e+02  1.965945e+01  6.600000e+01
     vertex  1.406420e+02  1.965945e+01  5.800000e+01
     vertex  1.401687e+02  1.951731e+01  6.600000e+01
   endloop
 endfacet
 facet normal -5.084557e-01  8.610882e-01  1.348960e-14
   outer loop
     vertex  1.410676e+02  1.991073e+01  6.600000e+01
     vertex  1.410676e+02  1.991073e+01  5.800000e+01
     vertex  1.406420e+02  1.965945e+01  5.800000e+01
   endloop
 endfacet
 facet normal -5.084557e-01  8.610882e-01  1.376686e-14
   outer loop
     vertex  1.410676e+02  1.991073e+01  6.600000e+01
     vertex  1.406420e+02  1.965945e+01  5.800000e+01
     vertex  1.406420e+02  1.965945e+01  6.600000e+01
   endloop
 endfacet
 facet normal -6.997528e-01  7.143851e-01  1.020401e-14
   outer loop
     vertex  1.414206e+02  2.025655e+01  6.600000e+01
     vertex  1.414206e+02  2.025655e+01  5.800000e+01
     vertex  1.410676e+02  1.991073e+01  5.800000e+01
   endloop
 endfacet
 facet normal -6.997528e-01  7.143851e-01  1.020404e-14
   outer loop
     vertex  1.414206e+02  2.025655e+01  6.600000e+01
     vertex  1.410676e+02  1.991073e+01  5.800000e+01
     vertex  1.410676e+02  1.991073e+01  6.600000e+01
   endloop
 endfacet
 facet normal -8.503828e-01  5.261646e-01  5.858066e-15
   outer loop
     vertex  1.416807e+02  2.067681e+01  6.600000e+01
     vertex  1.416807e+02  2.067681e+01  5.800000e+01
     vertex  1.414206e+02  2.025655e+01  5.800000e+01
   endloop
 endfacet
 facet normal -9.515916e-01  3.073653e-01  1.806176e-15
   outer loop
     vertex  1.416807e+02  2.067681e+01  6.600000e+01
     vertex  1.418326e+02  2.114708e+01  5.800000e+01
     vertex  1.416807e+02  2.067681e+01  5.800000e+01
   endloop
 endfacet
 facet normal -8.503828e-01  5.261646e-01  6.325312e-15
   outer loop
     vertex  1.416807e+02  2.067681e+01  6.600000e+01
     vertex  1.414206e+02  2.025655e+01  5.800000e+01
     vertex  1.414206e+02  2.025655e+01  6.600000e+01
   endloop
 endfacet
 facet normal -9.515916e-01  3.073653e-01  1.806176e-15
   outer loop
     vertex  1.418326e+02  2.114708e+01  6.600000e+01
     vertex  1.418326e+02  2.114708e+01  5.800000e+01
     vertex  1.416807e+02  2.067681e+01  6.600000e+01
   endloop
 endfacet
 facet normal -9.974974e-01  7.070302e-02  1.193141e-15
   outer loop
     vertex  1.418675e+02  2.164005e+01  6.600000e+01
     vertex  1.418675e+02  2.164005e+01  5.800000e+01
     vertex  1.418326e+02  2.114708e+01  5.800000e+01
   endloop
 endfacet
 facet normal -9.974974e-01  7.070302e-02 -2.350931e-15
   outer loop
     vertex  1.418675e+02  2.164005e+01  6.600000e+01
     vertex  1.418326e+02  2.114708e+01  5.800000e+01
     vertex  1.418326e+02  2.114708e+01  6.600000e+01
   endloop
 endfacet
 facet normal -9.854323e-01 -1.700682e-01 -2.718917e-15
   outer loop
     vertex  1.417834e+02  2.212705e+01  6.600000e+01
     vertex  1.417834e+02  2.212705e+01  5.800000e+01
     vertex  1.418675e+02  2.164005e+01  5.800000e+01
   endloop
 endfacet
 facet normal -9.854323e-01 -1.700682e-01 -2.869558e-15
   outer loop
     vertex  1.417834e+02  2.212705e+01  6.600000e+01
     vertex  1.418675e+02  2.164005e+01  5.800000e+01
     vertex  1.418675e+02  2.164005e+01  6.600000e+01
   endloop
 endfacet
 facet normal  9.160974e-01  4.009557e-01  7.122119e-15
   outer loop
     vertex  1.133980e+02  3.376319e+01  6.600000e+01
     vertex  1.131999e+02  3.421592e+01  5.800000e+01
     vertex  1.131999e+02  3.421592e+01  6.600000e+01
   endloop
 endfacet
 facet normal  9.160974e-01  4.009557e-01  5.138969e-15
   outer loop
     vertex  1.133980e+02  3.376319e+01  6.600000e+01
     vertex  1.133980e+02  3.376319e+01  5.800000e+01
     vertex  1.131999e+02  3.421592e+01  5.800000e+01
   endloop
 endfacet
 facet normal  7.935223e-01  6.085412e-01  1.135036e-14
   outer loop
     vertex  1.136988e+02  3.337103e+01  6.600000e+01
     vertex  1.136988e+02  3.337103e+01  5.800000e+01
     vertex  1.133980e+02  3.376319e+01  5.800000e+01
   endloop
 endfacet
 facet normal  6.248306e-01  7.807604e-01  1.456254e-14
   outer loop
     vertex  1.136988e+02  3.337103e+01  6.600000e+01
     vertex  1.140846e+02  3.306224e+01  5.800000e+01
     vertex  1.136988e+02  3.337103e+01  5.800000e+01
   endloop
 endfacet
 facet normal  7.935223e-01  6.085412e-01  8.859649e-15
   outer loop
     vertex  1.136988e+02  3.337103e+01  6.600000e+01
     vertex  1.133980e+02  3.376319e+01  5.800000e+01
     vertex  1.133980e+02  3.376319e+01  6.600000e+01
   endloop
 endfacet
 facet normal  4.198259e-01  9.076046e-01  1.612230e-14
   outer loop
     vertex  1.140846e+02  3.306224e+01  6.600000e+01
     vertex  1.145332e+02  3.285476e+01  5.800000e+01
     vertex  1.140846e+02  3.306224e+01  5.800000e+01
   endloop
 endfacet
 facet normal  6.248306e-01  7.807604e-01  1.386909e-14
   outer loop
     vertex  1.140846e+02  3.306224e+01  6.600000e+01
     vertex  1.140846e+02  3.306224e+01  5.800000e+01
     vertex  1.136988e+02  3.337103e+01  6.600000e+01
   endloop
 endfacet
 facet normal  4.198259e-01  9.076046e-01  1.531618e-14
   outer loop
     vertex  1.145332e+02  3.285476e+01  6.600000e+01
     vertex  1.145332e+02  3.285476e+01  5.800000e+01
     vertex  1.140846e+02  3.306224e+01  6.600000e+01
   endloop
 endfacet
 facet normal  1.904225e-01  9.817022e-01  1.656661e-14
   outer loop
     vertex  1.150183e+02  3.276065e+01  6.600000e+01
     vertex  1.150183e+02  3.276065e+01  5.800000e+01
     vertex  1.145332e+02  3.285476e+01  5.800000e+01
   endloop
 endfacet
 facet normal  1.904225e-01  9.817022e-01  1.656621e-14
   outer loop
     vertex  1.150183e+02  3.276065e+01  6.600000e+01
     vertex  1.145332e+02  3.285476e+01  5.800000e+01
     vertex  1.145332e+02  3.285476e+01  6.600000e+01
   endloop
 endfacet
 facet normal -5.004751e-02  9.987468e-01  1.685424e-14
   outer loop
     vertex  1.155119e+02  3.278539e+01  6.600000e+01
     vertex  1.155119e+02  3.278539e+01  5.800000e+01
     vertex  1.150183e+02  3.276065e+01  5.800000e+01
   endloop
 endfacet
 facet normal -5.004751e-02  9.987468e-01  1.685404e-14
   outer loop
     vertex  1.155119e+02  3.278539e+01  6.600000e+01
     vertex  1.150183e+02  3.276065e+01  5.800000e+01
     vertex  1.150183e+02  3.276065e+01  6.600000e+01
   endloop
 endfacet
 facet normal -2.876090e-01  9.577479e-01  1.786367e-14
   outer loop
     vertex  1.159852e+02  3.292752e+01  6.600000e+01
     vertex  1.159852e+02  3.292752e+01  5.800000e+01
     vertex  1.155119e+02  3.278539e+01  5.800000e+01
   endloop
 endfacet
 facet normal -2.876090e-01  9.577479e-01  1.616079e-14
   outer loop
     vertex  1.159852e+02  3.292752e+01  6.600000e+01
     vertex  1.155119e+02  3.278539e+01  5.800000e+01
     vertex  1.155119e+02  3.278539e+01  6.600000e+01
   endloop
 endfacet
 facet normal -5.084557e-01  8.610882e-01  1.376640e-14
   outer loop
     vertex  1.164108e+02  3.317880e+01  6.600000e+01
     vertex  1.164108e+02  3.317880e+01  5.800000e+01
     vertex  1.159852e+02  3.292752e+01  5.800000e+01
   endloop
 endfacet
 facet normal -5.084557e-01  8.610882e-01  1.606250e-14
   outer loop
     vertex  1.164108e+02  3.317880e+01  6.600000e+01
     vertex  1.159852e+02  3.292752e+01  5.800000e+01
     vertex  1.159852e+02  3.292752e+01  6.600000e+01
   endloop
 endfacet
 facet normal -6.997528e-01  7.143851e-01  1.269003e-14
   outer loop
     vertex  1.167638e+02  3.352462e+01  6.600000e+01
     vertex  1.167638e+02  3.352462e+01  5.800000e+01
     vertex  1.164108e+02  3.317880e+01  5.800000e+01
   endloop
 endfacet
 facet normal -6.997528e-01  7.143851e-01  1.142207e-14
   outer loop
     vertex  1.167638e+02  3.352462e+01  6.600000e+01
     vertex  1.164108e+02  3.317880e+01  5.800000e+01
     vertex  1.164108e+02  3.317880e+01  6.600000e+01
   endloop
 endfacet
 facet normal -8.503828e-01  5.261646e-01  9.346560e-15
   outer loop
     vertex  1.170238e+02  3.394488e+01  6.600000e+01
     vertex  1.170238e+02  3.394488e+01  5.800000e+01
     vertex  1.167638e+02  3.352462e+01  5.800000e+01
   endloop
 endfacet
 facet normal -9.515916e-01  3.073653e-01  5.459904e-15
   outer loop
     vertex  1.170238e+02  3.394488e+01  6.600000e+01
     vertex  1.171757e+02  3.441516e+01  5.800000e+01
     vertex  1.170238e+02  3.394488e+01  5.800000e+01
   endloop
 endfacet
 facet normal -8.503828e-01  5.261646e-01  9.344052e-15
   outer loop
     vertex  1.170238e+02  3.394488e+01  6.600000e+01
     vertex  1.167638e+02  3.352462e+01  5.800000e+01
     vertex  1.167638e+02  3.352462e+01  6.600000e+01
   endloop
 endfacet
 facet normal -9.515916e-01  3.073653e-01  3.769538e-15
   outer loop
     vertex  1.171757e+02  3.441516e+01  6.600000e+01
     vertex  1.171757e+02  3.441516e+01  5.800000e+01
     vertex  1.170238e+02  3.394488e+01  6.600000e+01
   endloop
 endfacet
 facet normal -9.974974e-01  7.070302e-02  1.255938e-15
   outer loop
     vertex  1.172107e+02  3.490812e+01  6.600000e+01
     vertex  1.172107e+02  3.490812e+01  5.800000e+01
     vertex  1.171757e+02  3.441516e+01  5.800000e+01
   endloop
 endfacet
 facet normal -9.974974e-01  7.070302e-02 -5.159938e-16
   outer loop
     vertex  1.172107e+02  3.490812e+01  6.600000e+01
     vertex  1.171757e+02  3.441516e+01  5.800000e+01
     vertex  1.171757e+02  3.441516e+01  6.600000e+01
   endloop
 endfacet
 facet normal -9.854323e-01 -1.700682e-01 -2.869968e-15
   outer loop
     vertex  1.171266e+02  3.539512e+01  6.600000e+01
     vertex  1.171266e+02  3.539512e+01  5.800000e+01
     vertex  1.172107e+02  3.490812e+01  5.800000e+01
   endloop
 endfacet
 facet normal -9.854323e-01 -1.700682e-01 -3.020494e-15
   outer loop
     vertex  1.171266e+02  3.539512e+01  6.600000e+01
     vertex  1.172107e+02  3.490812e+01  5.800000e+01
     vertex  1.172107e+02  3.490812e+01  6.600000e+01
   endloop
 endfacet
 facet normal  9.160974e-01  4.009557e-01  7.122405e-15
   outer loop
     vertex  1.337942e+02  1.168381e+02  6.600000e+01
     vertex  1.339924e+02  1.163853e+02  5.800000e+01
     vertex  1.337942e+02  1.168381e+02  5.800000e+01
   endloop
 endfacet
 facet normal  9.160974e-01  4.009557e-01  1.037704e-14
   outer loop
     vertex  1.339924e+02  1.163853e+02  6.600000e+01
     vertex  1.339924e+02  1.163853e+02  5.800000e+01
     vertex  1.337942e+02  1.168381e+02  6.600000e+01
   endloop
 endfacet
 facet normal  7.935223e-01  6.085412e-01  1.362902e-14
   outer loop
     vertex  1.342931e+02  1.159932e+02  6.600000e+01
     vertex  1.342931e+02  1.159932e+02  5.800000e+01
     vertex  1.339924e+02  1.163853e+02  5.800000e+01
   endloop
 endfacet
 facet normal  7.935223e-01  6.085412e-01  1.362996e-14
   outer loop
     vertex  1.342931e+02  1.159932e+02  6.600000e+01
     vertex  1.339924e+02  1.163853e+02  5.800000e+01
     vertex  1.339924e+02  1.163853e+02  6.600000e+01
   endloop
 endfacet
 facet normal  6.248306e-01  7.807604e-01  1.608893e-14
   outer loop
     vertex  1.346790e+02  1.156844e+02  6.600000e+01
     vertex  1.346790e+02  1.156844e+02  5.800000e+01
     vertex  1.342931e+02  1.159932e+02  5.800000e+01
   endloop
 endfacet
 facet normal  6.248306e-01  7.807604e-01  1.608707e-14
   outer loop
     vertex  1.346790e+02  1.156844e+02  6.600000e+01
     vertex  1.342931e+02  1.159932e+02  5.800000e+01
     vertex  1.342931e+02  1.159932e+02  6.600000e+01
   endloop
 endfacet
 facet normal  4.198259e-01  9.076046e-01  1.451007e-14
   outer loop
     vertex  1.351275e+02  1.154769e+02  6.600000e+01
     vertex  1.351275e+02  1.154769e+02  5.800000e+01
     vertex  1.346790e+02  1.156844e+02  5.800000e+01
   endloop
 endfacet
 facet normal  4.198259e-01  9.076046e-01  1.761399e-14
   outer loop
     vertex  1.351275e+02  1.154769e+02  6.600000e+01
     vertex  1.346790e+02  1.156844e+02  5.800000e+01
     vertex  1.346790e+02  1.156844e+02  6.600000e+01
   endloop
 endfacet
 facet normal  1.904225e-01  9.817022e-01  1.395083e-14
   outer loop
     vertex  1.356127e+02  1.153828e+02  6.600000e+01
     vertex  1.356127e+02  1.153828e+02  5.800000e+01
     vertex  1.351275e+02  1.154769e+02  5.800000e+01
   endloop
 endfacet
 facet normal  1.904225e-01  9.817022e-01  1.569393e-14
   outer loop
     vertex  1.356127e+02  1.153828e+02  6.600000e+01
     vertex  1.351275e+02  1.154769e+02  5.800000e+01
     vertex  1.351275e+02  1.154769e+02  6.600000e+01
   endloop
 endfacet
 facet normal -5.004751e-02  9.987468e-01  1.419305e-14
   outer loop
     vertex  1.361062e+02  1.154075e+02  6.600000e+01
     vertex  1.361062e+02  1.154075e+02  5.800000e+01
     vertex  1.356127e+02  1.153828e+02  5.800000e+01
   endloop
 endfacet
 facet normal -5.004751e-02  9.987468e-01  1.419334e-14
   outer loop
     vertex  1.361062e+02  1.154075e+02  6.600000e+01
     vertex  1.356127e+02  1.153828e+02  5.800000e+01
     vertex  1.356127e+02  1.153828e+02  6.600000e+01
   endloop
 endfacet
 facet normal -2.876090e-01  9.577479e-01  1.531172e-14
   outer loop
     vertex  1.365796e+02  1.155497e+02  6.600000e+01
     vertex  1.365796e+02  1.155497e+02  5.800000e+01
     vertex  1.361062e+02  1.154075e+02  5.800000e+01
   endloop
 endfacet
 facet normal -2.876090e-01  9.577479e-01  1.361241e-14
   outer loop
     vertex  1.365796e+02  1.155497e+02  6.600000e+01
     vertex  1.361062e+02  1.154075e+02  5.800000e+01
     vertex  1.361062e+02  1.154075e+02  6.600000e+01
   endloop
 endfacet
 facet normal -5.084557e-01  8.610882e-01  1.043040e-14
   outer loop
     vertex  1.370051e+02  1.158010e+02  6.600000e+01
     vertex  1.370051e+02  1.158010e+02  5.800000e+01
     vertex  1.365796e+02  1.155497e+02  5.800000e+01
   endloop
 endfacet
 facet normal -5.084557e-01  8.610882e-01  1.376335e-14
   outer loop
     vertex  1.370051e+02  1.158010e+02  6.600000e+01
     vertex  1.365796e+02  1.155497e+02  5.800000e+01
     vertex  1.365796e+02  1.155497e+02  6.600000e+01
   endloop
 endfacet
 facet normal -6.997528e-01  7.143851e-01  1.020401e-14
   outer loop
     vertex  1.373582e+02  1.161468e+02  6.600000e+01
     vertex  1.373582e+02  1.161468e+02  5.800000e+01
     vertex  1.370051e+02  1.158010e+02  5.800000e+01
   endloop
 endfacet
 facet normal -6.997528e-01  7.143851e-01  7.666194e-15
   outer loop
     vertex  1.373582e+02  1.161468e+02  6.600000e+01
     vertex  1.370051e+02  1.158010e+02  5.800000e+01
     vertex  1.370051e+02  1.158010e+02  6.600000e+01
   endloop
 endfacet
 facet normal -8.503828e-01  5.261646e-01  8.411904e-15
   outer loop
     vertex  1.376182e+02  1.165670e+02  6.600000e+01
     vertex  1.376182e+02  1.165670e+02  5.800000e+01
     vertex  1.373582e+02  1.161468e+02  5.800000e+01
   endloop
 endfacet
 facet normal -8.503828e-01  5.261646e-01  6.325312e-15
   outer loop
     vertex  1.376182e+02  1.165670e+02  6.600000e+01
     vertex  1.373582e+02  1.161468e+02  5.800000e+01
     vertex  1.373582e+02  1.161468e+02  6.600000e+01
   endloop
 endfacet
 facet normal -9.515916e-01  3.073653e-01  9.871907e-16
   outer loop
     vertex  1.377701e+02  1.170373e+02  6.600000e+01
     vertex  1.377701e+02  1.170373e+02  5.800000e+01
     vertex  1.376182e+02  1.165670e+02  5.800000e+01
   endloop
 endfacet
 facet normal -9.515916e-01  3.073653e-01  4.914227e-15
   outer loop
     vertex  1.377701e+02  1.170373e+02  6.600000e+01
     vertex  1.376182e+02  1.165670e+02  5.800000e+01
     vertex  1.376182e+02  1.165670e+02  6.600000e+01
   endloop
 endfacet
 facet normal -9.974974e-01  7.070302e-02  1.130344e-15
   outer loop
     vertex  1.378050e+02  1.175303e+02  6.600000e+01
     vertex  1.378050e+02  1.175303e+02  5.800000e+01
     vertex  1.377701e+02  1.170373e+02  5.800000e+01
   endloop
 endfacet
 facet normal -9.974974e-01  7.070302e-02 -2.538725e-15
   outer loop
     vertex  1.378050e+02  1.175303e+02  6.600000e+01
     vertex  1.377701e+02  1.170373e+02  5.800000e+01
     vertex  1.377701e+02  1.170373e+02  6.600000e+01
   endloop
 endfacet
 facet normal -9.854323e-01 -1.700682e-01 -6.521978e-15
   outer loop
     vertex  1.377210e+02  1.180173e+02  6.600000e+01
     vertex  1.377210e+02  1.180173e+02  5.800000e+01
     vertex  1.378050e+02  1.175303e+02  5.800000e+01
   endloop
 endfacet
 facet normal -9.854323e-01 -1.700682e-01 -2.718621e-15
   outer loop
     vertex  1.377210e+02  1.180173e+02  6.600000e+01
     vertex  1.378050e+02  1.175303e+02  5.800000e+01
     vertex  1.378050e+02  1.175303e+02  6.600000e+01
   endloop
 endfacet
 facet normal  9.160974e-01  4.009557e-01  1.363167e-14
   outer loop
     vertex  1.582166e+02  1.178730e+02  6.600000e+01
     vertex  1.584147e+02  1.174202e+02  5.800000e+01
     vertex  1.582166e+02  1.178730e+02  5.800000e+01
   endloop
 endfacet
 facet normal  9.160974e-01  4.009557e-01  1.037704e-14
   outer loop
     vertex  1.584147e+02  1.174202e+02  6.600000e+01
     vertex  1.584147e+02  1.174202e+02  5.800000e+01
     vertex  1.582166e+02  1.178730e+02  6.600000e+01
   endloop
 endfacet
 facet normal  7.935223e-01  6.085412e-01  7.566904e-15
   outer loop
     vertex  1.587154e+02  1.170281e+02  6.600000e+01
     vertex  1.587154e+02  1.170281e+02  5.800000e+01
     vertex  1.584147e+02  1.174202e+02  5.800000e+01
   endloop
 endfacet
 facet normal  7.935223e-01  6.085412e-01  1.362645e-14
   outer loop
     vertex  1.587154e+02  1.170281e+02  6.600000e+01
     vertex  1.584147e+02  1.174202e+02  5.800000e+01
     vertex  1.584147e+02  1.174202e+02  6.600000e+01
   endloop
 endfacet
 facet normal  6.248306e-01  7.807604e-01  1.608893e-14
   outer loop
     vertex  1.591013e+02  1.167193e+02  6.600000e+01
     vertex  1.591013e+02  1.167193e+02  5.800000e+01
     vertex  1.587154e+02  1.170281e+02  5.800000e+01
   endloop
 endfacet
 facet normal  6.248306e-01  7.807604e-01  9.705598e-15
   outer loop
     vertex  1.591013e+02  1.167193e+02  6.600000e+01
     vertex  1.587154e+02  1.170281e+02  5.800000e+01
     vertex  1.587154e+02  1.170281e+02  6.600000e+01
   endloop
 endfacet
 facet normal  4.198259e-01  9.076046e-01  1.451007e-14
   outer loop
     vertex  1.595498e+02  1.165118e+02  6.600000e+01
     vertex  1.595498e+02  1.165118e+02  5.800000e+01
     vertex  1.591013e+02  1.167193e+02  5.800000e+01
   endloop
 endfacet
 facet normal  4.198259e-01  9.076046e-01  1.761399e-14
   outer loop
     vertex  1.595498e+02  1.165118e+02  6.600000e+01
     vertex  1.591013e+02  1.167193e+02  5.800000e+01
     vertex  1.591013e+02  1.167193e+02  6.600000e+01
   endloop
 endfacet
 facet normal  1.904225e-01  9.817022e-01  1.811505e-14
   outer loop
     vertex  1.600350e+02  1.164177e+02  6.600000e+01
     vertex  1.600350e+02  1.164177e+02  5.800000e+01
     vertex  1.595498e+02  1.165118e+02  5.800000e+01
   endloop
 endfacet
 facet normal  1.904225e-01  9.817022e-01  1.569569e-14
   outer loop
     vertex  1.600350e+02  1.164177e+02  6.600000e+01
     vertex  1.595498e+02  1.165118e+02  5.800000e+01
     vertex  1.595498e+02  1.165118e+02  6.600000e+01
   endloop
 endfacet
 facet normal -5.004751e-02  9.987468e-01  1.756350e-14
   outer loop
     vertex  1.605286e+02  1.164424e+02  6.600000e+01
     vertex  1.605286e+02  1.164424e+02  5.800000e+01
     vertex  1.600350e+02  1.164177e+02  5.800000e+01
   endloop
 endfacet
 facet normal -5.004751e-02  9.987468e-01  1.756353e-14
   outer loop
     vertex  1.605286e+02  1.164424e+02  6.600000e+01
     vertex  1.600350e+02  1.164177e+02  5.800000e+01
     vertex  1.600350e+02  1.164177e+02  6.600000e+01
   endloop
 endfacet
 facet normal -2.876090e-01  9.577479e-01  1.599123e-14
   outer loop
     vertex  1.610019e+02  1.165846e+02  6.600000e+01
     vertex  1.610019e+02  1.165846e+02  5.800000e+01
     vertex  1.605286e+02  1.164424e+02  5.800000e+01
   endloop
 endfacet
 facet normal -2.876090e-01  9.577479e-01  1.599230e-14
   outer loop
     vertex  1.610019e+02  1.165846e+02  6.600000e+01
     vertex  1.605286e+02  1.164424e+02  5.800000e+01
     vertex  1.605286e+02  1.164424e+02  6.600000e+01
   endloop
 endfacet
 facet normal -5.084557e-01  8.610882e-01  1.348960e-14
   outer loop
     vertex  1.614274e+02  1.168358e+02  6.600000e+01
     vertex  1.614274e+02  1.168358e+02  5.800000e+01
     vertex  1.610019e+02  1.165846e+02  5.800000e+01
   endloop
 endfacet
 facet normal -6.997528e-01  7.143851e-01  1.020401e-14
   outer loop
     vertex  1.614274e+02  1.168358e+02  6.600000e+01
     vertex  1.617805e+02  1.171816e+02  5.800000e+01
     vertex  1.614274e+02  1.168358e+02  5.800000e+01
   endloop
 endfacet
 facet normal -5.084557e-01  8.610882e-01  1.348955e-14
   outer loop
     vertex  1.614274e+02  1.168358e+02  6.600000e+01
     vertex  1.610019e+02  1.165846e+02  5.800000e+01
     vertex  1.610019e+02  1.165846e+02  6.600000e+01
   endloop
 endfacet
 facet normal -6.997528e-01  7.143851e-01  1.142103e-14
   outer loop
     vertex  1.617805e+02  1.171816e+02  6.600000e+01
     vertex  1.617805e+02  1.171816e+02  5.800000e+01
     vertex  1.614274e+02  1.168358e+02  6.600000e+01
   endloop
 endfacet
 facet normal -8.503828e-01  5.261646e-01  8.411904e-15
   outer loop
     vertex  1.620405e+02  1.176019e+02  6.600000e+01
     vertex  1.620405e+02  1.176019e+02  5.800000e+01
     vertex  1.617805e+02  1.171816e+02  5.800000e+01
   endloop
 endfacet
 facet normal -8.503828e-01  5.261646e-01  8.410348e-15
   outer loop
     vertex  1.620405e+02  1.176019e+02  6.600000e+01
     vertex  1.617805e+02  1.171816e+02  5.800000e+01
     vertex  1.617805e+02  1.171816e+02  6.600000e+01
   endloop
 endfacet
 facet normal -9.515916e-01  3.073653e-01  5.459904e-15
   outer loop
     vertex  1.621924e+02  1.180722e+02  6.600000e+01
     vertex  1.621924e+02  1.180722e+02  5.800000e+01
     vertex  1.620405e+02  1.176019e+02  5.800000e+01
   endloop
 endfacet
 facet normal -9.515916e-01  3.073653e-01  4.914227e-15
   outer loop
     vertex  1.621924e+02  1.180722e+02  6.600000e+01
     vertex  1.620405e+02  1.176019e+02  5.800000e+01
     vertex  1.620405e+02  1.176019e+02  6.600000e+01
   endloop
 endfacet
 facet normal -9.974974e-01  7.070302e-02 -2.413479e-15
   outer loop
     vertex  1.622274e+02  1.185651e+02  6.600000e+01
     vertex  1.622274e+02  1.185651e+02  5.800000e+01
     vertex  1.621924e+02  1.180722e+02  5.800000e+01
   endloop
 endfacet
 facet normal -9.974974e-01  7.070302e-02  1.255760e-15
   outer loop
     vertex  1.622274e+02  1.185651e+02  6.600000e+01
     vertex  1.621924e+02  1.180722e+02  5.800000e+01
     vertex  1.621924e+02  1.180722e+02  6.600000e+01
   endloop
 endfacet
 facet normal -9.854323e-01 -1.700682e-01 -2.416815e-15
   outer loop
     vertex  1.621433e+02  1.190522e+02  6.600000e+01
     vertex  1.621433e+02  1.190522e+02  5.800000e+01
     vertex  1.622274e+02  1.185651e+02  5.800000e+01
   endloop
 endfacet
 facet normal -9.854323e-01 -1.700682e-01 -6.220007e-15
   outer loop
     vertex  1.621433e+02  1.190522e+02  6.600000e+01
     vertex  1.622274e+02  1.185651e+02  5.800000e+01
     vertex  1.622274e+02  1.185651e+02  6.600000e+01
   endloop
 endfacet
 facet normal  9.160974e-01  4.009557e-01  1.037704e-14
   outer loop
     vertex  1.828734e+02  1.046049e+02  6.600000e+01
     vertex  1.830715e+02  1.041521e+02  5.800000e+01
     vertex  1.828734e+02  1.046049e+02  5.800000e+01
   endloop
 endfacet
 facet normal  9.160974e-01  4.009557e-01  7.122405e-15
   outer loop
     vertex  1.830715e+02  1.041521e+02  6.600000e+01
     vertex  1.830715e+02  1.041521e+02  5.800000e+01
     vertex  1.828734e+02  1.046049e+02  6.600000e+01
   endloop
 endfacet
 facet normal  7.935223e-01  6.085412e-01  1.080986e-14
   outer loop
     vertex  1.833723e+02  1.037600e+02  6.600000e+01
     vertex  1.833723e+02  1.037600e+02  5.800000e+01
     vertex  1.830715e+02  1.041521e+02  5.800000e+01
   endloop
 endfacet
 facet normal  7.935223e-01  6.085412e-01  1.080779e-14
   outer loop
     vertex  1.833723e+02  1.037600e+02  6.600000e+01
     vertex  1.830715e+02  1.041521e+02  5.800000e+01
     vertex  1.830715e+02  1.041521e+02  6.600000e+01
   endloop
 endfacet
 facet normal  6.248306e-01  7.807604e-01  1.386909e-14
   outer loop
     vertex  1.837581e+02  1.034512e+02  6.600000e+01
     vertex  1.837581e+02  1.034512e+02  5.800000e+01
     vertex  1.833723e+02  1.037600e+02  5.800000e+01
   endloop
 endfacet
 facet normal  6.248306e-01  7.807604e-01  1.386865e-14
   outer loop
     vertex  1.837581e+02  1.034512e+02  6.600000e+01
     vertex  1.833723e+02  1.037600e+02  5.800000e+01
     vertex  1.833723e+02  1.037600e+02  6.600000e+01
   endloop
 endfacet
 facet normal  4.198259e-01  9.076046e-01  1.612230e-14
   outer loop
     vertex  1.842066e+02  1.032437e+02  6.600000e+01
     vertex  1.842066e+02  1.032437e+02  5.800000e+01
     vertex  1.837581e+02  1.034512e+02  5.800000e+01
   endloop
 endfacet
 facet normal  4.198259e-01  9.076046e-01  1.612217e-14
   outer loop
     vertex  1.842066e+02  1.032437e+02  6.600000e+01
     vertex  1.837581e+02  1.034512e+02  5.800000e+01
     vertex  1.837581e+02  1.034512e+02  6.600000e+01
   endloop
 endfacet
 facet normal  1.904225e-01  9.817022e-01  1.743853e-14
   outer loop
     vertex  1.846918e+02  1.031496e+02  6.600000e+01
     vertex  1.846918e+02  1.031496e+02  5.800000e+01
     vertex  1.842066e+02  1.032437e+02  5.800000e+01
   endloop
 endfacet
 facet normal  1.904225e-01  9.817022e-01  1.743849e-14
   outer loop
     vertex  1.846918e+02  1.031496e+02  6.600000e+01
     vertex  1.842066e+02  1.032437e+02  5.800000e+01
     vertex  1.842066e+02  1.032437e+02  6.600000e+01
   endloop
 endfacet
 facet normal -5.004751e-02  9.987468e-01  1.951544e-14
   outer loop
     vertex  1.851854e+02  1.031743e+02  6.600000e+01
     vertex  1.851854e+02  1.031743e+02  5.800000e+01
     vertex  1.846918e+02  1.031496e+02  5.800000e+01
   endloop
 endfacet
 facet normal -5.004751e-02  9.987468e-01  1.774124e-14
   outer loop
     vertex  1.851854e+02  1.031743e+02  6.600000e+01
     vertex  1.846918e+02  1.031496e+02  5.800000e+01
     vertex  1.846918e+02  1.031496e+02  6.600000e+01
   endloop
 endfacet
 facet normal -2.876090e-01  9.577479e-01  1.667074e-14
   outer loop
     vertex  1.856587e+02  1.033165e+02  6.600000e+01
     vertex  1.856587e+02  1.033165e+02  5.800000e+01
     vertex  1.851854e+02  1.031743e+02  5.800000e+01
   endloop
 endfacet
 facet normal -2.876090e-01  9.577479e-01  1.871618e-14
   outer loop
     vertex  1.856587e+02  1.033165e+02  6.600000e+01
     vertex  1.851854e+02  1.031743e+02  5.800000e+01
     vertex  1.851854e+02  1.031743e+02  6.600000e+01
   endloop
 endfacet
 facet normal -5.084557e-01  8.610882e-01  1.654880e-14
   outer loop
     vertex  1.860843e+02  1.035678e+02  6.600000e+01
     vertex  1.860843e+02  1.035678e+02  5.800000e+01
     vertex  1.856587e+02  1.033165e+02  5.800000e+01
   endloop
 endfacet
 facet normal -5.084557e-01  8.610882e-01  1.321225e-14
   outer loop
     vertex  1.860843e+02  1.035678e+02  6.600000e+01
     vertex  1.856587e+02  1.033165e+02  5.800000e+01
     vertex  1.856587e+02  1.033165e+02  6.600000e+01
   endloop
 endfacet
 facet normal -6.997528e-01  7.143851e-01  1.395903e-14
   outer loop
     vertex  1.864373e+02  1.039136e+02  6.600000e+01
     vertex  1.864373e+02  1.039136e+02  5.800000e+01
     vertex  1.860843e+02  1.035678e+02  5.800000e+01
   endloop
 endfacet
 facet normal -6.997528e-01  7.143851e-01  1.274189e-14
   outer loop
     vertex  1.864373e+02  1.039136e+02  6.600000e+01
     vertex  1.860843e+02  1.035678e+02  5.800000e+01
     vertex  1.860843e+02  1.035678e+02  6.600000e+01
   endloop
 endfacet
 facet normal -8.503828e-01  5.261646e-01  7.260050e-15
   outer loop
     vertex  1.866973e+02  1.043338e+02  6.600000e+01
     vertex  1.866973e+02  1.043338e+02  5.800000e+01
     vertex  1.864373e+02  1.039136e+02  5.800000e+01
   endloop
 endfacet
 facet normal -8.503828e-01  5.261646e-01  1.028126e-14
   outer loop
     vertex  1.866973e+02  1.043338e+02  6.600000e+01
     vertex  1.864373e+02  1.039136e+02  5.800000e+01
     vertex  1.864373e+02  1.039136e+02  6.600000e+01
   endloop
 endfacet
 facet normal -9.515916e-01  3.073653e-01  5.459904e-15
   outer loop
     vertex  1.868492e+02  1.048041e+02  6.600000e+01
     vertex  1.868492e+02  1.048041e+02  5.800000e+01
     vertex  1.866973e+02  1.043338e+02  5.800000e+01
   endloop
 endfacet
 facet normal -9.515916e-01  3.073653e-01  2.625601e-15
   outer loop
     vertex  1.868492e+02  1.048041e+02  6.600000e+01
     vertex  1.866973e+02  1.043338e+02  5.800000e+01
     vertex  1.866973e+02  1.043338e+02  6.600000e+01
   endloop
 endfacet
 facet normal -9.974974e-01  7.070302e-02 -2.287885e-15
   outer loop
     vertex  1.868842e+02  1.052971e+02  6.600000e+01
     vertex  1.868842e+02  1.052971e+02  5.800000e+01
     vertex  1.868492e+02  1.048041e+02  5.800000e+01
   endloop
 endfacet
 facet normal -9.974974e-01  7.070302e-02  1.255760e-15
   outer loop
     vertex  1.868842e+02  1.052971e+02  6.600000e+01
     vertex  1.868492e+02  1.048041e+02  5.800000e+01
     vertex  1.868492e+02  1.048041e+02  6.600000e+01
   endloop
 endfacet
 facet normal -9.854323e-01 -1.700682e-01 -3.021019e-15
   outer loop
     vertex  1.868001e+02  1.057841e+02  6.600000e+01
     vertex  1.868001e+02  1.057841e+02  5.800000e+01
     vertex  1.868842e+02  1.052971e+02  5.800000e+01
   endloop
 endfacet
 facet normal -9.854323e-01 -1.700682e-01 -6.521881e-15
   outer loop
     vertex  1.868001e+02  1.057841e+02  6.600000e+01
     vertex  1.868842e+02  1.052971e+02  5.800000e+01
     vertex  1.868842e+02  1.052971e+02  6.600000e+01
   endloop
 endfacet
 facet normal  9.160974e-01  4.009557e-01  6.409556e-15
   outer loop
     vertex  1.956624e+02  8.320006e+01  6.600000e+01
     vertex  1.954643e+02  8.365280e+01  5.800000e+01
     vertex  1.954643e+02  8.365280e+01  6.600000e+01
   endloop
 endfacet
 facet normal  9.160974e-01  4.009557e-01  7.122405e-15
   outer loop
     vertex  1.956624e+02  8.320006e+01  6.600000e+01
     vertex  1.956624e+02  8.320006e+01  5.800000e+01
     vertex  1.954643e+02  8.365280e+01  5.800000e+01
   endloop
 endfacet
 facet normal  7.935223e-01  6.085412e-01  1.644818e-14
   outer loop
     vertex  1.959632e+02  8.280790e+01  6.600000e+01
     vertex  1.959632e+02  8.280790e+01  5.800000e+01
     vertex  1.956624e+02  8.320006e+01  5.800000e+01
   endloop
 endfacet
 facet normal  6.248306e-01  7.807604e-01  1.830878e-14
   outer loop
     vertex  1.959632e+02  8.280790e+01  6.600000e+01
     vertex  1.963490e+02  8.249911e+01  5.800000e+01
     vertex  1.959632e+02  8.280790e+01  5.800000e+01
   endloop
 endfacet
 facet normal  7.935223e-01  6.085412e-01  1.080779e-14
   outer loop
     vertex  1.959632e+02  8.280790e+01  6.600000e+01
     vertex  1.956624e+02  8.320006e+01  5.800000e+01
     vertex  1.956624e+02  8.320006e+01  6.600000e+01
   endloop
 endfacet
 facet normal  4.198259e-01  9.076046e-01  1.451007e-14
   outer loop
     vertex  1.963490e+02  8.249911e+01  6.600000e+01
     vertex  1.967976e+02  8.229163e+01  5.800000e+01
     vertex  1.963490e+02  8.249911e+01  5.800000e+01
   endloop
 endfacet
 facet normal  6.248306e-01  7.807604e-01  1.248218e-14
   outer loop
     vertex  1.963490e+02  8.249911e+01  6.600000e+01
     vertex  1.963490e+02  8.249911e+01  5.800000e+01
     vertex  1.959632e+02  8.280790e+01  6.600000e+01
   endloop
 endfacet
 facet normal  4.198259e-01  9.076046e-01  1.761382e-14
   outer loop
     vertex  1.967976e+02  8.229163e+01  6.600000e+01
     vertex  1.967976e+02  8.229163e+01  5.800000e+01
     vertex  1.963490e+02  8.249911e+01  6.600000e+01
   endloop
 endfacet
 facet normal  1.904225e-01  9.817022e-01  1.569468e-14
   outer loop
     vertex  1.972827e+02  8.219753e+01  6.600000e+01
     vertex  1.972827e+02  8.219753e+01  5.800000e+01
     vertex  1.967976e+02  8.229163e+01  5.800000e+01
   endloop
 endfacet
 facet normal  1.904225e-01  9.817022e-01  1.811419e-14
   outer loop
     vertex  1.972827e+02  8.219753e+01  6.600000e+01
     vertex  1.967976e+02  8.229163e+01  5.800000e+01
     vertex  1.967976e+02  8.229163e+01  6.600000e+01
   endloop
 endfacet
 facet normal -5.004751e-02  9.987468e-01  1.951544e-14
   outer loop
     vertex  1.977763e+02  8.222226e+01  6.600000e+01
     vertex  1.977763e+02  8.222226e+01  5.800000e+01
     vertex  1.972827e+02  8.219753e+01  5.800000e+01
   endloop
 endfacet
 facet normal -2.876090e-01  9.577479e-01  1.871432e-14
   outer loop
     vertex  1.977763e+02  8.222226e+01  6.600000e+01
     vertex  1.982496e+02  8.236440e+01  5.800000e+01
     vertex  1.977763e+02  8.222226e+01  5.800000e+01
   endloop
 endfacet
 facet normal -5.004751e-02  9.987468e-01  1.596729e-14
   outer loop
     vertex  1.977763e+02  8.222226e+01  6.600000e+01
     vertex  1.972827e+02  8.219753e+01  5.800000e+01
     vertex  1.972827e+02  8.219753e+01  6.600000e+01
   endloop
 endfacet
 facet normal -2.876090e-01  9.577479e-01  1.769253e-14
   outer loop
     vertex  1.982496e+02  8.236440e+01  6.600000e+01
     vertex  1.982496e+02  8.236440e+01  5.800000e+01
     vertex  1.977763e+02  8.222226e+01  6.600000e+01
   endloop
 endfacet
 facet normal -5.084557e-01  8.610882e-01  1.348960e-14
   outer loop
     vertex  1.986752e+02  8.261568e+01  6.600000e+01
     vertex  1.986752e+02  8.261568e+01  5.800000e+01
     vertex  1.982496e+02  8.236440e+01  5.800000e+01
   endloop
 endfacet
 facet normal -5.084557e-01  8.610882e-01  1.501998e-14
   outer loop
     vertex  1.986752e+02  8.261568e+01  6.600000e+01
     vertex  1.982496e+02  8.236440e+01  5.800000e+01
     vertex  1.982496e+02  8.236440e+01  6.600000e+01
   endloop
 endfacet
 facet normal -6.997528e-01  7.143851e-01  1.020401e-14
   outer loop
     vertex  1.990282e+02  8.296149e+01  6.600000e+01
     vertex  1.990282e+02  8.296149e+01  5.800000e+01
     vertex  1.986752e+02  8.261568e+01  5.800000e+01
   endloop
 endfacet
 facet normal -6.997528e-01  7.143851e-01  1.020404e-14
   outer loop
     vertex  1.990282e+02  8.296149e+01  6.600000e+01
     vertex  1.986752e+02  8.261568e+01  5.800000e+01
     vertex  1.986752e+02  8.261568e+01  6.600000e+01
   endloop
 endfacet
 facet normal -8.503828e-01  5.261646e-01  9.346560e-15
   outer loop
     vertex  1.992883e+02  8.338175e+01  6.600000e+01
     vertex  1.992883e+02  8.338175e+01  5.800000e+01
     vertex  1.990282e+02  8.296149e+01  5.800000e+01
   endloop
 endfacet
 facet normal -9.515916e-01  3.073653e-01  5.459904e-15
   outer loop
     vertex  1.992883e+02  8.338175e+01  6.600000e+01
     vertex  1.994402e+02  8.385203e+01  5.800000e+01
     vertex  1.992883e+02  8.338175e+01  5.800000e+01
   endloop
 endfacet
 facet normal -8.503828e-01  5.261646e-01  6.325312e-15
   outer loop
     vertex  1.992883e+02  8.338175e+01  6.600000e+01
     vertex  1.990282e+02  8.296149e+01  5.800000e+01
     vertex  1.990282e+02  8.296149e+01  6.600000e+01
   endloop
 endfacet
 facet normal -9.515916e-01  3.073653e-01  2.079172e-15
   outer loop
     vertex  1.994402e+02  8.385203e+01  6.600000e+01
     vertex  1.994402e+02  8.385203e+01  5.800000e+01
     vertex  1.992883e+02  8.338175e+01  6.600000e+01
   endloop
 endfacet
 facet normal -9.974974e-01  7.070302e-02  1.255938e-15
   outer loop
     vertex  1.994751e+02  8.434499e+01  6.600000e+01
     vertex  1.994751e+02  8.434499e+01  5.800000e+01
     vertex  1.994402e+02  8.385203e+01  5.800000e+01
   endloop
 endfacet
 facet normal -9.974974e-01  7.070302e-02 -2.287748e-15
   outer loop
     vertex  1.994751e+02  8.434499e+01  6.600000e+01
     vertex  1.994402e+02  8.385203e+01  5.800000e+01
     vertex  1.994402e+02  8.385203e+01  6.600000e+01
   endloop
 endfacet
 facet normal -9.854323e-01 -1.700682e-01 -6.824079e-15
   outer loop
     vertex  1.993911e+02  8.483200e+01  6.600000e+01
     vertex  1.993911e+02  8.483200e+01  5.800000e+01
     vertex  1.994751e+02  8.434499e+01  5.800000e+01
   endloop
 endfacet
 facet normal -9.854323e-01 -1.700682e-01 -3.022250e-15
   outer loop
     vertex  1.993911e+02  8.483200e+01  6.600000e+01
     vertex  1.994751e+02  8.434499e+01  5.800000e+01
     vertex  1.994751e+02  8.434499e+01  6.600000e+01
   endloop
 endfacet
 facet normal  9.160974e-01  4.009557e-01  1.073408e-14
   outer loop
     vertex  1.966973e+02  5.877773e+01  6.600000e+01
     vertex  1.964992e+02  5.923047e+01  5.800000e+01
     vertex  1.964992e+02  5.923047e+01  6.600000e+01
   endloop
 endfacet
 facet normal  9.160974e-01  4.009557e-01  6.766285e-15
   outer loop
     vertex  1.966973e+02  5.877773e+01  6.600000e+01
     vertex  1.966973e+02  5.877773e+01  5.800000e+01
     vertex  1.964992e+02  5.923047e+01  5.800000e+01
   endloop
 endfacet
 facet normal  7.935223e-01  6.085412e-01  1.471001e-14
   outer loop
     vertex  1.969981e+02  5.838557e+01  6.600000e+01
     vertex  1.969981e+02  5.838557e+01  5.800000e+01
     vertex  1.966973e+02  5.877773e+01  5.800000e+01
   endloop
 endfacet
 facet normal  7.935223e-01  6.085412e-01  1.026722e-14
   outer loop
     vertex  1.969981e+02  5.838557e+01  6.600000e+01
     vertex  1.966973e+02  5.877773e+01  5.800000e+01
     vertex  1.966973e+02  5.877773e+01  6.600000e+01
   endloop
 endfacet
 facet normal  6.248306e-01  7.807604e-01  1.317564e-14
   outer loop
     vertex  1.973839e+02  5.807678e+01  6.600000e+01
     vertex  1.973839e+02  5.807678e+01  5.800000e+01
     vertex  1.969981e+02  5.838557e+01  5.800000e+01
   endloop
 endfacet
 facet normal  6.248306e-01  7.807604e-01  1.747359e-14
   outer loop
     vertex  1.973839e+02  5.807678e+01  6.600000e+01
     vertex  1.969981e+02  5.838557e+01  5.800000e+01
     vertex  1.969981e+02  5.838557e+01  6.600000e+01
   endloop
 endfacet
 facet normal  4.198259e-01  9.076046e-01  1.841993e-14
   outer loop
     vertex  1.978325e+02  5.786930e+01  6.600000e+01
     vertex  1.978325e+02  5.786930e+01  5.800000e+01
     vertex  1.973839e+02  5.807678e+01  5.800000e+01
   endloop
 endfacet
 facet normal  4.198259e-01  9.076046e-01  1.531484e-14
   outer loop
     vertex  1.978325e+02  5.786930e+01  6.600000e+01
     vertex  1.973839e+02  5.807678e+01  5.800000e+01
     vertex  1.973839e+02  5.807678e+01  6.600000e+01
   endloop
 endfacet
 facet normal  1.904225e-01  9.817022e-01  1.743853e-14
   outer loop
     vertex  1.983176e+02  5.777519e+01  6.600000e+01
     vertex  1.983176e+02  5.777519e+01  5.800000e+01
     vertex  1.978325e+02  5.786930e+01  5.800000e+01
   endloop
 endfacet
 facet normal  1.904225e-01  9.817022e-01  1.898647e-14
   outer loop
     vertex  1.983176e+02  5.777519e+01  6.600000e+01
     vertex  1.978325e+02  5.786930e+01  5.800000e+01
     vertex  1.978325e+02  5.786930e+01  6.600000e+01
   endloop
 endfacet
 facet normal -5.004751e-02  9.987468e-01  1.756350e-14
   outer loop
     vertex  1.988112e+02  5.779993e+01  6.600000e+01
     vertex  1.988112e+02  5.779993e+01  5.800000e+01
     vertex  1.983176e+02  5.777519e+01  5.800000e+01
   endloop
 endfacet
 facet normal -2.876090e-01  9.577479e-01  1.599123e-14
   outer loop
     vertex  1.988112e+02  5.779993e+01  6.600000e+01
     vertex  1.992845e+02  5.794206e+01  5.800000e+01
     vertex  1.988112e+02  5.779993e+01  5.800000e+01
   endloop
 endfacet
 facet normal -5.004751e-02  9.987468e-01  1.774124e-14
   outer loop
     vertex  1.988112e+02  5.779993e+01  6.600000e+01
     vertex  1.983176e+02  5.777519e+01  5.800000e+01
     vertex  1.983176e+02  5.777519e+01  6.600000e+01
   endloop
 endfacet
 facet normal -2.876090e-01  9.577479e-01  1.599123e-14
   outer loop
     vertex  1.992845e+02  5.794206e+01  6.600000e+01
     vertex  1.992845e+02  5.794206e+01  5.800000e+01
     vertex  1.988112e+02  5.779993e+01  6.600000e+01
   endloop
 endfacet
 facet normal -5.084557e-01  8.610882e-01  1.348960e-14
   outer loop
     vertex  1.997101e+02  5.819334e+01  6.600000e+01
     vertex  1.997101e+02  5.819334e+01  5.800000e+01
     vertex  1.992845e+02  5.794206e+01  5.800000e+01
   endloop
 endfacet
 facet normal -6.997528e-01  7.143851e-01  1.020401e-14
   outer loop
     vertex  1.997101e+02  5.819334e+01  6.600000e+01
     vertex  2.000631e+02  5.853916e+01  5.800000e+01
     vertex  1.997101e+02  5.819334e+01  5.800000e+01
   endloop
 endfacet
 facet normal -5.084557e-01  8.610882e-01  1.348955e-14
   outer loop
     vertex  1.997101e+02  5.819334e+01  6.600000e+01
     vertex  1.992845e+02  5.794206e+01  5.800000e+01
     vertex  1.992845e+02  5.794206e+01  6.600000e+01
   endloop
 endfacet
 facet normal -6.997528e-01  7.143851e-01  1.020401e-14
   outer loop
     vertex  2.000631e+02  5.853916e+01  6.600000e+01
     vertex  2.000631e+02  5.853916e+01  5.800000e+01
     vertex  1.997101e+02  5.819334e+01  6.600000e+01
   endloop
 endfacet
 facet normal -8.503828e-01  5.261646e-01  9.346560e-15
   outer loop
     vertex  2.003231e+02  5.895942e+01  6.600000e+01
     vertex  2.003231e+02  5.895942e+01  5.800000e+01
     vertex  2.000631e+02  5.853916e+01  5.800000e+01
   endloop
 endfacet
 facet normal -8.503828e-01  5.261646e-01  6.325312e-15
   outer loop
     vertex  2.003231e+02  5.895942e+01  6.600000e+01
     vertex  2.000631e+02  5.853916e+01  5.800000e+01
     vertex  2.000631e+02  5.853916e+01  6.600000e+01
   endloop
 endfacet
 facet normal -9.515916e-01  3.073653e-01 -1.028566e-15
   outer loop
     vertex  2.004750e+02  5.942970e+01  6.600000e+01
     vertex  2.004750e+02  5.942970e+01  5.800000e+01
     vertex  2.003231e+02  5.895942e+01  5.800000e+01
   endloop
 endfacet
 facet normal -9.515916e-01  3.073653e-01  5.458302e-15
   outer loop
     vertex  2.004750e+02  5.942970e+01  6.600000e+01
     vertex  2.003231e+02  5.895942e+01  5.800000e+01
     vertex  2.003231e+02  5.895942e+01  6.600000e+01
   endloop
 endfacet
 facet normal -9.974974e-01  7.070302e-02  1.193141e-15
   outer loop
     vertex  2.005100e+02  5.992266e+01  6.600000e+01
     vertex  2.005100e+02  5.992266e+01  5.800000e+01
     vertex  2.004750e+02  5.942970e+01  5.800000e+01
   endloop
 endfacet
 facet normal -9.974974e-01  7.070302e-02 -5.768951e-15
   outer loop
     vertex  2.005100e+02  5.992266e+01  6.600000e+01
     vertex  2.004750e+02  5.942970e+01  5.800000e+01
     vertex  2.004750e+02  5.942970e+01  6.600000e+01
   endloop
 endfacet
 facet normal -9.854323e-01 -1.700682e-01 -2.869968e-15
   outer loop
     vertex  2.004259e+02  6.040966e+01  6.600000e+01
     vertex  2.004259e+02  6.040966e+01  5.800000e+01
     vertex  2.005100e+02  5.992266e+01  5.800000e+01
   endloop
 endfacet
 facet normal -9.854323e-01 -1.700682e-01 -2.871313e-15
   outer loop
     vertex  2.004259e+02  6.040966e+01  6.600000e+01
     vertex  2.005100e+02  5.992266e+01  5.800000e+01
     vertex  2.005100e+02  5.992266e+01  6.600000e+01
   endloop
 endfacet
 facet normal  9.160974e-01  4.009557e-01  6.764082e-15
   outer loop
     vertex  1.834292e+02  3.412092e+01  6.600000e+01
     vertex  1.832311e+02  3.457366e+01  5.800000e+01
     vertex  1.832311e+02  3.457366e+01  6.600000e+01
   endloop
 endfacet
 facet normal  9.160974e-01  4.009557e-01  6.410164e-15
   outer loop
     vertex  1.834292e+02  3.412092e+01  6.600000e+01
     vertex  1.834292e+02  3.412092e+01  5.800000e+01
     vertex  1.832311e+02  3.457366e+01  5.800000e+01
   endloop
 endfacet
 facet normal  7.935223e-01  6.085412e-01  1.026937e-14
   outer loop
     vertex  1.837300e+02  3.372876e+01  6.600000e+01
     vertex  1.837300e+02  3.372876e+01  5.800000e+01
     vertex  1.834292e+02  3.412092e+01  5.800000e+01
   endloop
 endfacet
 facet normal  6.248306e-01  7.807604e-01  1.317564e-14
   outer loop
     vertex  1.837300e+02  3.372876e+01  6.600000e+01
     vertex  1.841158e+02  3.341997e+01  5.800000e+01
     vertex  1.837300e+02  3.372876e+01  5.800000e+01
   endloop
 endfacet
 facet normal  7.935223e-01  6.085412e-01  9.726659e-15
   outer loop
     vertex  1.837300e+02  3.372876e+01  6.600000e+01
     vertex  1.834292e+02  3.412092e+01  5.800000e+01
     vertex  1.834292e+02  3.412092e+01  6.600000e+01
   endloop
 endfacet
 facet normal  4.198259e-01  9.076046e-01  1.531618e-14
   outer loop
     vertex  1.841158e+02  3.341997e+01  6.600000e+01
     vertex  1.845644e+02  3.321249e+01  5.800000e+01
     vertex  1.841158e+02  3.341997e+01  5.800000e+01
   endloop
 endfacet
 facet normal  6.248306e-01  7.807604e-01  1.317564e-14
   outer loop
     vertex  1.841158e+02  3.341997e+01  6.600000e+01
     vertex  1.841158e+02  3.341997e+01  5.800000e+01
     vertex  1.837300e+02  3.372876e+01  6.600000e+01
   endloop
 endfacet
 facet normal  4.198259e-01  9.076046e-01  1.749311e-14
   outer loop
     vertex  1.845644e+02  3.321249e+01  6.600000e+01
     vertex  1.845644e+02  3.321249e+01  5.800000e+01
     vertex  1.841158e+02  3.341997e+01  6.600000e+01
   endloop
 endfacet
 facet normal  1.904225e-01  9.817022e-01  1.811505e-14
   outer loop
     vertex  1.850495e+02  3.311839e+01  6.600000e+01
     vertex  1.850495e+02  3.311839e+01  5.800000e+01
     vertex  1.845644e+02  3.321249e+01  5.800000e+01
   endloop
 endfacet
 facet normal  1.904225e-01  9.817022e-01  1.704886e-14
   outer loop
     vertex  1.850495e+02  3.311839e+01  6.600000e+01
     vertex  1.845644e+02  3.321249e+01  5.800000e+01
     vertex  1.845644e+02  3.321249e+01  6.600000e+01
   endloop
 endfacet
 facet normal -5.004751e-02  9.987468e-01  1.667644e-14
   outer loop
     vertex  1.855431e+02  3.314312e+01  6.600000e+01
     vertex  1.855431e+02  3.314312e+01  5.800000e+01
     vertex  1.850495e+02  3.311839e+01  5.800000e+01
   endloop
 endfacet
 facet normal -2.876090e-01  9.577479e-01  1.514058e-14
   outer loop
     vertex  1.855431e+02  3.314312e+01  6.600000e+01
     vertex  1.860164e+02  3.328526e+01  5.800000e+01
     vertex  1.855431e+02  3.314312e+01  5.800000e+01
   endloop
 endfacet
 facet normal -5.004751e-02  9.987468e-01  1.756310e-14
   outer loop
     vertex  1.855431e+02  3.314312e+01  6.600000e+01
     vertex  1.850495e+02  3.311839e+01  5.800000e+01
     vertex  1.850495e+02  3.311839e+01  6.600000e+01
   endloop
 endfacet
 facet normal -2.876090e-01  9.577479e-01  1.616237e-14
   outer loop
     vertex  1.860164e+02  3.328526e+01  6.600000e+01
     vertex  1.860164e+02  3.328526e+01  5.800000e+01
     vertex  1.855431e+02  3.314312e+01  6.600000e+01
   endloop
 endfacet
 facet normal -5.084557e-01  8.610882e-01  1.453120e-14
   outer loop
     vertex  1.864420e+02  3.353654e+01  6.600000e+01
     vertex  1.864420e+02  3.353654e+01  5.800000e+01
     vertex  1.860164e+02  3.328526e+01  5.800000e+01
   endloop
 endfacet
 facet normal -5.084557e-01  8.610882e-01  1.453207e-14
   outer loop
     vertex  1.864420e+02  3.353654e+01  6.600000e+01
     vertex  1.860164e+02  3.328526e+01  5.800000e+01
     vertex  1.860164e+02  3.328526e+01  6.600000e+01
   endloop
 endfacet
 facet normal -6.997528e-01  7.143851e-01  6.448983e-15
   outer loop
     vertex  1.867950e+02  3.388235e+01  6.600000e+01
     vertex  1.867950e+02  3.388235e+01  5.800000e+01
     vertex  1.864420e+02  3.353654e+01  5.800000e+01
   endloop
 endfacet
 facet normal -6.997528e-01  7.143851e-01  1.205390e-14
   outer loop
     vertex  1.867950e+02  3.388235e+01  6.600000e+01
     vertex  1.864420e+02  3.353654e+01  5.800000e+01
     vertex  1.864420e+02  3.353654e+01  6.600000e+01
   endloop
 endfacet
 facet normal -8.503828e-01  5.261646e-01  6.792722e-15
   outer loop
     vertex  1.870551e+02  3.430261e+01  6.600000e+01
     vertex  1.870551e+02  3.430261e+01  5.800000e+01
     vertex  1.867950e+02  3.388235e+01  5.800000e+01
   endloop
 endfacet
 facet normal -9.515916e-01  3.073653e-01  2.352167e-15
   outer loop
     vertex  1.870551e+02  3.430261e+01  6.600000e+01
     vertex  1.872070e+02  3.477289e+01  5.800000e+01
     vertex  1.870551e+02  3.430261e+01  5.800000e+01
   endloop
 endfacet
 facet normal -8.503828e-01  5.261646e-01  2.369359e-15
   outer loop
     vertex  1.870551e+02  3.430261e+01  6.600000e+01
     vertex  1.867950e+02  3.388235e+01  5.800000e+01
     vertex  1.867950e+02  3.388235e+01  6.600000e+01
   endloop
 endfacet
 facet normal -9.515916e-01  3.073653e-01  4.913914e-15
   outer loop
     vertex  1.872070e+02  3.477289e+01  6.600000e+01
     vertex  1.872070e+02  3.477289e+01  5.800000e+01
     vertex  1.870551e+02  3.430261e+01  6.600000e+01
   endloop
 endfacet
 facet normal -9.974974e-01  7.070302e-02 -5.894504e-15
   outer loop
     vertex  1.872419e+02  3.526585e+01  6.600000e+01
     vertex  1.872419e+02  3.526585e+01  5.800000e+01
     vertex  1.872070e+02  3.477289e+01  5.800000e+01
   endloop
 endfacet
 facet normal -9.974974e-01  7.070302e-02  1.131150e-15
   outer loop
     vertex  1.872419e+02  3.526585e+01  6.600000e+01
     vertex  1.872070e+02  3.477289e+01  5.800000e+01
     vertex  1.872070e+02  3.477289e+01  6.600000e+01
   endloop
 endfacet
 facet normal -9.854323e-01 -1.700682e-01 -2.718917e-15
   outer loop
     vertex  1.871579e+02  3.575285e+01  6.600000e+01
     vertex  1.871579e+02  3.575285e+01  5.800000e+01
     vertex  1.872419e+02  3.526585e+01  5.800000e+01
   endloop
 endfacet
 facet normal -9.854323e-01 -1.700682e-01 -9.872331e-15
   outer loop
     vertex  1.871579e+02  3.575285e+01  6.600000e+01
     vertex  1.872419e+02  3.526585e+01  5.800000e+01
     vertex  1.872419e+02  3.526585e+01  6.600000e+01
   endloop
 endfacet
 facet normal  1.654448e-15  1.644963e-14 -1.000000e+00
   outer loop
     vertex  1.223181e+02  8.280469e+01  4.550000e+01
     vertex  1.183107e+02  8.363968e+01  4.550000e+01
     vertex  1.223108e+02  9.058053e+01  4.550000e+01
   endloop
 endfacet
 facet normal  2.915901e-15  1.674955e-14 -1.000000e+00
   outer loop
     vertex  1.261868e+02  8.905733e+01  4.550000e+01
     vertex  1.223108e+02  9.058053e+01  4.550000e+01
     vertex  1.278038e+02  9.641172e+01  4.550000e+01
   endloop
 endfacet
 facet normal  2.798457e-15  1.645070e-14 -1.000000e+00
   outer loop
     vertex  1.261868e+02  8.905733e+01  4.550000e+01
     vertex  1.223181e+02  8.280469e+01  4.550000e+01
     vertex  1.223108e+02  9.058053e+01  4.550000e+01
   endloop
 endfacet
 facet normal  5.990662e-16  1.555697e-14 -1.000000e+00
   outer loop
     vertex  1.200581e+02  7.580789e+01  4.550000e+01
     vertex  1.160193e+02  7.596341e+01  4.550000e+01
     vertex  1.183107e+02  8.363968e+01  4.550000e+01
   endloop
 endfacet
 facet normal  1.510835e-15  1.576040e-14 -1.000000e+00
   outer loop
     vertex  1.200581e+02  7.580789e+01  4.550000e+01
     vertex  1.183107e+02  8.363968e+01  4.550000e+01
     vertex  1.223181e+02  8.280469e+01  4.550000e+01
   endloop
 endfacet
 facet normal -1.003407e-15  1.764572e-14 -1.000000e+00
   outer loop
     vertex  1.314395e+02  9.420243e+01  4.550000e+01
     vertex  1.278038e+02  9.641172e+01  4.550000e+01
     vertex  1.344936e+02  1.008188e+02  4.550000e+01
   endloop
 endfacet
 facet normal -1.021866e-15  1.761534e-14 -1.000000e+00
   outer loop
     vertex  1.314395e+02  9.420243e+01  4.550000e+01
     vertex  1.261868e+02  8.905733e+01  4.550000e+01
     vertex  1.278038e+02  9.641172e+01  4.550000e+01
   endloop
 endfacet
 facet normal  1.313102e-15  1.769304e-14 -1.000000e+00
   outer loop
     vertex  1.195382e+02  6.847355e+01  4.550000e+01
     vertex  1.155600e+02  6.796561e+01  4.550000e+01
     vertex  1.160193e+02  7.596341e+01  4.550000e+01
   endloop
 endfacet
 facet normal  6.696808e-16  1.739074e-14 -1.000000e+00
   outer loop
     vertex  1.195382e+02  6.847355e+01  4.550000e+01
     vertex  1.160193e+02  7.596341e+01  4.550000e+01
     vertex  1.200581e+02  7.580789e+01  4.550000e+01
   endloop
 endfacet
 facet normal  1.480042e-15  1.649938e-14 -1.000000e+00
   outer loop
     vertex  1.377708e+02  9.794097e+01  4.550000e+01
     vertex  1.314395e+02  9.420243e+01  4.550000e+01
     vertex  1.344936e+02  1.008188e+02  4.550000e+01
   endloop
 endfacet
 facet normal  1.518240e-15  1.654288e-14 -1.000000e+00
   outer loop
     vertex  1.420194e+02  1.035643e+02  4.550000e+01
     vertex  1.377708e+02  9.794097e+01  4.550000e+01
     vertex  1.344936e+02  1.008188e+02  4.550000e+01
   endloop
 endfacet
 facet normal  4.032040e-16  1.718619e-14 -1.000000e+00
   outer loop
     vertex  1.207887e+02  6.122793e+01  4.550000e+01
     vertex  1.169577e+02  6.007749e+01  4.550000e+01
     vertex  1.155600e+02  6.796561e+01  4.550000e+01
   endloop
 endfacet
 facet normal  1.289954e-15  1.787434e-14 -1.000000e+00
   outer loop
     vertex  1.207887e+02  6.122793e+01  4.550000e+01
     vertex  1.155600e+02  6.796561e+01  4.550000e+01
     vertex  1.195382e+02  6.847355e+01  4.550000e+01
   endloop
 endfacet
 facet normal -3.456892e-16  1.795113e-14 -1.000000e+00
   outer loop
     vertex  1.448129e+02  1.000557e+02  4.550000e+01
     vertex  1.377708e+02  9.794097e+01  4.550000e+01
     vertex  1.420194e+02  1.035643e+02  4.550000e+01
   endloop
 endfacet
 facet normal -3.268375e-16  1.796614e-14 -1.000000e+00
   outer loop
     vertex  1.499756e+02  1.045000e+02  4.550000e+01
     vertex  1.448129e+02  1.000557e+02  4.550000e+01
     vertex  1.420194e+02  1.035643e+02  4.550000e+01
   endloop
 endfacet
 facet normal  1.521672e-15  1.838478e-14 -1.000000e+00
   outer loop
     vertex  1.237368e+02  5.449210e+01  4.550000e+01
     vertex  1.202925e+02  5.245828e+01  4.550000e+01
     vertex  1.169577e+02  6.007749e+01  4.550000e+01
   endloop
 endfacet
 facet normal  4.381790e-16  1.706972e-14 -1.000000e+00
   outer loop
     vertex  1.237368e+02  5.449210e+01  4.550000e+01
     vertex  1.169577e+02  6.007749e+01  4.550000e+01
     vertex  1.207887e+02  6.122793e+01  4.550000e+01
   endloop
 endfacet
 facet normal  9.164841e-17  1.748002e-14 -1.000000e+00
   outer loop
     vertex  1.521564e+02  1.004237e+02  4.550000e+01
     vertex  1.448129e+02  1.000557e+02  4.550000e+01
     vertex  1.499756e+02  1.045000e+02  4.550000e+01
   endloop
 endfacet
 facet normal  1.590114e-15  1.826887e-14 -1.000000e+00
   outer loop
     vertex  1.282113e+02  4.865754e+01  4.550000e+01
     vertex  1.202925e+02  5.245828e+01  4.550000e+01
     vertex  1.237368e+02  5.449210e+01  4.550000e+01
   endloop
 endfacet
 facet normal  1.724168e-15  1.854817e-14 -1.000000e+00
   outer loop
     vertex  1.282113e+02  4.865754e+01  4.550000e+01
     vertex  1.253537e+02  4.585853e+01  4.550000e+01
     vertex  1.202925e+02  5.245828e+01  4.550000e+01
   endloop
 endfacet
 facet normal  2.550293e-16  1.756743e-14 -1.000000e+00
   outer loop
     vertex  1.579330e+02  1.035755e+02  4.550000e+01
     vertex  1.521564e+02  1.004237e+02  4.550000e+01
     vertex  1.499756e+02  1.045000e+02  4.550000e+01
   endloop
 endfacet
 facet normal  4.021522e-16  1.729779e-14 -1.000000e+00
   outer loop
     vertex  1.593746e+02  9.902354e+01  4.550000e+01
     vertex  1.521564e+02  1.004237e+02  4.550000e+01
     vertex  1.579330e+02  1.035755e+02  4.550000e+01
   endloop
 endfacet
 facet normal  1.718128e-15  1.855434e-14 -1.000000e+00
   outer loop
     vertex  1.318473e+02  4.066179e+01  4.550000e+01
     vertex  1.253537e+02  4.585853e+01  4.550000e+01
     vertex  1.282113e+02  4.865754e+01  4.550000e+01
   endloop
 endfacet
 facet normal -9.891966e-16  1.732318e-14 -1.000000e+00
   outer loop
     vertex  1.339520e+02  4.406333e+01  4.550000e+01
     vertex  1.318473e+02  4.066179e+01  4.550000e+01
     vertex  1.282113e+02  4.865754e+01  4.550000e+01
   endloop
 endfacet
 facet normal  6.490008e-16  1.737596e-14 -1.000000e+00
   outer loop
     vertex  1.654628e+02  1.008408e+02  4.550000e+01
     vertex  1.593746e+02  9.902354e+01  4.550000e+01
     vertex  1.579330e+02  1.035755e+02  4.550000e+01
   endloop
 endfacet
 facet normal  6.236301e-16  1.746096e-14 -1.000000e+00
   outer loop
     vertex  1.660480e+02  9.593667e+01  4.550000e+01
     vertex  1.593746e+02  9.902354e+01  4.550000e+01
     vertex  1.654628e+02  1.008408e+02  4.550000e+01
   endloop
 endfacet
 facet normal  1.552073e-16  1.661509e-14 -1.000000e+00
   outer loop
     vertex  1.393959e+02  3.717009e+01  4.550000e+01
     vertex  1.318473e+02  4.066179e+01  4.550000e+01
     vertex  1.339520e+02  4.406333e+01  4.550000e+01
   endloop
 endfacet
 facet normal  2.767709e-16  1.671110e-14 -1.000000e+00
   outer loop
     vertex  1.393959e+02  3.717009e+01  4.550000e+01
     vertex  1.339520e+02  4.406333e+01  4.550000e+01
     vertex  1.406254e+02  4.097646e+01  4.550000e+01
   endloop
 endfacet
 facet normal -2.754497e-16  1.735367e-14 -1.000000e+00
   outer loop
     vertex  1.721588e+02  9.644312e+01  4.550000e+01
     vertex  1.660480e+02  9.593667e+01  4.550000e+01
     vertex  1.654628e+02  1.008408e+02  4.550000e+01
   endloop
 endfacet
 facet normal -3.401394e-16  1.813421e-14 -1.000000e+00
   outer loop
     vertex  1.717887e+02  9.134246e+01  4.550000e+01
     vertex  1.660480e+02  9.593667e+01  4.550000e+01
     vertex  1.721588e+02  9.644312e+01  4.550000e+01
   endloop
 endfacet
 facet normal -1.028001e-15  1.713254e-14 -1.000000e+00
   outer loop
     vertex  1.475607e+02  3.558634e+01  4.550000e+01
     vertex  1.393959e+02  3.717009e+01  4.550000e+01
     vertex  1.406254e+02  4.097646e+01  4.550000e+01
   endloop
 endfacet
 facet normal  8.350915e-16  1.952976e-14 -1.000000e+00
   outer loop
     vertex  1.475607e+02  3.558634e+01  4.550000e+01
     vertex  1.406254e+02  4.097646e+01  4.550000e+01
     vertex  1.478436e+02  3.957633e+01  4.550000e+01
   endloop
 endfacet
 facet normal  1.010040e-15  1.803626e-14 -1.000000e+00
   outer loop
     vertex  1.776600e+02  9.061971e+01  4.550000e+01
     vertex  1.717887e+02  9.134246e+01  4.550000e+01
     vertex  1.721588e+02  9.644312e+01  4.550000e+01
   endloop
 endfacet
 facet normal  9.811901e-16  1.780190e-14 -1.000000e+00
   outer loop
     vertex  1.762632e+02  8.550790e+01  4.550000e+01
     vertex  1.717887e+02  9.134246e+01  4.550000e+01
     vertex  1.776600e+02  9.061971e+01  4.550000e+01
   endloop
 endfacet
 facet normal  2.500968e-14 -7.757627e-14 -1.000000e+00
   outer loop
     vertex  1.821152e+02  9.296892e+01  4.550000e+01
     vertex  1.807486e+02  9.252833e+01  4.550000e+01
     vertex  1.814051e+02  9.283160e+01  4.550000e+01
   endloop
 endfacet
 facet normal  0.000000e+00  0.000000e+00 -1.000000e+00
   outer loop
     vertex  1.841526e+02  9.235586e+01  4.550000e+01
     vertex  1.821152e+02  9.296892e+01  4.550000e+01
     vertex  1.828375e+02  9.293232e+01  4.550000e+01
   endloop
 endfacet
 facet normal -3.272257e-14 -7.465116e-14 -1.000000e+00
   outer loop
     vertex  1.841526e+02  9.235586e+01  4.550000e+01
     vertex  1.828375e+02  9.293232e+01  4.550000e+01
     vertex  1.835300e+02  9.272393e+01  4.550000e+01
   endloop
 endfacet
 facet normal  1.531172e-15  1.765161e-14 -1.000000e+00
   outer loop
     vertex  1.808142e+02  8.551566e+01  4.550000e+01
     vertex  1.762632e+02  8.550790e+01  4.550000e+01
     vertex  1.776600e+02  9.061971e+01  4.550000e+01
   endloop
 endfacet
 facet normal  8.535283e-16  1.723285e-14 -1.000000e+00
   outer loop
     vertex  1.808142e+02  8.551566e+01  4.550000e+01
     vertex  1.776600e+02  9.061971e+01  4.550000e+01
     vertex  1.807486e+02  9.252833e+01  4.550000e+01
   endloop
 endfacet
 facet normal -1.235915e-14  1.546103e-14 -1.000000e+00
   outer loop
     vertex  1.850492e+02  9.123428e+01  4.550000e+01
     vertex  1.841526e+02  9.235586e+01  4.550000e+01
     vertex  1.846690e+02  9.184950e+01  4.550000e+01
   endloop
 endfacet
 facet normal  1.004002e-14  3.336635e-14 -1.000000e+00
   outer loop
     vertex  1.850492e+02  9.123428e+01  4.550000e+01
     vertex  1.821152e+02  9.296892e+01  4.550000e+01
     vertex  1.841526e+02  9.235586e+01  4.550000e+01
   endloop
 endfacet
 facet normal  1.590224e-15  1.947623e-14 -1.000000e+00
   outer loop
     vertex  1.558674e+02  3.600259e+01  4.550000e+01
     vertex  1.475607e+02  3.558634e+01  4.550000e+01
     vertex  1.478436e+02  3.957633e+01  4.550000e+01
   endloop
 endfacet
 facet normal  1.532846e-16  1.625001e-14 -1.000000e+00
   outer loop
     vertex  1.558674e+02  3.600259e+01  4.550000e+01
     vertex  1.478436e+02  3.957633e+01  4.550000e+01
     vertex  1.551871e+02  3.994432e+01  4.550000e+01
   endloop
 endfacet
 facet normal  1.520110e-15  2.413459e-14 -1.000000e+00
   outer loop
     vertex  1.816651e+02  8.369562e+01  4.550000e+01
     vertex  1.762632e+02  8.550790e+01  4.550000e+01
     vertex  1.808142e+02  8.551566e+01  4.550000e+01
   endloop
 endfacet
 facet normal -1.071781e-15  1.640885e-14 -1.000000e+00
   outer loop
     vertex  1.792113e+02  7.877207e+01  4.550000e+01
     vertex  1.762632e+02  8.550790e+01  4.550000e+01
     vertex  1.816651e+02  8.369562e+01  4.550000e+01
   endloop
 endfacet
 facet normal -3.721188e-15  1.719004e-14 -1.000000e+00
   outer loop
     vertex  1.839027e+02  8.742428e+01  4.550000e+01
     vertex  1.808142e+02  8.551566e+01  4.550000e+01
     vertex  1.807486e+02  9.252833e+01  4.550000e+01
   endloop
 endfacet
 facet normal -5.239398e-15  1.625183e-14 -1.000000e+00
   outer loop
     vertex  1.839027e+02  8.742428e+01  4.550000e+01
     vertex  1.807486e+02  9.252833e+01  4.550000e+01
     vertex  1.821152e+02  9.296892e+01  4.550000e+01
   endloop
 endfacet
 facet normal  2.520535e-15  2.064796e-14 -1.000000e+00
   outer loop
     vertex  1.853218e+02  8.982450e+01  4.550000e+01
     vertex  1.821152e+02  9.296892e+01  4.550000e+01
     vertex  1.850492e+02  9.123428e+01  4.550000e+01
   endloop
 endfacet
 facet normal  7.626685e-14  3.491019e-14 -1.000000e+00
   outer loop
     vertex  1.853218e+02  8.982450e+01  4.550000e+01
     vertex  1.850492e+02  9.123428e+01  4.550000e+01
     vertex  1.852711e+02  9.054594e+01  4.550000e+01
   endloop
 endfacet
 facet normal  8.090283e-14 -1.400866e-14 -1.000000e+00
   outer loop
     vertex  1.849081e+02  8.844951e+01  4.550000e+01
     vertex  1.853218e+02  8.982450e+01  4.550000e+01
     vertex  1.851984e+02  8.911189e+01  4.550000e+01
   endloop
 endfacet
 facet normal  1.385857e-14  1.413266e-14 -1.000000e+00
   outer loop
     vertex  1.849081e+02  8.844951e+01  4.550000e+01
     vertex  1.844676e+02  8.787586e+01  4.550000e+01
     vertex  1.839027e+02  8.742428e+01  4.550000e+01
   endloop
 endfacet
 facet normal -5.862414e-15  1.209922e-14 -1.000000e+00
   outer loop
     vertex  1.849081e+02  8.844951e+01  4.550000e+01
     vertex  1.821152e+02  9.296892e+01  4.550000e+01
     vertex  1.853218e+02  8.982450e+01  4.550000e+01
   endloop
 endfacet
 facet normal  7.506949e-15  2.036110e-14 -1.000000e+00
   outer loop
     vertex  1.849081e+02  8.844951e+01  4.550000e+01
     vertex  1.839027e+02  8.742428e+01  4.550000e+01
     vertex  1.821152e+02  9.296892e+01  4.550000e+01
   endloop
 endfacet
 facet normal  4.967054e-15  1.339919e-14 -1.000000e+00
   outer loop
     vertex  1.824087e+02  8.182912e+01  4.550000e+01
     vertex  1.792113e+02  7.877207e+01  4.550000e+01
     vertex  1.816651e+02  8.369562e+01  4.550000e+01
   endloop
 endfacet
 facet normal -2.860800e-17  1.862414e-14 -1.000000e+00
   outer loop
     vertex  1.830423e+02  7.992251e+01  4.550000e+01
     vertex  1.792113e+02  7.877207e+01  4.550000e+01
     vertex  1.824087e+02  8.182912e+01  4.550000e+01
   endloop
 endfacet
 facet normal  2.504300e-16  1.769493e-14 -1.000000e+00
   outer loop
     vertex  1.804618e+02  7.152645e+01  4.550000e+01
     vertex  1.792113e+02  7.877207e+01  4.550000e+01
     vertex  1.830423e+02  7.992251e+01  4.550000e+01
   endloop
 endfacet
 facet normal  3.417441e-16  1.566196e-14 -1.000000e+00
   outer loop
     vertex  1.638330e+02  3.839464e+01  4.550000e+01
     vertex  1.551871e+02  3.994432e+01  4.550000e+01
     vertex  1.622292e+02  4.205903e+01  4.550000e+01
   endloop
 endfacet
 facet normal  4.565252e-16  1.630234e-14 -1.000000e+00
   outer loop
     vertex  1.638330e+02  3.839464e+01  4.550000e+01
     vertex  1.558674e+02  3.600259e+01  4.550000e+01
     vertex  1.551871e+02  3.994432e+01  4.550000e+01
   endloop
 endfacet
 facet normal  9.079767e-16  1.737385e-14 -1.000000e+00
   outer loop
     vertex  1.844568e+02  7.172664e+01  4.550000e+01
     vertex  1.799419e+02  6.419211e+01  4.550000e+01
     vertex  1.804618e+02  7.152645e+01  4.550000e+01
   endloop
 endfacet
 facet normal  9.019210e-16  1.749470e-14 -1.000000e+00
   outer loop
     vertex  1.844568e+02  7.172664e+01  4.550000e+01
     vertex  1.804618e+02  7.152645e+01  4.550000e+01
     vertex  1.830423e+02  7.992251e+01  4.550000e+01
   endloop
 endfacet
 facet normal  4.459830e-16  1.825059e-14 -1.000000e+00
   outer loop
     vertex  1.709947e+02  4.262348e+01  4.550000e+01
     vertex  1.622292e+02  4.205903e+01  4.550000e+01
     vertex  1.685605e+02  4.579757e+01  4.550000e+01
   endloop
 endfacet
 facet normal  6.052505e-16  1.577729e-14 -1.000000e+00
   outer loop
     vertex  1.709947e+02  4.262348e+01  4.550000e+01
     vertex  1.638330e+02  3.839464e+01  4.550000e+01
     vertex  1.622292e+02  4.205903e+01  4.550000e+01
   endloop
 endfacet
 facet normal  1.263126e-15  1.584041e-14 -1.000000e+00
   outer loop
     vertex  1.838687e+02  6.343042e+01  4.550000e+01
     vertex  1.776819e+02  5.719531e+01  4.550000e+01
     vertex  1.799419e+02  6.419211e+01  4.550000e+01
   endloop
 endfacet
 facet normal  1.492617e-15  1.702352e-14 -1.000000e+00
   outer loop
     vertex  1.838687e+02  6.343042e+01  4.550000e+01
     vertex  1.799419e+02  6.419211e+01  4.550000e+01
     vertex  1.844568e+02  7.172664e+01  4.550000e+01
   endloop
 endfacet
 facet normal -1.139380e-15  1.703480e-14 -1.000000e+00
   outer loop
     vertex  1.769362e+02  4.844335e+01  4.550000e+01
     vertex  1.709947e+02  4.262348e+01  4.550000e+01
     vertex  1.685605e+02  4.579757e+01  4.550000e+01
   endloop
 endfacet
 facet normal -8.221002e-16  1.603039e-14 -1.000000e+00
   outer loop
     vertex  1.769362e+02  4.844335e+01  4.550000e+01
     vertex  1.685605e+02  4.579757e+01  4.550000e+01
     vertex  1.738132e+02  5.094267e+01  4.550000e+01
   endloop
 endfacet
 facet normal  1.086755e-15  1.841561e-14 -1.000000e+00
   outer loop
     vertex  1.813124e+02  5.551601e+01  4.550000e+01
     vertex  1.769362e+02  4.844335e+01  4.550000e+01
     vertex  1.738132e+02  5.094267e+01  4.550000e+01
   endloop
 endfacet
 facet normal  8.609298e-16  1.878591e-14 -1.000000e+00
   outer loop
     vertex  1.813124e+02  5.551601e+01  4.550000e+01
     vertex  1.738132e+02  5.094267e+01  4.550000e+01
     vertex  1.776819e+02  5.719531e+01  4.550000e+01
   endloop
 endfacet
 facet normal  5.359437e-17  1.704056e-14 -1.000000e+00
   outer loop
     vertex  1.813124e+02  5.551601e+01  4.550000e+01
     vertex  1.776819e+02  5.719531e+01  4.550000e+01
     vertex  1.838687e+02  6.343042e+01  4.550000e+01
   endloop
 endfacet
 facet normal  9.489672e-01  3.153748e-01  2.861853e-15
   outer loop
     vertex  1.830423e+02  7.992251e+01  5.800000e+01
     vertex  1.830423e+02  7.992251e+01  4.550000e+01
     vertex  1.824087e+02  8.182912e+01  4.550000e+01
   endloop
 endfacet
 facet normal  9.289996e-01  3.700807e-01  3.374500e-15
   outer loop
     vertex  1.824087e+02  8.182912e+01  5.800000e+01
     vertex  1.824087e+02  8.182912e+01  4.550000e+01
     vertex  1.816651e+02  8.369562e+01  4.550000e+01
   endloop
 endfacet
 facet normal  9.489672e-01  3.153748e-01  3.233320e-15
   outer loop
     vertex  1.824087e+02  8.182912e+01  5.800000e+01
     vertex  1.830423e+02  7.992251e+01  5.800000e+01
     vertex  1.824087e+02  8.182912e+01  4.550000e+01
   endloop
 endfacet
 facet normal  9.058814e-01  4.235315e-01  4.814995e-15
   outer loop
     vertex  1.816651e+02  8.369562e+01  5.800000e+01
     vertex  1.816651e+02  8.369562e+01  4.550000e+01
     vertex  1.808142e+02  8.551566e+01  4.550000e+01
   endloop
 endfacet
 facet normal  9.289996e-01  3.700807e-01  4.207330e-15
   outer loop
     vertex  1.816651e+02  8.369562e+01  5.800000e+01
     vertex  1.824087e+02  8.182912e+01  5.800000e+01
     vertex  1.816651e+02  8.369562e+01  4.550000e+01
   endloop
 endfacet
 facet normal  9.058814e-01  4.235315e-01  6.740993e-15
   outer loop
     vertex  1.808142e+02  8.551566e+01  5.800000e+01
     vertex  1.816651e+02  8.369562e+01  5.800000e+01
     vertex  1.808142e+02  8.551566e+01  4.550000e+01
   endloop
 endfacet
 facet normal  9.160974e-01  4.009557e-01  4.754515e-15
   outer loop
     vertex  1.237368e+02  5.449210e+01  5.800000e+01
     vertex  1.207887e+02  6.122793e+01  4.550000e+01
     vertex  1.207887e+02  6.122793e+01  5.800000e+01
   endloop
 endfacet
 facet normal  7.935223e-01  6.085412e-01  8.573207e-15
   outer loop
     vertex  1.237368e+02  5.449210e+01  5.800000e+01
     vertex  1.282113e+02  4.865754e+01  4.550000e+01
     vertex  1.237368e+02  5.449210e+01  4.550000e+01
   endloop
 endfacet
 facet normal  9.160974e-01  4.009557e-01  4.754544e-15
   outer loop
     vertex  1.237368e+02  5.449210e+01  5.800000e+01
     vertex  1.237368e+02  5.449210e+01  4.550000e+01
     vertex  1.207887e+02  6.122793e+01  4.550000e+01
   endloop
 endfacet
 facet normal  7.935223e-01  6.085412e-01  8.227292e-15
   outer loop
     vertex  1.282113e+02  4.865754e+01  5.800000e+01
     vertex  1.282113e+02  4.865754e+01  4.550000e+01
     vertex  1.237368e+02  5.449210e+01  5.800000e+01
   endloop
 endfacet
 facet normal  4.198259e-01  9.076046e-01  1.496149e-14
   outer loop
     vertex  1.339520e+02  4.406333e+01  5.800000e+01
     vertex  1.406254e+02  4.097646e+01  4.550000e+01
     vertex  1.339520e+02  4.406333e+01  4.550000e+01
   endloop
 endfacet
 facet normal  6.248306e-01  7.807604e-01  1.287052e-14
   outer loop
     vertex  1.339520e+02  4.406333e+01  5.800000e+01
     vertex  1.339520e+02  4.406333e+01  4.550000e+01
     vertex  1.282113e+02  4.865754e+01  4.550000e+01
   endloop
 endfacet
 facet normal  6.248306e-01  7.807604e-01  1.148041e-14
   outer loop
     vertex  1.339520e+02  4.406333e+01  5.800000e+01
     vertex  1.282113e+02  4.865754e+01  4.550000e+01
     vertex  1.282113e+02  4.865754e+01  5.800000e+01
   endloop
 endfacet
 facet normal  4.198259e-01  9.076046e-01  1.599332e-14
   outer loop
     vertex  1.406254e+02  4.097646e+01  5.800000e+01
     vertex  1.406254e+02  4.097646e+01  4.550000e+01
     vertex  1.339520e+02  4.406333e+01  5.800000e+01
   endloop
 endfacet
 facet normal -5.004751e-02  9.987468e-01  1.714545e-14
   outer loop
     vertex  1.478436e+02  3.957633e+01  5.800000e+01
     vertex  1.551871e+02  3.994432e+01  4.550000e+01
     vertex  1.478436e+02  3.957633e+01  4.550000e+01
   endloop
 endfacet
 facet normal  1.904225e-01  9.817022e-01  1.630802e-14
   outer loop
     vertex  1.478436e+02  3.957633e+01  5.800000e+01
     vertex  1.478436e+02  3.957633e+01  4.550000e+01
     vertex  1.406254e+02  4.097646e+01  4.550000e+01
   endloop
 endfacet
 facet normal  1.904225e-01  9.817022e-01  1.729793e-14
   outer loop
     vertex  1.478436e+02  3.957633e+01  5.800000e+01
     vertex  1.406254e+02  4.097646e+01  4.550000e+01
     vertex  1.406254e+02  4.097646e+01  5.800000e+01
   endloop
 endfacet
 facet normal -5.004751e-02  9.987468e-01  1.714545e-14
   outer loop
     vertex  1.551871e+02  3.994432e+01  5.800000e+01
     vertex  1.551871e+02  3.994432e+01  4.550000e+01
     vertex  1.478436e+02  3.957633e+01  5.800000e+01
   endloop
 endfacet
 facet normal -5.084557e-01  8.610882e-01  1.370521e-14
   outer loop
     vertex  1.622292e+02  4.205903e+01  5.800000e+01
     vertex  1.685605e+02  4.579757e+01  4.550000e+01
     vertex  1.622292e+02  4.205903e+01  4.550000e+01
   endloop
 endfacet
 facet normal -2.876090e-01  9.577479e-01  1.524367e-14
   outer loop
     vertex  1.622292e+02  4.205903e+01  5.800000e+01
     vertex  1.622292e+02  4.205903e+01  4.550000e+01
     vertex  1.551871e+02  3.994432e+01  4.550000e+01
   endloop
 endfacet
 facet normal -2.876090e-01  9.577479e-01  1.698869e-14
   outer loop
     vertex  1.622292e+02  4.205903e+01  5.800000e+01
     vertex  1.551871e+02  3.994432e+01  4.550000e+01
     vertex  1.551871e+02  3.994432e+01  5.800000e+01
   endloop
 endfacet
 facet normal -5.084557e-01  8.610882e-01  1.535078e-14
   outer loop
     vertex  1.685605e+02  4.579757e+01  5.800000e+01
     vertex  1.685605e+02  4.579757e+01  4.550000e+01
     vertex  1.622292e+02  4.205903e+01  5.800000e+01
   endloop
 endfacet
 facet normal -6.997528e-01  7.143851e-01  1.336740e-14
   outer loop
     vertex  1.738132e+02  5.094267e+01  5.800000e+01
     vertex  1.738132e+02  5.094267e+01  4.550000e+01
     vertex  1.685605e+02  4.579757e+01  4.550000e+01
   endloop
 endfacet
 facet normal -6.997528e-01  7.143851e-01  1.337449e-14
   outer loop
     vertex  1.738132e+02  5.094267e+01  5.800000e+01
     vertex  1.685605e+02  4.579757e+01  4.550000e+01
     vertex  1.685605e+02  4.579757e+01  5.800000e+01
   endloop
 endfacet
 facet normal -8.503828e-01  5.261646e-01  9.271788e-15
   outer loop
     vertex  1.776819e+02  5.719531e+01  5.800000e+01
     vertex  1.776819e+02  5.719531e+01  4.550000e+01
     vertex  1.738132e+02  5.094267e+01  4.550000e+01
   endloop
 endfacet
 facet normal -8.503828e-01  5.261646e-01  1.059136e-14
   outer loop
     vertex  1.776819e+02  5.719531e+01  5.800000e+01
     vertex  1.738132e+02  5.094267e+01  4.550000e+01
     vertex  1.738132e+02  5.094267e+01  5.800000e+01
   endloop
 endfacet
 facet normal -9.515916e-01  3.073653e-01  5.241508e-15
   outer loop
     vertex  1.799419e+02  6.419211e+01  5.800000e+01
     vertex  1.799419e+02  6.419211e+01  4.550000e+01
     vertex  1.776819e+02  5.719531e+01  4.550000e+01
   endloop
 endfacet
 facet normal -9.515916e-01  3.073653e-01  5.411643e-15
   outer loop
     vertex  1.799419e+02  6.419211e+01  5.800000e+01
     vertex  1.776819e+02  5.719531e+01  4.550000e+01
     vertex  1.776819e+02  5.719531e+01  5.800000e+01
   endloop
 endfacet
 facet normal -9.974974e-01  7.070302e-02  3.473747e-15
   outer loop
     vertex  1.804618e+02  7.152645e+01  5.800000e+01
     vertex  1.804618e+02  7.152645e+01  4.550000e+01
     vertex  1.799419e+02  6.419211e+01  4.550000e+01
   endloop
 endfacet
 facet normal -9.974974e-01  7.070302e-02  1.207956e-15
   outer loop
     vertex  1.804618e+02  7.152645e+01  5.800000e+01
     vertex  1.799419e+02  6.419211e+01  4.550000e+01
     vertex  1.799419e+02  6.419211e+01  5.800000e+01
   endloop
 endfacet
 facet normal -9.854323e-01 -1.700682e-01 -3.093523e-15
   outer loop
     vertex  1.792113e+02  7.877207e+01  5.800000e+01
     vertex  1.792113e+02  7.877207e+01  4.550000e+01
     vertex  1.804618e+02  7.152645e+01  4.550000e+01
   endloop
 endfacet
 facet normal -9.854323e-01 -1.700682e-01 -6.571281e-16
   outer loop
     vertex  1.792113e+02  7.877207e+01  5.800000e+01
     vertex  1.804618e+02  7.152645e+01  4.550000e+01
     vertex  1.804618e+02  7.152645e+01  5.800000e+01
   endloop
 endfacet
 facet normal -1.391079e-15  1.836761e-14 -1.000000e+00
   outer loop
     vertex  1.605233e+02  8.700766e+01  5.800000e+01
     vertex  1.660480e+02  9.593667e+01  5.800000e+01
     vertex  1.717887e+02  9.134246e+01  5.800000e+01
   endloop
 endfacet
 facet normal  9.564624e-16  1.818050e-14 -1.000000e+00
   outer loop
     vertex  1.561473e+02  8.903183e+01  5.800000e+01
     vertex  1.593746e+02  9.902354e+01  5.800000e+01
     vertex  1.660480e+02  9.593667e+01  5.800000e+01
   endloop
 endfacet
 facet normal  2.508833e-15  1.595458e-14 -1.000000e+00
   outer loop
     vertex  1.561473e+02  8.903183e+01  5.800000e+01
     vertex  1.660480e+02  9.593667e+01  5.800000e+01
     vertex  1.605233e+02  8.700766e+01  5.800000e+01
   endloop
 endfacet
 facet normal  2.001111e-16  1.720290e-14 -1.000000e+00
   outer loop
     vertex  1.642877e+02  8.399506e+01  5.800000e+01
     vertex  1.717887e+02  9.134246e+01  5.800000e+01
     vertex  1.762632e+02  8.550790e+01  5.800000e+01
   endloop
 endfacet
 facet normal -1.682444e-15  1.912482e-14 -1.000000e+00
   outer loop
     vertex  1.642877e+02  8.399506e+01  5.800000e+01
     vertex  1.605233e+02  8.700766e+01  5.800000e+01
     vertex  1.717887e+02  9.134246e+01  5.800000e+01
   endloop
 endfacet
 facet normal  3.320903e-16  1.693659e-14 -1.000000e+00
   outer loop
     vertex  1.514141e+02  8.994995e+01  5.800000e+01
     vertex  1.521564e+02  1.004237e+02  5.800000e+01
     vertex  1.593746e+02  9.902354e+01  5.800000e+01
   endloop
 endfacet
 facet normal -2.275690e-15  1.922449e-14 -1.000000e+00
   outer loop
     vertex  1.514141e+02  8.994995e+01  5.800000e+01
     vertex  1.593746e+02  9.902354e+01  5.800000e+01
     vertex  1.561473e+02  8.903183e+01  5.800000e+01
   endloop
 endfacet
 facet normal  6.938417e-16  1.612675e-14 -1.000000e+00
   outer loop
     vertex  1.672218e+02  8.016911e+01  5.800000e+01
     vertex  1.762632e+02  8.550790e+01  5.800000e+01
     vertex  1.792113e+02  7.877207e+01  5.800000e+01
   endloop
 endfacet
 facet normal  2.386817e-16  1.689758e-14 -1.000000e+00
   outer loop
     vertex  1.672218e+02  8.016911e+01  5.800000e+01
     vertex  1.642877e+02  8.399506e+01  5.800000e+01
     vertex  1.762632e+02  8.550790e+01  5.800000e+01
   endloop
 endfacet
 facet normal  1.063748e-16  1.718614e-14 -1.000000e+00
   outer loop
     vertex  1.465986e+02  8.970865e+01  5.800000e+01
     vertex  1.448129e+02  1.000557e+02  5.800000e+01
     vertex  1.521564e+02  1.004237e+02  5.800000e+01
   endloop
 endfacet
 facet normal  6.279085e-16  1.691562e-14 -1.000000e+00
   outer loop
     vertex  1.465986e+02  8.970865e+01  5.800000e+01
     vertex  1.521564e+02  1.004237e+02  5.800000e+01
     vertex  1.514141e+02  8.994995e+01  5.800000e+01
   endloop
 endfacet
 facet normal  5.287030e-16  1.470951e-14 -1.000000e+00
   outer loop
     vertex  1.691550e+02  7.575218e+01  5.800000e+01
     vertex  1.672218e+02  8.016911e+01  5.800000e+01
     vertex  1.792113e+02  7.877207e+01  5.800000e+01
   endloop
 endfacet
 facet normal -4.424822e-16  1.827346e-14 -1.000000e+00
   outer loop
     vertex  1.419809e+02  8.832195e+01  5.800000e+01
     vertex  1.377708e+02  9.794097e+01  5.800000e+01
     vertex  1.448129e+02  1.000557e+02  5.800000e+01
   endloop
 endfacet
 facet normal  2.413106e-15  1.758424e-14 -1.000000e+00
   outer loop
     vertex  1.419809e+02  8.832195e+01  5.800000e+01
     vertex  1.448129e+02  1.000557e+02  5.800000e+01
     vertex  1.465986e+02  8.970865e+01  5.800000e+01
   endloop
 endfacet
 facet normal  5.152647e-16  1.675999e-14 -1.000000e+00
   outer loop
     vertex  1.699749e+02  7.100095e+01  5.800000e+01
     vertex  1.792113e+02  7.877207e+01  5.800000e+01
     vertex  1.804618e+02  7.152645e+01  5.800000e+01
   endloop
 endfacet
 facet normal -4.213416e-16  1.787319e-14 -1.000000e+00
   outer loop
     vertex  1.699749e+02  7.100095e+01  5.800000e+01
     vertex  1.691550e+02  7.575218e+01  5.800000e+01
     vertex  1.792113e+02  7.877207e+01  5.800000e+01
   endloop
 endfacet
 facet normal  1.565050e-15  1.825600e-14 -1.000000e+00
   outer loop
     vertex  1.378292e+02  8.587045e+01  5.800000e+01
     vertex  1.314395e+02  9.420243e+01  5.800000e+01
     vertex  1.377708e+02  9.794097e+01  5.800000e+01
   endloop
 endfacet
 facet normal -5.052240e-16  1.824600e-14 -1.000000e+00
   outer loop
     vertex  1.378292e+02  8.587045e+01  5.800000e+01
     vertex  1.377708e+02  9.794097e+01  5.800000e+01
     vertex  1.419809e+02  8.832195e+01  5.800000e+01
   endloop
 endfacet
 facet normal  1.296731e-15  1.734630e-14 -1.000000e+00
   outer loop
     vertex  1.696340e+02  6.619155e+01  5.800000e+01
     vertex  1.804618e+02  7.152645e+01  5.800000e+01
     vertex  1.799419e+02  6.419211e+01  5.800000e+01
   endloop
 endfacet
 facet normal  3.940816e-16  1.917832e-14 -1.000000e+00
   outer loop
     vertex  1.696340e+02  6.619155e+01  5.800000e+01
     vertex  1.699749e+02  7.100095e+01  5.800000e+01
     vertex  1.804618e+02  7.152645e+01  5.800000e+01
   endloop
 endfacet
 facet normal -9.413516e-16  1.615214e-14 -1.000000e+00
   outer loop
     vertex  1.343848e+02  8.249661e+01  5.800000e+01
     vertex  1.261868e+02  8.905733e+01  5.800000e+01
     vertex  1.314395e+02  9.420243e+01  5.800000e+01
   endloop
 endfacet
 facet normal -1.294059e-15  1.606339e-14 -1.000000e+00
   outer loop
     vertex  1.343848e+02  8.249661e+01  5.800000e+01
     vertex  1.314395e+02  9.420243e+01  5.800000e+01
     vertex  1.378292e+02  8.587045e+01  5.800000e+01
   endloop
 endfacet
 facet normal  4.608552e-16  1.711506e-14 -1.000000e+00
   outer loop
     vertex  1.681521e+02  6.160348e+01  5.800000e+01
     vertex  1.799419e+02  6.419211e+01  5.800000e+01
     vertex  1.776819e+02  5.719531e+01  5.800000e+01
   endloop
 endfacet
 facet normal  8.808445e-16  1.520224e-14 -1.000000e+00
   outer loop
     vertex  1.681521e+02  6.160348e+01  5.800000e+01
     vertex  1.696340e+02  6.619155e+01  5.800000e+01
     vertex  1.799419e+02  6.419211e+01  5.800000e+01
   endloop
 endfacet
 facet normal  8.097020e-19  1.732942e-14 -1.000000e+00
   outer loop
     vertex  1.318479e+02  7.839652e+01  5.800000e+01
     vertex  1.261868e+02  8.905733e+01  5.800000e+01
     vertex  1.343848e+02  8.249661e+01  5.800000e+01
   endloop
 endfacet
 facet normal  1.730460e-15  1.824790e-14 -1.000000e+00
   outer loop
     vertex  1.223181e+02  8.280469e+01  5.800000e+01
     vertex  1.261868e+02  8.905733e+01  5.800000e+01
     vertex  1.318479e+02  7.839652e+01  5.800000e+01
   endloop
 endfacet
 facet normal  1.150773e-15  1.860657e-14 -1.000000e+00
   outer loop
     vertex  1.738132e+02  5.094267e+01  5.800000e+01
     vertex  1.681521e+02  6.160348e+01  5.800000e+01
     vertex  1.776819e+02  5.719531e+01  5.800000e+01
   endloop
 endfacet
 facet normal -5.788771e-16  1.768809e-14 -1.000000e+00
   outer loop
     vertex  1.738132e+02  5.094267e+01  5.800000e+01
     vertex  1.656152e+02  5.750339e+01  5.800000e+01
     vertex  1.681521e+02  6.160348e+01  5.800000e+01
   endloop
 endfacet
 facet normal  1.109534e-15  1.690554e-14 -1.000000e+00
   outer loop
     vertex  1.200581e+02  7.580789e+01  5.800000e+01
     vertex  1.223181e+02  8.280469e+01  5.800000e+01
     vertex  1.318479e+02  7.839652e+01  5.800000e+01
   endloop
 endfacet
 facet normal  1.163533e-15  1.665961e-14 -1.000000e+00
   outer loop
     vertex  1.200581e+02  7.580789e+01  5.800000e+01
     vertex  1.318479e+02  7.839652e+01  5.800000e+01
     vertex  1.303660e+02  7.380845e+01  5.800000e+01
   endloop
 endfacet
 facet normal -1.418357e-15  1.663912e-14 -1.000000e+00
   outer loop
     vertex  1.685605e+02  4.579757e+01  5.800000e+01
     vertex  1.656152e+02  5.750339e+01  5.800000e+01
     vertex  1.738132e+02  5.094267e+01  5.800000e+01
   endloop
 endfacet
 facet normal -1.160515e-16  1.696679e-14 -1.000000e+00
   outer loop
     vertex  1.685605e+02  4.579757e+01  5.800000e+01
     vertex  1.621708e+02  5.412955e+01  5.800000e+01
     vertex  1.656152e+02  5.750339e+01  5.800000e+01
   endloop
 endfacet
 facet normal  1.359913e-16  1.716008e-14 -1.000000e+00
   outer loop
     vertex  1.685605e+02  4.579757e+01  5.800000e+01
     vertex  1.580191e+02  5.167805e+01  5.800000e+01
     vertex  1.621708e+02  5.412955e+01  5.800000e+01
   endloop
 endfacet
 facet normal  1.296731e-15  1.734630e-14 -1.000000e+00
   outer loop
     vertex  1.195382e+02  6.847355e+01  5.800000e+01
     vertex  1.200581e+02  7.580789e+01  5.800000e+01
     vertex  1.303660e+02  7.380845e+01  5.800000e+01
   endloop
 endfacet
 facet normal  1.049380e-15  1.962251e-14 -1.000000e+00
   outer loop
     vertex  1.195382e+02  6.847355e+01  5.800000e+01
     vertex  1.300251e+02  6.899905e+01  5.800000e+01
     vertex  1.308450e+02  6.424782e+01  5.800000e+01
   endloop
 endfacet
 facet normal  1.148350e-15  1.764745e-14 -1.000000e+00
   outer loop
     vertex  1.195382e+02  6.847355e+01  5.800000e+01
     vertex  1.303660e+02  7.380845e+01  5.800000e+01
     vertex  1.300251e+02  6.899905e+01  5.800000e+01
   endloop
 endfacet
 facet normal  1.144581e-15  1.896808e-14 -1.000000e+00
   outer loop
     vertex  1.622292e+02  4.205903e+01  5.800000e+01
     vertex  1.580191e+02  5.167805e+01  5.800000e+01
     vertex  1.685605e+02  4.579757e+01  5.800000e+01
   endloop
 endfacet
 facet normal -4.491426e-16  1.561290e-14 -1.000000e+00
   outer loop
     vertex  1.207887e+02  6.122793e+01  5.800000e+01
     vertex  1.195382e+02  6.847355e+01  5.800000e+01
     vertex  1.308450e+02  6.424782e+01  5.800000e+01
   endloop
 endfacet
 facet normal  9.502018e-16  1.733177e-14 -1.000000e+00
   outer loop
     vertex  1.551871e+02  3.994432e+01  5.800000e+01
     vertex  1.534014e+02  5.029135e+01  5.800000e+01
     vertex  1.580191e+02  5.167805e+01  5.800000e+01
   endloop
 endfacet
 facet normal  2.072902e-15  1.752553e-14 -1.000000e+00
   outer loop
     vertex  1.551871e+02  3.994432e+01  5.800000e+01
     vertex  1.485859e+02  5.005005e+01  5.800000e+01
     vertex  1.534014e+02  5.029135e+01  5.800000e+01
   endloop
 endfacet
 facet normal -1.334269e-15  1.788314e-14 -1.000000e+00
   outer loop
     vertex  1.551871e+02  3.994432e+01  5.800000e+01
     vertex  1.580191e+02  5.167805e+01  5.800000e+01
     vertex  1.622292e+02  4.205903e+01  5.800000e+01
   endloop
 endfacet
 facet normal -7.327268e-16  1.655724e-14 -1.000000e+00
   outer loop
     vertex  1.237368e+02  5.449210e+01  5.800000e+01
     vertex  1.207887e+02  6.122793e+01  5.800000e+01
     vertex  1.308450e+02  6.424782e+01  5.800000e+01
   endloop
 endfacet
 facet normal  1.324919e-15  1.505800e-14 -1.000000e+00
   outer loop
     vertex  1.237368e+02  5.449210e+01  5.800000e+01
     vertex  1.308450e+02  6.424782e+01  5.800000e+01
     vertex  1.327782e+02  5.983089e+01  5.800000e+01
   endloop
 endfacet
 facet normal -2.807898e-15  1.648075e-14 -1.000000e+00
   outer loop
     vertex  1.478436e+02  3.957633e+01  5.800000e+01
     vertex  1.438527e+02  5.096817e+01  5.800000e+01
     vertex  1.485859e+02  5.005005e+01  5.800000e+01
   endloop
 endfacet
 facet normal  1.522360e-16  1.627093e-14 -1.000000e+00
   outer loop
     vertex  1.478436e+02  3.957633e+01  5.800000e+01
     vertex  1.485859e+02  5.005005e+01  5.800000e+01
     vertex  1.551871e+02  3.994432e+01  5.800000e+01
   endloop
 endfacet
 facet normal  3.874365e-16  1.701166e-14 -1.000000e+00
   outer loop
     vertex  1.282113e+02  4.865754e+01  5.800000e+01
     vertex  1.327782e+02  5.983089e+01  5.800000e+01
     vertex  1.357123e+02  5.600494e+01  5.800000e+01
   endloop
 endfacet
 facet normal  1.025670e-16  1.712809e-14 -1.000000e+00
   outer loop
     vertex  1.282113e+02  4.865754e+01  5.800000e+01
     vertex  1.237368e+02  5.449210e+01  5.800000e+01
     vertex  1.327782e+02  5.983089e+01  5.800000e+01
   endloop
 endfacet
 facet normal  2.916648e-15  1.683622e-14 -1.000000e+00
   outer loop
     vertex  1.406254e+02  4.097646e+01  5.800000e+01
     vertex  1.394767e+02  5.299234e+01  5.800000e+01
     vertex  1.438527e+02  5.096817e+01  5.800000e+01
   endloop
 endfacet
 facet normal  4.661530e-16  1.762774e-14 -1.000000e+00
   outer loop
     vertex  1.406254e+02  4.097646e+01  5.800000e+01
     vertex  1.438527e+02  5.096817e+01  5.800000e+01
     vertex  1.478436e+02  3.957633e+01  5.800000e+01
   endloop
 endfacet
 facet normal -1.991246e-15  1.873896e-14 -1.000000e+00
   outer loop
     vertex  1.339520e+02  4.406333e+01  5.800000e+01
     vertex  1.357123e+02  5.600494e+01  5.800000e+01
     vertex  1.394767e+02  5.299234e+01  5.800000e+01
   endloop
 endfacet
 facet normal -1.188587e-15  1.862064e-14 -1.000000e+00
   outer loop
     vertex  1.339520e+02  4.406333e+01  5.800000e+01
     vertex  1.282113e+02  4.865754e+01  5.800000e+01
     vertex  1.357123e+02  5.600494e+01  5.800000e+01
   endloop
 endfacet
 facet normal  1.329196e-15  1.668447e-14 -1.000000e+00
   outer loop
     vertex  1.339520e+02  4.406333e+01  5.800000e+01
     vertex  1.394767e+02  5.299234e+01  5.800000e+01
     vertex  1.406254e+02  4.097646e+01  5.800000e+01
   endloop
 endfacet
 facet normal  9.160974e-01  4.009557e-01 -2.026346e-14
   outer loop
     vertex  1.672218e+02  8.016911e+01  5.800000e+01
     vertex  1.691550e+02  7.575218e+01  5.800000e+01
     vertex  1.691550e+02  7.575218e+01  5.700000e+01
   endloop
 endfacet
 facet normal  9.160974e-01  4.009557e-01 -3.498034e-14
   outer loop
     vertex  1.672218e+02  8.016911e+01  5.800000e+01
     vertex  1.691550e+02  7.575218e+01  5.700000e+01
     vertex  1.672218e+02  8.016911e+01  5.700000e+01
   endloop
 endfacet
 facet normal  7.935223e-01  6.085412e-01 -2.781074e-14
   outer loop
     vertex  1.642877e+02  8.399506e+01  5.800000e+01
     vertex  1.672218e+02  8.016911e+01  5.700000e+01
     vertex  1.642877e+02  8.399506e+01  5.700000e+01
   endloop
 endfacet
 facet normal  7.935223e-01  6.085412e-01 -1.915818e-14
   outer loop
     vertex  1.642877e+02  8.399506e+01  5.800000e+01
     vertex  1.672218e+02  8.016911e+01  5.800000e+01
     vertex  1.672218e+02  8.016911e+01  5.700000e+01
   endloop
 endfacet
 facet normal  6.248306e-01  7.807604e-01 -1.332696e-14
   outer loop
     vertex  1.605233e+02  8.700766e+01  5.800000e+01
     vertex  1.642877e+02  8.399506e+01  5.700000e+01
     vertex  1.605233e+02  8.700766e+01  5.700000e+01
   endloop
 endfacet
 facet normal  6.248306e-01  7.807604e-01 -1.363178e-14
   outer loop
     vertex  1.605233e+02  8.700766e+01  5.800000e+01
     vertex  1.642877e+02  8.399506e+01  5.800000e+01
     vertex  1.642877e+02  8.399506e+01  5.700000e+01
   endloop
 endfacet
 facet normal  4.198259e-01  9.076046e-01  1.482917e-14
   outer loop
     vertex  1.561473e+02  8.903183e+01  5.800000e+01
     vertex  1.605233e+02  8.700766e+01  5.700000e+01
     vertex  1.561473e+02  8.903183e+01  5.700000e+01
   endloop
 endfacet
 facet normal  4.198259e-01  9.076046e-01  1.842133e-15
   outer loop
     vertex  1.561473e+02  8.903183e+01  5.800000e+01
     vertex  1.605233e+02  8.700766e+01  5.800000e+01
     vertex  1.605233e+02  8.700766e+01  5.700000e+01
   endloop
 endfacet
 facet normal  1.904225e-01  9.817022e-01  3.126559e-15
   outer loop
     vertex  1.514141e+02  8.994995e+01  5.800000e+01
     vertex  1.561473e+02  8.903183e+01  5.700000e+01
     vertex  1.514141e+02  8.994995e+01  5.700000e+01
   endloop
 endfacet
 facet normal  1.904225e-01  9.817022e-01  3.094784e-14
   outer loop
     vertex  1.514141e+02  8.994995e+01  5.800000e+01
     vertex  1.561473e+02  8.903183e+01  5.800000e+01
     vertex  1.561473e+02  8.903183e+01  5.700000e+01
   endloop
 endfacet
 facet normal -5.004751e-02  9.987468e-01  2.844872e-15
   outer loop
     vertex  1.465986e+02  8.970865e+01  5.800000e+01
     vertex  1.514141e+02  8.994995e+01  5.700000e+01
     vertex  1.465986e+02  8.970865e+01  5.700000e+01
   endloop
 endfacet
 facet normal -5.004751e-02  9.987468e-01  1.703973e-14
   outer loop
     vertex  1.465986e+02  8.970865e+01  5.800000e+01
     vertex  1.514141e+02  8.994995e+01  5.800000e+01
     vertex  1.514141e+02  8.994995e+01  5.700000e+01
   endloop
 endfacet
 facet normal -2.876090e-01  9.577479e-01  8.174339e-15
   outer loop
     vertex  1.419809e+02  8.832195e+01  5.800000e+01
     vertex  1.465986e+02  8.970865e+01  5.700000e+01
     vertex  1.419809e+02  8.832195e+01  5.700000e+01
   endloop
 endfacet
 facet normal -2.876090e-01  9.577479e-01  1.639498e-14
   outer loop
     vertex  1.419809e+02  8.832195e+01  5.800000e+01
     vertex  1.465986e+02  8.970865e+01  5.800000e+01
     vertex  1.465986e+02  8.970865e+01  5.700000e+01
   endloop
 endfacet
 facet normal -5.084557e-01  8.610882e-01  2.890236e-14
   outer loop
     vertex  1.378292e+02  8.587045e+01  5.800000e+01
     vertex  1.419809e+02  8.832195e+01  5.700000e+01
     vertex  1.378292e+02  8.587045e+01  5.700000e+01
   endloop
 endfacet
 facet normal -5.084557e-01  8.610882e-01  1.436864e-14
   outer loop
     vertex  1.378292e+02  8.587045e+01  5.800000e+01
     vertex  1.419809e+02  8.832195e+01  5.800000e+01
     vertex  1.419809e+02  8.832195e+01  5.700000e+01
   endloop
 endfacet
 facet normal -6.997528e-01  7.143851e-01  2.962432e-14
   outer loop
     vertex  1.343848e+02  8.249661e+01  5.800000e+01
     vertex  1.378292e+02  8.587045e+01  5.700000e+01
     vertex  1.343848e+02  8.249661e+01  5.700000e+01
   endloop
 endfacet
 facet normal -6.997528e-01  7.143851e-01  3.979007e-14
   outer loop
     vertex  1.343848e+02  8.249661e+01  5.800000e+01
     vertex  1.378292e+02  8.587045e+01  5.800000e+01
     vertex  1.378292e+02  8.587045e+01  5.700000e+01
   endloop
 endfacet
 facet normal -8.503828e-01  5.261646e-01  2.416933e-14
   outer loop
     vertex  1.318479e+02  7.839652e+01  5.800000e+01
     vertex  1.343848e+02  8.249661e+01  5.700000e+01
     vertex  1.318479e+02  7.839652e+01  5.700000e+01
   endloop
 endfacet
 facet normal -8.503828e-01  5.261646e-01  4.089535e-14
   outer loop
     vertex  1.318479e+02  7.839652e+01  5.800000e+01
     vertex  1.343848e+02  8.249661e+01  5.800000e+01
     vertex  1.343848e+02  8.249661e+01  5.700000e+01
   endloop
 endfacet
 facet normal -9.515916e-01  3.073653e-01  4.367923e-15
   outer loop
     vertex  1.303660e+02  7.380845e+01  5.800000e+01
     vertex  1.318479e+02  7.839652e+01  5.700000e+01
     vertex  1.303660e+02  7.380845e+01  5.700000e+01
   endloop
 endfacet
 facet normal -9.515916e-01  3.073653e-01  2.689514e-14
   outer loop
     vertex  1.303660e+02  7.380845e+01  5.800000e+01
     vertex  1.318479e+02  7.839652e+01  5.800000e+01
     vertex  1.318479e+02  7.839652e+01  5.700000e+01
   endloop
 endfacet
 facet normal -9.974974e-01  7.070302e-02  2.935533e-14
   outer loop
     vertex  1.300251e+02  6.899905e+01  5.800000e+01
     vertex  1.303660e+02  7.380845e+01  5.700000e+01
     vertex  1.300251e+02  6.899905e+01  5.700000e+01
   endloop
 endfacet
 facet normal -9.974974e-01  7.070302e-02  1.013173e-15
   outer loop
     vertex  1.300251e+02  6.899905e+01  5.800000e+01
     vertex  1.303660e+02  7.380845e+01  5.800000e+01
     vertex  1.303660e+02  7.380845e+01  5.700000e+01
   endloop
 endfacet
 facet normal -9.854323e-01 -1.700682e-01 -2.416815e-15
   outer loop
     vertex  1.308450e+02  6.424782e+01  5.800000e+01
     vertex  1.300251e+02  6.899905e+01  5.700000e+01
     vertex  1.308450e+02  6.424782e+01  5.700000e+01
   endloop
 endfacet
 facet normal -9.854323e-01 -1.700682e-01  2.551354e-14
   outer loop
     vertex  1.308450e+02  6.424782e+01  5.800000e+01
     vertex  1.300251e+02  6.899905e+01  5.800000e+01
     vertex  1.300251e+02  6.899905e+01  5.700000e+01
   endloop
 endfacet
 facet normal -3.506296e-15  1.949940e-14 -1.000000e+00
   outer loop
     vertex  1.341169e+02  7.734695e+01  5.700000e+01
     vertex  1.318479e+02  7.839652e+01  5.700000e+01
     vertex  1.343848e+02  8.249661e+01  5.700000e+01
   endloop
 endfacet
 facet normal -2.632602e-15  1.945395e-14 -1.000000e+00
   outer loop
     vertex  1.363367e+02  8.093453e+01  5.700000e+01
     vertex  1.341169e+02  7.734695e+01  5.700000e+01
     vertex  1.343848e+02  8.249661e+01  5.700000e+01
   endloop
 endfacet
 facet normal  3.851181e-16  1.691104e-14 -1.000000e+00
   outer loop
     vertex  1.328202e+02  7.333239e+01  5.700000e+01
     vertex  1.303660e+02  7.380845e+01  5.700000e+01
     vertex  1.318479e+02  7.839652e+01  5.700000e+01
   endloop
 endfacet
 facet normal -5.199567e-15  1.583878e-14 -1.000000e+00
   outer loop
     vertex  1.328202e+02  7.333239e+01  5.700000e+01
     vertex  1.318479e+02  7.839652e+01  5.700000e+01
     vertex  1.341169e+02  7.734695e+01  5.700000e+01
   endloop
 endfacet
 facet normal -1.771065e-15  1.655037e-14 -1.000000e+00
   outer loop
     vertex  1.393505e+02  8.388664e+01  5.700000e+01
     vertex  1.343848e+02  8.249661e+01  5.700000e+01
     vertex  1.378292e+02  8.587045e+01  5.700000e+01
   endloop
 endfacet
 facet normal -2.596481e-15  1.949909e-14 -1.000000e+00
   outer loop
     vertex  1.393505e+02  8.388664e+01  5.700000e+01
     vertex  1.363367e+02  8.093453e+01  5.700000e+01
     vertex  1.343848e+02  8.249661e+01  5.700000e+01
   endloop
 endfacet
 facet normal -3.747445e-15  1.799447e-14 -1.000000e+00
   outer loop
     vertex  1.325219e+02  6.912417e+01  5.700000e+01
     vertex  1.300251e+02  6.899905e+01  5.700000e+01
     vertex  1.303660e+02  7.380845e+01  5.700000e+01
   endloop
 endfacet
 facet normal  1.020984e-15  2.018917e-14 -1.000000e+00
   outer loop
     vertex  1.325219e+02  6.912417e+01  5.700000e+01
     vertex  1.303660e+02  7.380845e+01  5.700000e+01
     vertex  1.328202e+02  7.333239e+01  5.700000e+01
   endloop
 endfacet
 facet normal  2.336919e-15  1.343273e-14 -1.000000e+00
   outer loop
     vertex  1.429833e+02  8.603170e+01  5.700000e+01
     vertex  1.378292e+02  8.587045e+01  5.700000e+01
     vertex  1.419809e+02  8.832195e+01  5.700000e+01
   endloop
 endfacet
 facet normal  2.145404e-15  1.955386e-14 -1.000000e+00
   outer loop
     vertex  1.429833e+02  8.603170e+01  5.700000e+01
     vertex  1.393505e+02  8.388664e+01  5.700000e+01
     vertex  1.378292e+02  8.587045e+01  5.700000e+01
   endloop
 endfacet
 facet normal -4.696607e-15  1.563986e-14 -1.000000e+00
   outer loop
     vertex  1.332394e+02  6.496684e+01  5.700000e+01
     vertex  1.308450e+02  6.424782e+01  5.700000e+01
     vertex  1.300251e+02  6.899905e+01  5.700000e+01
   endloop
 endfacet
 facet normal -3.670447e-15  1.645789e-14 -1.000000e+00
   outer loop
     vertex  1.332394e+02  6.496684e+01  5.700000e+01
     vertex  1.300251e+02  6.899905e+01  5.700000e+01
     vertex  1.325219e+02  6.912417e+01  5.700000e+01
   endloop
 endfacet
 facet normal  2.373895e-15  1.771481e-14 -1.000000e+00
   outer loop
     vertex  1.470238e+02  8.724507e+01  5.700000e+01
     vertex  1.419809e+02  8.832195e+01  5.700000e+01
     vertex  1.465986e+02  8.970865e+01  5.700000e+01
   endloop
 endfacet
 facet normal  1.369019e-15  1.300910e-14 -1.000000e+00
   outer loop
     vertex  1.470238e+02  8.724507e+01  5.700000e+01
     vertex  1.429833e+02  8.603170e+01  5.700000e+01
     vertex  1.419809e+02  8.832195e+01  5.700000e+01
   endloop
 endfacet
 facet normal -4.345101e-16  1.750529e-14 -1.000000e+00
   outer loop
     vertex  1.349310e+02  6.110203e+01  5.700000e+01
     vertex  1.327782e+02  5.983089e+01  5.700000e+01
     vertex  1.308450e+02  6.424782e+01  5.700000e+01
   endloop
 endfacet
 facet normal -3.903673e-15  1.299937e-14 -1.000000e+00
   outer loop
     vertex  1.349310e+02  6.110203e+01  5.700000e+01
     vertex  1.308450e+02  6.424782e+01  5.700000e+01
     vertex  1.332394e+02  6.496684e+01  5.700000e+01
   endloop
 endfacet
 facet normal  3.345086e-16  2.277070e-14 -1.000000e+00
   outer loop
     vertex  1.512373e+02  8.745620e+01  5.700000e+01
     vertex  1.465986e+02  8.970865e+01  5.700000e+01
     vertex  1.514141e+02  8.994995e+01  5.700000e+01
   endloop
 endfacet
 facet normal -2.531620e-15  1.686821e-14 -1.000000e+00
   outer loop
     vertex  1.512373e+02  8.745620e+01  5.700000e+01
     vertex  1.470238e+02  8.724507e+01  5.700000e+01
     vertex  1.465986e+02  8.970865e+01  5.700000e+01
   endloop
 endfacet
 facet normal -2.616752e-16  1.651386e-14 -1.000000e+00
   outer loop
     vertex  1.374983e+02  5.775433e+01  5.700000e+01
     vertex  1.357123e+02  5.600494e+01  5.700000e+01
     vertex  1.327782e+02  5.983089e+01  5.700000e+01
   endloop
 endfacet
 facet normal -8.551995e-17  1.691426e-14 -1.000000e+00
   outer loop
     vertex  1.374983e+02  5.775433e+01  5.700000e+01
     vertex  1.327782e+02  5.983089e+01  5.700000e+01
     vertex  1.349310e+02  6.110203e+01  5.700000e+01
   endloop
 endfacet
 facet normal -3.469913e-15  1.306781e-14 -1.000000e+00
   outer loop
     vertex  1.553789e+02  8.665285e+01  5.700000e+01
     vertex  1.514141e+02  8.994995e+01  5.700000e+01
     vertex  1.561473e+02  8.903183e+01  5.700000e+01
   endloop
 endfacet
 facet normal  4.361508e-15  2.248527e-14 -1.000000e+00
   outer loop
     vertex  1.553789e+02  8.665285e+01  5.700000e+01
     vertex  1.512373e+02  8.745620e+01  5.700000e+01
     vertex  1.514141e+02  8.994995e+01  5.700000e+01
   endloop
 endfacet
 facet normal  1.160658e-15  2.267743e-14 -1.000000e+00
   outer loop
     vertex  1.407921e+02  5.511830e+01  5.700000e+01
     vertex  1.394767e+02  5.299234e+01  5.700000e+01
     vertex  1.357123e+02  5.600494e+01  5.700000e+01
   endloop
 endfacet
 facet normal  3.244507e-17  1.621359e-14 -1.000000e+00
   outer loop
     vertex  1.407921e+02  5.511830e+01  5.700000e+01
     vertex  1.357123e+02  5.600494e+01  5.700000e+01
     vertex  1.374983e+02  5.775433e+01  5.700000e+01
   endloop
 endfacet
 facet normal -2.427216e-16  2.354576e-14 -1.000000e+00
   outer loop
     vertex  1.605233e+02  8.700766e+01  5.700000e+01
     vertex  1.592079e+02  8.488170e+01  5.700000e+01
     vertex  1.553789e+02  8.665285e+01  5.700000e+01
   endloop
 endfacet
 facet normal  5.699235e-16  1.176293e-14 -1.000000e+00
   outer loop
     vertex  1.605233e+02  8.700766e+01  5.700000e+01
     vertex  1.553789e+02  8.665285e+01  5.700000e+01
     vertex  1.561473e+02  8.903183e+01  5.700000e+01
   endloop
 endfacet
 facet normal  4.626609e-15  2.053292e-14 -1.000000e+00
   outer loop
     vertex  1.438527e+02  5.096817e+01  5.700000e+01
     vertex  1.394767e+02  5.299234e+01  5.700000e+01
     vertex  1.407921e+02  5.511830e+01  5.700000e+01
   endloop
 endfacet
 facet normal -4.878933e-15  1.352292e-14 -1.000000e+00
   outer loop
     vertex  1.438527e+02  5.096817e+01  5.700000e+01
     vertex  1.407921e+02  5.511830e+01  5.700000e+01
     vertex  1.446211e+02  5.334715e+01  5.700000e+01
   endloop
 endfacet
 facet normal  1.160658e-15  2.267743e-14 -1.000000e+00
   outer loop
     vertex  1.642877e+02  8.399506e+01  5.700000e+01
     vertex  1.592079e+02  8.488170e+01  5.700000e+01
     vertex  1.605233e+02  8.700766e+01  5.700000e+01
   endloop
 endfacet
 facet normal -5.692686e-16  1.276621e-14 -1.000000e+00
   outer loop
     vertex  1.642877e+02  8.399506e+01  5.700000e+01
     vertex  1.625017e+02  8.224567e+01  5.700000e+01
     vertex  1.592079e+02  8.488170e+01  5.700000e+01
   endloop
 endfacet
 facet normal  2.180754e-15  1.124263e-14 -1.000000e+00
   outer loop
     vertex  1.487627e+02  5.254380e+01  5.700000e+01
     vertex  1.438527e+02  5.096817e+01  5.700000e+01
     vertex  1.446211e+02  5.334715e+01  5.700000e+01
   endloop
 endfacet
 facet normal -1.561753e-15  2.290511e-14 -1.000000e+00
   outer loop
     vertex  1.485859e+02  5.005005e+01  5.700000e+01
     vertex  1.438527e+02  5.096817e+01  5.700000e+01
     vertex  1.487627e+02  5.254380e+01  5.700000e+01
   endloop
 endfacet
 facet normal -2.681966e-15  1.492308e-14 -1.000000e+00
   outer loop
     vertex  1.650690e+02  7.889797e+01  5.700000e+01
     vertex  1.625017e+02  8.224567e+01  5.700000e+01
     vertex  1.642877e+02  8.399506e+01  5.700000e+01
   endloop
 endfacet
 facet normal -2.249580e-15  1.498937e-14 -1.000000e+00
   outer loop
     vertex  1.672218e+02  8.016911e+01  5.700000e+01
     vertex  1.650690e+02  7.889797e+01  5.700000e+01
     vertex  1.642877e+02  8.399506e+01  5.700000e+01
   endloop
 endfacet
 facet normal -1.146307e-15  2.287566e-14 -1.000000e+00
   outer loop
     vertex  1.529762e+02  5.275493e+01  5.700000e+01
     vertex  1.485859e+02  5.005005e+01  5.700000e+01
     vertex  1.487627e+02  5.254380e+01  5.700000e+01
   endloop
 endfacet
 facet normal  2.066078e-15  1.766169e-14 -1.000000e+00
   outer loop
     vertex  1.534014e+02  5.029135e+01  5.700000e+01
     vertex  1.485859e+02  5.005005e+01  5.700000e+01
     vertex  1.529762e+02  5.275493e+01  5.700000e+01
   endloop
 endfacet
 facet normal -1.596845e-15  1.702953e-14 -1.000000e+00
   outer loop
     vertex  1.570167e+02  5.396830e+01  5.700000e+01
     vertex  1.534014e+02  5.029135e+01  5.700000e+01
     vertex  1.529762e+02  5.275493e+01  5.700000e+01
   endloop
 endfacet
 facet normal -1.547703e-15  1.380071e-14 -1.000000e+00
   outer loop
     vertex  1.691550e+02  7.575218e+01  5.700000e+01
     vertex  1.650690e+02  7.889797e+01  5.700000e+01
     vertex  1.672218e+02  8.016911e+01  5.700000e+01
   endloop
 endfacet
 facet normal  8.540252e-16  1.692020e-14 -1.000000e+00
   outer loop
     vertex  1.691550e+02  7.575218e+01  5.700000e+01
     vertex  1.667606e+02  7.503316e+01  5.700000e+01
     vertex  1.650690e+02  7.889797e+01  5.700000e+01
   endloop
 endfacet
 facet normal  2.146147e-15  1.334923e-14 -1.000000e+00
   outer loop
     vertex  1.580191e+02  5.167805e+01  5.700000e+01
     vertex  1.534014e+02  5.029135e+01  5.700000e+01
     vertex  1.570167e+02  5.396830e+01  5.700000e+01
   endloop
 endfacet
 facet normal  5.191043e-16  1.803550e-14 -1.000000e+00
   outer loop
     vertex  1.699749e+02  7.100095e+01  5.700000e+01
     vertex  1.667606e+02  7.503316e+01  5.700000e+01
     vertex  1.691550e+02  7.575218e+01  5.700000e+01
   endloop
 endfacet
 facet normal -8.491091e-16  1.694480e-14 -1.000000e+00
   outer loop
     vertex  1.699749e+02  7.100095e+01  5.700000e+01
     vertex  1.674781e+02  7.087583e+01  5.700000e+01
     vertex  1.667606e+02  7.503316e+01  5.700000e+01
   endloop
 endfacet
 facet normal -1.018931e-15  2.033376e-14 -1.000000e+00
   outer loop
     vertex  1.699749e+02  7.100095e+01  5.700000e+01
     vertex  1.671798e+02  6.666761e+01  5.700000e+01
     vertex  1.674781e+02  7.087583e+01  5.700000e+01
   endloop
 endfacet
 facet normal  2.336919e-15  1.343273e-14 -1.000000e+00
   outer loop
     vertex  1.621708e+02  5.412955e+01  5.700000e+01
     vertex  1.580191e+02  5.167805e+01  5.700000e+01
     vertex  1.570167e+02  5.396830e+01  5.700000e+01
   endloop
 endfacet
 facet normal  2.145404e-15  1.955386e-14 -1.000000e+00
   outer loop
     vertex  1.621708e+02  5.412955e+01  5.700000e+01
     vertex  1.570167e+02  5.396830e+01  5.700000e+01
     vertex  1.606495e+02  5.611336e+01  5.700000e+01
   endloop
 endfacet
 facet normal  8.190638e-16  1.914819e-14 -1.000000e+00
   outer loop
     vertex  1.696340e+02  6.619155e+01  5.700000e+01
     vertex  1.671798e+02  6.666761e+01  5.700000e+01
     vertex  1.699749e+02  7.100095e+01  5.700000e+01
   endloop
 endfacet
 facet normal -5.930573e-16  1.745377e-14 -1.000000e+00
   outer loop
     vertex  1.656152e+02  5.750339e+01  5.700000e+01
     vertex  1.606495e+02  5.611336e+01  5.700000e+01
     vertex  1.636633e+02  5.906547e+01  5.700000e+01
   endloop
 endfacet
 facet normal -5.930573e-16  1.745377e-14 -1.000000e+00
   outer loop
     vertex  1.656152e+02  5.750339e+01  5.700000e+01
     vertex  1.621708e+02  5.412955e+01  5.700000e+01
     vertex  1.606495e+02  5.611336e+01  5.700000e+01
   endloop
 endfacet
 facet normal -2.475117e-15  1.495878e-14 -1.000000e+00
   outer loop
     vertex  1.681521e+02  6.160348e+01  5.700000e+01
     vertex  1.658831e+02  6.265305e+01  5.700000e+01
     vertex  1.671798e+02  6.666761e+01  5.700000e+01
   endloop
 endfacet
 facet normal -8.935412e-16  1.837793e-14 -1.000000e+00
   outer loop
     vertex  1.681521e+02  6.160348e+01  5.700000e+01
     vertex  1.636633e+02  5.906547e+01  5.700000e+01
     vertex  1.658831e+02  6.265305e+01  5.700000e+01
   endloop
 endfacet
 facet normal  1.024301e-16  1.545367e-14 -1.000000e+00
   outer loop
     vertex  1.681521e+02  6.160348e+01  5.700000e+01
     vertex  1.671798e+02  6.666761e+01  5.700000e+01
     vertex  1.696340e+02  6.619155e+01  5.700000e+01
   endloop
 endfacet
 facet normal -4.629398e-16  1.761636e-14 -1.000000e+00
   outer loop
     vertex  1.681521e+02  6.160348e+01  5.700000e+01
     vertex  1.656152e+02  5.750339e+01  5.700000e+01
     vertex  1.636633e+02  5.906547e+01  5.700000e+01
   endloop
 endfacet
 facet normal  9.160974e-01  4.009557e-01  6.959169e-15
   outer loop
     vertex  1.650690e+02  7.889797e+01  5.700000e+01
     vertex  1.667606e+02  7.503316e+01  5.700000e+01
     vertex  1.667606e+02  7.503316e+01  3.900000e+01
   endloop
 endfacet
 facet normal  7.935223e-01  6.085412e-01  1.182260e-14
   outer loop
     vertex  1.650690e+02  7.889797e+01  5.700000e+01
     vertex  1.650690e+02  7.889797e+01  3.900000e+01
     vertex  1.625017e+02  8.224567e+01  3.900000e+01
   endloop
 endfacet
 facet normal  9.160974e-01  4.009557e-01  8.410632e-15
   outer loop
     vertex  1.650690e+02  7.889797e+01  5.700000e+01
     vertex  1.667606e+02  7.503316e+01  3.900000e+01
     vertex  1.650690e+02  7.889797e+01  3.900000e+01
   endloop
 endfacet
 facet normal  7.935223e-01  6.085412e-01  1.230304e-14
   outer loop
     vertex  1.625017e+02  8.224567e+01  5.700000e+01
     vertex  1.650690e+02  7.889797e+01  5.700000e+01
     vertex  1.625017e+02  8.224567e+01  3.900000e+01
   endloop
 endfacet
 facet normal  6.248306e-01  7.807604e-01  1.356089e-14
   outer loop
     vertex  1.592079e+02  8.488170e+01  5.700000e+01
     vertex  1.625017e+02  8.224567e+01  3.900000e+01
     vertex  1.592079e+02  8.488170e+01  3.900000e+01
   endloop
 endfacet
 facet normal  6.248306e-01  7.807604e-01  1.518152e-14
   outer loop
     vertex  1.592079e+02  8.488170e+01  5.700000e+01
     vertex  1.625017e+02  8.224567e+01  5.700000e+01
     vertex  1.625017e+02  8.224567e+01  3.900000e+01
   endloop
 endfacet
 facet normal  4.198259e-01  9.076046e-01  1.714347e-14
   outer loop
     vertex  1.553789e+02  8.665285e+01  5.700000e+01
     vertex  1.592079e+02  8.488170e+01  3.900000e+01
     vertex  1.553789e+02  8.665285e+01  3.900000e+01
   endloop
 endfacet
 facet normal  4.198259e-01  9.076046e-01  1.576632e-14
   outer loop
     vertex  1.553789e+02  8.665285e+01  5.700000e+01
     vertex  1.592079e+02  8.488170e+01  5.700000e+01
     vertex  1.592079e+02  8.488170e+01  3.900000e+01
   endloop
 endfacet
 facet normal -5.004751e-02  9.987468e-01  1.813556e-14
   outer loop
     vertex  1.512373e+02  8.745620e+01  5.700000e+01
     vertex  1.512373e+02  8.745620e+01  3.900000e+01
     vertex  1.470238e+02  8.724507e+01  3.900000e+01
   endloop
 endfacet
 facet normal  1.904225e-01  9.817022e-01  1.782606e-14
   outer loop
     vertex  1.512373e+02  8.745620e+01  5.700000e+01
     vertex  1.553789e+02  8.665285e+01  3.900000e+01
     vertex  1.512373e+02  8.745620e+01  3.900000e+01
   endloop
 endfacet
 facet normal  1.904225e-01  9.817022e-01  1.812893e-14
   outer loop
     vertex  1.512373e+02  8.745620e+01  5.700000e+01
     vertex  1.553789e+02  8.665285e+01  5.700000e+01
     vertex  1.553789e+02  8.665285e+01  3.900000e+01
   endloop
 endfacet
 facet normal -5.004751e-02  9.987468e-01  1.734706e-14
   outer loop
     vertex  1.470238e+02  8.724507e+01  5.700000e+01
     vertex  1.512373e+02  8.745620e+01  5.700000e+01
     vertex  1.470238e+02  8.724507e+01  3.900000e+01
   endloop
 endfacet
 facet normal -2.876090e-01  9.577479e-01  1.663495e-14
   outer loop
     vertex  1.429833e+02  8.603170e+01  5.700000e+01
     vertex  1.470238e+02  8.724507e+01  3.900000e+01
     vertex  1.429833e+02  8.603170e+01  3.900000e+01
   endloop
 endfacet
 facet normal -2.876090e-01  9.577479e-01  1.663183e-14
   outer loop
     vertex  1.429833e+02  8.603170e+01  5.700000e+01
     vertex  1.470238e+02  8.724507e+01  5.700000e+01
     vertex  1.470238e+02  8.724507e+01  3.900000e+01
   endloop
 endfacet
 facet normal -5.084557e-01  8.610882e-01  1.495609e-14
   outer loop
     vertex  1.393505e+02  8.388664e+01  5.700000e+01
     vertex  1.429833e+02  8.603170e+01  3.900000e+01
     vertex  1.393505e+02  8.388664e+01  3.900000e+01
   endloop
 endfacet
 facet normal -5.084557e-01  8.610882e-01  1.495929e-14
   outer loop
     vertex  1.393505e+02  8.388664e+01  5.700000e+01
     vertex  1.429833e+02  8.603170e+01  5.700000e+01
     vertex  1.429833e+02  8.603170e+01  3.900000e+01
   endloop
 endfacet
 facet normal -8.503828e-01  5.261646e-01  8.626924e-15
   outer loop
     vertex  1.363367e+02  8.093453e+01  5.700000e+01
     vertex  1.363367e+02  8.093453e+01  3.900000e+01
     vertex  1.341169e+02  7.734695e+01  3.900000e+01
   endloop
 endfacet
 facet normal -6.997528e-01  7.143851e-01  1.243113e-14
   outer loop
     vertex  1.363367e+02  8.093453e+01  5.700000e+01
     vertex  1.393505e+02  8.388664e+01  3.900000e+01
     vertex  1.363367e+02  8.093453e+01  3.900000e+01
   endloop
 endfacet
 facet normal -6.997528e-01  7.143851e-01  1.242124e-14
   outer loop
     vertex  1.363367e+02  8.093453e+01  5.700000e+01
     vertex  1.393505e+02  8.388664e+01  5.700000e+01
     vertex  1.393505e+02  8.388664e+01  3.900000e+01
   endloop
 endfacet
 facet normal -8.503828e-01  5.261646e-01  8.211521e-15
   outer loop
     vertex  1.341169e+02  7.734695e+01  5.700000e+01
     vertex  1.363367e+02  8.093453e+01  5.700000e+01
     vertex  1.341169e+02  7.734695e+01  3.900000e+01
   endloop
 endfacet
 facet normal -9.515916e-01  3.073653e-01  5.338573e-15
   outer loop
     vertex  1.328202e+02  7.333239e+01  5.700000e+01
     vertex  1.341169e+02  7.734695e+01  3.900000e+01
     vertex  1.328202e+02  7.333239e+01  3.900000e+01
   endloop
 endfacet
 facet normal -9.515916e-01  3.073653e-01  4.081933e-15
   outer loop
     vertex  1.328202e+02  7.333239e+01  5.700000e+01
     vertex  1.341169e+02  7.734695e+01  5.700000e+01
     vertex  1.341169e+02  7.734695e+01  3.900000e+01
   endloop
 endfacet
 facet normal -9.974974e-01  7.070302e-02  1.228028e-15
   outer loop
     vertex  1.325219e+02  6.912417e+01  5.700000e+01
     vertex  1.328202e+02  7.333239e+01  3.900000e+01
     vertex  1.325219e+02  6.912417e+01  3.900000e+01
   endloop
 endfacet
 facet normal -9.974974e-01  7.070302e-02  1.228089e-15
   outer loop
     vertex  1.325219e+02  6.912417e+01  5.700000e+01
     vertex  1.328202e+02  7.333239e+01  5.700000e+01
     vertex  1.328202e+02  7.333239e+01  3.900000e+01
   endloop
 endfacet
 facet normal -9.854323e-01 -1.700682e-01 -2.819618e-15
   outer loop
     vertex  1.332394e+02  6.496684e+01  5.700000e+01
     vertex  1.325219e+02  6.912417e+01  3.900000e+01
     vertex  1.332394e+02  6.496684e+01  3.900000e+01
   endloop
 endfacet
 facet normal -9.854323e-01 -1.700682e-01 -2.953261e-15
   outer loop
     vertex  1.332394e+02  6.496684e+01  5.700000e+01
     vertex  1.325219e+02  6.912417e+01  5.700000e+01
     vertex  1.325219e+02  6.912417e+01  3.900000e+01
   endloop
 endfacet
 facet normal -9.854323e-01 -1.700682e-01 -3.043397e-15
   outer loop
     vertex  1.571831e+02  7.215707e+01  3.900000e+01
     vertex  1.574906e+02  7.037536e+01  6.600000e+01
     vertex  1.571831e+02  7.215707e+01  6.600000e+01
   endloop
 endfacet
 facet normal -9.854323e-01 -1.700682e-01 -2.864373e-15
   outer loop
     vertex  1.574906e+02  7.037536e+01  3.900000e+01
     vertex  1.574906e+02  7.037536e+01  6.600000e+01
     vertex  1.571831e+02  7.215707e+01  3.900000e+01
   endloop
 endfacet
 facet normal -9.974974e-01  7.070302e-02  2.240837e-15
   outer loop
     vertex  1.573628e+02  6.857183e+01  3.900000e+01
     vertex  1.573628e+02  6.857183e+01  6.600000e+01
     vertex  1.574906e+02  7.037536e+01  6.600000e+01
   endloop
 endfacet
 facet normal -9.974974e-01  7.070302e-02  1.191132e-15
   outer loop
     vertex  1.573628e+02  6.857183e+01  3.900000e+01
     vertex  1.574906e+02  7.037536e+01  6.600000e+01
     vertex  1.574906e+02  7.037536e+01  3.900000e+01
   endloop
 endfacet
 facet normal -9.515916e-01  3.073653e-01  5.338573e-15
   outer loop
     vertex  1.568070e+02  6.685131e+01  3.900000e+01
     vertex  1.568070e+02  6.685131e+01  6.600000e+01
     vertex  1.573628e+02  6.857183e+01  6.600000e+01
   endloop
 endfacet
 facet normal -8.503828e-01  5.261646e-01  9.138859e-15
   outer loop
     vertex  1.568070e+02  6.685131e+01  3.900000e+01
     vertex  1.558557e+02  6.531377e+01  6.600000e+01
     vertex  1.568070e+02  6.685131e+01  6.600000e+01
   endloop
 endfacet
 facet normal -9.515916e-01  3.073653e-01  6.179106e-15
   outer loop
     vertex  1.568070e+02  6.685131e+01  3.900000e+01
     vertex  1.573628e+02  6.857183e+01  6.600000e+01
     vertex  1.573628e+02  6.857183e+01  3.900000e+01
   endloop
 endfacet
 facet normal -8.503828e-01  5.261646e-01  1.003402e-14
   outer loop
     vertex  1.558557e+02  6.531377e+01  3.900000e+01
     vertex  1.558557e+02  6.531377e+01  6.600000e+01
     vertex  1.568070e+02  6.685131e+01  3.900000e+01
   endloop
 endfacet
 facet normal -6.997528e-01  7.143851e-01  1.167143e-14
   outer loop
     vertex  1.545641e+02  6.404858e+01  3.900000e+01
     vertex  1.545641e+02  6.404858e+01  6.600000e+01
     vertex  1.558557e+02  6.531377e+01  6.600000e+01
   endloop
 endfacet
 facet normal -6.997528e-01  7.143851e-01  1.314510e-14
   outer loop
     vertex  1.545641e+02  6.404858e+01  3.900000e+01
     vertex  1.558557e+02  6.531377e+01  6.600000e+01
     vertex  1.558557e+02  6.531377e+01  3.900000e+01
   endloop
 endfacet
 facet normal -5.084557e-01  8.610882e-01  1.419425e-14
   outer loop
     vertex  1.530072e+02  6.312927e+01  3.900000e+01
     vertex  1.530072e+02  6.312927e+01  6.600000e+01
     vertex  1.545641e+02  6.404858e+01  6.600000e+01
   endloop
 endfacet
 facet normal -5.084557e-01  8.610882e-01  1.441867e-14
   outer loop
     vertex  1.530072e+02  6.312927e+01  3.900000e+01
     vertex  1.545641e+02  6.404858e+01  6.600000e+01
     vertex  1.545641e+02  6.404858e+01  3.900000e+01
   endloop
 endfacet
 facet normal -2.876090e-01  9.577479e-01  1.663495e-14
   outer loop
     vertex  1.512755e+02  6.260926e+01  3.900000e+01
     vertex  1.512755e+02  6.260926e+01  6.600000e+01
     vertex  1.530072e+02  6.312927e+01  6.600000e+01
   endloop
 endfacet
 facet normal -5.004751e-02  9.987468e-01  1.734706e-14
   outer loop
     vertex  1.512755e+02  6.260926e+01  3.900000e+01
     vertex  1.494697e+02  6.251877e+01  6.600000e+01
     vertex  1.512755e+02  6.260926e+01  6.600000e+01
   endloop
 endfacet
 facet normal -2.876090e-01  9.577479e-01  1.607887e-14
   outer loop
     vertex  1.512755e+02  6.260926e+01  3.900000e+01
     vertex  1.530072e+02  6.312927e+01  6.600000e+01
     vertex  1.530072e+02  6.312927e+01  3.900000e+01
   endloop
 endfacet
 facet normal -5.004751e-02  9.987468e-01  1.724169e-14
   outer loop
     vertex  1.494697e+02  6.251877e+01  3.900000e+01
     vertex  1.494697e+02  6.251877e+01  6.600000e+01
     vertex  1.512755e+02  6.260926e+01  3.900000e+01
   endloop
 endfacet
 facet normal  1.904225e-01  9.817022e-01  1.730936e-14
   outer loop
     vertex  1.476948e+02  6.286306e+01  3.900000e+01
     vertex  1.476948e+02  6.286306e+01  6.600000e+01
     vertex  1.494697e+02  6.251877e+01  6.600000e+01
   endloop
 endfacet
 facet normal  1.904225e-01  9.817022e-01  1.745251e-14
   outer loop
     vertex  1.476948e+02  6.286306e+01  3.900000e+01
     vertex  1.494697e+02  6.251877e+01  6.600000e+01
     vertex  1.494697e+02  6.251877e+01  3.900000e+01
   endloop
 endfacet
 facet normal  4.198259e-01  9.076046e-01  1.596711e-14
   outer loop
     vertex  1.460538e+02  6.362213e+01  3.900000e+01
     vertex  1.460538e+02  6.362213e+01  6.600000e+01
     vertex  1.476948e+02  6.286306e+01  6.600000e+01
   endloop
 endfacet
 facet normal  4.198259e-01  9.076046e-01  1.600609e-14
   outer loop
     vertex  1.460538e+02  6.362213e+01  3.900000e+01
     vertex  1.476948e+02  6.286306e+01  6.600000e+01
     vertex  1.476948e+02  6.286306e+01  3.900000e+01
   endloop
 endfacet
 facet normal  6.248306e-01  7.807604e-01  1.421862e-14
   outer loop
     vertex  1.446421e+02  6.475185e+01  3.900000e+01
     vertex  1.446421e+02  6.475185e+01  6.600000e+01
     vertex  1.460538e+02  6.362213e+01  6.600000e+01
   endloop
 endfacet
 facet normal  6.248306e-01  7.807604e-01  1.401386e-14
   outer loop
     vertex  1.446421e+02  6.475185e+01  3.900000e+01
     vertex  1.460538e+02  6.362213e+01  6.600000e+01
     vertex  1.460538e+02  6.362213e+01  3.900000e+01
   endloop
 endfacet
 facet normal  7.935223e-01  6.085412e-01  9.734337e-15
   outer loop
     vertex  1.435418e+02  6.618658e+01  3.900000e+01
     vertex  1.435418e+02  6.618658e+01  6.600000e+01
     vertex  1.446421e+02  6.475185e+01  6.600000e+01
   endloop
 endfacet
 facet normal  9.160974e-01  4.009557e-01  5.999794e-15
   outer loop
     vertex  1.435418e+02  6.618658e+01  3.900000e+01
     vertex  1.428169e+02  6.784293e+01  6.600000e+01
     vertex  1.435418e+02  6.618658e+01  6.600000e+01
   endloop
 endfacet
 facet normal  7.935223e-01  6.085412e-01  1.140758e-14
   outer loop
     vertex  1.435418e+02  6.618658e+01  3.900000e+01
     vertex  1.446421e+02  6.475185e+01  6.600000e+01
     vertex  1.446421e+02  6.475185e+01  3.900000e+01
   endloop
 endfacet
 facet normal  9.160974e-01  4.009557e-01  6.964129e-15
   outer loop
     vertex  1.428169e+02  6.784293e+01  3.900000e+01
     vertex  1.428169e+02  6.784293e+01  6.600000e+01
     vertex  1.435418e+02  6.618658e+01  3.900000e+01
   endloop
 endfacet
 facet normal -5.212581e-14  4.385041e-15  1.000000e+00
   outer loop
     vertex  1.676244e+02  1.127759e+02  6.000000e+01
     vertex  1.686241e+02  1.149370e+02  6.000000e+01
     vertex  1.679930e+02  1.139171e+02  6.000000e+01
   endloop
 endfacet
 facet normal  5.149318e-15 -1.714741e-14  1.000000e+00
   outer loop
     vertex  1.682244e+02  1.092989e+02  6.000000e+01
     vertex  1.675396e+02  1.115795e+02  6.000000e+01
     vertex  1.677435e+02  1.103977e+02  6.000000e+01
   endloop
 endfacet
 facet normal  2.125946e-16 -1.715002e-14  1.000000e+00
   outer loop
     vertex  1.709792e+02  1.070943e+02  6.000000e+01
     vertex  1.694808e+02  1.157763e+02  6.000000e+01
     vertex  1.686241e+02  1.149370e+02  6.000000e+01
   endloop
 endfacet
 facet normal  6.621872e-15 -1.234798e-14  1.000000e+00
   outer loop
     vertex  1.709792e+02  1.070943e+02  6.000000e+01
     vertex  1.676244e+02  1.127759e+02  6.000000e+01
     vertex  1.675396e+02  1.115795e+02  6.000000e+01
   endloop
 endfacet
 facet normal  2.450886e-15 -1.305248e-14  1.000000e+00
   outer loop
     vertex  1.709792e+02  1.070943e+02  6.000000e+01
     vertex  1.682244e+02  1.092989e+02  6.000000e+01
     vertex  1.689543e+02  1.083472e+02  6.000000e+01
   endloop
 endfacet
 facet normal -5.318071e-15 -2.560860e-14  1.000000e+00
   outer loop
     vertex  1.709792e+02  1.070943e+02  6.000000e+01
     vertex  1.689543e+02  1.083472e+02  6.000000e+01
     vertex  1.698907e+02  1.075979e+02  6.000000e+01
   endloop
 endfacet
 facet normal -3.293736e-15 -1.820296e-14  1.000000e+00
   outer loop
     vertex  1.709792e+02  1.070943e+02  6.000000e+01
     vertex  1.686241e+02  1.149370e+02  6.000000e+01
     vertex  1.676244e+02  1.127759e+02  6.000000e+01
   endloop
 endfacet
 facet normal -2.716583e-15 -1.950952e-14  1.000000e+00
   outer loop
     vertex  1.709792e+02  1.070943e+02  6.000000e+01
     vertex  1.675396e+02  1.115795e+02  6.000000e+01
     vertex  1.682244e+02  1.092989e+02  6.000000e+01
   endloop
 endfacet
 facet normal -5.318071e-15 -2.560860e-14  1.000000e+00
   outer loop
     vertex  1.760624e+02  1.153098e+02  6.000000e+01
     vertex  1.751260e+02  1.160592e+02  6.000000e+01
     vertex  1.740375e+02  1.165627e+02  6.000000e+01
   endloop
 endfacet
 facet normal  9.038586e-15 -1.562680e-14  1.000000e+00
   outer loop
     vertex  1.721566e+02  1.068660e+02  6.000000e+01
     vertex  1.694808e+02  1.157763e+02  6.000000e+01
     vertex  1.709792e+02  1.070943e+02  6.000000e+01
   endloop
 endfacet
 facet normal  1.238966e-15 -2.472477e-14  1.000000e+00
   outer loop
     vertex  1.745031e+02  1.072709e+02  6.000000e+01
     vertex  1.721566e+02  1.068660e+02  6.000000e+01
     vertex  1.733544e+02  1.069260e+02  6.000000e+01
   endloop
 endfacet
 facet normal  1.304890e-16 -1.830188e-14  1.000000e+00
   outer loop
     vertex  1.745031e+02  1.072709e+02  6.000000e+01
     vertex  1.694808e+02  1.157763e+02  6.000000e+01
     vertex  1.721566e+02  1.068660e+02  6.000000e+01
   endloop
 endfacet
 facet normal  5.149318e-15 -1.714741e-14  1.000000e+00
   outer loop
     vertex  1.774771e+02  1.120775e+02  6.000000e+01
     vertex  1.772731e+02  1.132594e+02  6.000000e+01
     vertex  1.767923e+02  1.143581e+02  6.000000e+01
   endloop
 endfacet
 facet normal -8.062143e-15 -2.111477e-14  1.000000e+00
   outer loop
     vertex  1.774771e+02  1.120775e+02  6.000000e+01
     vertex  1.767923e+02  1.143581e+02  6.000000e+01
     vertex  1.760624e+02  1.153098e+02  6.000000e+01
   endloop
 endfacet
 facet normal -1.205518e-15 -1.658455e-14  1.000000e+00
   outer loop
     vertex  1.755358e+02  1.078807e+02  6.000000e+01
     vertex  1.716623e+02  1.167310e+02  6.000000e+01
     vertex  1.705136e+02  1.163861e+02  6.000000e+01
   endloop
 endfacet
 facet normal  6.949474e-15 -1.176919e-14  1.000000e+00
   outer loop
     vertex  1.755358e+02  1.078807e+02  6.000000e+01
     vertex  1.705136e+02  1.163861e+02  6.000000e+01
     vertex  1.694808e+02  1.157763e+02  6.000000e+01
   endloop
 endfacet
 facet normal -7.257657e-15 -2.266444e-14  1.000000e+00
   outer loop
     vertex  1.755358e+02  1.078807e+02  6.000000e+01
     vertex  1.694808e+02  1.157763e+02  6.000000e+01
     vertex  1.745031e+02  1.072709e+02  6.000000e+01
   endloop
 endfacet
 facet normal -9.953669e-15 -2.020292e-14  1.000000e+00
   outer loop
     vertex  1.763926e+02  1.087200e+02  6.000000e+01
     vertex  1.740375e+02  1.165627e+02  6.000000e+01
     vertex  1.728601e+02  1.167911e+02  6.000000e+01
   endloop
 endfacet
 facet normal  7.770267e-16 -1.550633e-14  1.000000e+00
   outer loop
     vertex  1.763926e+02  1.087200e+02  6.000000e+01
     vertex  1.728601e+02  1.167911e+02  6.000000e+01
     vertex  1.716623e+02  1.167310e+02  6.000000e+01
   endloop
 endfacet
 facet normal -6.006182e-16 -1.631980e-14  1.000000e+00
   outer loop
     vertex  1.763926e+02  1.087200e+02  6.000000e+01
     vertex  1.716623e+02  1.167310e+02  6.000000e+01
     vertex  1.755358e+02  1.078807e+02  6.000000e+01
   endloop
 endfacet
 facet normal  2.014810e-14 -2.518535e-14  1.000000e+00
   outer loop
     vertex  1.770237e+02  1.097399e+02  6.000000e+01
     vertex  1.773923e+02  1.108812e+02  6.000000e+01
     vertex  1.774771e+02  1.120775e+02  6.000000e+01
   endloop
 endfacet
 facet normal -1.469688e-15 -1.938888e-14  1.000000e+00
   outer loop
     vertex  1.770237e+02  1.097399e+02  6.000000e+01
     vertex  1.760624e+02  1.153098e+02  6.000000e+01
     vertex  1.740375e+02  1.165627e+02  6.000000e+01
   endloop
 endfacet
 facet normal -5.843493e-15 -2.014372e-14  1.000000e+00
   outer loop
     vertex  1.770237e+02  1.097399e+02  6.000000e+01
     vertex  1.774771e+02  1.120775e+02  6.000000e+01
     vertex  1.760624e+02  1.153098e+02  6.000000e+01
   endloop
 endfacet
 facet normal  1.114979e-14 -1.386561e-14  1.000000e+00
   outer loop
     vertex  1.770237e+02  1.097399e+02  6.000000e+01
     vertex  1.740375e+02  1.165627e+02  6.000000e+01
     vertex  1.763926e+02  1.087200e+02  6.000000e+01
   endloop
 endfacet
 facet normal  1.604089e-14 -2.385872e-14  1.000000e+00
   outer loop
     vertex  1.032875e+02  9.345569e+01  6.000000e+01
     vertex  1.042872e+02  9.561687e+01  6.000000e+01
     vertex  1.036562e+02  9.459697e+01  6.000000e+01
   endloop
 endfacet
 facet normal -9.471421e-15 -7.263500e-15  1.000000e+00
   outer loop
     vertex  1.061767e+02  9.706592e+01  6.000000e+01
     vertex  1.051440e+02  9.645611e+01  6.000000e+01
     vertex  1.042872e+02  9.561687e+01  6.000000e+01
   endloop
 endfacet
 facet normal  2.954447e-14 -1.293723e-14  1.000000e+00
   outer loop
     vertex  1.038876e+02  8.997877e+01  6.000000e+01
     vertex  1.032027e+02  9.225935e+01  6.000000e+01
     vertex  1.034067e+02  9.107748e+01  6.000000e+01
   endloop
 endfacet
 facet normal  2.528475e-15 -1.807684e-14  1.000000e+00
   outer loop
     vertex  1.066423e+02  8.777417e+01  6.000000e+01
     vertex  1.097006e+02  9.724251e+01  6.000000e+01
     vertex  1.085232e+02  9.747089e+01  6.000000e+01
   endloop
 endfacet
 facet normal  8.899093e-16 -1.775901e-14  1.000000e+00
   outer loop
     vertex  1.066423e+02  8.777417e+01  6.000000e+01
     vertex  1.085232e+02  9.747089e+01  6.000000e+01
     vertex  1.073254e+02  9.741087e+01  6.000000e+01
   endloop
 endfacet
 facet normal -8.907334e-16 -1.763279e-14  1.000000e+00
   outer loop
     vertex  1.066423e+02  8.777417e+01  6.000000e+01
     vertex  1.073254e+02  9.741087e+01  6.000000e+01
     vertex  1.061767e+02  9.706592e+01  6.000000e+01
   endloop
 endfacet
 facet normal -4.675882e-16 -1.778479e-14  1.000000e+00
   outer loop
     vertex  1.066423e+02  8.777417e+01  6.000000e+01
     vertex  1.032875e+02  9.345569e+01  6.000000e+01
     vertex  1.032027e+02  9.225935e+01  6.000000e+01
   endloop
 endfacet
 facet normal  1.124161e-14  1.155022e-15  1.000000e+00
   outer loop
     vertex  1.066423e+02  8.777417e+01  6.000000e+01
     vertex  1.038876e+02  8.997877e+01  6.000000e+01
     vertex  1.046174e+02  8.902707e+01  6.000000e+01
   endloop
 endfacet
 facet normal -3.117937e-14 -6.740541e-14  1.000000e+00
   outer loop
     vertex  1.066423e+02  8.777417e+01  6.000000e+01
     vertex  1.046174e+02  8.902707e+01  6.000000e+01
     vertex  1.055538e+02  8.827769e+01  6.000000e+01
   endloop
 endfacet
 facet normal  1.016026e-15 -1.690875e-14  1.000000e+00
   outer loop
     vertex  1.066423e+02  8.777417e+01  6.000000e+01
     vertex  1.042872e+02  9.561687e+01  6.000000e+01
     vertex  1.032875e+02  9.345569e+01  6.000000e+01
   endloop
 endfacet
 facet normal -1.496091e-15 -1.766313e-14  1.000000e+00
   outer loop
     vertex  1.066423e+02  8.777417e+01  6.000000e+01
     vertex  1.061767e+02  9.706592e+01  6.000000e+01
     vertex  1.042872e+02  9.561687e+01  6.000000e+01
   endloop
 endfacet
 facet normal -9.394030e-15 -2.463036e-14  1.000000e+00
   outer loop
     vertex  1.066423e+02  8.777417e+01  6.000000e+01
     vertex  1.032027e+02  9.225935e+01  6.000000e+01
     vertex  1.038876e+02  8.997877e+01  6.000000e+01
   endloop
 endfacet
 facet normal -5.318071e-15 -2.560860e-14  1.000000e+00
   outer loop
     vertex  1.117256e+02  9.598961e+01  6.000000e+01
     vertex  1.107892e+02  9.673899e+01  6.000000e+01
     vertex  1.097006e+02  9.724251e+01  6.000000e+01
   endloop
 endfacet
 facet normal -1.602395e-15 -8.260970e-15  1.000000e+00
   outer loop
     vertex  1.101662e+02  8.795075e+01  6.000000e+01
     vertex  1.066423e+02  8.777417e+01  6.000000e+01
     vertex  1.078197e+02  8.754579e+01  6.000000e+01
   endloop
 endfacet
 facet normal  1.238966e-15 -2.472477e-14  1.000000e+00
   outer loop
     vertex  1.101662e+02  8.795075e+01  6.000000e+01
     vertex  1.078197e+02  8.754579e+01  6.000000e+01
     vertex  1.090176e+02  8.760581e+01  6.000000e+01
   endloop
 endfacet
 facet normal  2.954447e-14 -1.293723e-14  1.000000e+00
   outer loop
     vertex  1.131403e+02  9.275733e+01  6.000000e+01
     vertex  1.129363e+02  9.393919e+01  6.000000e+01
     vertex  1.124554e+02  9.503791e+01  6.000000e+01
   endloop
 endfacet
 facet normal -1.473959e-14 -2.623561e-14  1.000000e+00
   outer loop
     vertex  1.131403e+02  9.275733e+01  6.000000e+01
     vertex  1.124554e+02  9.503791e+01  6.000000e+01
     vertex  1.117256e+02  9.598961e+01  6.000000e+01
   endloop
 endfacet
 facet normal -2.351131e-15 -2.081346e-14  1.000000e+00
   outer loop
     vertex  1.131403e+02  9.275733e+01  6.000000e+01
     vertex  1.117256e+02  9.598961e+01  6.000000e+01
     vertex  1.097006e+02  9.724251e+01  6.000000e+01
   endloop
 endfacet
 facet normal  1.605913e-15 -1.777885e-14  1.000000e+00
   outer loop
     vertex  1.131403e+02  9.275733e+01  6.000000e+01
     vertex  1.097006e+02  9.724251e+01  6.000000e+01
     vertex  1.066423e+02  8.777417e+01  6.000000e+01
   endloop
 endfacet
 facet normal -1.316403e-15 -1.396823e-14  1.000000e+00
   outer loop
     vertex  1.131403e+02  9.275733e+01  6.000000e+01
     vertex  1.066423e+02  8.777417e+01  6.000000e+01
     vertex  1.101662e+02  8.795075e+01  6.000000e+01
   endloop
 endfacet
 facet normal  7.851511e-15 -2.494867e-14  1.000000e+00
   outer loop
     vertex  1.120558e+02  8.939981e+01  6.000000e+01
     vertex  1.101662e+02  8.795075e+01  6.000000e+01
     vertex  1.111990e+02  8.856057e+01  6.000000e+01
   endloop
 endfacet
 facet normal  4.597837e-14 -2.107690e-14  1.000000e+00
   outer loop
     vertex  1.126868e+02  9.041971e+01  6.000000e+01
     vertex  1.130555e+02  9.156099e+01  6.000000e+01
     vertex  1.131403e+02  9.275733e+01  6.000000e+01
   endloop
 endfacet
 facet normal -6.178315e-15 -1.095998e-14  1.000000e+00
   outer loop
     vertex  1.126868e+02  9.041971e+01  6.000000e+01
     vertex  1.131403e+02  9.275733e+01  6.000000e+01
     vertex  1.101662e+02  8.795075e+01  6.000000e+01
   endloop
 endfacet
 facet normal  9.033250e-15 -2.648962e-14  1.000000e+00
   outer loop
     vertex  1.126868e+02  9.041971e+01  6.000000e+01
     vertex  1.101662e+02  8.795075e+01  6.000000e+01
     vertex  1.120558e+02  8.939981e+01  6.000000e+01
   endloop
 endfacet
 facet normal  1.604089e-14 -2.385872e-14  1.000000e+00
   outer loop
     vertex  1.226077e+02  2.911884e+01  6.000000e+01
     vertex  1.236074e+02  3.128002e+01  6.000000e+01
     vertex  1.229763e+02  3.026012e+01  6.000000e+01
   endloop
 endfacet
 facet normal  1.427839e-14 -2.304345e-14  1.000000e+00
   outer loop
     vertex  1.244642e+02  3.211926e+01  6.000000e+01
     vertex  1.236074e+02  3.128002e+01  6.000000e+01
     vertex  1.226077e+02  2.911884e+01  6.000000e+01
   endloop
 endfacet
 facet normal  2.954447e-14 -1.293723e-14  1.000000e+00
   outer loop
     vertex  1.232077e+02  2.564192e+01  6.000000e+01
     vertex  1.225229e+02  2.792250e+01  6.000000e+01
     vertex  1.227269e+02  2.674063e+01  6.000000e+01
   endloop
 endfacet
 facet normal  2.477931e-15 -4.944953e-14  1.000000e+00
   outer loop
     vertex  1.290208e+02  3.290565e+01  6.000000e+01
     vertex  1.278434e+02  3.313403e+01  6.000000e+01
     vertex  1.266456e+02  3.307401e+01  6.000000e+01
   endloop
 endfacet
 facet normal -3.117937e-14 -6.740541e-14  1.000000e+00
   outer loop
     vertex  1.259625e+02  2.343732e+01  6.000000e+01
     vertex  1.239376e+02  2.469022e+01  6.000000e+01
     vertex  1.248740e+02  2.394083e+01  6.000000e+01
   endloop
 endfacet
 facet normal -3.117937e-14 -6.740541e-14  1.000000e+00
   outer loop
     vertex  1.310457e+02  3.165276e+01  6.000000e+01
     vertex  1.301093e+02  3.240214e+01  6.000000e+01
     vertex  1.290208e+02  3.290565e+01  6.000000e+01
   endloop
 endfacet
 facet normal  6.844134e-16 -2.287809e-14  1.000000e+00
   outer loop
     vertex  1.310457e+02  3.165276e+01  6.000000e+01
     vertex  1.266456e+02  3.307401e+01  6.000000e+01
     vertex  1.254969e+02  3.272907e+01  6.000000e+01
   endloop
 endfacet
 facet normal -1.248231e-15 -3.284162e-14  1.000000e+00
   outer loop
     vertex  1.310457e+02  3.165276e+01  6.000000e+01
     vertex  1.254969e+02  3.272907e+01  6.000000e+01
     vertex  1.244642e+02  3.211926e+01  6.000000e+01
   endloop
 endfacet
 facet normal  5.395041e-15 -8.294158e-15  1.000000e+00
   outer loop
     vertex  1.310457e+02  3.165276e+01  6.000000e+01
     vertex  1.290208e+02  3.290565e+01  6.000000e+01
     vertex  1.266456e+02  3.307401e+01  6.000000e+01
   endloop
 endfacet
 facet normal  4.963849e-15 -3.659307e-15  1.000000e+00
   outer loop
     vertex  1.271399e+02  2.320894e+01  6.000000e+01
     vertex  1.232077e+02  2.564192e+01  6.000000e+01
     vertex  1.239376e+02  2.469022e+01  6.000000e+01
   endloop
 endfacet
 facet normal -7.696299e-15 -2.412053e-14  1.000000e+00
   outer loop
     vertex  1.271399e+02  2.320894e+01  6.000000e+01
     vertex  1.225229e+02  2.792250e+01  6.000000e+01
     vertex  1.232077e+02  2.564192e+01  6.000000e+01
   endloop
 endfacet
 facet normal -4.807186e-15 -2.478291e-14  1.000000e+00
   outer loop
     vertex  1.271399e+02  2.320894e+01  6.000000e+01
     vertex  1.239376e+02  2.469022e+01  6.000000e+01
     vertex  1.259625e+02  2.343732e+01  6.000000e+01
   endloop
 endfacet
 facet normal  1.238966e-15 -2.472477e-14  1.000000e+00
   outer loop
     vertex  1.294864e+02  2.361390e+01  6.000000e+01
     vertex  1.271399e+02  2.320894e+01  6.000000e+01
     vertex  1.283377e+02  2.326896e+01  6.000000e+01
   endloop
 endfacet
 facet normal  2.954447e-14 -1.293723e-14  1.000000e+00
   outer loop
     vertex  1.324604e+02  2.842047e+01  6.000000e+01
     vertex  1.322565e+02  2.960234e+01  6.000000e+01
     vertex  1.317756e+02  3.070105e+01  6.000000e+01
   endloop
 endfacet
 facet normal -3.074086e-14 -3.104075e-14  1.000000e+00
   outer loop
     vertex  1.324604e+02  2.842047e+01  6.000000e+01
     vertex  1.317756e+02  3.070105e+01  6.000000e+01
     vertex  1.310457e+02  3.165276e+01  6.000000e+01
   endloop
 endfacet
 facet normal  8.960448e-16 -1.788145e-14  1.000000e+00
   outer loop
     vertex  1.324604e+02  2.842047e+01  6.000000e+01
     vertex  1.226077e+02  2.911884e+01  6.000000e+01
     vertex  1.225229e+02  2.792250e+01  6.000000e+01
   endloop
 endfacet
 facet normal  1.107776e-15 -1.489428e-14  1.000000e+00
   outer loop
     vertex  1.324604e+02  2.842047e+01  6.000000e+01
     vertex  1.244642e+02  3.211926e+01  6.000000e+01
     vertex  1.226077e+02  2.911884e+01  6.000000e+01
   endloop
 endfacet
 facet normal -1.722608e-16 -1.766154e-14  1.000000e+00
   outer loop
     vertex  1.324604e+02  2.842047e+01  6.000000e+01
     vertex  1.310457e+02  3.165276e+01  6.000000e+01
     vertex  1.244642e+02  3.211926e+01  6.000000e+01
   endloop
 endfacet
 facet normal  7.920460e-16 -1.580605e-14  1.000000e+00
   outer loop
     vertex  1.324604e+02  2.842047e+01  6.000000e+01
     vertex  1.225229e+02  2.792250e+01  6.000000e+01
     vertex  1.271399e+02  2.320894e+01  6.000000e+01
   endloop
 endfacet
 facet normal -1.437266e-15 -9.217786e-15  1.000000e+00
   outer loop
     vertex  1.305192e+02  2.422371e+01  6.000000e+01
     vertex  1.271399e+02  2.320894e+01  6.000000e+01
     vertex  1.294864e+02  2.361390e+01  6.000000e+01
   endloop
 endfacet
 facet normal  4.823983e-14 -5.771505e-14  1.000000e+00
   outer loop
     vertex  1.320070e+02  2.608285e+01  6.000000e+01
     vertex  1.305192e+02  2.422371e+01  6.000000e+01
     vertex  1.313759e+02  2.506295e+01  6.000000e+01
   endloop
 endfacet
 facet normal  4.597837e-14 -2.107690e-14  1.000000e+00
   outer loop
     vertex  1.320070e+02  2.608285e+01  6.000000e+01
     vertex  1.323756e+02  2.722413e+01  6.000000e+01
     vertex  1.324604e+02  2.842047e+01  6.000000e+01
   endloop
 endfacet
 facet normal  2.018192e-15 -2.072458e-14  1.000000e+00
   outer loop
     vertex  1.320070e+02  2.608285e+01  6.000000e+01
     vertex  1.271399e+02  2.320894e+01  6.000000e+01
     vertex  1.305192e+02  2.422371e+01  6.000000e+01
   endloop
 endfacet
 facet normal -3.433200e-15 -1.149245e-14  1.000000e+00
   outer loop
     vertex  1.320070e+02  2.608285e+01  6.000000e+01
     vertex  1.324604e+02  2.842047e+01  6.000000e+01
     vertex  1.271399e+02  2.320894e+01  6.000000e+01
   endloop
 endfacet
 facet normal -7.317771e-14  1.741066e-14  1.000000e+00
   outer loop
     vertex  1.869445e+02  4.843901e+01  6.000000e+01
     vertex  1.879442e+02  5.060019e+01  6.000000e+01
     vertex  1.873132e+02  4.958029e+01  6.000000e+01
   endloop
 endfacet
 facet normal -1.258722e-14  2.131692e-14  1.000000e+00
   outer loop
     vertex  1.909824e+02  5.239419e+01  6.000000e+01
     vertex  1.898338e+02  5.204925e+01  6.000000e+01
     vertex  1.888010e+02  5.143943e+01  6.000000e+01
   endloop
 endfacet
 facet normal  7.509300e-15 -2.459930e-14  1.000000e+00
   outer loop
     vertex  1.909824e+02  5.239419e+01  6.000000e+01
     vertex  1.888010e+02  5.143943e+01  6.000000e+01
     vertex  1.879442e+02  5.060019e+01  6.000000e+01
   endloop
 endfacet
 facet normal  3.701743e-15 -1.815107e-14  1.000000e+00
   outer loop
     vertex  1.909824e+02  5.239419e+01  6.000000e+01
     vertex  1.879442e+02  5.060019e+01  6.000000e+01
     vertex  1.869445e+02  4.843901e+01  6.000000e+01
   endloop
 endfacet
 facet normal  5.149318e-15 -1.714741e-14  1.000000e+00
   outer loop
     vertex  1.875446e+02  4.496209e+01  6.000000e+01
     vertex  1.868597e+02  4.724267e+01  6.000000e+01
     vertex  1.870637e+02  4.606081e+01  6.000000e+01
   endloop
 endfacet
 facet normal -5.492697e-15 -8.764362e-15  1.000000e+00
   outer loop
     vertex  1.921803e+02  5.245421e+01  6.000000e+01
     vertex  1.909824e+02  5.239419e+01  6.000000e+01
     vertex  1.869445e+02  4.843901e+01  6.000000e+01
   endloop
 endfacet
 facet normal -5.318071e-15 -2.560860e-14  1.000000e+00
   outer loop
     vertex  1.902994e+02  4.275749e+01  6.000000e+01
     vertex  1.882744e+02  4.401039e+01  6.000000e+01
     vertex  1.892108e+02  4.326101e+01  6.000000e+01
   endloop
 endfacet
 facet normal  8.352195e-15 -8.526845e-15  1.000000e+00
   outer loop
     vertex  1.961124e+02  5.002123e+01  6.000000e+01
     vertex  1.953826e+02  5.097293e+01  6.000000e+01
     vertex  1.944462e+02  5.172231e+01  6.000000e+01
   endloop
 endfacet
 facet normal -2.195887e-15 -1.885888e-14  1.000000e+00
   outer loop
     vertex  1.961124e+02  5.002123e+01  6.000000e+01
     vertex  1.944462e+02  5.172231e+01  6.000000e+01
     vertex  1.933577e+02  5.222583e+01  6.000000e+01
   endloop
 endfacet
 facet normal -4.120817e-15 -2.124441e-14  1.000000e+00
   outer loop
     vertex  1.965933e+02  4.892252e+01  6.000000e+01
     vertex  1.933577e+02  5.222583e+01  6.000000e+01
     vertex  1.921803e+02  5.245421e+01  6.000000e+01
   endloop
 endfacet
 facet normal  1.570119e-16 -1.782906e-14  1.000000e+00
   outer loop
     vertex  1.965933e+02  4.892252e+01  6.000000e+01
     vertex  1.869445e+02  4.843901e+01  6.000000e+01
     vertex  1.868597e+02  4.724267e+01  6.000000e+01
   endloop
 endfacet
 facet normal  6.599621e-17 -1.601276e-14  1.000000e+00
   outer loop
     vertex  1.965933e+02  4.892252e+01  6.000000e+01
     vertex  1.921803e+02  5.245421e+01  6.000000e+01
     vertex  1.869445e+02  4.843901e+01  6.000000e+01
   endloop
 endfacet
 facet normal -4.047603e-15 -2.117270e-14  1.000000e+00
   outer loop
     vertex  1.965933e+02  4.892252e+01  6.000000e+01
     vertex  1.961124e+02  5.002123e+01  6.000000e+01
     vertex  1.933577e+02  5.222583e+01  6.000000e+01
   endloop
 endfacet
 facet normal  2.614668e-15 -1.292687e-14  1.000000e+00
   outer loop
     vertex  1.938233e+02  4.293408e+01  6.000000e+01
     vertex  1.875446e+02  4.496209e+01  6.000000e+01
     vertex  1.882744e+02  4.401039e+01  6.000000e+01
   endloop
 endfacet
 facet normal  4.080326e-15 -4.118856e-14  1.000000e+00
   outer loop
     vertex  1.938233e+02  4.293408e+01  6.000000e+01
     vertex  1.902994e+02  4.275749e+01  6.000000e+01
     vertex  1.914768e+02  4.252911e+01  6.000000e+01
   endloop
 endfacet
 facet normal -7.119987e-15  2.370981e-14  1.000000e+00
   outer loop
     vertex  1.938233e+02  4.293408e+01  6.000000e+01
     vertex  1.914768e+02  4.252911e+01  6.000000e+01
     vertex  1.926746e+02  4.258913e+01  6.000000e+01
   endloop
 endfacet
 facet normal  2.653971e-15 -1.272425e-14  1.000000e+00
   outer loop
     vertex  1.938233e+02  4.293408e+01  6.000000e+01
     vertex  1.882744e+02  4.401039e+01  6.000000e+01
     vertex  1.902994e+02  4.275749e+01  6.000000e+01
   endloop
 endfacet
 facet normal  2.184521e-16 -1.862813e-14  1.000000e+00
   outer loop
     vertex  1.967973e+02  4.774065e+01  6.000000e+01
     vertex  1.868597e+02  4.724267e+01  6.000000e+01
     vertex  1.875446e+02  4.496209e+01  6.000000e+01
   endloop
 endfacet
 facet normal  1.871660e-16 -1.800379e-14  1.000000e+00
   outer loop
     vertex  1.967973e+02  4.774065e+01  6.000000e+01
     vertex  1.965933e+02  4.892252e+01  6.000000e+01
     vertex  1.868597e+02  4.724267e+01  6.000000e+01
   endloop
 endfacet
 facet normal  8.491682e-16 -1.839280e-14  1.000000e+00
   outer loop
     vertex  1.967125e+02  4.654431e+01  6.000000e+01
     vertex  1.875446e+02  4.496209e+01  6.000000e+01
     vertex  1.938233e+02  4.293408e+01  6.000000e+01
   endloop
 endfacet
 facet normal  1.796959e-15 -2.388462e-14  1.000000e+00
   outer loop
     vertex  1.967125e+02  4.654431e+01  6.000000e+01
     vertex  1.967973e+02  4.774065e+01  6.000000e+01
     vertex  1.875446e+02  4.496209e+01  6.000000e+01
   endloop
 endfacet
 facet normal -2.679435e-14  1.042167e-14  1.000000e+00
   outer loop
     vertex  1.957128e+02  4.438313e+01  6.000000e+01
     vertex  1.938233e+02  4.293408e+01  6.000000e+01
     vertex  1.948560e+02  4.354389e+01  6.000000e+01
   endloop
 endfacet
 facet normal  2.020331e-15 -1.933006e-14  1.000000e+00
   outer loop
     vertex  1.963438e+02  4.540303e+01  6.000000e+01
     vertex  1.967125e+02  4.654431e+01  6.000000e+01
     vertex  1.938233e+02  4.293408e+01  6.000000e+01
   endloop
 endfacet
 facet normal -2.561261e-14  8.880709e-15  1.000000e+00
   outer loop
     vertex  1.963438e+02  4.540303e+01  6.000000e+01
     vertex  1.938233e+02  4.293408e+01  6.000000e+01
     vertex  1.957128e+02  4.438313e+01  6.000000e+01
   endloop
 endfacet
 facet normal  4.738598e-01  8.806003e-01  1.347009e-14
   outer loop
     vertex  1.824206e+02  5.820369e+01  5.800000e+01
     vertex  1.941860e+02  5.187265e+01  5.800000e+01
     vertex  1.941860e+02  5.187265e+01  5.381496e+01
   endloop
 endfacet
 facet normal  4.738598e-01  8.806003e-01  1.238691e-14
   outer loop
     vertex  1.824206e+02  5.820369e+01  5.800000e+01
     vertex  1.941860e+02  5.187265e+01  5.381496e+01
     vertex  1.824206e+02  5.820369e+01  5.050000e+01
   endloop
 endfacet
 facet normal -3.688685e-01 -9.294816e-01 -1.735896e-14
   outer loop
     vertex  1.894711e+02  4.311067e+01  5.800000e+01
     vertex  1.894711e+02  4.311067e+01  5.381496e+01
     vertex  1.905404e+02  4.268632e+01  5.409578e+01
   endloop
 endfacet
 facet normal -1.444241e-01 -9.895149e-01 -1.409555e-03
   outer loop
     vertex  1.905880e+02  4.267380e+01  5.800000e+01
     vertex  1.905404e+02  4.268632e+01  5.409578e+01
     vertex  1.916867e+02  4.251863e+01  5.435750e+01
   endloop
 endfacet
 facet normal -3.642598e-01 -9.312962e-01  1.459485e-03
   outer loop
     vertex  1.905880e+02  4.267380e+01  5.800000e+01
     vertex  1.894711e+02  4.311067e+01  5.800000e+01
     vertex  1.905404e+02  4.268632e+01  5.409578e+01
   endloop
 endfacet
 facet normal  8.911019e-02 -9.960182e-01 -2.676252e-03
   outer loop
     vertex  1.917770e+02  4.251693e+01  5.800000e+01
     vertex  1.916867e+02  4.251863e+01  5.435750e+01
     vertex  1.928442e+02  4.262157e+01  5.458622e+01
   endloop
 endfacet
 facet normal -1.308009e-01 -9.914048e-01  2.780140e-03
   outer loop
     vertex  1.917770e+02  4.251693e+01  5.800000e+01
     vertex  1.905880e+02  4.267380e+01  5.800000e+01
     vertex  1.916867e+02  4.251863e+01  5.435750e+01
   endloop
 endfacet
 facet normal  3.181762e-01 -9.480232e-01 -3.977595e-03
   outer loop
     vertex  1.929691e+02  4.264916e+01  5.800000e+01
     vertex  1.928442e+02  4.262157e+01  5.458622e+01
     vertex  1.939521e+02  4.299264e+01  5.477167e+01
   endloop
 endfacet
 facet normal  1.102582e-01 -9.938949e-01  3.999632e-03
   outer loop
     vertex  1.929691e+02  4.264916e+01  5.800000e+01
     vertex  1.917770e+02  4.251693e+01  5.800000e+01
     vertex  1.928442e+02  4.262157e+01  5.458622e+01
   endloop
 endfacet
 facet normal  5.315750e-01 -8.469960e-01 -5.080383e-03
   outer loop
     vertex  1.940948e+02  4.306283e+01  5.800000e+01
     vertex  1.939521e+02  4.299264e+01  5.477167e+01
     vertex  1.949519e+02  4.361928e+01  5.490528e+01
   endloop
 endfacet
 facet normal  3.449070e-01 -9.386227e-01  5.162332e-03
   outer loop
     vertex  1.940948e+02  4.306283e+01  5.800000e+01
     vertex  1.929691e+02  4.264916e+01  5.800000e+01
     vertex  1.939521e+02  4.299264e+01  5.477167e+01
   endloop
 endfacet
 facet normal  7.161444e-01 -6.979276e-01 -5.853258e-03
   outer loop
     vertex  1.950888e+02  4.373388e+01  5.800000e+01
     vertex  1.949519e+02  4.361928e+01  5.490528e+01
     vertex  1.957780e+02  4.446632e+01  5.497937e+01
   endloop
 endfacet
 facet normal  5.595094e-01 -8.288028e-01  5.926954e-03
   outer loop
     vertex  1.950888e+02  4.373388e+01  5.800000e+01
     vertex  1.940948e+02  4.306283e+01  5.800000e+01
     vertex  1.949519e+02  4.361928e+01  5.490528e+01
   endloop
 endfacet
 facet normal  8.605481e-01 -5.093289e-01 -6.413882e-03
   outer loop
     vertex  1.958934e+02  4.462333e+01  5.800000e+01
     vertex  1.957780e+02  4.446632e+01  5.497937e+01
     vertex  1.963806e+02  4.548440e+01  5.499029e+01
   endloop
 endfacet
 facet normal  7.415938e-01 -6.708174e-01  6.526238e-03
   outer loop
     vertex  1.958934e+02  4.462333e+01  5.800000e+01
     vertex  1.950888e+02  4.373388e+01  5.800000e+01
     vertex  1.957780e+02  4.446632e+01  5.497937e+01
   endloop
 endfacet
 facet normal  9.564317e-01 -2.918756e-01 -6.858473e-03
   outer loop
     vertex  1.964617e+02  4.567947e+01  5.800000e+01
     vertex  1.963806e+02  4.548440e+01  5.499029e+01
     vertex  1.967264e+02  4.661869e+01  5.493745e+01
   endloop
 endfacet
 facet normal  8.805789e-01 -4.738482e-01  6.979678e-03
   outer loop
     vertex  1.964617e+02  4.567947e+01  5.800000e+01
     vertex  1.958934e+02  4.462333e+01  5.800000e+01
     vertex  1.963806e+02  4.548440e+01  5.499029e+01
   endloop
 endfacet
 facet normal  9.982996e-01 -5.786897e-02 -7.011225e-03
   outer loop
     vertex  1.967608e+02  4.684092e+01  5.800000e+01
     vertex  1.967264e+02  4.661869e+01  5.493745e+01
     vertex  1.967940e+02  4.779867e+01  5.482340e+01
   endloop
 endfacet
 facet normal  9.683885e-01 -2.493423e-01  7.218930e-03
   outer loop
     vertex  1.967608e+02  4.684092e+01  5.800000e+01
     vertex  1.964617e+02  4.567947e+01  5.800000e+01
     vertex  1.967264e+02  4.661869e+01  5.493745e+01
   endloop
 endfacet
 facet normal  9.840249e-01  1.778900e-01 -7.082384e-03
   outer loop
     vertex  1.967732e+02  4.804020e+01  5.800000e+01
     vertex  1.967940e+02  4.779867e+01  5.482340e+01
     vertex  1.965841e+02  4.895269e+01  5.465455e+01
   endloop
 endfacet
 facet normal  9.999196e-01 -1.034635e-02  7.333842e-03
   outer loop
     vertex  1.967732e+02  4.804020e+01  5.800000e+01
     vertex  1.967608e+02  4.684092e+01  5.800000e+01
     vertex  1.967940e+02  4.779867e+01  5.482340e+01
   endloop
 endfacet
 facet normal  9.154199e-01  4.024367e-01 -7.153164e-03
   outer loop
     vertex  1.964982e+02  4.920760e+01  5.800000e+01
     vertex  1.965841e+02  4.895269e+01  5.465455e+01
     vertex  1.961137e+02  5.001903e+01  5.443911e+01
   endloop
 endfacet
 facet normal  9.733384e-01  2.292504e-01  7.530300e-03
   outer loop
     vertex  1.964982e+02  4.920760e+01  5.800000e+01
     vertex  1.967732e+02  4.804020e+01  5.800000e+01
     vertex  1.965841e+02  4.895269e+01  5.465455e+01
   endloop
 endfacet
 facet normal  7.971788e-01  6.037001e-01 -7.220328e-03
   outer loop
     vertex  1.959519e+02  5.027527e+01  5.800000e+01
     vertex  1.961137e+02  5.001903e+01  5.443911e+01
     vertex  1.954115e+02  5.094323e+01  5.418700e+01
   endloop
 endfacet
 facet normal  8.901908e-01  4.555234e-01  7.668487e-03
   outer loop
     vertex  1.959519e+02  5.027527e+01  5.800000e+01
     vertex  1.964982e+02  4.920760e+01  5.800000e+01
     vertex  1.961137e+02  5.001903e+01  5.443911e+01
   endloop
 endfacet
 facet normal  6.650462e-01  7.467927e-01 -3.764996e-03
   outer loop
     vertex  1.951659e+02  5.118117e+01  5.800000e+01
     vertex  1.954115e+02  5.094323e+01  5.418700e+01
     vertex  1.948372e+02  5.145377e+01  5.400537e+01
   endloop
 endfacet
 facet normal  7.553090e-01  6.553229e-01  7.756748e-03
   outer loop
     vertex  1.951659e+02  5.118117e+01  5.800000e+01
     vertex  1.959519e+02  5.027527e+01  5.800000e+01
     vertex  1.954115e+02  5.094323e+01  5.418700e+01
   endloop
 endfacet
 facet normal  5.409787e-01  8.410363e-01  1.285131e-14
   outer loop
     vertex  1.941860e+02  5.187265e+01  5.800000e+01
     vertex  1.948372e+02  5.145377e+01  5.400537e+01
     vertex  1.941860e+02  5.187265e+01  5.381496e+01
   endloop
 endfacet
 facet normal  5.765295e-01  8.170340e-01  8.312481e-03
   outer loop
     vertex  1.941860e+02  5.187265e+01  5.800000e+01
     vertex  1.951659e+02  5.118117e+01  5.800000e+01
     vertex  1.948372e+02  5.145377e+01  5.400537e+01
   endloop
 endfacet
 facet normal -4.738598e-01 -8.806003e-01 -1.626576e-14
   outer loop
     vertex  1.777057e+02  4.944172e+01  5.800000e+01
     vertex  1.894711e+02  4.311067e+01  5.381496e+01
     vertex  1.894711e+02  4.311067e+01  5.800000e+01
   endloop
 endfacet
 facet normal -4.738598e-01 -8.806003e-01 -1.238691e-14
   outer loop
     vertex  1.777057e+02  4.944172e+01  5.800000e+01
     vertex  1.777057e+02  4.944172e+01  5.050000e+01
     vertex  1.894711e+02  4.311067e+01  5.381496e+01
   endloop
 endfacet
 facet normal  2.169585e-01 -1.167475e-01 -9.691744e-01
   outer loop
     vertex  1.894711e+02  4.311067e+01  5.381496e+01
     vertex  1.795571e+02  5.220598e+01  5.050000e+01
     vertex  1.811336e+02  5.513572e+01  5.050000e+01
   endloop
 endfacet
 facet normal  2.009625e-01 -1.345964e-01 -9.703081e-01
   outer loop
     vertex  1.894711e+02  4.311067e+01  5.381496e+01
     vertex  1.777057e+02  4.944172e+01  5.050000e+01
     vertex  1.795571e+02  5.220598e+01  5.050000e+01
   endloop
 endfacet
 facet normal  2.230421e-01 -9.356467e-02 -9.703081e-01
   outer loop
     vertex  1.941860e+02  5.187265e+01  5.381496e+01
     vertex  1.811336e+02  5.513572e+01  5.050000e+01
     vertex  1.824206e+02  5.820369e+01  5.050000e+01
   endloop
 endfacet
 facet normal  2.169585e-01 -1.167475e-01 -9.691744e-01
   outer loop
     vertex  1.941860e+02  5.187265e+01  5.381496e+01
     vertex  1.894711e+02  4.311067e+01  5.381496e+01
     vertex  1.811336e+02  5.513572e+01  5.050000e+01
   endloop
 endfacet
 facet normal  2.101812e-01 -1.130205e-01 -9.711077e-01
   outer loop
     vertex  1.948372e+02  5.145377e+01  5.400537e+01
     vertex  1.905404e+02  4.268632e+01  5.409578e+01
     vertex  1.894711e+02  4.311067e+01  5.381496e+01
   endloop
 endfacet
 facet normal  2.108976e-01 -1.134861e-01 -9.708981e-01
   outer loop
     vertex  1.948372e+02  5.145377e+01  5.400537e+01
     vertex  1.894711e+02  4.311067e+01  5.381496e+01
     vertex  1.941860e+02  5.187265e+01  5.381496e+01
   endloop
 endfacet
 facet normal  2.058053e-01 -1.106723e-01 -9.723147e-01
   outer loop
     vertex  1.954115e+02  5.094323e+01  5.418700e+01
     vertex  1.916867e+02  4.251863e+01  5.435750e+01
     vertex  1.905404e+02  4.268632e+01  5.409578e+01
   endloop
 endfacet
 facet normal  2.078474e-01 -1.118833e-01 -9.717415e-01
   outer loop
     vertex  1.954115e+02  5.094323e+01  5.418700e+01
     vertex  1.905404e+02  4.268632e+01  5.409578e+01
     vertex  1.948372e+02  5.145377e+01  5.400537e+01
   endloop
 endfacet
 facet normal  1.950506e-01 -1.049392e-01 -9.751631e-01
   outer loop
     vertex  1.967264e+02  4.661869e+01  5.493745e+01
     vertex  1.957780e+02  4.446632e+01  5.497937e+01
     vertex  1.949519e+02  4.361928e+01  5.490528e+01
   endloop
 endfacet
 facet normal  1.947256e-01 -1.047976e-01 -9.752433e-01
   outer loop
     vertex  1.967264e+02  4.661869e+01  5.493745e+01
     vertex  1.963806e+02  4.548440e+01  5.499029e+01
     vertex  1.957780e+02  4.446632e+01  5.497937e+01
   endloop
 endfacet
 facet normal  2.019943e-01 -1.086331e-01 -9.733433e-01
   outer loop
     vertex  1.961137e+02  5.001903e+01  5.443911e+01
     vertex  1.928442e+02  4.262157e+01  5.458622e+01
     vertex  1.916867e+02  4.251863e+01  5.435750e+01
   endloop
 endfacet
 facet normal  2.043880e-01 -1.100531e-01 -9.726838e-01
   outer loop
     vertex  1.961137e+02  5.001903e+01  5.443911e+01
     vertex  1.916867e+02  4.251863e+01  5.435750e+01
     vertex  1.954115e+02  5.094323e+01  5.418700e+01
   endloop
 endfacet
 facet normal  1.965453e-01 -1.057281e-01 -9.747777e-01
   outer loop
     vertex  1.967940e+02  4.779867e+01  5.482340e+01
     vertex  1.949519e+02  4.361928e+01  5.490528e+01
     vertex  1.939521e+02  4.299264e+01  5.477167e+01
   endloop
 endfacet
 facet normal  1.959167e-01 -1.054541e-01 -9.749339e-01
   outer loop
     vertex  1.967940e+02  4.779867e+01  5.482340e+01
     vertex  1.967264e+02  4.661869e+01  5.493745e+01
     vertex  1.949519e+02  4.361928e+01  5.490528e+01
   endloop
 endfacet
 facet normal  1.988854e-01 -1.069729e-01 -9.741670e-01
   outer loop
     vertex  1.965841e+02  4.895269e+01  5.465455e+01
     vertex  1.939521e+02  4.299264e+01  5.477167e+01
     vertex  1.928442e+02  4.262157e+01  5.458622e+01
   endloop
 endfacet
 facet normal  2.008114e-01 -1.081163e-01 -9.736456e-01
   outer loop
     vertex  1.965841e+02  4.895269e+01  5.465455e+01
     vertex  1.928442e+02  4.262157e+01  5.458622e+01
     vertex  1.961137e+02  5.001903e+01  5.443911e+01
   endloop
 endfacet
 facet normal  1.979606e-01 -1.065691e-01 -9.743996e-01
   outer loop
     vertex  1.965841e+02  4.895269e+01  5.465455e+01
     vertex  1.967940e+02  4.779867e+01  5.482340e+01
     vertex  1.939521e+02  4.299264e+01  5.477167e+01
   endloop
 endfacet
 facet normal  8.806003e-01 -4.738598e-01 -8.132882e-15
   outer loop
     vertex  1.382037e+02  3.757937e+01  5.800000e+01
     vertex  1.318726e+02  2.581403e+01  5.800000e+01
     vertex  1.318726e+02  2.581403e+01  5.381496e+01
   endloop
 endfacet
 facet normal  8.806003e-01 -4.738598e-01 -8.080743e-15
   outer loop
     vertex  1.382037e+02  3.757937e+01  5.800000e+01
     vertex  1.318726e+02  2.581403e+01  5.381496e+01
     vertex  1.382037e+02  3.757937e+01  5.050000e+01
   endloop
 endfacet
 facet normal -9.250563e-01 -3.798300e-01 -6.463837e-15
   outer loop
     vertex  1.227269e+02  2.674063e+01  5.800000e+01
     vertex  1.227269e+02  2.674063e+01  5.465975e+01
     vertex  1.230960e+02  2.584153e+01  5.480219e+01
   endloop
 endfacet
 facet normal -8.328950e-01 -5.534091e-01 -4.921727e-03
   outer loop
     vertex  1.231925e+02  2.566785e+01  5.800000e+01
     vertex  1.230960e+02  2.584153e+01  5.480219e+01
     vertex  1.236388e+02  2.502376e+01  5.490807e+01
   endloop
 endfacet
 facet normal -9.172876e-01 -3.981793e-01  6.055986e-03
   outer loop
     vertex  1.231925e+02  2.566785e+01  5.800000e+01
     vertex  1.227269e+02  2.674063e+01  5.800000e+01
     vertex  1.230960e+02  2.584153e+01  5.480219e+01
   endloop
 endfacet
 facet normal -7.076172e-01 -7.065559e-01 -7.527599e-03
   outer loop
     vertex  1.238958e+02  2.473341e+01  5.800000e+01
     vertex  1.236388e+02  2.502376e+01  5.490807e+01
     vertex  1.243327e+02  2.432811e+01  5.497255e+01
   endloop
 endfacet
 facet normal -7.989649e-01 -6.012954e-01  9.950351e-03
   outer loop
     vertex  1.238958e+02  2.473341e+01  5.800000e+01
     vertex  1.231925e+02  2.566785e+01  5.800000e+01
     vertex  1.236388e+02  2.502376e+01  5.490807e+01
   endloop
 endfacet
 facet normal -5.554510e-01 -8.315125e-01 -7.823319e-03
   outer loop
     vertex  1.247977e+02  2.398897e+01  5.800000e+01
     vertex  1.243327e+02  2.432811e+01  5.497255e+01
     vertex  1.251514e+02  2.378104e+01  5.499380e+01
   endloop
 endfacet
 facet normal -6.365100e-01 -7.711844e-01  1.138638e-02
   outer loop
     vertex  1.247977e+02  2.398897e+01  5.800000e+01
     vertex  1.238958e+02  2.473341e+01  5.800000e+01
     vertex  1.243327e+02  2.432811e+01  5.497255e+01
   endloop
 endfacet
 facet normal -3.803657e-01 -9.248184e-01 -5.733277e-03
   outer loop
     vertex  1.258486e+02  2.347565e+01  5.800000e+01
     vertex  1.251514e+02  2.378104e+01  5.499380e+01
     vertex  1.260645e+02  2.340561e+01  5.497067e+01
   endloop
 endfacet
 facet normal -4.388980e-01 -8.984753e-01  1.051796e-02
   outer loop
     vertex  1.258486e+02  2.347565e+01  5.800000e+01
     vertex  1.247977e+02  2.398897e+01  5.800000e+01
     vertex  1.251514e+02  2.378104e+01  5.499380e+01
   endloop
 endfacet
 facet normal -1.911157e-01 -9.815668e-01 -1.152137e-03
   outer loop
     vertex  1.269902e+02  2.322182e+01  5.800000e+01
     vertex  1.260645e+02  2.340561e+01  5.497067e+01
     vertex  1.270276e+02  2.321818e+01  5.490447e+01
   endloop
 endfacet
 facet normal -2.170328e-01 -9.761385e-01  7.096657e-03
   outer loop
     vertex  1.269902e+02  2.322182e+01  5.800000e+01
     vertex  1.258486e+02  2.347565e+01  5.800000e+01
     vertex  1.260645e+02  2.340561e+01  5.497067e+01
   endloop
 endfacet
 facet normal  6.032071e-03 -9.999676e-01  5.333278e-03
   outer loop
     vertex  1.281595e+02  2.324152e+01  5.800000e+01
     vertex  1.270276e+02  2.321818e+01  5.490447e+01
     vertex  1.280098e+02  2.322353e+01  5.479689e+01
   endloop
 endfacet
 facet normal  2.006076e-01 -9.796640e-01 -3.873155e-03
   outer loop
     vertex  1.281595e+02  2.324152e+01  5.800000e+01
     vertex  1.280098e+02  2.322353e+01  5.479689e+01
     vertex  1.289649e+02  2.341967e+01  5.465243e+01
   endloop
 endfacet
 facet normal  1.683923e-02 -9.998573e-01  1.380568e-03
   outer loop
     vertex  1.281595e+02  2.324152e+01  5.800000e+01
     vertex  1.269902e+02  2.322182e+01  5.800000e+01
     vertex  1.270276e+02  2.321818e+01  5.490447e+01
   endloop
 endfacet
 facet normal  3.866352e-01 -9.222107e-01 -6.374825e-03
   outer loop
     vertex  1.292919e+02  2.353364e+01  5.800000e+01
     vertex  1.289649e+02  2.341967e+01  5.465243e+01
     vertex  1.298582e+02  2.379541e+01  5.447598e+01
   endloop
 endfacet
 facet normal  2.497771e-01 -9.682655e-01  8.563137e-03
   outer loop
     vertex  1.292919e+02  2.353364e+01  5.800000e+01
     vertex  1.281595e+02  2.324152e+01  5.800000e+01
     vertex  1.289649e+02  2.341967e+01  5.465243e+01
   endloop
 endfacet
 facet normal  5.579474e-01 -8.298517e-01 -6.386546e-03
   outer loop
     vertex  1.303249e+02  2.408205e+01  5.800000e+01
     vertex  1.298582e+02  2.379541e+01  5.447598e+01
     vertex  1.306592e+02  2.433549e+01  5.427287e+01
   endloop
 endfacet
 facet normal  4.689077e-01 -8.831934e-01  9.743578e-03
   outer loop
     vertex  1.303249e+02  2.408205e+01  5.800000e+01
     vertex  1.292919e+02  2.353364e+01  5.800000e+01
     vertex  1.298582e+02  2.379541e+01  5.447598e+01
   endloop
 endfacet
 facet normal  7.071670e-01 -7.070351e-01 -4.029152e-03
   outer loop
     vertex  1.312013e+02  2.485645e+01  5.800000e+01
     vertex  1.306592e+02  2.433549e+01  5.427287e+01
     vertex  1.313362e+02  2.501393e+01  5.405101e+01
   endloop
 endfacet
 facet normal  6.621371e-01 -7.493353e-01  8.432848e-03
   outer loop
     vertex  1.312013e+02  2.485645e+01  5.800000e+01
     vertex  1.303249e+02  2.408205e+01  5.800000e+01
     vertex  1.306592e+02  2.433549e+01  5.427287e+01
   endloop
 endfacet
 facet normal  8.305957e-01 -5.568759e-01 -9.454718e-15
   outer loop
     vertex  1.318726e+02  2.581403e+01  5.800000e+01
     vertex  1.313362e+02  2.501393e+01  5.405101e+01
     vertex  1.318726e+02  2.581403e+01  5.381496e+01
   endloop
 endfacet
 facet normal  8.187895e-01 -5.740712e-01  5.087697e-03
   outer loop
     vertex  1.318726e+02  2.581403e+01  5.800000e+01
     vertex  1.312013e+02  2.485645e+01  5.800000e+01
     vertex  1.313362e+02  2.501393e+01  5.405101e+01
   endloop
 endfacet
 facet normal -8.806003e-01  4.738598e-01  5.845509e-15
   outer loop
     vertex  1.294417e+02  4.229428e+01  5.800000e+01
     vertex  1.231107e+02  3.052894e+01  5.381496e+01
     vertex  1.231107e+02  3.052894e+01  5.800000e+01
   endloop
 endfacet
 facet normal -8.806003e-01  4.738598e-01  7.182883e-15
   outer loop
     vertex  1.294417e+02  4.229428e+01  5.800000e+01
     vertex  1.294417e+02  4.229428e+01  5.050000e+01
     vertex  1.231107e+02  3.052894e+01  5.381496e+01
   endloop
 endfacet
 facet normal -4.738598e-01 -8.806003e-01 -1.194517e-14
   outer loop
     vertex  1.175794e+02  8.179631e+01  5.800000e+01
     vertex  1.058140e+02  8.812735e+01  5.800000e+01
     vertex  1.058140e+02  8.812735e+01  5.381496e+01
   endloop
 endfacet
 facet normal -4.738598e-01 -8.806003e-01 -1.155263e-14
   outer loop
     vertex  1.175794e+02  8.179631e+01  5.800000e+01
     vertex  1.058140e+02  8.812735e+01  5.381496e+01
     vertex  1.175794e+02  8.179631e+01  5.050000e+01
   endloop
 endfacet
 facet normal -9.249455e-01 -3.800998e-01 -4.839432e-15
   outer loop
     vertex  1.037774e+02  9.017541e+01  5.800000e+01
     vertex  1.034067e+02  9.107748e+01  5.800000e+01
     vertex  1.034067e+02  9.107748e+01  5.465975e+01
   endloop
 endfacet
 facet normal -9.174541e-01 -3.978020e-01 -5.612075e-03
   outer loop
     vertex  1.037774e+02  9.017541e+01  5.800000e+01
     vertex  1.034067e+02  9.107748e+01  5.465975e+01
     vertex  1.038753e+02  8.999968e+01  5.444349e+01
   endloop
 endfacet
 facet normal -7.993681e-01 -6.007844e-01 -8.294822e-03
   outer loop
     vertex  1.043170e+02  8.936299e+01  5.800000e+01
     vertex  1.038753e+02  8.999968e+01  5.444349e+01
     vertex  1.045800e+02  8.906564e+01  5.418982e+01
   endloop
 endfacet
 facet normal -8.330111e-01 -5.532388e-01  4.394173e-03
   outer loop
     vertex  1.043170e+02  8.936299e+01  5.800000e+01
     vertex  1.037774e+02  9.017541e+01  5.800000e+01
     vertex  1.038753e+02  8.999968e+01  5.444349e+01
   endloop
 endfacet
 facet normal -6.662770e-01 -7.456988e-01 -2.887112e-03
   outer loop
     vertex  1.050046e+02  8.867145e+01  5.800000e+01
     vertex  1.045800e+02  8.906564e+01  5.418982e+01
     vertex  1.051579e+02  8.854997e+01  5.400686e+01
   endloop
 endfacet
 facet normal -7.090672e-01 -7.051147e-01  6.080873e-03
   outer loop
     vertex  1.050046e+02  8.867145e+01  5.800000e+01
     vertex  1.043170e+02  8.936299e+01  5.800000e+01
     vertex  1.045800e+02  8.906564e+01  5.418982e+01
   endloop
 endfacet
 facet normal -5.415005e-01 -8.407005e-01 -1.141882e-14
   outer loop
     vertex  1.058140e+02  8.812735e+01  5.800000e+01
     vertex  1.051579e+02  8.854997e+01  5.400686e+01
     vertex  1.058140e+02  8.812735e+01  5.381496e+01
   endloop
 endfacet
 facet normal -5.578878e-01 -8.299075e-01  3.834939e-03
   outer loop
     vertex  1.058140e+02  8.812735e+01  5.800000e+01
     vertex  1.050046e+02  8.867145e+01  5.800000e+01
     vertex  1.051579e+02  8.854997e+01  5.400686e+01
   endloop
 endfacet
 facet normal  4.738598e-01  8.806003e-01  1.194517e-14
   outer loop
     vertex  1.222943e+02  9.055828e+01  5.800000e+01
     vertex  1.105289e+02  9.688933e+01  5.381496e+01
     vertex  1.105289e+02  9.688933e+01  5.800000e+01
   endloop
 endfacet
 facet normal  4.738598e-01  8.806003e-01  1.245049e-14
   outer loop
     vertex  1.222943e+02  9.055828e+01  5.800000e+01
     vertex  1.222943e+02  9.055828e+01  5.050000e+01
     vertex  1.105289e+02  9.688933e+01  5.381496e+01
   endloop
 endfacet
 facet normal -8.806003e-01  4.738598e-01  7.878730e-15
   outer loop
     vertex  1.617963e+02  1.024206e+02  5.800000e+01
     vertex  1.681274e+02  1.141860e+02  5.800000e+01
     vertex  1.681274e+02  1.141860e+02  5.381496e+01
   endloop
 endfacet
 facet normal -8.806003e-01  4.738598e-01  7.182883e-15
   outer loop
     vertex  1.617963e+02  1.024206e+02  5.800000e+01
     vertex  1.681274e+02  1.141860e+02  5.381496e+01
     vertex  1.617963e+02  1.024206e+02  5.050000e+01
   endloop
 endfacet
 facet normal  9.294816e-01 -3.688685e-01 -6.262701e-15
   outer loop
     vertex  1.768893e+02  1.094711e+02  5.800000e+01
     vertex  1.768893e+02  1.094711e+02  5.381496e+01
     vertex  1.773137e+02  1.105404e+02  5.409578e+01
   endloop
 endfacet
 facet normal  9.895149e-01 -1.444241e-01 -1.409555e-03
   outer loop
     vertex  1.773262e+02  1.105880e+02  5.800000e+01
     vertex  1.773137e+02  1.105404e+02  5.409578e+01
     vertex  1.774814e+02  1.116867e+02  5.435750e+01
   endloop
 endfacet
 facet normal  9.312962e-01 -3.642598e-01  1.459485e-03
   outer loop
     vertex  1.773262e+02  1.105880e+02  5.800000e+01
     vertex  1.768893e+02  1.094711e+02  5.800000e+01
     vertex  1.773137e+02  1.105404e+02  5.409578e+01
   endloop
 endfacet
 facet normal  9.960182e-01  8.911019e-02 -2.676252e-03
   outer loop
     vertex  1.774831e+02  1.117770e+02  5.800000e+01
     vertex  1.774814e+02  1.116867e+02  5.435750e+01
     vertex  1.773784e+02  1.128442e+02  5.458622e+01
   endloop
 endfacet
 facet normal  9.914048e-01 -1.308009e-01  2.780140e-03
   outer loop
     vertex  1.774831e+02  1.117770e+02  5.800000e+01
     vertex  1.773262e+02  1.105880e+02  5.800000e+01
     vertex  1.774814e+02  1.116867e+02  5.435750e+01
   endloop
 endfacet
 facet normal  9.480232e-01  3.181762e-01 -3.977595e-03
   outer loop
     vertex  1.773508e+02  1.129691e+02  5.800000e+01
     vertex  1.773784e+02  1.128442e+02  5.458622e+01
     vertex  1.770074e+02  1.139521e+02  5.477167e+01
   endloop
 endfacet
 facet normal  9.938949e-01  1.102582e-01  3.999632e-03
   outer loop
     vertex  1.773508e+02  1.129691e+02  5.800000e+01
     vertex  1.774831e+02  1.117770e+02  5.800000e+01
     vertex  1.773784e+02  1.128442e+02  5.458622e+01
   endloop
 endfacet
 facet normal  8.469960e-01  5.315750e-01 -5.080383e-03
   outer loop
     vertex  1.769372e+02  1.140948e+02  5.800000e+01
     vertex  1.770074e+02  1.139521e+02  5.477167e+01
     vertex  1.763807e+02  1.149519e+02  5.490528e+01
   endloop
 endfacet
 facet normal  9.386227e-01  3.449070e-01  5.162332e-03
   outer loop
     vertex  1.769372e+02  1.140948e+02  5.800000e+01
     vertex  1.773508e+02  1.129691e+02  5.800000e+01
     vertex  1.770074e+02  1.139521e+02  5.477167e+01
   endloop
 endfacet
 facet normal  6.979276e-01  7.161444e-01 -5.853258e-03
   outer loop
     vertex  1.762661e+02  1.150888e+02  5.800000e+01
     vertex  1.763807e+02  1.149519e+02  5.490528e+01
     vertex  1.755337e+02  1.157780e+02  5.497937e+01
   endloop
 endfacet
 facet normal  8.288028e-01  5.595094e-01  5.926954e-03
   outer loop
     vertex  1.762661e+02  1.150888e+02  5.800000e+01
     vertex  1.769372e+02  1.140948e+02  5.800000e+01
     vertex  1.763807e+02  1.149519e+02  5.490528e+01
   endloop
 endfacet
 facet normal  5.093289e-01  8.605481e-01 -6.413882e-03
   outer loop
     vertex  1.753767e+02  1.158934e+02  5.800000e+01
     vertex  1.755337e+02  1.157780e+02  5.497937e+01
     vertex  1.745156e+02  1.163806e+02  5.499029e+01
   endloop
 endfacet
 facet normal  6.708174e-01  7.415938e-01  6.526238e-03
   outer loop
     vertex  1.753767e+02  1.158934e+02  5.800000e+01
     vertex  1.762661e+02  1.150888e+02  5.800000e+01
     vertex  1.755337e+02  1.157780e+02  5.497937e+01
   endloop
 endfacet
 facet normal  2.918756e-01  9.564317e-01 -6.858473e-03
   outer loop
     vertex  1.743205e+02  1.164617e+02  5.800000e+01
     vertex  1.745156e+02  1.163806e+02  5.499029e+01
     vertex  1.733813e+02  1.167264e+02  5.493745e+01
   endloop
 endfacet
 facet normal  4.738482e-01  8.805789e-01  6.979678e-03
   outer loop
     vertex  1.743205e+02  1.164617e+02  5.800000e+01
     vertex  1.753767e+02  1.158934e+02  5.800000e+01
     vertex  1.745156e+02  1.163806e+02  5.499029e+01
   endloop
 endfacet
 facet normal  5.786897e-02  9.982996e-01 -7.011225e-03
   outer loop
     vertex  1.731591e+02  1.167608e+02  5.800000e+01
     vertex  1.733813e+02  1.167264e+02  5.493745e+01
     vertex  1.722013e+02  1.167940e+02  5.482340e+01
   endloop
 endfacet
 facet normal  2.493423e-01  9.683885e-01  7.218930e-03
   outer loop
     vertex  1.731591e+02  1.167608e+02  5.800000e+01
     vertex  1.743205e+02  1.164617e+02  5.800000e+01
     vertex  1.733813e+02  1.167264e+02  5.493745e+01
   endloop
 endfacet
 facet normal -1.778900e-01  9.840249e-01 -7.082384e-03
   outer loop
     vertex  1.719598e+02  1.167732e+02  5.800000e+01
     vertex  1.722013e+02  1.167940e+02  5.482340e+01
     vertex  1.710473e+02  1.165841e+02  5.465455e+01
   endloop
 endfacet
 facet normal  1.034635e-02  9.999196e-01  7.333842e-03
   outer loop
     vertex  1.719598e+02  1.167732e+02  5.800000e+01
     vertex  1.731591e+02  1.167608e+02  5.800000e+01
     vertex  1.722013e+02  1.167940e+02  5.482340e+01
   endloop
 endfacet
 facet normal -4.024367e-01  9.154199e-01 -7.153164e-03
   outer loop
     vertex  1.707924e+02  1.164982e+02  5.800000e+01
     vertex  1.710473e+02  1.165841e+02  5.465455e+01
     vertex  1.699810e+02  1.161137e+02  5.443911e+01
   endloop
 endfacet
 facet normal -2.292504e-01  9.733384e-01  7.530300e-03
   outer loop
     vertex  1.707924e+02  1.164982e+02  5.800000e+01
     vertex  1.719598e+02  1.167732e+02  5.800000e+01
     vertex  1.710473e+02  1.165841e+02  5.465455e+01
   endloop
 endfacet
 facet normal -6.037001e-01  7.971788e-01 -7.220328e-03
   outer loop
     vertex  1.697247e+02  1.159519e+02  5.800000e+01
     vertex  1.699810e+02  1.161137e+02  5.443911e+01
     vertex  1.690568e+02  1.154115e+02  5.418700e+01
   endloop
 endfacet
 facet normal -4.555234e-01  8.901908e-01  7.668487e-03
   outer loop
     vertex  1.697247e+02  1.159519e+02  5.800000e+01
     vertex  1.707924e+02  1.164982e+02  5.800000e+01
     vertex  1.699810e+02  1.161137e+02  5.443911e+01
   endloop
 endfacet
 facet normal -7.467927e-01  6.650462e-01 -3.764996e-03
   outer loop
     vertex  1.688188e+02  1.151659e+02  5.800000e+01
     vertex  1.690568e+02  1.154115e+02  5.418700e+01
     vertex  1.685462e+02  1.148372e+02  5.400537e+01
   endloop
 endfacet
 facet normal -6.553229e-01  7.553090e-01  7.756748e-03
   outer loop
     vertex  1.688188e+02  1.151659e+02  5.800000e+01
     vertex  1.697247e+02  1.159519e+02  5.800000e+01
     vertex  1.690568e+02  1.154115e+02  5.418700e+01
   endloop
 endfacet
 facet normal -8.410363e-01  5.409787e-01  9.184813e-15
   outer loop
     vertex  1.681274e+02  1.141860e+02  5.800000e+01
     vertex  1.685462e+02  1.148372e+02  5.400537e+01
     vertex  1.681274e+02  1.141860e+02  5.381496e+01
   endloop
 endfacet
 facet normal -8.170340e-01  5.765295e-01  8.312481e-03
   outer loop
     vertex  1.681274e+02  1.141860e+02  5.800000e+01
     vertex  1.688188e+02  1.151659e+02  5.800000e+01
     vertex  1.685462e+02  1.148372e+02  5.400537e+01
   endloop
 endfacet
 facet normal  8.806003e-01 -4.738598e-01 -8.132882e-15
   outer loop
     vertex  1.705583e+02  9.770572e+01  5.800000e+01
     vertex  1.768893e+02  1.094711e+02  5.381496e+01
     vertex  1.768893e+02  1.094711e+02  5.800000e+01
   endloop
 endfacet
 facet normal  8.806003e-01 -4.738598e-01 -1.141783e-14
   outer loop
     vertex  1.705583e+02  9.770572e+01  5.800000e+01
     vertex  1.705583e+02  9.770572e+01  5.050000e+01
     vertex  1.768893e+02  1.094711e+02  5.381496e+01
   endloop
 endfacet
 facet normal -1.167475e-01 -2.169585e-01 -9.691744e-01
   outer loop
     vertex  1.231107e+02  3.052894e+01  5.381496e+01
     vertex  1.322060e+02  4.044289e+01  5.050000e+01
     vertex  1.351357e+02  3.886636e+01  5.050000e+01
   endloop
 endfacet
 facet normal -1.345964e-01 -2.009625e-01 -9.703081e-01
   outer loop
     vertex  1.231107e+02  3.052894e+01  5.381496e+01
     vertex  1.294417e+02  4.229428e+01  5.050000e+01
     vertex  1.322060e+02  4.044289e+01  5.050000e+01
   endloop
 endfacet
 facet normal -9.356467e-02 -2.230421e-01 -9.703081e-01
   outer loop
     vertex  1.318726e+02  2.581403e+01  5.381496e+01
     vertex  1.351357e+02  3.886636e+01  5.050000e+01
     vertex  1.382037e+02  3.757937e+01  5.050000e+01
   endloop
 endfacet
 facet normal -1.167475e-01 -2.169585e-01 -9.691744e-01
   outer loop
     vertex  1.318726e+02  2.581403e+01  5.381496e+01
     vertex  1.231107e+02  3.052894e+01  5.381496e+01
     vertex  1.351357e+02  3.886636e+01  5.050000e+01
   endloop
 endfacet
 facet normal -1.130318e-01 -2.101507e-01 -9.711130e-01
   outer loop
     vertex  1.313362e+02  2.501393e+01  5.405101e+01
     vertex  1.226835e+02  2.944903e+01  5.409837e+01
     vertex  1.231107e+02  3.052894e+01  5.381496e+01
   endloop
 endfacet
 facet normal -1.132843e-01 -2.105225e-01 -9.710031e-01
   outer loop
     vertex  1.313362e+02  2.501393e+01  5.405101e+01
     vertex  1.231107e+02  3.052894e+01  5.381496e+01
     vertex  1.318726e+02  2.581403e+01  5.381496e+01
   endloop
 endfacet
 facet normal -1.049842e-01 -1.951027e-01 -9.751478e-01
   outer loop
     vertex  1.260645e+02  2.340561e+01  5.497067e+01
     vertex  1.243327e+02  2.432811e+01  5.497255e+01
     vertex  1.236388e+02  2.502376e+01  5.490807e+01
   endloop
 endfacet
 facet normal -1.046941e-01 -1.945579e-01 -9.752879e-01
   outer loop
     vertex  1.260645e+02  2.340561e+01  5.497067e+01
     vertex  1.251514e+02  2.378104e+01  5.499380e+01
     vertex  1.243327e+02  2.432811e+01  5.497255e+01
   endloop
 endfacet
 facet normal -1.106402e-01 -2.057480e-01 -9.723305e-01
   outer loop
     vertex  1.306592e+02  2.433549e+01  5.427287e+01
     vertex  1.225180e+02  2.829125e+01  5.436219e+01
     vertex  1.226835e+02  2.944903e+01  5.409837e+01
   endloop
 endfacet
 facet normal -1.113125e-01 -2.067865e-01 -9.720334e-01
   outer loop
     vertex  1.306592e+02  2.433549e+01  5.427287e+01
     vertex  1.226835e+02  2.944903e+01  5.409837e+01
     vertex  1.313362e+02  2.501393e+01  5.405101e+01
   endloop
 endfacet
 facet normal -1.056503e-01 -1.963414e-01 -9.748272e-01
   outer loop
     vertex  1.270276e+02  2.321818e+01  5.490447e+01
     vertex  1.236388e+02  2.502376e+01  5.490807e+01
     vertex  1.230960e+02  2.584153e+01  5.480219e+01
   endloop
 endfacet
 facet normal -1.050153e-01 -1.951490e-01 -9.751352e-01
   outer loop
     vertex  1.270276e+02  2.321818e+01  5.490447e+01
     vertex  1.260645e+02  2.340561e+01  5.497067e+01
     vertex  1.236388e+02  2.502376e+01  5.490807e+01
   endloop
 endfacet
 facet normal -1.089248e-01 -2.024701e-01 -9.732118e-01
   outer loop
     vertex  1.298582e+02  2.379541e+01  5.447598e+01
     vertex  1.225606e+02  2.751209e+01  5.451952e+01
     vertex  1.225180e+02  2.829125e+01  5.436219e+01
   endloop
 endfacet
 facet normal -1.095337e-01 -2.034571e-01 -9.729376e-01
   outer loop
     vertex  1.298582e+02  2.379541e+01  5.447598e+01
     vertex  1.225180e+02  2.829125e+01  5.436219e+01
     vertex  1.306592e+02  2.433549e+01  5.427287e+01
   endloop
 endfacet
 facet normal -1.066125e-01 -1.981344e-01 -9.743595e-01
   outer loop
     vertex  1.280098e+02  2.322353e+01  5.479689e+01
     vertex  1.230960e+02  2.584153e+01  5.480219e+01
     vertex  1.227269e+02  2.674063e+01  5.465975e+01
   endloop
 endfacet
 facet normal -1.056852e-01 -1.963931e-01 -9.748130e-01
   outer loop
     vertex  1.280098e+02  2.322353e+01  5.479689e+01
     vertex  1.270276e+02  2.321818e+01  5.490447e+01
     vertex  1.230960e+02  2.584153e+01  5.480219e+01
   endloop
 endfacet
 facet normal -1.077379e-01 -2.002264e-01 -9.738080e-01
   outer loop
     vertex  1.289649e+02  2.341967e+01  5.465243e+01
     vertex  1.227269e+02  2.674063e+01  5.465975e+01
     vertex  1.225606e+02  2.751209e+01  5.451952e+01
   endloop
 endfacet
 facet normal -1.066716e-01 -1.982224e-01 -9.743352e-01
   outer loop
     vertex  1.289649e+02  2.341967e+01  5.465243e+01
     vertex  1.280098e+02  2.322353e+01  5.479689e+01
     vertex  1.227269e+02  2.674063e+01  5.465975e+01
   endloop
 endfacet
 facet normal -1.079627e-01 -2.005750e-01 -9.737113e-01
   outer loop
     vertex  1.289649e+02  2.341967e+01  5.465243e+01
     vertex  1.225606e+02  2.751209e+01  5.451952e+01
     vertex  1.298582e+02  2.379541e+01  5.447598e+01
   endloop
 endfacet
 facet normal -2.169585e-01  1.167475e-01 -9.691744e-01
   outer loop
     vertex  1.105289e+02  9.688933e+01  5.381496e+01
     vertex  1.204429e+02  8.779402e+01  5.050000e+01
     vertex  1.188664e+02  8.486428e+01  5.050000e+01
   endloop
 endfacet
 facet normal -2.009625e-01  1.345964e-01 -9.703081e-01
   outer loop
     vertex  1.105289e+02  9.688933e+01  5.381496e+01
     vertex  1.222943e+02  9.055828e+01  5.050000e+01
     vertex  1.204429e+02  8.779402e+01  5.050000e+01
   endloop
 endfacet
 facet normal -2.230421e-01  9.356467e-02 -9.703081e-01
   outer loop
     vertex  1.058140e+02  8.812735e+01  5.381496e+01
     vertex  1.188664e+02  8.486428e+01  5.050000e+01
     vertex  1.175794e+02  8.179631e+01  5.050000e+01
   endloop
 endfacet
 facet normal -2.169585e-01  1.167475e-01 -9.691744e-01
   outer loop
     vertex  1.058140e+02  8.812735e+01  5.381496e+01
     vertex  1.105289e+02  9.688933e+01  5.381496e+01
     vertex  1.188664e+02  8.486428e+01  5.050000e+01
   endloop
 endfacet
 facet normal -2.105485e-01  1.132603e-01 -9.710002e-01
   outer loop
     vertex  1.051579e+02  8.854997e+01  5.400686e+01
     vertex  1.096465e+02  9.725988e+01  5.404953e+01
     vertex  1.105289e+02  9.688933e+01  5.381496e+01
   endloop
 endfacet
 facet normal -2.108852e-01  1.134794e-01 -9.709016e-01
   outer loop
     vertex  1.051579e+02  8.854997e+01  5.400686e+01
     vertex  1.105289e+02  9.688933e+01  5.381496e+01
     vertex  1.058140e+02  8.812735e+01  5.381496e+01
   endloop
 endfacet
 facet normal -1.945224e-01  1.046735e-01 -9.752971e-01
   outer loop
     vertex  1.034188e+02  9.397891e+01  5.497270e+01
     vertex  1.038031e+02  9.488909e+01  5.499374e+01
     vertex  1.043583e+02  9.570366e+01  5.497042e+01
   endloop
 endfacet
 facet normal -2.068436e-01  1.112495e-01 -9.720284e-01
   outer loop
     vertex  1.045800e+02  8.906564e+01  5.418982e+01
     vertex  1.087045e+02  9.745466e+01  5.427228e+01
     vertex  1.096465e+02  9.725988e+01  5.404953e+01
   endloop
 endfacet
 facet normal -2.078191e-01  1.118574e-01 -9.717506e-01
   outer loop
     vertex  1.045800e+02  8.906564e+01  5.418982e+01
     vertex  1.096465e+02  9.725988e+01  5.404953e+01
     vertex  1.051579e+02  8.854997e+01  5.400686e+01
   endloop
 endfacet
 facet normal -1.951591e-01  1.050138e-01 -9.751333e-01
   outer loop
     vertex  1.032226e+02  9.301700e+01  5.490839e+01
     vertex  1.043583e+02  9.570366e+01  5.497042e+01
     vertex  1.050604e+02  9.639057e+01  5.490389e+01
   endloop
 endfacet
 facet normal -1.951068e-01  1.049921e-01 -9.751461e-01
   outer loop
     vertex  1.032226e+02  9.301700e+01  5.490839e+01
     vertex  1.034188e+02  9.397891e+01  5.497270e+01
     vertex  1.043583e+02  9.570366e+01  5.497042e+01
   endloop
 endfacet
 facet normal -2.035080e-01  1.094819e-01 -9.729328e-01
   outer loop
     vertex  1.038753e+02  8.999968e+01  5.444349e+01
     vertex  1.077424e+02  9.746480e+01  5.447466e+01
     vertex  1.087045e+02  9.745466e+01  5.427228e+01
   endloop
 endfacet
 facet normal -2.043332e-01  1.100218e-01 -9.726989e-01
   outer loop
     vertex  1.038753e+02  8.999968e+01  5.444349e+01
     vertex  1.087045e+02  9.745466e+01  5.427228e+01
     vertex  1.045800e+02  8.906564e+01  5.418982e+01
   endloop
 endfacet
 facet normal -1.964053e-01  1.056818e-01 -9.748109e-01
   outer loop
     vertex  1.032189e+02  9.203415e+01  5.480262e+01
     vertex  1.050604e+02  9.639057e+01  5.490389e+01
     vertex  1.058839e+02  9.692622e+01  5.479604e+01
   endloop
 endfacet
 facet normal -1.963165e-01  1.056448e-01 -9.748328e-01
   outer loop
     vertex  1.032189e+02  9.203415e+01  5.480262e+01
     vertex  1.032226e+02  9.301700e+01  5.490839e+01
     vertex  1.050604e+02  9.639057e+01  5.490389e+01
   endloop
 endfacet
 facet normal -2.006226e-01  1.079661e-01 -9.737011e-01
   outer loop
     vertex  1.034067e+02  9.107748e+01  5.465975e+01
     vertex  1.067862e+02  9.728661e+01  5.465190e+01
     vertex  1.077424e+02  9.746480e+01  5.447466e+01
   endloop
 endfacet
 facet normal -1.982366e-01  1.066666e-01 -9.743328e-01
   outer loop
     vertex  1.034067e+02  9.107748e+01  5.465975e+01
     vertex  1.058839e+02  9.692622e+01  5.479604e+01
     vertex  1.067862e+02  9.728661e+01  5.465190e+01
   endloop
 endfacet
 facet normal -2.007662e-01  1.080647e-01 -9.736606e-01
   outer loop
     vertex  1.034067e+02  9.107748e+01  5.465975e+01
     vertex  1.077424e+02  9.746480e+01  5.447466e+01
     vertex  1.038753e+02  8.999968e+01  5.444349e+01
   endloop
 endfacet
 facet normal -1.981307e-01  1.066223e-01 -9.743592e-01
   outer loop
     vertex  1.034067e+02  9.107748e+01  5.465975e+01
     vertex  1.032189e+02  9.203415e+01  5.480262e+01
     vertex  1.058839e+02  9.692622e+01  5.479604e+01
   endloop
 endfacet
 facet normal  1.345964e-01  2.009625e-01 -9.703081e-01
   outer loop
     vertex  1.768893e+02  1.094711e+02  5.381496e+01
     vertex  1.705583e+02  9.770572e+01  5.050000e+01
     vertex  1.677940e+02  9.955711e+01  5.050000e+01
   endloop
 endfacet
 facet normal  9.356467e-02  2.230421e-01 -9.703081e-01
   outer loop
     vertex  1.681274e+02  1.141860e+02  5.381496e+01
     vertex  1.648643e+02  1.011336e+02  5.050000e+01
     vertex  1.617963e+02  1.024206e+02  5.050000e+01
   endloop
 endfacet
 facet normal  1.167475e-01  2.169585e-01 -9.691744e-01
   outer loop
     vertex  1.681274e+02  1.141860e+02  5.381496e+01
     vertex  1.677940e+02  9.955711e+01  5.050000e+01
     vertex  1.648643e+02  1.011336e+02  5.050000e+01
   endloop
 endfacet
 facet normal  1.167475e-01  2.169585e-01 -9.691744e-01
   outer loop
     vertex  1.681274e+02  1.141860e+02  5.381496e+01
     vertex  1.768893e+02  1.094711e+02  5.381496e+01
     vertex  1.677940e+02  9.955711e+01  5.050000e+01
   endloop
 endfacet
 facet normal  1.130205e-01  2.101812e-01 -9.711077e-01
   outer loop
     vertex  1.685462e+02  1.148372e+02  5.400537e+01
     vertex  1.773137e+02  1.105404e+02  5.409578e+01
     vertex  1.768893e+02  1.094711e+02  5.381496e+01
   endloop
 endfacet
 facet normal  1.134861e-01  2.108976e-01 -9.708981e-01
   outer loop
     vertex  1.685462e+02  1.148372e+02  5.400537e+01
     vertex  1.768893e+02  1.094711e+02  5.381496e+01
     vertex  1.681274e+02  1.141860e+02  5.381496e+01
   endloop
 endfacet
 facet normal  1.106723e-01  2.058053e-01 -9.723147e-01
   outer loop
     vertex  1.690568e+02  1.154115e+02  5.418700e+01
     vertex  1.774814e+02  1.116867e+02  5.435750e+01
     vertex  1.773137e+02  1.105404e+02  5.409578e+01
   endloop
 endfacet
 facet normal  1.118833e-01  2.078474e-01 -9.717415e-01
   outer loop
     vertex  1.690568e+02  1.154115e+02  5.418700e+01
     vertex  1.773137e+02  1.105404e+02  5.409578e+01
     vertex  1.685462e+02  1.148372e+02  5.400537e+01
   endloop
 endfacet
 facet normal  1.049392e-01  1.950506e-01 -9.751631e-01
   outer loop
     vertex  1.733813e+02  1.167264e+02  5.493745e+01
     vertex  1.755337e+02  1.157780e+02  5.497937e+01
     vertex  1.763807e+02  1.149519e+02  5.490528e+01
   endloop
 endfacet
 facet normal  1.047976e-01  1.947256e-01 -9.752433e-01
   outer loop
     vertex  1.733813e+02  1.167264e+02  5.493745e+01
     vertex  1.745156e+02  1.163806e+02  5.499029e+01
     vertex  1.755337e+02  1.157780e+02  5.497937e+01
   endloop
 endfacet
 facet normal  1.086331e-01  2.019943e-01 -9.733433e-01
   outer loop
     vertex  1.699810e+02  1.161137e+02  5.443911e+01
     vertex  1.773784e+02  1.128442e+02  5.458622e+01
     vertex  1.774814e+02  1.116867e+02  5.435750e+01
   endloop
 endfacet
 facet normal  1.100531e-01  2.043880e-01 -9.726838e-01
   outer loop
     vertex  1.699810e+02  1.161137e+02  5.443911e+01
     vertex  1.774814e+02  1.116867e+02  5.435750e+01
     vertex  1.690568e+02  1.154115e+02  5.418700e+01
   endloop
 endfacet
 facet normal  1.057281e-01  1.965453e-01 -9.747777e-01
   outer loop
     vertex  1.722013e+02  1.167940e+02  5.482340e+01
     vertex  1.763807e+02  1.149519e+02  5.490528e+01
     vertex  1.770074e+02  1.139521e+02  5.477167e+01
   endloop
 endfacet
 facet normal  1.054541e-01  1.959167e-01 -9.749339e-01
   outer loop
     vertex  1.722013e+02  1.167940e+02  5.482340e+01
     vertex  1.733813e+02  1.167264e+02  5.493745e+01
     vertex  1.763807e+02  1.149519e+02  5.490528e+01
   endloop
 endfacet
 facet normal  1.069729e-01  1.988854e-01 -9.741670e-01
   outer loop
     vertex  1.710473e+02  1.165841e+02  5.465455e+01
     vertex  1.770074e+02  1.139521e+02  5.477167e+01
     vertex  1.773784e+02  1.128442e+02  5.458622e+01
   endloop
 endfacet
 facet normal  1.081163e-01  2.008114e-01 -9.736456e-01
   outer loop
     vertex  1.710473e+02  1.165841e+02  5.465455e+01
     vertex  1.773784e+02  1.128442e+02  5.458622e+01
     vertex  1.699810e+02  1.161137e+02  5.443911e+01
   endloop
 endfacet
 facet normal  1.065691e-01  1.979606e-01 -9.743996e-01
   outer loop
     vertex  1.710473e+02  1.165841e+02  5.465455e+01
     vertex  1.722013e+02  1.167940e+02  5.482340e+01
     vertex  1.770074e+02  1.139521e+02  5.477167e+01
   endloop
 endfacet
 facet normal  9.160974e-01  4.009557e-01  7.887885e-15
   outer loop
     vertex  1.448549e+02  8.105663e+01  6.325000e+01
     vertex  1.446809e+02  8.145415e+01  3.900000e+01
     vertex  1.446809e+02  8.145415e+01  6.325000e+01
   endloop
 endfacet
 facet normal  9.160974e-01  4.009557e-01  8.357637e-15
   outer loop
     vertex  1.448549e+02  8.105663e+01  6.325000e+01
     vertex  1.448549e+02  8.105663e+01  3.900000e+01
     vertex  1.446809e+02  8.145415e+01  3.900000e+01
   endloop
 endfacet
 facet normal  7.935223e-01  6.085412e-01  1.198507e-14
   outer loop
     vertex  1.448549e+02  8.105663e+01  6.325000e+01
     vertex  1.451190e+02  8.071229e+01  3.900000e+01
     vertex  1.448549e+02  8.105663e+01  3.900000e+01
   endloop
 endfacet
 facet normal  6.248306e-01  7.807604e-01  1.445843e-14
   outer loop
     vertex  1.451190e+02  8.071229e+01  6.325000e+01
     vertex  1.454578e+02  8.044116e+01  3.900000e+01
     vertex  1.451190e+02  8.071229e+01  3.900000e+01
   endloop
 endfacet
 facet normal  7.935223e-01  6.085412e-01  1.162845e-14
   outer loop
     vertex  1.451190e+02  8.071229e+01  6.325000e+01
     vertex  1.451190e+02  8.071229e+01  3.900000e+01
     vertex  1.448549e+02  8.105663e+01  6.325000e+01
   endloop
 endfacet
 facet normal  6.248306e-01  7.807604e-01  1.372611e-14
   outer loop
     vertex  1.454578e+02  8.044116e+01  6.325000e+01
     vertex  1.454578e+02  8.044116e+01  3.900000e+01
     vertex  1.451190e+02  8.071229e+01  6.325000e+01
   endloop
 endfacet
 facet normal  4.198259e-01  9.076046e-01  1.595609e-14
   outer loop
     vertex  1.458516e+02  8.025898e+01  6.325000e+01
     vertex  1.458516e+02  8.025898e+01  3.900000e+01
     vertex  1.454578e+02  8.044116e+01  3.900000e+01
   endloop
 endfacet
 facet normal  1.904225e-01  9.817022e-01  1.725876e-14
   outer loop
     vertex  1.458516e+02  8.025898e+01  6.325000e+01
     vertex  1.462776e+02  8.017635e+01  3.900000e+01
     vertex  1.458516e+02  8.025898e+01  3.900000e+01
   endloop
 endfacet
 facet normal  4.198259e-01  9.076046e-01  1.595513e-14
   outer loop
     vertex  1.458516e+02  8.025898e+01  6.325000e+01
     vertex  1.454578e+02  8.044116e+01  3.900000e+01
     vertex  1.454578e+02  8.044116e+01  6.325000e+01
   endloop
 endfacet
 facet normal  1.904225e-01  9.817022e-01  1.725876e-14
   outer loop
     vertex  1.462776e+02  8.017635e+01  6.325000e+01
     vertex  1.462776e+02  8.017635e+01  3.900000e+01
     vertex  1.458516e+02  8.025898e+01  6.325000e+01
   endloop
 endfacet
 facet normal -5.004751e-02  9.987468e-01  1.749975e-14
   outer loop
     vertex  1.467110e+02  8.019807e+01  6.325000e+01
     vertex  1.467110e+02  8.019807e+01  3.900000e+01
     vertex  1.462776e+02  8.017635e+01  3.900000e+01
   endloop
 endfacet
 facet normal -5.004751e-02  9.987468e-01  1.755833e-14
   outer loop
     vertex  1.467110e+02  8.019807e+01  6.325000e+01
     vertex  1.462776e+02  8.017635e+01  3.900000e+01
     vertex  1.462776e+02  8.017635e+01  6.325000e+01
   endloop
 endfacet
 facet normal -2.876090e-01  9.577479e-01  1.739888e-14
   outer loop
     vertex  1.471266e+02  8.032287e+01  6.325000e+01
     vertex  1.471266e+02  8.032287e+01  3.900000e+01
     vertex  1.467110e+02  8.019807e+01  3.900000e+01
   endloop
 endfacet
 facet normal -2.876090e-01  9.577479e-01  1.650046e-14
   outer loop
     vertex  1.471266e+02  8.032287e+01  6.325000e+01
     vertex  1.467110e+02  8.019807e+01  3.900000e+01
     vertex  1.467110e+02  8.019807e+01  6.325000e+01
   endloop
 endfacet
 facet normal -5.084557e-01  8.610882e-01  1.504699e-14
   outer loop
     vertex  1.475003e+02  8.054351e+01  6.325000e+01
     vertex  1.475003e+02  8.054351e+01  3.900000e+01
     vertex  1.471266e+02  8.032287e+01  3.900000e+01
   endloop
 endfacet
 facet normal -5.084557e-01  8.610882e-01  1.564389e-14
   outer loop
     vertex  1.475003e+02  8.054351e+01  6.325000e+01
     vertex  1.471266e+02  8.032287e+01  3.900000e+01
     vertex  1.471266e+02  8.032287e+01  6.325000e+01
   endloop
 endfacet
 facet normal -6.997528e-01  7.143851e-01  1.215771e-14
   outer loop
     vertex  1.478103e+02  8.084715e+01  6.325000e+01
     vertex  1.478103e+02  8.084715e+01  3.900000e+01
     vertex  1.475003e+02  8.054351e+01  3.900000e+01
   endloop
 endfacet
 facet normal -6.997528e-01  7.143851e-01  1.215824e-14
   outer loop
     vertex  1.478103e+02  8.084715e+01  6.325000e+01
     vertex  1.475003e+02  8.054351e+01  3.900000e+01
     vertex  1.475003e+02  8.054351e+01  6.325000e+01
   endloop
 endfacet
 facet normal -8.503828e-01  5.261646e-01  8.253531e-15
   outer loop
     vertex  1.480386e+02  8.121616e+01  6.325000e+01
     vertex  1.480386e+02  8.121616e+01  3.900000e+01
     vertex  1.478103e+02  8.084715e+01  3.900000e+01
   endloop
 endfacet
 facet normal -8.503828e-01  5.261646e-01  8.561804e-15
   outer loop
     vertex  1.480386e+02  8.121616e+01  6.325000e+01
     vertex  1.478103e+02  8.084715e+01  3.900000e+01
     vertex  1.478103e+02  8.084715e+01  6.325000e+01
   endloop
 endfacet
 facet normal -9.515916e-01  3.073653e-01  4.108203e-15
   outer loop
     vertex  1.481720e+02  8.162909e+01  6.325000e+01
     vertex  1.481720e+02  8.162909e+01  3.900000e+01
     vertex  1.480386e+02  8.121616e+01  3.900000e+01
   endloop
 endfacet
 facet normal -9.974974e-01  7.070302e-02  3.246095e-17
   outer loop
     vertex  1.481720e+02  8.162909e+01  6.325000e+01
     vertex  1.482026e+02  8.206193e+01  3.900000e+01
     vertex  1.481720e+02  8.162909e+01  3.900000e+01
   endloop
 endfacet
 facet normal -9.515916e-01  3.073653e-01  4.288815e-15
   outer loop
     vertex  1.481720e+02  8.162909e+01  6.325000e+01
     vertex  1.480386e+02  8.121616e+01  3.900000e+01
     vertex  1.480386e+02  8.121616e+01  6.325000e+01
   endloop
 endfacet
 facet normal -9.974974e-01  7.070302e-02  1.201557e-15
   outer loop
     vertex  1.482026e+02  8.206193e+01  6.325000e+01
     vertex  1.482026e+02  8.206193e+01  3.900000e+01
     vertex  1.481720e+02  8.162909e+01  6.325000e+01
   endloop
 endfacet
 facet normal -9.854323e-01 -1.700682e-01 -4.244492e-15
   outer loop
     vertex  1.481288e+02  8.248955e+01  6.325000e+01
     vertex  1.481288e+02  8.248955e+01  3.900000e+01
     vertex  1.482026e+02  8.206193e+01  3.900000e+01
   endloop
 endfacet
 facet normal -9.854323e-01 -1.700682e-01 -2.890202e-15
   outer loop
     vertex  1.481288e+02  8.248955e+01  6.325000e+01
     vertex  1.482026e+02  8.206193e+01  3.900000e+01
     vertex  1.482026e+02  8.206193e+01  6.325000e+01
   endloop
 endfacet
 facet normal  6.165558e-01  2.698529e-01  7.396204e-01
   outer loop
     vertex  1.440614e+02  7.982975e+01  6.462500e+01
     vertex  1.420471e+02  8.066323e+01  6.600000e+01
     vertex  1.424869e+02  7.965838e+01  6.600000e+01
   endloop
 endfacet
 facet normal  5.654794e-01  4.336582e-01  7.015509e-01
   outer loop
     vertex  1.440614e+02  7.982975e+01  6.462500e+01
     vertex  1.424869e+02  7.965838e+01  6.600000e+01
     vertex  1.431544e+02  7.878797e+01  6.600000e+01
   endloop
 endfacet
 facet normal  4.410094e-01  5.510656e-01  7.084048e-01
   outer loop
     vertex  1.440614e+02  7.982975e+01  6.462500e+01
     vertex  1.431544e+02  7.878797e+01  6.600000e+01
     vertex  1.440108e+02  7.810261e+01  6.600000e+01
   endloop
 endfacet
 facet normal  6.227536e-01  3.533710e-01  6.980737e-01
   outer loop
     vertex  1.440614e+02  7.982975e+01  6.462500e+01
     vertex  1.446809e+02  8.145415e+01  6.325000e+01
     vertex  1.420471e+02  8.066323e+01  6.600000e+01
   endloop
 endfacet
 facet normal  6.855235e-01  3.000386e-01  6.633509e-01
   outer loop
     vertex  1.440614e+02  7.982975e+01  6.462500e+01
     vertex  1.448549e+02  8.105663e+01  6.325000e+01
     vertex  1.446809e+02  8.145415e+01  6.325000e+01
   endloop
 endfacet
 facet normal  5.608386e-01  4.300993e-01  7.074424e-01
   outer loop
     vertex  1.440614e+02  7.982975e+01  6.462500e+01
     vertex  1.451190e+02  8.071229e+01  6.325000e+01
     vertex  1.448549e+02  8.105663e+01  6.325000e+01
   endloop
 endfacet
 facet normal  4.458749e-01  5.571453e-01  7.005603e-01
   outer loop
     vertex  1.440614e+02  7.982975e+01  6.462500e+01
     vertex  1.454578e+02  8.044116e+01  6.325000e+01
     vertex  1.451190e+02  8.071229e+01  6.325000e+01
   endloop
 endfacet
 facet normal  2.999997e-01  6.485573e-01  6.995525e-01
   outer loop
     vertex  1.452229e+02  7.902507e+01  6.462500e+01
     vertex  1.440108e+02  7.810261e+01  6.600000e+01
     vertex  1.450064e+02  7.764211e+01  6.600000e+01
   endloop
 endfacet
 facet normal  1.334846e-01  6.881648e-01  7.131697e-01
   outer loop
     vertex  1.452229e+02  7.902507e+01  6.462500e+01
     vertex  1.450064e+02  7.764211e+01  6.600000e+01
     vertex  1.460832e+02  7.743324e+01  6.600000e+01
   endloop
 endfacet
 facet normal  2.959060e-01  6.397072e-01  7.093760e-01
   outer loop
     vertex  1.452229e+02  7.902507e+01  6.462500e+01
     vertex  1.458516e+02  8.025898e+01  6.325000e+01
     vertex  1.454578e+02  8.044116e+01  6.325000e+01
   endloop
 endfacet
 facet normal  1.368173e-01  7.053466e-01  6.955338e-01
   outer loop
     vertex  1.452229e+02  7.902507e+01  6.462500e+01
     vertex  1.462776e+02  8.017635e+01  6.325000e+01
     vertex  1.458516e+02  8.025898e+01  6.325000e+01
   endloop
 endfacet
 facet normal  3.920646e-01  5.659239e-01  7.252692e-01
   outer loop
     vertex  1.452229e+02  7.902507e+01  6.462500e+01
     vertex  1.440614e+02  7.982975e+01  6.462500e+01
     vertex  1.440108e+02  7.810261e+01  6.600000e+01
   endloop
 endfacet
 facet normal  4.141373e-01  5.977845e-01  6.863993e-01
   outer loop
     vertex  1.452229e+02  7.902507e+01  6.462500e+01
     vertex  1.454578e+02  8.044116e+01  6.325000e+01
     vertex  1.440614e+02  7.982975e+01  6.462500e+01
   endloop
 endfacet
 facet normal -3.581223e-02  7.146680e-01  6.985464e-01
   outer loop
     vertex  1.466185e+02  7.880404e+01  6.462500e+01
     vertex  1.460832e+02  7.743324e+01  6.600000e+01
     vertex  1.471787e+02  7.748813e+01  6.600000e+01
   endloop
 endfacet
 facet normal -3.522651e-02  7.029793e-01  7.103374e-01
   outer loop
     vertex  1.466185e+02  7.880404e+01  6.462500e+01
     vertex  1.467110e+02  8.019807e+01  6.325000e+01
     vertex  1.462776e+02  8.017635e+01  6.325000e+01
   endloop
 endfacet
 facet normal -2.083445e-01  6.937945e-01  6.893778e-01
   outer loop
     vertex  1.466185e+02  7.880404e+01  6.462500e+01
     vertex  1.471266e+02  8.032287e+01  6.325000e+01
     vertex  1.467110e+02  8.019807e+01  6.325000e+01
   endloop
 endfacet
 facet normal  1.081176e-01  6.826720e-01  7.226822e-01
   outer loop
     vertex  1.466185e+02  7.880404e+01  6.462500e+01
     vertex  1.452229e+02  7.902507e+01  6.462500e+01
     vertex  1.460832e+02  7.743324e+01  6.600000e+01
   endloop
 endfacet
 facet normal  1.135789e-01  7.171556e-01  6.875956e-01
   outer loop
     vertex  1.466185e+02  7.880404e+01  6.462500e+01
     vertex  1.462776e+02  8.017635e+01  6.325000e+01
     vertex  1.452229e+02  7.902507e+01  6.462500e+01
   endloop
 endfacet
 facet normal -1.999661e-01  6.658942e-01  7.187479e-01
   outer loop
     vertex  1.479718e+02  7.921044e+01  6.462500e+01
     vertex  1.471787e+02  7.748813e+01  6.600000e+01
     vertex  1.482292e+02  7.780361e+01  6.600000e+01
   endloop
 endfacet
 facet normal -3.638329e-01  6.161643e-01  6.985464e-01
   outer loop
     vertex  1.479718e+02  7.921044e+01  6.462500e+01
     vertex  1.482292e+02  7.780361e+01  6.600000e+01
     vertex  1.491737e+02  7.836132e+01  6.600000e+01
   endloop
 endfacet
 facet normal -3.578823e-01  6.060867e-01  7.103374e-01
   outer loop
     vertex  1.479718e+02  7.921044e+01  6.462500e+01
     vertex  1.475003e+02  8.054351e+01  6.325000e+01
     vertex  1.471266e+02  8.032287e+01  6.325000e+01
   endloop
 endfacet
 facet normal -2.083445e-01  6.937945e-01  6.893778e-01
   outer loop
     vertex  1.479718e+02  7.921044e+01  6.462500e+01
     vertex  1.471266e+02  8.032287e+01  6.325000e+01
     vertex  1.466185e+02  7.880404e+01  6.462500e+01
   endloop
 endfacet
 facet normal -1.999661e-01  6.658942e-01  7.187479e-01
   outer loop
     vertex  1.479718e+02  7.921044e+01  6.462500e+01
     vertex  1.466185e+02  7.880404e+01  6.462500e+01
     vertex  1.471787e+02  7.748813e+01  6.600000e+01
   endloop
 endfacet
 facet normal -4.905207e-01  5.007778e-01  7.131697e-01
   outer loop
     vertex  1.490148e+02  8.016376e+01  6.462500e+01
     vertex  1.491737e+02  7.836132e+01  6.600000e+01
     vertex  1.499573e+02  7.912887e+01  6.600000e+01
   endloop
 endfacet
 facet normal -6.076676e-01  3.759873e-01  6.995525e-01
   outer loop
     vertex  1.490148e+02  8.016376e+01  6.462500e+01
     vertex  1.499573e+02  7.912887e+01  6.600000e+01
     vertex  1.505345e+02  8.006164e+01  6.600000e+01
   endloop
 endfacet
 facet normal -5.027677e-01  5.132810e-01  6.955338e-01
   outer loop
     vertex  1.490148e+02  8.016376e+01  6.462500e+01
     vertex  1.478103e+02  8.084715e+01  6.325000e+01
     vertex  1.475003e+02  8.054351e+01  6.325000e+01
   endloop
 endfacet
 facet normal -5.993755e-01  3.708567e-01  7.093760e-01
   outer loop
     vertex  1.490148e+02  8.016376e+01  6.462500e+01
     vertex  1.480386e+02  8.121616e+01  6.325000e+01
     vertex  1.478103e+02  8.084715e+01  6.325000e+01
   endloop
 endfacet
 facet normal -4.663243e-01  5.101687e-01  7.226822e-01
   outer loop
     vertex  1.490148e+02  8.016376e+01  6.462500e+01
     vertex  1.479718e+02  7.921044e+01  6.462500e+01
     vertex  1.491737e+02  7.836132e+01  6.600000e+01
   endloop
 endfacet
 facet normal -4.898795e-01  5.359387e-01  6.875956e-01
   outer loop
     vertex  1.490148e+02  8.016376e+01  6.462500e+01
     vertex  1.475003e+02  8.054351e+01  6.325000e+01
     vertex  1.479718e+02  7.921044e+01  6.462500e+01
   endloop
 endfacet
 facet normal -6.716394e-01  2.169404e-01  7.084048e-01
   outer loop
     vertex  1.495408e+02  8.147520e+01  6.462500e+01
     vertex  1.505345e+02  8.006164e+01  6.600000e+01
     vertex  1.508716e+02  8.110543e+01  6.600000e+01
   endloop
 endfacet
 facet normal -7.108360e-01  5.038434e-02  7.015509e-01
   outer loop
     vertex  1.495408e+02  8.147520e+01  6.462500e+01
     vertex  1.508716e+02  8.110543e+01  6.600000e+01
     vertex  1.509492e+02  8.219957e+01  6.600000e+01
   endloop
 endfacet
 facet normal -6.632198e-01 -1.144601e-01  7.396204e-01
   outer loop
     vertex  1.495408e+02  8.147520e+01  6.462500e+01
     vertex  1.509492e+02  8.219957e+01  6.600000e+01
     vertex  1.507626e+02  8.328047e+01  6.600000e+01
   endloop
 endfacet
 facet normal -6.790493e-01  2.193338e-01  7.005603e-01
   outer loop
     vertex  1.495408e+02  8.147520e+01  6.462500e+01
     vertex  1.481720e+02  8.162909e+01  6.325000e+01
     vertex  1.480386e+02  8.121616e+01  6.325000e+01
   endloop
 endfacet
 facet normal -7.050023e-01  4.997085e-02  7.074424e-01
   outer loop
     vertex  1.495408e+02  8.147520e+01  6.462500e+01
     vertex  1.482026e+02  8.206193e+01  6.325000e+01
     vertex  1.481720e+02  8.162909e+01  6.325000e+01
   endloop
 endfacet
 facet normal -7.374073e-01 -1.272635e-01  6.633509e-01
   outer loop
     vertex  1.495408e+02  8.147520e+01  6.462500e+01
     vertex  1.481288e+02  8.248955e+01  6.325000e+01
     vertex  1.482026e+02  8.206193e+01  6.325000e+01
   endloop
 endfacet
 facet normal -7.144036e-01 -4.817356e-02  6.980737e-01
   outer loop
     vertex  1.495408e+02  8.147520e+01  6.462500e+01
     vertex  1.507626e+02  8.328047e+01  6.600000e+01
     vertex  1.481288e+02  8.248955e+01  6.325000e+01
   endloop
 endfacet
 facet normal -6.389776e-01  2.563048e-01  7.252692e-01
   outer loop
     vertex  1.495408e+02  8.147520e+01  6.462500e+01
     vertex  1.490148e+02  8.016376e+01  6.462500e+01
     vertex  1.505345e+02  8.006164e+01  6.600000e+01
   endloop
 endfacet
 facet normal -6.749510e-01  2.707344e-01  6.863993e-01
   outer loop
     vertex  1.495408e+02  8.147520e+01  6.462500e+01
     vertex  1.480386e+02  8.121616e+01  6.325000e+01
     vertex  1.490148e+02  8.016376e+01  6.462500e+01
   endloop
 endfacet
 facet normal  9.160974e-01  4.009557e-01  8.122636e-15
   outer loop
     vertex  1.364782e+02  6.548967e+01  6.325000e+01
     vertex  1.363042e+02  6.588719e+01  3.900000e+01
     vertex  1.363042e+02  6.588719e+01  6.325000e+01
   endloop
 endfacet
 facet normal  9.160974e-01  4.009557e-01  7.887705e-15
   outer loop
     vertex  1.364782e+02  6.548967e+01  6.325000e+01
     vertex  1.364782e+02  6.548967e+01  3.900000e+01
     vertex  1.363042e+02  6.588719e+01  3.900000e+01
   endloop
 endfacet
 facet normal  7.935223e-01  6.085412e-01  1.127184e-14
   outer loop
     vertex  1.364782e+02  6.548967e+01  6.325000e+01
     vertex  1.367423e+02  6.514533e+01  3.900000e+01
     vertex  1.364782e+02  6.548967e+01  3.900000e+01
   endloop
 endfacet
 facet normal  6.248306e-01  7.807604e-01  1.372611e-14
   outer loop
     vertex  1.367423e+02  6.514533e+01  6.325000e+01
     vertex  1.370811e+02  6.487420e+01  3.900000e+01
     vertex  1.367423e+02  6.514533e+01  3.900000e+01
   endloop
 endfacet
 facet normal  7.935223e-01  6.085412e-01  1.069842e-14
   outer loop
     vertex  1.367423e+02  6.514533e+01  6.325000e+01
     vertex  1.367423e+02  6.514533e+01  3.900000e+01
     vertex  1.364782e+02  6.548967e+01  6.325000e+01
   endloop
 endfacet
 facet normal  6.248306e-01  7.807604e-01  1.445843e-14
   outer loop
     vertex  1.370811e+02  6.487420e+01  6.325000e+01
     vertex  1.370811e+02  6.487420e+01  3.900000e+01
     vertex  1.367423e+02  6.514533e+01  6.325000e+01
   endloop
 endfacet
 facet normal  4.198259e-01  9.076046e-01  1.640831e-14
   outer loop
     vertex  1.374749e+02  6.469202e+01  6.325000e+01
     vertex  1.374749e+02  6.469202e+01  3.900000e+01
     vertex  1.370811e+02  6.487420e+01  3.900000e+01
   endloop
 endfacet
 facet normal  1.904225e-01  9.817022e-01  1.712983e-14
   outer loop
     vertex  1.374749e+02  6.469202e+01  6.325000e+01
     vertex  1.379009e+02  6.460939e+01  3.900000e+01
     vertex  1.374749e+02  6.469202e+01  3.900000e+01
   endloop
 endfacet
 facet normal  4.198259e-01  9.076046e-01  1.644837e-14
   outer loop
     vertex  1.374749e+02  6.469202e+01  6.325000e+01
     vertex  1.370811e+02  6.487420e+01  3.900000e+01
     vertex  1.370811e+02  6.487420e+01  6.325000e+01
   endloop
 endfacet
 facet normal  1.904225e-01  9.817022e-01  1.668346e-14
   outer loop
     vertex  1.379009e+02  6.460939e+01  6.325000e+01
     vertex  1.379009e+02  6.460939e+01  3.900000e+01
     vertex  1.374749e+02  6.469202e+01  6.325000e+01
   endloop
 endfacet
 facet normal -5.004751e-02  9.987468e-01  1.749975e-14
   outer loop
     vertex  1.383343e+02  6.463111e+01  6.325000e+01
     vertex  1.383343e+02  6.463111e+01  3.900000e+01
     vertex  1.379009e+02  6.460939e+01  3.900000e+01
   endloop
 endfacet
 facet normal -5.004751e-02  9.987468e-01  1.697310e-14
   outer loop
     vertex  1.383343e+02  6.463111e+01  6.325000e+01
     vertex  1.379009e+02  6.460939e+01  3.900000e+01
     vertex  1.379009e+02  6.460939e+01  6.325000e+01
   endloop
 endfacet
 facet normal -2.876090e-01  9.577479e-01  1.683763e-14
   outer loop
     vertex  1.387499e+02  6.475591e+01  6.325000e+01
     vertex  1.387499e+02  6.475591e+01  3.900000e+01
     vertex  1.383343e+02  6.463111e+01  3.900000e+01
   endloop
 endfacet
 facet normal -2.876090e-01  9.577479e-01  1.650112e-14
   outer loop
     vertex  1.387499e+02  6.475591e+01  6.325000e+01
     vertex  1.383343e+02  6.463111e+01  3.900000e+01
     vertex  1.383343e+02  6.463111e+01  6.325000e+01
   endloop
 endfacet
 facet normal -5.084557e-01  8.610882e-01  1.513831e-14
   outer loop
     vertex  1.391235e+02  6.497655e+01  6.325000e+01
     vertex  1.391235e+02  6.497655e+01  3.900000e+01
     vertex  1.387499e+02  6.475591e+01  3.900000e+01
   endloop
 endfacet
 facet normal -5.084557e-01  8.610882e-01  1.513746e-14
   outer loop
     vertex  1.391235e+02  6.497655e+01  6.325000e+01
     vertex  1.387499e+02  6.475591e+01  3.900000e+01
     vertex  1.387499e+02  6.475591e+01  6.325000e+01
   endloop
 endfacet
 facet normal -6.997528e-01  7.143851e-01  1.255920e-14
   outer loop
     vertex  1.394335e+02  6.528019e+01  6.325000e+01
     vertex  1.394335e+02  6.528019e+01  3.900000e+01
     vertex  1.391235e+02  6.497655e+01  3.900000e+01
   endloop
 endfacet
 facet normal -6.997528e-01  7.143851e-01  1.255916e-14
   outer loop
     vertex  1.394335e+02  6.528019e+01  6.325000e+01
     vertex  1.391235e+02  6.497655e+01  3.900000e+01
     vertex  1.391235e+02  6.497655e+01  6.325000e+01
   endloop
 endfacet
 facet normal -8.503828e-01  5.261646e-01  9.250204e-15
   outer loop
     vertex  1.396618e+02  6.564920e+01  6.325000e+01
     vertex  1.396618e+02  6.564920e+01  3.900000e+01
     vertex  1.394335e+02  6.528019e+01  3.900000e+01
   endloop
 endfacet
 facet normal -8.503828e-01  5.261646e-01  9.250230e-15
   outer loop
     vertex  1.396618e+02  6.564920e+01  6.325000e+01
     vertex  1.394335e+02  6.528019e+01  3.900000e+01
     vertex  1.394335e+02  6.528019e+01  6.325000e+01
   endloop
 endfacet
 facet normal -9.515916e-01  3.073653e-01  4.288323e-15
   outer loop
     vertex  1.397952e+02  6.606213e+01  6.325000e+01
     vertex  1.397952e+02  6.606213e+01  3.900000e+01
     vertex  1.396618e+02  6.564920e+01  3.900000e+01
   endloop
 endfacet
 facet normal -9.974974e-01  7.070302e-02  7.389396e-17
   outer loop
     vertex  1.397952e+02  6.606213e+01  6.325000e+01
     vertex  1.398259e+02  6.649497e+01  3.900000e+01
     vertex  1.397952e+02  6.606213e+01  3.900000e+01
   endloop
 endfacet
 facet normal -9.515916e-01  3.073653e-01  5.403221e-15
   outer loop
     vertex  1.397952e+02  6.606213e+01  6.325000e+01
     vertex  1.396618e+02  6.564920e+01  3.900000e+01
     vertex  1.396618e+02  6.564920e+01  6.325000e+01
   endloop
 endfacet
 facet normal -9.974974e-01  7.070302e-02  7.389396e-17
   outer loop
     vertex  1.398259e+02  6.649497e+01  6.325000e+01
     vertex  1.398259e+02  6.649497e+01  3.900000e+01
     vertex  1.397952e+02  6.606213e+01  6.325000e+01
   endloop
 endfacet
 facet normal -9.854323e-01 -1.700682e-01 -2.890212e-15
   outer loop
     vertex  1.397521e+02  6.692258e+01  6.325000e+01
     vertex  1.397521e+02  6.692258e+01  3.900000e+01
     vertex  1.398259e+02  6.649497e+01  3.900000e+01
   endloop
 endfacet
 facet normal -9.854323e-01 -1.700682e-01 -4.145063e-15
   outer loop
     vertex  1.397521e+02  6.692258e+01  6.325000e+01
     vertex  1.398259e+02  6.649497e+01  3.900000e+01
     vertex  1.398259e+02  6.649497e+01  6.325000e+01
   endloop
 endfacet
 facet normal  6.165558e-01  2.698529e-01  7.396204e-01
   outer loop
     vertex  1.356846e+02  6.426279e+01  6.462500e+01
     vertex  1.336704e+02  6.509627e+01  6.600000e+01
     vertex  1.341102e+02  6.409141e+01  6.600000e+01
   endloop
 endfacet
 facet normal  5.654794e-01  4.336582e-01  7.015509e-01
   outer loop
     vertex  1.356846e+02  6.426279e+01  6.462500e+01
     vertex  1.341102e+02  6.409141e+01  6.600000e+01
     vertex  1.347777e+02  6.322101e+01  6.600000e+01
   endloop
 endfacet
 facet normal  4.410094e-01  5.510656e-01  7.084048e-01
   outer loop
     vertex  1.356846e+02  6.426279e+01  6.462500e+01
     vertex  1.347777e+02  6.322101e+01  6.600000e+01
     vertex  1.356341e+02  6.253565e+01  6.600000e+01
   endloop
 endfacet
 facet normal  6.227536e-01  3.533710e-01  6.980737e-01
   outer loop
     vertex  1.356846e+02  6.426279e+01  6.462500e+01
     vertex  1.363042e+02  6.588719e+01  6.325000e+01
     vertex  1.336704e+02  6.509627e+01  6.600000e+01
   endloop
 endfacet
 facet normal  6.855235e-01  3.000386e-01  6.633509e-01
   outer loop
     vertex  1.356846e+02  6.426279e+01  6.462500e+01
     vertex  1.364782e+02  6.548967e+01  6.325000e+01
     vertex  1.363042e+02  6.588719e+01  6.325000e+01
   endloop
 endfacet
 facet normal  5.608386e-01  4.300993e-01  7.074424e-01
   outer loop
     vertex  1.356846e+02  6.426279e+01  6.462500e+01
     vertex  1.367423e+02  6.514533e+01  6.325000e+01
     vertex  1.364782e+02  6.548967e+01  6.325000e+01
   endloop
 endfacet
 facet normal  4.458749e-01  5.571453e-01  7.005603e-01
   outer loop
     vertex  1.356846e+02  6.426279e+01  6.462500e+01
     vertex  1.370811e+02  6.487420e+01  6.325000e+01
     vertex  1.367423e+02  6.514533e+01  6.325000e+01
   endloop
 endfacet
 facet normal  2.999997e-01  6.485573e-01  6.995525e-01
   outer loop
     vertex  1.368461e+02  6.345811e+01  6.462500e+01
     vertex  1.356341e+02  6.253565e+01  6.600000e+01
     vertex  1.366296e+02  6.207515e+01  6.600000e+01
   endloop
 endfacet
 facet normal  1.334846e-01  6.881648e-01  7.131697e-01
   outer loop
     vertex  1.368461e+02  6.345811e+01  6.462500e+01
     vertex  1.366296e+02  6.207515e+01  6.600000e+01
     vertex  1.377065e+02  6.186627e+01  6.600000e+01
   endloop
 endfacet
 facet normal  2.959060e-01  6.397072e-01  7.093760e-01
   outer loop
     vertex  1.368461e+02  6.345811e+01  6.462500e+01
     vertex  1.374749e+02  6.469202e+01  6.325000e+01
     vertex  1.370811e+02  6.487420e+01  6.325000e+01
   endloop
 endfacet
 facet normal  1.368173e-01  7.053466e-01  6.955338e-01
   outer loop
     vertex  1.368461e+02  6.345811e+01  6.462500e+01
     vertex  1.379009e+02  6.460939e+01  6.325000e+01
     vertex  1.374749e+02  6.469202e+01  6.325000e+01
   endloop
 endfacet
 facet normal  3.920646e-01  5.659239e-01  7.252692e-01
   outer loop
     vertex  1.368461e+02  6.345811e+01  6.462500e+01
     vertex  1.356846e+02  6.426279e+01  6.462500e+01
     vertex  1.356341e+02  6.253565e+01  6.600000e+01
   endloop
 endfacet
 facet normal  4.141373e-01  5.977845e-01  6.863993e-01
   outer loop
     vertex  1.368461e+02  6.345811e+01  6.462500e+01
     vertex  1.370811e+02  6.487420e+01  6.325000e+01
     vertex  1.356846e+02  6.426279e+01  6.462500e+01
   endloop
 endfacet
 facet normal -3.581223e-02  7.146680e-01  6.985464e-01
   outer loop
     vertex  1.382418e+02  6.323708e+01  6.462500e+01
     vertex  1.377065e+02  6.186627e+01  6.600000e+01
     vertex  1.388020e+02  6.192117e+01  6.600000e+01
   endloop
 endfacet
 facet normal -3.522651e-02  7.029793e-01  7.103374e-01
   outer loop
     vertex  1.382418e+02  6.323708e+01  6.462500e+01
     vertex  1.383343e+02  6.463111e+01  6.325000e+01
     vertex  1.379009e+02  6.460939e+01  6.325000e+01
   endloop
 endfacet
 facet normal  1.081176e-01  6.826720e-01  7.226822e-01
   outer loop
     vertex  1.382418e+02  6.323708e+01  6.462500e+01
     vertex  1.368461e+02  6.345811e+01  6.462500e+01
     vertex  1.377065e+02  6.186627e+01  6.600000e+01
   endloop
 endfacet
 facet normal  1.135789e-01  7.171556e-01  6.875956e-01
   outer loop
     vertex  1.382418e+02  6.323708e+01  6.462500e+01
     vertex  1.379009e+02  6.460939e+01  6.325000e+01
     vertex  1.368461e+02  6.345811e+01  6.462500e+01
   endloop
 endfacet
 facet normal -1.999661e-01  6.658942e-01  7.187479e-01
   outer loop
     vertex  1.395951e+02  6.364348e+01  6.462500e+01
     vertex  1.388020e+02  6.192117e+01  6.600000e+01
     vertex  1.398525e+02  6.223664e+01  6.600000e+01
   endloop
 endfacet
 facet normal -3.638329e-01  6.161643e-01  6.985464e-01
   outer loop
     vertex  1.395951e+02  6.364348e+01  6.462500e+01
     vertex  1.398525e+02  6.223664e+01  6.600000e+01
     vertex  1.407970e+02  6.279436e+01  6.600000e+01
   endloop
 endfacet
 facet normal -2.083445e-01  6.937945e-01  6.893778e-01
   outer loop
     vertex  1.395951e+02  6.364348e+01  6.462500e+01
     vertex  1.387499e+02  6.475591e+01  6.325000e+01
     vertex  1.383343e+02  6.463111e+01  6.325000e+01
   endloop
 endfacet
 facet normal -3.578823e-01  6.060867e-01  7.103374e-01
   outer loop
     vertex  1.395951e+02  6.364348e+01  6.462500e+01
     vertex  1.391235e+02  6.497655e+01  6.325000e+01
     vertex  1.387499e+02  6.475591e+01  6.325000e+01
   endloop
 endfacet
 facet normal -1.999661e-01  6.658942e-01  7.187479e-01
   outer loop
     vertex  1.395951e+02  6.364348e+01  6.462500e+01
     vertex  1.382418e+02  6.323708e+01  6.462500e+01
     vertex  1.388020e+02  6.192117e+01  6.600000e+01
   endloop
 endfacet
 facet normal -2.083445e-01  6.937945e-01  6.893778e-01
   outer loop
     vertex  1.395951e+02  6.364348e+01  6.462500e+01
     vertex  1.383343e+02  6.463111e+01  6.325000e+01
     vertex  1.382418e+02  6.323708e+01  6.462500e+01
   endloop
 endfacet
 facet normal -4.905207e-01  5.007778e-01  7.131697e-01
   outer loop
     vertex  1.406380e+02  6.459680e+01  6.462500e+01
     vertex  1.407970e+02  6.279436e+01  6.600000e+01
     vertex  1.415806e+02  6.356191e+01  6.600000e+01
   endloop
 endfacet
 facet normal -6.076676e-01  3.759873e-01  6.995525e-01
   outer loop
     vertex  1.406380e+02  6.459680e+01  6.462500e+01
     vertex  1.415806e+02  6.356191e+01  6.600000e+01
     vertex  1.421578e+02  6.449468e+01  6.600000e+01
   endloop
 endfacet
 facet normal -5.027677e-01  5.132810e-01  6.955338e-01
   outer loop
     vertex  1.406380e+02  6.459680e+01  6.462500e+01
     vertex  1.394335e+02  6.528019e+01  6.325000e+01
     vertex  1.391235e+02  6.497655e+01  6.325000e+01
   endloop
 endfacet
 facet normal -5.993755e-01  3.708567e-01  7.093760e-01
   outer loop
     vertex  1.406380e+02  6.459680e+01  6.462500e+01
     vertex  1.396618e+02  6.564920e+01  6.325000e+01
     vertex  1.394335e+02  6.528019e+01  6.325000e+01
   endloop
 endfacet
 facet normal -4.663243e-01  5.101687e-01  7.226822e-01
   outer loop
     vertex  1.406380e+02  6.459680e+01  6.462500e+01
     vertex  1.395951e+02  6.364348e+01  6.462500e+01
     vertex  1.407970e+02  6.279436e+01  6.600000e+01
   endloop
 endfacet
 facet normal -4.898795e-01  5.359387e-01  6.875956e-01
   outer loop
     vertex  1.406380e+02  6.459680e+01  6.462500e+01
     vertex  1.391235e+02  6.497655e+01  6.325000e+01
     vertex  1.395951e+02  6.364348e+01  6.462500e+01
   endloop
 endfacet
 facet normal -6.716394e-01  2.169404e-01  7.084048e-01
   outer loop
     vertex  1.411641e+02  6.590824e+01  6.462500e+01
     vertex  1.421578e+02  6.449468e+01  6.600000e+01
     vertex  1.424949e+02  6.553847e+01  6.600000e+01
   endloop
 endfacet
 facet normal -7.108360e-01  5.038434e-02  7.015509e-01
   outer loop
     vertex  1.411641e+02  6.590824e+01  6.462500e+01
     vertex  1.424949e+02  6.553847e+01  6.600000e+01
     vertex  1.425724e+02  6.663260e+01  6.600000e+01
   endloop
 endfacet
 facet normal -6.632198e-01 -1.144601e-01  7.396204e-01
   outer loop
     vertex  1.411641e+02  6.590824e+01  6.462500e+01
     vertex  1.425724e+02  6.663260e+01  6.600000e+01
     vertex  1.423859e+02  6.771351e+01  6.600000e+01
   endloop
 endfacet
 facet normal -6.790493e-01  2.193338e-01  7.005603e-01
   outer loop
     vertex  1.411641e+02  6.590824e+01  6.462500e+01
     vertex  1.397952e+02  6.606213e+01  6.325000e+01
     vertex  1.396618e+02  6.564920e+01  6.325000e+01
   endloop
 endfacet
 facet normal -7.050023e-01  4.997085e-02  7.074424e-01
   outer loop
     vertex  1.411641e+02  6.590824e+01  6.462500e+01
     vertex  1.398259e+02  6.649497e+01  6.325000e+01
     vertex  1.397952e+02  6.606213e+01  6.325000e+01
   endloop
 endfacet
 facet normal -7.374073e-01 -1.272635e-01  6.633509e-01
   outer loop
     vertex  1.411641e+02  6.590824e+01  6.462500e+01
     vertex  1.397521e+02  6.692258e+01  6.325000e+01
     vertex  1.398259e+02  6.649497e+01  6.325000e+01
   endloop
 endfacet
 facet normal -7.144036e-01 -4.817356e-02  6.980737e-01
   outer loop
     vertex  1.411641e+02  6.590824e+01  6.462500e+01
     vertex  1.423859e+02  6.771351e+01  6.600000e+01
     vertex  1.397521e+02  6.692258e+01  6.325000e+01
   endloop
 endfacet
 facet normal -6.749510e-01  2.707344e-01  6.863993e-01
   outer loop
     vertex  1.411641e+02  6.590824e+01  6.462500e+01
     vertex  1.396618e+02  6.564920e+01  6.325000e+01
     vertex  1.406380e+02  6.459680e+01  6.462500e+01
   endloop
 endfacet
 facet normal -6.389776e-01  2.563048e-01  7.252692e-01
   outer loop
     vertex  1.411641e+02  6.590824e+01  6.462500e+01
     vertex  1.406380e+02  6.459680e+01  6.462500e+01
     vertex  1.421578e+02  6.449468e+01  6.600000e+01
   endloop
 endfacet
 facet normal  9.160974e-01  4.009557e-01  6.814363e-15
   outer loop
     vertex  1.520452e+02  5.711293e+01  6.325000e+01
     vertex  1.518712e+02  5.751045e+01  3.900000e+01
     vertex  1.518712e+02  5.751045e+01  6.325000e+01
   endloop
 endfacet
 facet normal  9.160974e-01  4.009557e-01  6.931495e-15
   outer loop
     vertex  1.520452e+02  5.711293e+01  6.325000e+01
     vertex  1.520452e+02  5.711293e+01  3.900000e+01
     vertex  1.518712e+02  5.751045e+01  3.900000e+01
   endloop
 endfacet
 facet normal  7.935223e-01  6.085412e-01  1.052011e-14
   outer loop
     vertex  1.520452e+02  5.711293e+01  6.325000e+01
     vertex  1.523092e+02  5.676860e+01  3.900000e+01
     vertex  1.520452e+02  5.711293e+01  3.900000e+01
   endloop
 endfacet
 facet normal  6.248306e-01  7.807604e-01  1.491597e-14
   outer loop
     vertex  1.523092e+02  5.676860e+01  6.325000e+01
     vertex  1.526480e+02  5.649746e+01  3.900000e+01
     vertex  1.523092e+02  5.676860e+01  3.900000e+01
   endloop
 endfacet
 facet normal  7.935223e-01  6.085412e-01  1.198507e-14
   outer loop
     vertex  1.523092e+02  5.676860e+01  6.325000e+01
     vertex  1.523092e+02  5.676860e+01  3.900000e+01
     vertex  1.520452e+02  5.711293e+01  6.325000e+01
   endloop
 endfacet
 facet normal  6.248306e-01  7.807604e-01  1.395488e-14
   outer loop
     vertex  1.526480e+02  5.649746e+01  6.325000e+01
     vertex  1.526480e+02  5.649746e+01  3.900000e+01
     vertex  1.523092e+02  5.676860e+01  6.325000e+01
   endloop
 endfacet
 facet normal  4.198259e-01  9.076046e-01  1.644814e-14
   outer loop
     vertex  1.530419e+02  5.631529e+01  6.325000e+01
     vertex  1.530419e+02  5.631529e+01  3.900000e+01
     vertex  1.526480e+02  5.649746e+01  3.900000e+01
   endloop
 endfacet
 facet normal  1.904225e-01  9.817022e-01  1.748194e-14
   outer loop
     vertex  1.530419e+02  5.631529e+01  6.325000e+01
     vertex  1.534678e+02  5.623266e+01  3.900000e+01
     vertex  1.530419e+02  5.631529e+01  3.900000e+01
   endloop
 endfacet
 facet normal  4.198259e-01  9.076046e-01  1.622285e-14
   outer loop
     vertex  1.530419e+02  5.631529e+01  6.325000e+01
     vertex  1.526480e+02  5.649746e+01  3.900000e+01
     vertex  1.526480e+02  5.649746e+01  6.325000e+01
   endloop
 endfacet
 facet normal  1.904225e-01  9.817022e-01  1.719429e-14
   outer loop
     vertex  1.534678e+02  5.623266e+01  6.325000e+01
     vertex  1.534678e+02  5.623266e+01  3.900000e+01
     vertex  1.530419e+02  5.631529e+01  6.325000e+01
   endloop
 endfacet
 facet normal -5.004751e-02  9.987468e-01  1.779239e-14
   outer loop
     vertex  1.539012e+02  5.625437e+01  6.325000e+01
     vertex  1.539012e+02  5.625437e+01  3.900000e+01
     vertex  1.534678e+02  5.623266e+01  3.900000e+01
   endloop
 endfacet
 facet normal -5.004751e-02  9.987468e-01  1.720702e-14
   outer loop
     vertex  1.539012e+02  5.625437e+01  6.325000e+01
     vertex  1.534678e+02  5.623266e+01  3.900000e+01
     vertex  1.534678e+02  5.623266e+01  6.325000e+01
   endloop
 endfacet
 facet normal -2.876090e-01  9.577479e-01  1.678117e-14
   outer loop
     vertex  1.543168e+02  5.637918e+01  6.325000e+01
     vertex  1.543168e+02  5.637918e+01  3.900000e+01
     vertex  1.539012e+02  5.625437e+01  3.900000e+01
   endloop
 endfacet
 facet normal -2.876090e-01  9.577479e-01  1.678137e-14
   outer loop
     vertex  1.543168e+02  5.637918e+01  6.325000e+01
     vertex  1.539012e+02  5.625437e+01  3.900000e+01
     vertex  1.539012e+02  5.625437e+01  6.325000e+01
   endloop
 endfacet
 facet normal -5.084557e-01  8.610882e-01  1.488600e-14
   outer loop
     vertex  1.546905e+02  5.659981e+01  6.325000e+01
     vertex  1.546905e+02  5.659981e+01  3.900000e+01
     vertex  1.543168e+02  5.637918e+01  3.900000e+01
   endloop
 endfacet
 facet normal -5.084557e-01  8.610882e-01  1.479457e-14
   outer loop
     vertex  1.546905e+02  5.659981e+01  6.325000e+01
     vertex  1.543168e+02  5.637918e+01  3.900000e+01
     vertex  1.543168e+02  5.637918e+01  6.325000e+01
   endloop
 endfacet
 facet normal -6.997528e-01  7.143851e-01  1.234988e-14
   outer loop
     vertex  1.550005e+02  5.690346e+01  6.325000e+01
     vertex  1.550005e+02  5.690346e+01  3.900000e+01
     vertex  1.546905e+02  5.659981e+01  3.900000e+01
   endloop
 endfacet
 facet normal -6.997528e-01  7.143851e-01  1.234947e-14
   outer loop
     vertex  1.550005e+02  5.690346e+01  6.325000e+01
     vertex  1.546905e+02  5.659981e+01  3.900000e+01
     vertex  1.546905e+02  5.659981e+01  6.325000e+01
   endloop
 endfacet
 facet normal -8.503828e-01  5.261646e-01  8.099361e-15
   outer loop
     vertex  1.552288e+02  5.727246e+01  6.325000e+01
     vertex  1.552288e+02  5.727246e+01  3.900000e+01
     vertex  1.550005e+02  5.690346e+01  3.900000e+01
   endloop
 endfacet
 facet normal -8.503828e-01  5.261646e-01  9.095928e-15
   outer loop
     vertex  1.552288e+02  5.727246e+01  6.325000e+01
     vertex  1.550005e+02  5.690346e+01  3.900000e+01
     vertex  1.550005e+02  5.690346e+01  6.325000e+01
   endloop
 endfacet
 facet normal -9.515916e-01  3.073653e-01  5.313556e-15
   outer loop
     vertex  1.553622e+02  5.768539e+01  6.325000e+01
     vertex  1.553622e+02  5.768539e+01  3.900000e+01
     vertex  1.552288e+02  5.727246e+01  3.900000e+01
   endloop
 endfacet
 facet normal -9.974974e-01  7.070302e-02  1.222274e-15
   outer loop
     vertex  1.553622e+02  5.768539e+01  6.325000e+01
     vertex  1.553929e+02  5.811824e+01  3.900000e+01
     vertex  1.553622e+02  5.768539e+01  3.900000e+01
   endloop
 endfacet
 facet normal -9.515916e-01  3.073653e-01  4.198476e-15
   outer loop
     vertex  1.553622e+02  5.768539e+01  6.325000e+01
     vertex  1.552288e+02  5.727246e+01  3.900000e+01
     vertex  1.552288e+02  5.727246e+01  6.325000e+01
   endloop
 endfacet
 facet normal -9.974974e-01  7.070302e-02  1.242990e-15
   outer loop
     vertex  1.553929e+02  5.811824e+01  6.325000e+01
     vertex  1.553929e+02  5.811824e+01  3.900000e+01
     vertex  1.553622e+02  5.768539e+01  6.325000e+01
   endloop
 endfacet
 facet normal -9.854323e-01 -1.700682e-01 -2.989874e-15
   outer loop
     vertex  1.553191e+02  5.854585e+01  6.325000e+01
     vertex  1.553191e+02  5.854585e+01  3.900000e+01
     vertex  1.553929e+02  5.811824e+01  3.900000e+01
   endloop
 endfacet
 facet normal -9.854323e-01 -1.700682e-01 -2.990433e-15
   outer loop
     vertex  1.553191e+02  5.854585e+01  6.325000e+01
     vertex  1.553929e+02  5.811824e+01  3.900000e+01
     vertex  1.553929e+02  5.811824e+01  6.325000e+01
   endloop
 endfacet
 facet normal  6.165558e-01  2.698529e-01  7.396204e-01
   outer loop
     vertex  1.512516e+02  5.588605e+01  6.462500e+01
     vertex  1.492374e+02  5.671953e+01  6.600000e+01
     vertex  1.496772e+02  5.571468e+01  6.600000e+01
   endloop
 endfacet
 facet normal  5.654794e-01  4.336582e-01  7.015509e-01
   outer loop
     vertex  1.512516e+02  5.588605e+01  6.462500e+01
     vertex  1.496772e+02  5.571468e+01  6.600000e+01
     vertex  1.503447e+02  5.484428e+01  6.600000e+01
   endloop
 endfacet
 facet normal  4.410094e-01  5.510656e-01  7.084048e-01
   outer loop
     vertex  1.512516e+02  5.588605e+01  6.462500e+01
     vertex  1.503447e+02  5.484428e+01  6.600000e+01
     vertex  1.512011e+02  5.415891e+01  6.600000e+01
   endloop
 endfacet
 facet normal  6.227536e-01  3.533710e-01  6.980737e-01
   outer loop
     vertex  1.512516e+02  5.588605e+01  6.462500e+01
     vertex  1.518712e+02  5.751045e+01  6.325000e+01
     vertex  1.492374e+02  5.671953e+01  6.600000e+01
   endloop
 endfacet
 facet normal  6.855235e-01  3.000386e-01  6.633509e-01
   outer loop
     vertex  1.512516e+02  5.588605e+01  6.462500e+01
     vertex  1.520452e+02  5.711293e+01  6.325000e+01
     vertex  1.518712e+02  5.751045e+01  6.325000e+01
   endloop
 endfacet
 facet normal  5.608386e-01  4.300993e-01  7.074424e-01
   outer loop
     vertex  1.512516e+02  5.588605e+01  6.462500e+01
     vertex  1.523092e+02  5.676860e+01  6.325000e+01
     vertex  1.520452e+02  5.711293e+01  6.325000e+01
   endloop
 endfacet
 facet normal  4.458749e-01  5.571453e-01  7.005603e-01
   outer loop
     vertex  1.512516e+02  5.588605e+01  6.462500e+01
     vertex  1.526480e+02  5.649746e+01  6.325000e+01
     vertex  1.523092e+02  5.676860e+01  6.325000e+01
   endloop
 endfacet
 facet normal  2.999997e-01  6.485573e-01  6.995525e-01
   outer loop
     vertex  1.524131e+02  5.508137e+01  6.462500e+01
     vertex  1.512011e+02  5.415891e+01  6.600000e+01
     vertex  1.521966e+02  5.369841e+01  6.600000e+01
   endloop
 endfacet
 facet normal  1.334846e-01  6.881648e-01  7.131697e-01
   outer loop
     vertex  1.524131e+02  5.508137e+01  6.462500e+01
     vertex  1.521966e+02  5.369841e+01  6.600000e+01
     vertex  1.532734e+02  5.348954e+01  6.600000e+01
   endloop
 endfacet
 facet normal  2.959060e-01  6.397072e-01  7.093760e-01
   outer loop
     vertex  1.524131e+02  5.508137e+01  6.462500e+01
     vertex  1.530419e+02  5.631529e+01  6.325000e+01
     vertex  1.526480e+02  5.649746e+01  6.325000e+01
   endloop
 endfacet
 facet normal  1.368173e-01  7.053466e-01  6.955338e-01
   outer loop
     vertex  1.524131e+02  5.508137e+01  6.462500e+01
     vertex  1.534678e+02  5.623266e+01  6.325000e+01
     vertex  1.530419e+02  5.631529e+01  6.325000e+01
   endloop
 endfacet
 facet normal  3.920646e-01  5.659239e-01  7.252692e-01
   outer loop
     vertex  1.524131e+02  5.508137e+01  6.462500e+01
     vertex  1.512516e+02  5.588605e+01  6.462500e+01
     vertex  1.512011e+02  5.415891e+01  6.600000e+01
   endloop
 endfacet
 facet normal  4.141373e-01  5.977845e-01  6.863993e-01
   outer loop
     vertex  1.524131e+02  5.508137e+01  6.462500e+01
     vertex  1.526480e+02  5.649746e+01  6.325000e+01
     vertex  1.512516e+02  5.588605e+01  6.462500e+01
   endloop
 endfacet
 facet normal -3.581223e-02  7.146680e-01  6.985464e-01
   outer loop
     vertex  1.538087e+02  5.486034e+01  6.462500e+01
     vertex  1.532734e+02  5.348954e+01  6.600000e+01
     vertex  1.543689e+02  5.354443e+01  6.600000e+01
   endloop
 endfacet
 facet normal -3.522651e-02  7.029793e-01  7.103374e-01
   outer loop
     vertex  1.538087e+02  5.486034e+01  6.462500e+01
     vertex  1.539012e+02  5.625437e+01  6.325000e+01
     vertex  1.534678e+02  5.623266e+01  6.325000e+01
   endloop
 endfacet
 facet normal  1.081176e-01  6.826720e-01  7.226822e-01
   outer loop
     vertex  1.538087e+02  5.486034e+01  6.462500e+01
     vertex  1.524131e+02  5.508137e+01  6.462500e+01
     vertex  1.532734e+02  5.348954e+01  6.600000e+01
   endloop
 endfacet
 facet normal  1.135789e-01  7.171556e-01  6.875956e-01
   outer loop
     vertex  1.538087e+02  5.486034e+01  6.462500e+01
     vertex  1.534678e+02  5.623266e+01  6.325000e+01
     vertex  1.524131e+02  5.508137e+01  6.462500e+01
   endloop
 endfacet
 facet normal -1.999661e-01  6.658942e-01  7.187479e-01
   outer loop
     vertex  1.551620e+02  5.526674e+01  6.462500e+01
     vertex  1.543689e+02  5.354443e+01  6.600000e+01
     vertex  1.554195e+02  5.385991e+01  6.600000e+01
   endloop
 endfacet
 facet normal -3.638329e-01  6.161643e-01  6.985464e-01
   outer loop
     vertex  1.551620e+02  5.526674e+01  6.462500e+01
     vertex  1.554195e+02  5.385991e+01  6.600000e+01
     vertex  1.563640e+02  5.441762e+01  6.600000e+01
   endloop
 endfacet
 facet normal -2.083445e-01  6.937945e-01  6.893778e-01
   outer loop
     vertex  1.551620e+02  5.526674e+01  6.462500e+01
     vertex  1.543168e+02  5.637918e+01  6.325000e+01
     vertex  1.539012e+02  5.625437e+01  6.325000e+01
   endloop
 endfacet
 facet normal -3.578823e-01  6.060867e-01  7.103374e-01
   outer loop
     vertex  1.551620e+02  5.526674e+01  6.462500e+01
     vertex  1.546905e+02  5.659981e+01  6.325000e+01
     vertex  1.543168e+02  5.637918e+01  6.325000e+01
   endloop
 endfacet
 facet normal -1.999661e-01  6.658942e-01  7.187479e-01
   outer loop
     vertex  1.551620e+02  5.526674e+01  6.462500e+01
     vertex  1.538087e+02  5.486034e+01  6.462500e+01
     vertex  1.543689e+02  5.354443e+01  6.600000e+01
   endloop
 endfacet
 facet normal -2.083445e-01  6.937945e-01  6.893778e-01
   outer loop
     vertex  1.551620e+02  5.526674e+01  6.462500e+01
     vertex  1.539012e+02  5.625437e+01  6.325000e+01
     vertex  1.538087e+02  5.486034e+01  6.462500e+01
   endloop
 endfacet
 facet normal -4.905207e-01  5.007778e-01  7.131697e-01
   outer loop
     vertex  1.562050e+02  5.622006e+01  6.462500e+01
     vertex  1.563640e+02  5.441762e+01  6.600000e+01
     vertex  1.571476e+02  5.518517e+01  6.600000e+01
   endloop
 endfacet
 facet normal -6.076676e-01  3.759873e-01  6.995525e-01
   outer loop
     vertex  1.562050e+02  5.622006e+01  6.462500e+01
     vertex  1.571476e+02  5.518517e+01  6.600000e+01
     vertex  1.577247e+02  5.611794e+01  6.600000e+01
   endloop
 endfacet
 facet normal -5.027677e-01  5.132810e-01  6.955338e-01
   outer loop
     vertex  1.562050e+02  5.622006e+01  6.462500e+01
     vertex  1.550005e+02  5.690346e+01  6.325000e+01
     vertex  1.546905e+02  5.659981e+01  6.325000e+01
   endloop
 endfacet
 facet normal -5.993755e-01  3.708567e-01  7.093760e-01
   outer loop
     vertex  1.562050e+02  5.622006e+01  6.462500e+01
     vertex  1.552288e+02  5.727246e+01  6.325000e+01
     vertex  1.550005e+02  5.690346e+01  6.325000e+01
   endloop
 endfacet
 facet normal -4.663243e-01  5.101687e-01  7.226822e-01
   outer loop
     vertex  1.562050e+02  5.622006e+01  6.462500e+01
     vertex  1.551620e+02  5.526674e+01  6.462500e+01
     vertex  1.563640e+02  5.441762e+01  6.600000e+01
   endloop
 endfacet
 facet normal -4.898795e-01  5.359387e-01  6.875956e-01
   outer loop
     vertex  1.562050e+02  5.622006e+01  6.462500e+01
     vertex  1.546905e+02  5.659981e+01  6.325000e+01
     vertex  1.551620e+02  5.526674e+01  6.462500e+01
   endloop
 endfacet
 facet normal -6.716394e-01  2.169404e-01  7.084048e-01
   outer loop
     vertex  1.567310e+02  5.753150e+01  6.462500e+01
     vertex  1.577247e+02  5.611794e+01  6.600000e+01
     vertex  1.580619e+02  5.716173e+01  6.600000e+01
   endloop
 endfacet
 facet normal -7.108360e-01  5.038434e-02  7.015509e-01
   outer loop
     vertex  1.567310e+02  5.753150e+01  6.462500e+01
     vertex  1.580619e+02  5.716173e+01  6.600000e+01
     vertex  1.581394e+02  5.825587e+01  6.600000e+01
   endloop
 endfacet
 facet normal -6.632198e-01 -1.144601e-01  7.396204e-01
   outer loop
     vertex  1.567310e+02  5.753150e+01  6.462500e+01
     vertex  1.581394e+02  5.825587e+01  6.600000e+01
     vertex  1.579529e+02  5.933677e+01  6.600000e+01
   endloop
 endfacet
 facet normal -6.790493e-01  2.193338e-01  7.005603e-01
   outer loop
     vertex  1.567310e+02  5.753150e+01  6.462500e+01
     vertex  1.553622e+02  5.768539e+01  6.325000e+01
     vertex  1.552288e+02  5.727246e+01  6.325000e+01
   endloop
 endfacet
 facet normal -7.050023e-01  4.997085e-02  7.074424e-01
   outer loop
     vertex  1.567310e+02  5.753150e+01  6.462500e+01
     vertex  1.553929e+02  5.811824e+01  6.325000e+01
     vertex  1.553622e+02  5.768539e+01  6.325000e+01
   endloop
 endfacet
 facet normal -7.374073e-01 -1.272635e-01  6.633509e-01
   outer loop
     vertex  1.567310e+02  5.753150e+01  6.462500e+01
     vertex  1.553191e+02  5.854585e+01  6.325000e+01
     vertex  1.553929e+02  5.811824e+01  6.325000e+01
   endloop
 endfacet
 facet normal -7.144036e-01 -4.817356e-02  6.980737e-01
   outer loop
     vertex  1.567310e+02  5.753150e+01  6.462500e+01
     vertex  1.579529e+02  5.933677e+01  6.600000e+01
     vertex  1.553191e+02  5.854585e+01  6.325000e+01
   endloop
 endfacet
 facet normal -6.749510e-01  2.707344e-01  6.863993e-01
   outer loop
     vertex  1.567310e+02  5.753150e+01  6.462500e+01
     vertex  1.552288e+02  5.727246e+01  6.325000e+01
     vertex  1.562050e+02  5.622006e+01  6.462500e+01
   endloop
 endfacet
 facet normal -6.389776e-01  2.563048e-01  7.252692e-01
   outer loop
     vertex  1.567310e+02  5.753150e+01  6.462500e+01
     vertex  1.562050e+02  5.622006e+01  6.462500e+01
     vertex  1.577247e+02  5.611794e+01  6.600000e+01
   endloop
 endfacet
 facet normal  9.160974e-01  4.009557e-01  8.122636e-15
   outer loop
     vertex  1.604219e+02  7.267989e+01  6.325000e+01
     vertex  1.602479e+02  7.307742e+01  3.900000e+01
     vertex  1.602479e+02  7.307742e+01  6.325000e+01
   endloop
 endfacet
 facet normal  9.160974e-01  4.009557e-01  7.887705e-15
   outer loop
     vertex  1.604219e+02  7.267989e+01  6.325000e+01
     vertex  1.604219e+02  7.267989e+01  3.900000e+01
     vertex  1.602479e+02  7.307742e+01  3.900000e+01
   endloop
 endfacet
 facet normal  7.935223e-01  6.085412e-01  1.127184e-14
   outer loop
     vertex  1.604219e+02  7.267989e+01  6.325000e+01
     vertex  1.606860e+02  7.233556e+01  3.900000e+01
     vertex  1.604219e+02  7.267989e+01  3.900000e+01
   endloop
 endfacet
 facet normal  6.248306e-01  7.807604e-01  1.326857e-14
   outer loop
     vertex  1.606860e+02  7.233556e+01  6.325000e+01
     vertex  1.610248e+02  7.206442e+01  3.900000e+01
     vertex  1.606860e+02  7.233556e+01  3.900000e+01
   endloop
 endfacet
 facet normal  7.935223e-01  6.085412e-01  1.034181e-14
   outer loop
     vertex  1.606860e+02  7.233556e+01  6.325000e+01
     vertex  1.606860e+02  7.233556e+01  3.900000e+01
     vertex  1.604219e+02  7.267989e+01  6.325000e+01
   endloop
 endfacet
 facet normal  6.248306e-01  7.807604e-01  1.372611e-14
   outer loop
     vertex  1.610248e+02  7.206442e+01  6.325000e+01
     vertex  1.610248e+02  7.206442e+01  3.900000e+01
     vertex  1.606860e+02  7.233556e+01  6.325000e+01
   endloop
 endfacet
 facet normal  4.198259e-01  9.076046e-01  1.640831e-14
   outer loop
     vertex  1.614186e+02  7.188225e+01  6.325000e+01
     vertex  1.614186e+02  7.188225e+01  3.900000e+01
     vertex  1.610248e+02  7.206442e+01  3.900000e+01
   endloop
 endfacet
 facet normal  1.904225e-01  9.817022e-01  1.712983e-14
   outer loop
     vertex  1.614186e+02  7.188225e+01  6.325000e+01
     vertex  1.618446e+02  7.179962e+01  3.900000e+01
     vertex  1.614186e+02  7.188225e+01  3.900000e+01
   endloop
 endfacet
 facet normal  4.198259e-01  9.076046e-01  1.595645e-14
   outer loop
     vertex  1.614186e+02  7.188225e+01  6.325000e+01
     vertex  1.610248e+02  7.206442e+01  3.900000e+01
     vertex  1.610248e+02  7.206442e+01  6.325000e+01
   endloop
 endfacet
 facet normal  1.904225e-01  9.817022e-01  1.725876e-14
   outer loop
     vertex  1.618446e+02  7.179962e+01  6.325000e+01
     vertex  1.618446e+02  7.179962e+01  3.900000e+01
     vertex  1.614186e+02  7.188225e+01  6.325000e+01
   endloop
 endfacet
 facet normal -5.004751e-02  9.987468e-01  1.749975e-14
   outer loop
     vertex  1.622780e+02  7.182133e+01  6.325000e+01
     vertex  1.622780e+02  7.182133e+01  3.900000e+01
     vertex  1.618446e+02  7.179962e+01  3.900000e+01
   endloop
 endfacet
 facet normal -5.004751e-02  9.987468e-01  1.755849e-14
   outer loop
     vertex  1.622780e+02  7.182133e+01  6.325000e+01
     vertex  1.618446e+02  7.179962e+01  3.900000e+01
     vertex  1.618446e+02  7.179962e+01  6.325000e+01
   endloop
 endfacet
 facet normal -2.876090e-01  9.577479e-01  1.683763e-14
   outer loop
     vertex  1.626936e+02  7.194614e+01  6.325000e+01
     vertex  1.626936e+02  7.194614e+01  3.900000e+01
     vertex  1.622780e+02  7.182133e+01  3.900000e+01
   endloop
 endfacet
 facet normal -2.876090e-01  9.577479e-01  1.650112e-14
   outer loop
     vertex  1.626936e+02  7.194614e+01  6.325000e+01
     vertex  1.622780e+02  7.182133e+01  3.900000e+01
     vertex  1.622780e+02  7.182133e+01  6.325000e+01
   endloop
 endfacet
 facet normal -5.084557e-01  8.610882e-01  1.463370e-14
   outer loop
     vertex  1.630672e+02  7.216677e+01  6.325000e+01
     vertex  1.630672e+02  7.216677e+01  3.900000e+01
     vertex  1.626936e+02  7.194614e+01  3.900000e+01
   endloop
 endfacet
 facet normal -5.084557e-01  8.610882e-01  1.513746e-14
   outer loop
     vertex  1.630672e+02  7.216677e+01  6.325000e+01
     vertex  1.626936e+02  7.194614e+01  3.900000e+01
     vertex  1.626936e+02  7.194614e+01  6.325000e+01
   endloop
 endfacet
 facet normal -6.997528e-01  7.143851e-01  1.173907e-14
   outer loop
     vertex  1.633772e+02  7.247042e+01  6.325000e+01
     vertex  1.633772e+02  7.247042e+01  3.900000e+01
     vertex  1.630672e+02  7.216677e+01  3.900000e+01
   endloop
 endfacet
 facet normal -6.997528e-01  7.143851e-01  1.214109e-14
   outer loop
     vertex  1.633772e+02  7.247042e+01  6.325000e+01
     vertex  1.630672e+02  7.216677e+01  3.900000e+01
     vertex  1.630672e+02  7.216677e+01  6.325000e+01
   endloop
 endfacet
 facet normal -8.503828e-01  5.261646e-01  9.250204e-15
   outer loop
     vertex  1.636055e+02  7.283943e+01  6.325000e+01
     vertex  1.636055e+02  7.283943e+01  3.900000e+01
     vertex  1.633772e+02  7.247042e+01  3.900000e+01
   endloop
 endfacet
 facet normal -8.503828e-01  5.261646e-01  8.254518e-15
   outer loop
     vertex  1.636055e+02  7.283943e+01  6.325000e+01
     vertex  1.633772e+02  7.247042e+01  3.900000e+01
     vertex  1.633772e+02  7.247042e+01  6.325000e+01
   endloop
 endfacet
 facet normal -9.515916e-01  3.073653e-01  4.468444e-15
   outer loop
     vertex  1.637389e+02  7.325235e+01  6.325000e+01
     vertex  1.637389e+02  7.325235e+01  3.900000e+01
     vertex  1.636055e+02  7.283943e+01  3.900000e+01
   endloop
 endfacet
 facet normal -9.974974e-01  7.070302e-02  1.153270e-16
   outer loop
     vertex  1.637389e+02  7.325235e+01  6.325000e+01
     vertex  1.637696e+02  7.368520e+01  3.900000e+01
     vertex  1.637389e+02  7.325235e+01  3.900000e+01
   endloop
 endfacet
 facet normal -9.515916e-01  3.073653e-01  5.403221e-15
   outer loop
     vertex  1.637389e+02  7.325235e+01  6.325000e+01
     vertex  1.636055e+02  7.283943e+01  3.900000e+01
     vertex  1.636055e+02  7.283943e+01  6.325000e+01
   endloop
 endfacet
 facet normal -9.974974e-01  7.070302e-02  7.389396e-17
   outer loop
     vertex  1.637696e+02  7.368520e+01  6.325000e+01
     vertex  1.637696e+02  7.368520e+01  3.900000e+01
     vertex  1.637389e+02  7.325235e+01  6.325000e+01
   endloop
 endfacet
 facet normal -9.854323e-01 -1.700682e-01 -2.890212e-15
   outer loop
     vertex  1.636958e+02  7.411281e+01  6.325000e+01
     vertex  1.636958e+02  7.411281e+01  3.900000e+01
     vertex  1.637696e+02  7.368520e+01  3.900000e+01
   endloop
 endfacet
 facet normal -9.854323e-01 -1.700682e-01 -4.145063e-15
   outer loop
     vertex  1.636958e+02  7.411281e+01  6.325000e+01
     vertex  1.637696e+02  7.368520e+01  3.900000e+01
     vertex  1.637696e+02  7.368520e+01  6.325000e+01
   endloop
 endfacet
 facet normal  6.165558e-01  2.698529e-01  7.396204e-01
   outer loop
     vertex  1.596283e+02  7.145301e+01  6.462500e+01
     vertex  1.576141e+02  7.228649e+01  6.600000e+01
     vertex  1.580539e+02  7.128164e+01  6.600000e+01
   endloop
 endfacet
 facet normal  5.654794e-01  4.336582e-01  7.015509e-01
   outer loop
     vertex  1.596283e+02  7.145301e+01  6.462500e+01
     vertex  1.580539e+02  7.128164e+01  6.600000e+01
     vertex  1.587214e+02  7.041124e+01  6.600000e+01
   endloop
 endfacet
 facet normal  4.410094e-01  5.510656e-01  7.084048e-01
   outer loop
     vertex  1.596283e+02  7.145301e+01  6.462500e+01
     vertex  1.587214e+02  7.041124e+01  6.600000e+01
     vertex  1.595778e+02  6.972587e+01  6.600000e+01
   endloop
 endfacet
 facet normal  6.227536e-01  3.533710e-01  6.980737e-01
   outer loop
     vertex  1.596283e+02  7.145301e+01  6.462500e+01
     vertex  1.602479e+02  7.307742e+01  6.325000e+01
     vertex  1.576141e+02  7.228649e+01  6.600000e+01
   endloop
 endfacet
 facet normal  6.855235e-01  3.000386e-01  6.633509e-01
   outer loop
     vertex  1.596283e+02  7.145301e+01  6.462500e+01
     vertex  1.604219e+02  7.267989e+01  6.325000e+01
     vertex  1.602479e+02  7.307742e+01  6.325000e+01
   endloop
 endfacet
 facet normal  5.608386e-01  4.300993e-01  7.074424e-01
   outer loop
     vertex  1.596283e+02  7.145301e+01  6.462500e+01
     vertex  1.606860e+02  7.233556e+01  6.325000e+01
     vertex  1.604219e+02  7.267989e+01  6.325000e+01
   endloop
 endfacet
 facet normal  4.458749e-01  5.571453e-01  7.005603e-01
   outer loop
     vertex  1.596283e+02  7.145301e+01  6.462500e+01
     vertex  1.610248e+02  7.206442e+01  6.325000e+01
     vertex  1.606860e+02  7.233556e+01  6.325000e+01
   endloop
 endfacet
 facet normal  2.999997e-01  6.485573e-01  6.995525e-01
   outer loop
     vertex  1.607898e+02  7.064834e+01  6.462500e+01
     vertex  1.595778e+02  6.972587e+01  6.600000e+01
     vertex  1.605733e+02  6.926537e+01  6.600000e+01
   endloop
 endfacet
 facet normal  1.334846e-01  6.881648e-01  7.131697e-01
   outer loop
     vertex  1.607898e+02  7.064834e+01  6.462500e+01
     vertex  1.605733e+02  6.926537e+01  6.600000e+01
     vertex  1.616502e+02  6.905650e+01  6.600000e+01
   endloop
 endfacet
 facet normal  2.959060e-01  6.397072e-01  7.093760e-01
   outer loop
     vertex  1.607898e+02  7.064834e+01  6.462500e+01
     vertex  1.614186e+02  7.188225e+01  6.325000e+01
     vertex  1.610248e+02  7.206442e+01  6.325000e+01
   endloop
 endfacet
 facet normal  1.368173e-01  7.053466e-01  6.955338e-01
   outer loop
     vertex  1.607898e+02  7.064834e+01  6.462500e+01
     vertex  1.618446e+02  7.179962e+01  6.325000e+01
     vertex  1.614186e+02  7.188225e+01  6.325000e+01
   endloop
 endfacet
 facet normal  3.920646e-01  5.659239e-01  7.252692e-01
   outer loop
     vertex  1.607898e+02  7.064834e+01  6.462500e+01
     vertex  1.596283e+02  7.145301e+01  6.462500e+01
     vertex  1.595778e+02  6.972587e+01  6.600000e+01
   endloop
 endfacet
 facet normal  4.141373e-01  5.977845e-01  6.863993e-01
   outer loop
     vertex  1.607898e+02  7.064834e+01  6.462500e+01
     vertex  1.610248e+02  7.206442e+01  6.325000e+01
     vertex  1.596283e+02  7.145301e+01  6.462500e+01
   endloop
 endfacet
 facet normal -3.581223e-02  7.146680e-01  6.985464e-01
   outer loop
     vertex  1.621855e+02  7.042731e+01  6.462500e+01
     vertex  1.616502e+02  6.905650e+01  6.600000e+01
     vertex  1.627457e+02  6.911140e+01  6.600000e+01
   endloop
 endfacet
 facet normal -3.522651e-02  7.029793e-01  7.103374e-01
   outer loop
     vertex  1.621855e+02  7.042731e+01  6.462500e+01
     vertex  1.622780e+02  7.182133e+01  6.325000e+01
     vertex  1.618446e+02  7.179962e+01  6.325000e+01
   endloop
 endfacet
 facet normal -2.083445e-01  6.937945e-01  6.893778e-01
   outer loop
     vertex  1.621855e+02  7.042731e+01  6.462500e+01
     vertex  1.626936e+02  7.194614e+01  6.325000e+01
     vertex  1.622780e+02  7.182133e+01  6.325000e+01
   endloop
 endfacet
 facet normal  1.081176e-01  6.826720e-01  7.226822e-01
   outer loop
     vertex  1.621855e+02  7.042731e+01  6.462500e+01
     vertex  1.607898e+02  7.064834e+01  6.462500e+01
     vertex  1.616502e+02  6.905650e+01  6.600000e+01
   endloop
 endfacet
 facet normal  1.135789e-01  7.171556e-01  6.875956e-01
   outer loop
     vertex  1.621855e+02  7.042731e+01  6.462500e+01
     vertex  1.618446e+02  7.179962e+01  6.325000e+01
     vertex  1.607898e+02  7.064834e+01  6.462500e+01
   endloop
 endfacet
 facet normal -1.999661e-01  6.658942e-01  7.187479e-01
   outer loop
     vertex  1.635388e+02  7.083370e+01  6.462500e+01
     vertex  1.627457e+02  6.911140e+01  6.600000e+01
     vertex  1.637962e+02  6.942687e+01  6.600000e+01
   endloop
 endfacet
 facet normal -3.638329e-01  6.161643e-01  6.985464e-01
   outer loop
     vertex  1.635388e+02  7.083370e+01  6.462500e+01
     vertex  1.637962e+02  6.942687e+01  6.600000e+01
     vertex  1.647407e+02  6.998459e+01  6.600000e+01
   endloop
 endfacet
 facet normal -3.578823e-01  6.060867e-01  7.103374e-01
   outer loop
     vertex  1.635388e+02  7.083370e+01  6.462500e+01
     vertex  1.630672e+02  7.216677e+01  6.325000e+01
     vertex  1.626936e+02  7.194614e+01  6.325000e+01
   endloop
 endfacet
 facet normal -2.083445e-01  6.937945e-01  6.893778e-01
   outer loop
     vertex  1.635388e+02  7.083370e+01  6.462500e+01
     vertex  1.626936e+02  7.194614e+01  6.325000e+01
     vertex  1.621855e+02  7.042731e+01  6.462500e+01
   endloop
 endfacet
 facet normal -1.999661e-01  6.658942e-01  7.187479e-01
   outer loop
     vertex  1.635388e+02  7.083370e+01  6.462500e+01
     vertex  1.621855e+02  7.042731e+01  6.462500e+01
     vertex  1.627457e+02  6.911140e+01  6.600000e+01
   endloop
 endfacet
 facet normal -4.905207e-01  5.007778e-01  7.131697e-01
   outer loop
     vertex  1.645817e+02  7.178703e+01  6.462500e+01
     vertex  1.647407e+02  6.998459e+01  6.600000e+01
     vertex  1.655243e+02  7.075213e+01  6.600000e+01
   endloop
 endfacet
 facet normal -6.076676e-01  3.759873e-01  6.995525e-01
   outer loop
     vertex  1.645817e+02  7.178703e+01  6.462500e+01
     vertex  1.655243e+02  7.075213e+01  6.600000e+01
     vertex  1.661015e+02  7.168490e+01  6.600000e+01
   endloop
 endfacet
 facet normal -5.027677e-01  5.132810e-01  6.955338e-01
   outer loop
     vertex  1.645817e+02  7.178703e+01  6.462500e+01
     vertex  1.633772e+02  7.247042e+01  6.325000e+01
     vertex  1.630672e+02  7.216677e+01  6.325000e+01
   endloop
 endfacet
 facet normal -5.993755e-01  3.708567e-01  7.093760e-01
   outer loop
     vertex  1.645817e+02  7.178703e+01  6.462500e+01
     vertex  1.636055e+02  7.283943e+01  6.325000e+01
     vertex  1.633772e+02  7.247042e+01  6.325000e+01
   endloop
 endfacet
 facet normal -4.663243e-01  5.101687e-01  7.226822e-01
   outer loop
     vertex  1.645817e+02  7.178703e+01  6.462500e+01
     vertex  1.635388e+02  7.083370e+01  6.462500e+01
     vertex  1.647407e+02  6.998459e+01  6.600000e+01
   endloop
 endfacet
 facet normal -4.898795e-01  5.359387e-01  6.875956e-01
   outer loop
     vertex  1.645817e+02  7.178703e+01  6.462500e+01
     vertex  1.630672e+02  7.216677e+01  6.325000e+01
     vertex  1.635388e+02  7.083370e+01  6.462500e+01
   endloop
 endfacet
 facet normal -6.716394e-01  2.169404e-01  7.084048e-01
   outer loop
     vertex  1.651078e+02  7.309846e+01  6.462500e+01
     vertex  1.661015e+02  7.168490e+01  6.600000e+01
     vertex  1.664386e+02  7.272869e+01  6.600000e+01
   endloop
 endfacet
 facet normal -7.108360e-01  5.038434e-02  7.015509e-01
   outer loop
     vertex  1.651078e+02  7.309846e+01  6.462500e+01
     vertex  1.664386e+02  7.272869e+01  6.600000e+01
     vertex  1.665161e+02  7.382283e+01  6.600000e+01
   endloop
 endfacet
 facet normal -6.632198e-01 -1.144601e-01  7.396204e-01
   outer loop
     vertex  1.651078e+02  7.309846e+01  6.462500e+01
     vertex  1.665161e+02  7.382283e+01  6.600000e+01
     vertex  1.663296e+02  7.490373e+01  6.600000e+01
   endloop
 endfacet
 facet normal -6.790493e-01  2.193338e-01  7.005603e-01
   outer loop
     vertex  1.651078e+02  7.309846e+01  6.462500e+01
     vertex  1.637389e+02  7.325235e+01  6.325000e+01
     vertex  1.636055e+02  7.283943e+01  6.325000e+01
   endloop
 endfacet
 facet normal -7.050023e-01  4.997085e-02  7.074424e-01
   outer loop
     vertex  1.651078e+02  7.309846e+01  6.462500e+01
     vertex  1.637696e+02  7.368520e+01  6.325000e+01
     vertex  1.637389e+02  7.325235e+01  6.325000e+01
   endloop
 endfacet
 facet normal -7.374073e-01 -1.272635e-01  6.633509e-01
   outer loop
     vertex  1.651078e+02  7.309846e+01  6.462500e+01
     vertex  1.636958e+02  7.411281e+01  6.325000e+01
     vertex  1.637696e+02  7.368520e+01  6.325000e+01
   endloop
 endfacet
 facet normal -7.144036e-01 -4.817356e-02  6.980737e-01
   outer loop
     vertex  1.651078e+02  7.309846e+01  6.462500e+01
     vertex  1.663296e+02  7.490373e+01  6.600000e+01
     vertex  1.636958e+02  7.411281e+01  6.325000e+01
   endloop
 endfacet
 facet normal -6.389776e-01  2.563048e-01  7.252692e-01
   outer loop
     vertex  1.651078e+02  7.309846e+01  6.462500e+01
     vertex  1.645817e+02  7.178703e+01  6.462500e+01
     vertex  1.661015e+02  7.168490e+01  6.600000e+01
   endloop
 endfacet
 facet normal -6.749510e-01  2.707344e-01  6.863993e-01
   outer loop
     vertex  1.651078e+02  7.309846e+01  6.462500e+01
     vertex  1.636055e+02  7.283943e+01  6.325000e+01
     vertex  1.645817e+02  7.178703e+01  6.462500e+01
   endloop
 endfacet
 facet normal -5.256923e-01  8.506748e-01  1.665450e-14
   outer loop
     vertex  1.776600e+02  9.061971e+01  5.800000e+01
     vertex  1.807486e+02  9.252833e+01  5.800000e+01
     vertex  1.807486e+02  9.252833e+01  4.550000e+01
   endloop
 endfacet
 facet normal -5.256923e-01  8.506748e-01  1.786426e-14
   outer loop
     vertex  1.776600e+02  9.061971e+01  5.800000e+01
     vertex  1.807486e+02  9.252833e+01  4.550000e+01
     vertex  1.776600e+02  9.061971e+01  4.550000e+01
   endloop
 endfacet
 facet normal  6.243970e-01 -7.811072e-01 -1.331862e-14
   outer loop
     vertex  1.844676e+02  8.787586e+01  5.800000e+01
     vertex  1.839027e+02  8.742428e+01  5.800000e+01
     vertex  1.839027e+02  8.742428e+01  4.550000e+01
   endloop
 endfacet
 facet normal  7.931843e-01 -6.089816e-01 -1.288080e-14
   outer loop
     vertex  1.844676e+02  8.787586e+01  5.800000e+01
     vertex  1.844676e+02  8.787586e+01  4.550000e+01
     vertex  1.849081e+02  8.844951e+01  4.550000e+01
   endloop
 endfacet
 facet normal  6.243970e-01 -7.811072e-01 -1.562797e-14
   outer loop
     vertex  1.844676e+02  8.787586e+01  5.800000e+01
     vertex  1.839027e+02  8.742428e+01  4.550000e+01
     vertex  1.844676e+02  8.787586e+01  4.550000e+01
   endloop
 endfacet
 facet normal  7.931843e-01 -6.089816e-01 -1.149614e-14
   outer loop
     vertex  1.849081e+02  8.844951e+01  5.800000e+01
     vertex  1.844676e+02  8.787586e+01  5.800000e+01
     vertex  1.849081e+02  8.844951e+01  4.550000e+01
   endloop
 endfacet
 facet normal  9.853377e-01 -1.706153e-01 -2.715541e-15
   outer loop
     vertex  1.851984e+02  8.911189e+01  5.800000e+01
     vertex  1.851984e+02  8.911189e+01  4.550000e+01
     vertex  1.853218e+02  8.982450e+01  4.550000e+01
   endloop
 endfacet
 facet normal  9.158747e-01 -4.014643e-01 -6.389769e-15
   outer loop
     vertex  1.851984e+02  8.911189e+01  5.800000e+01
     vertex  1.849081e+02  8.844951e+01  4.550000e+01
     vertex  1.851984e+02  8.911189e+01  4.550000e+01
   endloop
 endfacet
 facet normal  9.158747e-01 -4.014643e-01 -8.470742e-15
   outer loop
     vertex  1.851984e+02  8.911189e+01  5.800000e+01
     vertex  1.849081e+02  8.844951e+01  5.800000e+01
     vertex  1.849081e+02  8.844951e+01  4.550000e+01
   endloop
 endfacet
 facet normal  9.853377e-01 -1.706153e-01 -2.909508e-15
   outer loop
     vertex  1.853218e+02  8.982450e+01  5.800000e+01
     vertex  1.851984e+02  8.911189e+01  5.800000e+01
     vertex  1.853218e+02  8.982450e+01  4.550000e+01
   endloop
 endfacet
 facet normal  9.975365e-01  7.014918e-02  1.196256e-15
   outer loop
     vertex  1.852711e+02  9.054594e+01  5.800000e+01
     vertex  1.853218e+02  8.982450e+01  4.550000e+01
     vertex  1.852711e+02  9.054594e+01  4.550000e+01
   endloop
 endfacet
 facet normal  9.975365e-01  7.014918e-02  1.196619e-15
   outer loop
     vertex  1.852711e+02  9.054594e+01  5.800000e+01
     vertex  1.853218e+02  8.982450e+01  5.800000e+01
     vertex  1.853218e+02  8.982450e+01  4.550000e+01
   endloop
 endfacet
 facet normal  9.517621e-01  3.068369e-01  2.719608e-15
   outer loop
     vertex  1.850492e+02  9.123428e+01  5.800000e+01
     vertex  1.852711e+02  9.054594e+01  4.550000e+01
     vertex  1.850492e+02  9.123428e+01  4.550000e+01
   endloop
 endfacet
 facet normal  9.517621e-01  3.068369e-01  5.234728e-15
   outer loop
     vertex  1.850492e+02  9.123428e+01  5.800000e+01
     vertex  1.852711e+02  9.054594e+01  5.800000e+01
     vertex  1.852711e+02  9.054594e+01  4.550000e+01
   endloop
 endfacet
 facet normal  7.001493e-01  7.139965e-01  1.217580e-14
   outer loop
     vertex  1.846690e+02  9.184950e+01  5.800000e+01
     vertex  1.846690e+02  9.184950e+01  4.550000e+01
     vertex  1.841526e+02  9.235586e+01  4.550000e+01
   endloop
 endfacet
 facet normal  8.506748e-01  5.256923e-01  8.964645e-15
   outer loop
     vertex  1.846690e+02  9.184950e+01  5.800000e+01
     vertex  1.850492e+02  9.123428e+01  4.550000e+01
     vertex  1.846690e+02  9.184950e+01  4.550000e+01
   endloop
 endfacet
 facet normal  8.506748e-01  5.256923e-01  6.432115e-15
   outer loop
     vertex  1.846690e+02  9.184950e+01  5.800000e+01
     vertex  1.850492e+02  9.123428e+01  5.800000e+01
     vertex  1.850492e+02  9.123428e+01  4.550000e+01
   endloop
 endfacet
 facet normal  7.001493e-01  7.139965e-01  1.139557e-14
   outer loop
     vertex  1.841526e+02  9.235586e+01  5.800000e+01
     vertex  1.846690e+02  9.184950e+01  5.800000e+01
     vertex  1.841526e+02  9.235586e+01  4.550000e+01
   endloop
 endfacet
 facet normal  5.089337e-01  8.608057e-01  1.254354e-14
   outer loop
     vertex  1.835300e+02  9.272393e+01  5.800000e+01
     vertex  1.841526e+02  9.235586e+01  4.550000e+01
     vertex  1.835300e+02  9.272393e+01  4.550000e+01
   endloop
 endfacet
 facet normal  5.089337e-01  8.608057e-01  1.450066e-14
   outer loop
     vertex  1.835300e+02  9.272393e+01  5.800000e+01
     vertex  1.841526e+02  9.235586e+01  5.800000e+01
     vertex  1.841526e+02  9.235586e+01  4.550000e+01
   endloop
 endfacet
 facet normal  2.881407e-01  9.575881e-01  1.458597e-14
   outer loop
     vertex  1.828375e+02  9.293232e+01  5.800000e+01
     vertex  1.835300e+02  9.272393e+01  4.550000e+01
     vertex  1.828375e+02  9.293232e+01  4.550000e+01
   endloop
 endfacet
 facet normal  2.881407e-01  9.575881e-01  1.458662e-14
   outer loop
     vertex  1.828375e+02  9.293232e+01  5.800000e+01
     vertex  1.835300e+02  9.272393e+01  5.800000e+01
     vertex  1.835300e+02  9.272393e+01  4.550000e+01
   endloop
 endfacet
 facet normal  5.060202e-02  9.987189e-01  1.691612e-14
   outer loop
     vertex  1.821152e+02  9.296892e+01  5.800000e+01
     vertex  1.828375e+02  9.293232e+01  4.550000e+01
     vertex  1.821152e+02  9.296892e+01  4.550000e+01
   endloop
 endfacet
 facet normal  5.060202e-02  9.987189e-01  1.578056e-14
   outer loop
     vertex  1.821152e+02  9.296892e+01  5.800000e+01
     vertex  1.828375e+02  9.293232e+01  5.800000e+01
     vertex  1.828375e+02  9.293232e+01  4.550000e+01
   endloop
 endfacet
 facet normal -1.898775e-01  9.818078e-01  1.605834e-14
   outer loop
     vertex  1.814051e+02  9.283160e+01  5.800000e+01
     vertex  1.821152e+02  9.296892e+01  4.550000e+01
     vertex  1.814051e+02  9.283160e+01  4.550000e+01
   endloop
 endfacet
 facet normal -1.898775e-01  9.818078e-01  1.717482e-14
   outer loop
     vertex  1.814051e+02  9.283160e+01  5.800000e+01
     vertex  1.821152e+02  9.296892e+01  5.800000e+01
     vertex  1.821152e+02  9.296892e+01  4.550000e+01
   endloop
 endfacet
 facet normal -4.193219e-01  9.078376e-01  1.746690e-14
   outer loop
     vertex  1.807486e+02  9.252833e+01  5.800000e+01
     vertex  1.814051e+02  9.283160e+01  4.550000e+01
     vertex  1.807486e+02  9.252833e+01  4.550000e+01
   endloop
 endfacet
 facet normal -4.193219e-01  9.078376e-01  1.540330e-14
   outer loop
     vertex  1.807486e+02  9.252833e+01  5.800000e+01
     vertex  1.814051e+02  9.283160e+01  5.800000e+01
     vertex  1.814051e+02  9.283160e+01  4.550000e+01
   endloop
 endfacet
 facet normal  5.256923e-01 -8.506748e-01 -1.450174e-14
   outer loop
     vertex  1.808142e+02  8.551566e+01  5.800000e+01
     vertex  1.839027e+02  8.742428e+01  4.550000e+01
     vertex  1.839027e+02  8.742428e+01  5.800000e+01
   endloop
 endfacet
 facet normal  5.256923e-01 -8.506748e-01 -1.353947e-14
   outer loop
     vertex  1.808142e+02  8.551566e+01  5.800000e+01
     vertex  1.808142e+02  8.551566e+01  4.550000e+01
     vertex  1.839027e+02  8.742428e+01  4.550000e+01
   endloop
 endfacet
endsolid
